detector,gps_start,family,aux_channel,max_coherence,peak_freq,significant,data_available,note,dsd_class,dsd_score,taxonomy_representation
H1,1369305276,Singleton_1369305276,H1:CAL-PCALX_RX_PD_OUT_DQ,,,False,False,Fetch failed from nds.gwosc.org,ROBUST,0.4300166964530945,idxq4-64_queryq4-64
H1,1369305276,Singleton_1369305276,H1:CAL-PCALY_RX_PD_OUT_DQ,0.3834116445217695,180.0,False,True,,ROBUST,0.4300166964530945,idxq4-64_queryq4-64
H1,1369305276,Singleton_1369305276,H1:IMC-WFS_A_DC_PIT_OUT_DQ,,,False,False,Fetch failed from nds.gwosc.org,ROBUST,0.4300166964530945,idxq4-64_queryq4-64
H1,1369305276,Singleton_1369305276,H1:IMC-WFS_A_DC_YAW_OUT_DQ,,,False,False,Fetch failed from nds.gwosc.org,ROBUST,0.4300166964530945,idxq4-64_queryq4-64
H1,1369305276,Singleton_1369305276,H1:LSC-POP_A_LF_OUT_DQ,0.9871703681789477,20.0,True,True,,ROBUST,0.4300166964530945,idxq4-64_queryq4-64
H1,1369305276,Singleton_1369305276,H1:LSC-REFL_A_RIN_OUT_DQ,,,False,False,Fetch failed from nds.gwosc.org,ROBUST,0.4300166964530945,idxq4-64_queryq4-64
H1,1369305276,Singleton_1369305276,H1:SUS-ETMX_L1_CAL_LINE_OUT_DQ,0.2923421151824903,48.5,False,True,,ROBUST,0.4300166964530945,idxq4-64_queryq4-64
H1,1369305276,Singleton_1369305276,H1:SUS-ETMX_L2_CAL_LINE_OUT_DQ,0.2423157461874364,134.0,False,True,,ROBUST,0.4300166964530945,idxq4-64_queryq4-64
H1,1369305276,Singleton_1369305276,H1:SUS-ETMX_L3_CAL_LINE_OUT_DQ,0.2702644915825977,48.5,False,True,,ROBUST,0.4300166964530945,idxq4-64_queryq4-64
H1,1372736092,Family_01,H1:CAL-PCALX_RX_PD_OUT_DQ,0.1847079621682503,476.5,False,True,,BACKGROUND,0.1199751496315002,idxq4-64_queryq4-64
H1,1372736092,Family_01,H1:CAL-PCALY_RX_PD_OUT_DQ,0.2875344932330918,298.0,False,True,,BACKGROUND,0.1199751496315002,idxq4-64_queryq4-64
H1,1372736092,Family_01,H1:IMC-WFS_A_DC_PIT_OUT_DQ,0.3628724999460117,122.0,False,True,,BACKGROUND,0.1199751496315002,idxq4-64_queryq4-64
H1,1372736092,Family_01,H1:IMC-WFS_A_DC_YAW_OUT_DQ,0.4001601512859991,122.0,False,True,,BACKGROUND,0.1199751496315002,idxq4-64_queryq4-64
H1,1372736092,Family_01,H1:LSC-POP_A_LF_OUT_DQ,0.2362287872045032,163.5,False,True,,BACKGROUND,0.1199751496315002,idxq4-64_queryq4-64
H1,1372736092,Family_01,H1:LSC-REFL_A_RIN_OUT_DQ,0.5415399210022835,179.5,False,True,,BACKGROUND,0.1199751496315002,idxq4-64_queryq4-64
H1,1372736092,Family_01,H1:SUS-ETMX_L1_CAL_LINE_OUT_DQ,0.2625279243408762,204.5,False,True,,BACKGROUND,0.1199751496315002,idxq4-64_queryq4-64
H1,1372736092,Family_01,H1:SUS-ETMX_L2_CAL_LINE_OUT_DQ,0.2398355834711164,204.5,False,True,,BACKGROUND,0.1199751496315002,idxq4-64_queryq4-64
H1,1372736092,Family_01,H1:SUS-ETMX_L3_CAL_LINE_OUT_DQ,0.1856403472321287,242.5,False,True,,BACKGROUND,0.1199751496315002,idxq4-64_queryq4-64
H1,1374963452,Family_01,H1:CAL-PCALX_RX_PD_OUT_DQ,0.1997088444978854,373.0,False,True,,ROBUST,0.5625473260879517,idxq4-64_queryq4-64
H1,1374963452,Family_01,H1:CAL-PCALY_RX_PD_OUT_DQ,0.9439552020471496,25.0,True,True,,ROBUST,0.5625473260879517,idxq4-64_queryq4-64
H1,1374963452,Family_01,H1:IMC-WFS_A_DC_PIT_OUT_DQ,0.6469302901780727,177.0,False,True,,ROBUST,0.5625473260879517,idxq4-64_queryq4-64
H1,1374963452,Family_01,H1:IMC-WFS_A_DC_YAW_OUT_DQ,0.6891315485301723,177.0,False,True,,ROBUST,0.5625473260879517,idxq4-64_queryq4-64
H1,1374963452,Family_01,H1:LSC-POP_A_LF_OUT_DQ,0.314107190645045,180.0,False,True,,ROBUST,0.5625473260879517,idxq4-64_queryq4-64
H1,1374963452,Family_01,H1:LSC-REFL_A_RIN_OUT_DQ,0.9129297192475936,180.0,True,True,,ROBUST,0.5625473260879517,idxq4-64_queryq4-64
H1,1374963452,Family_01,H1:SUS-ETMX_L1_CAL_LINE_OUT_DQ,0.1736115673093969,183.5,False,True,,ROBUST,0.5625473260879517,idxq4-64_queryq4-64
H1,1374963452,Family_01,H1:SUS-ETMX_L2_CAL_LINE_OUT_DQ,0.2087018374047166,145.0,False,True,,ROBUST,0.5625473260879517,idxq4-64_queryq4-64
H1,1374963452,Family_01,H1:SUS-ETMX_L3_CAL_LINE_OUT_DQ,0.1822896313696088,193.5,False,True,,ROBUST,0.5625473260879517,idxq4-64_queryq4-64
H1,1377509376,Family_01,H1:CAL-PCALX_RX_PD_OUT_DQ,0.2441688194357664,180.0,False,True,,BACKGROUND,0.0493034869432449,idxq4-64_queryq4-64
H1,1377509376,Family_01,H1:CAL-PCALY_RX_PD_OUT_DQ,0.2151027136651732,306.0,False,True,,BACKGROUND,0.0493034869432449,idxq4-64_queryq4-64
H1,1377509376,Family_01,H1:IMC-WFS_A_DC_PIT_OUT_DQ,0.7494213622167809,177.0,False,True,,BACKGROUND,0.0493034869432449,idxq4-64_queryq4-64
H1,1377509376,Family_01,H1:IMC-WFS_A_DC_YAW_OUT_DQ,0.7548423831875786,177.0,False,True,,BACKGROUND,0.0493034869432449,idxq4-64_queryq4-64
H1,1377509376,Family_01,H1:LSC-POP_A_LF_OUT_DQ,0.3087637973736298,180.0,False,True,,BACKGROUND,0.0493034869432449,idxq4-64_queryq4-64
H1,1377509376,Family_01,H1:LSC-REFL_A_RIN_OUT_DQ,0.6771684927892594,180.0,True,True,,BACKGROUND,0.0493034869432449,idxq4-64_queryq4-64
H1,1377509376,Family_01,H1:SUS-ETMX_L1_CAL_LINE_OUT_DQ,0.2538855091980717,204.5,False,True,,BACKGROUND,0.0493034869432449,idxq4-64_queryq4-64
H1,1377509376,Family_01,H1:SUS-ETMX_L2_CAL_LINE_OUT_DQ,0.2572400284122635,106.5,False,True,,BACKGROUND,0.0493034869432449,idxq4-64_queryq4-64
H1,1377509376,Family_01,H1:SUS-ETMX_L3_CAL_LINE_OUT_DQ,0.1927555752773829,67.5,False,True,,BACKGROUND,0.0493034869432449,idxq4-64_queryq4-64
L1,1382955228,Singleton_1382955228,L1:ASC-X_TR_A_NSUM_OUT_DQ,0.4784850756301909,180.0,False,True,,ROBUST,0.5988767743110657,idxq4-64_queryq4-64
L1,1382955228,Singleton_1382955228,L1:CAL-PCALX_RX_PD_OUT_DQ,0.199666452881632,180.0,False,True,,ROBUST,0.5988767743110657,idxq4-64_queryq4-64
L1,1382955228,Singleton_1382955228,L1:CAL-PCALY_RX_PD_OUT_DQ,0.2385398484664106,486.5,False,True,,ROBUST,0.5988767743110657,idxq4-64_queryq4-64
L1,1382955228,Singleton_1382955228,L1:IMC-WFS_B_I_PIT_OUT_DQ,0.4118783652187289,335.0,False,True,,ROBUST,0.5988767743110657,idxq4-64_queryq4-64
L1,1382955228,Singleton_1382955228,L1:SUS-ETMX_L1_CAL_LINE_OUT_DQ,0.2676208432787338,20.0,False,True,,ROBUST,0.5988767743110657,idxq4-64_queryq4-64
L1,1382955228,Singleton_1382955228,L1:SUS-ETMX_L2_CAL_LINE_OUT_DQ,0.2675452496106849,20.0,False,True,,ROBUST,0.5988767743110657,idxq4-64_queryq4-64
L1,1382955228,Singleton_1382955228,L1:SUS-ETMX_L3_CAL_LINE_OUT_DQ,0.2272777348859676,20.0,False,True,,ROBUST,0.5988767743110657,idxq4-64_queryq4-64
L1,1370926300,Family_01,L1:ASC-X_TR_A_NSUM_OUT_DQ,0.2856110897686357,480.5,False,True,,ROBUST,0.219608873128891,idxq4-64_queryq4-64
L1,1370926300,Family_01,L1:CAL-PCALX_RX_PD_OUT_DQ,0.232624309331547,123.5,False,True,,ROBUST,0.219608873128891,idxq4-64_queryq4-64
L1,1370926300,Family_01,L1:CAL-PCALY_RX_PD_OUT_DQ,0.485613790701181,20.5,False,True,,ROBUST,0.219608873128891,idxq4-64_queryq4-64
L1,1370926300,Family_01,L1:IMC-WFS_B_I_PIT_OUT_DQ,0.1954855453222707,269.0,False,True,,ROBUST,0.219608873128891,idxq4-64_queryq4-64
L1,1370926300,Family_01,L1:SUS-ETMX_L1_CAL_LINE_OUT_DQ,0.3081083874667083,20.5,False,True,,ROBUST,0.219608873128891,idxq4-64_queryq4-64
L1,1370926300,Family_01,L1:SUS-ETMX_L2_CAL_LINE_OUT_DQ,0.3202343328056055,20.5,False,True,,ROBUST,0.219608873128891,idxq4-64_queryq4-64
L1,1370926300,Family_01,L1:SUS-ETMX_L3_CAL_LINE_OUT_DQ,0.2337195930105323,256.0,False,True,,ROBUST,0.219608873128891,idxq4-64_queryq4-64
L1,1383918620,Family_01,L1:ASC-X_TR_A_NSUM_OUT_DQ,0.2953906479897052,300.0,False,True,,ROBUST,0.2772253155708313,idxq4-64_queryq4-64
L1,1383918620,Family_01,L1:CAL-PCALX_RX_PD_OUT_DQ,0.2789516838920219,36.5,False,True,,ROBUST,0.2772253155708313,idxq4-64_queryq4-64
L1,1383918620,Family_01,L1:CAL-PCALY_RX_PD_OUT_DQ,0.3692208410671151,21.0,False,True,,ROBUST,0.2772253155708313,idxq4-64_queryq4-64
L1,1383918620,Family_01,L1:IMC-WFS_B_I_PIT_OUT_DQ,0.2311521235230497,60.0,False,True,,ROBUST,0.2772253155708313,idxq4-64_queryq4-64
L1,1383918620,Family_01,L1:SUS-ETMX_L1_CAL_LINE_OUT_DQ,0.2086384325082108,87.5,False,True,,ROBUST,0.2772253155708313,idxq4-64_queryq4-64
L1,1383918620,Family_01,L1:SUS-ETMX_L2_CAL_LINE_OUT_DQ,0.2017688367574795,175.0,False,True,,ROBUST,0.2772253155708313,idxq4-64_queryq4-64
L1,1383918620,Family_01,L1:SUS-ETMX_L3_CAL_LINE_OUT_DQ,0.2408962113372611,20.0,False,True,,ROBUST,0.2772253155708313,idxq4-64_queryq4-64
L1,1382968796,Family_01,L1:ASC-X_TR_A_NSUM_OUT_DQ,0.5841486498510264,180.0,False,True,,ROBUST,0.3423391580581665,idxq4-64_queryq4-64
L1,1382968796,Family_01,L1:CAL-PCALX_RX_PD_OUT_DQ,0.2296602329474681,91.0,False,True,,ROBUST,0.3423391580581665,idxq4-64_queryq4-64
L1,1382968796,Family_01,L1:CAL-PCALY_RX_PD_OUT_DQ,0.5968994615761042,20.0,False,True,,ROBUST,0.3423391580581665,idxq4-64_queryq4-64
L1,1382968796,Family_01,L1:IMC-WFS_B_I_PIT_OUT_DQ,0.3408488595523438,360.0,False,True,,ROBUST,0.3423391580581665,idxq4-64_queryq4-64
L1,1382968796,Family_01,L1:SUS-ETMX_L1_CAL_LINE_OUT_DQ,0.6516042006478626,20.5,True,True,,ROBUST,0.3423391580581665,idxq4-64_queryq4-64
L1,1382968796,Family_01,L1:SUS-ETMX_L2_CAL_LINE_OUT_DQ,0.7026100715608912,20.0,True,True,,ROBUST,0.3423391580581665,idxq4-64_queryq4-64
L1,1382968796,Family_01,L1:SUS-ETMX_L3_CAL_LINE_OUT_DQ,0.4992688659353029,20.5,False,True,,ROBUST,0.3423391580581665,idxq4-64_queryq4-64
H1,1388414492,Family_01,H1:CAL-PCALX_RX_PD_OUT_DQ,0.1982891173013994,296.0,False,True,,ROBUST,0.3899151384830475,idxq4-64_queryq4-64
H1,1388414492,Family_01,H1:CAL-PCALY_RX_PD_OUT_DQ,0.2333240135323386,31.0,False,True,,ROBUST,0.3899151384830475,idxq4-64_queryq4-64
H1,1388414492,Family_01,H1:IMC-WFS_A_DC_PIT_OUT_DQ,0.4103657162606769,180.0,False,True,,ROBUST,0.3899151384830475,idxq4-64_queryq4-64
H1,1388414492,Family_01,H1:IMC-WFS_A_DC_YAW_OUT_DQ,0.5927858315782214,60.0,False,True,,ROBUST,0.3899151384830475,idxq4-64_queryq4-64
H1,1388414492,Family_01,H1:LSC-POP_A_LF_OUT_DQ,0.3668953221819303,60.0,False,True,,ROBUST,0.3899151384830475,idxq4-64_queryq4-64
H1,1388414492,Family_01,H1:LSC-REFL_A_RIN_OUT_DQ,0.6091877298708277,60.0,True,True,,ROBUST,0.3899151384830475,idxq4-64_queryq4-64
H1,1388414492,Family_01,H1:SUS-ETMX_L1_CAL_LINE_OUT_DQ,0.2678888484448044,208.5,False,True,,ROBUST,0.3899151384830475,idxq4-64_queryq4-64
H1,1388414492,Family_01,H1:SUS-ETMX_L2_CAL_LINE_OUT_DQ,0.1938303886667211,248.5,False,True,,ROBUST,0.3899151384830475,idxq4-64_queryq4-64
H1,1388414492,Family_01,H1:SUS-ETMX_L3_CAL_LINE_OUT_DQ,0.2310383727845393,120.0,False,True,,ROBUST,0.3899151384830475,idxq4-64_queryq4-64
L1,1373813628,Family_01,L1:ASC-X_TR_A_NSUM_OUT_DQ,0.6728328581199392,180.0,True,True,,ROBUST,0.406109869480133,idxq4-64_queryq4-64
L1,1373813628,Family_01,L1:CAL-PCALX_RX_PD_OUT_DQ,0.2671230619400212,180.0,False,True,,ROBUST,0.406109869480133,idxq4-64_queryq4-64
L1,1373813628,Family_01,L1:CAL-PCALY_RX_PD_OUT_DQ,0.2109624735935034,106.5,False,True,,ROBUST,0.406109869480133,idxq4-64_queryq4-64
L1,1373813628,Family_01,L1:IMC-WFS_B_I_PIT_OUT_DQ,0.3918217808457168,60.0,False,True,,ROBUST,0.406109869480133,idxq4-64_queryq4-64
L1,1373813628,Family_01,L1:SUS-ETMX_L1_CAL_LINE_OUT_DQ,0.2051558592737707,246.5,False,True,,ROBUST,0.406109869480133,idxq4-64_queryq4-64
L1,1373813628,Family_01,L1:SUS-ETMX_L2_CAL_LINE_OUT_DQ,0.1925769458722507,160.0,False,True,,ROBUST,0.406109869480133,idxq4-64_queryq4-64
L1,1373813628,Family_01,L1:SUS-ETMX_L3_CAL_LINE_OUT_DQ,0.1941803608207595,220.5,False,True,,ROBUST,0.406109869480133,idxq4-64_queryq4-64
L1,1370953084,Family_01,L1:ASC-X_TR_A_NSUM_OUT_DQ,0.8067898157774646,20.0,True,True,,ROBUST,0.4129555523395538,idxq4-64_queryq4-64
L1,1370953084,Family_01,L1:CAL-PCALX_RX_PD_OUT_DQ,0.3131354874212568,228.5,False,True,,ROBUST,0.4129555523395538,idxq4-64_queryq4-64
L1,1370953084,Family_01,L1:CAL-PCALY_RX_PD_OUT_DQ,0.2150840711890036,368.0,False,True,,ROBUST,0.4129555523395538,idxq4-64_queryq4-64
L1,1370953084,Family_01,L1:IMC-WFS_B_I_PIT_OUT_DQ,0.2122117189139349,229.0,False,True,,ROBUST,0.4129555523395538,idxq4-64_queryq4-64
L1,1370953084,Family_01,L1:SUS-ETMX_L1_CAL_LINE_OUT_DQ,0.1109239315136981,177.5,False,True,,ROBUST,0.4129555523395538,idxq4-64_queryq4-64
L1,1370953084,Family_01,L1:SUS-ETMX_L2_CAL_LINE_OUT_DQ,0.1069285308070765,229.0,False,True,,ROBUST,0.4129555523395538,idxq4-64_queryq4-64
L1,1370953084,Family_01,L1:SUS-ETMX_L3_CAL_LINE_OUT_DQ,0.1135844323791033,199.5,False,True,,ROBUST,0.4129555523395538,idxq4-64_queryq4-64
H1,1370330876,Family_01,H1:CAL-PCALX_RX_PD_OUT_DQ,,,False,False,Fetch failed from nds.gwosc.org,ROBUST,0.4171993732452392,idxq4-64_queryq4-64
H1,1370330876,Family_01,H1:CAL-PCALY_RX_PD_OUT_DQ,0.2547138106989348,165.5,False,True,,ROBUST,0.4171993732452392,idxq4-64_queryq4-64
H1,1370330876,Family_01,H1:IMC-WFS_A_DC_PIT_OUT_DQ,,,False,False,Fetch failed from nds.gwosc.org,ROBUST,0.4171993732452392,idxq4-64_queryq4-64
H1,1370330876,Family_01,H1:IMC-WFS_A_DC_YAW_OUT_DQ,,,False,False,Fetch failed from nds.gwosc.org,ROBUST,0.4171993732452392,idxq4-64_queryq4-64
H1,1370330876,Family_01,H1:LSC-POP_A_LF_OUT_DQ,0.4887508548611274,60.0,False,True,,ROBUST,0.4171993732452392,idxq4-64_queryq4-64
H1,1370330876,Family_01,H1:LSC-REFL_A_RIN_OUT_DQ,,,False,False,Fetch failed from nds.gwosc.org,ROBUST,0.4171993732452392,idxq4-64_queryq4-64
H1,1370330876,Family_01,H1:SUS-ETMX_L1_CAL_LINE_OUT_DQ,0.1081554123426748,224.5,False,True,,ROBUST,0.4171993732452392,idxq4-64_queryq4-64
H1,1370330876,Family_01,H1:SUS-ETMX_L2_CAL_LINE_OUT_DQ,0.1059649946846148,187.0,False,True,,ROBUST,0.4171993732452392,idxq4-64_queryq4-64
H1,1370330876,Family_01,H1:SUS-ETMX_L3_CAL_LINE_OUT_DQ,0.0833782352747788,193.5,False,True,,ROBUST,0.4171993732452392,idxq4-64_queryq4-64
L1,1383719836,Family_01,L1:ASC-X_TR_A_NSUM_OUT_DQ,0.2450525134533001,468.0,False,True,,ROBUST,0.4212601482868194,idxq4-64_queryq4-64
L1,1383719836,Family_01,L1:CAL-PCALX_RX_PD_OUT_DQ,0.2540144512313552,30.0,False,True,,ROBUST,0.4212601482868194,idxq4-64_queryq4-64
L1,1383719836,Family_01,L1:CAL-PCALY_RX_PD_OUT_DQ,0.2110036307463588,468.5,False,True,,ROBUST,0.4212601482868194,idxq4-64_queryq4-64
L1,1383719836,Family_01,L1:IMC-WFS_B_I_PIT_OUT_DQ,0.4981739683686761,60.0,False,True,,ROBUST,0.4212601482868194,idxq4-64_queryq4-64
L1,1383719836,Family_01,L1:SUS-ETMX_L1_CAL_LINE_OUT_DQ,0.2028269610116769,218.5,False,True,,ROBUST,0.4212601482868194,idxq4-64_queryq4-64
L1,1383719836,Family_01,L1:SUS-ETMX_L2_CAL_LINE_OUT_DQ,0.1741434616824873,229.0,False,True,,ROBUST,0.4212601482868194,idxq4-64_queryq4-64
L1,1383719836,Family_01,L1:SUS-ETMX_L3_CAL_LINE_OUT_DQ,0.203774348522897,215.5,False,True,,ROBUST,0.4212601482868194,idxq4-64_queryq4-64
L1,1379439132,Family_01,L1:ASC-X_TR_A_NSUM_OUT_DQ,0.4153675543591885,54.5,False,True,,ROBUST,0.42450812458992,idxq4-64_queryq4-64
L1,1379439132,Family_01,L1:CAL-PCALX_RX_PD_OUT_DQ,0.2007115123254481,209.5,False,True,,ROBUST,0.42450812458992,idxq4-64_queryq4-64
L1,1379439132,Family_01,L1:CAL-PCALY_RX_PD_OUT_DQ,0.2541858010688764,470.5,False,True,,ROBUST,0.42450812458992,idxq4-64_queryq4-64
L1,1379439132,Family_01,L1:IMC-WFS_B_I_PIT_OUT_DQ,0.2973197033355035,416.0,False,True,,ROBUST,0.42450812458992,idxq4-64_queryq4-64
L1,1379439132,Family_01,L1:SUS-ETMX_L1_CAL_LINE_OUT_DQ,0.1383632383693021,237.5,False,True,,ROBUST,0.42450812458992,idxq4-64_queryq4-64
L1,1379439132,Family_01,L1:SUS-ETMX_L2_CAL_LINE_OUT_DQ,0.1273974125154865,240.5,False,True,,ROBUST,0.42450812458992,idxq4-64_queryq4-64
L1,1379439132,Family_01,L1:SUS-ETMX_L3_CAL_LINE_OUT_DQ,0.1418678523052955,112.0,False,True,,ROBUST,0.42450812458992,idxq4-64_queryq4-64
H1,1377857596,Family_01,H1:CAL-PCALX_RX_PD_OUT_DQ,0.3844696927404851,180.0,False,True,,ROBUST,0.4278451800346374,idxq4-64_queryq4-64
H1,1377857596,Family_01,H1:CAL-PCALY_RX_PD_OUT_DQ,0.2113929563323932,110.5,False,True,,ROBUST,0.4278451800346374,idxq4-64_queryq4-64
H1,1377857596,Family_01,H1:IMC-WFS_A_DC_PIT_OUT_DQ,0.6067497459767958,122.0,False,True,,ROBUST,0.4278451800346374,idxq4-64_queryq4-64
H1,1377857596,Family_01,H1:IMC-WFS_A_DC_YAW_OUT_DQ,0.6322294025077522,122.0,False,True,,ROBUST,0.4278451800346374,idxq4-64_queryq4-64
H1,1377857596,Family_01,H1:LSC-POP_A_LF_OUT_DQ,0.2658961631549553,124.5,False,True,,ROBUST,0.4278451800346374,idxq4-64_queryq4-64
H1,1377857596,Family_01,H1:LSC-REFL_A_RIN_OUT_DQ,0.6371949473380087,180.0,True,True,,ROBUST,0.4278451800346374,idxq4-64_queryq4-64
H1,1377857596,Family_01,H1:SUS-ETMX_L1_CAL_LINE_OUT_DQ,0.2022720702243394,181.0,False,True,,ROBUST,0.4278451800346374,idxq4-64_queryq4-64
H1,1377857596,Family_01,H1:SUS-ETMX_L2_CAL_LINE_OUT_DQ,0.1816526972991573,221.0,False,True,,ROBUST,0.4278451800346374,idxq4-64_queryq4-64
H1,1377857596,Family_01,H1:SUS-ETMX_L3_CAL_LINE_OUT_DQ,0.1506499509175171,211.0,False,True,,ROBUST,0.4278451800346374,idxq4-64_queryq4-64
L1,1377439420,Family_01,L1:ASC-X_TR_A_NSUM_OUT_DQ,0.2243137068085386,60.0,False,True,,ROBUST,0.430944949388504,idxq4-64_queryq4-64
L1,1377439420,Family_01,L1:CAL-PCALX_RX_PD_OUT_DQ,0.2537430714947156,211.5,False,True,,ROBUST,0.430944949388504,idxq4-64_queryq4-64
L1,1377439420,Family_01,L1:CAL-PCALY_RX_PD_OUT_DQ,0.4007305516249124,435.0,False,True,,ROBUST,0.430944949388504,idxq4-64_queryq4-64
L1,1377439420,Family_01,L1:IMC-WFS_B_I_PIT_OUT_DQ,0.3307852458154097,300.0,False,True,,ROBUST,0.430944949388504,idxq4-64_queryq4-64
L1,1377439420,Family_01,L1:SUS-ETMX_L1_CAL_LINE_OUT_DQ,0.2702865113642157,256.0,False,True,,ROBUST,0.430944949388504,idxq4-64_queryq4-64
L1,1377439420,Family_01,L1:SUS-ETMX_L2_CAL_LINE_OUT_DQ,0.2523216253605191,250.5,False,True,,ROBUST,0.430944949388504,idxq4-64_queryq4-64
L1,1377439420,Family_01,L1:SUS-ETMX_L3_CAL_LINE_OUT_DQ,0.2500746147114608,41.0,False,True,,ROBUST,0.430944949388504,idxq4-64_queryq4-64
H1,1383979004,Family_01,H1:CAL-PCALX_RX_PD_OUT_DQ,0.212718772689403,128.0,False,True,,ROBUST,0.4341764152050018,idxq4-64_queryq4-64
H1,1383979004,Family_01,H1:CAL-PCALY_RX_PD_OUT_DQ,0.2609226486662024,180.0,False,True,,ROBUST,0.4341764152050018,idxq4-64_queryq4-64
H1,1383979004,Family_01,H1:IMC-WFS_A_DC_PIT_OUT_DQ,0.2877093879371025,180.0,False,True,,ROBUST,0.4341764152050018,idxq4-64_queryq4-64
H1,1383979004,Family_01,H1:IMC-WFS_A_DC_YAW_OUT_DQ,0.5481130199114488,30.0,False,True,,ROBUST,0.4341764152050018,idxq4-64_queryq4-64
H1,1383979004,Family_01,H1:LSC-POP_A_LF_OUT_DQ,0.445725290792626,180.0,False,True,,ROBUST,0.4341764152050018,idxq4-64_queryq4-64
H1,1383979004,Family_01,H1:LSC-REFL_A_RIN_OUT_DQ,0.6833172742523412,180.0,True,True,,ROBUST,0.4341764152050018,idxq4-64_queryq4-64
H1,1383979004,Family_01,H1:SUS-ETMX_L1_CAL_LINE_OUT_DQ,0.3324147278157943,235.5,False,True,,ROBUST,0.4341764152050018,idxq4-64_queryq4-64
H1,1383979004,Family_01,H1:SUS-ETMX_L2_CAL_LINE_OUT_DQ,0.2769721587074019,136.5,False,True,,ROBUST,0.4341764152050018,idxq4-64_queryq4-64
H1,1383979004,Family_01,H1:SUS-ETMX_L3_CAL_LINE_OUT_DQ,0.2021171913904254,66.5,False,True,,ROBUST,0.4341764152050018,idxq4-64_queryq4-64
L1,1389011516,Family_01,L1:ASC-X_TR_A_NSUM_OUT_DQ,0.8433816957536837,180.0,True,True,,ROBUST,0.4373535215854645,idxq4-64_queryq4-64
L1,1389011516,Family_01,L1:CAL-PCALX_RX_PD_OUT_DQ,0.2625147295813474,286.5,False,True,,ROBUST,0.4373535215854645,idxq4-64_queryq4-64
L1,1389011516,Family_01,L1:CAL-PCALY_RX_PD_OUT_DQ,0.3803961772295267,180.0,False,True,,ROBUST,0.4373535215854645,idxq4-64_queryq4-64
L1,1389011516,Family_01,L1:IMC-WFS_B_I_PIT_OUT_DQ,0.2784503485536011,27.5,False,True,,ROBUST,0.4373535215854645,idxq4-64_queryq4-64
L1,1389011516,Family_01,L1:SUS-ETMX_L1_CAL_LINE_OUT_DQ,0.2522738785570065,252.0,False,True,,ROBUST,0.4373535215854645,idxq4-64_queryq4-64
L1,1389011516,Family_01,L1:SUS-ETMX_L2_CAL_LINE_OUT_DQ,0.2925881900649272,28.5,False,True,,ROBUST,0.4373535215854645,idxq4-64_queryq4-64
L1,1389011516,Family_01,L1:SUS-ETMX_L3_CAL_LINE_OUT_DQ,0.2035856190318367,218.0,False,True,,ROBUST,0.4373535215854645,idxq4-64_queryq4-64
H1,1374464092,Family_01,H1:CAL-PCALX_RX_PD_OUT_DQ,0.1812096537292118,210.0,False,True,,ROBUST,0.4406278431415558,idxq4-64_queryq4-64
H1,1374464092,Family_01,H1:CAL-PCALY_RX_PD_OUT_DQ,0.6532817776585776,24.5,True,True,,ROBUST,0.4406278431415558,idxq4-64_queryq4-64
H1,1374464092,Family_01,H1:IMC-WFS_A_DC_PIT_OUT_DQ,0.3431058450428928,180.0,False,True,,ROBUST,0.4406278431415558,idxq4-64_queryq4-64
H1,1374464092,Family_01,H1:IMC-WFS_A_DC_YAW_OUT_DQ,0.3308298657783347,180.0,False,True,,ROBUST,0.4406278431415558,idxq4-64_queryq4-64
H1,1374464092,Family_01,H1:LSC-POP_A_LF_OUT_DQ,0.5484957754130182,23.0,False,True,,ROBUST,0.4406278431415558,idxq4-64_queryq4-64
H1,1374464092,Family_01,H1:LSC-REFL_A_RIN_OUT_DQ,0.5038093080972503,180.0,False,True,,ROBUST,0.4406278431415558,idxq4-64_queryq4-64
H1,1374464092,Family_01,H1:SUS-ETMX_L1_CAL_LINE_OUT_DQ,0.1478768772118006,250.0,False,True,,ROBUST,0.4406278431415558,idxq4-64_queryq4-64
H1,1374464092,Family_01,H1:SUS-ETMX_L2_CAL_LINE_OUT_DQ,0.1192470843884829,169.0,False,True,,ROBUST,0.4406278431415558,idxq4-64_queryq4-64
H1,1374464092,Family_01,H1:SUS-ETMX_L3_CAL_LINE_OUT_DQ,0.1566324003750632,251.0,False,True,,ROBUST,0.4406278431415558,idxq4-64_queryq4-64
L1,1375260316,Family_01,L1:ASC-X_TR_A_NSUM_OUT_DQ,0.3360063871595778,180.0,False,True,,ROBUST,0.4438816010951996,idxq4-64_queryq4-64
L1,1375260316,Family_01,L1:CAL-PCALX_RX_PD_OUT_DQ,0.1996876578540593,258.0,False,True,,ROBUST,0.4438816010951996,idxq4-64_queryq4-64
L1,1375260316,Family_01,L1:CAL-PCALY_RX_PD_OUT_DQ,0.21019079073307,307.5,False,True,,ROBUST,0.4438816010951996,idxq4-64_queryq4-64
L1,1375260316,Family_01,L1:IMC-WFS_B_I_PIT_OUT_DQ,0.2221719313830669,316.0,False,True,,ROBUST,0.4438816010951996,idxq4-64_queryq4-64
L1,1375260316,Family_01,L1:SUS-ETMX_L1_CAL_LINE_OUT_DQ,0.2056336163844456,20.0,False,True,,ROBUST,0.4438816010951996,idxq4-64_queryq4-64
L1,1375260316,Family_01,L1:SUS-ETMX_L2_CAL_LINE_OUT_DQ,0.1859109216350181,234.5,False,True,,ROBUST,0.4438816010951996,idxq4-64_queryq4-64
L1,1375260316,Family_01,L1:SUS-ETMX_L3_CAL_LINE_OUT_DQ,0.2007931571355212,20.0,False,True,,ROBUST,0.4438816010951996,idxq4-64_queryq4-64
L1,1376689244,Family_01,L1:ASC-X_TR_A_NSUM_OUT_DQ,0.4397652117132163,180.0,False,True,,ROBUST,0.4478968977928161,idxq4-64_queryq4-64
L1,1376689244,Family_01,L1:CAL-PCALX_RX_PD_OUT_DQ,0.2516169224777158,488.5,False,True,,ROBUST,0.4478968977928161,idxq4-64_queryq4-64
L1,1376689244,Family_01,L1:CAL-PCALY_RX_PD_OUT_DQ,0.1845303632472556,84.0,False,True,,ROBUST,0.4478968977928161,idxq4-64_queryq4-64
L1,1376689244,Family_01,L1:IMC-WFS_B_I_PIT_OUT_DQ,0.2484702037628256,377.5,False,True,,ROBUST,0.4478968977928161,idxq4-64_queryq4-64
L1,1376689244,Family_01,L1:SUS-ETMX_L1_CAL_LINE_OUT_DQ,0.1671910439688374,229.5,False,True,,ROBUST,0.4478968977928161,idxq4-64_queryq4-64
L1,1376689244,Family_01,L1:SUS-ETMX_L2_CAL_LINE_OUT_DQ,0.2108353525513247,242.0,False,True,,ROBUST,0.4478968977928161,idxq4-64_queryq4-64
L1,1376689244,Family_01,L1:SUS-ETMX_L3_CAL_LINE_OUT_DQ,0.1578165209727859,161.5,False,True,,ROBUST,0.4478968977928161,idxq4-64_queryq4-64
L1,1388678172,Family_01,L1:ASC-X_TR_A_NSUM_OUT_DQ,0.533203801752813,180.0,False,True,,ROBUST,0.4524491131305694,idxq4-64_queryq4-64
L1,1388678172,Family_01,L1:CAL-PCALX_RX_PD_OUT_DQ,0.2194753338907406,493.5,False,True,,ROBUST,0.4524491131305694,idxq4-64_queryq4-64
L1,1388678172,Family_01,L1:CAL-PCALY_RX_PD_OUT_DQ,0.311199373828838,180.0,False,True,,ROBUST,0.4524491131305694,idxq4-64_queryq4-64
L1,1388678172,Family_01,L1:IMC-WFS_B_I_PIT_OUT_DQ,0.2469905351518807,321.5,False,True,,ROBUST,0.4524491131305694,idxq4-64_queryq4-64
L1,1388678172,Family_01,L1:SUS-ETMX_L1_CAL_LINE_OUT_DQ,0.2084315245450675,185.5,False,True,,ROBUST,0.4524491131305694,idxq4-64_queryq4-64
L1,1388678172,Family_01,L1:SUS-ETMX_L2_CAL_LINE_OUT_DQ,0.1855352965736923,127.0,False,True,,ROBUST,0.4524491131305694,idxq4-64_queryq4-64
L1,1388678172,Family_01,L1:SUS-ETMX_L3_CAL_LINE_OUT_DQ,0.2156764962547634,109.0,False,True,,ROBUST,0.4524491131305694,idxq4-64_queryq4-64
H1,1370219516,Family_01,H1:CAL-PCALX_RX_PD_OUT_DQ,,,False,False,Fetch failed from nds.gwosc.org,ROBUST,0.4582412242889404,idxq4-64_queryq4-64
H1,1370219516,Family_01,H1:CAL-PCALY_RX_PD_OUT_DQ,0.2029429089644839,180.0,False,True,,ROBUST,0.4582412242889404,idxq4-64_queryq4-64
H1,1370219516,Family_01,H1:IMC-WFS_A_DC_PIT_OUT_DQ,,,False,False,Fetch failed from nds.gwosc.org,ROBUST,0.4582412242889404,idxq4-64_queryq4-64
H1,1370219516,Family_01,H1:IMC-WFS_A_DC_YAW_OUT_DQ,,,False,False,Fetch failed from nds.gwosc.org,ROBUST,0.4582412242889404,idxq4-64_queryq4-64
H1,1370219516,Family_01,H1:LSC-POP_A_LF_OUT_DQ,0.9157941446308422,21.5,True,True,,ROBUST,0.4582412242889404,idxq4-64_queryq4-64
H1,1370219516,Family_01,H1:LSC-REFL_A_RIN_OUT_DQ,,,False,False,Fetch failed from nds.gwosc.org,ROBUST,0.4582412242889404,idxq4-64_queryq4-64
H1,1370219516,Family_01,H1:SUS-ETMX_L1_CAL_LINE_OUT_DQ,0.137495944730093,228.5,False,True,,ROBUST,0.4582412242889404,idxq4-64_queryq4-64
H1,1370219516,Family_01,H1:SUS-ETMX_L2_CAL_LINE_OUT_DQ,0.1555854306407599,187.0,False,True,,ROBUST,0.4582412242889404,idxq4-64_queryq4-64
H1,1370219516,Family_01,H1:SUS-ETMX_L3_CAL_LINE_OUT_DQ,0.1330132273167979,252.0,False,True,,ROBUST,0.4582412242889404,idxq4-64_queryq4-64
H1,1372441852,Family_01,H1:CAL-PCALX_RX_PD_OUT_DQ,0.4849817271561424,21.0,False,True,,ROBUST,0.4666833877563476,idxq4-64_queryq4-64
H1,1372441852,Family_01,H1:CAL-PCALY_RX_PD_OUT_DQ,0.5403921978485807,20.5,False,True,,ROBUST,0.4666833877563476,idxq4-64_queryq4-64
H1,1372441852,Family_01,H1:IMC-WFS_A_DC_PIT_OUT_DQ,0.2445530565467013,320.0,False,True,,ROBUST,0.4666833877563476,idxq4-64_queryq4-64
H1,1372441852,Family_01,H1:IMC-WFS_A_DC_YAW_OUT_DQ,0.1980697200088264,353.0,False,True,,ROBUST,0.4666833877563476,idxq4-64_queryq4-64
H1,1372441852,Family_01,H1:LSC-POP_A_LF_OUT_DQ,0.2338103758785886,131.0,False,True,,ROBUST,0.4666833877563476,idxq4-64_queryq4-64
H1,1372441852,Family_01,H1:LSC-REFL_A_RIN_OUT_DQ,0.1975538079898953,343.0,False,True,,ROBUST,0.4666833877563476,idxq4-64_queryq4-64
H1,1372441852,Family_01,H1:SUS-ETMX_L1_CAL_LINE_OUT_DQ,0.7642254489812029,33.0,True,True,,ROBUST,0.4666833877563476,idxq4-64_queryq4-64
H1,1372441852,Family_01,H1:SUS-ETMX_L2_CAL_LINE_OUT_DQ,0.080586370941933,243.5,False,True,,ROBUST,0.4666833877563476,idxq4-64_queryq4-64
H1,1372441852,Family_01,H1:SUS-ETMX_L3_CAL_LINE_OUT_DQ,0.7064177834691235,34.0,True,True,,ROBUST,0.4666833877563476,idxq4-64_queryq4-64
H1,1376545820,Family_01,H1:CAL-PCALX_RX_PD_OUT_DQ,0.1797145467417829,491.0,False,True,,ROBUST,0.4781690537929535,idxq4-64_queryq4-64
H1,1376545820,Family_01,H1:CAL-PCALY_RX_PD_OUT_DQ,0.250130730951211,180.0,False,True,,ROBUST,0.4781690537929535,idxq4-64_queryq4-64
H1,1376545820,Family_01,H1:IMC-WFS_A_DC_PIT_OUT_DQ,0.3330700134474257,180.0,False,True,,ROBUST,0.4781690537929535,idxq4-64_queryq4-64
H1,1376545820,Family_01,H1:IMC-WFS_A_DC_YAW_OUT_DQ,0.2987715713514743,180.0,False,True,,ROBUST,0.4781690537929535,idxq4-64_queryq4-64
H1,1376545820,Family_01,H1:LSC-POP_A_LF_OUT_DQ,0.7647860358814188,38.5,True,True,,ROBUST,0.4781690537929535,idxq4-64_queryq4-64
H1,1376545820,Family_01,H1:LSC-REFL_A_RIN_OUT_DQ,0.4597723379868843,180.0,False,True,,ROBUST,0.4781690537929535,idxq4-64_queryq4-64
H1,1376545820,Family_01,H1:SUS-ETMX_L1_CAL_LINE_OUT_DQ,0.0781516131098298,179.5,False,True,,ROBUST,0.4781690537929535,idxq4-64_queryq4-64
H1,1376545820,Family_01,H1:SUS-ETMX_L2_CAL_LINE_OUT_DQ,0.0752101015350077,201.5,False,True,,ROBUST,0.4781690537929535,idxq4-64_queryq4-64
H1,1376545820,Family_01,H1:SUS-ETMX_L3_CAL_LINE_OUT_DQ,0.0526064472940723,116.5,False,True,,ROBUST,0.4781690537929535,idxq4-64_queryq4-64
H1,1374142108,Family_01,H1:CAL-PCALX_RX_PD_OUT_DQ,0.2923440006830542,29.0,False,True,,AMBIGUOUS,0.13800710439682,idxq4-64_queryq4-64
H1,1374142108,Family_01,H1:CAL-PCALY_RX_PD_OUT_DQ,0.1981124342306058,180.0,False,True,,AMBIGUOUS,0.13800710439682,idxq4-64_queryq4-64
H1,1374142108,Family_01,H1:IMC-WFS_A_DC_PIT_OUT_DQ,0.4086507618198207,121.0,False,True,,AMBIGUOUS,0.13800710439682,idxq4-64_queryq4-64
H1,1374142108,Family_01,H1:IMC-WFS_A_DC_YAW_OUT_DQ,0.529979048665921,60.5,False,True,,AMBIGUOUS,0.13800710439682,idxq4-64_queryq4-64
H1,1374142108,Family_01,H1:LSC-POP_A_LF_OUT_DQ,0.2981506679228068,283.5,False,True,,AMBIGUOUS,0.13800710439682,idxq4-64_queryq4-64
H1,1374142108,Family_01,H1:LSC-REFL_A_RIN_OUT_DQ,0.7209324890729493,180.0,True,True,,AMBIGUOUS,0.13800710439682,idxq4-64_queryq4-64
H1,1374142108,Family_01,H1:SUS-ETMX_L1_CAL_LINE_OUT_DQ,0.2319587288520112,188.5,False,True,,AMBIGUOUS,0.13800710439682,idxq4-64_queryq4-64
H1,1374142108,Family_01,H1:SUS-ETMX_L2_CAL_LINE_OUT_DQ,0.2716574589140382,188.5,False,True,,AMBIGUOUS,0.13800710439682,idxq4-64_queryq4-64
H1,1374142108,Family_01,H1:SUS-ETMX_L3_CAL_LINE_OUT_DQ,0.1831474214330271,118.0,False,True,,AMBIGUOUS,0.13800710439682,idxq4-64_queryq4-64
H1,1379923932,Family_01,H1:CAL-PCALX_RX_PD_OUT_DQ,0.2469855505249132,53.5,False,True,,AMBIGUOUS,0.1440875679254531,idxq4-64_queryq4-64
H1,1379923932,Family_01,H1:CAL-PCALY_RX_PD_OUT_DQ,0.3169721546039402,180.0,False,True,,AMBIGUOUS,0.1440875679254531,idxq4-64_queryq4-64
H1,1379923932,Family_01,H1:IMC-WFS_A_DC_PIT_OUT_DQ,0.7654690631233422,121.5,False,True,,AMBIGUOUS,0.1440875679254531,idxq4-64_queryq4-64
H1,1379923932,Family_01,H1:IMC-WFS_A_DC_YAW_OUT_DQ,0.7729382030577399,121.5,False,True,,AMBIGUOUS,0.1440875679254531,idxq4-64_queryq4-64
H1,1379923932,Family_01,H1:LSC-POP_A_LF_OUT_DQ,0.3180452145543997,455.5,False,True,,AMBIGUOUS,0.1440875679254531,idxq4-64_queryq4-64
H1,1379923932,Family_01,H1:LSC-REFL_A_RIN_OUT_DQ,0.8151546094100948,180.0,True,True,,AMBIGUOUS,0.1440875679254531,idxq4-64_queryq4-64
H1,1379923932,Family_01,H1:SUS-ETMX_L1_CAL_LINE_OUT_DQ,0.1688789403292682,111.5,False,True,,AMBIGUOUS,0.1440875679254531,idxq4-64_queryq4-64
H1,1379923932,Family_01,H1:SUS-ETMX_L2_CAL_LINE_OUT_DQ,0.2265811512098067,67.5,False,True,,AMBIGUOUS,0.1440875679254531,idxq4-64_queryq4-64
H1,1379923932,Family_01,H1:SUS-ETMX_L3_CAL_LINE_OUT_DQ,0.2164882207519998,217.5,False,True,,AMBIGUOUS,0.1440875679254531,idxq4-64_queryq4-64
H1,1381814428,Family_01,H1:CAL-PCALX_RX_PD_OUT_DQ,0.2245290418584632,233.0,False,True,,AMBIGUOUS,0.1507640331983566,idxq4-64_queryq4-64
H1,1381814428,Family_01,H1:CAL-PCALY_RX_PD_OUT_DQ,0.2221145745421006,492.0,False,True,,AMBIGUOUS,0.1507640331983566,idxq4-64_queryq4-64
H1,1381814428,Family_01,H1:IMC-WFS_A_DC_PIT_OUT_DQ,0.4841561186307436,180.0,False,True,,AMBIGUOUS,0.1507640331983566,idxq4-64_queryq4-64
H1,1381814428,Family_01,H1:IMC-WFS_A_DC_YAW_OUT_DQ,0.5473896819245837,180.0,False,True,,AMBIGUOUS,0.1507640331983566,idxq4-64_queryq4-64
H1,1381814428,Family_01,H1:LSC-POP_A_LF_OUT_DQ,0.2380042946001611,426.5,False,True,,AMBIGUOUS,0.1507640331983566,idxq4-64_queryq4-64
H1,1381814428,Family_01,H1:LSC-REFL_A_RIN_OUT_DQ,0.6088653222997585,180.0,True,True,,AMBIGUOUS,0.1507640331983566,idxq4-64_queryq4-64
H1,1381814428,Family_01,H1:SUS-ETMX_L1_CAL_LINE_OUT_DQ,0.2389733878373655,194.0,False,True,,AMBIGUOUS,0.1507640331983566,idxq4-64_queryq4-64
H1,1381814428,Family_01,H1:SUS-ETMX_L2_CAL_LINE_OUT_DQ,0.2297538013766938,240.5,False,True,,AMBIGUOUS,0.1507640331983566,idxq4-64_queryq4-64
H1,1381814428,Family_01,H1:SUS-ETMX_L3_CAL_LINE_OUT_DQ,0.2567150634928022,113.0,False,True,,AMBIGUOUS,0.1507640331983566,idxq4-64_queryq4-64
L1,1378761340,Family_01,L1:ASC-X_TR_A_NSUM_OUT_DQ,0.369826621609674,317.0,False,True,,AMBIGUOUS,0.1543441414833068,idxq4-64_queryq4-64
L1,1378761340,Family_01,L1:CAL-PCALX_RX_PD_OUT_DQ,0.1902930386636334,458.0,False,True,,AMBIGUOUS,0.1543441414833068,idxq4-64_queryq4-64
L1,1378761340,Family_01,L1:CAL-PCALY_RX_PD_OUT_DQ,0.2080786607547315,366.0,False,True,,AMBIGUOUS,0.1543441414833068,idxq4-64_queryq4-64
L1,1378761340,Family_01,L1:IMC-WFS_B_I_PIT_OUT_DQ,0.2596944753232423,300.0,False,True,,AMBIGUOUS,0.1543441414833068,idxq4-64_queryq4-64
L1,1378761340,Family_01,L1:SUS-ETMX_L1_CAL_LINE_OUT_DQ,0.1796190678781999,223.0,False,True,,AMBIGUOUS,0.1543441414833068,idxq4-64_queryq4-64
L1,1378761340,Family_01,L1:SUS-ETMX_L2_CAL_LINE_OUT_DQ,0.2250923164761727,114.5,False,True,,AMBIGUOUS,0.1543441414833068,idxq4-64_queryq4-64
L1,1378761340,Family_01,L1:SUS-ETMX_L3_CAL_LINE_OUT_DQ,0.2262464637237357,247.5,False,True,,AMBIGUOUS,0.1543441414833068,idxq4-64_queryq4-64
L1,1378967996,Family_01,L1:ASC-X_TR_A_NSUM_OUT_DQ,0.2312169262983118,146.5,False,True,,AMBIGUOUS,0.1584947556257248,idxq4-64_queryq4-64
L1,1378967996,Family_01,L1:CAL-PCALX_RX_PD_OUT_DQ,0.2489038810353658,349.5,False,True,,AMBIGUOUS,0.1584947556257248,idxq4-64_queryq4-64
L1,1378967996,Family_01,L1:CAL-PCALY_RX_PD_OUT_DQ,0.2860629045537388,21.0,False,True,,AMBIGUOUS,0.1584947556257248,idxq4-64_queryq4-64
L1,1378967996,Family_01,L1:IMC-WFS_B_I_PIT_OUT_DQ,0.6981954032842543,60.0,False,True,,AMBIGUOUS,0.1584947556257248,idxq4-64_queryq4-64
L1,1378967996,Family_01,L1:SUS-ETMX_L1_CAL_LINE_OUT_DQ,0.2571684739716298,20.5,False,True,,AMBIGUOUS,0.1584947556257248,idxq4-64_queryq4-64
L1,1378967996,Family_01,L1:SUS-ETMX_L2_CAL_LINE_OUT_DQ,0.2907504827635911,20.0,False,True,,AMBIGUOUS,0.1584947556257248,idxq4-64_queryq4-64
L1,1378967996,Family_01,L1:SUS-ETMX_L3_CAL_LINE_OUT_DQ,0.2801062223498665,144.0,False,True,,AMBIGUOUS,0.1584947556257248,idxq4-64_queryq4-64
L1,1378009564,Family_01,L1:ASC-X_TR_A_NSUM_OUT_DQ,0.2641163620291014,300.0,False,True,,AMBIGUOUS,0.1616334319114685,idxq4-64_queryq4-64
L1,1378009564,Family_01,L1:CAL-PCALX_RX_PD_OUT_DQ,0.2773369273135344,277.5,False,True,,AMBIGUOUS,0.1616334319114685,idxq4-64_queryq4-64
L1,1378009564,Family_01,L1:CAL-PCALY_RX_PD_OUT_DQ,0.1792292841129273,319.0,False,True,,AMBIGUOUS,0.1616334319114685,idxq4-64_queryq4-64
L1,1378009564,Family_01,L1:IMC-WFS_B_I_PIT_OUT_DQ,0.3960596375039114,300.0,False,True,,AMBIGUOUS,0.1616334319114685,idxq4-64_queryq4-64
L1,1378009564,Family_01,L1:SUS-ETMX_L1_CAL_LINE_OUT_DQ,0.2742570519786013,20.5,False,True,,AMBIGUOUS,0.1616334319114685,idxq4-64_queryq4-64
L1,1378009564,Family_01,L1:SUS-ETMX_L2_CAL_LINE_OUT_DQ,0.2688084245768586,20.5,False,True,,AMBIGUOUS,0.1616334319114685,idxq4-64_queryq4-64
L1,1378009564,Family_01,L1:SUS-ETMX_L3_CAL_LINE_OUT_DQ,0.2467964812622473,20.5,False,True,,AMBIGUOUS,0.1616334319114685,idxq4-64_queryq4-64
L1,1369271388,Family_01,L1:ASC-X_TR_A_NSUM_OUT_DQ,0.2417300394591758,118.5,False,True,,AMBIGUOUS,0.1648580282926559,idxq4-64_queryq4-64
L1,1369271388,Family_01,L1:CAL-PCALX_RX_PD_OUT_DQ,0.7913687673340918,21.0,True,True,,AMBIGUOUS,0.1648580282926559,idxq4-64_queryq4-64
L1,1369271388,Family_01,L1:CAL-PCALY_RX_PD_OUT_DQ,0.239279495842392,121.0,False,True,,AMBIGUOUS,0.1648580282926559,idxq4-64_queryq4-64
L1,1369271388,Family_01,L1:IMC-WFS_B_I_PIT_OUT_DQ,0.7462732544460728,60.0,False,True,,AMBIGUOUS,0.1648580282926559,idxq4-64_queryq4-64
L1,1369271388,Family_01,L1:SUS-ETMX_L1_CAL_LINE_OUT_DQ,0.9440567981084504,20.5,True,True,,AMBIGUOUS,0.1648580282926559,idxq4-64_queryq4-64
L1,1369271388,Family_01,L1:SUS-ETMX_L2_CAL_LINE_OUT_DQ,0.9416687179155844,20.5,True,True,,AMBIGUOUS,0.1648580282926559,idxq4-64_queryq4-64
L1,1369271388,Family_01,L1:SUS-ETMX_L3_CAL_LINE_OUT_DQ,0.9408570954559372,20.5,True,True,,AMBIGUOUS,0.1648580282926559,idxq4-64_queryq4-64
H1,1379116124,Family_01,H1:CAL-PCALX_RX_PD_OUT_DQ,0.2230441117432268,47.0,False,True,,AMBIGUOUS,0.1688074022531509,idxq4-64_queryq4-64
H1,1379116124,Family_01,H1:CAL-PCALY_RX_PD_OUT_DQ,0.354159738864392,180.0,False,True,,AMBIGUOUS,0.1688074022531509,idxq4-64_queryq4-64
H1,1379116124,Family_01,H1:IMC-WFS_A_DC_PIT_OUT_DQ,0.6559472691197279,180.0,False,True,,AMBIGUOUS,0.1688074022531509,idxq4-64_queryq4-64
H1,1379116124,Family_01,H1:IMC-WFS_A_DC_YAW_OUT_DQ,0.7420735152659724,180.0,False,True,,AMBIGUOUS,0.1688074022531509,idxq4-64_queryq4-64
H1,1379116124,Family_01,H1:LSC-POP_A_LF_OUT_DQ,0.2828882466340919,68.0,False,True,,AMBIGUOUS,0.1688074022531509,idxq4-64_queryq4-64
H1,1379116124,Family_01,H1:LSC-REFL_A_RIN_OUT_DQ,0.7942500728083723,180.0,True,True,,AMBIGUOUS,0.1688074022531509,idxq4-64_queryq4-64
H1,1379116124,Family_01,H1:SUS-ETMX_L1_CAL_LINE_OUT_DQ,0.3958499696684052,67.5,False,True,,AMBIGUOUS,0.1688074022531509,idxq4-64_queryq4-64
H1,1379116124,Family_01,H1:SUS-ETMX_L2_CAL_LINE_OUT_DQ,0.2572453853404302,37.5,False,True,,AMBIGUOUS,0.1688074022531509,idxq4-64_queryq4-64
H1,1379116124,Family_01,H1:SUS-ETMX_L3_CAL_LINE_OUT_DQ,0.2927817778237777,71.5,False,True,,AMBIGUOUS,0.1688074022531509,idxq4-64_queryq4-64
H1,1379116028,Family_01,H1:CAL-PCALX_RX_PD_OUT_DQ,0.2076840112237058,433.5,False,True,,AMBIGUOUS,0.172880619764328,idxq4-64_queryq4-64
H1,1379116028,Family_01,H1:CAL-PCALY_RX_PD_OUT_DQ,0.2389324918093659,180.0,False,True,,AMBIGUOUS,0.172880619764328,idxq4-64_queryq4-64
H1,1379116028,Family_01,H1:IMC-WFS_A_DC_PIT_OUT_DQ,0.7357701671401252,122.0,False,True,,AMBIGUOUS,0.172880619764328,idxq4-64_queryq4-64
H1,1379116028,Family_01,H1:IMC-WFS_A_DC_YAW_OUT_DQ,0.7618043091912122,180.0,False,True,,AMBIGUOUS,0.172880619764328,idxq4-64_queryq4-64
H1,1379116028,Family_01,H1:LSC-POP_A_LF_OUT_DQ,0.3447072256074303,180.0,False,True,,AMBIGUOUS,0.172880619764328,idxq4-64_queryq4-64
H1,1379116028,Family_01,H1:LSC-REFL_A_RIN_OUT_DQ,0.887269277472345,180.0,True,True,,AMBIGUOUS,0.172880619764328,idxq4-64_queryq4-64
H1,1379116028,Family_01,H1:SUS-ETMX_L1_CAL_LINE_OUT_DQ,0.2212859080344051,46.0,False,True,,AMBIGUOUS,0.172880619764328,idxq4-64_queryq4-64
H1,1379116028,Family_01,H1:SUS-ETMX_L2_CAL_LINE_OUT_DQ,0.2125823898896604,129.0,False,True,,AMBIGUOUS,0.172880619764328,idxq4-64_queryq4-64
H1,1379116028,Family_01,H1:SUS-ETMX_L3_CAL_LINE_OUT_DQ,0.2032640425712594,233.0,False,True,,AMBIGUOUS,0.172880619764328,idxq4-64_queryq4-64
L1,1373815196,Family_01,L1:ASC-X_TR_A_NSUM_OUT_DQ,0.8662832614178138,180.0,True,True,,AMBIGUOUS,0.1773176342248916,idxq4-64_queryq4-64
L1,1373815196,Family_01,L1:CAL-PCALX_RX_PD_OUT_DQ,0.308233395596644,300.0,False,True,,AMBIGUOUS,0.1773176342248916,idxq4-64_queryq4-64
L1,1373815196,Family_01,L1:CAL-PCALY_RX_PD_OUT_DQ,0.7539828696051728,21.0,True,True,,AMBIGUOUS,0.1773176342248916,idxq4-64_queryq4-64
L1,1373815196,Family_01,L1:IMC-WFS_B_I_PIT_OUT_DQ,0.616891322428045,60.0,False,True,,AMBIGUOUS,0.1773176342248916,idxq4-64_queryq4-64
L1,1373815196,Family_01,L1:SUS-ETMX_L1_CAL_LINE_OUT_DQ,0.7562647463787187,20.0,True,True,,AMBIGUOUS,0.1773176342248916,idxq4-64_queryq4-64
L1,1373815196,Family_01,L1:SUS-ETMX_L2_CAL_LINE_OUT_DQ,0.8702057476287152,21.0,True,True,,AMBIGUOUS,0.1773176342248916,idxq4-64_queryq4-64
L1,1373815196,Family_01,L1:SUS-ETMX_L3_CAL_LINE_OUT_DQ,0.5806719419230093,20.0,False,True,,AMBIGUOUS,0.1773176342248916,idxq4-64_queryq4-64
L1,1372237020,Family_01,L1:ASC-X_TR_A_NSUM_OUT_DQ,0.2167394097320011,237.5,False,True,,AMBIGUOUS,0.1821765750646591,idxq4-64_queryq4-64
L1,1372237020,Family_01,L1:CAL-PCALX_RX_PD_OUT_DQ,0.2707054413018371,472.5,False,True,,AMBIGUOUS,0.1821765750646591,idxq4-64_queryq4-64
L1,1372237020,Family_01,L1:CAL-PCALY_RX_PD_OUT_DQ,0.2084412165239928,55.5,False,True,,AMBIGUOUS,0.1821765750646591,idxq4-64_queryq4-64
L1,1372237020,Family_01,L1:IMC-WFS_B_I_PIT_OUT_DQ,0.4302597768557892,60.0,False,True,,AMBIGUOUS,0.1821765750646591,idxq4-64_queryq4-64
L1,1372237020,Family_01,L1:SUS-ETMX_L1_CAL_LINE_OUT_DQ,0.1830883347902532,35.0,False,True,,AMBIGUOUS,0.1821765750646591,idxq4-64_queryq4-64
L1,1372237020,Family_01,L1:SUS-ETMX_L2_CAL_LINE_OUT_DQ,0.2188396532254346,233.5,False,True,,AMBIGUOUS,0.1821765750646591,idxq4-64_queryq4-64
L1,1372237020,Family_01,L1:SUS-ETMX_L3_CAL_LINE_OUT_DQ,0.2195710404208515,122.5,False,True,,AMBIGUOUS,0.1821765750646591,idxq4-64_queryq4-64
L1,1369524060,Family_01,L1:ASC-X_TR_A_NSUM_OUT_DQ,0.2615617322703349,180.0,False,True,,AMBIGUOUS,0.1870284676551818,idxq4-64_queryq4-64
L1,1369524060,Family_01,L1:CAL-PCALX_RX_PD_OUT_DQ,0.2414231081099371,180.0,False,True,,AMBIGUOUS,0.1870284676551818,idxq4-64_queryq4-64
L1,1369524060,Family_01,L1:CAL-PCALY_RX_PD_OUT_DQ,0.2108047976112825,21.0,False,True,,AMBIGUOUS,0.1870284676551818,idxq4-64_queryq4-64
L1,1369524060,Family_01,L1:IMC-WFS_B_I_PIT_OUT_DQ,0.2529412369911769,455.5,False,True,,AMBIGUOUS,0.1870284676551818,idxq4-64_queryq4-64
L1,1369524060,Family_01,L1:SUS-ETMX_L1_CAL_LINE_OUT_DQ,0.1939912515927636,64.5,False,True,,AMBIGUOUS,0.1870284676551818,idxq4-64_queryq4-64
L1,1369524060,Family_01,L1:SUS-ETMX_L2_CAL_LINE_OUT_DQ,0.2391865963987922,105.0,False,True,,AMBIGUOUS,0.1870284676551818,idxq4-64_queryq4-64
L1,1369524060,Family_01,L1:SUS-ETMX_L3_CAL_LINE_OUT_DQ,0.1890756328499825,249.5,False,True,,AMBIGUOUS,0.1870284676551818,idxq4-64_queryq4-64
L1,1380566428,Family_01,L1:ASC-X_TR_A_NSUM_OUT_DQ,0.2181667211655361,158.5,False,True,,AMBIGUOUS,0.1919731050729751,idxq4-64_queryq4-64
L1,1380566428,Family_01,L1:CAL-PCALX_RX_PD_OUT_DQ,0.1790150055079178,286.5,False,True,,AMBIGUOUS,0.1919731050729751,idxq4-64_queryq4-64
L1,1380566428,Family_01,L1:CAL-PCALY_RX_PD_OUT_DQ,0.2064770370089542,53.5,False,True,,AMBIGUOUS,0.1919731050729751,idxq4-64_queryq4-64
L1,1380566428,Family_01,L1:IMC-WFS_B_I_PIT_OUT_DQ,0.2580541416945832,316.5,False,True,,AMBIGUOUS,0.1919731050729751,idxq4-64_queryq4-64
L1,1380566428,Family_01,L1:SUS-ETMX_L1_CAL_LINE_OUT_DQ,0.2470513683148763,96.5,False,True,,AMBIGUOUS,0.1919731050729751,idxq4-64_queryq4-64
L1,1380566428,Family_01,L1:SUS-ETMX_L2_CAL_LINE_OUT_DQ,0.2321286365659504,173.5,False,True,,AMBIGUOUS,0.1919731050729751,idxq4-64_queryq4-64
L1,1380566428,Family_01,L1:SUS-ETMX_L3_CAL_LINE_OUT_DQ,0.2016671255713582,205.0,False,True,,AMBIGUOUS,0.1919731050729751,idxq4-64_queryq4-64
L1,1378325180,Family_01,L1:ASC-X_TR_A_NSUM_OUT_DQ,0.6889703016587093,180.0,True,True,,AMBIGUOUS,0.1970830261707306,idxq4-64_queryq4-64
L1,1378325180,Family_01,L1:CAL-PCALX_RX_PD_OUT_DQ,0.3084802711099301,180.5,False,True,,AMBIGUOUS,0.1970830261707306,idxq4-64_queryq4-64
L1,1378325180,Family_01,L1:CAL-PCALY_RX_PD_OUT_DQ,0.2681167346369581,55.0,False,True,,AMBIGUOUS,0.1970830261707306,idxq4-64_queryq4-64
L1,1378325180,Family_01,L1:IMC-WFS_B_I_PIT_OUT_DQ,0.6643546559629853,120.0,False,True,,AMBIGUOUS,0.1970830261707306,idxq4-64_queryq4-64
L1,1378325180,Family_01,L1:SUS-ETMX_L1_CAL_LINE_OUT_DQ,0.2559413216925951,163.5,False,True,,AMBIGUOUS,0.1970830261707306,idxq4-64_queryq4-64
L1,1378325180,Family_01,L1:SUS-ETMX_L2_CAL_LINE_OUT_DQ,0.1816183802568629,171.0,False,True,,AMBIGUOUS,0.1970830261707306,idxq4-64_queryq4-64
L1,1378325180,Family_01,L1:SUS-ETMX_L3_CAL_LINE_OUT_DQ,0.3887147978092728,20.0,False,True,,AMBIGUOUS,0.1970830261707306,idxq4-64_queryq4-64
L1,1384412764,Family_01,L1:ASC-X_TR_A_NSUM_OUT_DQ,0.2032768454179948,48.5,False,True,,AMBIGUOUS,0.2014142274856567,idxq4-64_queryq4-64
L1,1384412764,Family_01,L1:CAL-PCALX_RX_PD_OUT_DQ,0.2381873538837009,126.5,False,True,,AMBIGUOUS,0.2014142274856567,idxq4-64_queryq4-64
L1,1384412764,Family_01,L1:CAL-PCALY_RX_PD_OUT_DQ,0.3000033594690826,219.0,False,True,,AMBIGUOUS,0.2014142274856567,idxq4-64_queryq4-64
L1,1384412764,Family_01,L1:IMC-WFS_B_I_PIT_OUT_DQ,0.6076637851418104,60.0,False,True,,AMBIGUOUS,0.2014142274856567,idxq4-64_queryq4-64
L1,1384412764,Family_01,L1:SUS-ETMX_L1_CAL_LINE_OUT_DQ,0.3362672339053726,20.0,False,True,,AMBIGUOUS,0.2014142274856567,idxq4-64_queryq4-64
L1,1384412764,Family_01,L1:SUS-ETMX_L2_CAL_LINE_OUT_DQ,0.3277548944201802,20.0,False,True,,AMBIGUOUS,0.2014142274856567,idxq4-64_queryq4-64
L1,1384412764,Family_01,L1:SUS-ETMX_L3_CAL_LINE_OUT_DQ,0.3507971133016049,20.0,False,True,,AMBIGUOUS,0.2014142274856567,idxq4-64_queryq4-64
H1,1378490076,Family_01,H1:CAL-PCALX_RX_PD_OUT_DQ,0.1807204167322606,479.0,False,True,,ROBUST,0.2066894322633743,idxq4-64_queryq4-64
H1,1378490076,Family_01,H1:CAL-PCALY_RX_PD_OUT_DQ,0.2238691920007306,60.0,False,True,,ROBUST,0.2066894322633743,idxq4-64_queryq4-64
H1,1378490076,Family_01,H1:IMC-WFS_A_DC_PIT_OUT_DQ,0.7717451117303842,150.0,False,True,,ROBUST,0.2066894322633743,idxq4-64_queryq4-64
H1,1378490076,Family_01,H1:IMC-WFS_A_DC_YAW_OUT_DQ,0.8328832932335418,60.0,True,True,,ROBUST,0.2066894322633743,idxq4-64_queryq4-64
H1,1378490076,Family_01,H1:LSC-POP_A_LF_OUT_DQ,0.4170426856430292,60.0,False,True,,ROBUST,0.2066894322633743,idxq4-64_queryq4-64
H1,1378490076,Family_01,H1:LSC-REFL_A_RIN_OUT_DQ,0.966608055714326,180.0,True,True,,ROBUST,0.2066894322633743,idxq4-64_queryq4-64
H1,1378490076,Family_01,H1:SUS-ETMX_L1_CAL_LINE_OUT_DQ,0.1542029911166373,154.0,False,True,,ROBUST,0.2066894322633743,idxq4-64_queryq4-64
H1,1378490076,Family_01,H1:SUS-ETMX_L2_CAL_LINE_OUT_DQ,0.1803182373296382,199.0,False,True,,ROBUST,0.2066894322633743,idxq4-64_queryq4-64
H1,1378490076,Family_01,H1:SUS-ETMX_L3_CAL_LINE_OUT_DQ,0.2424166482095306,129.5,False,True,,ROBUST,0.2066894322633743,idxq4-64_queryq4-64
L1,1380568604,Family_01,L1:ASC-X_TR_A_NSUM_OUT_DQ,0.2671874896869943,433.5,False,True,,AMBIGUOUS,0.2118258774280548,idxq4-64_queryq4-64
L1,1380568604,Family_01,L1:CAL-PCALX_RX_PD_OUT_DQ,0.269977906147464,315.0,False,True,,AMBIGUOUS,0.2118258774280548,idxq4-64_queryq4-64
L1,1380568604,Family_01,L1:CAL-PCALY_RX_PD_OUT_DQ,0.2186228492925852,147.5,False,True,,AMBIGUOUS,0.2118258774280548,idxq4-64_queryq4-64
L1,1380568604,Family_01,L1:IMC-WFS_B_I_PIT_OUT_DQ,0.6742251945644253,60.0,False,True,,AMBIGUOUS,0.2118258774280548,idxq4-64_queryq4-64
L1,1380568604,Family_01,L1:SUS-ETMX_L1_CAL_LINE_OUT_DQ,0.2163417723880138,222.0,False,True,,AMBIGUOUS,0.2118258774280548,idxq4-64_queryq4-64
L1,1380568604,Family_01,L1:SUS-ETMX_L2_CAL_LINE_OUT_DQ,0.2053880890917032,222.0,False,True,,AMBIGUOUS,0.2118258774280548,idxq4-64_queryq4-64
L1,1380568604,Family_01,L1:SUS-ETMX_L3_CAL_LINE_OUT_DQ,0.1797121993301005,82.5,False,True,,AMBIGUOUS,0.2118258774280548,idxq4-64_queryq4-64
L1,1376313212,Family_01,L1:ASC-X_TR_A_NSUM_OUT_DQ,0.256380753464678,97.0,False,True,,AMBIGUOUS,0.2186657637357711,idxq4-64_queryq4-64
L1,1376313212,Family_01,L1:CAL-PCALX_RX_PD_OUT_DQ,0.4324176215639784,20.0,False,True,,AMBIGUOUS,0.2186657637357711,idxq4-64_queryq4-64
L1,1376313212,Family_01,L1:CAL-PCALY_RX_PD_OUT_DQ,0.305666386285812,20.5,False,True,,AMBIGUOUS,0.2186657637357711,idxq4-64_queryq4-64
L1,1376313212,Family_01,L1:IMC-WFS_B_I_PIT_OUT_DQ,0.8609849441688043,60.0,True,True,,AMBIGUOUS,0.2186657637357711,idxq4-64_queryq4-64
L1,1376313212,Family_01,L1:SUS-ETMX_L1_CAL_LINE_OUT_DQ,0.5516356344173445,20.0,False,True,,AMBIGUOUS,0.2186657637357711,idxq4-64_queryq4-64
L1,1376313212,Family_01,L1:SUS-ETMX_L2_CAL_LINE_OUT_DQ,0.3345017042715651,20.5,False,True,,AMBIGUOUS,0.2186657637357711,idxq4-64_queryq4-64
L1,1376313212,Family_01,L1:SUS-ETMX_L3_CAL_LINE_OUT_DQ,0.5697675973900991,20.0,False,True,,AMBIGUOUS,0.2186657637357711,idxq4-64_queryq4-64
H1,1374061948,Family_01,H1:CAL-PCALX_RX_PD_OUT_DQ,0.1837526784470886,399.5,False,True,,ROBUST,0.2409579306840896,idxq4-64_queryq4-64
H1,1374061948,Family_01,H1:CAL-PCALY_RX_PD_OUT_DQ,0.2231769724174911,343.5,False,True,,ROBUST,0.2409579306840896,idxq4-64_queryq4-64
H1,1374061948,Family_01,H1:IMC-WFS_A_DC_PIT_OUT_DQ,0.5861137392491144,60.0,False,True,,ROBUST,0.2409579306840896,idxq4-64_queryq4-64
H1,1374061948,Family_01,H1:IMC-WFS_A_DC_YAW_OUT_DQ,0.5889659522864193,60.0,False,True,,ROBUST,0.2409579306840896,idxq4-64_queryq4-64
H1,1374061948,Family_01,H1:LSC-POP_A_LF_OUT_DQ,0.2137363871251911,297.0,False,True,,ROBUST,0.2409579306840896,idxq4-64_queryq4-64
H1,1374061948,Family_01,H1:LSC-REFL_A_RIN_OUT_DQ,0.5961827242642417,60.0,False,True,,ROBUST,0.2409579306840896,idxq4-64_queryq4-64
H1,1374061948,Family_01,H1:SUS-ETMX_L1_CAL_LINE_OUT_DQ,0.0856188870315717,252.5,False,True,,ROBUST,0.2409579306840896,idxq4-64_queryq4-64
H1,1374061948,Family_01,H1:SUS-ETMX_L2_CAL_LINE_OUT_DQ,0.0845206544133479,117.5,False,True,,ROBUST,0.2409579306840896,idxq4-64_queryq4-64
H1,1374061948,Family_01,H1:SUS-ETMX_L3_CAL_LINE_OUT_DQ,0.0680161896948154,22.0,False,True,,ROBUST,0.2409579306840896,idxq4-64_queryq4-64
H1,1373264252,Family_01,H1:CAL-PCALX_RX_PD_OUT_DQ,0.2752348224528029,35.5,False,True,,ROBUST,0.2691144645214081,idxq4-64_queryq4-64
H1,1373264252,Family_01,H1:CAL-PCALY_RX_PD_OUT_DQ,0.2637721739220818,60.0,False,True,,ROBUST,0.2691144645214081,idxq4-64_queryq4-64
H1,1373264252,Family_01,H1:IMC-WFS_A_DC_PIT_OUT_DQ,0.7740500401169473,123.5,False,True,,ROBUST,0.2691144645214081,idxq4-64_queryq4-64
H1,1373264252,Family_01,H1:IMC-WFS_A_DC_YAW_OUT_DQ,0.780753148393177,123.0,False,True,,ROBUST,0.2691144645214081,idxq4-64_queryq4-64
H1,1373264252,Family_01,H1:LSC-POP_A_LF_OUT_DQ,0.2540676955826668,60.0,False,True,,ROBUST,0.2691144645214081,idxq4-64_queryq4-64
H1,1373264252,Family_01,H1:LSC-REFL_A_RIN_OUT_DQ,0.8551343766921085,180.0,True,True,,ROBUST,0.2691144645214081,idxq4-64_queryq4-64
H1,1373264252,Family_01,H1:SUS-ETMX_L1_CAL_LINE_OUT_DQ,0.1605806572175803,48.0,False,True,,ROBUST,0.2691144645214081,idxq4-64_queryq4-64
H1,1373264252,Family_01,H1:SUS-ETMX_L2_CAL_LINE_OUT_DQ,0.1852133116556572,108.5,False,True,,ROBUST,0.2691144645214081,idxq4-64_queryq4-64
H1,1373264252,Family_01,H1:SUS-ETMX_L3_CAL_LINE_OUT_DQ,0.1955061968400135,222.5,False,True,,ROBUST,0.2691144645214081,idxq4-64_queryq4-64
L1,1372501504,Family_01,L1:ASC-X_TR_A_NSUM_OUT_DQ,0.2233765298743727,180.0,False,True,,BACKGROUND,0.0573009327054023,idxq4-64_queryq4-64
L1,1372501504,Family_01,L1:CAL-PCALX_RX_PD_OUT_DQ,0.2449834247234359,20.5,False,True,,BACKGROUND,0.0573009327054023,idxq4-64_queryq4-64
L1,1372501504,Family_01,L1:CAL-PCALY_RX_PD_OUT_DQ,0.2229523462950767,424.0,False,True,,BACKGROUND,0.0573009327054023,idxq4-64_queryq4-64
L1,1372501504,Family_01,L1:IMC-WFS_B_I_PIT_OUT_DQ,0.2819002830224401,22.0,False,True,,BACKGROUND,0.0573009327054023,idxq4-64_queryq4-64
L1,1372501504,Family_01,L1:SUS-ETMX_L1_CAL_LINE_OUT_DQ,0.7834992277697406,21.0,True,True,,BACKGROUND,0.0573009327054023,idxq4-64_queryq4-64
L1,1372501504,Family_01,L1:SUS-ETMX_L2_CAL_LINE_OUT_DQ,0.7602676145070272,21.0,True,True,,BACKGROUND,0.0573009327054023,idxq4-64_queryq4-64
L1,1372501504,Family_01,L1:SUS-ETMX_L3_CAL_LINE_OUT_DQ,0.7666652778443196,21.0,True,True,,BACKGROUND,0.0573009327054023,idxq4-64_queryq4-64
L1,1372255744,Family_01,L1:ASC-X_TR_A_NSUM_OUT_DQ,0.423273949225157,180.0,False,True,,BACKGROUND,0.0600379221141338,idxq4-64_queryq4-64
L1,1372255744,Family_01,L1:CAL-PCALX_RX_PD_OUT_DQ,0.4835889388244117,21.0,False,True,,BACKGROUND,0.0600379221141338,idxq4-64_queryq4-64
L1,1372255744,Family_01,L1:CAL-PCALY_RX_PD_OUT_DQ,0.1892680571650231,218.0,False,True,,BACKGROUND,0.0600379221141338,idxq4-64_queryq4-64
L1,1372255744,Family_01,L1:IMC-WFS_B_I_PIT_OUT_DQ,0.2104448493042506,190.0,False,True,,BACKGROUND,0.0600379221141338,idxq4-64_queryq4-64
L1,1372255744,Family_01,L1:SUS-ETMX_L1_CAL_LINE_OUT_DQ,0.5739528964575412,21.0,False,True,,BACKGROUND,0.0600379221141338,idxq4-64_queryq4-64
L1,1372255744,Family_01,L1:SUS-ETMX_L2_CAL_LINE_OUT_DQ,0.5621230953414913,21.0,False,True,,BACKGROUND,0.0600379221141338,idxq4-64_queryq4-64
L1,1372255744,Family_01,L1:SUS-ETMX_L3_CAL_LINE_OUT_DQ,0.5464549449736783,21.0,False,True,,BACKGROUND,0.0600379221141338,idxq4-64_queryq4-64
L1,1369630976,Family_01,L1:ASC-X_TR_A_NSUM_OUT_DQ,0.2293327546668056,300.0,False,True,,BACKGROUND,0.0628662556409835,idxq4-64_queryq4-64
L1,1369630976,Family_01,L1:CAL-PCALX_RX_PD_OUT_DQ,0.2130802451986814,103.5,False,True,,BACKGROUND,0.0628662556409835,idxq4-64_queryq4-64
L1,1369630976,Family_01,L1:CAL-PCALY_RX_PD_OUT_DQ,0.232163028318615,321.0,False,True,,BACKGROUND,0.0628662556409835,idxq4-64_queryq4-64
L1,1369630976,Family_01,L1:IMC-WFS_B_I_PIT_OUT_DQ,0.3028194870833139,60.0,False,True,,BACKGROUND,0.0628662556409835,idxq4-64_queryq4-64
L1,1369630976,Family_01,L1:SUS-ETMX_L1_CAL_LINE_OUT_DQ,0.1639454207051427,22.0,False,True,,BACKGROUND,0.0628662556409835,idxq4-64_queryq4-64
L1,1369630976,Family_01,L1:SUS-ETMX_L2_CAL_LINE_OUT_DQ,0.1959006444882365,83.0,False,True,,BACKGROUND,0.0628662556409835,idxq4-64_queryq4-64
L1,1369630976,Family_01,L1:SUS-ETMX_L3_CAL_LINE_OUT_DQ,0.1585633220908784,46.5,False,True,,BACKGROUND,0.0628662556409835,idxq4-64_queryq4-64
L1,1378361856,Family_01,L1:ASC-X_TR_A_NSUM_OUT_DQ,0.210503390305653,387.0,False,True,,BACKGROUND,0.0655566528439521,idxq4-64_queryq4-64
L1,1378361856,Family_01,L1:CAL-PCALX_RX_PD_OUT_DQ,0.2496598980440812,176.5,False,True,,BACKGROUND,0.0655566528439521,idxq4-64_queryq4-64
L1,1378361856,Family_01,L1:CAL-PCALY_RX_PD_OUT_DQ,0.2394130547470406,452.0,False,True,,BACKGROUND,0.0655566528439521,idxq4-64_queryq4-64
L1,1378361856,Family_01,L1:IMC-WFS_B_I_PIT_OUT_DQ,0.4067552044483498,120.0,False,True,,BACKGROUND,0.0655566528439521,idxq4-64_queryq4-64
L1,1378361856,Family_01,L1:SUS-ETMX_L1_CAL_LINE_OUT_DQ,0.2484527477893118,118.5,False,True,,BACKGROUND,0.0655566528439521,idxq4-64_queryq4-64
L1,1378361856,Family_01,L1:SUS-ETMX_L2_CAL_LINE_OUT_DQ,0.1720510697713536,124.0,False,True,,BACKGROUND,0.0655566528439521,idxq4-64_queryq4-64
L1,1378361856,Family_01,L1:SUS-ETMX_L3_CAL_LINE_OUT_DQ,0.2328541525637875,127.5,False,True,,BACKGROUND,0.0655566528439521,idxq4-64_queryq4-64
L1,1378781980,Family_01,L1:ASC-X_TR_A_NSUM_OUT_DQ,0.2462182020127422,420.0,False,True,,BACKGROUND,0.0673735737800598,idxq4-64_queryq4-64
L1,1378781980,Family_01,L1:CAL-PCALX_RX_PD_OUT_DQ,0.2407993969180688,366.5,False,True,,BACKGROUND,0.0673735737800598,idxq4-64_queryq4-64
L1,1378781980,Family_01,L1:CAL-PCALY_RX_PD_OUT_DQ,0.2085721960270869,20.5,False,True,,BACKGROUND,0.0673735737800598,idxq4-64_queryq4-64
L1,1378781980,Family_01,L1:IMC-WFS_B_I_PIT_OUT_DQ,0.8369542672135192,60.0,True,True,,BACKGROUND,0.0673735737800598,idxq4-64_queryq4-64
L1,1378781980,Family_01,L1:SUS-ETMX_L1_CAL_LINE_OUT_DQ,0.2273785118531302,180.0,False,True,,BACKGROUND,0.0673735737800598,idxq4-64_queryq4-64
L1,1378781980,Family_01,L1:SUS-ETMX_L2_CAL_LINE_OUT_DQ,0.1817486226714511,120.5,False,True,,BACKGROUND,0.0673735737800598,idxq4-64_queryq4-64
L1,1378781980,Family_01,L1:SUS-ETMX_L3_CAL_LINE_OUT_DQ,0.2258251569649945,200.5,False,True,,BACKGROUND,0.0673735737800598,idxq4-64_queryq4-64
L1,1383562240,Family_01,L1:ASC-X_TR_A_NSUM_OUT_DQ,0.2597248248884188,227.5,False,True,,BACKGROUND,0.0692173317074775,idxq4-64_queryq4-64
L1,1383562240,Family_01,L1:CAL-PCALX_RX_PD_OUT_DQ,0.2706634849752329,20.0,False,True,,BACKGROUND,0.0692173317074775,idxq4-64_queryq4-64
L1,1383562240,Family_01,L1:CAL-PCALY_RX_PD_OUT_DQ,0.5960568252765126,20.0,False,True,,BACKGROUND,0.0692173317074775,idxq4-64_queryq4-64
L1,1383562240,Family_01,L1:IMC-WFS_B_I_PIT_OUT_DQ,0.2593682479470401,489.0,False,True,,BACKGROUND,0.0692173317074775,idxq4-64_queryq4-64
L1,1383562240,Family_01,L1:SUS-ETMX_L1_CAL_LINE_OUT_DQ,0.3406471520568774,20.0,False,True,,BACKGROUND,0.0692173317074775,idxq4-64_queryq4-64
L1,1383562240,Family_01,L1:SUS-ETMX_L2_CAL_LINE_OUT_DQ,0.3373474377380752,20.0,False,True,,BACKGROUND,0.0692173317074775,idxq4-64_queryq4-64
L1,1383562240,Family_01,L1:SUS-ETMX_L3_CAL_LINE_OUT_DQ,0.2878493001831411,57.0,False,True,,BACKGROUND,0.0692173317074775,idxq4-64_queryq4-64
H1,1371206656,Family_01,H1:CAL-PCALX_RX_PD_OUT_DQ,0.2408765180815745,35.5,False,True,,BACKGROUND,0.0704624205827713,idxq4-64_queryq4-64
H1,1371206656,Family_01,H1:CAL-PCALY_RX_PD_OUT_DQ,0.3020062680482359,180.0,False,True,,BACKGROUND,0.0704624205827713,idxq4-64_queryq4-64
H1,1371206656,Family_01,H1:IMC-WFS_A_DC_PIT_OUT_DQ,0.587635357954261,60.0,False,True,,BACKGROUND,0.0704624205827713,idxq4-64_queryq4-64
H1,1371206656,Family_01,H1:IMC-WFS_A_DC_YAW_OUT_DQ,0.6947493153037727,60.0,False,True,,BACKGROUND,0.0704624205827713,idxq4-64_queryq4-64
H1,1371206656,Family_01,H1:LSC-POP_A_LF_OUT_DQ,0.4368542592599498,180.0,False,True,,BACKGROUND,0.0704624205827713,idxq4-64_queryq4-64
H1,1371206656,Family_01,H1:LSC-REFL_A_RIN_OUT_DQ,0.7639433116794051,180.0,True,True,,BACKGROUND,0.0704624205827713,idxq4-64_queryq4-64
H1,1371206656,Family_01,H1:SUS-ETMX_L1_CAL_LINE_OUT_DQ,0.2016811823848265,139.0,False,True,,BACKGROUND,0.0704624205827713,idxq4-64_queryq4-64
H1,1371206656,Family_01,H1:SUS-ETMX_L2_CAL_LINE_OUT_DQ,0.2154176937844185,199.0,False,True,,BACKGROUND,0.0704624205827713,idxq4-64_queryq4-64
H1,1371206656,Family_01,H1:SUS-ETMX_L3_CAL_LINE_OUT_DQ,0.3617796755748038,120.0,False,True,,BACKGROUND,0.0704624205827713,idxq4-64_queryq4-64
L1,1369298588,Family_01,L1:ASC-X_TR_A_NSUM_OUT_DQ,0.2492567919237018,71.0,False,True,,BACKGROUND,0.0716033801436424,idxq4-64_queryq4-64
L1,1369298588,Family_01,L1:CAL-PCALX_RX_PD_OUT_DQ,0.4424515420473632,21.0,False,True,,BACKGROUND,0.0716033801436424,idxq4-64_queryq4-64
L1,1369298588,Family_01,L1:CAL-PCALY_RX_PD_OUT_DQ,0.2034389604059365,242.5,False,True,,BACKGROUND,0.0716033801436424,idxq4-64_queryq4-64
L1,1369298588,Family_01,L1:IMC-WFS_B_I_PIT_OUT_DQ,0.6956150388702694,60.0,False,True,,BACKGROUND,0.0716033801436424,idxq4-64_queryq4-64
L1,1369298588,Family_01,L1:SUS-ETMX_L1_CAL_LINE_OUT_DQ,0.5339668199965212,20.0,False,True,,BACKGROUND,0.0716033801436424,idxq4-64_queryq4-64
L1,1369298588,Family_01,L1:SUS-ETMX_L2_CAL_LINE_OUT_DQ,0.5324988494585221,20.0,False,True,,BACKGROUND,0.0716033801436424,idxq4-64_queryq4-64
L1,1369298588,Family_01,L1:SUS-ETMX_L3_CAL_LINE_OUT_DQ,0.563165791877366,21.0,False,True,,BACKGROUND,0.0716033801436424,idxq4-64_queryq4-64
L1,1378383260,Family_01,L1:ASC-X_TR_A_NSUM_OUT_DQ,0.2298172570220482,254.5,False,True,,BACKGROUND,0.0727348327636718,idxq4-64_queryq4-64
L1,1378383260,Family_01,L1:CAL-PCALX_RX_PD_OUT_DQ,0.23894570153243,180.0,False,True,,BACKGROUND,0.0727348327636718,idxq4-64_queryq4-64
L1,1378383260,Family_01,L1:CAL-PCALY_RX_PD_OUT_DQ,0.6698700064523888,20.0,True,True,,BACKGROUND,0.0727348327636718,idxq4-64_queryq4-64
L1,1378383260,Family_01,L1:IMC-WFS_B_I_PIT_OUT_DQ,0.7355241470132281,60.0,False,True,,BACKGROUND,0.0727348327636718,idxq4-64_queryq4-64
L1,1378383260,Family_01,L1:SUS-ETMX_L1_CAL_LINE_OUT_DQ,0.3490430674813757,20.5,False,True,,BACKGROUND,0.0727348327636718,idxq4-64_queryq4-64
L1,1378383260,Family_01,L1:SUS-ETMX_L2_CAL_LINE_OUT_DQ,0.3115631815220593,20.5,False,True,,BACKGROUND,0.0727348327636718,idxq4-64_queryq4-64
L1,1378383260,Family_01,L1:SUS-ETMX_L3_CAL_LINE_OUT_DQ,0.3079504848788851,20.0,False,True,,BACKGROUND,0.0727348327636718,idxq4-64_queryq4-64
L1,1372118300,Family_01,L1:ASC-X_TR_A_NSUM_OUT_DQ,0.2511916399813609,300.0,False,True,,BACKGROUND,0.0739753246307373,idxq4-64_queryq4-64
L1,1372118300,Family_01,L1:CAL-PCALX_RX_PD_OUT_DQ,0.6947108232427132,20.0,True,True,,BACKGROUND,0.0739753246307373,idxq4-64_queryq4-64
L1,1372118300,Family_01,L1:CAL-PCALY_RX_PD_OUT_DQ,0.7848513712130664,20.0,True,True,,BACKGROUND,0.0739753246307373,idxq4-64_queryq4-64
L1,1372118300,Family_01,L1:IMC-WFS_B_I_PIT_OUT_DQ,0.352221416095734,60.0,False,True,,BACKGROUND,0.0739753246307373,idxq4-64_queryq4-64
L1,1372118300,Family_01,L1:SUS-ETMX_L1_CAL_LINE_OUT_DQ,0.5048703470295548,20.0,False,True,,BACKGROUND,0.0739753246307373,idxq4-64_queryq4-64
L1,1372118300,Family_01,L1:SUS-ETMX_L2_CAL_LINE_OUT_DQ,0.4637616413477939,20.0,False,True,,BACKGROUND,0.0739753246307373,idxq4-64_queryq4-64
L1,1372118300,Family_01,L1:SUS-ETMX_L3_CAL_LINE_OUT_DQ,0.301373264757125,20.0,False,True,,BACKGROUND,0.0739753246307373,idxq4-64_queryq4-64
L1,1372151452,Family_01,L1:ASC-X_TR_A_NSUM_OUT_DQ,0.2490705575417451,180.0,False,True,,BACKGROUND,0.0752179101109504,idxq4-64_queryq4-64
L1,1372151452,Family_01,L1:CAL-PCALX_RX_PD_OUT_DQ,0.251246370462394,440.5,False,True,,BACKGROUND,0.0752179101109504,idxq4-64_queryq4-64
L1,1372151452,Family_01,L1:CAL-PCALY_RX_PD_OUT_DQ,0.2242106190819897,385.0,False,True,,BACKGROUND,0.0752179101109504,idxq4-64_queryq4-64
L1,1372151452,Family_01,L1:IMC-WFS_B_I_PIT_OUT_DQ,0.7304658788629051,60.0,False,True,,BACKGROUND,0.0752179101109504,idxq4-64_queryq4-64
L1,1372151452,Family_01,L1:SUS-ETMX_L1_CAL_LINE_OUT_DQ,0.2232997812449475,256.0,False,True,,BACKGROUND,0.0752179101109504,idxq4-64_queryq4-64
L1,1372151452,Family_01,L1:SUS-ETMX_L2_CAL_LINE_OUT_DQ,0.2113625968463527,115.5,False,True,,BACKGROUND,0.0752179101109504,idxq4-64_queryq4-64
L1,1372151452,Family_01,L1:SUS-ETMX_L3_CAL_LINE_OUT_DQ,0.2370339138610769,180.0,False,True,,BACKGROUND,0.0752179101109504,idxq4-64_queryq4-64
L1,1370012284,Family_01,L1:ASC-X_TR_A_NSUM_OUT_DQ,0.2041860397556405,416.0,False,True,,BACKGROUND,0.0760701522231102,idxq4-64_queryq4-64
L1,1370012284,Family_01,L1:CAL-PCALX_RX_PD_OUT_DQ,0.273367929116718,20.0,False,True,,BACKGROUND,0.0760701522231102,idxq4-64_queryq4-64
L1,1370012284,Family_01,L1:CAL-PCALY_RX_PD_OUT_DQ,0.2153825641920904,288.5,False,True,,BACKGROUND,0.0760701522231102,idxq4-64_queryq4-64
L1,1370012284,Family_01,L1:IMC-WFS_B_I_PIT_OUT_DQ,0.709240533036378,60.0,False,True,,BACKGROUND,0.0760701522231102,idxq4-64_queryq4-64
L1,1370012284,Family_01,L1:SUS-ETMX_L1_CAL_LINE_OUT_DQ,0.2750862742272869,20.0,False,True,,BACKGROUND,0.0760701522231102,idxq4-64_queryq4-64
L1,1370012284,Family_01,L1:SUS-ETMX_L2_CAL_LINE_OUT_DQ,0.2795377166781311,20.0,False,True,,BACKGROUND,0.0760701522231102,idxq4-64_queryq4-64
L1,1370012284,Family_01,L1:SUS-ETMX_L3_CAL_LINE_OUT_DQ,0.2966866046507938,20.0,False,True,,BACKGROUND,0.0760701522231102,idxq4-64_queryq4-64
L1,1372294140,Family_01,L1:ASC-X_TR_A_NSUM_OUT_DQ,0.2269068587069063,441.5,False,True,,BACKGROUND,0.0769074708223342,idxq4-64_queryq4-64
L1,1372294140,Family_01,L1:CAL-PCALX_RX_PD_OUT_DQ,0.3021386686247669,300.0,False,True,,BACKGROUND,0.0769074708223342,idxq4-64_queryq4-64
L1,1372294140,Family_01,L1:CAL-PCALY_RX_PD_OUT_DQ,0.33068557438484,20.5,False,True,,BACKGROUND,0.0769074708223342,idxq4-64_queryq4-64
L1,1372294140,Family_01,L1:IMC-WFS_B_I_PIT_OUT_DQ,0.3422883107002138,27.5,False,True,,BACKGROUND,0.0769074708223342,idxq4-64_queryq4-64
L1,1372294140,Family_01,L1:SUS-ETMX_L1_CAL_LINE_OUT_DQ,0.2529444150202999,20.5,False,True,,BACKGROUND,0.0769074708223342,idxq4-64_queryq4-64
L1,1372294140,Family_01,L1:SUS-ETMX_L2_CAL_LINE_OUT_DQ,0.2395962180490612,20.5,False,True,,BACKGROUND,0.0769074708223342,idxq4-64_queryq4-64
L1,1372294140,Family_01,L1:SUS-ETMX_L3_CAL_LINE_OUT_DQ,0.1735410282995805,184.0,False,True,,BACKGROUND,0.0769074708223342,idxq4-64_queryq4-64
H1,1376661756,Family_01,H1:CAL-PCALX_RX_PD_OUT_DQ,0.2814947869771468,331.0,False,True,,BACKGROUND,0.0779317319393158,idxq4-64_queryq4-64
H1,1376661756,Family_01,H1:CAL-PCALY_RX_PD_OUT_DQ,0.2351124004486,67.0,False,True,,BACKGROUND,0.0779317319393158,idxq4-64_queryq4-64
H1,1376661756,Family_01,H1:IMC-WFS_A_DC_PIT_OUT_DQ,0.4233512314599416,121.5,False,True,,BACKGROUND,0.0779317319393158,idxq4-64_queryq4-64
H1,1376661756,Family_01,H1:IMC-WFS_A_DC_YAW_OUT_DQ,0.4522260073530932,30.0,False,True,,BACKGROUND,0.0779317319393158,idxq4-64_queryq4-64
H1,1376661756,Family_01,H1:LSC-POP_A_LF_OUT_DQ,0.2501338878611961,349.0,False,True,,BACKGROUND,0.0779317319393158,idxq4-64_queryq4-64
H1,1376661756,Family_01,H1:LSC-REFL_A_RIN_OUT_DQ,0.7262647440351371,180.0,True,True,,BACKGROUND,0.0779317319393158,idxq4-64_queryq4-64
H1,1376661756,Family_01,H1:SUS-ETMX_L1_CAL_LINE_OUT_DQ,0.1604174242051327,111.5,False,True,,BACKGROUND,0.0779317319393158,idxq4-64_queryq4-64
H1,1376661756,Family_01,H1:SUS-ETMX_L2_CAL_LINE_OUT_DQ,0.1688031911313892,241.0,False,True,,BACKGROUND,0.0779317319393158,idxq4-64_queryq4-64
H1,1376661756,Family_01,H1:SUS-ETMX_L3_CAL_LINE_OUT_DQ,0.1476474850293277,52.5,False,True,,BACKGROUND,0.0779317319393158,idxq4-64_queryq4-64
L1,1378433340,Family_01,L1:ASC-X_TR_A_NSUM_OUT_DQ,0.2220755227758316,485.5,False,True,,BACKGROUND,0.0789524540305137,idxq4-64_queryq4-64
L1,1378433340,Family_01,L1:CAL-PCALX_RX_PD_OUT_DQ,0.2890736192801812,330.0,False,True,,BACKGROUND,0.0789524540305137,idxq4-64_queryq4-64
L1,1378433340,Family_01,L1:CAL-PCALY_RX_PD_OUT_DQ,0.6252779142285424,20.5,True,True,,BACKGROUND,0.0789524540305137,idxq4-64_queryq4-64
L1,1378433340,Family_01,L1:IMC-WFS_B_I_PIT_OUT_DQ,0.2355342381327112,319.0,False,True,,BACKGROUND,0.0789524540305137,idxq4-64_queryq4-64
L1,1378433340,Family_01,L1:SUS-ETMX_L1_CAL_LINE_OUT_DQ,0.3460222252689326,20.0,False,True,,BACKGROUND,0.0789524540305137,idxq4-64_queryq4-64
L1,1378433340,Family_01,L1:SUS-ETMX_L2_CAL_LINE_OUT_DQ,0.3480537467678885,20.0,False,True,,BACKGROUND,0.0789524540305137,idxq4-64_queryq4-64
L1,1378433340,Family_01,L1:SUS-ETMX_L3_CAL_LINE_OUT_DQ,0.2875266278794179,20.5,False,True,,BACKGROUND,0.0789524540305137,idxq4-64_queryq4-64
L1,1378810076,Family_01,L1:ASC-X_TR_A_NSUM_OUT_DQ,0.2457138666571079,180.0,False,True,,BACKGROUND,0.0799912884831428,idxq4-64_queryq4-64
L1,1378810076,Family_01,L1:CAL-PCALX_RX_PD_OUT_DQ,0.2403194341487003,108.5,False,True,,BACKGROUND,0.0799912884831428,idxq4-64_queryq4-64
L1,1378810076,Family_01,L1:CAL-PCALY_RX_PD_OUT_DQ,0.8200990901020841,20.0,True,True,,BACKGROUND,0.0799912884831428,idxq4-64_queryq4-64
L1,1378810076,Family_01,L1:IMC-WFS_B_I_PIT_OUT_DQ,0.3348501041754476,300.0,False,True,,BACKGROUND,0.0799912884831428,idxq4-64_queryq4-64
L1,1378810076,Family_01,L1:SUS-ETMX_L1_CAL_LINE_OUT_DQ,0.819111281019832,20.5,True,True,,BACKGROUND,0.0799912884831428,idxq4-64_queryq4-64
L1,1378810076,Family_01,L1:SUS-ETMX_L2_CAL_LINE_OUT_DQ,0.9365109888965896,20.0,True,True,,BACKGROUND,0.0799912884831428,idxq4-64_queryq4-64
L1,1378810076,Family_01,L1:SUS-ETMX_L3_CAL_LINE_OUT_DQ,0.6184913208515685,20.5,True,True,,BACKGROUND,0.0799912884831428,idxq4-64_queryq4-64
H1,1383298684,Family_01,H1:CAL-PCALX_RX_PD_OUT_DQ,0.3025816287330782,36.5,False,True,,BACKGROUND,0.0805712640285492,idxq4-64_queryq4-64
H1,1383298684,Family_01,H1:CAL-PCALY_RX_PD_OUT_DQ,0.2582233869257664,180.0,False,True,,BACKGROUND,0.0805712640285492,idxq4-64_queryq4-64
H1,1383298684,Family_01,H1:IMC-WFS_A_DC_PIT_OUT_DQ,0.3871488028605059,119.5,False,True,,BACKGROUND,0.0805712640285492,idxq4-64_queryq4-64
H1,1383298684,Family_01,H1:IMC-WFS_A_DC_YAW_OUT_DQ,0.3911792679714754,119.5,False,True,,BACKGROUND,0.0805712640285492,idxq4-64_queryq4-64
H1,1383298684,Family_01,H1:LSC-POP_A_LF_OUT_DQ,0.2724962995889567,120.0,False,True,,BACKGROUND,0.0805712640285492,idxq4-64_queryq4-64
H1,1383298684,Family_01,H1:LSC-REFL_A_RIN_OUT_DQ,0.581443741129091,180.0,False,True,,BACKGROUND,0.0805712640285492,idxq4-64_queryq4-64
H1,1383298684,Family_01,H1:SUS-ETMX_L1_CAL_LINE_OUT_DQ,0.2064016650162899,110.0,False,True,,BACKGROUND,0.0805712640285492,idxq4-64_queryq4-64
H1,1383298684,Family_01,H1:SUS-ETMX_L2_CAL_LINE_OUT_DQ,0.192666863560835,210.0,False,True,,BACKGROUND,0.0805712640285492,idxq4-64_queryq4-64
H1,1383298684,Family_01,H1:SUS-ETMX_L3_CAL_LINE_OUT_DQ,0.1462800025747909,252.0,False,True,,BACKGROUND,0.0805712640285492,idxq4-64_queryq4-64
H1,1386783232,Family_01,H1:CAL-PCALX_RX_PD_OUT_DQ,0.2036292186121069,439.5,False,True,,BACKGROUND,0.0812820866703987,idxq4-64_queryq4-64
H1,1386783232,Family_01,H1:CAL-PCALY_RX_PD_OUT_DQ,0.2872810711134356,78.0,False,True,,BACKGROUND,0.0812820866703987,idxq4-64_queryq4-64
H1,1386783232,Family_01,H1:IMC-WFS_A_DC_PIT_OUT_DQ,0.6863046873384846,180.0,False,True,,BACKGROUND,0.0812820866703987,idxq4-64_queryq4-64
H1,1386783232,Family_01,H1:IMC-WFS_A_DC_YAW_OUT_DQ,0.726042008622804,180.0,False,True,,BACKGROUND,0.0812820866703987,idxq4-64_queryq4-64
H1,1386783232,Family_01,H1:LSC-POP_A_LF_OUT_DQ,0.3764171200344129,60.0,False,True,,BACKGROUND,0.0812820866703987,idxq4-64_queryq4-64
H1,1386783232,Family_01,H1:LSC-REFL_A_RIN_OUT_DQ,0.8828918038809495,180.0,True,True,,BACKGROUND,0.0812820866703987,idxq4-64_queryq4-64
H1,1386783232,Family_01,H1:SUS-ETMX_L1_CAL_LINE_OUT_DQ,0.2272141817328642,195.0,False,True,,BACKGROUND,0.0812820866703987,idxq4-64_queryq4-64
H1,1386783232,Family_01,H1:SUS-ETMX_L2_CAL_LINE_OUT_DQ,0.1723118177823334,195.0,False,True,,BACKGROUND,0.0812820866703987,idxq4-64_queryq4-64
H1,1386783232,Family_01,H1:SUS-ETMX_L3_CAL_LINE_OUT_DQ,0.2098799993110008,225.5,False,True,,BACKGROUND,0.0812820866703987,idxq4-64_queryq4-64
H1,1369857308,Family_01,H1:CAL-PCALX_RX_PD_OUT_DQ,,,False,False,Fetch failed from nds.gwosc.org,BACKGROUND,0.0821491479873657,idxq4-64_queryq4-64
H1,1369857308,Family_01,H1:CAL-PCALY_RX_PD_OUT_DQ,0.2417562659836636,438.5,False,True,,BACKGROUND,0.0821491479873657,idxq4-64_queryq4-64
H1,1369857308,Family_01,H1:IMC-WFS_A_DC_PIT_OUT_DQ,,,False,False,Fetch failed from nds.gwosc.org,BACKGROUND,0.0821491479873657,idxq4-64_queryq4-64
H1,1369857308,Family_01,H1:IMC-WFS_A_DC_YAW_OUT_DQ,,,False,False,Fetch failed from nds.gwosc.org,BACKGROUND,0.0821491479873657,idxq4-64_queryq4-64
H1,1369857308,Family_01,H1:LSC-POP_A_LF_OUT_DQ,0.3752506659154992,32.5,False,True,,BACKGROUND,0.0821491479873657,idxq4-64_queryq4-64
H1,1369857308,Family_01,H1:LSC-REFL_A_RIN_OUT_DQ,,,False,False,Fetch failed from nds.gwosc.org,BACKGROUND,0.0821491479873657,idxq4-64_queryq4-64
H1,1369857308,Family_01,H1:SUS-ETMX_L1_CAL_LINE_OUT_DQ,0.1598191770187517,148.5,False,True,,BACKGROUND,0.0821491479873657,idxq4-64_queryq4-64
H1,1369857308,Family_01,H1:SUS-ETMX_L2_CAL_LINE_OUT_DQ,0.2051974175115621,249.0,False,True,,BACKGROUND,0.0821491479873657,idxq4-64_queryq4-64
H1,1369857308,Family_01,H1:SUS-ETMX_L3_CAL_LINE_OUT_DQ,0.1890622738492031,240.5,False,True,,BACKGROUND,0.0821491479873657,idxq4-64_queryq4-64
L1,1383602620,Family_01,L1:ASC-X_TR_A_NSUM_OUT_DQ,0.2594898007397991,278.0,False,True,,BACKGROUND,0.0832247212529182,idxq4-64_queryq4-64
L1,1383602620,Family_01,L1:CAL-PCALX_RX_PD_OUT_DQ,0.2000853000085824,276.0,False,True,,BACKGROUND,0.0832247212529182,idxq4-64_queryq4-64
L1,1383602620,Family_01,L1:CAL-PCALY_RX_PD_OUT_DQ,0.4182588565865211,180.0,False,True,,BACKGROUND,0.0832247212529182,idxq4-64_queryq4-64
L1,1383602620,Family_01,L1:IMC-WFS_B_I_PIT_OUT_DQ,0.3749960206274402,27.5,False,True,,BACKGROUND,0.0832247212529182,idxq4-64_queryq4-64
L1,1383602620,Family_01,L1:SUS-ETMX_L1_CAL_LINE_OUT_DQ,0.1880970970825472,199.5,False,True,,BACKGROUND,0.0832247212529182,idxq4-64_queryq4-64
L1,1383602620,Family_01,L1:SUS-ETMX_L2_CAL_LINE_OUT_DQ,0.217793101353496,123.5,False,True,,BACKGROUND,0.0832247212529182,idxq4-64_queryq4-64
L1,1383602620,Family_01,L1:SUS-ETMX_L3_CAL_LINE_OUT_DQ,0.1659087349065037,20.5,False,True,,BACKGROUND,0.0832247212529182,idxq4-64_queryq4-64
L1,1378021148,Family_01,L1:ASC-X_TR_A_NSUM_OUT_DQ,0.2576540117664001,300.0,False,True,,BACKGROUND,0.0839771032333374,idxq4-64_queryq4-64
L1,1378021148,Family_01,L1:CAL-PCALX_RX_PD_OUT_DQ,0.2506229791316032,180.0,False,True,,BACKGROUND,0.0839771032333374,idxq4-64_queryq4-64
L1,1378021148,Family_01,L1:CAL-PCALY_RX_PD_OUT_DQ,0.2221305757932712,455.0,False,True,,BACKGROUND,0.0839771032333374,idxq4-64_queryq4-64
L1,1378021148,Family_01,L1:IMC-WFS_B_I_PIT_OUT_DQ,0.8128939192930569,300.0,True,True,,BACKGROUND,0.0839771032333374,idxq4-64_queryq4-64
L1,1378021148,Family_01,L1:SUS-ETMX_L1_CAL_LINE_OUT_DQ,0.6457244509226433,20.0,True,True,,BACKGROUND,0.0839771032333374,idxq4-64_queryq4-64
L1,1378021148,Family_01,L1:SUS-ETMX_L2_CAL_LINE_OUT_DQ,0.6404697928293879,20.0,True,True,,BACKGROUND,0.0839771032333374,idxq4-64_queryq4-64
L1,1378021148,Family_01,L1:SUS-ETMX_L3_CAL_LINE_OUT_DQ,0.6748135658048701,20.0,True,True,,BACKGROUND,0.0839771032333374,idxq4-64_queryq4-64
H1,1379228092,Family_01,H1:CAL-PCALX_RX_PD_OUT_DQ,0.2590117054222027,414.0,False,True,,BACKGROUND,0.0845368057489395,idxq4-64_queryq4-64
H1,1379228092,Family_01,H1:CAL-PCALY_RX_PD_OUT_DQ,0.2754996412290926,252.0,False,True,,BACKGROUND,0.0845368057489395,idxq4-64_queryq4-64
H1,1379228092,Family_01,H1:IMC-WFS_A_DC_PIT_OUT_DQ,0.6354003274314217,120.5,False,True,,BACKGROUND,0.0845368057489395,idxq4-64_queryq4-64
H1,1379228092,Family_01,H1:IMC-WFS_A_DC_YAW_OUT_DQ,0.6540510451315504,60.0,False,True,,BACKGROUND,0.0845368057489395,idxq4-64_queryq4-64
H1,1379228092,Family_01,H1:LSC-POP_A_LF_OUT_DQ,0.3919074004724493,60.0,False,True,,BACKGROUND,0.0845368057489395,idxq4-64_queryq4-64
H1,1379228092,Family_01,H1:LSC-REFL_A_RIN_OUT_DQ,0.7161082294720987,180.0,True,True,,BACKGROUND,0.0845368057489395,idxq4-64_queryq4-64
H1,1379228092,Family_01,H1:SUS-ETMX_L1_CAL_LINE_OUT_DQ,0.1897609940828114,176.5,False,True,,BACKGROUND,0.0845368057489395,idxq4-64_queryq4-64
H1,1379228092,Family_01,H1:SUS-ETMX_L2_CAL_LINE_OUT_DQ,0.2303276549043364,208.5,False,True,,BACKGROUND,0.0845368057489395,idxq4-64_queryq4-64
H1,1379228092,Family_01,H1:SUS-ETMX_L3_CAL_LINE_OUT_DQ,0.1551289014151427,217.5,False,True,,BACKGROUND,0.0845368057489395,idxq4-64_queryq4-64
H1,1388184828,Family_01,H1:CAL-PCALX_RX_PD_OUT_DQ,0.2524691390366785,459.5,False,True,,BACKGROUND,0.085406444966793,idxq4-64_queryq4-64
H1,1388184828,Family_01,H1:CAL-PCALY_RX_PD_OUT_DQ,0.4005113992648734,180.0,False,True,,BACKGROUND,0.085406444966793,idxq4-64_queryq4-64
H1,1388184828,Family_01,H1:IMC-WFS_A_DC_PIT_OUT_DQ,0.6109895197843741,180.0,False,True,,BACKGROUND,0.085406444966793,idxq4-64_queryq4-64
H1,1388184828,Family_01,H1:IMC-WFS_A_DC_YAW_OUT_DQ,0.7210648156600913,180.0,False,True,,BACKGROUND,0.085406444966793,idxq4-64_queryq4-64
H1,1388184828,Family_01,H1:LSC-POP_A_LF_OUT_DQ,0.391464885659793,60.0,False,True,,BACKGROUND,0.085406444966793,idxq4-64_queryq4-64
H1,1388184828,Family_01,H1:LSC-REFL_A_RIN_OUT_DQ,0.8985127007824849,180.0,True,True,,BACKGROUND,0.085406444966793,idxq4-64_queryq4-64
H1,1388184828,Family_01,H1:SUS-ETMX_L1_CAL_LINE_OUT_DQ,0.2245111676704181,173.0,False,True,,BACKGROUND,0.085406444966793,idxq4-64_queryq4-64
H1,1388184828,Family_01,H1:SUS-ETMX_L2_CAL_LINE_OUT_DQ,0.2690284176334624,47.0,False,True,,BACKGROUND,0.085406444966793,idxq4-64_queryq4-64
H1,1388184828,Family_01,H1:SUS-ETMX_L3_CAL_LINE_OUT_DQ,0.1818757046883876,159.5,False,True,,BACKGROUND,0.085406444966793,idxq4-64_queryq4-64
H1,1373822940,Family_01,H1:CAL-PCALX_RX_PD_OUT_DQ,0.2142145554541165,211.5,False,True,,BACKGROUND,0.0859870240092277,idxq4-64_queryq4-64
H1,1373822940,Family_01,H1:CAL-PCALY_RX_PD_OUT_DQ,0.3755158168667096,120.0,False,True,,BACKGROUND,0.0859870240092277,idxq4-64_queryq4-64
H1,1373822940,Family_01,H1:IMC-WFS_A_DC_PIT_OUT_DQ,0.6190714639026078,180.0,False,True,,BACKGROUND,0.0859870240092277,idxq4-64_queryq4-64
H1,1373822940,Family_01,H1:IMC-WFS_A_DC_YAW_OUT_DQ,0.6535024382890958,180.0,False,True,,BACKGROUND,0.0859870240092277,idxq4-64_queryq4-64
H1,1373822940,Family_01,H1:LSC-POP_A_LF_OUT_DQ,0.4456746554252077,180.0,False,True,,BACKGROUND,0.0859870240092277,idxq4-64_queryq4-64
H1,1373822940,Family_01,H1:LSC-REFL_A_RIN_OUT_DQ,0.8695951644042162,180.0,True,True,,BACKGROUND,0.0859870240092277,idxq4-64_queryq4-64
H1,1373822940,Family_01,H1:SUS-ETMX_L1_CAL_LINE_OUT_DQ,0.2261638700159078,127.5,False,True,,BACKGROUND,0.0859870240092277,idxq4-64_queryq4-64
H1,1373822940,Family_01,H1:SUS-ETMX_L2_CAL_LINE_OUT_DQ,0.1915161192803311,102.5,False,True,,BACKGROUND,0.0859870240092277,idxq4-64_queryq4-64
H1,1373822940,Family_01,H1:SUS-ETMX_L3_CAL_LINE_OUT_DQ,0.1915810795892989,77.5,False,True,,BACKGROUND,0.0859870240092277,idxq4-64_queryq4-64
H1,1377683132,Family_01,H1:CAL-PCALX_RX_PD_OUT_DQ,0.2606431188135348,60.0,False,True,,BACKGROUND,0.0866388976573944,idxq4-64_queryq4-64
H1,1377683132,Family_01,H1:CAL-PCALY_RX_PD_OUT_DQ,0.1979372524004893,381.5,False,True,,BACKGROUND,0.0866388976573944,idxq4-64_queryq4-64
H1,1377683132,Family_01,H1:IMC-WFS_A_DC_PIT_OUT_DQ,0.8749340493215733,121.5,True,True,,BACKGROUND,0.0866388976573944,idxq4-64_queryq4-64
H1,1377683132,Family_01,H1:IMC-WFS_A_DC_YAW_OUT_DQ,0.8984032148348323,121.5,True,True,,BACKGROUND,0.0866388976573944,idxq4-64_queryq4-64
H1,1377683132,Family_01,H1:LSC-POP_A_LF_OUT_DQ,0.2338928680013987,20.0,False,True,,BACKGROUND,0.0866388976573944,idxq4-64_queryq4-64
H1,1377683132,Family_01,H1:LSC-REFL_A_RIN_OUT_DQ,0.8303101877780658,180.0,True,True,,BACKGROUND,0.0866388976573944,idxq4-64_queryq4-64
H1,1377683132,Family_01,H1:SUS-ETMX_L1_CAL_LINE_OUT_DQ,0.2421955804206323,20.0,False,True,,BACKGROUND,0.0866388976573944,idxq4-64_queryq4-64
H1,1377683132,Family_01,H1:SUS-ETMX_L2_CAL_LINE_OUT_DQ,0.2522166149758231,20.0,False,True,,BACKGROUND,0.0866388976573944,idxq4-64_queryq4-64
H1,1377683132,Family_01,H1:SUS-ETMX_L3_CAL_LINE_OUT_DQ,0.203134179561661,146.0,False,True,,BACKGROUND,0.0866388976573944,idxq4-64_queryq4-64
L1,1384365788,Family_01,L1:ASC-X_TR_A_NSUM_OUT_DQ,0.20414467136258,468.0,False,True,,BACKGROUND,0.0873155370354652,idxq4-64_queryq4-64
L1,1384365788,Family_01,L1:CAL-PCALX_RX_PD_OUT_DQ,0.2822335644034159,180.0,False,True,,BACKGROUND,0.0873155370354652,idxq4-64_queryq4-64
L1,1384365788,Family_01,L1:CAL-PCALY_RX_PD_OUT_DQ,0.1896946065013212,180.0,False,True,,BACKGROUND,0.0873155370354652,idxq4-64_queryq4-64
L1,1384365788,Family_01,L1:IMC-WFS_B_I_PIT_OUT_DQ,0.254676976819039,236.5,False,True,,BACKGROUND,0.0873155370354652,idxq4-64_queryq4-64
L1,1384365788,Family_01,L1:SUS-ETMX_L1_CAL_LINE_OUT_DQ,0.1959754838133795,20.0,False,True,,BACKGROUND,0.0873155370354652,idxq4-64_queryq4-64
L1,1384365788,Family_01,L1:SUS-ETMX_L2_CAL_LINE_OUT_DQ,0.2115300387013962,188.0,False,True,,BACKGROUND,0.0873155370354652,idxq4-64_queryq4-64
L1,1384365788,Family_01,L1:SUS-ETMX_L3_CAL_LINE_OUT_DQ,0.2413245145556055,20.0,False,True,,BACKGROUND,0.0873155370354652,idxq4-64_queryq4-64
L1,1370975356,Family_01,L1:ASC-X_TR_A_NSUM_OUT_DQ,0.2452029230222014,180.0,False,True,,BACKGROUND,0.0881917029619216,idxq4-64_queryq4-64
L1,1370975356,Family_01,L1:CAL-PCALX_RX_PD_OUT_DQ,0.3037126872495633,180.0,False,True,,BACKGROUND,0.0881917029619216,idxq4-64_queryq4-64
L1,1370975356,Family_01,L1:CAL-PCALY_RX_PD_OUT_DQ,0.2859607878594846,151.5,False,True,,BACKGROUND,0.0881917029619216,idxq4-64_queryq4-64
L1,1370975356,Family_01,L1:IMC-WFS_B_I_PIT_OUT_DQ,0.8732612304269635,60.0,True,True,,BACKGROUND,0.0881917029619216,idxq4-64_queryq4-64
L1,1370975356,Family_01,L1:SUS-ETMX_L1_CAL_LINE_OUT_DQ,0.3014553211230262,180.5,False,True,,BACKGROUND,0.0881917029619216,idxq4-64_queryq4-64
L1,1370975356,Family_01,L1:SUS-ETMX_L2_CAL_LINE_OUT_DQ,0.240032107029855,180.5,False,True,,BACKGROUND,0.0881917029619216,idxq4-64_queryq4-64
L1,1370975356,Family_01,L1:SUS-ETMX_L3_CAL_LINE_OUT_DQ,0.3544893190450773,180.0,False,True,,BACKGROUND,0.0881917029619216,idxq4-64_queryq4-64
H1,1377279356,Family_01,H1:CAL-PCALX_RX_PD_OUT_DQ,0.2016512044811114,43.5,False,True,,BACKGROUND,0.0889501422643661,idxq4-64_queryq4-64
H1,1377279356,Family_01,H1:CAL-PCALY_RX_PD_OUT_DQ,0.2274911102255816,320.5,False,True,,BACKGROUND,0.0889501422643661,idxq4-64_queryq4-64
H1,1377279356,Family_01,H1:IMC-WFS_A_DC_PIT_OUT_DQ,0.6047352262776504,121.5,False,True,,BACKGROUND,0.0889501422643661,idxq4-64_queryq4-64
H1,1377279356,Family_01,H1:IMC-WFS_A_DC_YAW_OUT_DQ,0.6265647214446526,121.5,False,True,,BACKGROUND,0.0889501422643661,idxq4-64_queryq4-64
H1,1377279356,Family_01,H1:LSC-POP_A_LF_OUT_DQ,0.2128873120392784,180.0,False,True,,BACKGROUND,0.0889501422643661,idxq4-64_queryq4-64
H1,1377279356,Family_01,H1:LSC-REFL_A_RIN_OUT_DQ,0.5271379651333579,180.0,False,True,,BACKGROUND,0.0889501422643661,idxq4-64_queryq4-64
H1,1377279356,Family_01,H1:SUS-ETMX_L1_CAL_LINE_OUT_DQ,0.2332974916783827,43.0,False,True,,BACKGROUND,0.0889501422643661,idxq4-64_queryq4-64
H1,1377279356,Family_01,H1:SUS-ETMX_L2_CAL_LINE_OUT_DQ,0.2195027865446995,43.0,False,True,,BACKGROUND,0.0889501422643661,idxq4-64_queryq4-64
H1,1377279356,Family_01,H1:SUS-ETMX_L3_CAL_LINE_OUT_DQ,0.1944099443570046,43.0,False,True,,BACKGROUND,0.0889501422643661,idxq4-64_queryq4-64
H1,1376495996,Family_01,H1:CAL-PCALX_RX_PD_OUT_DQ,0.2223725875063033,339.5,False,True,,BACKGROUND,0.0896761417388916,idxq4-64_queryq4-64
H1,1376495996,Family_01,H1:CAL-PCALY_RX_PD_OUT_DQ,0.3353695752872143,180.0,False,True,,BACKGROUND,0.0896761417388916,idxq4-64_queryq4-64
H1,1376495996,Family_01,H1:IMC-WFS_A_DC_PIT_OUT_DQ,0.6388034336778335,180.0,False,True,,BACKGROUND,0.0896761417388916,idxq4-64_queryq4-64
H1,1376495996,Family_01,H1:IMC-WFS_A_DC_YAW_OUT_DQ,0.6345521284559872,180.0,False,True,,BACKGROUND,0.0896761417388916,idxq4-64_queryq4-64
H1,1376495996,Family_01,H1:LSC-POP_A_LF_OUT_DQ,0.2060957379090969,131.0,False,True,,BACKGROUND,0.0896761417388916,idxq4-64_queryq4-64
H1,1376495996,Family_01,H1:LSC-REFL_A_RIN_OUT_DQ,0.9774125252063935,180.0,True,True,,BACKGROUND,0.0896761417388916,idxq4-64_queryq4-64
H1,1376495996,Family_01,H1:SUS-ETMX_L1_CAL_LINE_OUT_DQ,0.2435858065049885,156.5,False,True,,BACKGROUND,0.0896761417388916,idxq4-64_queryq4-64
H1,1376495996,Family_01,H1:SUS-ETMX_L2_CAL_LINE_OUT_DQ,0.1916115221617733,228.5,False,True,,BACKGROUND,0.0896761417388916,idxq4-64_queryq4-64
H1,1376495996,Family_01,H1:SUS-ETMX_L3_CAL_LINE_OUT_DQ,0.1907343874167767,129.5,False,True,,BACKGROUND,0.0896761417388916,idxq4-64_queryq4-64
H1,1388328060,Family_01,H1:CAL-PCALX_RX_PD_OUT_DQ,0.269030291952452,141.0,False,True,,BACKGROUND,0.0903052985668182,idxq4-64_queryq4-64
H1,1388328060,Family_01,H1:CAL-PCALY_RX_PD_OUT_DQ,0.3145388080477054,180.0,False,True,,BACKGROUND,0.0903052985668182,idxq4-64_queryq4-64
H1,1388328060,Family_01,H1:IMC-WFS_A_DC_PIT_OUT_DQ,0.7517131099851798,180.0,False,True,,BACKGROUND,0.0903052985668182,idxq4-64_queryq4-64
H1,1388328060,Family_01,H1:IMC-WFS_A_DC_YAW_OUT_DQ,0.7192357635554057,180.0,False,True,,BACKGROUND,0.0903052985668182,idxq4-64_queryq4-64
H1,1388328060,Family_01,H1:LSC-POP_A_LF_OUT_DQ,0.2414091530106096,426.5,False,True,,BACKGROUND,0.0903052985668182,idxq4-64_queryq4-64
H1,1388328060,Family_01,H1:LSC-REFL_A_RIN_OUT_DQ,0.8767377417654144,180.0,True,True,,BACKGROUND,0.0903052985668182,idxq4-64_queryq4-64
H1,1388328060,Family_01,H1:SUS-ETMX_L1_CAL_LINE_OUT_DQ,0.2297203530097727,61.0,False,True,,BACKGROUND,0.0903052985668182,idxq4-64_queryq4-64
H1,1388328060,Family_01,H1:SUS-ETMX_L2_CAL_LINE_OUT_DQ,0.1863646375796236,61.0,False,True,,BACKGROUND,0.0903052985668182,idxq4-64_queryq4-64
H1,1388328060,Family_01,H1:SUS-ETMX_L3_CAL_LINE_OUT_DQ,0.2406991793364685,61.0,False,True,,BACKGROUND,0.0903052985668182,idxq4-64_queryq4-64
H1,1383890108,Family_01,H1:CAL-PCALX_RX_PD_OUT_DQ,0.196360145847237,373.5,False,True,,BACKGROUND,0.0909956470131874,idxq4-64_queryq4-64
H1,1383890108,Family_01,H1:CAL-PCALY_RX_PD_OUT_DQ,0.4563752846710278,180.0,False,True,,BACKGROUND,0.0909956470131874,idxq4-64_queryq4-64
H1,1383890108,Family_01,H1:IMC-WFS_A_DC_PIT_OUT_DQ,0.703680634217635,180.0,False,True,,BACKGROUND,0.0909956470131874,idxq4-64_queryq4-64
H1,1383890108,Family_01,H1:IMC-WFS_A_DC_YAW_OUT_DQ,0.8341924837626342,180.0,True,True,,BACKGROUND,0.0909956470131874,idxq4-64_queryq4-64
H1,1383890108,Family_01,H1:LSC-POP_A_LF_OUT_DQ,0.544396276866266,60.0,False,True,,BACKGROUND,0.0909956470131874,idxq4-64_queryq4-64
H1,1383890108,Family_01,H1:LSC-REFL_A_RIN_OUT_DQ,0.9636233997122416,180.0,True,True,,BACKGROUND,0.0909956470131874,idxq4-64_queryq4-64
H1,1383890108,Family_01,H1:SUS-ETMX_L1_CAL_LINE_OUT_DQ,0.2583234193118333,111.0,False,True,,BACKGROUND,0.0909956470131874,idxq4-64_queryq4-64
H1,1383890108,Family_01,H1:SUS-ETMX_L2_CAL_LINE_OUT_DQ,0.2359385525512699,53.0,False,True,,BACKGROUND,0.0909956470131874,idxq4-64_queryq4-64
H1,1383890108,Family_01,H1:SUS-ETMX_L3_CAL_LINE_OUT_DQ,0.1863031673970764,53.0,False,True,,BACKGROUND,0.0909956470131874,idxq4-64_queryq4-64
H1,1374167292,Family_01,H1:CAL-PCALX_RX_PD_OUT_DQ,0.1842801600576855,333.0,False,True,,BACKGROUND,0.0915746986865997,idxq4-64_queryq4-64
H1,1374167292,Family_01,H1:CAL-PCALY_RX_PD_OUT_DQ,0.3029226117202672,291.0,False,True,,BACKGROUND,0.0915746986865997,idxq4-64_queryq4-64
H1,1374167292,Family_01,H1:IMC-WFS_A_DC_PIT_OUT_DQ,0.4143435878654328,122.0,False,True,,BACKGROUND,0.0915746986865997,idxq4-64_queryq4-64
H1,1374167292,Family_01,H1:IMC-WFS_A_DC_YAW_OUT_DQ,0.4507597692372789,30.0,False,True,,BACKGROUND,0.0915746986865997,idxq4-64_queryq4-64
H1,1374167292,Family_01,H1:LSC-POP_A_LF_OUT_DQ,0.2081277327501731,293.5,False,True,,BACKGROUND,0.0915746986865997,idxq4-64_queryq4-64
H1,1374167292,Family_01,H1:LSC-REFL_A_RIN_OUT_DQ,0.4166686552729768,180.0,False,True,,BACKGROUND,0.0915746986865997,idxq4-64_queryq4-64
H1,1374167292,Family_01,H1:SUS-ETMX_L1_CAL_LINE_OUT_DQ,0.2182555619077229,108.5,False,True,,BACKGROUND,0.0915746986865997,idxq4-64_queryq4-64
H1,1374167292,Family_01,H1:SUS-ETMX_L2_CAL_LINE_OUT_DQ,0.2753542474832494,49.5,False,True,,BACKGROUND,0.0915746986865997,idxq4-64_queryq4-64
H1,1374167292,Family_01,H1:SUS-ETMX_L3_CAL_LINE_OUT_DQ,0.2051543552417763,95.5,False,True,,BACKGROUND,0.0915746986865997,idxq4-64_queryq4-64
H1,1389013852,Family_01,H1:CAL-PCALX_RX_PD_OUT_DQ,0.2771091805453752,53.5,False,True,,BACKGROUND,0.0920632034540176,idxq4-64_queryq4-64
H1,1389013852,Family_01,H1:CAL-PCALY_RX_PD_OUT_DQ,0.2968121935981055,404.5,False,True,,BACKGROUND,0.0920632034540176,idxq4-64_queryq4-64
H1,1389013852,Family_01,H1:IMC-WFS_A_DC_PIT_OUT_DQ,0.7510470177278316,180.0,False,True,,BACKGROUND,0.0920632034540176,idxq4-64_queryq4-64
H1,1389013852,Family_01,H1:IMC-WFS_A_DC_YAW_OUT_DQ,0.9016524693552056,60.0,True,True,,BACKGROUND,0.0920632034540176,idxq4-64_queryq4-64
H1,1389013852,Family_01,H1:LSC-POP_A_LF_OUT_DQ,0.6091255077280335,60.0,True,True,,BACKGROUND,0.0920632034540176,idxq4-64_queryq4-64
H1,1389013852,Family_01,H1:LSC-REFL_A_RIN_OUT_DQ,0.9747714186148652,180.0,True,True,,BACKGROUND,0.0920632034540176,idxq4-64_queryq4-64
H1,1389013852,Family_01,H1:SUS-ETMX_L1_CAL_LINE_OUT_DQ,0.1973899089260834,250.0,False,True,,BACKGROUND,0.0920632034540176,idxq4-64_queryq4-64
H1,1389013852,Family_01,H1:SUS-ETMX_L2_CAL_LINE_OUT_DQ,0.1818346036944254,163.5,False,True,,BACKGROUND,0.0920632034540176,idxq4-64_queryq4-64
H1,1389013852,Family_01,H1:SUS-ETMX_L3_CAL_LINE_OUT_DQ,0.1511644838932396,231.0,False,True,,BACKGROUND,0.0920632034540176,idxq4-64_queryq4-64
L1,1369327228,Family_01,L1:ASC-X_TR_A_NSUM_OUT_DQ,0.20005596316711,180.0,False,True,,BACKGROUND,0.092566505074501,idxq4-64_queryq4-64
L1,1369327228,Family_01,L1:CAL-PCALX_RX_PD_OUT_DQ,0.758314314029098,20.5,True,True,,BACKGROUND,0.092566505074501,idxq4-64_queryq4-64
L1,1369327228,Family_01,L1:CAL-PCALY_RX_PD_OUT_DQ,0.208107394615193,182.0,False,True,,BACKGROUND,0.092566505074501,idxq4-64_queryq4-64
L1,1369327228,Family_01,L1:IMC-WFS_B_I_PIT_OUT_DQ,0.6111103105116241,60.0,False,True,,BACKGROUND,0.092566505074501,idxq4-64_queryq4-64
L1,1369327228,Family_01,L1:SUS-ETMX_L1_CAL_LINE_OUT_DQ,0.8860287527906944,21.5,True,True,,BACKGROUND,0.092566505074501,idxq4-64_queryq4-64
L1,1369327228,Family_01,L1:SUS-ETMX_L2_CAL_LINE_OUT_DQ,0.8822820705840355,21.5,True,True,,BACKGROUND,0.092566505074501,idxq4-64_queryq4-64
L1,1369327228,Family_01,L1:SUS-ETMX_L3_CAL_LINE_OUT_DQ,0.9188864866256972,21.5,True,True,,BACKGROUND,0.092566505074501,idxq4-64_queryq4-64
L1,1370938204,Family_01,L1:ASC-X_TR_A_NSUM_OUT_DQ,0.1891839763818714,240.5,False,True,,BACKGROUND,0.0931800752878189,idxq4-64_queryq4-64
L1,1370938204,Family_01,L1:CAL-PCALX_RX_PD_OUT_DQ,0.2506382812953244,300.0,False,True,,BACKGROUND,0.0931800752878189,idxq4-64_queryq4-64
L1,1370938204,Family_01,L1:CAL-PCALY_RX_PD_OUT_DQ,0.1995233606873082,174.5,False,True,,BACKGROUND,0.0931800752878189,idxq4-64_queryq4-64
L1,1370938204,Family_01,L1:IMC-WFS_B_I_PIT_OUT_DQ,0.7625128151653799,60.0,False,True,,BACKGROUND,0.0931800752878189,idxq4-64_queryq4-64
L1,1370938204,Family_01,L1:SUS-ETMX_L1_CAL_LINE_OUT_DQ,0.3209641729052407,21.0,False,True,,BACKGROUND,0.0931800752878189,idxq4-64_queryq4-64
L1,1370938204,Family_01,L1:SUS-ETMX_L2_CAL_LINE_OUT_DQ,0.3206732907379581,21.0,False,True,,BACKGROUND,0.0931800752878189,idxq4-64_queryq4-64
L1,1370938204,Family_01,L1:SUS-ETMX_L3_CAL_LINE_OUT_DQ,0.3167920940924946,21.0,False,True,,BACKGROUND,0.0931800752878189,idxq4-64_queryq4-64
L1,1377844316,Family_01,L1:ASC-X_TR_A_NSUM_OUT_DQ,0.2297197834002284,272.0,False,True,,BACKGROUND,0.0937894210219383,idxq4-64_queryq4-64
L1,1377844316,Family_01,L1:CAL-PCALX_RX_PD_OUT_DQ,0.3896126686895876,20.5,False,True,,BACKGROUND,0.0937894210219383,idxq4-64_queryq4-64
L1,1377844316,Family_01,L1:CAL-PCALY_RX_PD_OUT_DQ,0.6903132491484727,20.0,True,True,,BACKGROUND,0.0937894210219383,idxq4-64_queryq4-64
L1,1377844316,Family_01,L1:IMC-WFS_B_I_PIT_OUT_DQ,0.7702052441177224,60.0,False,True,,BACKGROUND,0.0937894210219383,idxq4-64_queryq4-64
L1,1377844316,Family_01,L1:SUS-ETMX_L1_CAL_LINE_OUT_DQ,0.6292114233062122,20.5,True,True,,BACKGROUND,0.0937894210219383,idxq4-64_queryq4-64
L1,1377844316,Family_01,L1:SUS-ETMX_L2_CAL_LINE_OUT_DQ,0.7542473421751469,20.0,True,True,,BACKGROUND,0.0937894210219383,idxq4-64_queryq4-64
L1,1377844316,Family_01,L1:SUS-ETMX_L3_CAL_LINE_OUT_DQ,0.5099205076464243,20.5,False,True,,BACKGROUND,0.0937894210219383,idxq4-64_queryq4-64
H1,1387122588,Family_01,H1:CAL-PCALX_RX_PD_OUT_DQ,0.2727203995712021,53.5,False,True,,BACKGROUND,0.0943701788783073,idxq4-64_queryq4-64
H1,1387122588,Family_01,H1:CAL-PCALY_RX_PD_OUT_DQ,0.2647248147735468,180.0,False,True,,BACKGROUND,0.0943701788783073,idxq4-64_queryq4-64
H1,1387122588,Family_01,H1:IMC-WFS_A_DC_PIT_OUT_DQ,0.7659466897370408,180.0,False,True,,BACKGROUND,0.0943701788783073,idxq4-64_queryq4-64
H1,1387122588,Family_01,H1:IMC-WFS_A_DC_YAW_OUT_DQ,0.8129776929016436,180.0,True,True,,BACKGROUND,0.0943701788783073,idxq4-64_queryq4-64
H1,1387122588,Family_01,H1:LSC-POP_A_LF_OUT_DQ,0.3139074637348846,180.0,False,True,,BACKGROUND,0.0943701788783073,idxq4-64_queryq4-64
H1,1387122588,Family_01,H1:LSC-REFL_A_RIN_OUT_DQ,0.9554041152354752,180.0,True,True,,BACKGROUND,0.0943701788783073,idxq4-64_queryq4-64
H1,1387122588,Family_01,H1:SUS-ETMX_L1_CAL_LINE_OUT_DQ,0.2469737303100582,221.0,False,True,,BACKGROUND,0.0943701788783073,idxq4-64_queryq4-64
H1,1387122588,Family_01,H1:SUS-ETMX_L2_CAL_LINE_OUT_DQ,0.2146469185217636,186.0,False,True,,BACKGROUND,0.0943701788783073,idxq4-64_queryq4-64
H1,1387122588,Family_01,H1:SUS-ETMX_L3_CAL_LINE_OUT_DQ,0.2473333303186293,252.5,False,True,,BACKGROUND,0.0943701788783073,idxq4-64_queryq4-64
H1,1384241532,Family_01,H1:CAL-PCALX_RX_PD_OUT_DQ,0.2377152487143051,286.0,False,True,,BACKGROUND,0.0949319303035736,idxq4-64_queryq4-64
H1,1384241532,Family_01,H1:CAL-PCALY_RX_PD_OUT_DQ,0.3712997458642591,180.0,False,True,,BACKGROUND,0.0949319303035736,idxq4-64_queryq4-64
H1,1384241532,Family_01,H1:IMC-WFS_A_DC_PIT_OUT_DQ,0.6255586363961518,120.0,False,True,,BACKGROUND,0.0949319303035736,idxq4-64_queryq4-64
H1,1384241532,Family_01,H1:IMC-WFS_A_DC_YAW_OUT_DQ,0.7392051986220375,60.0,False,True,,BACKGROUND,0.0949319303035736,idxq4-64_queryq4-64
H1,1384241532,Family_01,H1:LSC-POP_A_LF_OUT_DQ,0.6208286578160143,120.0,True,True,,BACKGROUND,0.0949319303035736,idxq4-64_queryq4-64
H1,1384241532,Family_01,H1:LSC-REFL_A_RIN_OUT_DQ,0.81194810458167,60.0,True,True,,BACKGROUND,0.0949319303035736,idxq4-64_queryq4-64
H1,1384241532,Family_01,H1:SUS-ETMX_L1_CAL_LINE_OUT_DQ,0.2641214757989309,184.5,False,True,,BACKGROUND,0.0949319303035736,idxq4-64_queryq4-64
H1,1384241532,Family_01,H1:SUS-ETMX_L2_CAL_LINE_OUT_DQ,0.2988346010905209,184.5,False,True,,BACKGROUND,0.0949319303035736,idxq4-64_queryq4-64
H1,1384241532,Family_01,H1:SUS-ETMX_L3_CAL_LINE_OUT_DQ,0.3964720729948709,120.0,False,True,,BACKGROUND,0.0949319303035736,idxq4-64_queryq4-64
H1,1376348412,Family_01,H1:CAL-PCALX_RX_PD_OUT_DQ,0.2787307831036525,400.5,False,True,,BACKGROUND,0.0956818908452987,idxq4-64_queryq4-64
H1,1376348412,Family_01,H1:CAL-PCALY_RX_PD_OUT_DQ,0.3081238463277545,180.0,False,True,,BACKGROUND,0.0956818908452987,idxq4-64_queryq4-64
H1,1376348412,Family_01,H1:IMC-WFS_A_DC_PIT_OUT_DQ,0.6915313413756967,60.0,False,True,,BACKGROUND,0.0956818908452987,idxq4-64_queryq4-64
H1,1376348412,Family_01,H1:IMC-WFS_A_DC_YAW_OUT_DQ,0.821316717438505,60.0,True,True,,BACKGROUND,0.0956818908452987,idxq4-64_queryq4-64
H1,1376348412,Family_01,H1:LSC-POP_A_LF_OUT_DQ,0.5250428464234758,60.0,False,True,,BACKGROUND,0.0956818908452987,idxq4-64_queryq4-64
H1,1376348412,Family_01,H1:LSC-REFL_A_RIN_OUT_DQ,0.9488525823419256,180.0,True,True,,BACKGROUND,0.0956818908452987,idxq4-64_queryq4-64
H1,1376348412,Family_01,H1:SUS-ETMX_L1_CAL_LINE_OUT_DQ,0.1775627545353663,148.5,False,True,,BACKGROUND,0.0956818908452987,idxq4-64_queryq4-64
H1,1376348412,Family_01,H1:SUS-ETMX_L2_CAL_LINE_OUT_DQ,0.1645295279215941,239.0,False,True,,BACKGROUND,0.0956818908452987,idxq4-64_queryq4-64
H1,1376348412,Family_01,H1:SUS-ETMX_L3_CAL_LINE_OUT_DQ,0.2192825948198565,181.5,False,True,,BACKGROUND,0.0956818908452987,idxq4-64_queryq4-64
H1,1387494940,Family_01,H1:CAL-PCALX_RX_PD_OUT_DQ,0.2657346943805819,343.5,False,True,,BACKGROUND,0.096434362232685,idxq4-64_queryq4-64
H1,1387494940,Family_01,H1:CAL-PCALY_RX_PD_OUT_DQ,0.3536020877462182,180.0,False,True,,BACKGROUND,0.096434362232685,idxq4-64_queryq4-64
H1,1387494940,Family_01,H1:IMC-WFS_A_DC_PIT_OUT_DQ,0.7251687152979551,180.0,False,True,,BACKGROUND,0.096434362232685,idxq4-64_queryq4-64
H1,1387494940,Family_01,H1:IMC-WFS_A_DC_YAW_OUT_DQ,0.7903625608027248,180.0,False,True,,BACKGROUND,0.096434362232685,idxq4-64_queryq4-64
H1,1387494940,Family_01,H1:LSC-POP_A_LF_OUT_DQ,0.2522227025750902,60.0,False,True,,BACKGROUND,0.096434362232685,idxq4-64_queryq4-64
H1,1387494940,Family_01,H1:LSC-REFL_A_RIN_OUT_DQ,0.9778038055302098,180.0,True,True,,BACKGROUND,0.096434362232685,idxq4-64_queryq4-64
H1,1387494940,Family_01,H1:SUS-ETMX_L1_CAL_LINE_OUT_DQ,0.2196148254527371,196.5,False,True,,BACKGROUND,0.096434362232685,idxq4-64_queryq4-64
H1,1387494940,Family_01,H1:SUS-ETMX_L2_CAL_LINE_OUT_DQ,0.2828849085569898,20.5,False,True,,BACKGROUND,0.096434362232685,idxq4-64_queryq4-64
H1,1387494940,Family_01,H1:SUS-ETMX_L3_CAL_LINE_OUT_DQ,0.1757168620244784,183.0,False,True,,BACKGROUND,0.096434362232685,idxq4-64_queryq4-64
H1,1381335100,Family_01,H1:CAL-PCALX_RX_PD_OUT_DQ,0.3291573499060323,33.5,False,True,,BACKGROUND,0.0970928966999054,idxq4-64_queryq4-64
H1,1381335100,Family_01,H1:CAL-PCALY_RX_PD_OUT_DQ,0.2642091084295776,464.5,False,True,,BACKGROUND,0.0970928966999054,idxq4-64_queryq4-64
H1,1381335100,Family_01,H1:IMC-WFS_A_DC_PIT_OUT_DQ,0.7061909798049611,60.0,False,True,,BACKGROUND,0.0970928966999054,idxq4-64_queryq4-64
H1,1381335100,Family_01,H1:IMC-WFS_A_DC_YAW_OUT_DQ,0.9695075931854326,60.0,True,True,,BACKGROUND,0.0970928966999054,idxq4-64_queryq4-64
H1,1381335100,Family_01,H1:LSC-POP_A_LF_OUT_DQ,0.528877010658642,60.0,False,True,,BACKGROUND,0.0970928966999054,idxq4-64_queryq4-64
H1,1381335100,Family_01,H1:LSC-REFL_A_RIN_OUT_DQ,0.991823256593668,60.0,True,True,,BACKGROUND,0.0970928966999054,idxq4-64_queryq4-64
H1,1381335100,Family_01,H1:SUS-ETMX_L1_CAL_LINE_OUT_DQ,0.193768338607715,243.5,False,True,,BACKGROUND,0.0970928966999054,idxq4-64_queryq4-64
H1,1381335100,Family_01,H1:SUS-ETMX_L2_CAL_LINE_OUT_DQ,0.1711382856232906,250.0,False,True,,BACKGROUND,0.0970928966999054,idxq4-64_queryq4-64
H1,1381335100,Family_01,H1:SUS-ETMX_L3_CAL_LINE_OUT_DQ,0.1510438567664294,184.5,False,True,,BACKGROUND,0.0970928966999054,idxq4-64_queryq4-64
H1,1374125852,Family_01,H1:CAL-PCALX_RX_PD_OUT_DQ,0.3349155850011009,21.5,False,True,,BACKGROUND,0.0975576713681221,idxq4-64_queryq4-64
H1,1374125852,Family_01,H1:CAL-PCALY_RX_PD_OUT_DQ,0.3133152823366673,21.5,False,True,,BACKGROUND,0.0975576713681221,idxq4-64_queryq4-64
H1,1374125852,Family_01,H1:IMC-WFS_A_DC_PIT_OUT_DQ,0.6124043926706472,180.0,False,True,,BACKGROUND,0.0975576713681221,idxq4-64_queryq4-64
H1,1374125852,Family_01,H1:IMC-WFS_A_DC_YAW_OUT_DQ,0.6829721695957555,60.0,False,True,,BACKGROUND,0.0975576713681221,idxq4-64_queryq4-64
H1,1374125852,Family_01,H1:LSC-POP_A_LF_OUT_DQ,0.4522278222573495,60.0,False,True,,BACKGROUND,0.0975576713681221,idxq4-64_queryq4-64
H1,1374125852,Family_01,H1:LSC-REFL_A_RIN_OUT_DQ,0.9660531972023414,180.0,True,True,,BACKGROUND,0.0975576713681221,idxq4-64_queryq4-64
H1,1374125852,Family_01,H1:SUS-ETMX_L1_CAL_LINE_OUT_DQ,0.2691636239395699,21.0,False,True,,BACKGROUND,0.0975576713681221,idxq4-64_queryq4-64
H1,1374125852,Family_01,H1:SUS-ETMX_L2_CAL_LINE_OUT_DQ,0.248631488646532,21.0,False,True,,BACKGROUND,0.0975576713681221,idxq4-64_queryq4-64
H1,1374125852,Family_01,H1:SUS-ETMX_L3_CAL_LINE_OUT_DQ,0.2451639811648577,129.0,False,True,,BACKGROUND,0.0975576713681221,idxq4-64_queryq4-64
H1,1372354524,Family_01,H1:CAL-PCALX_RX_PD_OUT_DQ,0.234561512462001,21.0,False,True,,BACKGROUND,0.0981285274028778,idxq4-64_queryq4-64
H1,1372354524,Family_01,H1:CAL-PCALY_RX_PD_OUT_DQ,0.2554137535203828,430.0,False,True,,BACKGROUND,0.0981285274028778,idxq4-64_queryq4-64
H1,1372354524,Family_01,H1:IMC-WFS_A_DC_PIT_OUT_DQ,0.6211455920324893,121.0,False,True,,BACKGROUND,0.0981285274028778,idxq4-64_queryq4-64
H1,1372354524,Family_01,H1:IMC-WFS_A_DC_YAW_OUT_DQ,0.6286813412533064,121.0,False,True,,BACKGROUND,0.0981285274028778,idxq4-64_queryq4-64
H1,1372354524,Family_01,H1:LSC-POP_A_LF_OUT_DQ,0.3493645315114702,180.0,False,True,,BACKGROUND,0.0981285274028778,idxq4-64_queryq4-64
H1,1372354524,Family_01,H1:LSC-REFL_A_RIN_OUT_DQ,0.9522442028806438,180.0,True,True,,BACKGROUND,0.0981285274028778,idxq4-64_queryq4-64
H1,1372354524,Family_01,H1:SUS-ETMX_L1_CAL_LINE_OUT_DQ,0.3353647085192804,194.0,False,True,,BACKGROUND,0.0981285274028778,idxq4-64_queryq4-64
H1,1372354524,Family_01,H1:SUS-ETMX_L2_CAL_LINE_OUT_DQ,0.3115385748284004,194.0,False,True,,BACKGROUND,0.0981285274028778,idxq4-64_queryq4-64
H1,1372354524,Family_01,H1:SUS-ETMX_L3_CAL_LINE_OUT_DQ,0.1938274511890579,22.0,False,True,,BACKGROUND,0.0981285274028778,idxq4-64_queryq4-64
H1,1383564188,Family_01,H1:CAL-PCALX_RX_PD_OUT_DQ,0.2806271909503117,455.5,False,True,,BACKGROUND,0.0985890701413154,idxq4-64_queryq4-64
H1,1383564188,Family_01,H1:CAL-PCALY_RX_PD_OUT_DQ,0.4338405991276928,180.0,False,True,,BACKGROUND,0.0985890701413154,idxq4-64_queryq4-64
H1,1383564188,Family_01,H1:IMC-WFS_A_DC_PIT_OUT_DQ,0.5283772163542005,180.0,False,True,,BACKGROUND,0.0985890701413154,idxq4-64_queryq4-64
H1,1383564188,Family_01,H1:IMC-WFS_A_DC_YAW_OUT_DQ,0.7792631403140682,60.0,False,True,,BACKGROUND,0.0985890701413154,idxq4-64_queryq4-64
H1,1383564188,Family_01,H1:LSC-POP_A_LF_OUT_DQ,0.4988815059141374,60.0,False,True,,BACKGROUND,0.0985890701413154,idxq4-64_queryq4-64
H1,1383564188,Family_01,H1:LSC-REFL_A_RIN_OUT_DQ,0.7603399501865585,60.0,True,True,,BACKGROUND,0.0985890701413154,idxq4-64_queryq4-64
H1,1383564188,Family_01,H1:SUS-ETMX_L1_CAL_LINE_OUT_DQ,0.2135711870040279,130.0,False,True,,BACKGROUND,0.0985890701413154,idxq4-64_queryq4-64
H1,1383564188,Family_01,H1:SUS-ETMX_L2_CAL_LINE_OUT_DQ,0.2184869012038249,130.0,False,True,,BACKGROUND,0.0985890701413154,idxq4-64_queryq4-64
H1,1383564188,Family_01,H1:SUS-ETMX_L3_CAL_LINE_OUT_DQ,0.2174743329236142,218.5,False,True,,BACKGROUND,0.0985890701413154,idxq4-64_queryq4-64
H1,1387273692,Family_01,H1:CAL-PCALX_RX_PD_OUT_DQ,0.2469774066657432,329.0,False,True,,BACKGROUND,0.0990295335650444,idxq4-64_queryq4-64
H1,1387273692,Family_01,H1:CAL-PCALY_RX_PD_OUT_DQ,0.2750707538812148,240.0,False,True,,BACKGROUND,0.0990295335650444,idxq4-64_queryq4-64
H1,1387273692,Family_01,H1:IMC-WFS_A_DC_PIT_OUT_DQ,0.5236345059663681,120.0,False,True,,BACKGROUND,0.0990295335650444,idxq4-64_queryq4-64
H1,1387273692,Family_01,H1:IMC-WFS_A_DC_YAW_OUT_DQ,0.5516069521192225,60.0,False,True,,BACKGROUND,0.0990295335650444,idxq4-64_queryq4-64
H1,1387273692,Family_01,H1:LSC-POP_A_LF_OUT_DQ,0.3418275083891052,60.0,False,True,,BACKGROUND,0.0990295335650444,idxq4-64_queryq4-64
H1,1387273692,Family_01,H1:LSC-REFL_A_RIN_OUT_DQ,0.6159097369198974,60.0,True,True,,BACKGROUND,0.0990295335650444,idxq4-64_queryq4-64
H1,1387273692,Family_01,H1:SUS-ETMX_L1_CAL_LINE_OUT_DQ,0.2362525279715678,22.5,False,True,,BACKGROUND,0.0990295335650444,idxq4-64_queryq4-64
H1,1387273692,Family_01,H1:SUS-ETMX_L2_CAL_LINE_OUT_DQ,0.2518382113803561,22.5,False,True,,BACKGROUND,0.0990295335650444,idxq4-64_queryq4-64
H1,1387273692,Family_01,H1:SUS-ETMX_L3_CAL_LINE_OUT_DQ,0.2602912019171074,21.0,False,True,,BACKGROUND,0.0990295335650444,idxq4-64_queryq4-64
H1,1384782428,Family_01,H1:CAL-PCALX_RX_PD_OUT_DQ,0.1893480538733517,417.0,False,True,,BACKGROUND,0.0996956825256347,idxq4-64_queryq4-64
H1,1384782428,Family_01,H1:CAL-PCALY_RX_PD_OUT_DQ,0.201192188491574,38.5,False,True,,BACKGROUND,0.0996956825256347,idxq4-64_queryq4-64
H1,1384782428,Family_01,H1:IMC-WFS_A_DC_PIT_OUT_DQ,0.3788062628160935,145.0,False,True,,BACKGROUND,0.0996956825256347,idxq4-64_queryq4-64
H1,1384782428,Family_01,H1:IMC-WFS_A_DC_YAW_OUT_DQ,0.3448348749827695,411.0,False,True,,BACKGROUND,0.0996956825256347,idxq4-64_queryq4-64
H1,1384782428,Family_01,H1:LSC-POP_A_LF_OUT_DQ,0.1919702294606763,208.0,False,True,,BACKGROUND,0.0996956825256347,idxq4-64_queryq4-64
H1,1384782428,Family_01,H1:LSC-REFL_A_RIN_OUT_DQ,0.2859969618303384,75.0,False,True,,BACKGROUND,0.0996956825256347,idxq4-64_queryq4-64
H1,1384782428,Family_01,H1:SUS-ETMX_L1_CAL_LINE_OUT_DQ,0.1910008622025789,38.0,False,True,,BACKGROUND,0.0996956825256347,idxq4-64_queryq4-64
H1,1384782428,Family_01,H1:SUS-ETMX_L2_CAL_LINE_OUT_DQ,0.1905173054385192,148.5,False,True,,BACKGROUND,0.0996956825256347,idxq4-64_queryq4-64
H1,1384782428,Family_01,H1:SUS-ETMX_L3_CAL_LINE_OUT_DQ,0.1886224747290409,38.0,False,True,,BACKGROUND,0.0996956825256347,idxq4-64_queryq4-64
L1,1370823068,Family_01,L1:ASC-X_TR_A_NSUM_OUT_DQ,0.2895817505765525,180.0,False,True,,BACKGROUND,0.100389540195465,idxq4-64_queryq4-64
L1,1370823068,Family_01,L1:CAL-PCALX_RX_PD_OUT_DQ,0.1803577878546526,176.0,False,True,,BACKGROUND,0.100389540195465,idxq4-64_queryq4-64
L1,1370823068,Family_01,L1:CAL-PCALY_RX_PD_OUT_DQ,0.2255726313088027,198.0,False,True,,BACKGROUND,0.100389540195465,idxq4-64_queryq4-64
L1,1370823068,Family_01,L1:IMC-WFS_B_I_PIT_OUT_DQ,0.2692507863251649,303.5,False,True,,BACKGROUND,0.100389540195465,idxq4-64_queryq4-64
L1,1370823068,Family_01,L1:SUS-ETMX_L1_CAL_LINE_OUT_DQ,0.538700258927519,20.0,False,True,,BACKGROUND,0.100389540195465,idxq4-64_queryq4-64
L1,1370823068,Family_01,L1:SUS-ETMX_L2_CAL_LINE_OUT_DQ,0.5383097523934262,20.0,False,True,,BACKGROUND,0.100389540195465,idxq4-64_queryq4-64
L1,1370823068,Family_01,L1:SUS-ETMX_L3_CAL_LINE_OUT_DQ,0.5398467012028545,21.0,False,True,,BACKGROUND,0.100389540195465,idxq4-64_queryq4-64
H1,1388314268,Family_01,H1:CAL-PCALX_RX_PD_OUT_DQ,0.3417540587454725,180.0,False,True,,BACKGROUND,0.1012685894966125,idxq4-64_queryq4-64
H1,1388314268,Family_01,H1:CAL-PCALY_RX_PD_OUT_DQ,0.2870726982970357,180.0,False,True,,BACKGROUND,0.1012685894966125,idxq4-64_queryq4-64
H1,1388314268,Family_01,H1:IMC-WFS_A_DC_PIT_OUT_DQ,0.6361382153844904,180.0,False,True,,BACKGROUND,0.1012685894966125,idxq4-64_queryq4-64
H1,1388314268,Family_01,H1:IMC-WFS_A_DC_YAW_OUT_DQ,0.7545856851274347,180.0,False,True,,BACKGROUND,0.1012685894966125,idxq4-64_queryq4-64
H1,1388314268,Family_01,H1:LSC-POP_A_LF_OUT_DQ,0.4100977913042647,60.0,False,True,,BACKGROUND,0.1012685894966125,idxq4-64_queryq4-64
H1,1388314268,Family_01,H1:LSC-REFL_A_RIN_OUT_DQ,0.9136043364775536,180.0,True,True,,BACKGROUND,0.1012685894966125,idxq4-64_queryq4-64
H1,1388314268,Family_01,H1:SUS-ETMX_L1_CAL_LINE_OUT_DQ,0.2353166974549386,21.0,False,True,,BACKGROUND,0.1012685894966125,idxq4-64_queryq4-64
H1,1388314268,Family_01,H1:SUS-ETMX_L2_CAL_LINE_OUT_DQ,0.2683423186482722,112.5,False,True,,BACKGROUND,0.1012685894966125,idxq4-64_queryq4-64
H1,1388314268,Family_01,H1:SUS-ETMX_L3_CAL_LINE_OUT_DQ,0.2208086509574662,21.0,False,True,,BACKGROUND,0.1012685894966125,idxq4-64_queryq4-64
H1,1377343004,Family_01,H1:CAL-PCALX_RX_PD_OUT_DQ,0.217386339869645,432.0,False,True,,BACKGROUND,0.1018185243010521,idxq4-64_queryq4-64
H1,1377343004,Family_01,H1:CAL-PCALY_RX_PD_OUT_DQ,0.3168396023773419,410.5,False,True,,BACKGROUND,0.1018185243010521,idxq4-64_queryq4-64
H1,1377343004,Family_01,H1:IMC-WFS_A_DC_PIT_OUT_DQ,0.578680065029892,122.0,False,True,,BACKGROUND,0.1018185243010521,idxq4-64_queryq4-64
H1,1377343004,Family_01,H1:IMC-WFS_A_DC_YAW_OUT_DQ,0.5464322865168852,122.0,False,True,,BACKGROUND,0.1018185243010521,idxq4-64_queryq4-64
H1,1377343004,Family_01,H1:LSC-POP_A_LF_OUT_DQ,0.4039250495773759,20.0,False,True,,BACKGROUND,0.1018185243010521,idxq4-64_queryq4-64
H1,1377343004,Family_01,H1:LSC-REFL_A_RIN_OUT_DQ,0.7636278758567399,180.0,True,True,,BACKGROUND,0.1018185243010521,idxq4-64_queryq4-64
H1,1377343004,Family_01,H1:SUS-ETMX_L1_CAL_LINE_OUT_DQ,0.2352326293872641,240.5,False,True,,BACKGROUND,0.1018185243010521,idxq4-64_queryq4-64
H1,1377343004,Family_01,H1:SUS-ETMX_L2_CAL_LINE_OUT_DQ,0.2037305424163888,121.0,False,True,,BACKGROUND,0.1018185243010521,idxq4-64_queryq4-64
H1,1377343004,Family_01,H1:SUS-ETMX_L3_CAL_LINE_OUT_DQ,0.5262059307780415,256.0,False,True,,BACKGROUND,0.1018185243010521,idxq4-64_queryq4-64
H1,1372522876,Family_01,H1:CAL-PCALX_RX_PD_OUT_DQ,0.1964355779864942,412.5,False,True,,BACKGROUND,0.1026497855782508,idxq4-64_queryq4-64
H1,1372522876,Family_01,H1:CAL-PCALY_RX_PD_OUT_DQ,0.1970586929139816,355.5,False,True,,BACKGROUND,0.1026497855782508,idxq4-64_queryq4-64
H1,1372522876,Family_01,H1:IMC-WFS_A_DC_PIT_OUT_DQ,0.6016037884691834,120.5,False,True,,BACKGROUND,0.1026497855782508,idxq4-64_queryq4-64
H1,1372522876,Family_01,H1:IMC-WFS_A_DC_YAW_OUT_DQ,0.6088083142532624,120.5,False,True,,BACKGROUND,0.1026497855782508,idxq4-64_queryq4-64
H1,1372522876,Family_01,H1:LSC-POP_A_LF_OUT_DQ,0.2717602674266891,124.0,False,True,,BACKGROUND,0.1026497855782508,idxq4-64_queryq4-64
H1,1372522876,Family_01,H1:LSC-REFL_A_RIN_OUT_DQ,0.6786224369011589,180.0,True,True,,BACKGROUND,0.1026497855782508,idxq4-64_queryq4-64
H1,1372522876,Family_01,H1:SUS-ETMX_L1_CAL_LINE_OUT_DQ,0.2449565424398729,20.0,False,True,,BACKGROUND,0.1026497855782508,idxq4-64_queryq4-64
H1,1372522876,Family_01,H1:SUS-ETMX_L2_CAL_LINE_OUT_DQ,0.235973068301578,122.0,False,True,,BACKGROUND,0.1026497855782508,idxq4-64_queryq4-64
H1,1372522876,Family_01,H1:SUS-ETMX_L3_CAL_LINE_OUT_DQ,0.2186141461985334,20.0,False,True,,BACKGROUND,0.1026497855782508,idxq4-64_queryq4-64
H1,1374485436,Family_01,H1:CAL-PCALX_RX_PD_OUT_DQ,0.2017628214227872,20.5,False,True,,BACKGROUND,0.1036921590566635,idxq4-64_queryq4-64
H1,1374485436,Family_01,H1:CAL-PCALY_RX_PD_OUT_DQ,0.9011287236158207,25.0,True,True,,BACKGROUND,0.1036921590566635,idxq4-64_queryq4-64
H1,1374485436,Family_01,H1:IMC-WFS_A_DC_PIT_OUT_DQ,0.4773232295095884,121.0,False,True,,BACKGROUND,0.1036921590566635,idxq4-64_queryq4-64
H1,1374485436,Family_01,H1:IMC-WFS_A_DC_YAW_OUT_DQ,0.4871702720067977,121.0,False,True,,BACKGROUND,0.1036921590566635,idxq4-64_queryq4-64
H1,1374485436,Family_01,H1:LSC-POP_A_LF_OUT_DQ,0.2310870271433711,180.0,False,True,,BACKGROUND,0.1036921590566635,idxq4-64_queryq4-64
H1,1374485436,Family_01,H1:LSC-REFL_A_RIN_OUT_DQ,0.575956440497914,180.0,False,True,,BACKGROUND,0.1036921590566635,idxq4-64_queryq4-64
H1,1374485436,Family_01,H1:SUS-ETMX_L1_CAL_LINE_OUT_DQ,0.3067636777358788,36.0,False,True,,BACKGROUND,0.1036921590566635,idxq4-64_queryq4-64
H1,1374485436,Family_01,H1:SUS-ETMX_L2_CAL_LINE_OUT_DQ,0.1938308340878446,20.0,False,True,,BACKGROUND,0.1036921590566635,idxq4-64_queryq4-64
H1,1374485436,Family_01,H1:SUS-ETMX_L3_CAL_LINE_OUT_DQ,0.2929372656781199,36.0,False,True,,BACKGROUND,0.1036921590566635,idxq4-64_queryq4-64
H1,1387258556,Family_01,H1:CAL-PCALX_RX_PD_OUT_DQ,0.2133648712278881,486.0,False,True,,BACKGROUND,0.1043968796730041,idxq4-64_queryq4-64
H1,1387258556,Family_01,H1:CAL-PCALY_RX_PD_OUT_DQ,0.3715379134473043,180.0,False,True,,BACKGROUND,0.1043968796730041,idxq4-64_queryq4-64
H1,1387258556,Family_01,H1:IMC-WFS_A_DC_PIT_OUT_DQ,0.68104446199426,180.0,False,True,,BACKGROUND,0.1043968796730041,idxq4-64_queryq4-64
H1,1387258556,Family_01,H1:IMC-WFS_A_DC_YAW_OUT_DQ,0.8827753267991064,60.0,True,True,,BACKGROUND,0.1043968796730041,idxq4-64_queryq4-64
H1,1387258556,Family_01,H1:LSC-POP_A_LF_OUT_DQ,0.529837044413665,180.0,False,True,,BACKGROUND,0.1043968796730041,idxq4-64_queryq4-64
H1,1387258556,Family_01,H1:LSC-REFL_A_RIN_OUT_DQ,0.9244648676405924,180.0,True,True,,BACKGROUND,0.1043968796730041,idxq4-64_queryq4-64
H1,1387258556,Family_01,H1:SUS-ETMX_L1_CAL_LINE_OUT_DQ,0.1938934569657175,119.0,False,True,,BACKGROUND,0.1043968796730041,idxq4-64_queryq4-64
H1,1387258556,Family_01,H1:SUS-ETMX_L2_CAL_LINE_OUT_DQ,0.2722831349003896,97.5,False,True,,BACKGROUND,0.1043968796730041,idxq4-64_queryq4-64
H1,1387258556,Family_01,H1:SUS-ETMX_L3_CAL_LINE_OUT_DQ,0.2052609159891332,191.5,False,True,,BACKGROUND,0.1043968796730041,idxq4-64_queryq4-64
H1,1382975324,Family_01,H1:CAL-PCALX_RX_PD_OUT_DQ,0.2652597720385539,447.5,False,True,,BACKGROUND,0.1051264479756355,idxq4-64_queryq4-64
H1,1382975324,Family_01,H1:CAL-PCALY_RX_PD_OUT_DQ,0.5120349412300632,180.0,False,True,,BACKGROUND,0.1051264479756355,idxq4-64_queryq4-64
H1,1382975324,Family_01,H1:IMC-WFS_A_DC_PIT_OUT_DQ,0.6707616135066581,180.0,False,True,,BACKGROUND,0.1051264479756355,idxq4-64_queryq4-64
H1,1382975324,Family_01,H1:IMC-WFS_A_DC_YAW_OUT_DQ,0.8393390807000706,180.0,True,True,,BACKGROUND,0.1051264479756355,idxq4-64_queryq4-64
H1,1382975324,Family_01,H1:LSC-POP_A_LF_OUT_DQ,0.4068147744260697,60.0,False,True,,BACKGROUND,0.1051264479756355,idxq4-64_queryq4-64
H1,1382975324,Family_01,H1:LSC-REFL_A_RIN_OUT_DQ,0.977948282903907,180.0,True,True,,BACKGROUND,0.1051264479756355,idxq4-64_queryq4-64
H1,1382975324,Family_01,H1:SUS-ETMX_L1_CAL_LINE_OUT_DQ,0.1994890565723928,243.0,False,True,,BACKGROUND,0.1051264479756355,idxq4-64_queryq4-64
H1,1382975324,Family_01,H1:SUS-ETMX_L2_CAL_LINE_OUT_DQ,0.2146011014514311,243.0,False,True,,BACKGROUND,0.1051264479756355,idxq4-64_queryq4-64
H1,1382975324,Family_01,H1:SUS-ETMX_L3_CAL_LINE_OUT_DQ,0.219982339847661,81.0,False,True,,BACKGROUND,0.1051264479756355,idxq4-64_queryq4-64
H1,1373268380,Family_01,H1:CAL-PCALX_RX_PD_OUT_DQ,0.2326116613801335,66.5,False,True,,BACKGROUND,0.1057617142796516,idxq4-64_queryq4-64
H1,1373268380,Family_01,H1:CAL-PCALY_RX_PD_OUT_DQ,0.344562665431773,180.0,False,True,,BACKGROUND,0.1057617142796516,idxq4-64_queryq4-64
H1,1373268380,Family_01,H1:IMC-WFS_A_DC_PIT_OUT_DQ,0.7657667167398846,121.5,False,True,,BACKGROUND,0.1057617142796516,idxq4-64_queryq4-64
H1,1373268380,Family_01,H1:IMC-WFS_A_DC_YAW_OUT_DQ,0.78761836264663,121.5,False,True,,BACKGROUND,0.1057617142796516,idxq4-64_queryq4-64
H1,1373268380,Family_01,H1:LSC-POP_A_LF_OUT_DQ,0.4095400099107371,32.5,False,True,,BACKGROUND,0.1057617142796516,idxq4-64_queryq4-64
H1,1373268380,Family_01,H1:LSC-REFL_A_RIN_OUT_DQ,0.8726366048846008,180.0,True,True,,BACKGROUND,0.1057617142796516,idxq4-64_queryq4-64
H1,1373268380,Family_01,H1:SUS-ETMX_L1_CAL_LINE_OUT_DQ,0.2968463722233538,158.0,False,True,,BACKGROUND,0.1057617142796516,idxq4-64_queryq4-64
H1,1373268380,Family_01,H1:SUS-ETMX_L2_CAL_LINE_OUT_DQ,0.2570541203556459,158.0,False,True,,BACKGROUND,0.1057617142796516,idxq4-64_queryq4-64
H1,1373268380,Family_01,H1:SUS-ETMX_L3_CAL_LINE_OUT_DQ,0.1942514929288473,142.5,False,True,,BACKGROUND,0.1057617142796516,idxq4-64_queryq4-64
H1,1385210908,Family_01,H1:CAL-PCALX_RX_PD_OUT_DQ,0.2155045546705802,440.0,False,True,,BACKGROUND,0.1062146201729774,idxq4-64_queryq4-64
H1,1385210908,Family_01,H1:CAL-PCALY_RX_PD_OUT_DQ,0.337064322759001,180.0,False,True,,BACKGROUND,0.1062146201729774,idxq4-64_queryq4-64
H1,1385210908,Family_01,H1:IMC-WFS_A_DC_PIT_OUT_DQ,0.7708328060870032,120.0,False,True,,BACKGROUND,0.1062146201729774,idxq4-64_queryq4-64
H1,1385210908,Family_01,H1:IMC-WFS_A_DC_YAW_OUT_DQ,0.8103412948160068,180.0,True,True,,BACKGROUND,0.1062146201729774,idxq4-64_queryq4-64
H1,1385210908,Family_01,H1:LSC-POP_A_LF_OUT_DQ,0.8965010925577892,180.0,True,True,,BACKGROUND,0.1062146201729774,idxq4-64_queryq4-64
H1,1385210908,Family_01,H1:LSC-REFL_A_RIN_OUT_DQ,0.9679095631725532,180.0,True,True,,BACKGROUND,0.1062146201729774,idxq4-64_queryq4-64
H1,1385210908,Family_01,H1:SUS-ETMX_L1_CAL_LINE_OUT_DQ,0.4167218551686094,22.5,False,True,,BACKGROUND,0.1062146201729774,idxq4-64_queryq4-64
H1,1385210908,Family_01,H1:SUS-ETMX_L2_CAL_LINE_OUT_DQ,0.4229415209285008,22.5,False,True,,BACKGROUND,0.1062146201729774,idxq4-64_queryq4-64
H1,1385210908,Family_01,H1:SUS-ETMX_L3_CAL_LINE_OUT_DQ,0.3827814991079379,22.5,False,True,,BACKGROUND,0.1062146201729774,idxq4-64_queryq4-64
H1,1371361884,Family_01,H1:CAL-PCALX_RX_PD_OUT_DQ,0.1860400138154608,255.5,False,True,,BACKGROUND,0.1069522872567176,idxq4-64_queryq4-64
H1,1371361884,Family_01,H1:CAL-PCALY_RX_PD_OUT_DQ,0.200582379775643,266.5,False,True,,BACKGROUND,0.1069522872567176,idxq4-64_queryq4-64
H1,1371361884,Family_01,H1:IMC-WFS_A_DC_PIT_OUT_DQ,0.4684008168234334,180.0,False,True,,BACKGROUND,0.1069522872567176,idxq4-64_queryq4-64
H1,1371361884,Family_01,H1:IMC-WFS_A_DC_YAW_OUT_DQ,0.4229953419761766,27.0,False,True,,BACKGROUND,0.1069522872567176,idxq4-64_queryq4-64
H1,1371361884,Family_01,H1:LSC-POP_A_LF_OUT_DQ,0.2952637849889885,24.5,False,True,,BACKGROUND,0.1069522872567176,idxq4-64_queryq4-64
H1,1371361884,Family_01,H1:LSC-REFL_A_RIN_OUT_DQ,0.6354372664261051,302.0,True,True,,BACKGROUND,0.1069522872567176,idxq4-64_queryq4-64
H1,1371361884,Family_01,H1:SUS-ETMX_L1_CAL_LINE_OUT_DQ,0.2366238278932512,230.5,False,True,,BACKGROUND,0.1069522872567176,idxq4-64_queryq4-64
H1,1371361884,Family_01,H1:SUS-ETMX_L2_CAL_LINE_OUT_DQ,0.2403035193186568,167.5,False,True,,BACKGROUND,0.1069522872567176,idxq4-64_queryq4-64
H1,1371361884,Family_01,H1:SUS-ETMX_L3_CAL_LINE_OUT_DQ,0.1734066665478975,96.5,False,True,,BACKGROUND,0.1069522872567176,idxq4-64_queryq4-64
H1,1387124124,Family_01,H1:CAL-PCALX_RX_PD_OUT_DQ,0.2400986903274018,498.0,False,True,,BACKGROUND,0.1075926199555397,idxq4-64_queryq4-64
H1,1387124124,Family_01,H1:CAL-PCALY_RX_PD_OUT_DQ,0.2306379380163728,67.5,False,True,,BACKGROUND,0.1075926199555397,idxq4-64_queryq4-64
H1,1387124124,Family_01,H1:IMC-WFS_A_DC_PIT_OUT_DQ,0.5037460374189874,180.0,False,True,,BACKGROUND,0.1075926199555397,idxq4-64_queryq4-64
H1,1387124124,Family_01,H1:IMC-WFS_A_DC_YAW_OUT_DQ,0.6393128914228056,180.0,False,True,,BACKGROUND,0.1075926199555397,idxq4-64_queryq4-64
H1,1387124124,Family_01,H1:LSC-POP_A_LF_OUT_DQ,0.2834706991098014,60.0,False,True,,BACKGROUND,0.1075926199555397,idxq4-64_queryq4-64
H1,1387124124,Family_01,H1:LSC-REFL_A_RIN_OUT_DQ,0.8002660684977475,180.0,True,True,,BACKGROUND,0.1075926199555397,idxq4-64_queryq4-64
H1,1387124124,Family_01,H1:SUS-ETMX_L1_CAL_LINE_OUT_DQ,0.2633484346888746,226.0,False,True,,BACKGROUND,0.1075926199555397,idxq4-64_queryq4-64
H1,1387124124,Family_01,H1:SUS-ETMX_L2_CAL_LINE_OUT_DQ,0.2033764902075894,226.0,False,True,,BACKGROUND,0.1075926199555397,idxq4-64_queryq4-64
H1,1387124124,Family_01,H1:SUS-ETMX_L3_CAL_LINE_OUT_DQ,0.3065236736978959,254.5,False,True,,BACKGROUND,0.1075926199555397,idxq4-64_queryq4-64
H1,1388669948,Family_01,H1:CAL-PCALX_RX_PD_OUT_DQ,0.2145708677698534,465.5,False,True,,BACKGROUND,0.1083390042185783,idxq4-64_queryq4-64
H1,1388669948,Family_01,H1:CAL-PCALY_RX_PD_OUT_DQ,0.2977010051621798,180.0,False,True,,BACKGROUND,0.1083390042185783,idxq4-64_queryq4-64
H1,1388669948,Family_01,H1:IMC-WFS_A_DC_PIT_OUT_DQ,0.6062872826179867,180.0,False,True,,BACKGROUND,0.1083390042185783,idxq4-64_queryq4-64
H1,1388669948,Family_01,H1:IMC-WFS_A_DC_YAW_OUT_DQ,0.5795021267676648,180.0,False,True,,BACKGROUND,0.1083390042185783,idxq4-64_queryq4-64
H1,1388669948,Family_01,H1:LSC-POP_A_LF_OUT_DQ,0.3455621344194499,88.0,False,True,,BACKGROUND,0.1083390042185783,idxq4-64_queryq4-64
H1,1388669948,Family_01,H1:LSC-REFL_A_RIN_OUT_DQ,0.7815792625166581,180.0,True,True,,BACKGROUND,0.1083390042185783,idxq4-64_queryq4-64
H1,1388669948,Family_01,H1:SUS-ETMX_L1_CAL_LINE_OUT_DQ,0.1968650989195828,231.5,False,True,,BACKGROUND,0.1083390042185783,idxq4-64_queryq4-64
H1,1388669948,Family_01,H1:SUS-ETMX_L2_CAL_LINE_OUT_DQ,0.1606270023768397,134.5,False,True,,BACKGROUND,0.1083390042185783,idxq4-64_queryq4-64
H1,1388669948,Family_01,H1:SUS-ETMX_L3_CAL_LINE_OUT_DQ,0.1852825964640354,26.5,False,True,,BACKGROUND,0.1083390042185783,idxq4-64_queryq4-64
L1,1378540924,Family_01,L1:ASC-X_TR_A_NSUM_OUT_DQ,0.3160698867874958,20.0,False,True,,BACKGROUND,0.1089411601424217,idxq4-64_queryq4-64
L1,1378540924,Family_01,L1:CAL-PCALX_RX_PD_OUT_DQ,0.2216892489687778,97.5,False,True,,BACKGROUND,0.1089411601424217,idxq4-64_queryq4-64
L1,1378540924,Family_01,L1:CAL-PCALY_RX_PD_OUT_DQ,0.2283154460627319,498.0,False,True,,BACKGROUND,0.1089411601424217,idxq4-64_queryq4-64
L1,1378540924,Family_01,L1:IMC-WFS_B_I_PIT_OUT_DQ,0.8194063975573748,60.0,True,True,,BACKGROUND,0.1089411601424217,idxq4-64_queryq4-64
L1,1378540924,Family_01,L1:SUS-ETMX_L1_CAL_LINE_OUT_DQ,0.814082158968541,20.0,True,True,,BACKGROUND,0.1089411601424217,idxq4-64_queryq4-64
L1,1378540924,Family_01,L1:SUS-ETMX_L2_CAL_LINE_OUT_DQ,0.7798369011010683,20.0,True,True,,BACKGROUND,0.1089411601424217,idxq4-64_queryq4-64
L1,1378540924,Family_01,L1:SUS-ETMX_L3_CAL_LINE_OUT_DQ,0.755414118264144,20.0,True,True,,BACKGROUND,0.1089411601424217,idxq4-64_queryq4-64
H1,1373581660,Family_01,H1:CAL-PCALX_RX_PD_OUT_DQ,0.3495401412207388,284.0,False,True,,BACKGROUND,0.1094225049018859,idxq4-64_queryq4-64
H1,1373581660,Family_01,H1:CAL-PCALY_RX_PD_OUT_DQ,0.2851367596553654,180.0,False,True,,BACKGROUND,0.1094225049018859,idxq4-64_queryq4-64
H1,1373581660,Family_01,H1:IMC-WFS_A_DC_PIT_OUT_DQ,0.4861239568866458,180.0,False,True,,BACKGROUND,0.1094225049018859,idxq4-64_queryq4-64
H1,1373581660,Family_01,H1:IMC-WFS_A_DC_YAW_OUT_DQ,0.4477360759227806,121.0,False,True,,BACKGROUND,0.1094225049018859,idxq4-64_queryq4-64
H1,1373581660,Family_01,H1:LSC-POP_A_LF_OUT_DQ,0.2969974486431447,103.5,False,True,,BACKGROUND,0.1094225049018859,idxq4-64_queryq4-64
H1,1373581660,Family_01,H1:LSC-REFL_A_RIN_OUT_DQ,0.8575774936871111,180.0,True,True,,BACKGROUND,0.1094225049018859,idxq4-64_queryq4-64
H1,1373581660,Family_01,H1:SUS-ETMX_L1_CAL_LINE_OUT_DQ,0.2061296337185887,242.0,False,True,,BACKGROUND,0.1094225049018859,idxq4-64_queryq4-64
H1,1373581660,Family_01,H1:SUS-ETMX_L2_CAL_LINE_OUT_DQ,0.1687847231682732,228.5,False,True,,BACKGROUND,0.1094225049018859,idxq4-64_queryq4-64
H1,1373581660,Family_01,H1:SUS-ETMX_L3_CAL_LINE_OUT_DQ,0.1638376766278042,99.5,False,True,,BACKGROUND,0.1094225049018859,idxq4-64_queryq4-64
H1,1389040412,Family_01,H1:CAL-PCALX_RX_PD_OUT_DQ,0.2520811445989738,180.5,False,True,,BACKGROUND,0.110229954123497,idxq4-64_queryq4-64
H1,1389040412,Family_01,H1:CAL-PCALY_RX_PD_OUT_DQ,0.4588239525882855,180.0,False,True,,BACKGROUND,0.110229954123497,idxq4-64_queryq4-64
H1,1389040412,Family_01,H1:IMC-WFS_A_DC_PIT_OUT_DQ,0.8515871272085849,180.0,True,True,,BACKGROUND,0.110229954123497,idxq4-64_queryq4-64
H1,1389040412,Family_01,H1:IMC-WFS_A_DC_YAW_OUT_DQ,0.8589233809007017,60.5,True,True,,BACKGROUND,0.110229954123497,idxq4-64_queryq4-64
H1,1389040412,Family_01,H1:LSC-POP_A_LF_OUT_DQ,0.5842735337560825,60.0,False,True,,BACKGROUND,0.110229954123497,idxq4-64_queryq4-64
H1,1389040412,Family_01,H1:LSC-REFL_A_RIN_OUT_DQ,0.9785176376220592,180.0,True,True,,BACKGROUND,0.110229954123497,idxq4-64_queryq4-64
H1,1389040412,Family_01,H1:SUS-ETMX_L1_CAL_LINE_OUT_DQ,0.1882709040672041,210.0,False,True,,BACKGROUND,0.110229954123497,idxq4-64_queryq4-64
H1,1389040412,Family_01,H1:SUS-ETMX_L2_CAL_LINE_OUT_DQ,0.1833512836045233,210.0,False,True,,BACKGROUND,0.110229954123497,idxq4-64_queryq4-64
H1,1389040412,Family_01,H1:SUS-ETMX_L3_CAL_LINE_OUT_DQ,0.2121399254102336,177.5,False,True,,BACKGROUND,0.110229954123497,idxq4-64_queryq4-64
H1,1389002364,Family_01,H1:CAL-PCALX_RX_PD_OUT_DQ,0.3741284401589458,20.5,False,True,,BACKGROUND,0.1111408025026321,idxq4-64_queryq4-64
H1,1389002364,Family_01,H1:CAL-PCALY_RX_PD_OUT_DQ,0.3855939393039919,180.0,False,True,,BACKGROUND,0.1111408025026321,idxq4-64_queryq4-64
H1,1389002364,Family_01,H1:IMC-WFS_A_DC_PIT_OUT_DQ,0.8022483127947916,180.0,True,True,,BACKGROUND,0.1111408025026321,idxq4-64_queryq4-64
H1,1389002364,Family_01,H1:IMC-WFS_A_DC_YAW_OUT_DQ,0.7958041577069183,180.0,False,True,,BACKGROUND,0.1111408025026321,idxq4-64_queryq4-64
H1,1389002364,Family_01,H1:LSC-POP_A_LF_OUT_DQ,0.3927024806302613,60.0,False,True,,BACKGROUND,0.1111408025026321,idxq4-64_queryq4-64
H1,1389002364,Family_01,H1:LSC-REFL_A_RIN_OUT_DQ,0.9688440076502196,180.0,True,True,,BACKGROUND,0.1111408025026321,idxq4-64_queryq4-64
H1,1389002364,Family_01,H1:SUS-ETMX_L1_CAL_LINE_OUT_DQ,0.1968287615227121,159.5,False,True,,BACKGROUND,0.1111408025026321,idxq4-64_queryq4-64
H1,1389002364,Family_01,H1:SUS-ETMX_L2_CAL_LINE_OUT_DQ,0.2178294830114187,44.5,False,True,,BACKGROUND,0.1111408025026321,idxq4-64_queryq4-64
H1,1389002364,Family_01,H1:SUS-ETMX_L3_CAL_LINE_OUT_DQ,0.1511719352243988,22.0,False,True,,BACKGROUND,0.1111408025026321,idxq4-64_queryq4-64
H1,1382944060,Family_01,H1:CAL-PCALX_RX_PD_OUT_DQ,0.18100370805027,317.5,False,True,,BACKGROUND,0.1117795556783676,idxq4-64_queryq4-64
H1,1382944060,Family_01,H1:CAL-PCALY_RX_PD_OUT_DQ,0.2358183572382043,120.0,False,True,,BACKGROUND,0.1117795556783676,idxq4-64_queryq4-64
H1,1382944060,Family_01,H1:IMC-WFS_A_DC_PIT_OUT_DQ,0.4226892801089142,120.0,False,True,,BACKGROUND,0.1117795556783676,idxq4-64_queryq4-64
H1,1382944060,Family_01,H1:IMC-WFS_A_DC_YAW_OUT_DQ,0.468987896605545,30.0,False,True,,BACKGROUND,0.1117795556783676,idxq4-64_queryq4-64
H1,1382944060,Family_01,H1:LSC-POP_A_LF_OUT_DQ,0.366484543756779,37.0,False,True,,BACKGROUND,0.1117795556783676,idxq4-64_queryq4-64
H1,1382944060,Family_01,H1:LSC-REFL_A_RIN_OUT_DQ,0.4515321669125579,179.5,False,True,,BACKGROUND,0.1117795556783676,idxq4-64_queryq4-64
H1,1382944060,Family_01,H1:SUS-ETMX_L1_CAL_LINE_OUT_DQ,0.202574667678199,149.5,False,True,,BACKGROUND,0.1117795556783676,idxq4-64_queryq4-64
H1,1382944060,Family_01,H1:SUS-ETMX_L2_CAL_LINE_OUT_DQ,0.2000792480824491,216.5,False,True,,BACKGROUND,0.1117795556783676,idxq4-64_queryq4-64
H1,1382944060,Family_01,H1:SUS-ETMX_L3_CAL_LINE_OUT_DQ,0.2607174657514782,120.0,False,True,,BACKGROUND,0.1117795556783676,idxq4-64_queryq4-64
H1,1389430300,Family_01,H1:CAL-PCALX_RX_PD_OUT_DQ,0.2335683365526255,60.0,False,True,,BACKGROUND,0.1125234961509704,idxq4-64_queryq4-64
H1,1389430300,Family_01,H1:CAL-PCALY_RX_PD_OUT_DQ,0.2586185677369402,153.0,False,True,,BACKGROUND,0.1125234961509704,idxq4-64_queryq4-64
H1,1389430300,Family_01,H1:IMC-WFS_A_DC_PIT_OUT_DQ,0.8182010675506916,120.0,True,True,,BACKGROUND,0.1125234961509704,idxq4-64_queryq4-64
H1,1389430300,Family_01,H1:IMC-WFS_A_DC_YAW_OUT_DQ,0.8820001290906991,60.0,True,True,,BACKGROUND,0.1125234961509704,idxq4-64_queryq4-64
H1,1389430300,Family_01,H1:LSC-POP_A_LF_OUT_DQ,0.551242346721531,60.0,False,True,,BACKGROUND,0.1125234961509704,idxq4-64_queryq4-64
H1,1389430300,Family_01,H1:LSC-REFL_A_RIN_OUT_DQ,0.92281669169004,60.0,True,True,,BACKGROUND,0.1125234961509704,idxq4-64_queryq4-64
H1,1389430300,Family_01,H1:SUS-ETMX_L1_CAL_LINE_OUT_DQ,0.1653941890050063,22.0,False,True,,BACKGROUND,0.1125234961509704,idxq4-64_queryq4-64
H1,1389430300,Family_01,H1:SUS-ETMX_L2_CAL_LINE_OUT_DQ,0.160320947208851,165.0,False,True,,BACKGROUND,0.1125234961509704,idxq4-64_queryq4-64
H1,1389430300,Family_01,H1:SUS-ETMX_L3_CAL_LINE_OUT_DQ,0.719847153565105,120.0,True,True,,BACKGROUND,0.1125234961509704,idxq4-64_queryq4-64
H1,1383721116,Family_01,H1:CAL-PCALX_RX_PD_OUT_DQ,0.3723924248042657,20.0,False,True,,BACKGROUND,0.1133032813668251,idxq4-64_queryq4-64
H1,1383721116,Family_01,H1:CAL-PCALY_RX_PD_OUT_DQ,0.3555626349220535,180.0,False,True,,BACKGROUND,0.1133032813668251,idxq4-64_queryq4-64
H1,1383721116,Family_01,H1:IMC-WFS_A_DC_PIT_OUT_DQ,0.662081607810422,146.5,False,True,,BACKGROUND,0.1133032813668251,idxq4-64_queryq4-64
H1,1383721116,Family_01,H1:IMC-WFS_A_DC_YAW_OUT_DQ,0.7041882293510943,180.0,False,True,,BACKGROUND,0.1133032813668251,idxq4-64_queryq4-64
H1,1383721116,Family_01,H1:LSC-POP_A_LF_OUT_DQ,0.6346139280481076,180.0,True,True,,BACKGROUND,0.1133032813668251,idxq4-64_queryq4-64
H1,1383721116,Family_01,H1:LSC-REFL_A_RIN_OUT_DQ,0.8440704349313666,180.0,True,True,,BACKGROUND,0.1133032813668251,idxq4-64_queryq4-64
H1,1383721116,Family_01,H1:SUS-ETMX_L1_CAL_LINE_OUT_DQ,0.3295139918703731,20.0,False,True,,BACKGROUND,0.1133032813668251,idxq4-64_queryq4-64
H1,1383721116,Family_01,H1:SUS-ETMX_L2_CAL_LINE_OUT_DQ,0.2297725229760533,20.0,False,True,,BACKGROUND,0.1133032813668251,idxq4-64_queryq4-64
H1,1383721116,Family_01,H1:SUS-ETMX_L3_CAL_LINE_OUT_DQ,0.3252935915883108,20.0,False,True,,BACKGROUND,0.1133032813668251,idxq4-64_queryq4-64
H1,1379498396,Family_01,H1:CAL-PCALX_RX_PD_OUT_DQ,0.235280755687927,116.5,False,True,,BACKGROUND,0.1138243004679679,idxq4-64_queryq4-64
H1,1379498396,Family_01,H1:CAL-PCALY_RX_PD_OUT_DQ,0.3014781193465159,180.0,False,True,,BACKGROUND,0.1138243004679679,idxq4-64_queryq4-64
H1,1379498396,Family_01,H1:IMC-WFS_A_DC_PIT_OUT_DQ,0.7609824120526566,180.0,False,True,,BACKGROUND,0.1138243004679679,idxq4-64_queryq4-64
H1,1379498396,Family_01,H1:IMC-WFS_A_DC_YAW_OUT_DQ,0.7229926499068969,180.0,False,True,,BACKGROUND,0.1138243004679679,idxq4-64_queryq4-64
H1,1379498396,Family_01,H1:LSC-POP_A_LF_OUT_DQ,0.352168408047607,60.0,False,True,,BACKGROUND,0.1138243004679679,idxq4-64_queryq4-64
H1,1379498396,Family_01,H1:LSC-REFL_A_RIN_OUT_DQ,0.9807007574975738,180.0,True,True,,BACKGROUND,0.1138243004679679,idxq4-64_queryq4-64
H1,1379498396,Family_01,H1:SUS-ETMX_L1_CAL_LINE_OUT_DQ,0.2195430163339675,27.5,False,True,,BACKGROUND,0.1138243004679679,idxq4-64_queryq4-64
H1,1379498396,Family_01,H1:SUS-ETMX_L2_CAL_LINE_OUT_DQ,0.2131436964665204,27.5,False,True,,BACKGROUND,0.1138243004679679,idxq4-64_queryq4-64
H1,1379498396,Family_01,H1:SUS-ETMX_L3_CAL_LINE_OUT_DQ,0.1927561710457926,248.0,False,True,,BACKGROUND,0.1138243004679679,idxq4-64_queryq4-64
H1,1370796892,Family_01,H1:CAL-PCALX_RX_PD_OUT_DQ,,,False,False,Fetch failed from nds.gwosc.org,BACKGROUND,0.1147906482219696,idxq4-64_queryq4-64
H1,1370796892,Family_01,H1:CAL-PCALY_RX_PD_OUT_DQ,0.2316357875713451,180.0,False,True,,BACKGROUND,0.1147906482219696,idxq4-64_queryq4-64
H1,1370796892,Family_01,H1:IMC-WFS_A_DC_PIT_OUT_DQ,,,False,False,Fetch failed from nds.gwosc.org,BACKGROUND,0.1147906482219696,idxq4-64_queryq4-64
H1,1370796892,Family_01,H1:IMC-WFS_A_DC_YAW_OUT_DQ,,,False,False,Fetch failed from nds.gwosc.org,BACKGROUND,0.1147906482219696,idxq4-64_queryq4-64
H1,1370796892,Family_01,H1:LSC-POP_A_LF_OUT_DQ,0.4684075601141927,180.0,False,True,,BACKGROUND,0.1147906482219696,idxq4-64_queryq4-64
H1,1370796892,Family_01,H1:LSC-REFL_A_RIN_OUT_DQ,,,False,False,Fetch failed from nds.gwosc.org,BACKGROUND,0.1147906482219696,idxq4-64_queryq4-64
H1,1370796892,Family_01,H1:SUS-ETMX_L1_CAL_LINE_OUT_DQ,0.2032079414659103,171.5,False,True,,BACKGROUND,0.1147906482219696,idxq4-64_queryq4-64
H1,1370796892,Family_01,H1:SUS-ETMX_L2_CAL_LINE_OUT_DQ,0.1818071120717036,171.5,False,True,,BACKGROUND,0.1147906482219696,idxq4-64_queryq4-64
H1,1370796892,Family_01,H1:SUS-ETMX_L3_CAL_LINE_OUT_DQ,0.4300954207123828,120.0,False,True,,BACKGROUND,0.1147906482219696,idxq4-64_queryq4-64
L1,1370798972,Family_01,L1:ASC-X_TR_A_NSUM_OUT_DQ,0.2479647384187766,123.5,False,True,,BACKGROUND,0.115598440170288,idxq4-64_queryq4-64
L1,1370798972,Family_01,L1:CAL-PCALX_RX_PD_OUT_DQ,0.2063073518697553,359.5,False,True,,BACKGROUND,0.115598440170288,idxq4-64_queryq4-64
L1,1370798972,Family_01,L1:CAL-PCALY_RX_PD_OUT_DQ,0.2281242734264994,344.0,False,True,,BACKGROUND,0.115598440170288,idxq4-64_queryq4-64
L1,1370798972,Family_01,L1:IMC-WFS_B_I_PIT_OUT_DQ,0.3500700699128855,309.0,False,True,,BACKGROUND,0.115598440170288,idxq4-64_queryq4-64
L1,1370798972,Family_01,L1:SUS-ETMX_L1_CAL_LINE_OUT_DQ,0.4098368310404004,21.0,False,True,,BACKGROUND,0.115598440170288,idxq4-64_queryq4-64
L1,1370798972,Family_01,L1:SUS-ETMX_L2_CAL_LINE_OUT_DQ,0.2527800224797304,21.0,False,True,,BACKGROUND,0.115598440170288,idxq4-64_queryq4-64
L1,1370798972,Family_01,L1:SUS-ETMX_L3_CAL_LINE_OUT_DQ,0.4225903778014783,21.0,False,True,,BACKGROUND,0.115598440170288,idxq4-64_queryq4-64
H1,1372450524,Family_01,H1:CAL-PCALX_RX_PD_OUT_DQ,0.2193042383424678,478.5,False,True,,BACKGROUND,0.116712138056755,idxq4-64_queryq4-64
H1,1372450524,Family_01,H1:CAL-PCALY_RX_PD_OUT_DQ,0.1949400608882862,293.5,False,True,,BACKGROUND,0.116712138056755,idxq4-64_queryq4-64
H1,1372450524,Family_01,H1:IMC-WFS_A_DC_PIT_OUT_DQ,0.4830348156956332,121.5,False,True,,BACKGROUND,0.116712138056755,idxq4-64_queryq4-64
H1,1372450524,Family_01,H1:IMC-WFS_A_DC_YAW_OUT_DQ,0.5043983428902153,121.5,False,True,,BACKGROUND,0.116712138056755,idxq4-64_queryq4-64
H1,1372450524,Family_01,H1:LSC-POP_A_LF_OUT_DQ,0.2948283310334411,32.5,False,True,,BACKGROUND,0.116712138056755,idxq4-64_queryq4-64
H1,1372450524,Family_01,H1:LSC-REFL_A_RIN_OUT_DQ,0.447613400598944,180.0,False,True,,BACKGROUND,0.116712138056755,idxq4-64_queryq4-64
H1,1372450524,Family_01,H1:SUS-ETMX_L1_CAL_LINE_OUT_DQ,0.199623980557405,150.5,False,True,,BACKGROUND,0.116712138056755,idxq4-64_queryq4-64
H1,1372450524,Family_01,H1:SUS-ETMX_L2_CAL_LINE_OUT_DQ,0.1633197575995209,250.0,False,True,,BACKGROUND,0.116712138056755,idxq4-64_queryq4-64
H1,1372450524,Family_01,H1:SUS-ETMX_L3_CAL_LINE_OUT_DQ,0.1742016822179562,204.5,False,True,,BACKGROUND,0.116712138056755,idxq4-64_queryq4-64
H1,1389305436,Family_01,H1:CAL-PCALX_RX_PD_OUT_DQ,0.2907976428037587,21.0,False,True,,BACKGROUND,0.1176193207502365,idxq4-64_queryq4-64
H1,1389305436,Family_01,H1:CAL-PCALY_RX_PD_OUT_DQ,0.3162697658322583,20.5,False,True,,BACKGROUND,0.1176193207502365,idxq4-64_queryq4-64
H1,1389305436,Family_01,H1:IMC-WFS_A_DC_PIT_OUT_DQ,0.7504038576769777,120.0,False,True,,BACKGROUND,0.1176193207502365,idxq4-64_queryq4-64
H1,1389305436,Family_01,H1:IMC-WFS_A_DC_YAW_OUT_DQ,0.7546725518243381,120.0,False,True,,BACKGROUND,0.1176193207502365,idxq4-64_queryq4-64
H1,1389305436,Family_01,H1:LSC-POP_A_LF_OUT_DQ,0.3591320555187156,26.5,False,True,,BACKGROUND,0.1176193207502365,idxq4-64_queryq4-64
H1,1389305436,Family_01,H1:LSC-REFL_A_RIN_OUT_DQ,0.6509985780038327,180.0,True,True,,BACKGROUND,0.1176193207502365,idxq4-64_queryq4-64
H1,1389305436,Family_01,H1:SUS-ETMX_L1_CAL_LINE_OUT_DQ,0.2511650693339621,165.0,False,True,,BACKGROUND,0.1176193207502365,idxq4-64_queryq4-64
H1,1389305436,Family_01,H1:SUS-ETMX_L2_CAL_LINE_OUT_DQ,0.2087861816214634,234.0,False,True,,BACKGROUND,0.1176193207502365,idxq4-64_queryq4-64
H1,1389305436,Family_01,H1:SUS-ETMX_L3_CAL_LINE_OUT_DQ,0.1823290152062469,120.0,False,True,,BACKGROUND,0.1176193207502365,idxq4-64_queryq4-64
H1,1374175036,Family_01,H1:CAL-PCALX_RX_PD_OUT_DQ,0.210628683949003,404.0,False,True,,BACKGROUND,0.1185487285256385,idxq4-64_queryq4-64
H1,1374175036,Family_01,H1:CAL-PCALY_RX_PD_OUT_DQ,0.3273748215098028,180.0,False,True,,BACKGROUND,0.1185487285256385,idxq4-64_queryq4-64
H1,1374175036,Family_01,H1:IMC-WFS_A_DC_PIT_OUT_DQ,0.6274971785683249,122.0,False,True,,BACKGROUND,0.1185487285256385,idxq4-64_queryq4-64
H1,1374175036,Family_01,H1:IMC-WFS_A_DC_YAW_OUT_DQ,0.7530707036629176,60.5,False,True,,BACKGROUND,0.1185487285256385,idxq4-64_queryq4-64
H1,1374175036,Family_01,H1:LSC-POP_A_LF_OUT_DQ,0.3573065710689158,180.0,False,True,,BACKGROUND,0.1185487285256385,idxq4-64_queryq4-64
H1,1374175036,Family_01,H1:LSC-REFL_A_RIN_OUT_DQ,0.964627356894311,180.0,True,True,,BACKGROUND,0.1185487285256385,idxq4-64_queryq4-64
H1,1374175036,Family_01,H1:SUS-ETMX_L1_CAL_LINE_OUT_DQ,0.2218408760975416,21.5,False,True,,BACKGROUND,0.1185487285256385,idxq4-64_queryq4-64
H1,1374175036,Family_01,H1:SUS-ETMX_L2_CAL_LINE_OUT_DQ,0.2487981319400318,21.5,False,True,,BACKGROUND,0.1185487285256385,idxq4-64_queryq4-64
H1,1374175036,Family_01,H1:SUS-ETMX_L3_CAL_LINE_OUT_DQ,0.1836751830768356,23.5,False,True,,BACKGROUND,0.1185487285256385,idxq4-64_queryq4-64
L1,1379972892,Family_01,L1:ASC-X_TR_A_NSUM_OUT_DQ,0.2664925688599768,100.5,False,True,,BACKGROUND,0.1192960441112518,idxq4-64_queryq4-64
L1,1379972892,Family_01,L1:CAL-PCALX_RX_PD_OUT_DQ,0.2386726209047906,20.0,False,True,,BACKGROUND,0.1192960441112518,idxq4-64_queryq4-64
L1,1379972892,Family_01,L1:CAL-PCALY_RX_PD_OUT_DQ,0.2528176651370751,255.0,False,True,,BACKGROUND,0.1192960441112518,idxq4-64_queryq4-64
L1,1379972892,Family_01,L1:IMC-WFS_B_I_PIT_OUT_DQ,0.272279243308352,60.0,False,True,,BACKGROUND,0.1192960441112518,idxq4-64_queryq4-64
L1,1379972892,Family_01,L1:SUS-ETMX_L1_CAL_LINE_OUT_DQ,0.2895123020808864,20.0,False,True,,BACKGROUND,0.1192960441112518,idxq4-64_queryq4-64
L1,1379972892,Family_01,L1:SUS-ETMX_L2_CAL_LINE_OUT_DQ,0.193643756079711,215.5,False,True,,BACKGROUND,0.1192960441112518,idxq4-64_queryq4-64
L1,1379972892,Family_01,L1:SUS-ETMX_L3_CAL_LINE_OUT_DQ,0.306673264925708,20.0,False,True,,BACKGROUND,0.1192960441112518,idxq4-64_queryq4-64
L1,1380327164,Family_01,L1:ASC-X_TR_A_NSUM_OUT_DQ,0.2759356395603181,289.0,False,True,,BACKGROUND,0.1207427158951759,idxq4-64_queryq4-64
L1,1380327164,Family_01,L1:CAL-PCALX_RX_PD_OUT_DQ,0.2031326762796369,351.0,False,True,,BACKGROUND,0.1207427158951759,idxq4-64_queryq4-64
L1,1380327164,Family_01,L1:CAL-PCALY_RX_PD_OUT_DQ,0.2761356312126751,225.5,False,True,,BACKGROUND,0.1207427158951759,idxq4-64_queryq4-64
L1,1380327164,Family_01,L1:IMC-WFS_B_I_PIT_OUT_DQ,0.3841859944363993,60.0,False,True,,BACKGROUND,0.1207427158951759,idxq4-64_queryq4-64
L1,1380327164,Family_01,L1:SUS-ETMX_L1_CAL_LINE_OUT_DQ,0.4428220746615742,21.0,False,True,,BACKGROUND,0.1207427158951759,idxq4-64_queryq4-64
L1,1380327164,Family_01,L1:SUS-ETMX_L2_CAL_LINE_OUT_DQ,0.4294477862458107,21.0,False,True,,BACKGROUND,0.1207427158951759,idxq4-64_queryq4-64
L1,1380327164,Family_01,L1:SUS-ETMX_L3_CAL_LINE_OUT_DQ,0.4188537255385024,21.0,False,True,,BACKGROUND,0.1207427158951759,idxq4-64_queryq4-64
H1,1381677244,Family_01,H1:CAL-PCALX_RX_PD_OUT_DQ,0.26577616690814,393.5,False,True,,BACKGROUND,0.1216593906283378,idxq4-64_queryq4-64
H1,1381677244,Family_01,H1:CAL-PCALY_RX_PD_OUT_DQ,0.2306725098423562,180.0,False,True,,BACKGROUND,0.1216593906283378,idxq4-64_queryq4-64
H1,1381677244,Family_01,H1:IMC-WFS_A_DC_PIT_OUT_DQ,0.6301632830595859,180.0,False,True,,BACKGROUND,0.1216593906283378,idxq4-64_queryq4-64
H1,1381677244,Family_01,H1:IMC-WFS_A_DC_YAW_OUT_DQ,0.7127816789064546,180.0,False,True,,BACKGROUND,0.1216593906283378,idxq4-64_queryq4-64
H1,1381677244,Family_01,H1:LSC-POP_A_LF_OUT_DQ,0.230800007920614,60.0,False,True,,BACKGROUND,0.1216593906283378,idxq4-64_queryq4-64
H1,1381677244,Family_01,H1:LSC-REFL_A_RIN_OUT_DQ,0.7932761784859181,180.0,True,True,,BACKGROUND,0.1216593906283378,idxq4-64_queryq4-64
H1,1381677244,Family_01,H1:SUS-ETMX_L1_CAL_LINE_OUT_DQ,0.2750465365485496,236.5,False,True,,BACKGROUND,0.1216593906283378,idxq4-64_queryq4-64
H1,1381677244,Family_01,H1:SUS-ETMX_L2_CAL_LINE_OUT_DQ,0.2560671935216853,236.5,False,True,,BACKGROUND,0.1216593906283378,idxq4-64_queryq4-64
H1,1381677244,Family_01,H1:SUS-ETMX_L3_CAL_LINE_OUT_DQ,0.2746262282454174,232.0,False,True,,BACKGROUND,0.1216593906283378,idxq4-64_queryq4-64
H1,1382656028,Family_01,H1:CAL-PCALX_RX_PD_OUT_DQ,0.2351814418382959,457.5,False,True,,BACKGROUND,0.1225944384932518,idxq4-64_queryq4-64
H1,1382656028,Family_01,H1:CAL-PCALY_RX_PD_OUT_DQ,0.4588335355193593,22.5,False,True,,BACKGROUND,0.1225944384932518,idxq4-64_queryq4-64
H1,1382656028,Family_01,H1:IMC-WFS_A_DC_PIT_OUT_DQ,0.5509158094991952,180.0,False,True,,BACKGROUND,0.1225944384932518,idxq4-64_queryq4-64
H1,1382656028,Family_01,H1:IMC-WFS_A_DC_YAW_OUT_DQ,0.7837025189704548,180.0,False,True,,BACKGROUND,0.1225944384932518,idxq4-64_queryq4-64
H1,1382656028,Family_01,H1:LSC-POP_A_LF_OUT_DQ,0.7529304830910873,180.0,True,True,,BACKGROUND,0.1225944384932518,idxq4-64_queryq4-64
H1,1382656028,Family_01,H1:LSC-REFL_A_RIN_OUT_DQ,0.9196975578070749,180.0,True,True,,BACKGROUND,0.1225944384932518,idxq4-64_queryq4-64
H1,1382656028,Family_01,H1:SUS-ETMX_L1_CAL_LINE_OUT_DQ,0.1802425842215397,170.0,False,True,,BACKGROUND,0.1225944384932518,idxq4-64_queryq4-64
H1,1382656028,Family_01,H1:SUS-ETMX_L2_CAL_LINE_OUT_DQ,0.2024413349131698,132.5,False,True,,BACKGROUND,0.1225944384932518,idxq4-64_queryq4-64
H1,1382656028,Family_01,H1:SUS-ETMX_L3_CAL_LINE_OUT_DQ,0.1322641004757624,36.5,False,True,,BACKGROUND,0.1225944384932518,idxq4-64_queryq4-64
L1,1384518396,Family_01,L1:ASC-X_TR_A_NSUM_OUT_DQ,0.2350873340213347,60.0,False,True,,BACKGROUND,0.1233971938490867,idxq4-64_queryq4-64
L1,1384518396,Family_01,L1:CAL-PCALX_RX_PD_OUT_DQ,0.2501018453421486,57.0,False,True,,BACKGROUND,0.1233971938490867,idxq4-64_queryq4-64
L1,1384518396,Family_01,L1:CAL-PCALY_RX_PD_OUT_DQ,0.3029431215392296,180.0,False,True,,BACKGROUND,0.1233971938490867,idxq4-64_queryq4-64
L1,1384518396,Family_01,L1:IMC-WFS_B_I_PIT_OUT_DQ,0.3071898947330339,27.5,False,True,,BACKGROUND,0.1233971938490867,idxq4-64_queryq4-64
L1,1384518396,Family_01,L1:SUS-ETMX_L1_CAL_LINE_OUT_DQ,0.1959674033628532,21.0,False,True,,BACKGROUND,0.1233971938490867,idxq4-64_queryq4-64
L1,1384518396,Family_01,L1:SUS-ETMX_L2_CAL_LINE_OUT_DQ,0.2528704425456386,21.0,False,True,,BACKGROUND,0.1233971938490867,idxq4-64_queryq4-64
L1,1384518396,Family_01,L1:SUS-ETMX_L3_CAL_LINE_OUT_DQ,0.2309451177828365,165.0,False,True,,BACKGROUND,0.1233971938490867,idxq4-64_queryq4-64
L1,1377552508,Family_01,L1:ASC-X_TR_A_NSUM_OUT_DQ,0.2482669898465506,300.0,False,True,,BACKGROUND,0.1245303750038147,idxq4-64_queryq4-64
L1,1377552508,Family_01,L1:CAL-PCALX_RX_PD_OUT_DQ,0.2677311581212524,301.0,False,True,,BACKGROUND,0.1245303750038147,idxq4-64_queryq4-64
L1,1377552508,Family_01,L1:CAL-PCALY_RX_PD_OUT_DQ,0.2577683740300463,380.0,False,True,,BACKGROUND,0.1245303750038147,idxq4-64_queryq4-64
L1,1377552508,Family_01,L1:IMC-WFS_B_I_PIT_OUT_DQ,0.2600404468505129,304.5,False,True,,BACKGROUND,0.1245303750038147,idxq4-64_queryq4-64
L1,1377552508,Family_01,L1:SUS-ETMX_L1_CAL_LINE_OUT_DQ,0.5246476326655961,20.0,False,True,,BACKGROUND,0.1245303750038147,idxq4-64_queryq4-64
L1,1377552508,Family_01,L1:SUS-ETMX_L2_CAL_LINE_OUT_DQ,0.5291237920610375,20.0,False,True,,BACKGROUND,0.1245303750038147,idxq4-64_queryq4-64
L1,1377552508,Family_01,L1:SUS-ETMX_L3_CAL_LINE_OUT_DQ,0.5331944713747918,20.0,False,True,,BACKGROUND,0.1245303750038147,idxq4-64_queryq4-64
H1,1383335996,Family_01,H1:CAL-PCALX_RX_PD_OUT_DQ,0.2165077286021688,395.0,False,True,,BACKGROUND,0.1255227029323578,idxq4-64_queryq4-64
H1,1383335996,Family_01,H1:CAL-PCALY_RX_PD_OUT_DQ,0.2331609157449459,349.0,False,True,,BACKGROUND,0.1255227029323578,idxq4-64_queryq4-64
H1,1383335996,Family_01,H1:IMC-WFS_A_DC_PIT_OUT_DQ,0.4883986915739988,180.0,False,True,,BACKGROUND,0.1255227029323578,idxq4-64_queryq4-64
H1,1383335996,Family_01,H1:IMC-WFS_A_DC_YAW_OUT_DQ,0.5109048157276266,180.0,False,True,,BACKGROUND,0.1255227029323578,idxq4-64_queryq4-64
H1,1383335996,Family_01,H1:LSC-POP_A_LF_OUT_DQ,0.3308697082785399,180.0,False,True,,BACKGROUND,0.1255227029323578,idxq4-64_queryq4-64
H1,1383335996,Family_01,H1:LSC-REFL_A_RIN_OUT_DQ,0.5804651855627342,180.0,False,True,,BACKGROUND,0.1255227029323578,idxq4-64_queryq4-64
H1,1383335996,Family_01,H1:SUS-ETMX_L1_CAL_LINE_OUT_DQ,0.2507272860990753,170.0,False,True,,BACKGROUND,0.1255227029323578,idxq4-64_queryq4-64
H1,1383335996,Family_01,H1:SUS-ETMX_L2_CAL_LINE_OUT_DQ,0.2806488140899967,170.0,False,True,,BACKGROUND,0.1255227029323578,idxq4-64_queryq4-64
H1,1383335996,Family_01,H1:SUS-ETMX_L3_CAL_LINE_OUT_DQ,0.2293771082513725,120.0,False,True,,BACKGROUND,0.1255227029323578,idxq4-64_queryq4-64
L1,1384403260,Family_01,L1:ASC-X_TR_A_NSUM_OUT_DQ,0.2269689788008645,299.5,False,True,,BACKGROUND,0.1264127194881439,idxq4-64_queryq4-64
L1,1384403260,Family_01,L1:CAL-PCALX_RX_PD_OUT_DQ,0.216469302302557,450.5,False,True,,BACKGROUND,0.1264127194881439,idxq4-64_queryq4-64
L1,1384403260,Family_01,L1:CAL-PCALY_RX_PD_OUT_DQ,0.2020732829830633,444.0,False,True,,BACKGROUND,0.1264127194881439,idxq4-64_queryq4-64
L1,1384403260,Family_01,L1:IMC-WFS_B_I_PIT_OUT_DQ,0.7195238150549638,60.0,False,True,,BACKGROUND,0.1264127194881439,idxq4-64_queryq4-64
L1,1384403260,Family_01,L1:SUS-ETMX_L1_CAL_LINE_OUT_DQ,0.245051389974568,231.0,False,True,,BACKGROUND,0.1264127194881439,idxq4-64_queryq4-64
L1,1384403260,Family_01,L1:SUS-ETMX_L2_CAL_LINE_OUT_DQ,0.1855816037664033,152.0,False,True,,BACKGROUND,0.1264127194881439,idxq4-64_queryq4-64
L1,1384403260,Family_01,L1:SUS-ETMX_L3_CAL_LINE_OUT_DQ,0.2227581079809911,180.0,False,True,,BACKGROUND,0.1264127194881439,idxq4-64_queryq4-64
H1,1380240220,Family_01,H1:CAL-PCALX_RX_PD_OUT_DQ,0.2118073872899822,361.0,False,True,,BACKGROUND,0.1274660378694534,idxq4-64_queryq4-64
H1,1380240220,Family_01,H1:CAL-PCALY_RX_PD_OUT_DQ,0.2962363428496,180.0,False,True,,BACKGROUND,0.1274660378694534,idxq4-64_queryq4-64
H1,1380240220,Family_01,H1:IMC-WFS_A_DC_PIT_OUT_DQ,0.6126277220491386,180.0,False,True,,BACKGROUND,0.1274660378694534,idxq4-64_queryq4-64
H1,1380240220,Family_01,H1:IMC-WFS_A_DC_YAW_OUT_DQ,0.7600516095622096,60.0,False,True,,BACKGROUND,0.1274660378694534,idxq4-64_queryq4-64
H1,1380240220,Family_01,H1:LSC-POP_A_LF_OUT_DQ,0.4918507618089888,60.0,False,True,,BACKGROUND,0.1274660378694534,idxq4-64_queryq4-64
H1,1380240220,Family_01,H1:LSC-REFL_A_RIN_OUT_DQ,0.8049584244369253,60.0,True,True,,BACKGROUND,0.1274660378694534,idxq4-64_queryq4-64
H1,1380240220,Family_01,H1:SUS-ETMX_L1_CAL_LINE_OUT_DQ,0.2951644681440149,78.0,False,True,,BACKGROUND,0.1274660378694534,idxq4-64_queryq4-64
H1,1380240220,Family_01,H1:SUS-ETMX_L2_CAL_LINE_OUT_DQ,0.2422720108177721,78.0,False,True,,BACKGROUND,0.1274660378694534,idxq4-64_queryq4-64
H1,1380240220,Family_01,H1:SUS-ETMX_L3_CAL_LINE_OUT_DQ,0.2275003542867964,24.5,False,True,,BACKGROUND,0.1274660378694534,idxq4-64_queryq4-64
H1,1388368796,Family_01,H1:CAL-PCALX_RX_PD_OUT_DQ,0.2983918970432423,53.5,False,True,,BACKGROUND,0.1284635514020919,idxq4-64_queryq4-64
H1,1388368796,Family_01,H1:CAL-PCALY_RX_PD_OUT_DQ,0.2564016054039789,345.0,False,True,,BACKGROUND,0.1284635514020919,idxq4-64_queryq4-64
H1,1388368796,Family_01,H1:IMC-WFS_A_DC_PIT_OUT_DQ,0.6954015618129621,180.0,False,True,,BACKGROUND,0.1284635514020919,idxq4-64_queryq4-64
H1,1388368796,Family_01,H1:IMC-WFS_A_DC_YAW_OUT_DQ,0.8155640519006058,60.0,True,True,,BACKGROUND,0.1284635514020919,idxq4-64_queryq4-64
H1,1388368796,Family_01,H1:LSC-POP_A_LF_OUT_DQ,0.5026914033455714,60.0,False,True,,BACKGROUND,0.1284635514020919,idxq4-64_queryq4-64
H1,1388368796,Family_01,H1:LSC-REFL_A_RIN_OUT_DQ,0.9252231315251108,180.0,True,True,,BACKGROUND,0.1284635514020919,idxq4-64_queryq4-64
H1,1388368796,Family_01,H1:SUS-ETMX_L1_CAL_LINE_OUT_DQ,0.2718169237196753,142.0,False,True,,BACKGROUND,0.1284635514020919,idxq4-64_queryq4-64
H1,1388368796,Family_01,H1:SUS-ETMX_L2_CAL_LINE_OUT_DQ,0.1959114004729316,228.5,False,True,,BACKGROUND,0.1284635514020919,idxq4-64_queryq4-64
H1,1388368796,Family_01,H1:SUS-ETMX_L3_CAL_LINE_OUT_DQ,0.1784830599596377,132.5,False,True,,BACKGROUND,0.1284635514020919,idxq4-64_queryq4-64
H1,1387258012,Family_01,H1:CAL-PCALX_RX_PD_OUT_DQ,0.2237391156087819,284.0,False,True,,BACKGROUND,0.1294050514698028,idxq4-64_queryq4-64
H1,1387258012,Family_01,H1:CAL-PCALY_RX_PD_OUT_DQ,0.2979783780205925,359.5,False,True,,BACKGROUND,0.1294050514698028,idxq4-64_queryq4-64
H1,1387258012,Family_01,H1:IMC-WFS_A_DC_PIT_OUT_DQ,0.7176839845378725,180.0,False,True,,BACKGROUND,0.1294050514698028,idxq4-64_queryq4-64
H1,1387258012,Family_01,H1:IMC-WFS_A_DC_YAW_OUT_DQ,0.8582260439944954,60.0,True,True,,BACKGROUND,0.1294050514698028,idxq4-64_queryq4-64
H1,1387258012,Family_01,H1:LSC-POP_A_LF_OUT_DQ,0.3855301056544643,60.0,False,True,,BACKGROUND,0.1294050514698028,idxq4-64_queryq4-64
H1,1387258012,Family_01,H1:LSC-REFL_A_RIN_OUT_DQ,0.9117978997458211,60.0,True,True,,BACKGROUND,0.1294050514698028,idxq4-64_queryq4-64
H1,1387258012,Family_01,H1:SUS-ETMX_L1_CAL_LINE_OUT_DQ,0.2048911137328861,168.5,False,True,,BACKGROUND,0.1294050514698028,idxq4-64_queryq4-64
H1,1387258012,Family_01,H1:SUS-ETMX_L2_CAL_LINE_OUT_DQ,0.2307929680697544,131.5,False,True,,BACKGROUND,0.1294050514698028,idxq4-64_queryq4-64
H1,1387258012,Family_01,H1:SUS-ETMX_L3_CAL_LINE_OUT_DQ,0.2361089028468459,176.0,False,True,,BACKGROUND,0.1294050514698028,idxq4-64_queryq4-64
H1,1378854844,Family_01,H1:CAL-PCALX_RX_PD_OUT_DQ,0.163583402241621,486.0,False,True,,AMBIGUOUS,0.1303783357143402,idxq4-64_queryq4-64
H1,1378854844,Family_01,H1:CAL-PCALY_RX_PD_OUT_DQ,0.3852365169354335,180.0,False,True,,AMBIGUOUS,0.1303783357143402,idxq4-64_queryq4-64
H1,1378854844,Family_01,H1:IMC-WFS_A_DC_PIT_OUT_DQ,0.8434711071837228,118.0,True,True,,AMBIGUOUS,0.1303783357143402,idxq4-64_queryq4-64
H1,1378854844,Family_01,H1:IMC-WFS_A_DC_YAW_OUT_DQ,0.8476551937868201,118.0,True,True,,AMBIGUOUS,0.1303783357143402,idxq4-64_queryq4-64
H1,1378854844,Family_01,H1:LSC-POP_A_LF_OUT_DQ,0.57179220310074,117.0,False,True,,AMBIGUOUS,0.1303783357143402,idxq4-64_queryq4-64
H1,1378854844,Family_01,H1:LSC-REFL_A_RIN_OUT_DQ,0.9447207196032944,180.0,True,True,,AMBIGUOUS,0.1303783357143402,idxq4-64_queryq4-64
H1,1378854844,Family_01,H1:SUS-ETMX_L1_CAL_LINE_OUT_DQ,0.2343399326817823,79.5,False,True,,AMBIGUOUS,0.1303783357143402,idxq4-64_queryq4-64
H1,1378854844,Family_01,H1:SUS-ETMX_L2_CAL_LINE_OUT_DQ,0.190362248199972,40.0,False,True,,AMBIGUOUS,0.1303783357143402,idxq4-64_queryq4-64
H1,1378854844,Family_01,H1:SUS-ETMX_L3_CAL_LINE_OUT_DQ,0.1933639121983619,79.5,False,True,,AMBIGUOUS,0.1303783357143402,idxq4-64_queryq4-64
H1,1389440476,Family_01,H1:CAL-PCALX_RX_PD_OUT_DQ,0.4609757139374342,33.5,False,True,,AMBIGUOUS,0.1311733126640319,idxq4-64_queryq4-64
H1,1389440476,Family_01,H1:CAL-PCALY_RX_PD_OUT_DQ,0.3481539242034602,180.0,False,True,,AMBIGUOUS,0.1311733126640319,idxq4-64_queryq4-64
H1,1389440476,Family_01,H1:IMC-WFS_A_DC_PIT_OUT_DQ,0.4896525691997893,26.5,False,True,,AMBIGUOUS,0.1311733126640319,idxq4-64_queryq4-64
H1,1389440476,Family_01,H1:IMC-WFS_A_DC_YAW_OUT_DQ,0.50620687694473,60.0,False,True,,AMBIGUOUS,0.1311733126640319,idxq4-64_queryq4-64
H1,1389440476,Family_01,H1:LSC-POP_A_LF_OUT_DQ,0.2883715095564579,42.5,False,True,,AMBIGUOUS,0.1311733126640319,idxq4-64_queryq4-64
H1,1389440476,Family_01,H1:LSC-REFL_A_RIN_OUT_DQ,0.7105995444368155,179.5,True,True,,AMBIGUOUS,0.1311733126640319,idxq4-64_queryq4-64
H1,1389440476,Family_01,H1:SUS-ETMX_L1_CAL_LINE_OUT_DQ,0.2697045889358268,236.5,False,True,,AMBIGUOUS,0.1311733126640319,idxq4-64_queryq4-64
H1,1389440476,Family_01,H1:SUS-ETMX_L2_CAL_LINE_OUT_DQ,0.2022221820524535,236.5,False,True,,AMBIGUOUS,0.1311733126640319,idxq4-64_queryq4-64
H1,1389440476,Family_01,H1:SUS-ETMX_L3_CAL_LINE_OUT_DQ,0.1657848381556423,237.5,False,True,,AMBIGUOUS,0.1311733126640319,idxq4-64_queryq4-64
H1,1374508380,Family_01,H1:CAL-PCALX_RX_PD_OUT_DQ,0.2048074526380603,449.0,False,True,,AMBIGUOUS,0.1324371397495269,idxq4-64_queryq4-64
H1,1374508380,Family_01,H1:CAL-PCALY_RX_PD_OUT_DQ,0.9160896916659912,25.0,True,True,,AMBIGUOUS,0.1324371397495269,idxq4-64_queryq4-64
H1,1374508380,Family_01,H1:IMC-WFS_A_DC_PIT_OUT_DQ,0.6480951555956665,180.0,False,True,,AMBIGUOUS,0.1324371397495269,idxq4-64_queryq4-64
H1,1374508380,Family_01,H1:IMC-WFS_A_DC_YAW_OUT_DQ,0.6599517166302973,180.0,False,True,,AMBIGUOUS,0.1324371397495269,idxq4-64_queryq4-64
H1,1374508380,Family_01,H1:LSC-POP_A_LF_OUT_DQ,0.3151363167596131,60.0,False,True,,AMBIGUOUS,0.1324371397495269,idxq4-64_queryq4-64
H1,1374508380,Family_01,H1:LSC-REFL_A_RIN_OUT_DQ,0.8723781752576666,180.0,True,True,,AMBIGUOUS,0.1324371397495269,idxq4-64_queryq4-64
H1,1374508380,Family_01,H1:SUS-ETMX_L1_CAL_LINE_OUT_DQ,0.1620446829982851,224.5,False,True,,AMBIGUOUS,0.1324371397495269,idxq4-64_queryq4-64
H1,1374508380,Family_01,H1:SUS-ETMX_L2_CAL_LINE_OUT_DQ,0.1741872139547775,167.5,False,True,,AMBIGUOUS,0.1324371397495269,idxq4-64_queryq4-64
H1,1374508380,Family_01,H1:SUS-ETMX_L3_CAL_LINE_OUT_DQ,0.1913419236529,158.5,False,True,,AMBIGUOUS,0.1324371397495269,idxq4-64_queryq4-64
H1,1387486620,Family_01,H1:CAL-PCALX_RX_PD_OUT_DQ,0.340240938798101,20.0,False,True,,AMBIGUOUS,0.1334612667560577,idxq4-64_queryq4-64
H1,1387486620,Family_01,H1:CAL-PCALY_RX_PD_OUT_DQ,0.3034271072699252,180.0,False,True,,AMBIGUOUS,0.1334612667560577,idxq4-64_queryq4-64
H1,1387486620,Family_01,H1:IMC-WFS_A_DC_PIT_OUT_DQ,0.6830170028584225,180.0,False,True,,AMBIGUOUS,0.1334612667560577,idxq4-64_queryq4-64
H1,1387486620,Family_01,H1:IMC-WFS_A_DC_YAW_OUT_DQ,0.7811784234547536,180.0,False,True,,AMBIGUOUS,0.1334612667560577,idxq4-64_queryq4-64
H1,1387486620,Family_01,H1:LSC-POP_A_LF_OUT_DQ,0.2637052636708971,297.0,False,True,,AMBIGUOUS,0.1334612667560577,idxq4-64_queryq4-64
H1,1387486620,Family_01,H1:LSC-REFL_A_RIN_OUT_DQ,0.9527440652736594,180.0,True,True,,AMBIGUOUS,0.1334612667560577,idxq4-64_queryq4-64
H1,1387486620,Family_01,H1:SUS-ETMX_L1_CAL_LINE_OUT_DQ,0.248968609721109,114.0,False,True,,AMBIGUOUS,0.1334612667560577,idxq4-64_queryq4-64
H1,1387486620,Family_01,H1:SUS-ETMX_L2_CAL_LINE_OUT_DQ,0.2070213099876652,237.0,False,True,,AMBIGUOUS,0.1334612667560577,idxq4-64_queryq4-64
H1,1387486620,Family_01,H1:SUS-ETMX_L3_CAL_LINE_OUT_DQ,0.222808090978677,20.5,False,True,,AMBIGUOUS,0.1334612667560577,idxq4-64_queryq4-64
H1,1380826332,Family_01,H1:CAL-PCALX_RX_PD_OUT_DQ,0.2279442241371852,414.5,False,True,,AMBIGUOUS,0.1347539126873016,idxq4-64_queryq4-64
H1,1380826332,Family_01,H1:CAL-PCALY_RX_PD_OUT_DQ,0.2607398201938271,180.0,False,True,,AMBIGUOUS,0.1347539126873016,idxq4-64_queryq4-64
H1,1380826332,Family_01,H1:IMC-WFS_A_DC_PIT_OUT_DQ,0.5735255589210362,180.0,False,True,,AMBIGUOUS,0.1347539126873016,idxq4-64_queryq4-64
H1,1380826332,Family_01,H1:IMC-WFS_A_DC_YAW_OUT_DQ,0.6716478798442244,180.0,False,True,,AMBIGUOUS,0.1347539126873016,idxq4-64_queryq4-64
H1,1380826332,Family_01,H1:LSC-POP_A_LF_OUT_DQ,0.2976478532042045,180.0,False,True,,AMBIGUOUS,0.1347539126873016,idxq4-64_queryq4-64
H1,1380826332,Family_01,H1:LSC-REFL_A_RIN_OUT_DQ,0.9019569557585,180.0,True,True,,AMBIGUOUS,0.1347539126873016,idxq4-64_queryq4-64
H1,1380826332,Family_01,H1:SUS-ETMX_L1_CAL_LINE_OUT_DQ,0.1717112079729841,87.0,False,True,,AMBIGUOUS,0.1347539126873016,idxq4-64_queryq4-64
H1,1380826332,Family_01,H1:SUS-ETMX_L2_CAL_LINE_OUT_DQ,0.1830528016861467,127.0,False,True,,AMBIGUOUS,0.1347539126873016,idxq4-64_queryq4-64
H1,1380826332,Family_01,H1:SUS-ETMX_L3_CAL_LINE_OUT_DQ,0.1974433449799078,106.0,False,True,,AMBIGUOUS,0.1347539126873016,idxq4-64_queryq4-64
L1,1379317180,Family_01,L1:ASC-X_TR_A_NSUM_OUT_DQ,0.284191373332656,135.5,False,True,,BACKGROUND,0.1359146684408188,idxq4-64_queryq4-64
L1,1379317180,Family_01,L1:CAL-PCALX_RX_PD_OUT_DQ,0.4819852868474821,20.5,False,True,,BACKGROUND,0.1359146684408188,idxq4-64_queryq4-64
L1,1379317180,Family_01,L1:CAL-PCALY_RX_PD_OUT_DQ,0.4988382752773793,21.0,False,True,,BACKGROUND,0.1359146684408188,idxq4-64_queryq4-64
L1,1379317180,Family_01,L1:IMC-WFS_B_I_PIT_OUT_DQ,0.8240147284832148,60.0,True,True,,BACKGROUND,0.1359146684408188,idxq4-64_queryq4-64
L1,1379317180,Family_01,L1:SUS-ETMX_L1_CAL_LINE_OUT_DQ,0.3942083000892426,21.0,False,True,,BACKGROUND,0.1359146684408188,idxq4-64_queryq4-64
L1,1379317180,Family_01,L1:SUS-ETMX_L2_CAL_LINE_OUT_DQ,0.3354210391588996,21.0,False,True,,BACKGROUND,0.1359146684408188,idxq4-64_queryq4-64
L1,1379317180,Family_01,L1:SUS-ETMX_L3_CAL_LINE_OUT_DQ,0.3864356641039546,20.5,False,True,,BACKGROUND,0.1359146684408188,idxq4-64_queryq4-64
L1,1384387932,Family_01,L1:ASC-X_TR_A_NSUM_OUT_DQ,0.2319194407861231,207.0,False,True,,BACKGROUND,0.1369341760873794,idxq4-64_queryq4-64
L1,1384387932,Family_01,L1:CAL-PCALX_RX_PD_OUT_DQ,0.6150013668948646,20.0,True,True,,BACKGROUND,0.1369341760873794,idxq4-64_queryq4-64
L1,1384387932,Family_01,L1:CAL-PCALY_RX_PD_OUT_DQ,0.3918693746011256,180.0,False,True,,BACKGROUND,0.1369341760873794,idxq4-64_queryq4-64
L1,1384387932,Family_01,L1:IMC-WFS_B_I_PIT_OUT_DQ,0.2442933591944688,340.0,False,True,,BACKGROUND,0.1369341760873794,idxq4-64_queryq4-64
L1,1384387932,Family_01,L1:SUS-ETMX_L1_CAL_LINE_OUT_DQ,0.7678187750683056,20.0,True,True,,BACKGROUND,0.1369341760873794,idxq4-64_queryq4-64
L1,1384387932,Family_01,L1:SUS-ETMX_L2_CAL_LINE_OUT_DQ,0.4358686365804821,21.0,False,True,,BACKGROUND,0.1369341760873794,idxq4-64_queryq4-64
L1,1384387932,Family_01,L1:SUS-ETMX_L3_CAL_LINE_OUT_DQ,0.7916774793946231,20.0,True,True,,BACKGROUND,0.1369341760873794,idxq4-64_queryq4-64
L1,1385752092,Family_01,L1:ASC-X_TR_A_NSUM_OUT_DQ,0.22420472407775,320.5,False,True,,BACKGROUND,0.1381015330553054,idxq4-64_queryq4-64
L1,1385752092,Family_01,L1:CAL-PCALX_RX_PD_OUT_DQ,0.1970371228247176,250.5,False,True,,BACKGROUND,0.1381015330553054,idxq4-64_queryq4-64
L1,1385752092,Family_01,L1:CAL-PCALY_RX_PD_OUT_DQ,0.2617627378549849,180.0,False,True,,BACKGROUND,0.1381015330553054,idxq4-64_queryq4-64
L1,1385752092,Family_01,L1:IMC-WFS_B_I_PIT_OUT_DQ,0.3876518350168761,60.0,False,True,,BACKGROUND,0.1381015330553054,idxq4-64_queryq4-64
L1,1385752092,Family_01,L1:SUS-ETMX_L1_CAL_LINE_OUT_DQ,0.2818158754439029,238.5,False,True,,BACKGROUND,0.1381015330553054,idxq4-64_queryq4-64
L1,1385752092,Family_01,L1:SUS-ETMX_L2_CAL_LINE_OUT_DQ,0.1969740362724259,227.0,False,True,,BACKGROUND,0.1381015330553054,idxq4-64_queryq4-64
L1,1385752092,Family_01,L1:SUS-ETMX_L3_CAL_LINE_OUT_DQ,0.216683841275433,107.5,False,True,,BACKGROUND,0.1381015330553054,idxq4-64_queryq4-64
L1,1379948508,Family_01,L1:ASC-X_TR_A_NSUM_OUT_DQ,0.2435445601719895,145.0,False,True,,BACKGROUND,0.1397778838872909,idxq4-64_queryq4-64
L1,1379948508,Family_01,L1:CAL-PCALX_RX_PD_OUT_DQ,0.2612720318841934,422.5,False,True,,BACKGROUND,0.1397778838872909,idxq4-64_queryq4-64
L1,1379948508,Family_01,L1:CAL-PCALY_RX_PD_OUT_DQ,0.1975017179711329,247.0,False,True,,BACKGROUND,0.1397778838872909,idxq4-64_queryq4-64
L1,1379948508,Family_01,L1:IMC-WFS_B_I_PIT_OUT_DQ,0.2832173053967518,60.0,False,True,,BACKGROUND,0.1397778838872909,idxq4-64_queryq4-64
L1,1379948508,Family_01,L1:SUS-ETMX_L1_CAL_LINE_OUT_DQ,0.1391290798829708,247.0,False,True,,BACKGROUND,0.1397778838872909,idxq4-64_queryq4-64
L1,1379948508,Family_01,L1:SUS-ETMX_L2_CAL_LINE_OUT_DQ,0.1680479752668277,144.0,False,True,,BACKGROUND,0.1397778838872909,idxq4-64_queryq4-64
L1,1379948508,Family_01,L1:SUS-ETMX_L3_CAL_LINE_OUT_DQ,0.1623042437879622,215.0,False,True,,BACKGROUND,0.1397778838872909,idxq4-64_queryq4-64
L1,1380263452,Family_01,L1:ASC-X_TR_A_NSUM_OUT_DQ,0.5457895075861453,180.0,False,True,,BACKGROUND,0.141014963388443,idxq4-64_queryq4-64
L1,1380263452,Family_01,L1:CAL-PCALX_RX_PD_OUT_DQ,0.2596283982534479,261.0,False,True,,BACKGROUND,0.141014963388443,idxq4-64_queryq4-64
L1,1380263452,Family_01,L1:CAL-PCALY_RX_PD_OUT_DQ,0.1978642920835546,83.5,False,True,,BACKGROUND,0.141014963388443,idxq4-64_queryq4-64
L1,1380263452,Family_01,L1:IMC-WFS_B_I_PIT_OUT_DQ,0.2869589052480561,312.5,False,True,,BACKGROUND,0.141014963388443,idxq4-64_queryq4-64
L1,1380263452,Family_01,L1:SUS-ETMX_L1_CAL_LINE_OUT_DQ,0.1619931531275893,241.5,False,True,,BACKGROUND,0.141014963388443,idxq4-64_queryq4-64
L1,1380263452,Family_01,L1:SUS-ETMX_L2_CAL_LINE_OUT_DQ,0.1705475514509983,145.5,False,True,,BACKGROUND,0.141014963388443,idxq4-64_queryq4-64
L1,1380263452,Family_01,L1:SUS-ETMX_L3_CAL_LINE_OUT_DQ,0.1556846484787142,20.0,False,True,,BACKGROUND,0.141014963388443,idxq4-64_queryq4-64
L1,1370967068,Family_01,L1:ASC-X_TR_A_NSUM_OUT_DQ,0.2417237112518764,199.5,False,True,,BACKGROUND,0.1427672058343887,idxq4-64_queryq4-64
L1,1370967068,Family_01,L1:CAL-PCALX_RX_PD_OUT_DQ,0.2930009507300016,23.0,False,True,,BACKGROUND,0.1427672058343887,idxq4-64_queryq4-64
L1,1370967068,Family_01,L1:CAL-PCALY_RX_PD_OUT_DQ,0.2250443343315047,173.5,False,True,,BACKGROUND,0.1427672058343887,idxq4-64_queryq4-64
L1,1370967068,Family_01,L1:IMC-WFS_B_I_PIT_OUT_DQ,0.5984977601245636,60.0,False,True,,BACKGROUND,0.1427672058343887,idxq4-64_queryq4-64
L1,1370967068,Family_01,L1:SUS-ETMX_L1_CAL_LINE_OUT_DQ,0.4757818462783665,23.0,False,True,,BACKGROUND,0.1427672058343887,idxq4-64_queryq4-64
L1,1370967068,Family_01,L1:SUS-ETMX_L2_CAL_LINE_OUT_DQ,0.4712842626182352,23.0,False,True,,BACKGROUND,0.1427672058343887,idxq4-64_queryq4-64
L1,1370967068,Family_01,L1:SUS-ETMX_L3_CAL_LINE_OUT_DQ,0.4587346219408396,23.0,False,True,,BACKGROUND,0.1427672058343887,idxq4-64_queryq4-64
L1,1370866172,Family_01,L1:ASC-X_TR_A_NSUM_OUT_DQ,0.3181205399842845,396.5,False,True,,BACKGROUND,0.1458134353160858,idxq4-64_queryq4-64
L1,1370866172,Family_01,L1:CAL-PCALX_RX_PD_OUT_DQ,0.2671704760674322,443.5,False,True,,BACKGROUND,0.1458134353160858,idxq4-64_queryq4-64
L1,1370866172,Family_01,L1:CAL-PCALY_RX_PD_OUT_DQ,0.2601028292844387,255.5,False,True,,BACKGROUND,0.1458134353160858,idxq4-64_queryq4-64
L1,1370866172,Family_01,L1:IMC-WFS_B_I_PIT_OUT_DQ,0.4782906178764163,60.0,False,True,,BACKGROUND,0.1458134353160858,idxq4-64_queryq4-64
L1,1370866172,Family_01,L1:SUS-ETMX_L1_CAL_LINE_OUT_DQ,0.1865982010546192,48.5,False,True,,BACKGROUND,0.1458134353160858,idxq4-64_queryq4-64
L1,1370866172,Family_01,L1:SUS-ETMX_L2_CAL_LINE_OUT_DQ,0.2061863143357816,51.0,False,True,,BACKGROUND,0.1458134353160858,idxq4-64_queryq4-64
L1,1370866172,Family_01,L1:SUS-ETMX_L3_CAL_LINE_OUT_DQ,0.1793568879503919,54.0,False,True,,BACKGROUND,0.1458134353160858,idxq4-64_queryq4-64
L1,1370281212,Family_01,L1:ASC-X_TR_A_NSUM_OUT_DQ,0.2038763315367997,374.5,False,True,,BACKGROUND,0.1482953578233719,idxq4-64_queryq4-64
L1,1370281212,Family_01,L1:CAL-PCALX_RX_PD_OUT_DQ,0.6725070478864477,21.0,True,True,,BACKGROUND,0.1482953578233719,idxq4-64_queryq4-64
L1,1370281212,Family_01,L1:CAL-PCALY_RX_PD_OUT_DQ,0.4277207422641349,21.0,False,True,,BACKGROUND,0.1482953578233719,idxq4-64_queryq4-64
L1,1370281212,Family_01,L1:IMC-WFS_B_I_PIT_OUT_DQ,0.3351791874185377,302.5,False,True,,BACKGROUND,0.1482953578233719,idxq4-64_queryq4-64
L1,1370281212,Family_01,L1:SUS-ETMX_L1_CAL_LINE_OUT_DQ,0.8455099204040235,21.0,True,True,,BACKGROUND,0.1482953578233719,idxq4-64_queryq4-64
L1,1370281212,Family_01,L1:SUS-ETMX_L2_CAL_LINE_OUT_DQ,0.4793474568094367,21.0,False,True,,BACKGROUND,0.1482953578233719,idxq4-64_queryq4-64
L1,1370281212,Family_01,L1:SUS-ETMX_L3_CAL_LINE_OUT_DQ,0.8707534358942567,21.0,True,True,,BACKGROUND,0.1482953578233719,idxq4-64_queryq4-64
L1,1378652764,Family_01,L1:ASC-X_TR_A_NSUM_OUT_DQ,0.6415747288920669,180.0,True,True,,BACKGROUND,0.1501694917678833,idxq4-64_queryq4-64
L1,1378652764,Family_01,L1:CAL-PCALX_RX_PD_OUT_DQ,0.2578833830334162,300.0,False,True,,BACKGROUND,0.1501694917678833,idxq4-64_queryq4-64
L1,1378652764,Family_01,L1:CAL-PCALY_RX_PD_OUT_DQ,0.2100966843897946,225.0,False,True,,BACKGROUND,0.1501694917678833,idxq4-64_queryq4-64
L1,1378652764,Family_01,L1:IMC-WFS_B_I_PIT_OUT_DQ,0.4297500994717904,60.0,False,True,,BACKGROUND,0.1501694917678833,idxq4-64_queryq4-64
L1,1378652764,Family_01,L1:SUS-ETMX_L1_CAL_LINE_OUT_DQ,0.1711196915198615,230.0,False,True,,BACKGROUND,0.1501694917678833,idxq4-64_queryq4-64
L1,1378652764,Family_01,L1:SUS-ETMX_L2_CAL_LINE_OUT_DQ,0.2027396796639688,230.0,False,True,,BACKGROUND,0.1501694917678833,idxq4-64_queryq4-64
L1,1378652764,Family_01,L1:SUS-ETMX_L3_CAL_LINE_OUT_DQ,0.2109509054192964,176.0,False,True,,BACKGROUND,0.1501694917678833,idxq4-64_queryq4-64
