system,distance_mpc,trial_index,gps,ra,dec,psi,inclination,snr_H1,snr_L1,snr_network,score_H1_o3b,score_L1_o3b,score_H1_native,score_L1_native,clean_H1_o3b,clean_L1_o3b,clean_H1_native,clean_L1_native,cc_localized_H1,cc_localized_L1,cc_oracle_center,localization_H1_t_offset_s,localization_H1_f_lo,localization_H1_f_hi,localization_L1_t_offset_s,localization_L1_f_lo,localization_L1_f_hi,flag_H1,flag_L1,dsd_survive_H1,dsd_survive_L1,dsd_class_H1,dsd_class_L1,coincidence_localized_H1,coincidence_localized_L1,coincidence_recovered_H1,coincidence_recovered_L1,coincidence_recovered,coincidence_oracle_recovered,threshold_flag_o3b,threshold_dsd_H1,threshold_dsd_H1_lower,threshold_dsd_L1,threshold_dsd_L1_lower,threshold_tau_cc,taxonomy_representation,q_min,q_max,seed
BBH_30_30,100.0,0,1382381468,2.757554564287996,0.7997700149798709,2.190846276941291,0.9909300264671562,165.6332630363387,116.60110109913212,202.55911384481072,0.423205554485321,0.4812493622303009,0.3258306384086609,0.3041952848434448,0.3002146482467651,0.3608795404434204,0.0649409145116806,0.0890925750136375,0.3672336480493278,0.3672336480493278,0.8285022974702181,15.135135135135137,20.0,263.7559526053348,15.135135135135137,20.0,263.7559526053348,True,True,True,True,ROBUST,ROBUST,False,False,False,False,False,True,0.3783,0.2040884156525078,0.13023118793964325,0.21959366053342733,0.15031939417123752,0.4048017891577,idxq4-64_queryq4-64,4,64,42
BBH_30_30,100.0,1,1377843935,6.13001602516006,0.5495216968352834,2.4694938467072425,2.517759531322952,211.58151472338545,259.7212249767097,334.99530157308897,0.4627492427825928,0.4994149506092071,0.442727655172348,0.4598722159862518,0.31956547498703,0.288552314043045,0.0726450607180595,0.065092884004116,0.1253458500357769,0.1343696245202642,0.9286528268844528,12.108108108108109,20.0,168.08842612618787,11.675675675675675,20.0,162.50359618853986,True,True,True,True,ROBUST,ROBUST,False,False,False,False,False,True,0.3783,0.2040884156525078,0.13023118793964325,0.21959366053342733,0.15031939417123752,0.4048017891577,idxq4-64_queryq4-64,4,64,42
BBH_30_30,100.0,2,1373101816,0.4009756458982711,0.7145298590302609,1.98443223581609,1.4614087343841362,94.38374310659056,111.00638940416026,145.70761631211647,0.4294094145298004,0.4817756116390228,0.2316602766513824,0.3163207769393921,0.3475663363933563,0.3226099610328674,0.0582256093621254,0.06110380589962,0.7553736024707365,0.4045757577693252,0.7783710140469542,16.0,20.0,1226.45,15.135135135135137,20.0,162.50359618853986,True,True,True,True,ROBUST,ROBUST,True,False,True,False,True,True,0.3783,0.2040884156525078,0.13023118793964325,0.21959366053342733,0.15031939417123752,0.4048017891577,idxq4-64_queryq4-64,4,64,42
BBH_30_30,100.0,3,1370904443,2.2275523539672077,1.2267455383299315,2.8058227535116944,1.0284167939164883,146.1759475994616,126.27181921645489,193.16309167341885,0.4003468453884125,0.4401163160800934,0.2050403207540512,0.3791218400001526,0.3158180713653564,0.3775441348552704,0.072219431400299,0.093639388680458,0.0965115122873306,0.0942050608234153,0.8194325444041958,15.135135135135137,20.0,1226.45,14.27027027027027,20.0,235.6601528695265,True,True,True,True,ROBUST,ROBUST,False,False,False,False,False,True,0.3783,0.2040884156525078,0.13023118793964325,0.21959366053342733,0.15031939417123752,0.4048017891577,idxq4-64_queryq4-64,4,64,42
BBH_30_30,100.0,4,1379758098,1.2229510693839023,-0.0666072323795472,0.1376135887967258,0.9803076785866216,109.55869521426804,159.77017333720798,193.72562036358116,0.4382789433002472,0.4698522388935089,0.2935104966163635,0.4212100803852081,0.3139660656452179,0.3435537815093994,0.0607149899005889,0.055474154651165,0.8774580963331804,0.6433135420184496,0.8318334372071504,16.0,20.0,649.4282673446608,15.135135135135137,20.0,162.50359618853986,True,True,True,True,ROBUST,ROBUST,True,True,True,True,True,True,0.3783,0.2040884156525078,0.13023118793964325,0.21959366053342733,0.15031939417123752,0.4048017891577,idxq4-64_queryq4-64,4,64,42
BBH_30_30,100.0,5,1383669795,4.291723147097387,0.5115441489006856,3.0395214676919404,2.33425046743197,138.24628409182012,196.27335322545272,240.073455949548,0.4643491208553314,0.4786743819713592,0.3257933855056762,0.4464745819568634,0.3662959933280945,0.3370823562145233,0.0973355770111084,0.0602020882070064,0.0559124372414867,0.0826093126222061,0.8776033535164829,19.027027027027028,20.0,1102.6480847522844,10.81081081081081,20.0,145.193395414821,True,True,True,True,ROBUST,ROBUST,False,False,False,False,False,True,0.3783,0.2040884156525078,0.13023118793964325,0.21959366053342733,0.15031939417123752,0.4048017891577,idxq4-64_queryq4-64,4,64,42
BBH_30_30,100.0,6,1385074476,2.327666981860357,-0.0609260632272177,0.5952418297648656,1.9266058349287545,118.6880124386668,148.5460441665331,190.13882174392143,0.4204085767269134,0.4495974779129028,0.2313866913318634,0.3275693356990814,0.3255406022071838,0.2902992963790893,0.0804306417703628,0.061429888010025,0.1061758752490611,0.9352777215034752,0.835856391901419,15.135135135135137,20.0,1226.45,16.0,20.0,330.39578589900503,True,True,True,True,ROBUST,ROBUST,False,True,False,True,True,True,0.3783,0.2040884156525078,0.13023118793964325,0.21959366053342733,0.15031939417123752,0.4048017891577,idxq4-64_queryq4-64,4,64,42
BBH_30_30,100.0,7,1371599468,5.231871407079408,0.4120954191437881,0.9813287457923376,1.6968258546373711,53.12902930855202,46.659460101707886,70.70925662352737,0.358563095331192,0.3786794543266296,0.1804800182580948,0.2137864083051681,0.2816269695758819,0.3332773149013519,0.0523852631449699,0.0637056827545166,0.424836700296006,0.6719635882832196,0.4598716105567991,16.0,20.9219999008004,1226.45,16.0,20.0,447.8246645644373,False,True,False,False,AMBIGUOUS,AMBIGUOUS,True,True,False,True,True,True,0.3783,0.2040884156525078,0.13023118793964325,0.21959366053342733,0.15031939417123752,0.4048017891577,idxq4-64_queryq4-64,4,64,42
BBH_30_30,100.0,8,1378199692,5.056483586765725,-0.2269874163009808,0.9058094531307292,0.8439455616422002,86.4279302884519,116.64196913167336,145.17278015130708,0.3936521410942077,0.4312214851379394,0.25453981757164,0.3189947307109833,0.2800945341587066,0.3306203484535217,0.0607774034142494,0.06240039691329,0.752992881868875,0.2531632401780685,0.6783637434759957,16.0,20.0,580.2498986221522,15.135135135135137,20.0,295.20138083447426,True,True,True,True,ROBUST,ROBUST,True,False,True,False,True,True,0.3783,0.2040884156525078,0.13023118793964325,0.21959366053342733,0.15031939417123752,0.4048017891577,idxq4-64_queryq4-64,4,64,42
BBH_30_30,100.0,9,1379223009,0.8780907516558714,-0.6437306223612077,0.0231292525635052,1.1971731821088805,70.58994649194949,34.684668420709215,78.65091715416187,0.3679536283016205,0.4225295186042785,0.2178767770528793,0.237492173910141,0.3058562278747558,0.3108730316162109,0.0594750307500362,0.0694426000118255,0.3470902242674471,0.4079017376471629,0.3768658127385307,16.0,20.0,1226.45,16.0,20.0,851.0005945013751,False,True,True,True,ROBUST,ROBUST,False,True,False,True,True,False,0.3783,0.2040884156525078,0.13023118793964325,0.21959366053342733,0.15031939417123752,0.4048017891577,idxq4-64_queryq4-64,4,64,42
BBH_30_30,100.0,10,1376569710,4.177381133604818,0.4228167301768576,2.452732588302892,0.9595986101977156,83.21360130384282,104.02104094728423,133.20991104910885,0.4024302363395691,0.4124561846256256,0.2285754829645156,0.277281254529953,0.3146215081214905,0.3054313957691192,0.0675785019993782,0.0703436806797981,0.8903240737525193,0.1827116277203855,0.7278430284948039,15.567567567567568,20.0,330.39578589900503,15.135135135135137,20.0,369.786127121913,True,True,True,True,ROBUST,ROBUST,True,False,True,False,True,True,0.3783,0.2040884156525078,0.13023118793964325,0.21959366053342733,0.15031939417123752,0.4048017891577,idxq4-64_queryq4-64,4,64,42
BBH_30_30,100.0,11,1372714332,3.573506325998968,-0.8043875382992574,0.359806837635713,1.6530575199311526,70.75699107340826,34.278940169019926,78.62313606613274,0.353899747133255,0.3859647214412689,0.2068505734205246,0.2019968628883361,0.30384561419487,0.2868576645851135,0.0697499960660934,0.0566111579537391,0.4156250702577932,0.4156250702577932,0.4496849514879386,16.0,20.0,1226.45,16.0,20.0,1226.45,False,True,True,False,ROBUST,AMBIGUOUS,True,True,False,True,True,True,0.3783,0.2040884156525078,0.13023118793964325,0.21959366053342733,0.15031939417123752,0.4048017891577,idxq4-64_queryq4-64,4,64,42
BBH_30_30,100.0,12,1387956065,2.959984760706576,0.1308452490521121,2.403314790462772,1.227273769496006,28.707287340869478,65.99926620507537,71.97229665697523,0.3161381185054779,0.4380605816841125,0.0841284617781639,0.2174661308526992,0.3576370775699615,0.3720587193965912,0.0760969594120979,0.1360996216535568,0.0542010372267478,0.669058223050904,0.3753821785396986,16.43243243243243,20.0,1226.45,16.0,20.0,210.55717265114495,False,True,False,False,BACKGROUND,AMBIGUOUS,False,True,False,True,True,False,0.3783,0.2040884156525078,0.13023118793964325,0.21959366053342733,0.15031939417123752,0.4048017891577,idxq4-64_queryq4-64,4,64,42
BBH_30_30,100.0,13,1382162198,3.4782419565716007,0.1186928156717607,0.9548873951313996,1.2979883374264298,78.45131152302545,76.94682915824238,109.8882286561692,0.3728973865509033,0.3900707960128784,0.1898554116487503,0.1868792623281479,0.3952197432518005,0.3912345170974731,0.1321119964122772,0.1084547191858291,0.6180112503222883,0.2535013433289425,0.6485235367132896,16.0,20.0,1226.45,15.135135135135137,20.0,235.6601528695265,False,True,False,False,AMBIGUOUS,AMBIGUOUS,True,False,False,False,False,True,0.3783,0.2040884156525078,0.13023118793964325,0.21959366053342733,0.15031939417123752,0.4048017891577,idxq4-64_queryq4-64,4,64,42
BBH_30_30,100.0,14,1377217221,2.743976283414608,-0.6075171755559349,1.2834305859063189,2.788663635404666,139.6081345764114,149.65377834545032,204.6623673589617,0.3933091461658478,0.4472140669822693,0.3995277881622314,0.3063912391662597,0.2753190696239471,0.2769067883491516,0.0630124732851982,0.0626139491796493,0.0794042761508265,0.3128714564949417,0.8074083581918525,11.243243243243244,20.0,518.440544985289,15.135135135135137,20.0,319.41820511675496,True,True,True,True,ROBUST,ROBUST,False,False,False,False,False,True,0.3783,0.2040884156525078,0.13023118793964325,0.21959366053342733,0.15031939417123752,0.4048017891577,idxq4-64_queryq4-64,4,64,42
BBH_30_30,100.0,15,1380146202,1.4698851403582556,-1.083056962073008,0.8839935680148079,0.785823234667112,184.69903269702323,181.7820115078848,259.14944025999523,0.4230989813804626,0.4474680125713348,0.3398407995700836,0.3754650056362152,0.2988426387310028,0.3145508766174316,0.0664314925670623,0.0793812274932861,0.9523230155671336,0.9590394419883173,0.898228864814716,15.567567567567568,20.0,369.786127121913,16.0,20.0,254.99251675022515,True,True,True,True,ROBUST,ROBUST,True,True,True,True,True,True,0.3783,0.2040884156525078,0.13023118793964325,0.21959366053342733,0.15031939417123752,0.4048017891577,idxq4-64_queryq4-64,4,64,42
BBH_30_30,100.0,16,1373629576,2.5534039568310773,0.6790329383229736,0.5245608985304795,1.2359467757018925,17.17551376028752,36.05091383588319,39.93327761819834,0.3332977294921875,0.3912238180637359,0.097342200577259,0.2026267796754837,0.3586002588272095,0.2923926711082458,0.0723098590970039,0.060504350811243,0.1476953386850022,0.1397601266496323,0.1575504289109149,15.567567567567568,20.0,1226.45,16.0,20.0,1226.45,False,True,False,False,BACKGROUND,AMBIGUOUS,False,False,False,False,False,False,0.3783,0.2040884156525078,0.13023118793964325,0.21959366053342733,0.15031939417123752,0.4048017891577,idxq4-64_queryq4-64,4,64,42
BBH_30_30,100.0,17,1370862634,0.5657873957684653,0.4608601712086389,1.45103011341816,2.8390293846120733,133.59438653014294,210.8274986089942,249.59105409066785,0.387870728969574,0.466632068157196,0.2257625609636306,0.4447596371173858,0.2842186987400055,0.3405109047889709,0.0573005266487598,0.0693114474415779,0.8620622721483459,0.1000232279660218,0.8601186718927026,16.0,20.0,996.3511448497154,11.243243243243244,20.0,168.08842612618787,True,True,True,True,ROBUST,ROBUST,True,False,True,False,True,True,0.3783,0.2040884156525078,0.13023118793964325,0.21959366053342733,0.15031939417123752,0.4048017891577,idxq4-64_queryq4-64,4,64,42
BBH_30_30,100.0,18,1380333713,3.148157169168554,-0.7689426886659184,2.187554974889105,2.315095455447999,141.198498518344,160.8819117941152,214.05608033028227,0.4188358187675476,0.4641960263252258,0.3378743529319763,0.2966640591621399,0.2829385101795196,0.3636693358421325,0.0605018436908721,0.068454124033451,0.4811959635950202,0.4701380589841624,0.8375986589338628,15.135135135135137,20.0,227.83021533493184,15.135135135135137,20.0,235.6601528695265,True,True,True,True,ROBUST,ROBUST,True,True,True,True,True,True,0.3783,0.2040884156525078,0.13023118793964325,0.21959366053342733,0.15031939417123752,0.4048017891577,idxq4-64_queryq4-64,4,64,42
BBH_30_30,100.0,19,1387159891,2.3940269695329697,-0.4082195635342796,1.9800911642278247,1.678693003817887,32.96620397701393,42.88551846507645,54.09194301069709,0.3245033919811249,0.3725095093250274,0.0955392494797706,0.1966788172721862,0.3927433490753174,0.3277676105499267,0.0876434668898582,0.0524151921272277,0.053747694165928,0.2794237505610851,0.3057674959437369,12.108108108108109,20.0,1226.45,16.0,20.0,1226.45,False,False,False,False,BACKGROUND,AMBIGUOUS,False,False,False,False,False,False,0.3783,0.2040884156525078,0.13023118793964325,0.21959366053342733,0.15031939417123752,0.4048017891577,idxq4-64_queryq4-64,4,64,42
BBH_30_30,100.0,20,1370282660,0.550720685222402,-0.8694717422251841,3.021890636453934,1.8508162323935693,16.443847374654677,0.2756506091332046,16.4461575980304,0.3103496432304382,0.3324035108089447,0.0882279053330421,0.0630927681922912,0.3052444458007812,0.3323100805282593,0.056554652750492,0.0629694163799285,0.0596340158625181,0.0570700414979137,0.0655943278818787,16.0,20.0,1226.45,15.567567567567568,20.0,1226.45,False,False,False,False,BACKGROUND,BACKGROUND,False,False,False,False,False,False,0.3783,0.2040884156525078,0.13023118793964325,0.21959366053342733,0.15031939417123752,0.4048017891577,idxq4-64_queryq4-64,4,64,42
BBH_30_30,100.0,21,1374643779,4.3963895824884425,-0.4873205978456264,3.0447573871083784,0.6143273011258747,62.9288301385369,91.68732080204929,111.20522675873976,0.3430944383144378,0.4131122827529907,0.1746051460504531,0.2447444200515747,0.3342796862125397,0.3278173208236694,0.0992443710565567,0.0530900098383426,0.5801941012525269,0.6992851970644827,0.6132668991319684,16.0,25.33731500561184,1226.45,16.0,20.0,627.8506577887329,False,True,False,True,AMBIGUOUS,ROBUST,True,True,False,True,True,True,0.3783,0.2040884156525078,0.13023118793964325,0.21959366053342733,0.15031939417123752,0.4048017891577,idxq4-64_queryq4-64,4,64,42
BBH_30_30,100.0,22,1372359602,5.6712181161893485,-0.0885631480981579,0.6357432601964069,2.510220033930265,104.05115442423676,185.01666691189905,212.26824956221068,0.3870729506015777,0.4790502488613128,0.2278980910778045,0.3122230470180511,0.260030448436737,0.3275320827960968,0.0630516558885574,0.0589988231658935,0.8218200664036012,0.9521217811352092,0.8393025047545335,16.0,20.0,1226.45,15.567567567567568,20.0,210.55717265114495,True,True,True,True,ROBUST,ROBUST,True,True,True,True,True,True,0.3783,0.2040884156525078,0.13023118793964325,0.21959366053342733,0.15031939417123752,0.4048017891577,idxq4-64_queryq4-64,4,64,42
BBH_30_30,100.0,23,1383322566,3.639343885206614,-0.7029280703264739,2.691133141864687,1.969351054037705,84.65199310541539,90.97751915622956,124.26934025954031,0.381371259689331,0.4015206098556518,0.2348575592041015,0.2278569638729095,0.3282792866230011,0.3205455541610718,0.0684549137949943,0.0605312101542949,0.851433272698446,0.7769056355051814,0.7178758555934597,16.0,20.0,447.8246645644373,16.0,20.0,726.8541975238301,True,True,True,True,ROBUST,ROBUST,True,True,True,True,True,True,0.3783,0.2040884156525078,0.13023118793964325,0.21959366053342733,0.15031939417123752,0.4048017891577,idxq4-64_queryq4-64,4,64,42
BBH_30_30,100.0,24,1376236454,4.52051907389092,-0.1362349487751013,1.970748845482725,1.0274082014065908,134.11846623248653,149.52316098167734,200.8604955049828,0.3921778202056885,0.455036848783493,0.3183163404464721,0.3830842673778534,0.3313611149787903,0.3093145191669464,0.0545680671930313,0.0647623091936111,0.1043097170273301,0.9415456246786468,0.8546446328529034,6.486486486486487,20.0,235.6601528695265,16.0,20.0,285.3931534192106,True,True,True,True,ROBUST,ROBUST,False,True,False,True,True,True,0.3783,0.2040884156525078,0.13023118793964325,0.21959366053342733,0.15031939417123752,0.4048017891577,idxq4-64_queryq4-64,4,64,42
BBH_30_30,200.0,0,1370366686,4.083106618809832,-0.9811031738498914,1.3062974799674438,1.401797079566961,25.593875750268836,22.27643237342857,33.93060440381419,0.2927146852016449,0.3047123253345489,0.0802030190825462,0.0822294726967811,0.2608821988105774,0.3263728022575378,0.0679845511913299,0.0631341934204101,0.1489270428931117,0.0657327782324532,0.1687415183993985,16.0,20.0,1226.45,19.45945945945946,20.0,1226.45,False,False,False,False,BACKGROUND,BACKGROUND,False,False,False,False,False,False,0.3783,0.2040884156525078,0.13023118793964325,0.21959366053342733,0.15031939417123752,0.4048017891577,idxq4-64_queryq4-64,4,64,42
BBH_30_30,200.0,1,1378103466,3.103835857358768,-0.3472120726040529,0.4540361300075967,2.730717562611944,105.66749769530786,141.5475376304794,176.63896930870004,0.401904284954071,0.4732108414173126,0.2738771140575409,0.3243129849433899,0.3462960124015808,0.2773450911045074,0.0649168193340301,0.0578921139240264,0.0671166477952546,0.8942554736103105,0.8189179375168801,6.918918918918919,20.0,1226.45,16.0,20.0,518.440544985289,True,True,True,True,ROBUST,ROBUST,False,True,False,True,True,True,0.3783,0.2040884156525078,0.13023118793964325,0.21959366053342733,0.15031939417123752,0.4048017891577,idxq4-64_queryq4-64,4,64,42
BBH_30_30,200.0,2,1387267029,3.692279741750834,-0.7192412676808297,2.906350567580666,2.486832589671953,97.91386677620169,48.97438512359543,109.47883679187504,0.3846856951713562,0.4493593573570251,0.2150982469320297,0.2608110904693603,0.2885541319847107,0.3186366856098175,0.085134208202362,0.0567320212721824,0.0647000858606816,0.8438997874243581,0.581989362829818,15.135135135135137,20.0,1226.45,16.0,20.0,254.99251675022515,True,True,True,True,ROBUST,ROBUST,False,True,False,True,True,True,0.3783,0.2040884156525078,0.13023118793964325,0.21959366053342733,0.15031939417123752,0.4048017891577,idxq4-64_queryq4-64,4,64,42
BBH_30_30,200.0,3,1384917171,2.179447259357543,0.1828481551372355,0.0716404737003067,1.407955319905774,16.404520718858144,24.597233142490392,29.56572641220699,0.3087280690670013,0.3137999475002289,0.0724453851580619,0.1085265502333641,0.3536161184310913,0.2928971350193023,0.0749400928616523,0.0568846389651298,0.070143346303516,0.0881892838935446,0.0951224091219256,14.27027027027027,20.0,1226.45,16.0,20.0,1226.45,False,False,False,False,BACKGROUND,BACKGROUND,False,False,False,False,False,False,0.3783,0.2040884156525078,0.13023118793964325,0.21959366053342733,0.15031939417123752,0.4048017891577,idxq4-64_queryq4-64,4,64,42
BBH_30_30,200.0,4,1378534239,1.6774575637135132,-0.3435821196126035,1.635740594531531,1.6238423987787882,24.735846088243264,3.4897187136997982,24.980796992930514,0.3190019428730011,0.3000175952911377,0.0906269252300262,0.0618336610496044,0.3411336243152618,0.3006931245326996,0.0684889256954193,0.0623971559107303,0.0927103406268245,0.0674250050433938,0.0610717625749212,16.864864864864863,20.0,1226.45,18.16216216216216,20.0,1226.45,False,False,False,False,BACKGROUND,BACKGROUND,False,False,False,False,False,False,0.3783,0.2040884156525078,0.13023118793964325,0.21959366053342733,0.15031939417123752,0.4048017891577,idxq4-64_queryq4-64,4,64,42
BBH_30_30,200.0,5,1380169558,0.1357927027616836,0.7109894967294859,2.81537209724717,1.6932794273695726,49.2316592999512,68.0453846946818,83.98768157101199,0.3885861933231354,0.4475114047527313,0.1808166801929474,0.242733284831047,0.3053746521472931,0.3052138686180115,0.0673140808939933,0.0571377798914909,0.4961505782938903,0.880637924364809,0.529837658838905,16.0,20.0,1226.45,15.567567567567568,20.0,168.08842612618787,True,True,False,True,AMBIGUOUS,ROBUST,True,True,True,True,True,True,0.3783,0.2040884156525078,0.13023118793964325,0.21959366053342733,0.15031939417123752,0.4048017891577,idxq4-64_queryq4-64,4,64,42
BBH_30_30,200.0,6,1372135556,3.4811117567309955,-0.8992307713555102,2.1119045377423915,2.373881050234096,26.453673926138563,17.480676185814996,31.70758433094175,0.3541775345802307,0.2795322835445404,0.1113592237234115,0.0860229358077049,0.3380394876003265,0.3043231964111328,0.0586021170020103,0.0609170272946357,0.1016350267887141,0.1016350267887141,0.1097968012063253,16.0,20.0,1226.45,16.0,20.0,1226.45,False,False,False,False,BACKGROUND,BACKGROUND,False,False,False,False,False,False,0.3783,0.2040884156525078,0.13023118793964325,0.21959366053342733,0.15031939417123752,0.4048017891577,idxq4-64_queryq4-64,4,64,42
BBH_30_30,200.0,7,1382964694,4.143274609517809,0.4712374713762784,2.4147773138087314,2.0236489890915674,46.1267187886594,43.08604495740873,63.119580609189015,0.3519989550113678,0.3827504515647888,0.1784770488739013,0.2110911309719085,0.3656724393367767,0.307606965303421,0.0712517276406288,0.0613263137638568,0.3524978181523814,0.3830609890317303,0.3770145623785185,15.567567567567568,20.0,1226.45,16.0,20.0,996.3511448497154,False,True,False,False,AMBIGUOUS,AMBIGUOUS,False,False,False,False,False,False,0.3783,0.2040884156525078,0.13023118793964325,0.21959366053342733,0.15031939417123752,0.4048017891577,idxq4-64_queryq4-64,4,64,42
BBH_30_30,200.0,8,1387869287,5.755472166571081,-0.5699286980846703,0.1175350116351018,2.47271495909612,83.85905281455307,111.33265114907712,139.38184943110815,0.3603323996067047,0.4618463516235351,0.1677999347448349,0.2602755129337311,0.285179078578949,0.3097982406616211,0.0675790458917617,0.0882606282830238,0.7313308859607701,0.916294708473099,0.757341695193839,16.0,20.0,1226.45,16.0,20.0,227.83021533493184,False,True,False,True,AMBIGUOUS,ROBUST,True,True,False,True,True,True,0.3783,0.2040884156525078,0.13023118793964325,0.21959366053342733,0.15031939417123752,0.4048017891577,idxq4-64_queryq4-64,4,64,42
BBH_30_30,200.0,9,1376484607,2.330573444069971,0.7202591579593746,2.5391968868903465,1.460870134637528,35.30716153423483,22.66077670725988,41.95362268721074,0.3510460555553436,0.288841038942337,0.0950042381882667,0.0618234872817993,0.2820008099079132,0.3031501770019531,0.0618312917649745,0.0700991749763488,0.0611322319989252,0.0553924217370583,0.2058667748413547,20.324324324324323,20.0,1226.45,20.75675675675676,20.0,1226.45,False,False,False,False,BACKGROUND,BACKGROUND,False,False,False,False,False,False,0.3783,0.2040884156525078,0.13023118793964325,0.21959366053342733,0.15031939417123752,0.4048017891577,idxq4-64_queryq4-64,4,64,42
BBH_30_30,200.0,10,1376562781,5.9872434783225374,-0.4314235345082965,1.618099693373403,1.945204982124587,18.941656585323127,24.98951212009928,31.35700990523337,0.2811987400054931,0.307457834482193,0.067966416478157,0.1066838949918747,0.2929714024066925,0.281102180480957,0.0612725242972373,0.0692158415913581,0.0454055185589668,0.1403457357055723,0.156235586190473,17.72972972972973,20.0,1226.45,16.0,20.0,1226.45,False,False,False,False,BACKGROUND,BACKGROUND,False,False,False,False,False,False,0.3783,0.2040884156525078,0.13023118793964325,0.21959366053342733,0.15031939417123752,0.4048017891577,idxq4-64_queryq4-64,4,64,42
BBH_30_30,200.0,11,1370539195,5.881335206211572,-0.7352658731804999,0.141090871951108,2.0806732388586857,38.20054677488594,35.40392501520362,52.08377559646007,0.3760226666927337,0.3509468138217926,0.165728822350502,0.1386642158031463,0.351834088563919,0.339402973651886,0.0659630969166755,0.0577397719025611,0.2715870223399545,0.2715870223399545,0.2966580110114985,16.0,20.0,1226.45,16.0,20.0,1226.45,False,False,False,False,AMBIGUOUS,BACKGROUND,False,False,False,False,False,False,0.3783,0.2040884156525078,0.13023118793964325,0.21959366053342733,0.15031939417123752,0.4048017891577,idxq4-64_queryq4-64,4,64,42
BBH_30_30,200.0,12,1378592296,6.23527956327969,0.9000444388880913,2.3518214543443565,1.7009695276012131,5.408795644752451,7.586953515903383,9.31756051652855,0.3377038240432739,0.3561461269855499,0.090326577425003,0.0668787732720375,0.3361900150775909,0.354625254869461,0.0902101844549179,0.0663051456212997,0.0623926242956316,0.0644698521703371,0.0567660213602104,17.2972972972973,20.0,1226.45,16.43243243243243,20.0,1226.45,False,False,False,False,BACKGROUND,BACKGROUND,False,False,False,False,False,False,0.3783,0.2040884156525078,0.13023118793964325,0.21959366053342733,0.15031939417123752,0.4048017891577,idxq4-64_queryq4-64,4,64,42
BBH_30_30,200.0,13,1372856090,4.157340327065562,-0.2554538351431379,0.2967757903911619,0.9955698143603612,47.77529899470446,81.31268407212177,94.30923488739631,0.3878412842750549,0.438197374343872,0.2023124098777771,0.2655676603317261,0.2752248644828796,0.3186681270599365,0.0900763124227523,0.0594723373651504,0.8216789099323549,0.1355360580601175,0.5694517186448839,16.0,20.0,295.20138083447426,15.135135135135137,20.0,235.6601528695265,True,True,False,True,AMBIGUOUS,ROBUST,True,False,True,False,True,True,0.3783,0.2040884156525078,0.13023118793964325,0.21959366053342733,0.15031939417123752,0.4048017891577,idxq4-64_queryq4-64,4,64,42
BBH_30_30,200.0,14,1371636493,5.222034930105975,-0.7662405367157867,0.5631879999298243,2.4256640928524225,8.822115368326518,19.56797337322815,21.464745549561695,0.3279775977134704,0.3194569945335388,0.0969550609588623,0.0882624164223671,0.329483151435852,0.2814364731311798,0.0965571850538253,0.0572982169687747,0.0663095724630134,0.0611748952502464,0.0715201851313536,11.243243243243244,22.638334674707437,1226.45,16.0,20.0,1226.45,False,False,False,False,BACKGROUND,BACKGROUND,False,False,False,False,False,False,0.3783,0.2040884156525078,0.13023118793964325,0.21959366053342733,0.15031939417123752,0.4048017891577,idxq4-64_queryq4-64,4,64,42
BBH_30_30,200.0,15,1378718232,5.49503536520695,-0.6524445580119755,0.9749105710179397,1.370698115910986,26.568694989570204,37.87287432001457,46.26283781512362,0.3238386213779449,0.3559745848178863,0.0966244935989379,0.1587147116661071,0.309718519449234,0.3408905565738678,0.0531266368925571,0.061070654541254,0.2204357847151389,0.2204357847151389,0.2393205014983834,16.0,20.0,1226.45,16.0,20.0,1226.45,False,False,False,False,BACKGROUND,AMBIGUOUS,False,False,False,False,False,False,0.3783,0.2040884156525078,0.13023118793964325,0.21959366053342733,0.15031939417123752,0.4048017891577,idxq4-64_queryq4-64,4,64,42
BBH_30_30,200.0,16,1373622831,6.106165521355119,0.0014823729475862,0.4520673368849279,0.9826621385818683,51.56613986735688,72.39670743150752,88.88391321123923,0.3497803211212158,0.4136025905609131,0.1090714260935783,0.2165900915861129,0.2852061092853546,0.2963703274726867,0.0795690864324569,0.0563134476542472,0.0607641398963682,0.5863604212059087,0.548730746844619,7.783783783783784,20.0,1226.45,16.0,20.0,851.0005945013751,False,True,False,False,BACKGROUND,AMBIGUOUS,False,True,False,True,True,True,0.3783,0.2040884156525078,0.13023118793964325,0.21959366053342733,0.15031939417123752,0.4048017891577,idxq4-64_queryq4-64,4,64,42
BBH_30_30,200.0,17,1380536777,1.4429713933940016,-0.8276680128291907,2.1289275106635563,2.904936672949597,64.58874066200818,70.12280347149562,95.33579069272017,0.3985163867473602,0.384995698928833,0.2310892194509506,0.2258919775485992,0.2940735518932342,0.3106192946434021,0.0579584725201129,0.0684984326362609,0.7671943053005611,0.7437032136108271,0.5850592389882381,16.0,20.0,463.2152445401258,16.0,20.0,518.440544985289,True,True,True,True,ROBUST,ROBUST,True,True,True,True,True,True,0.3783,0.2040884156525078,0.13023118793964325,0.21959366053342733,0.15031939417123752,0.4048017891577,idxq4-64_queryq4-64,4,64,42
BBH_30_30,200.0,18,1377928656,0.7775680808034326,1.0257921047973737,1.2490287329479324,2.400726873352366,72.29201123561265,74.27041938357829,103.64473013087807,0.4244506657123565,0.4543435573577881,0.1993164271116256,0.2293272316455841,0.3150427639484405,0.2939389050006866,0.0638056471943855,0.0702243670821189,0.0720789337744053,0.2285636933372646,0.6266307851011531,15.135135135135137,20.0,1226.45,15.135135135135137,20.0,288.6258079570481,True,True,False,True,AMBIGUOUS,ROBUST,False,False,False,False,False,True,0.3783,0.2040884156525078,0.13023118793964325,0.21959366053342733,0.15031939417123752,0.4048017891577,idxq4-64_queryq4-64,4,64,42
BBH_30_30,200.0,19,1383317285,5.81074273500916,-1.254137108526169,1.7442060910613877,2.0120877714412977,71.49119301646616,56.41556094808538,91.06978750389592,0.3621022403240204,0.4431077539920807,0.1771654784679412,0.2492346465587616,0.2810145318508148,0.399135023355484,0.0552646704018116,0.0868601500988006,0.5380665681495549,0.1976400617016188,0.5731440065223664,16.0,20.0,1226.45,15.135135135135137,20.0,227.83021533493184,False,True,False,True,AMBIGUOUS,ROBUST,True,False,False,False,False,True,0.3783,0.2040884156525078,0.13023118793964325,0.21959366053342733,0.15031939417123752,0.4048017891577,idxq4-64_queryq4-64,4,64,42
BBH_30_30,200.0,20,1370966893,0.6653730113151975,-0.8028241126960635,1.3166864665783868,1.2995315030088366,19.3952226719296,23.49638086620293,30.46727057521561,0.3292811810970306,0.3286319673061371,0.0834186300635337,0.0926712676882743,0.3197138607501983,0.314079612493515,0.0676620453596115,0.060160357505083,0.1285108735248969,0.1285108735248969,0.1439613537542082,16.0,20.0,1226.45,16.0,20.0,1226.45,False,False,False,False,BACKGROUND,BACKGROUND,False,False,False,False,False,False,0.3783,0.2040884156525078,0.13023118793964325,0.21959366053342733,0.15031939417123752,0.4048017891577,idxq4-64_queryq4-64,4,64,42
BBH_30_30,200.0,21,1377889021,3.745045812936018,1.0472396315620984,2.5269743433244685,0.3696224023171461,107.21774660329864,113.38939346161963,156.05383601912243,0.4036988019943237,0.4800743758678436,0.2369881272315979,0.3222853243350982,0.3213803172111511,0.3175317645072937,0.057582102715969,0.0566309541463851,0.8412870554557969,0.5696410842096218,0.7858688922090995,16.0,20.0,694.8336727466043,15.135135135135137,20.0,134.18549765763706,True,True,True,True,ROBUST,ROBUST,True,True,True,True,True,True,0.3783,0.2040884156525078,0.13023118793964325,0.21959366053342733,0.15031939417123752,0.4048017891577,idxq4-64_queryq4-64,4,64,42
BBH_30_30,200.0,22,1376911328,4.930814173952917,-1.3028869777045171,0.342885978422661,1.6360794854193006,21.468200634212256,6.689227551766319,22.486204742243658,0.2691275179386139,0.2876671552658081,0.0722274929285049,0.0641123577952385,0.3069841563701629,0.2889378368854522,0.062170822173357,0.0637595504522323,0.0766332743119198,0.0510380534190345,0.0887931806399034,16.0,20.0,1226.45,18.594594594594597,20.0,1226.45,False,False,False,False,BACKGROUND,BACKGROUND,False,False,False,False,False,False,0.3783,0.2040884156525078,0.13023118793964325,0.21959366053342733,0.15031939417123752,0.4048017891577,idxq4-64_queryq4-64,4,64,42
BBH_30_30,200.0,23,1387368744,5.006549421874275,-0.564174606855372,1.6674618465748483,0.851497678294545,83.5746749904966,43.72177970638452,94.32030704180704,0.3440824151039123,0.4669209420681,0.1834396421909332,0.2810325026512146,0.3302704095840454,0.3362456858158111,0.0822505354881286,0.0736710801720619,0.5029244708019444,0.8212297400209313,0.5359552178262509,16.0,20.0,1226.45,16.0,20.0,235.6601528695265,False,True,False,True,AMBIGUOUS,ROBUST,True,True,False,True,True,True,0.3783,0.2040884156525078,0.13023118793964325,0.21959366053342733,0.15031939417123752,0.4048017891577,idxq4-64_queryq4-64,4,64,42
BBH_30_30,200.0,24,1374880703,5.45216464483282,0.2077045327490611,1.2961318111102065,1.3571429241867343,32.49123185194738,15.896263783863027,36.17141619487901,0.3540775179862976,0.3370359539985657,0.1537640541791916,0.0889279693365097,0.3604242503643036,0.3285377323627472,0.0834599584341049,0.0615856945514678,0.1643662002061968,0.0383816340814099,0.1897008984770038,16.0,20.0,1226.45,11.243243243243244,20.0,1226.45,False,False,False,False,AMBIGUOUS,BACKGROUND,False,False,False,False,False,False,0.3783,0.2040884156525078,0.13023118793964325,0.21959366053342733,0.15031939417123752,0.4048017891577,idxq4-64_queryq4-64,4,64,42
BBH_30_30,400.0,0,1373881874,2.675896067693025,0.3087437753645911,2.7253021957710724,1.825162382316824,9.02535983281669,11.585084700707966,14.685751857988024,0.264844685792923,0.2660364210605621,0.0584861747920513,0.0646432042121887,0.2653030753135681,0.2609306573867798,0.0582475289702415,0.0674603655934333,0.0624944555013757,0.0556937863348724,0.0767126253071491,22.486486486486488,20.0,1226.45,17.72972972972973,20.0,1226.45,False,False,False,False,BACKGROUND,BACKGROUND,False,False,False,False,False,False,0.3783,0.2040884156525078,0.13023118793964325,0.21959366053342733,0.15031939417123752,0.4048017891577,idxq4-64_queryq4-64,4,64,42
BBH_30_30,400.0,1,1382953359,1.5572219004737835,-0.5546846689420876,2.3436729822858884,1.6631337211446957,11.464855099360806,9.614911415470132,14.962935005428491,0.2811134755611419,0.3222926557064056,0.0589475072920322,0.0680214688181877,0.282007485628128,0.350494384765625,0.0607153661549091,0.0935813784599304,0.0684790061660407,0.0487212702076616,0.0727776608444936,19.027027027027028,20.0,1226.45,16.43243243243243,20.0,1226.45,False,False,False,False,BACKGROUND,BACKGROUND,False,False,False,False,False,False,0.3783,0.2040884156525078,0.13023118793964325,0.21959366053342733,0.15031939417123752,0.4048017891577,idxq4-64_queryq4-64,4,64,42
BBH_30_30,400.0,2,1382016721,0.6614816845075172,-1.048913867736828,1.8674684311037344,0.8851963554598528,32.766131572261465,23.762415661900352,40.47557011704316,0.3396546244621277,0.3223753571510315,0.1138748526573181,0.0910548493266105,0.3140701353549957,0.3259414732456207,0.0709976479411125,0.0727311447262764,0.0612819508609836,0.1778123728894444,0.1970362917165847,12.54054054054054,20.0,1226.45,16.0,20.0,1226.45,False,False,False,False,BACKGROUND,BACKGROUND,False,False,False,False,False,False,0.3783,0.2040884156525078,0.13023118793964325,0.21959366053342733,0.15031939417123752,0.4048017891577,idxq4-64_queryq4-64,4,64,42
BBH_30_30,400.0,3,1371837834,5.181517924832432,-0.3890727740722519,0.4519870076799048,2.3569679830013404,34.736319300373665,53.2943345856069,63.61523384740583,0.3172554075717926,0.4044947922229767,0.1103270873427391,0.2047463357448578,0.3083749115467071,0.2827685475349426,0.0698130428791046,0.056110430508852,0.0546321018712237,0.0574979508616844,0.4066217496107788,12.54054054054054,20.0,1226.45,15.135135135135137,20.0,1226.45,False,True,False,False,BACKGROUND,AMBIGUOUS,False,False,False,False,False,True,0.3783,0.2040884156525078,0.13023118793964325,0.21959366053342733,0.15031939417123752,0.4048017891577,idxq4-64_queryq4-64,4,64,42
BBH_30_30,400.0,4,1384957739,3.1700318395446816,0.848077023020889,2.673908866062572,1.9433743681941396,36.4334126675384,42.0658850652164,55.650087555395125,0.3484650552272796,0.3780505359172821,0.0894616693258285,0.1536522209644317,0.2848330736160278,0.3066547214984894,0.0663492679595947,0.0743968486785888,0.0499633223770106,0.3396399733287292,0.3689381832594942,11.675675675675675,20.0,1226.45,16.0,20.0,1226.45,False,False,False,False,BACKGROUND,AMBIGUOUS,False,False,False,False,False,False,0.3783,0.2040884156525078,0.13023118793964325,0.21959366053342733,0.15031939417123752,0.4048017891577,idxq4-64_queryq4-64,4,64,42
BBH_30_30,400.0,5,1382591992,1.1403881404533425,-0.5544905590919824,0.7834741761310441,2.7214968616895083,31.042600828737484,35.59582850327766,47.23035118487992,0.3588396608829498,0.3192797899246216,0.1342581063508987,0.1066155880689621,0.3635233342647552,0.3269004821777344,0.067669577896595,0.0562961399555206,0.2535431094577405,0.2535431094577405,0.279133624203579,16.0,20.0,1226.45,16.0,20.0,1226.45,False,False,False,False,AMBIGUOUS,BACKGROUND,False,False,False,False,False,False,0.3783,0.2040884156525078,0.13023118793964325,0.21959366053342733,0.15031939417123752,0.4048017891577,idxq4-64_queryq4-64,4,64,42
BBH_30_30,400.0,6,1378633489,2.615453957109232,-1.1232040319724892,1.17374343266187,1.4278446465806878,29.358125133666928,21.50741902464161,36.39324916060068,0.3452786207199096,0.323356956243515,0.1122255474328994,0.0752924606204032,0.2618327140808105,0.2831145524978637,0.0861187428236007,0.0720831081271171,0.0646440973335858,0.1665574654560635,0.188043647096703,18.16216216216216,20.0,1226.45,16.0,20.0,1226.45,False,False,False,False,BACKGROUND,BACKGROUND,False,False,False,False,False,False,0.3783,0.2040884156525078,0.13023118793964325,0.21959366053342733,0.15031939417123752,0.4048017891577,idxq4-64_queryq4-64,4,64,42
BBH_30_30,400.0,7,1374651192,0.6388234064776177,0.7300637084776926,0.1632430179535853,1.5232725425554188,10.233282193508751,22.36794534294389,24.59766337107874,0.3354837894439697,0.2894448637962341,0.0666827633976936,0.0765870064496994,0.3375853896141052,0.332021027803421,0.0678617656230926,0.0650393143296241,0.0438020686395455,0.0681121076353216,0.0656084259618173,16.864864864864863,20.0,1226.45,19.027027027027028,20.0,1226.45,False,False,False,False,BACKGROUND,BACKGROUND,False,False,False,False,False,False,0.3783,0.2040884156525078,0.13023118793964325,0.21959366053342733,0.15031939417123752,0.4048017891577,idxq4-64_queryq4-64,4,64,42
BBH_30_30,400.0,8,1384965208,0.6227462349230839,0.7575587708125471,2.835768485702732,0.5554111076449865,23.24917439302635,28.25508987688784,36.5906301381701,0.3170623779296875,0.3265605270862579,0.0807703658938407,0.1152405962347984,0.3188835978507995,0.2660791277885437,0.0639662444591522,0.0616847276687622,0.1710132236371518,0.0648178717061467,0.1921137925400154,16.0,20.0,1226.45,16.43243243243243,20.0,1226.45,False,False,False,False,BACKGROUND,BACKGROUND,False,False,False,False,False,False,0.3783,0.2040884156525078,0.13023118793964325,0.21959366053342733,0.15031939417123752,0.4048017891577,idxq4-64_queryq4-64,4,64,42
BBH_30_30,400.0,9,1380355466,5.039277226912817,0.5931251083437453,2.018420739921916,0.2868447275810448,34.60809913285428,17.040453400001073,38.57586781482793,0.3564870059490204,0.2917442619800567,0.0955696403980255,0.0773791968822479,0.3688791990280151,0.3190431296825409,0.0801180228590965,0.0529782697558403,0.048134906257893,0.1431854437223274,0.1617471675753924,9.08108108108108,20.0,1226.45,16.0,20.0,1226.45,False,False,False,False,BACKGROUND,BACKGROUND,False,False,False,False,False,False,0.3783,0.2040884156525078,0.13023118793964325,0.21959366053342733,0.15031939417123752,0.4048017891577,idxq4-64_queryq4-64,4,64,42
BBH_30_30,400.0,10,1378374385,0.8454164589500512,0.0721987802112797,1.615478791298064,0.9788313714091964,29.39244685210596,43.25086603920506,52.29295693585452,0.303639680147171,0.4379720687866211,0.0745279565453529,0.2157962918281555,0.3563335239887237,0.2924191951751709,0.0748810321092605,0.0613047815859317,0.0628903374991562,0.3063031368693448,0.3275675396277864,21.62162162162162,20.0,1226.45,15.567567567567568,20.0,1226.45,False,True,False,False,BACKGROUND,AMBIGUOUS,False,False,False,False,False,False,0.3783,0.2040884156525078,0.13023118793964325,0.21959366053342733,0.15031939417123752,0.4048017891577,idxq4-64_queryq4-64,4,64,42
BBH_30_30,400.0,11,1380623640,0.8781908261137401,-0.044259900943641,1.309696577737378,2.056774345509426,25.91512676507381,33.72970164186052,42.53570932873664,0.2684040069580078,0.3519556820392608,0.0631398037075996,0.0975570604205131,0.3117344975471496,0.2884354889392853,0.0612869821488857,0.0590975061058998,0.0414748216059487,0.0583619059839634,0.2293072890912725,14.27027027027027,20.0,1226.45,13.83783783783784,20.0,1226.45,False,False,False,False,BACKGROUND,BACKGROUND,False,False,False,False,False,False,0.3783,0.2040884156525078,0.13023118793964325,0.21959366053342733,0.15031939417123752,0.4048017891577,idxq4-64_queryq4-64,4,64,42
BBH_30_30,400.0,12,1371838746,4.308652512664971,-0.4183431589722534,2.980925091869356,1.8142664392986056,15.211629578316565,16.81362062035824,22.673586235821872,0.2939757704734802,0.2810216546058655,0.0625766590237617,0.0613794066011905,0.2955366671085357,0.2844388782978058,0.0672205537557601,0.0572789907455444,0.0520874969239467,0.065362739356466,0.1104771405406182,18.16216216216216,20.0,1226.45,16.864864864864863,20.0,1226.45,False,False,False,False,BACKGROUND,BACKGROUND,False,False,False,False,False,False,0.3783,0.2040884156525078,0.13023118793964325,0.21959366053342733,0.15031939417123752,0.4048017891577,idxq4-64_queryq4-64,4,64,42
BBH_30_30,400.0,13,1382664740,4.100327189858634,0.654526486174967,1.673596388891763,0.7994223448175183,37.59047143208541,16.299695321071187,40.97222974218244,0.3253625929355621,0.2611676454544067,0.0768604427576065,0.0740992873907089,0.3597069978713989,0.2788158357143402,0.0665389150381088,0.0539175607264041,0.0680368374196859,0.0497195377282964,0.1571523062977227,13.83783783783784,20.0,1226.45,19.89189189189189,20.0,1226.45,False,False,False,False,BACKGROUND,BACKGROUND,False,False,False,False,False,False,0.3783,0.2040884156525078,0.13023118793964325,0.21959366053342733,0.15031939417123752,0.4048017891577,idxq4-64_queryq4-64,4,64,42
BBH_30_30,400.0,14,1386487937,5.40805740371456,-0.8268388814020186,1.9301308794008984,1.1706031554455325,29.647310823114445,37.11365268325368,47.50143423661587,0.3296145498752594,0.349481850862503,0.0947838276624679,0.132577046751976,0.3282537162303924,0.2914499938488006,0.0642725452780723,0.0667410641908645,0.2401388639011525,0.2401388639011525,0.2651352230967365,16.0,20.0,1226.45,16.0,20.0,1226.45,False,False,False,False,BACKGROUND,BACKGROUND,False,False,False,False,False,False,0.3783,0.2040884156525078,0.13023118793964325,0.21959366053342733,0.15031939417123752,0.4048017891577,idxq4-64_queryq4-64,4,64,42
BBH_30_30,400.0,15,1380551855,4.559805772745632,-0.980927339538918,2.94034167119842,2.514621969331801,57.01131634338884,42.47445286051085,71.09408791879753,0.3719977140426636,0.3603476881980896,0.1811734288930893,0.1680597811937332,0.2675881385803222,0.3660566806793213,0.0629836395382881,0.0882867649197578,0.4028050807235085,0.0479310664705074,0.4318912686711722,16.0,20.0,1226.45,13.405405405405403,20.0,1226.45,False,False,False,False,AMBIGUOUS,AMBIGUOUS,False,False,False,False,False,True,0.3783,0.2040884156525078,0.13023118793964325,0.21959366053342733,0.15031939417123752,0.4048017891577,idxq4-64_queryq4-64,4,64,42
BBH_30_30,400.0,16,1370597650,6.024822272440683,0.6457133861239414,1.8651070237999607,2.3820981129490004,38.21232440647205,49.17395835946129,62.27567677097931,0.3318206369876861,0.4362595975399017,0.0769571289420127,0.2011898308992386,0.3007828891277313,0.2951216101646423,0.0584026351571083,0.057250652462244,0.0536232184548653,0.0794413450340278,0.3861289428373501,13.83783783783784,20.0,1226.45,15.135135135135137,20.0,1226.45,False,True,False,False,BACKGROUND,AMBIGUOUS,False,False,False,False,False,False,0.3783,0.2040884156525078,0.13023118793964325,0.21959366053342733,0.15031939417123752,0.4048017891577,idxq4-64_queryq4-64,4,64,42
BBH_30_30,400.0,17,1380743643,4.995853873818987,1.1018702202816049,0.7960272829631336,0.9700622156577408,31.16328630546746,32.31311646175003,44.89195817545896,0.312589555978775,0.3301661312580108,0.0717695355415344,0.0872922390699386,0.3449495136737823,0.3302086591720581,0.0693256631493568,0.0747487694025039,0.0523740124137163,0.0562912307293729,0.2497432950867366,11.675675675675675,20.0,1226.45,12.972972972972974,20.0,1226.45,False,False,False,False,BACKGROUND,BACKGROUND,False,False,False,False,False,False,0.3783,0.2040884156525078,0.13023118793964325,0.21959366053342733,0.15031939417123752,0.4048017891577,idxq4-64_queryq4-64,4,64,42
BBH_30_30,400.0,18,1381974869,0.5972117215958554,0.2344739889648521,0.5381275025617206,1.389655562228386,13.482368909788873,19.583853520608688,23.77607179784539,0.3422453105449676,0.2774361371994018,0.0695650428533554,0.0722980052232742,0.2764218747615814,0.2680928707122803,0.065045341849327,0.0532663017511367,0.0827718077872724,0.0680300201315955,0.0934115009085846,15.567567567567568,20.0,1226.45,19.89189189189189,20.0,1226.45,False,False,False,False,BACKGROUND,BACKGROUND,False,False,False,False,False,False,0.3783,0.2040884156525078,0.13023118793964325,0.21959366053342733,0.15031939417123752,0.4048017891577,idxq4-64_queryq4-64,4,64,42
BBH_30_30,400.0,19,1380554665,3.5966869951587426,-0.0680822776387932,1.6418961464846165,1.4405269688931577,2.433549224783204,19.16855277602665,19.32241127180461,0.3098776340484619,0.2807299792766571,0.0652227848768234,0.0651982501149177,0.3106569349765777,0.2966409623622894,0.065272219479084,0.061788160353899,0.0636086373491335,0.0604268833551501,0.0637745313065451,19.89189189189189,20.0,1226.45,15.567567567567568,20.0,1226.45,False,False,False,False,BACKGROUND,BACKGROUND,False,False,False,False,False,False,0.3783,0.2040884156525078,0.13023118793964325,0.21959366053342733,0.15031939417123752,0.4048017891577,idxq4-64_queryq4-64,4,64,42
BBH_30_30,400.0,20,1380313122,5.021802659629531,-0.0156942131104316,1.88367835102806,1.0147329341054057,6.334234828855224,19.83373354121009,20.82065121581947,0.3285114765167236,0.2821343243122101,0.0732380971312522,0.0644547417759895,0.3288896381855011,0.299815684556961,0.0725301280617713,0.0595374107360839,0.0482722265987364,0.0508556513480529,0.0845927016310075,13.83783783783784,20.0,1226.45,20.75675675675676,20.0,1226.45,False,False,False,False,BACKGROUND,BACKGROUND,False,False,False,False,False,False,0.3783,0.2040884156525078,0.13023118793964325,0.21959366053342733,0.15031939417123752,0.4048017891577,idxq4-64_queryq4-64,4,64,42
BBH_30_30,400.0,21,1370830491,0.7523083240461416,-0.8722733361245044,0.2755459874724897,0.5306615001565217,50.348684230037165,59.33554967188257,77.81836196271698,0.3395369946956634,0.3877823650836944,0.1544989496469497,0.2043667137622833,0.2851848304271698,0.2836436033248901,0.0612602457404136,0.0697644054889679,0.4367214274189325,0.4367214274189325,0.4682959620582375,16.0,20.0,1226.45,16.0,20.0,1226.45,False,True,False,False,AMBIGUOUS,AMBIGUOUS,True,True,False,True,True,True,0.3783,0.2040884156525078,0.13023118793964325,0.21959366053342733,0.15031939417123752,0.4048017891577,idxq4-64_queryq4-64,4,64,42
BBH_30_30,400.0,22,1385255692,5.644603490843656,0.5527906570648528,0.8499105829027568,1.909987526974724,38.32391897558081,38.885864189663,54.59700723871042,0.3382975161075592,0.4446777403354645,0.084121935069561,0.2005325108766555,0.4108088314533233,0.3500415384769439,0.096351221203804,0.0706900879740715,0.0615509666884786,0.3142091282285196,0.342668492003598,10.81081081081081,20.0,1226.45,16.0,20.0,1226.45,False,True,False,False,BACKGROUND,AMBIGUOUS,False,False,False,False,False,False,0.3783,0.2040884156525078,0.13023118793964325,0.21959366053342733,0.15031939417123752,0.4048017891577,idxq4-64_queryq4-64,4,64,42
BBH_30_30,400.0,23,1381321957,1.9756846636092649,-0.7542972446413675,0.4642751575012728,1.8458680499775983,8.171991897085686,10.784358376870085,13.530847614499324,0.3684655129909515,0.3103358447551727,0.1003944128751754,0.0725695341825485,0.3708834946155548,0.2948431670665741,0.1017085388302803,0.0711458399891853,0.0874706410780445,0.0452206112724006,0.0762933356428978,9.08108108108108,26.208093244997876,210.55717265114495,13.83783783783784,20.0,1226.45,False,False,False,False,BACKGROUND,BACKGROUND,False,False,False,False,False,False,0.3783,0.2040884156525078,0.13023118793964325,0.21959366053342733,0.15031939417123752,0.4048017891577,idxq4-64_queryq4-64,4,64,42
BBH_30_30,400.0,24,1377919756,5.881941010766717,0.5951137923322979,1.5059839010081972,1.4646107617601345,25.05115329957352,34.952298061859985,43.0025978452911,0.2797569930553436,0.3484817445278168,0.059487834572792,0.1268404871225357,0.3152584135532379,0.3107164204120636,0.0702793598175048,0.0675599798560142,0.0523217965082645,0.2262470470612435,0.2441575119004141,17.2972972972973,20.0,1226.45,15.567567567567568,20.0,1226.45,False,False,False,False,BACKGROUND,BACKGROUND,False,False,False,False,False,False,0.3783,0.2040884156525078,0.13023118793964325,0.21959366053342733,0.15031939417123752,0.4048017891577,idxq4-64_queryq4-64,4,64,42
BBH_30_30,800.0,0,1374639451,5.344060716352921,0.2777034064455053,0.3830282489709275,2.4388042008961115,16.270389599873365,25.97656491767744,30.65138663509332,0.2857758700847626,0.3409571051597595,0.0934118703007698,0.0959538966417312,0.3770763278007507,0.3397811353206634,0.0813313797116279,0.0719915702939033,0.0650662893853299,0.1483003240356262,0.1530184283732719,18.594594594594597,20.0,1226.45,15.567567567567568,20.0,1226.45,False,False,False,False,BACKGROUND,BACKGROUND,False,False,False,False,False,False,0.3783,0.2040884156525078,0.13023118793964325,0.21959366053342733,0.15031939417123752,0.4048017891577,idxq4-64_queryq4-64,4,64,42
BBH_30_30,800.0,1,1377342443,4.310870600539877,-1.3485039824002794,1.4272819713159188,1.393350586401924,15.044409928628546,12.990182617294357,19.876597156738715,0.2842859923839569,0.3218705356121063,0.0589826107025146,0.0530998520553112,0.3119973242282867,0.345053106546402,0.0668874457478523,0.0598343126475811,0.0734893220039224,0.067600966539491,0.0893283945069346,18.594594594594597,20.0,1226.45,15.567567567567568,20.0,1226.45,False,False,False,False,BACKGROUND,BACKGROUND,False,False,False,False,False,False,0.3783,0.2040884156525078,0.13023118793964325,0.21959366053342733,0.15031939417123752,0.4048017891577,idxq4-64_queryq4-64,4,64,42
BBH_30_30,800.0,2,1389305727,1.8557954883848684,-0.0829990983122288,1.3895708121754755,0.8621599803791992,17.41494472841373,13.605936110067288,22.09981441833705,0.2782954573631286,0.3351379334926605,0.0604903139173984,0.0685732960700988,0.2729761898517608,0.318411260843277,0.0623549632728099,0.0722939744591713,0.0438183106611234,0.10302396204832,0.1152416142988021,21.62162162162162,20.0,1226.45,16.0,20.0,1226.45,False,False,False,False,BACKGROUND,BACKGROUND,False,False,False,False,False,False,0.3783,0.2040884156525078,0.13023118793964325,0.21959366053342733,0.15031939417123752,0.4048017891577,idxq4-64_queryq4-64,4,64,42
BBH_30_30,800.0,3,1369686187,5.770740623401499,0.5975129410090544,0.3474237395575494,1.9781111007108836,6.516972459808875,8.467327820960548,10.684875781660724,0.3347923159599304,0.289185494184494,0.0634288266301155,0.060047760605812,0.3345057964324951,0.3398917019367218,0.0639968886971473,0.066161885857582,0.0618147316172725,0.0584565385754504,0.0754848367434463,14.27027027027027,20.0,1226.45,14.702702702702704,20.0,1226.45,False,False,False,False,BACKGROUND,BACKGROUND,False,False,False,False,False,False,0.3783,0.2040884156525078,0.13023118793964325,0.21959366053342733,0.15031939417123752,0.4048017891577,idxq4-64_queryq4-64,4,64,42
BBH_30_30,800.0,4,1386500037,5.6362270719966405,-1.2285435251209431,0.7565836579203639,2.530669015397862,28.954753376607496,26.013128985934955,38.923779656388106,0.327614277601242,0.2990687787532806,0.1007646545767784,0.0749370083212852,0.330851137638092,0.3574315905570984,0.0586421713232994,0.06898745149374,0.0665541590593838,0.0493291846341668,0.2198304224751407,11.675675675675675,20.0,1226.45,13.405405405405403,20.0,1226.45,False,False,False,False,BACKGROUND,BACKGROUND,False,False,False,False,False,False,0.3783,0.2040884156525078,0.13023118793964325,0.21959366053342733,0.15031939417123752,0.4048017891577,idxq4-64_queryq4-64,4,64,42
BBH_30_30,800.0,5,1374988546,0.2272170112480643,-1.4232878133032012,0.1622881325921868,1.2529325363377468,14.075740330192902,10.633352234293032,17.640709894490175,0.2916800677776336,0.3625363111495971,0.0639948770403862,0.0691559836268425,0.2863370776176452,0.3578029870986938,0.0631865039467811,0.0614959932863712,0.0466436677672159,0.0579745401590853,0.0821157791658374,12.108108108108109,20.0,1226.45,16.43243243243243,20.0,1226.45,False,False,False,False,BACKGROUND,BACKGROUND,False,False,False,False,False,False,0.3783,0.2040884156525078,0.13023118793964325,0.21959366053342733,0.15031939417123752,0.4048017891577,idxq4-64_queryq4-64,4,64,42
BBH_30_30,800.0,6,1377870592,5.035858737963566,-0.5502429786365176,2.668496580821333,1.3573284243994743,7.209146342043097,8.736201191104975,11.326650088726913,0.3098916113376617,0.3457594513893127,0.0669097602367401,0.0683806538581848,0.3097096085548401,0.3191542327404022,0.066559761762619,0.0683983042836189,0.0442372207413472,0.0718518225070021,0.054872419063473,12.972972972972974,20.0,1226.45,12.54054054054054,20.0,1226.45,False,False,False,False,BACKGROUND,BACKGROUND,False,False,False,False,False,False,0.3783,0.2040884156525078,0.13023118793964325,0.21959366053342733,0.15031939417123752,0.4048017891577,idxq4-64_queryq4-64,4,64,42
BBH_30_30,800.0,7,1382531896,5.0326043167833205,1.0266911875588896,2.425650074401298,2.6584430830432897,10.73581630723319,8.521039207596793,13.706416780473877,0.2772057354450226,0.3340727686882019,0.0605333894491195,0.0645962655544281,0.2738610506057739,0.331311285495758,0.0607768222689628,0.064747467637062,0.0476192549872878,0.0672069625608037,0.06468666867851,22.054054054054053,20.0,1226.45,18.16216216216216,20.0,1226.45,False,False,False,False,BACKGROUND,BACKGROUND,False,False,False,False,False,False,0.3783,0.2040884156525078,0.13023118793964325,0.21959366053342733,0.15031939417123752,0.4048017891577,idxq4-64_queryq4-64,4,64,42
BBH_30_30,800.0,8,1379318520,3.170061704597341,0.5125214297037967,1.9792405825957688,2.419089208067685,8.60434627861758,12.292640071695594,15.00479172846516,0.296350359916687,0.2789446413516998,0.0595860891044139,0.0713980868458747,0.3028044402599334,0.2840535938739776,0.0590540394186973,0.0537021085619926,0.0741718891998171,0.0763900463684842,0.0816248942343253,15.567567567567568,20.0,1226.45,16.0,20.0,1226.45,False,False,False,False,BACKGROUND,BACKGROUND,False,False,False,False,False,False,0.3783,0.2040884156525078,0.13023118793964325,0.21959366053342733,0.15031939417123752,0.4048017891577,idxq4-64_queryq4-64,4,64,42
BBH_30_30,800.0,9,1385030114,0.9752319935892384,0.4884324208054217,0.6064577295517702,0.7922261787382464,20.33652117456842,12.7959394305313,24.02727948381788,0.3200190365314483,0.3091011643409729,0.0631946250796318,0.0531917326152324,0.3784500062465668,0.3243917524814605,0.0739649757742881,0.0619660131633281,0.0644595070142894,0.0528562260940804,0.0941249094170646,20.324324324324323,20.0,1226.45,13.405405405405403,20.0,1226.45,False,False,False,False,BACKGROUND,BACKGROUND,False,False,False,False,False,False,0.3783,0.2040884156525078,0.13023118793964325,0.21959366053342733,0.15031939417123752,0.4048017891577,idxq4-64_queryq4-64,4,64,42
BBH_30_30,800.0,10,1377535574,3.87238346453166,-1.1562493893803287,2.7776256715329146,2.670337997379433,25.944986885561583,19.840566834684697,32.66175801780353,0.2971532046794891,0.329898327589035,0.0744301825761795,0.0904865562915802,0.3186710178852081,0.2992544174194336,0.0723716542124748,0.0683049336075782,0.1524370608059084,0.0475643813382614,0.168491388316043,16.0,20.0,1226.45,16.864864864864863,20.0,1226.45,False,False,False,False,BACKGROUND,BACKGROUND,False,False,False,False,False,False,0.3783,0.2040884156525078,0.13023118793964325,0.21959366053342733,0.15031939417123752,0.4048017891577,idxq4-64_queryq4-64,4,64,42
BBH_30_30,800.0,11,1372395316,1.0877943409055162,-0.9554229869032586,0.5765866435400242,1.138280181618768,20.34829515194815,19.46328491331775,28.15799309623786,0.3416782319545746,0.3129074573516845,0.2527165412902832,0.0920065343379974,0.3510180711746216,0.326145589351654,0.2861821949481964,0.0731124207377433,0.0584405047893955,0.0494749804557585,0.1389454536440753,25.513513513513512,20.0,243.7591851846603,21.62162162162162,20.0,1226.45,False,False,True,False,ROBUST,BACKGROUND,False,False,False,False,False,False,0.3783,0.2040884156525078,0.13023118793964325,0.21959366053342733,0.15031939417123752,0.4048017891577,idxq4-64_queryq4-64,4,64,42
BBH_30_30,800.0,12,1369440815,2.8812214911460146,0.6042704841904329,1.999335772249052,0.2835999048794672,28.099565932278924,34.022411000775975,44.12607002541935,0.2971282601356506,0.3415632247924804,0.0602886043488979,0.0909153223037719,0.3066694140434265,0.3032946288585663,0.0658579319715499,0.0626330524682998,0.0503704205950747,0.2102959134801826,0.2345457178006508,19.45945945945946,20.0,1226.45,16.0,20.0,1226.45,False,False,False,False,BACKGROUND,BACKGROUND,False,False,False,False,False,False,0.3783,0.2040884156525078,0.13023118793964325,0.21959366053342733,0.15031939417123752,0.4048017891577,idxq4-64_queryq4-64,4,64,42
BBH_30_30,800.0,13,1371149494,0.9118802837386718,1.101858673193663,0.9466958005216466,1.4254589074460429,14.232695061008686,11.489801817121396,18.29166899154878,0.2907465696334839,0.3333428502082824,0.0615309402346611,0.0643821209669113,0.2918152213096618,0.2976009845733642,0.0601541772484779,0.0582551769912242,0.0771055601298638,0.0571861575254024,0.0632485903917853,15.567567567567568,20.0,1226.45,11.675675675675675,20.0,1226.45,False,False,False,False,BACKGROUND,BACKGROUND,False,False,False,False,False,False,0.3783,0.2040884156525078,0.13023118793964325,0.21959366053342733,0.15031939417123752,0.4048017891577,idxq4-64_queryq4-64,4,64,42
BBH_30_30,800.0,14,1384777269,3.1940744570743336,-0.1931295724714251,1.489644997104599,2.3505749471194517,11.362679804164395,20.244670248784622,23.21545101465812,0.2734566330909729,0.2686394155025482,0.063869684934616,0.0679881572723388,0.2982166409492492,0.3153773546218872,0.0770708620548248,0.0679371878504753,0.074213111338609,0.0546304027878822,0.0921205220344447,20.75675675675676,20.0,1226.45,19.027027027027028,20.0,1226.45,False,False,False,False,BACKGROUND,BACKGROUND,False,False,False,False,False,False,0.3783,0.2040884156525078,0.13023118793964325,0.21959366053342733,0.15031939417123752,0.4048017891577,idxq4-64_queryq4-64,4,64,42
BBH_30_30,800.0,15,1383769781,0.8425412825245379,-0.4598892968791685,0.9572577446900165,2.4365207403869222,28.04735659729418,25.19278320042996,37.70053762852258,0.3393672406673431,0.3212029933929443,0.0923313796520233,0.0908224061131477,0.313341736793518,0.2912604510784149,0.0661405771970748,0.0756769627332687,0.0586864471763631,0.058704423837723,0.2089244838974007,17.72972972972973,20.0,1226.45,19.45945945945946,20.0,1226.45,False,False,False,False,BACKGROUND,BACKGROUND,False,False,False,False,False,False,0.3783,0.2040884156525078,0.13023118793964325,0.21959366053342733,0.15031939417123752,0.4048017891577,idxq4-64_queryq4-64,4,64,42
BBH_30_30,800.0,16,1387420642,2.6288850099696752,-0.0517577553999471,0.7087208974525997,2.7594837390144127,23.01888981657453,18.775434268315863,29.70498645600513,0.3508712649345398,0.279378592967987,0.0913059785962104,0.0741496756672859,0.3213760554790497,0.2787669599056244,0.0601063407957553,0.0547108724713325,0.1340158718190424,0.0761308786062758,0.1574355724053898,16.0,20.0,1226.45,22.054054054054053,20.0,1226.45,False,False,False,False,BACKGROUND,BACKGROUND,False,False,False,False,False,False,0.3783,0.2040884156525078,0.13023118793964325,0.21959366053342733,0.15031939417123752,0.4048017891577,idxq4-64_queryq4-64,4,64,42
BBH_30_30,800.0,17,1379237199,3.5548496920089176,0.41589015096987,2.0355901915879784,1.4253683861683724,7.133921321968767,9.698869290240012,12.039970886061203,0.3586839437484741,0.2898867428302765,0.0657825618982315,0.0562000274658203,0.3572283983230591,0.2883640825748443,0.0648080483078956,0.0575851909816265,0.0650363857521641,0.0560276024627108,0.0684201992434767,12.54054054054054,20.0,1226.45,11.243243243243244,20.0,1226.45,False,False,False,False,BACKGROUND,BACKGROUND,False,False,False,False,False,False,0.3783,0.2040884156525078,0.13023118793964325,0.21959366053342733,0.15031939417123752,0.4048017891577,idxq4-64_queryq4-64,4,64,42
BBH_30_30,800.0,18,1388187213,1.9868321126630824,0.6124384723503215,1.725187961276848,1.260998479880261,4.784013810996353,5.477904738763869,7.272841842827018,0.337744265794754,0.2941342890262604,0.0672992244362831,0.0625371411442756,0.334283709526062,0.3006263673305511,0.0667653232812881,0.071777731180191,0.0571220871685431,0.077180551713281,0.0586431701951753,13.83783783783784,20.0,1226.45,12.54054054054054,20.0,1226.45,False,False,False,False,BACKGROUND,BACKGROUND,False,False,False,False,False,False,0.3783,0.2040884156525078,0.13023118793964325,0.21959366053342733,0.15031939417123752,0.4048017891577,idxq4-64_queryq4-64,4,64,42
BBH_30_30,800.0,19,1379126218,5.025734012559037,-0.3801918388169577,2.630714277788934,1.5302349761496823,7.410393083227655,9.848475598001697,12.325031328657268,0.3105606436729431,0.3025375604629516,0.0579214543104171,0.0623643547296524,0.3086638152599334,0.3038699924945831,0.0578934550285339,0.0602495968341827,0.0510762452177034,0.0569033774708717,0.054952135239199,13.83783783783784,20.0,1226.45,16.43243243243243,20.0,1226.45,False,False,False,False,BACKGROUND,BACKGROUND,False,False,False,False,False,False,0.3783,0.2040884156525078,0.13023118793964325,0.21959366053342733,0.15031939417123752,0.4048017891577,idxq4-64_queryq4-64,4,64,42
BBH_30_30,800.0,20,1378113067,0.727949268081314,-1.0272533032743818,2.645199686174057,1.582513301857254,8.016667285384031,6.415482153504616,10.267685504848831,0.3366037607192993,0.3441603183746338,0.0654885694384574,0.0589371025562286,0.3173258602619171,0.3412374556064605,0.0577641949057579,0.0589678287506103,0.0474788762499981,0.0550218403684559,0.0763028885974307,18.594594594594597,20.0,1226.45,14.27027027027027,20.0,1226.45,False,False,False,False,BACKGROUND,BACKGROUND,False,False,False,False,False,False,0.3783,0.2040884156525078,0.13023118793964325,0.21959366053342733,0.15031939417123752,0.4048017891577,idxq4-64_queryq4-64,4,64,42
BBH_30_30,800.0,21,1376779084,4.6664750229985525,-1.3278537522377931,2.5986419537189,1.9521888111871224,12.232160516843797,11.560759483119313,16.83083214628336,0.348354697227478,0.3095077276229858,0.0735546499490737,0.0511060766875743,0.3278764486312866,0.3046509623527527,0.0621492862701416,0.0577580593526363,0.0588536480018094,0.0572701322156851,0.0621290504855689,17.2972972972973,20.0,1226.45,16.0,20.0,1226.45,False,False,False,False,BACKGROUND,BACKGROUND,False,False,False,False,False,False,0.3783,0.2040884156525078,0.13023118793964325,0.21959366053342733,0.15031939417123752,0.4048017891577,idxq4-64_queryq4-64,4,64,42
BBH_30_30,800.0,22,1373865664,2.338988447104694,-0.7653288696596426,1.8875958115801603,0.7768917806040188,19.3442252257453,25.458300048442634,31.973803197944644,0.2908907234668731,0.400880753993988,0.0634472370147705,0.1658758223056793,0.2965767383575439,0.3135625123977661,0.0635191276669502,0.0631002336740493,0.0616418727935049,0.1530593090122997,0.1731235803125858,19.45945945945946,20.0,1226.45,16.0,20.0,1226.45,False,True,False,False,BACKGROUND,AMBIGUOUS,False,False,False,False,False,False,0.3783,0.2040884156525078,0.13023118793964325,0.21959366053342733,0.15031939417123752,0.4048017891577,idxq4-64_queryq4-64,4,64,42
BBH_30_30,800.0,23,1382978041,1.9538287902325373,0.3847528837527735,2.216099455600051,0.9953494133193536,14.810090153619376,6.730469043156184,16.267697559864374,0.2844469845294952,0.3235548138618469,0.0556139461696147,0.0601946748793125,0.3214331567287445,0.3228258192539215,0.0547817312180995,0.0596737600862979,0.0747770282829736,0.0493800987934273,0.062548826543837,20.324324324324323,20.0,1226.45,17.72972972972973,20.0,1226.45,False,False,False,False,BACKGROUND,BACKGROUND,False,False,False,False,False,False,0.3783,0.2040884156525078,0.13023118793964325,0.21959366053342733,0.15031939417123752,0.4048017891577,idxq4-64_queryq4-64,4,64,42
BBH_30_30,800.0,24,1381884024,4.026822052370144,-1.3632754674323138,0.6567740044414848,1.7970380452697272,5.996328272279071,6.156081609746498,8.593793896457626,0.3381421864032745,0.3091667294502258,0.0888651758432388,0.0686330273747444,0.3395224213600158,0.3091674149036407,0.0889989286661148,0.0685173124074935,0.072176080496607,0.0635754963113902,0.0505298053490553,12.108108108108109,20.0,1226.45,17.2972972972973,20.0,1226.45,False,False,False,False,BACKGROUND,BACKGROUND,False,False,False,False,False,False,0.3783,0.2040884156525078,0.13023118793964325,0.21959366053342733,0.15031939417123752,0.4048017891577,idxq4-64_queryq4-64,4,64,42
BBH_30_30,1600.0,0,1381411214,1.0288797889472183,-0.7317682739867548,2.627327415358251,1.5205986420987987,0.9881719498836784,2.9361978018998856,3.0980221649334,0.361683577299118,0.3108299076557159,0.0847912579774856,0.0658008158206939,0.3618724644184112,0.3106300234794616,0.0849314928054809,0.0662211701273918,0.0505852506652943,0.0532652791592243,0.0514824112469384,22.054054054054053,20.0,1226.45,12.54054054054054,20.0,1226.45,False,False,False,False,BACKGROUND,BACKGROUND,False,False,False,False,False,False,0.3783,0.2040884156525078,0.13023118793964325,0.21959366053342733,0.15031939417123752,0.4048017891577,idxq4-64_queryq4-64,4,64,42
BBH_30_30,1600.0,1,1376385686,3.493258941429385,0.7452280937354,3.111187265338235,0.2088692504124841,8.278083974400358,8.943392718849378,12.186506784587293,0.3144040405750274,0.3461326956748962,0.0824530944228172,0.0655421912670135,0.315079927444458,0.3517751693725586,0.0812174752354621,0.0683051571249961,0.0556484596431629,0.0709816526360547,0.0661111903280839,11.675675675675675,20.0,1226.45,12.54054054054054,20.0,1226.45,False,False,False,False,BACKGROUND,BACKGROUND,False,False,False,False,False,False,0.3783,0.2040884156525078,0.13023118793964325,0.21959366053342733,0.15031939417123752,0.4048017891577,idxq4-64_queryq4-64,4,64,42
BBH_30_30,1600.0,2,1388630431,2.816410251207442,-0.2165429180985268,0.2514822414279804,2.370010276556047,9.754365925597362,6.188202351175251,11.551688315979868,0.3095051944255829,0.2903176844120025,0.0594712570309639,0.0587297081947326,0.3119754791259765,0.2897023558616638,0.0601155497133731,0.0594234466552734,0.0505610464941307,0.0523627552123164,0.064321067248593,17.72972972972973,20.0,1226.45,15.135135135135137,20.0,1226.45,False,False,False,False,BACKGROUND,BACKGROUND,False,False,False,False,False,False,0.3783,0.2040884156525078,0.13023118793964325,0.21959366053342733,0.15031939417123752,0.4048017891577,idxq4-64_queryq4-64,4,64,42
BBH_30_30,1600.0,3,1370770760,2.725514011035969,-0.0613846747335294,0.4733531076262026,1.0348436736241629,5.925471666810141,9.588106120543374,11.27133503419054,0.2664987444877624,0.2907882630825043,0.0591643825173378,0.0577106028795242,0.26798877120018,0.2859561741352081,0.058988269418478,0.0575109161436557,0.0564991475842199,0.0583543758678258,0.0398682882744296,21.62162162162162,20.0,1226.45,12.972972972972974,20.0,1226.45,False,False,False,False,BACKGROUND,BACKGROUND,False,False,False,False,False,False,0.3783,0.2040884156525078,0.13023118793964325,0.21959366053342733,0.15031939417123752,0.4048017891577,idxq4-64_queryq4-64,4,64,42
BBH_30_30,1600.0,4,1371392458,3.08000199603319,0.1737634549118542,1.5497161642219406,1.999708038936768,4.125445413358803,5.452115259924925,6.837021329944014,0.3351989090442657,0.3159187138080597,0.0663476064801216,0.0580953694880008,0.334622174501419,0.3151043057441711,0.0661170855164527,0.0584921427071094,0.0716761630826583,0.062679411264828,0.0529902220132347,21.18918918918919,20.0,1226.45,17.2972972972973,20.0,1226.45,False,False,False,False,BACKGROUND,BACKGROUND,False,False,False,False,False,False,0.3783,0.2040884156525078,0.13023118793964325,0.21959366053342733,0.15031939417123752,0.4048017891577,idxq4-64_queryq4-64,4,64,42
BBH_30_30,1600.0,5,1375917327,1.5310077671607163,0.7575957511568893,2.00304397743499,2.5530837282262726,7.988929635135579,6.847613224211957,10.522015186434109,0.3870433270931244,0.3380994796752929,0.0750163048505783,0.061417706310749,0.3885590732097626,0.3369628190994262,0.0763270705938339,0.0610016658902168,0.0760214872826418,0.0634442616311834,0.0695516489352246,9.513513513513514,20.0,1226.45,14.702702702702704,20.0,1226.45,True,False,False,False,BACKGROUND,BACKGROUND,False,False,False,False,False,False,0.3783,0.2040884156525078,0.13023118793964325,0.21959366053342733,0.15031939417123752,0.4048017891577,idxq4-64_queryq4-64,4,64,42
BBH_30_30,1600.0,6,1376476842,4.211011246847562,0.553662442043226,0.1825531792873557,1.2678872491954851,3.779581757330448,5.575868908379727,6.7361377913297495,0.3089920580387115,0.3165061771869659,0.0562419965863227,0.0627600029110908,0.3084095418453216,0.3177898228168487,0.0560075566172599,0.0630629062652587,0.0670641654190779,0.0692293337374746,0.0571226463646704,15.567567567567568,20.0,1226.45,18.594594594594597,20.0,1226.45,False,False,False,False,BACKGROUND,BACKGROUND,False,False,False,False,False,False,0.3783,0.2040884156525078,0.13023118793964325,0.21959366053342733,0.15031939417123752,0.4048017891577,idxq4-64_queryq4-64,4,64,42
BBH_30_30,1600.0,7,1387583645,3.389950854056465,-0.328989654355958,2.653008624430811,1.8408500676075048,3.848384848147018,5.195277630645685,6.465367398604274,0.3572476208209991,0.3543531894683838,0.0671713575720787,0.0710916370153427,0.3582393229007721,0.3547624051570892,0.0666758865118026,0.0727820545434951,0.0496973089538109,0.0491579606754419,0.0452956758961454,12.972972972972974,20.0,1226.45,12.108108108108109,20.0,1226.45,False,False,False,False,BACKGROUND,BACKGROUND,False,False,False,False,False,False,0.3783,0.2040884156525078,0.13023118793964325,0.21959366053342733,0.15031939417123752,0.4048017891577,idxq4-64_queryq4-64,4,64,42
BBH_30_30,1600.0,8,1379114745,4.829429576784034,0.781057805386963,1.5858492142843272,1.6056583708591392,6.9055815451838765,8.777034831146521,11.16796297022619,0.3178633749485016,0.3325826525688171,0.0722202807664871,0.0573518797755241,0.3175954222679138,0.3362414538860321,0.0714845359325409,0.0571633242070674,0.0463433794756926,0.0793113535999656,0.0713526419990863,11.675675675675675,20.9219999008004,1226.45,15.567567567567568,20.0,1226.45,False,False,False,False,BACKGROUND,BACKGROUND,False,False,False,False,False,False,0.3783,0.2040884156525078,0.13023118793964325,0.21959366053342733,0.15031939417123752,0.4048017891577,idxq4-64_queryq4-64,4,64,42
BBH_30_30,1600.0,9,1383305858,3.6890085166753375,0.7761659765071978,1.0699975413106355,0.6109481455980683,8.940611888213775,8.724746928544258,12.49222757969178,0.3255186080932617,0.3403387665748596,0.0674363449215889,0.0678512677550315,0.3266017436981201,0.3531146347522735,0.0674783512949943,0.0616266578435897,0.0644387346113087,0.0495033547197098,0.0601705748774261,15.135135135135137,20.0,1226.45,13.83783783783784,20.0,1226.45,False,False,False,False,BACKGROUND,BACKGROUND,False,False,False,False,False,False,0.3783,0.2040884156525078,0.13023118793964325,0.21959366053342733,0.15031939417123752,0.4048017891577,idxq4-64_queryq4-64,4,64,42
BBH_30_30,1600.0,10,1374372726,3.9636358639549294,-0.7010060559589355,1.0645463754586348,0.5832532911813305,4.151615664909609,5.409579373081436,6.819051372646418,0.3177538812160492,0.2750065326690674,0.0722689926624298,0.0627066567540168,0.3172269463539123,0.2737295627593994,0.0722269490361213,0.063986524939537,0.0557726137590551,0.0622841348754666,0.0561824250014926,21.62162162162162,20.0,1226.45,19.89189189189189,20.0,1226.45,False,False,False,False,BACKGROUND,BACKGROUND,False,False,False,False,False,False,0.3783,0.2040884156525078,0.13023118793964325,0.21959366053342733,0.15031939417123752,0.4048017891577,idxq4-64_queryq4-64,4,64,42
BBH_30_30,1600.0,11,1384924696,0.1559683369949733,1.0253983737336805,1.4080848497368963,2.2354594207285263,11.67725166344562,9.779628754254132,15.231524709709062,0.2636012434959411,0.3243125677108764,0.0645011439919471,0.0642660334706306,0.2832577228546142,0.2833909392356872,0.058519247919321,0.0632442831993103,0.0579729209039738,0.0496681801545271,0.0639651478196112,19.027027027027028,20.0,1226.45,14.27027027027027,20.0,1226.45,False,False,False,False,BACKGROUND,BACKGROUND,False,False,False,False,False,False,0.3783,0.2040884156525078,0.13023118793964325,0.21959366053342733,0.15031939417123752,0.4048017891577,idxq4-64_queryq4-64,4,64,42
BBH_30_30,1600.0,12,1374323884,3.760343096677673,-1.3995379261358958,0.873432207632675,1.965928147105568,5.936148980519191,5.752744005714395,8.266312860895233,0.363036036491394,0.3075372576713562,0.0987074524164199,0.0619338825345039,0.3649055659770965,0.3062297999858856,0.1003433242440223,0.0623017624020576,0.0481901254445519,0.0566420367992775,0.0584083959841696,9.08108108108108,20.0,1226.45,11.243243243243244,20.0,1226.45,False,False,False,False,BACKGROUND,BACKGROUND,False,False,False,False,False,False,0.3783,0.2040884156525078,0.13023118793964325,0.21959366053342733,0.15031939417123752,0.4048017891577,idxq4-64_queryq4-64,4,64,42
BBH_30_30,1600.0,13,1385134735,3.982092926283334,1.3002008573467554,1.948911223259501,1.152650277481961,8.257678649974464,6.694762828446851,10.630574115041847,0.2626008689403534,0.2779812216758728,0.063484251499176,0.06188640370965,0.261709988117218,0.2757147848606109,0.0646540001034736,0.0629830583930015,0.065060837115333,0.0518680669461503,0.0550428520646708,16.864864864864863,20.0,1226.45,21.18918918918919,20.0,1226.45,False,False,False,False,BACKGROUND,BACKGROUND,False,False,False,False,False,False,0.3783,0.2040884156525078,0.13023118793964325,0.21959366053342733,0.15031939417123752,0.4048017891577,idxq4-64_queryq4-64,4,64,42
BBH_30_30,1600.0,14,1378178711,4.7842218934058485,0.9384716311660648,2.2641330916823144,1.6157997689866683,8.303262590152832,7.625004982658663,11.273192565844024,0.3155008554458618,0.3433442115783691,0.0710610002279281,0.0625858232378959,0.2867220044136047,0.3418105244636535,0.0588470213115215,0.0627687349915504,0.0452234310644086,0.0469504393742021,0.0469991075341811,20.324324324324323,20.0,1226.45,16.0,20.0,1226.45,False,False,False,False,BACKGROUND,BACKGROUND,False,False,False,False,False,False,0.3783,0.2040884156525078,0.13023118793964325,0.21959366053342733,0.15031939417123752,0.4048017891577,idxq4-64_queryq4-64,4,64,42
BBH_30_30,1600.0,15,1374551247,4.913483398920579,0.8236085252102768,0.3584685117752014,0.3859999019912141,14.684224093002916,16.519576648492748,22.102553016766056,0.3206923305988312,0.2937979400157928,0.0689884647727012,0.0559916980564594,0.3170832991600036,0.2931307256221771,0.0657235458493232,0.0627991780638694,0.0676864510144968,0.0834856926255329,0.0997266700316536,21.18918918918919,20.0,1226.45,16.0,20.0,1226.45,False,False,False,False,BACKGROUND,BACKGROUND,False,False,False,False,False,False,0.3783,0.2040884156525078,0.13023118793964325,0.21959366053342733,0.15031939417123752,0.4048017891577,idxq4-64_queryq4-64,4,64,42
BBH_30_30,1600.0,16,1370598799,2.7651588507261344,0.1064082964931438,2.054923324325155,1.087357110414715,5.237931439654083,8.094311115799393,9.641255011971746,0.3248971402645111,0.2825756072998047,0.0916024893522262,0.0604160949587821,0.324393093585968,0.3102670013904571,0.0914525687694549,0.0542164854705333,0.0620673678824483,0.0469835824927218,0.0664553615999022,9.08108108108108,20.0,1226.45,20.324324324324323,20.0,1226.45,False,False,False,False,BACKGROUND,BACKGROUND,False,False,False,False,False,False,0.3783,0.2040884156525078,0.13023118793964325,0.21959366053342733,0.15031939417123752,0.4048017891577,idxq4-64_queryq4-64,4,64,42
BBH_30_30,1600.0,17,1370949779,6.18628653502225,-0.4373534537143164,2.3051545970967746,0.3492482131954277,8.295209876746904,11.07748168216522,13.839115120483152,0.3025339245796203,0.3184526860713959,0.0824361518025398,0.0606270395219326,0.3030929267406463,0.3154426515102386,0.0822653472423553,0.0611489117145538,0.0468052330996903,0.0658834753082183,0.0558424861035451,12.54054054054054,20.0,1226.45,13.405405405405403,20.0,1226.45,False,False,False,False,BACKGROUND,BACKGROUND,False,False,False,False,False,False,0.3783,0.2040884156525078,0.13023118793964325,0.21959366053342733,0.15031939417123752,0.4048017891577,idxq4-64_queryq4-64,4,64,42
BBH_30_30,1600.0,18,1378130833,2.1770788552447624,-0.8514862125234518,0.1286386696204502,1.0472355682894012,5.004580417852581,5.3504548264335945,7.326199015073236,0.2631714642047882,0.3366451561450958,0.064371220767498,0.0595140308141708,0.263175904750824,0.3382063806056976,0.0647594630718231,0.0596337728202343,0.0727862377006855,0.0663921052992398,0.0735749993157953,18.594594594594597,20.0,1226.45,17.72972972972973,20.0,1226.45,False,False,False,False,BACKGROUND,BACKGROUND,False,False,False,False,False,False,0.3783,0.2040884156525078,0.13023118793964325,0.21959366053342733,0.15031939417123752,0.4048017891577,idxq4-64_queryq4-64,4,64,42
BBH_30_30,1600.0,19,1387461208,3.07687422271362,1.3297148583635134,1.460757194092236,0.9828104783510844,9.868384075446777,7.870914027499722,12.622848010208449,0.3393962681293487,0.2946496903896332,0.11300078779459,0.0566835477948188,0.3353375494480133,0.2977875769138336,0.107105940580368,0.0557076930999755,0.0589492218047258,0.0729521262515937,0.0603724598016417,19.027027027027028,20.0,1226.45,14.27027027027027,25.33731500561184,1226.45,False,False,False,False,BACKGROUND,BACKGROUND,False,False,False,False,False,False,0.3783,0.2040884156525078,0.13023118793964325,0.21959366053342733,0.15031939417123752,0.4048017891577,idxq4-64_queryq4-64,4,64,42
BBH_30_30,1600.0,20,1371588474,2.5860082897734302,0.6277983047439802,0.2664676027776838,0.2983120265697919,13.28324131278984,17.521571799985892,21.987495949195026,0.3845672011375427,0.2665929794311523,0.0970542803406715,0.0726214423775672,0.3880942165851593,0.2815364301204681,0.0986741483211517,0.0484063699841499,0.042011206592395,0.0593695018810131,0.1142900807552306,16.864864864864863,20.0,1226.45,22.054054054054053,20.0,1226.45,True,False,False,False,BACKGROUND,BACKGROUND,False,False,False,False,False,False,0.3783,0.2040884156525078,0.13023118793964325,0.21959366053342733,0.15031939417123752,0.4048017891577,idxq4-64_queryq4-64,4,64,42
BBH_30_30,1600.0,21,1378310088,5.039490269068291,1.01485366694996,2.5842209944509102,1.4596441707213876,2.6431427706331285,2.1551686676227493,3.4104186974406803,0.2822027504444122,0.3268259763717651,0.0548830367624759,0.0609511211514472,0.2821053862571716,0.3279163837432861,0.0544768832623958,0.0612440668046474,0.062687087079714,0.0621511024131102,0.0656626610600709,15.567567567567568,22.638334674707437,1226.45,15.135135135135137,20.0,1226.45,False,False,False,False,BACKGROUND,BACKGROUND,False,False,False,False,False,False,0.3783,0.2040884156525078,0.13023118793964325,0.21959366053342733,0.15031939417123752,0.4048017891577,idxq4-64_queryq4-64,4,64,42
BBH_30_30,1600.0,22,1383754566,4.4815334192910745,0.5793036885972539,2.718911933372852,1.2125726134811814,3.83219544752346,5.328465413545998,6.563403508194163,0.351749986410141,0.2969720661640167,0.0911355763673782,0.0632229819893837,0.3530816435813904,0.2957686185836792,0.0924330502748489,0.0635531768202781,0.0644396224430733,0.0607830860172036,0.0724395325844809,14.27027027027027,20.0,1226.45,17.72972972972973,20.0,1226.45,False,False,False,False,BACKGROUND,BACKGROUND,False,False,False,False,False,False,0.3783,0.2040884156525078,0.13023118793964325,0.21959366053342733,0.15031939417123752,0.4048017891577,idxq4-64_queryq4-64,4,64,42
BBH_30_30,1600.0,23,1375241740,5.032024620461913,-1.1245479309561142,0.7368139056349605,1.071437295782019,4.9947099950847065,4.140026726870326,6.487445509150708,0.3690053820610046,0.3257295787334442,0.0937909558415412,0.0996955260634422,0.3674727380275726,0.3269887268543243,0.0917637795209884,0.1009092405438423,0.0626658765990431,0.060905989823288,0.0717877967147232,16.864864864864863,20.0,1226.45,14.702702702702704,20.0,1226.45,False,False,False,False,BACKGROUND,BACKGROUND,False,False,False,False,False,False,0.3783,0.2040884156525078,0.13023118793964325,0.21959366053342733,0.15031939417123752,0.4048017891577,idxq4-64_queryq4-64,4,64,42
BBH_30_30,1600.0,24,1380838240,5.391760305737695,-1.4365295540943854,1.616755760514473,1.3245187548304245,3.30858453352383,2.8328281549416587,4.355645413816793,0.274500161409378,0.3103041350841522,0.0600930377840995,0.0683314949274063,0.2749375700950622,0.3024254441261291,0.0598873235285282,0.0581450462341308,0.0602083231213586,0.0669659361832187,0.0559463128758684,24.64864864864865,20.0,1226.45,13.405405405405403,20.0,1226.45,False,False,False,False,BACKGROUND,BACKGROUND,False,False,False,False,False,False,0.3783,0.2040884156525078,0.13023118793964325,0.21959366053342733,0.15031939417123752,0.4048017891577,idxq4-64_queryq4-64,4,64,42
BBH_10_10,100.0,0,1372596020,0.1860280840383204,-0.1985916779820385,2.813719963653788,1.2083370460246328,37.98812257475992,53.788859097665394,65.85088321187109,0.3411273956298828,0.4156363308429718,0.1365057826042175,0.2749603986740112,0.2887488603591919,0.3185997009277344,0.0738807991147041,0.0655479058623313,0.1334899250973456,0.6098460026306572,0.3754270335121579,15.135135135135137,20.0,1226.45,16.0,23.41635591359196,400.12150576147945,False,True,False,True,AMBIGUOUS,ROBUST,False,True,False,True,True,False,0.3783,0.2040884156525078,0.13023118793964325,0.21959366053342733,0.15031939417123752,0.4048017891577,idxq4-64_queryq4-64,4,64,42
BBH_10_10,100.0,1,1384510352,5.570405448607241,-0.6748915381359328,0.2664434719655338,2.0379535156265907,62.735652478944345,76.97519136645253,99.30227680099216,0.4609062969684601,0.5049710869789124,0.322278767824173,0.3621329665184021,0.3073537647724151,0.2841845154762268,0.0552491806447505,0.0581450909376144,0.6980934058296407,0.6981494976321545,0.5311456097751016,15.135135135135137,20.226855005376493,235.6601528695265,15.135135135135137,20.9219999008004,235.6601528695265,True,True,True,True,ROBUST,ROBUST,True,True,True,True,True,True,0.3783,0.2040884156525078,0.13023118793964325,0.21959366053342733,0.15031939417123752,0.4048017891577,idxq4-64_queryq4-64,4,64,42
BBH_10_10,100.0,2,1379067573,4.509059748318379,0.6622125053811166,3.137644834223261,1.8924608230334212,23.177692075402963,36.22632958046107,43.00642236706497,0.4469994604587555,0.5283586978912354,0.213580697774887,0.3384536206722259,0.2953838407993316,0.3929781913757324,0.0711623057723045,0.0850641429424285,0.0949534720489887,0.2544014683552243,0.1588067276462688,15.135135135135137,20.0,1226.45,15.135135135135137,20.0,319.41820511675496,True,True,True,True,ROBUST,ROBUST,False,False,False,False,False,False,0.3783,0.2040884156525078,0.13023118793964325,0.21959366053342733,0.15031939417123752,0.4048017891577,idxq4-64_queryq4-64,4,64,42
BBH_10_10,100.0,3,1383710463,2.563174873530245,-0.813007327977826,1.8060134308587108,1.9902656997358048,52.43434075896411,40.0634573246415,65.98818609137953,0.5573680996894836,0.4844413101673126,0.386793702840805,0.3365750014781952,0.2787328660488128,0.3009032309055328,0.0574728660285472,0.0556008629500865,0.5381253673057174,0.475133155395022,0.3645994618087485,15.135135135135137,23.41635591359196,235.6601528695265,15.135135135135137,20.226855005376493,285.3931534192106,True,True,True,True,ROBUST,ROBUST,True,True,True,True,True,False,0.3783,0.2040884156525078,0.13023118793964325,0.21959366053342733,0.15031939417123752,0.4048017891577,idxq4-64_queryq4-64,4,64,42
BBH_10_10,100.0,4,1382560189,4.403765264871309,0.1915957435967384,1.232663859818799,0.0984259586422673,98.86839938150186,125.41412732235146,159.6986653929429,0.6136924624443054,0.46934574842453,0.4488804340362549,0.3659024834632873,0.3631417155265808,0.3154900968074798,0.0611930377781391,0.0731741711497306,0.7465558134270358,0.6618789633934997,0.739307282251119,15.135135135135137,23.41635591359196,369.786127121913,15.135135135135137,32.829755988681875,447.8246645644373,True,True,True,True,ROBUST,ROBUST,True,True,True,True,True,True,0.3783,0.2040884156525078,0.13023118793964325,0.21959366053342733,0.15031939417123752,0.4048017891577,idxq4-64_queryq4-64,4,64,42
BBH_10_10,100.0,5,1377825048,3.122219055699904,-0.8201764164232301,1.1478702957663265,0.5906165073112042,52.13538610578056,52.8678336489473,74.2502950777408,0.4855811893939972,0.527523398399353,0.3189652860164642,0.3877887427806854,0.3441300094127655,0.2959978878498077,0.07596255838871,0.0622053444385528,0.4302457010531377,0.5379858148833864,0.3787053312673358,15.135135135135137,20.9219999008004,330.39578589900503,15.135135135135137,20.226855005376493,235.6601528695265,True,True,True,True,ROBUST,ROBUST,True,True,True,True,True,False,0.3783,0.2040884156525078,0.13023118793964325,0.21959366053342733,0.15031939417123752,0.4048017891577,idxq4-64_queryq4-64,4,64,42
BBH_10_10,100.0,6,1381823121,2.156970155684654,-0.1599171932542271,3.013444804823727,1.2983581037673952,17.355275311991317,17.06394573914908,24.338936405349337,0.3649308979511261,0.3221543133258819,0.094324417412281,0.1313496232032776,0.3606099486351013,0.3318711519241333,0.0782401859760284,0.0872103497385978,0.0674185647741152,0.0501357189239547,0.1044989477546333,19.89189189189189,20.0,1226.45,15.135135135135137,20.0,1226.45,False,False,False,False,BACKGROUND,BACKGROUND,False,False,False,False,False,False,0.3783,0.2040884156525078,0.13023118793964325,0.21959366053342733,0.15031939417123752,0.4048017891577,idxq4-64_queryq4-64,4,64,42
BBH_10_10,100.0,7,1380938151,2.044188664180073,0.9581508238729264,1.663605430650423,2.1291678586444656,22.554244983606093,23.19493900787559,32.35273036946943,0.2849324643611908,0.4401687085628509,0.101067341864109,0.2674829363822937,0.3165538609027862,0.2852063179016113,0.0596066303551197,0.0581125207245349,0.0437619552319415,0.0748329156947701,0.1173815597100793,19.45945945945946,20.0,1226.45,15.135135135135137,20.0,1226.45,False,True,False,True,BACKGROUND,ROBUST,False,False,False,False,False,False,0.3783,0.2040884156525078,0.13023118793964325,0.21959366053342733,0.15031939417123752,0.4048017891577,idxq4-64_queryq4-64,4,64,42
BBH_10_10,100.0,8,1382284701,2.026279177408016,-0.7602696496423125,2.7467395869256235,2.114437773846753,21.3180480250302,19.847287734975243,29.12686049048872,0.2924814522266388,0.3977827429771423,0.0754222050309181,0.1668895781040191,0.3024163246154785,0.3073668777942657,0.0708204582333564,0.0660135224461555,0.0661421815422688,0.1057971775407861,0.1211071196144334,19.027027027027028,20.0,1226.45,16.0,20.0,1226.45,False,True,False,False,BACKGROUND,AMBIGUOUS,False,False,False,False,False,False,0.3783,0.2040884156525078,0.13023118793964325,0.21959366053342733,0.15031939417123752,0.4048017891577,idxq4-64_queryq4-64,4,64,42
BBH_10_10,100.0,9,1381852540,3.527941913121625,0.6235846002927932,2.462456063721304,2.0191762089654848,43.02022547609319,53.63665526335075,68.75776747287122,0.5715572237968445,0.4292380511760711,0.3750773072242737,0.27496999502182,0.3500728905200958,0.366417795419693,0.0815375447273254,0.0721210166811943,0.3521142998886492,0.3525952405682973,0.3580721334672108,15.135135135135137,23.41635591359196,400.12150576147945,15.135135135135137,20.0,400.12150576147945,True,True,True,True,ROBUST,ROBUST,False,False,False,False,False,False,0.3783,0.2040884156525078,0.13023118793964325,0.21959366053342733,0.15031939417123752,0.4048017891577,idxq4-64_queryq4-64,4,64,42
BBH_10_10,100.0,10,1377491514,2.9924129237490087,1.4250892953793086,2.119310477807512,1.694337828645393,43.75742761904272,34.12894522006879,55.493219168383256,0.5851387977600098,0.3842602074146271,0.4360280334949493,0.2206431180238723,0.2884625494480133,0.4169879257678985,0.0612792558968067,0.0892804488539695,0.3261215312236674,0.1355423604764773,0.2828574877907603,15.135135135135137,22.638334674707437,357.4997806977579,15.135135135135137,20.0,1226.45,True,True,True,True,ROBUST,ROBUST,False,False,False,False,False,False,0.3783,0.2040884156525078,0.13023118793964325,0.21959366053342733,0.15031939417123752,0.4048017891577,idxq4-64_queryq4-64,4,64,42
BBH_10_10,100.0,11,1385091314,5.670913838334895,0.6128237722972568,0.581758069702698,0.8901738974840192,80.12827998732001,58.189067629251326,99.0278185425082,0.4938338696956634,0.4584748446941376,0.3327283561229706,0.3206223547458648,0.2992218732833862,0.2898092865943908,0.0677056461572647,0.0647036358714103,0.5745847372382091,0.5978415433936324,0.4949562372111778,15.135135135135137,20.9219999008004,319.41820511675496,15.135135135135137,20.226855005376493,295.20138083447426,True,True,True,True,ROBUST,ROBUST,True,True,True,True,True,True,0.3783,0.2040884156525078,0.13023118793964325,0.21959366053342733,0.15031939417123752,0.4048017891577,idxq4-64_queryq4-64,4,64,42
BBH_10_10,100.0,12,1372650983,0.6402198721261937,0.3108250476784611,3.001318745206037,1.4461322063224975,6.278809067132012,16.628425705688628,17.77436313208171,0.2898254990577698,0.3144781589508056,0.0655495300889015,0.0605912767350673,0.2881545424461365,0.3121030330657959,0.0660916194319725,0.0584313385188579,0.0630817484353189,0.0589610834864551,0.0691216356529419,17.72972972972973,20.0,1226.45,16.43243243243243,20.0,1226.45,False,False,False,False,BACKGROUND,BACKGROUND,False,False,False,False,False,False,0.3783,0.2040884156525078,0.13023118793964325,0.21959366053342733,0.15031939417123752,0.4048017891577,idxq4-64_queryq4-64,4,64,42
BBH_10_10,100.0,13,1372830568,2.720446405599673,-1.1898534678534418,3.0152205884521317,1.5453294454751731,22.210763606395844,32.81053195855457,39.6213203639471,0.3588860630989074,0.4179540574550628,0.0953280106186866,0.2412991225719452,0.2897230088710785,0.3158772885799408,0.0745179206132888,0.0588184520602226,0.0702896784088426,0.1848015372099606,0.2046199202801063,17.2972972972973,20.0,1226.45,15.567567567567568,20.0,1226.45,False,True,False,True,BACKGROUND,ROBUST,False,False,False,False,False,False,0.3783,0.2040884156525078,0.13023118793964325,0.21959366053342733,0.15031939417123752,0.4048017891577,idxq4-64_queryq4-64,4,64,42
BBH_10_10,100.0,14,1371093386,3.242675290073307,-0.3842458682996253,0.1600970776806527,1.660681629152329,4.351457722056221,12.360562674019844,13.104147966396567,0.2997152805328369,0.3030480146408081,0.0602700300514698,0.0617019981145858,0.3005466759204864,0.2975921630859375,0.0608254522085189,0.0597750023007392,0.0725692398706938,0.054473864646698,0.06301110729958,19.45945945945946,20.0,1226.45,17.72972972972973,20.0,1226.45,False,False,False,False,BACKGROUND,BACKGROUND,False,False,False,False,False,False,0.3783,0.2040884156525078,0.13023118793964325,0.21959366053342733,0.15031939417123752,0.4048017891577,idxq4-64_queryq4-64,4,64,42
BBH_10_10,100.0,15,1372563506,2.415912258332542,-1.0736415872634466,2.1934277127879773,2.460363524048151,59.54935219102514,57.9213431011824,83.07230184011782,0.430041491985321,0.4391182065010071,0.2598625719547272,0.2978958487510681,0.2985166907310486,0.324451595544815,0.0575122013688087,0.06073859333992,0.5211837586151578,0.5586027418031199,0.4562856981635866,15.135135135135137,20.0,254.99251675022515,15.135135135135137,20.226855005376493,227.83021533493184,True,True,True,True,ROBUST,ROBUST,True,True,True,True,True,True,0.3783,0.2040884156525078,0.13023118793964325,0.21959366053342733,0.15031939417123752,0.4048017891577,idxq4-64_queryq4-64,4,64,42
BBH_10_10,100.0,16,1381010786,1.897971642698045,-0.2133636270660728,1.3088177626647743,2.196859229239746,40.745563798167794,73.0237922266813,83.62221714590018,0.3996026813983917,0.473059594631195,0.2427518218755722,0.3204230070114136,0.3173967897891998,0.3146421015262604,0.0568164400756359,0.058032426983118,0.1701966611212733,0.5972670675264895,0.4289846739878715,15.135135135135137,20.0,1226.45,15.135135135135137,20.0,203.56129537089828,True,True,True,True,ROBUST,ROBUST,False,True,False,True,True,True,0.3783,0.2040884156525078,0.13023118793964325,0.21959366053342733,0.15031939417123752,0.4048017891577,idxq4-64_queryq4-64,4,64,42
BBH_10_10,100.0,17,1372469456,0.7041589084291816,0.8118029496795023,0.0038737801288275,3.0600665152885127,56.82900574471195,60.354976692738816,82.89908989556851,0.4848317503929138,0.4520963430404663,0.3237647414207458,0.3050841093063354,0.3063355684280395,0.3049784004688263,0.0621079355478286,0.0650538653135299,0.5398595691853788,0.5761831884728088,0.508538700957728,15.135135135135137,20.226855005376493,285.3931534192106,15.135135135135137,20.0,254.99251675022515,True,True,True,True,ROBUST,ROBUST,True,True,True,True,True,True,0.3783,0.2040884156525078,0.13023118793964325,0.21959366053342733,0.15031939417123752,0.4048017891577,idxq4-64_queryq4-64,4,64,42
BBH_10_10,100.0,18,1387922377,3.075631815121016,-0.3403443161028387,1.3550537977868629,1.5544608886696527,32.632732142360744,41.9760558966828,53.16845376458208,0.4052051901817322,0.3998128771781921,0.1469824612140655,0.2380422502756118,0.2842547595500946,0.3301210701465606,0.0758176669478416,0.0662360861897468,0.2385553409527036,0.2385553409527036,0.2581789433726811,16.0,20.0,1226.45,16.0,20.0,1226.45,True,True,False,True,AMBIGUOUS,ROBUST,False,False,False,False,False,False,0.3783,0.2040884156525078,0.13023118793964325,0.21959366053342733,0.15031939417123752,0.4048017891577,idxq4-64_queryq4-64,4,64,42
BBH_10_10,100.0,19,1380875956,3.015070667795685,0.3752624361603567,0.717077556716628,2.1118439839169354,32.706709660129086,40.01738418406131,51.68287814863585,0.3782726228237152,0.5557294487953186,0.2323613762855529,0.4011355936527252,0.2784164249897003,0.2909479737281799,0.0584703311324119,0.0585144087672233,0.092170659617417,0.3502334263992774,0.2625557350757752,15.135135135135137,20.0,1226.45,15.135135135135137,20.0,235.6601528695265,False,True,True,True,ROBUST,ROBUST,False,False,False,False,False,False,0.3783,0.2040884156525078,0.13023118793964325,0.21959366053342733,0.15031939417123752,0.4048017891577,idxq4-64_queryq4-64,4,64,42
BBH_10_10,100.0,20,1378131128,5.845778959262049,-1.1263792136924182,1.4475504068180902,1.9161489655514432,43.05251027182679,50.22182840850158,66.14945721167126,0.4139930009841919,0.4593786895275116,0.2935201823711395,0.3003407120704651,0.313873291015625,0.3380889892578125,0.0690479353070259,0.0649503841996193,0.4569470709634527,0.4569470709634527,0.3563113443289558,15.135135135135137,20.0,285.3931534192106,15.135135135135137,20.0,285.3931534192106,True,True,True,True,ROBUST,ROBUST,True,True,True,True,True,False,0.3783,0.2040884156525078,0.13023118793964325,0.21959366053342733,0.15031939417123752,0.4048017891577,idxq4-64_queryq4-64,4,64,42
BBH_10_10,100.0,21,1376079653,0.9453304348241488,-1.1319723684505625,0.4341849802262553,1.133914658206158,41.21459649366814,37.08575005979262,55.44362742131228,0.5148298144340515,0.4197260439395904,0.3048269748687744,0.2544536888599396,0.315665066242218,0.3046276271343231,0.0742603316903114,0.0666169822216034,0.6184622648254363,0.1227397975267952,0.2996201313319733,16.0,26.208093244997876,254.99251675022515,15.135135135135137,20.0,1226.45,True,True,True,True,ROBUST,ROBUST,True,False,True,False,True,False,0.3783,0.2040884156525078,0.13023118793964325,0.21959366053342733,0.15031939417123752,0.4048017891577,idxq4-64_queryq4-64,4,64,42
BBH_10_10,100.0,22,1369442695,0.0581809250861712,-0.673027362870588,0.098280054310288,0.577836415944927,79.64575550813444,102.32071602776506,129.66485760951602,0.3678532838821411,0.4198020398616791,0.229345440864563,0.3005835711956024,0.3505037128925323,0.285338819026947,0.0823855996131897,0.0630133971571922,0.6215648528167762,0.694183914756745,0.6525843823247067,16.0,20.0,1226.45,15.135135135135137,23.41635591359196,227.83021533493184,False,True,True,True,ROBUST,ROBUST,True,True,False,True,True,True,0.3783,0.2040884156525078,0.13023118793964325,0.21959366053342733,0.15031939417123752,0.4048017891577,idxq4-64_queryq4-64,4,64,42
BBH_10_10,100.0,23,1377539592,3.896512886000813,-0.5430179666587183,1.788232395967797,2.463452871682125,44.56900457110018,20.23877386694787,48.94899525114076,0.5216572284698486,0.3477819263935089,0.3632118701934814,0.1284663081169128,0.3141120970249176,0.3471189737319946,0.0631469935178756,0.0760300457477569,0.2669608427330805,0.1193009372360293,0.1174820511889898,15.135135135135137,23.41635591359196,235.6601528695265,15.567567567567568,20.0,1226.45,True,False,True,False,ROBUST,BACKGROUND,False,False,False,False,False,False,0.3783,0.2040884156525078,0.13023118793964325,0.21959366053342733,0.15031939417123752,0.4048017891577,idxq4-64_queryq4-64,4,64,42
BBH_10_10,100.0,24,1378853371,5.337159604268898,-1.4329717205524777,2.680939224267873,1.3894126070607475,27.584311923798342,30.6964089353026,41.269404960972345,0.2893743515014648,0.4209294617176056,0.0643160343170166,0.2742092609405517,0.2857648134231567,0.2988767623901367,0.0533096231520175,0.0719613879919052,0.042590920238886,0.2695442535363641,0.1685121074429217,22.054054054054053,20.0,1226.45,15.135135135135137,20.0,263.7559526053348,False,True,False,True,BACKGROUND,ROBUST,False,False,False,False,False,False,0.3783,0.2040884156525078,0.13023118793964325,0.21959366053342733,0.15031939417123752,0.4048017891577,idxq4-64_queryq4-64,4,64,42
BBH_10_10,200.0,0,1378542155,1.0225474807338546,0.5774328118325189,2.687605942897509,1.330244940354928,13.133996306146418,22.76361723062704,26.28087000828489,0.3354372680187225,0.3490285277366638,0.0841799601912498,0.1532555967569351,0.3275354206562042,0.3074544370174408,0.0813938677310943,0.0611425638198852,0.0564572015818901,0.0935010264219729,0.1060566751384586,19.45945945945946,20.0,1226.45,16.0,20.0,1226.45,False,False,False,False,BACKGROUND,AMBIGUOUS,False,False,False,False,False,False,0.3783,0.2040884156525078,0.13023118793964325,0.21959366053342733,0.15031939417123752,0.4048017891577,idxq4-64_queryq4-64,4,64,42
BBH_10_10,200.0,1,1385006296,5.772950956177174,-0.0912115599719004,1.8957138327299925,2.0845766791433773,22.078961680923346,19.91235798931064,29.73184403299171,0.3197575807571411,0.3187811374664306,0.0977367833256721,0.1147132217884063,0.3261013329029083,0.3040303587913513,0.0794329196214675,0.0634166598320007,0.0499426852891375,0.0736464962400542,0.1024254563497697,12.54054054054054,20.0,1226.45,15.135135135135137,20.0,1226.45,False,False,False,False,BACKGROUND,BACKGROUND,False,False,False,False,False,False,0.3783,0.2040884156525078,0.13023118793964325,0.21959366053342733,0.15031939417123752,0.4048017891577,idxq4-64_queryq4-64,4,64,42
BBH_10_10,200.0,2,1370305994,2.271598177321141,0.6768219549302437,1.0002803294793596,0.2484323767177358,53.86829735055019,50.82372940030582,74.05973892475454,0.4592443406581878,0.4726661741733551,0.3013352155685425,0.3204137980937958,0.2709003984928131,0.3577695488929748,0.0529561899602413,0.0656071528792381,0.2414530010036559,0.3499926188686459,0.404961533886732,15.135135135135137,26.208093244997876,501.21507418249416,15.135135135135137,22.638334674707437,319.41820511675496,True,True,True,True,ROBUST,ROBUST,False,False,False,False,False,True,0.3783,0.2040884156525078,0.13023118793964325,0.21959366053342733,0.15031939417123752,0.4048017891577,idxq4-64_queryq4-64,4,64,42
BBH_10_10,200.0,3,1378942560,0.49076950776995,-1.2236001963901673,1.088494798452869,1.944137775360645,30.942961146219883,25.78555033700285,40.27854826925346,0.420911967754364,0.3745215833187103,0.2524638772010803,0.1699223071336746,0.2802562117576599,0.2805515825748443,0.0598318167030811,0.05683309212327,0.0822089358097034,0.0822089358097034,0.2076514657808471,15.135135135135137,20.0,1226.45,15.135135135135137,20.0,1226.45,True,False,True,False,ROBUST,AMBIGUOUS,False,False,False,False,False,False,0.3783,0.2040884156525078,0.13023118793964325,0.21959366053342733,0.15031939417123752,0.4048017891577,idxq4-64_queryq4-64,4,64,42
BBH_10_10,200.0,4,1380684812,0.9030109820249292,0.3964984861893932,0.5433194002093326,2.415760476160439,21.94224201965248,32.15387391385179,38.92728596392101,0.3635321259498596,0.5167062282562256,0.142189472913742,0.3398721516132355,0.3011124432086944,0.2969550490379333,0.0584880821406841,0.0620998367667198,0.1224965461745031,0.1650495884455013,0.1395612444894984,16.0,20.0,1226.45,15.135135135135137,20.0,285.3931534192106,False,True,False,True,AMBIGUOUS,ROBUST,False,False,False,False,False,False,0.3783,0.2040884156525078,0.13023118793964325,0.21959366053342733,0.15031939417123752,0.4048017891577,idxq4-64_queryq4-64,4,64,42
BBH_10_10,200.0,5,1380080984,6.23150281519101,-1.4441003152144438,0.0520869838393389,1.5562104064461408,16.15440662886042,16.783590320140426,23.294929868211256,0.2792789340019226,0.3578645586967468,0.0744972303509712,0.1116479560732841,0.2772403359413147,0.3221578598022461,0.0749552398920059,0.0531816408038139,0.0662099392142785,0.0791620657635444,0.0872046472591042,22.91891891891892,20.0,1226.45,16.0,20.0,1226.45,False,False,False,False,BACKGROUND,BACKGROUND,False,False,False,False,False,False,0.3783,0.2040884156525078,0.13023118793964325,0.21959366053342733,0.15031939417123752,0.4048017891577,idxq4-64_queryq4-64,4,64,42
BBH_10_10,200.0,6,1380137506,3.369046557365017,0.2460595111034801,0.858242873873981,0.7063121168949129,41.09585350588711,48.04478302386928,63.2231789076444,0.4445055723190307,0.5628266930580139,0.2770154178142547,0.4489442706108093,0.2785747051239013,0.3410809338092804,0.0673715844750404,0.0679192543029785,0.3307694659827184,0.3201873012584978,0.3059551980197942,15.135135135135137,20.0,382.4947236189487,15.135135135135137,20.9219999008004,400.12150576147945,True,True,True,True,ROBUST,ROBUST,False,False,False,False,False,False,0.3783,0.2040884156525078,0.13023118793964325,0.21959366053342733,0.15031939417123752,0.4048017891577,idxq4-64_queryq4-64,4,64,42
BBH_10_10,200.0,7,1379639178,3.7357784643079777,-0.4229909336679631,2.084827004955731,2.688187150388528,26.85605338601064,28.79782061530778,39.37717709109808,0.3867659270763397,0.5030927062034607,0.1951181292533874,0.3322933912277221,0.2716203331947326,0.3905192017555237,0.0599669516086578,0.0867950320243835,0.1283007053037286,0.2670933985109864,0.116871247349766,15.567567567567568,20.0,1226.45,15.135135135135137,20.0,285.3931534192106,True,True,False,True,AMBIGUOUS,ROBUST,False,False,False,False,False,False,0.3783,0.2040884156525078,0.13023118793964325,0.21959366053342733,0.15031939417123752,0.4048017891577,idxq4-64_queryq4-64,4,64,42
BBH_10_10,200.0,8,1374803510,0.1141060626931219,0.1926163876380125,0.7265892443984976,0.8332277999781923,23.055294321815715,23.91856741297608,33.22114482305854,0.418148785829544,0.4461140632629394,0.1238532364368438,0.2936441600322723,0.3021642565727234,0.2809588015079498,0.064960666000843,0.0588283538818359,0.057335278133927,0.0669789034629027,0.1153922247059448,4.756756756756757,20.0,1226.45,15.135135135135137,20.0,1226.45,True,True,False,True,BACKGROUND,ROBUST,False,False,False,False,False,False,0.3783,0.2040884156525078,0.13023118793964325,0.21959366053342733,0.15031939417123752,0.4048017891577,idxq4-64_queryq4-64,4,64,42
BBH_10_10,200.0,9,1376423895,4.257616825690038,0.4684897399479862,1.7810876128177795,1.779985686204686,10.807336347706755,20.59725423119261,23.26038264510809,0.3646047413349151,0.3527458012104034,0.0752983763813972,0.2005197405815124,0.3638571500778198,0.3094830811023712,0.0738568231463432,0.0699344128370285,0.0456949955331147,0.0594347660670318,0.0701112115517297,12.972972972972974,20.0,1226.45,15.135135135135137,20.0,1226.45,False,False,False,False,BACKGROUND,AMBIGUOUS,False,False,False,False,False,False,0.3783,0.2040884156525078,0.13023118793964325,0.21959366053342733,0.15031939417123752,0.4048017891577,idxq4-64_queryq4-64,4,64,42
BBH_10_10,200.0,10,1385898349,6.178991722708336,-0.1621650461710971,1.6166103354653991,1.0276355152229937,26.23630320364376,38.58533548709016,46.660172743409625,0.3611598312854767,0.5015345215797424,0.1187592670321464,0.3542979061603546,0.2788858115673065,0.3151841163635254,0.0632069185376167,0.0624981559813022,0.0584249670621379,0.2266634726090622,0.211052306228125,11.675675675675675,20.0,1226.45,15.135135135135137,22.638334674707437,285.3931534192106,False,True,False,True,BACKGROUND,ROBUST,False,False,False,False,False,False,0.3783,0.2040884156525078,0.13023118793964325,0.21959366053342733,0.15031939417123752,0.4048017891577,idxq4-64_queryq4-64,4,64,42
BBH_10_10,200.0,11,1387329282,5.001594929104748,0.0404711812565742,1.2816486325687355,2.917788649460736,32.320200696780354,23.696680518620344,40.0765273031699,0.3603670001029968,0.325988233089447,0.155322179198265,0.1347206979990005,0.3454663455486297,0.3831984400749206,0.0821388587355613,0.0905068889260292,0.0894373350231396,0.0894373350231396,0.1240208774671658,15.135135135135137,20.0,1226.45,15.135135135135137,20.0,1226.45,False,False,False,False,AMBIGUOUS,BACKGROUND,False,False,False,False,False,False,0.3783,0.2040884156525078,0.13023118793964325,0.21959366053342733,0.15031939417123752,0.4048017891577,idxq4-64_queryq4-64,4,64,42
BBH_10_10,200.0,12,1380092912,5.589876157108822,-0.2115601494506838,2.1443933344096666,2.5181204356299505,28.12266582724917,29.54043149819981,40.78628968576284,0.370106428861618,0.3646899759769439,0.1640672385692596,0.2262379378080368,0.3589532673358917,0.3117470443248749,0.0787313058972358,0.0576793923974037,0.0760607020283534,0.2275712099822218,0.1740655460658945,16.43243243243243,20.0,1226.45,15.135135135135137,20.9219999008004,369.786127121913,False,False,False,True,AMBIGUOUS,ROBUST,False,False,False,False,False,False,0.3783,0.2040884156525078,0.13023118793964325,0.21959366053342733,0.15031939417123752,0.4048017891577,idxq4-64_queryq4-64,4,64,42
BBH_10_10,200.0,13,1380322476,5.733926489578209,-0.6134663320225715,1.4759230189399992,0.7699209151519105,23.263450952600486,12.230829098019928,26.28271924000672,0.4314928650856018,0.3455160558223724,0.1967054158449173,0.0911817029118537,0.3722616732120514,0.3428422808647156,0.0849546939134597,0.0931148082017898,0.1455860523046192,0.0718757965738881,0.0756807660426869,15.135135135135137,20.0,452.89718440843694,18.16216216216216,20.0,1226.45,True,False,False,False,AMBIGUOUS,BACKGROUND,False,False,False,False,False,False,0.3783,0.2040884156525078,0.13023118793964325,0.21959366053342733,0.15031939417123752,0.4048017891577,idxq4-64_queryq4-64,4,64,42
BBH_10_10,200.0,14,1371199326,5.518934673010044,-0.2443179743899877,1.6242646216489316,1.0849128025761032,16.258308737242047,27.20619319680105,31.69399866310884,0.3038387298583984,0.3075513243675232,0.0538185574114322,0.1530286222696304,0.3098041117191314,0.3545734286308288,0.0538445897400379,0.0573438629508018,0.0602155047374708,0.0971955968340908,0.1315955147846743,20.324324324324323,20.0,1226.45,15.135135135135137,20.0,1226.45,False,False,False,False,BACKGROUND,AMBIGUOUS,False,False,False,False,False,False,0.3783,0.2040884156525078,0.13023118793964325,0.21959366053342733,0.15031939417123752,0.4048017891577,idxq4-64_queryq4-64,4,64,42
BBH_10_10,200.0,15,1374735410,5.679831699327679,0.8199988990603218,2.5072970412157263,2.4828619246227617,42.41348858024789,50.11408832622743,65.65307199450565,0.3420672416687011,0.4602567553520202,0.190681591629982,0.2992470562458038,0.3219889402389526,0.2859694063663482,0.0885569527745246,0.0570975951850414,0.3173398182266359,0.2958924926381502,0.3506939330472919,16.0,21.88616361722556,1226.45,15.135135135135137,20.9219999008004,400.12150576147945,False,True,False,True,AMBIGUOUS,ROBUST,False,False,False,False,False,False,0.3783,0.2040884156525078,0.13023118793964325,0.21959366053342733,0.15031939417123752,0.4048017891577,idxq4-64_queryq4-64,4,64,42
BBH_10_10,200.0,16,1373970256,1.2842665336722283,0.5088814464391094,0.0726967511420159,2.4985500944553376,24.79787850887828,33.996540479991744,42.07968088221208,0.2782657742500305,0.5103384852409363,0.0853869915008544,0.3830492496490478,0.2949667572975158,0.2780534029006958,0.083585612475872,0.0520909130573272,0.0487863172269167,0.2265801832213035,0.1814351383630234,17.72972972972973,20.0,1226.45,15.135135135135137,20.0,319.41820511675496,False,True,False,True,BACKGROUND,ROBUST,False,False,False,False,False,False,0.3783,0.2040884156525078,0.13023118793964325,0.21959366053342733,0.15031939417123752,0.4048017891577,idxq4-64_queryq4-64,4,64,42
BBH_10_10,200.0,17,1383864713,2.3696699142917548,0.4540681375327698,2.788386811132733,0.2892808599290596,32.162887993231,40.42845063166115,51.66150389353552,0.3869959414005279,0.4607100784778595,0.2077948898077011,0.2927589416503906,0.2778118252754211,0.3087640404701233,0.0530125200748443,0.0588419660925865,0.1082235824650288,0.378680326438062,0.2537651488243193,15.135135135135137,20.0,1226.45,15.135135135135137,20.0,254.99251675022515,True,True,True,True,ROBUST,ROBUST,False,False,False,False,False,False,0.3783,0.2040884156525078,0.13023118793964325,0.21959366053342733,0.15031939417123752,0.4048017891577,idxq4-64_queryq4-64,4,64,42
BBH_10_10,200.0,18,1388201751,2.0051685634130783,0.2192342419025824,1.8252319483806108,1.7831284543120405,10.846617685576971,21.995961560309404,24.524914682413883,0.3084647357463836,0.3667240440845489,0.0604227781295776,0.2219314575195312,0.3089357912540436,0.3528867363929748,0.0588052757084369,0.097257912158966,0.0699599060322472,0.0635235121653925,0.0673797542926426,16.864864864864863,20.0,1226.45,15.135135135135137,20.0,1226.45,False,False,False,True,BACKGROUND,ROBUST,False,False,False,False,False,False,0.3783,0.2040884156525078,0.13023118793964325,0.21959366053342733,0.15031939417123752,0.4048017891577,idxq4-64_queryq4-64,4,64,42
BBH_10_10,200.0,19,1371182229,3.781062304299568,1.0567514142254857,1.469135194740961,1.753531664182059,21.43241129102833,19.04064154642648,28.668698684232268,0.325878769159317,0.3274338543415069,0.101525105535984,0.1361455917358398,0.3209509253501892,0.3162116408348083,0.063475102186203,0.0539767704904079,0.0945936336336769,0.0671865277647262,0.1022756352082637,16.0,20.0,1226.45,10.37837837837838,20.0,1226.45,False,False,False,False,BACKGROUND,BACKGROUND,False,False,False,False,False,False,0.3783,0.2040884156525078,0.13023118793964325,0.21959366053342733,0.15031939417123752,0.4048017891577,idxq4-64_queryq4-64,4,64,42
BBH_10_10,200.0,20,1373690511,4.301230361399546,-0.3268321545843331,2.999901772778913,2.310754466994448,16.635856534884983,25.84657405933749,30.737552167570097,0.3153858780860901,0.382034569978714,0.0617383457720279,0.1933550685644149,0.2979145348072052,0.3064509332180023,0.0683842673897743,0.0618182271718978,0.0945014130619035,0.0915502971248148,0.1006113312763421,14.702702702702704,20.0,1226.45,16.0,20.0,1226.45,False,True,False,False,BACKGROUND,AMBIGUOUS,False,False,False,False,False,False,0.3783,0.2040884156525078,0.13023118793964325,0.21959366053342733,0.15031939417123752,0.4048017891577,idxq4-64_queryq4-64,4,64,42
BBH_10_10,200.0,21,1373818337,0.6215609969946315,0.531711304658839,2.767856388252936,2.10924700606829,27.88797941594456,26.057384260059315,38.16708883816703,0.418624609708786,0.2960746586322784,0.217768982052803,0.1275702714920044,0.3410596549510956,0.2989206612110138,0.0766601040959358,0.0744877606630325,0.1497181993387834,0.1524660058872389,0.168895733912419,16.0,20.0,1226.45,15.567567567567568,20.0,1226.45,True,False,True,False,ROBUST,BACKGROUND,False,False,False,False,False,False,0.3783,0.2040884156525078,0.13023118793964325,0.21959366053342733,0.15031939417123752,0.4048017891577,idxq4-64_queryq4-64,4,64,42
BBH_10_10,200.0,22,1371868753,1.6301085898710344,-1.1424497386144592,1.5126496575361463,1.6340051261309985,11.85885221741575,17.620186617083885,21.23919377790429,0.2800565063953399,0.3253246247768402,0.0761158093810081,0.0584938861429691,0.2846837341785431,0.3298931121826172,0.0781721696257591,0.0630820170044899,0.0521848939997737,0.0475365631581374,0.0766035482839613,12.972972972972974,20.0,1226.45,12.108108108108109,20.0,1226.45,False,False,False,False,BACKGROUND,BACKGROUND,False,False,False,False,False,False,0.3783,0.2040884156525078,0.13023118793964325,0.21959366053342733,0.15031939417123752,0.4048017891577,idxq4-64_queryq4-64,4,64,42
BBH_10_10,200.0,23,1380339195,4.099899054821701,-0.0089870077168463,0.3477494065820595,0.4061094303020128,24.15054338081769,23.58236898212368,33.75465704755103,0.3277837038040161,0.3758708238601684,0.1186265125870704,0.2363380342721939,0.265849620103836,0.3009382784366607,0.0600724928081035,0.0657462924718856,0.106500169088358,0.0650570931883674,0.1196754062612138,16.0,20.0,1226.45,15.135135135135137,20.0,1226.45,False,False,False,True,BACKGROUND,ROBUST,False,False,False,False,False,False,0.3783,0.2040884156525078,0.13023118793964325,0.21959366053342733,0.15031939417123752,0.4048017891577,idxq4-64_queryq4-64,4,64,42
BBH_10_10,200.0,24,1376572255,1.852119348906063,0.5581373117789568,2.7542682000093786,2.0887778096582066,22.61531346691201,32.25857353697626,39.39629385928576,0.3993072807788849,0.4066492617130279,0.2013000100851059,0.2191459983587265,0.297930508852005,0.2816239297389984,0.0631237626075744,0.0533902756869792,0.1645998442724585,0.1645998442724585,0.1876616851602398,16.0,20.0,1226.45,16.0,20.0,1226.45,True,True,False,False,AMBIGUOUS,AMBIGUOUS,False,False,False,False,False,False,0.3783,0.2040884156525078,0.13023118793964325,0.21959366053342733,0.15031939417123752,0.4048017891577,idxq4-64_queryq4-64,4,64,42
BBH_10_10,400.0,0,1385969985,0.865782320365908,-0.4017905761947362,1.736981093151535,2.598966875356709,10.229329470067292,12.210007465144374,15.928699372706753,0.3259843289852142,0.2942292094230652,0.0594897270202636,0.0636215507984161,0.3250601291656494,0.292707234621048,0.0587382055819034,0.0634303987026214,0.0514137810878523,0.0609474242706334,0.072803410315816,19.027027027027028,20.0,1226.45,12.972972972972974,20.0,1226.45,False,False,False,False,BACKGROUND,BACKGROUND,False,False,False,False,False,False,0.3783,0.2040884156525078,0.13023118793964325,0.21959366053342733,0.15031939417123752,0.4048017891577,idxq4-64_queryq4-64,4,64,42
BBH_10_10,400.0,1,1378397286,5.314299018119614,0.2356883475438018,1.7038880218412262,2.5082340020402314,14.520375036836668,18.91413539923769,23.845037410561677,0.3654235899448395,0.3394070863723755,0.0672522410750389,0.1259107291698455,0.3638615906238556,0.3014719486236572,0.0675005093216896,0.0618319511413574,0.0614375398301258,0.0798279109962332,0.0821728698221523,13.83783783783784,20.0,1226.45,16.0,20.0,1226.45,False,False,False,False,BACKGROUND,BACKGROUND,False,False,False,False,False,False,0.3783,0.2040884156525078,0.13023118793964325,0.21959366053342733,0.15031939417123752,0.4048017891577,idxq4-64_queryq4-64,4,64,42
BBH_10_10,400.0,2,1381977179,1.5912510757141158,-0.7469118522903372,2.676426949877693,2.3041666929991087,21.10310127606327,14.519193277250173,25.61538320794616,0.3201942443847656,0.2925457656383514,0.0710582584142685,0.0672663450241088,0.3056170642375946,0.2926993668079376,0.0636159852147102,0.0595657974481582,0.0708357595674128,0.0754393041434388,0.0772333533333783,18.16216216216216,20.0,1226.45,10.81081081081081,23.41635591359196,1226.45,False,False,False,False,BACKGROUND,BACKGROUND,False,False,False,False,False,False,0.3783,0.2040884156525078,0.13023118793964325,0.21959366053342733,0.15031939417123752,0.4048017891577,idxq4-64_queryq4-64,4,64,42
BBH_10_10,400.0,3,1381711527,4.618954417866701,-0.4201903741276933,1.166324557302369,1.4015335368870845,4.314635693554687,7.108650980417438,8.315587768130762,0.2820498049259186,0.3020114600658417,0.0783853977918624,0.0629776790738105,0.2833524644374847,0.3034535348415375,0.0790273025631904,0.0614523962140083,0.0590928234097436,0.0413737121679734,0.0838007847254029,20.324324324324323,20.0,1226.45,14.702702702702704,20.0,1226.45,False,False,False,False,BACKGROUND,BACKGROUND,False,False,False,False,False,False,0.3783,0.2040884156525078,0.13023118793964325,0.21959366053342733,0.15031939417123752,0.4048017891577,idxq4-64_queryq4-64,4,64,42
BBH_10_10,400.0,4,1379524176,4.775314903698629,0.5760384724241406,0.6497238587010725,1.7622539348711967,5.310527867901943,7.022650789590659,8.804506252385847,0.3047917783260345,0.2986246645450592,0.0540607422590255,0.0645538344979286,0.3043664395809173,0.3002395033836365,0.0539034344255924,0.0639429092407226,0.0640214543919109,0.0917555085962636,0.0793723152104488,15.567567567567568,20.0,1226.45,14.702702702702704,20.0,1226.45,False,False,False,False,BACKGROUND,BACKGROUND,False,False,False,False,False,False,0.3783,0.2040884156525078,0.13023118793964325,0.21959366053342733,0.15031939417123752,0.4048017891577,idxq4-64_queryq4-64,4,64,42
BBH_10_10,400.0,5,1374217900,0.7580998434589653,0.9144779944586348,0.3154022228258449,0.4884149542763628,14.37143328226677,14.380067736435764,20.330382256394635,0.321046769618988,0.2923479080200195,0.1016386672854423,0.0924209430813789,0.3114322423934936,0.3256610035896301,0.080921284854412,0.0630827620625495,0.0676231550794323,0.0596515524353287,0.0724720139425817,16.0,20.0,1226.45,14.702702702702704,20.0,1226.45,False,False,False,False,BACKGROUND,BACKGROUND,False,False,False,False,False,False,0.3783,0.2040884156525078,0.13023118793964325,0.21959366053342733,0.15031939417123752,0.4048017891577,idxq4-64_queryq4-64,4,64,42
BBH_10_10,400.0,6,1372676492,5.318581500665073,-0.6958210776276313,1.2992619747637293,2.0611301189082902,2.519755161976715,3.591535353153068,4.387287575399706,0.2851237058639526,0.290763646364212,0.0558612123131752,0.0704550668597221,0.2839342653751373,0.2894347608089447,0.0559021085500717,0.0682080388069152,0.0538638351315438,0.0740436948200774,0.0896699452369561,16.864864864864863,20.0,1226.45,15.567567567567568,20.0,1226.45,False,False,False,False,BACKGROUND,BACKGROUND,False,False,False,False,False,False,0.3783,0.2040884156525078,0.13023118793964325,0.21959366053342733,0.15031939417123752,0.4048017891577,idxq4-64_queryq4-64,4,64,42
BBH_10_10,400.0,7,1369895447,1.0131891584342232,1.075942256331469,2.789699180417096,2.1064543397321858,6.738795877960873,5.772326314830872,8.873055898038253,0.3282163739204407,0.3180171251296997,0.0612882710993289,0.0745747610926628,0.3280447125434875,0.3180508911609649,0.0607496500015258,0.0733813121914863,0.0559277843417955,0.0603672577715571,0.0736284517663187,14.702702702702704,20.0,1226.45,15.567567567567568,20.0,1226.45,False,False,False,False,BACKGROUND,BACKGROUND,False,False,False,False,False,False,0.3783,0.2040884156525078,0.13023118793964325,0.21959366053342733,0.15031939417123752,0.4048017891577,idxq4-64_queryq4-64,4,64,42
BBH_10_10,400.0,8,1377886572,3.2525632646472915,-0.0187852738017196,1.6642450931499666,0.982773014704572,9.51533921616758,17.046464023202134,19.52238756128618,0.2952792942523956,0.3440596163272857,0.0596457384526729,0.1674183458089828,0.298772931098938,0.3426158130168915,0.0599663257598876,0.0608654804527759,0.0709145383460831,0.0709145383460831,0.0558018729342165,15.135135135135137,20.0,1226.45,15.135135135135137,20.0,1226.45,False,False,False,False,BACKGROUND,AMBIGUOUS,False,False,False,False,False,False,0.3783,0.2040884156525078,0.13023118793964325,0.21959366053342733,0.15031939417123752,0.4048017891577,idxq4-64_queryq4-64,4,64,42
BBH_10_10,400.0,9,1389299787,2.730440388815166,-0.827867222765138,0.3947846369935813,1.4975949429180455,14.152585875602783,15.080675137467129,20.681451824476216,0.3934336304664612,0.3448284864425659,0.09619752317667,0.0574130043387413,0.3871171176433563,0.2966850101947784,0.0866614058613777,0.0618124715983867,0.0481584316854943,0.0800228980355359,0.081462971420282,12.108108108108109,20.0,1226.45,15.567567567567568,20.0,1226.45,True,False,False,False,BACKGROUND,BACKGROUND,False,False,False,False,False,False,0.3783,0.2040884156525078,0.13023118793964325,0.21959366053342733,0.15031939417123752,0.4048017891577,idxq4-64_queryq4-64,4,64,42
BBH_10_10,400.0,10,1372079245,3.0286885862415733,1.1347084183869864,0.5138919173112375,0.4405918050027575,10.8420402663089,8.353162618254004,13.68667829910748,0.3056313395500183,0.316664457321167,0.0716878697276115,0.0578971467912197,0.3074285387992859,0.3107805252075195,0.0724634975194931,0.0559282638132572,0.0400290187355315,0.05746115418696,0.048043959305641,16.0,20.0,1226.45,20.324324324324323,20.0,1226.45,False,False,False,False,BACKGROUND,BACKGROUND,False,False,False,False,False,False,0.3783,0.2040884156525078,0.13023118793964325,0.21959366053342733,0.15031939417123752,0.4048017891577,idxq4-64_queryq4-64,4,64,42
BBH_10_10,400.0,11,1384307361,1.3051259943060909,-0.5162597253501555,0.094419243842855,1.4617472211763602,8.825244452414838,2.311393524591526,9.122909605515256,0.2711509466171264,0.3064570724964142,0.0699731186032295,0.0568861924111843,0.2701632678508758,0.3065498471260071,0.0693942680954933,0.0566370040178298,0.0751386772385938,0.0649586928229174,0.0574269655975044,23.35135135135135,20.0,1226.45,16.864864864864863,20.0,1226.45,False,False,False,False,BACKGROUND,BACKGROUND,False,False,False,False,False,False,0.3783,0.2040884156525078,0.13023118793964325,0.21959366053342733,0.15031939417123752,0.4048017891577,idxq4-64_queryq4-64,4,64,42
BBH_10_10,400.0,12,1371350986,2.5161093803669017,0.0638154877473436,0.5882284928694631,1.6408252864302908,9.163518430303837,6.198515325440139,11.063076527902822,0.2828710675239563,0.3022973835468292,0.0532956421375274,0.0618503801524639,0.2809349000453949,0.3020921647548675,0.0528971515595912,0.0614714957773685,0.0638439091579615,0.0481949628473591,0.0681781950598158,14.27027027027027,20.0,1226.45,11.675675675675675,20.0,1226.45,False,False,False,False,BACKGROUND,BACKGROUND,False,False,False,False,False,False,0.3783,0.2040884156525078,0.13023118793964325,0.21959366053342733,0.15031939417123752,0.4048017891577,idxq4-64_queryq4-64,4,64,42
BBH_10_10,400.0,13,1379602026,5.141579977389553,0.5043394810054316,1.472650763800949,0.2139126636324027,11.546893254273726,15.756518724663826,19.53454955063653,0.3164799809455871,0.315457135438919,0.0690326169133186,0.0655890554189682,0.3175906836986542,0.2675769031047821,0.0696744173765182,0.0757143944501876,0.0522892850772765,0.0558325868024298,0.1004901129287258,22.486486486486488,20.0,1226.45,15.135135135135137,20.0,1226.45,False,False,False,False,BACKGROUND,BACKGROUND,False,False,False,False,False,False,0.3783,0.2040884156525078,0.13023118793964325,0.21959366053342733,0.15031939417123752,0.4048017891577,idxq4-64_queryq4-64,4,64,42
BBH_10_10,400.0,14,1378592081,5.784714193526365,-0.3228028280925106,0.1574148082475905,2.3381677544688406,14.12296445586775,7.744958943015723,16.10721931466456,0.3349245190620422,0.3177816569805145,0.072994090616703,0.0750346630811691,0.3312080204486847,0.3188627958297729,0.0613497979938983,0.0694233030080795,0.0498374495966818,0.0570321391980679,0.0816660227685337,13.83783783783784,20.0,1226.45,14.702702702702704,20.0,1226.45,False,False,False,False,BACKGROUND,BACKGROUND,False,False,False,False,False,False,0.3783,0.2040884156525078,0.13023118793964325,0.21959366053342733,0.15031939417123752,0.4048017891577,idxq4-64_queryq4-64,4,64,42
BBH_10_10,400.0,15,1384786690,1.3317500981302286,1.011383064610375,1.375984918883353,0.9431135871735928,15.085510586374758,10.589190883910646,18.43104970498211,0.2702620923519134,0.302694708108902,0.0776556655764579,0.0549007169902324,0.268232136964798,0.3017604649066925,0.0751983150839805,0.0542660094797611,0.0634373120735351,0.0478356964890151,0.0508278092415316,22.91891891891892,20.0,1226.45,16.0,20.0,1226.45,False,False,False,False,BACKGROUND,BACKGROUND,False,False,False,False,False,False,0.3783,0.2040884156525078,0.13023118793964325,0.21959366053342733,0.15031939417123752,0.4048017891577,idxq4-64_queryq4-64,4,64,42
BBH_10_10,400.0,16,1375848510,0.0145064459946363,1.4077477132538885,0.8824620225649128,1.2890565009696169,10.813331933802846,10.27690100973088,14.917869883948178,0.3405835032463074,0.3370027542114258,0.0624363720417022,0.0677409172058105,0.340535044670105,0.2797386050224304,0.0635851547122001,0.0539540536701679,0.0596036198234812,0.0589369697346254,0.0745350761126642,13.405405405405403,20.0,1226.45,14.702702702702704,20.0,1226.45,False,False,False,False,BACKGROUND,BACKGROUND,False,False,False,False,False,False,0.3783,0.2040884156525078,0.13023118793964325,0.21959366053342733,0.15031939417123752,0.4048017891577,idxq4-64_queryq4-64,4,64,42
BBH_10_10,400.0,17,1382526668,2.8793453262203457,-0.8359590827596015,0.4785484735765415,2.638039984330127,17.26248635218384,13.04106824404042,21.634761288376925,0.3888913094997406,0.3251166641712188,0.115544781088829,0.0560895204544067,0.4059421420097351,0.3369434177875519,0.099577821791172,0.0563914701342582,0.0609641213401295,0.061057676985653,0.0425576040149403,11.243243243243244,20.0,1226.45,16.864864864864863,20.0,1226.45,True,False,False,False,BACKGROUND,BACKGROUND,False,False,False,False,False,False,0.3783,0.2040884156525078,0.13023118793964325,0.21959366053342733,0.15031939417123752,0.4048017891577,idxq4-64_queryq4-64,4,64,42
BBH_10_10,400.0,18,1376628277,2.4688356135024896,1.0041479759473504,1.002659698806183,1.3030428558979752,4.502280919113862,3.871671883375245,5.938044850549311,0.3306272625923157,0.2970711886882782,0.0803355202078819,0.065326988697052,0.3325065374374389,0.2967281341552734,0.0826641395688057,0.0641519203782081,0.0548357655420428,0.0523491408319629,0.0678186040935911,10.81081081081081,20.0,1226.45,20.75675675675676,20.0,1226.45,False,False,False,False,BACKGROUND,BACKGROUND,False,False,False,False,False,False,0.3783,0.2040884156525078,0.13023118793964325,0.21959366053342733,0.15031939417123752,0.4048017891577,idxq4-64_queryq4-64,4,64,42
BBH_10_10,400.0,19,1387127247,2.8971731646981955,0.3256266856825335,1.883998527050866,1.1013862421681666,11.712514426799691,4.572796688315256,12.573522328713535,0.2873888313770294,0.3200777471065521,0.065453290939331,0.0697146132588386,0.288078099489212,0.319889634847641,0.0646980702877044,0.0697148442268371,0.0444563728019321,0.0645712887636929,0.0551691433015641,19.45945945945946,20.0,1226.45,9.08108108108108,20.0,1226.45,False,False,False,False,BACKGROUND,BACKGROUND,False,False,False,False,False,False,0.3783,0.2040884156525078,0.13023118793964325,0.21959366053342733,0.15031939417123752,0.4048017891577,idxq4-64_queryq4-64,4,64,42
BBH_10_10,400.0,20,1384270120,5.315622278972685,-1.1667875856126404,1.4125627507625216,1.2066110521724664,15.931603933046924,12.392864153102318,20.184129552614465,0.359357088804245,0.341490626335144,0.0814953967928886,0.1102385148406028,0.3596025705337524,0.3010496199131012,0.0703338459134101,0.0603617019951343,0.0736338691406707,0.0672777156776131,0.0628986194082633,11.675675675675675,20.0,1226.45,16.864864864864863,20.0,1226.45,False,False,False,False,BACKGROUND,BACKGROUND,False,False,False,False,False,False,0.3783,0.2040884156525078,0.13023118793964325,0.21959366053342733,0.15031939417123752,0.4048017891577,idxq4-64_queryq4-64,4,64,42
BBH_10_10,400.0,21,1388385464,1.9005396581573808,1.1085908444314223,1.150876879598442,1.245075877104326,16.45179829704728,15.283202452860808,22.45524313878294,0.3566841185092926,0.331737756729126,0.0822446048259735,0.0900376662611961,0.353285014629364,0.330113410949707,0.0743250548839569,0.0646454840898513,0.0571751246123661,0.0550214363435433,0.0915970326031196,8.216216216216216,20.0,1226.45,10.37837837837838,20.0,1226.45,False,False,False,False,BACKGROUND,BACKGROUND,False,False,False,False,False,False,0.3783,0.2040884156525078,0.13023118793964325,0.21959366053342733,0.15031939417123752,0.4048017891577,idxq4-64_queryq4-64,4,64,42
BBH_10_10,400.0,22,1369629212,2.533004607254395,0.1239550415067361,2.261263524205928,1.0735337557786475,9.367242311277616,7.718676644224161,12.137676781669596,0.3034448027610779,0.3160200119018554,0.0570909976959228,0.0664797127246856,0.3006394803524017,0.3198506534099579,0.0578246898949146,0.0668345391750335,0.0494883589352969,0.0729347660188529,0.0514240251048809,15.567567567567568,20.0,1226.45,11.243243243243244,20.0,1226.45,False,False,False,False,BACKGROUND,BACKGROUND,False,False,False,False,False,False,0.3783,0.2040884156525078,0.13023118793964325,0.21959366053342733,0.15031939417123752,0.4048017891577,idxq4-64_queryq4-64,4,64,42
BBH_10_10,400.0,23,1370361010,2.564523980856474,-0.1201889370972558,0.3952344044999119,1.891542886076245,6.45793842340423,7.314074397154928,9.757082195390073,0.3107063770294189,0.2985914349555969,0.0568612441420555,0.0611914955079555,0.3107408285140991,0.2996498048305511,0.0564021989703178,0.0620472431182861,0.0570178052874907,0.0507743705270991,0.0560070146970721,14.27027027027027,20.0,1226.45,15.135135135135137,20.0,1226.45,False,False,False,False,BACKGROUND,BACKGROUND,False,False,False,False,False,False,0.3783,0.2040884156525078,0.13023118793964325,0.21959366053342733,0.15031939417123752,0.4048017891577,idxq4-64_queryq4-64,4,64,42
BBH_10_10,400.0,24,1384269093,1.5499385217568469,0.3423464701290554,0.4064052329922952,0.7651755047531639,9.821232169352346,1.5282272580158702,9.939420500032387,0.3192343413829803,0.3684354722499847,0.0663783997297287,0.0758587419986724,0.3134254515171051,0.3693059086799621,0.0639260932803154,0.07730383425951,0.0478589441825401,0.0541559420052667,0.0629636310378141,12.54054054054054,20.0,1226.45,22.91891891891892,20.0,1226.45,False,False,False,False,BACKGROUND,BACKGROUND,False,False,False,False,False,False,0.3783,0.2040884156525078,0.13023118793964325,0.21959366053342733,0.15031939417123752,0.4048017891577,idxq4-64_queryq4-64,4,64,42
BBH_10_10,800.0,0,1372647129,0.8711918935082088,-0.4477722293675421,2.119747380261033,2.03722010346094,7.891991452785438,9.56014573503758,12.396770368365932,0.3075073361396789,0.327781081199646,0.0713023245334625,0.0545079484581947,0.3065063953399658,0.3211019039154053,0.070827268064022,0.0547562912106514,0.057667978014998,0.054593104810377,0.0461672808118035,14.702702702702704,20.0,1226.45,16.864864864864863,20.0,1226.45,False,False,False,False,BACKGROUND,BACKGROUND,False,False,False,False,False,False,0.3783,0.2040884156525078,0.13023118793964325,0.21959366053342733,0.15031939417123752,0.4048017891577,idxq4-64_queryq4-64,4,64,42
BBH_10_10,800.0,1,1383719962,1.2724858178438758,0.084257730584689,2.203485130959621,0.6082420548874156,8.706309176537218,12.173706684926367,14.966594600244813,0.3628798127174377,0.3462848961353302,0.0642804428935051,0.0583914257586002,0.3687454164028168,0.3496677279472351,0.0636988133192062,0.0597159005701541,0.0650594638412977,0.0621440327995689,0.0667978998337172,13.83783783783784,20.0,1226.45,15.567567567567568,20.0,1226.45,False,False,False,False,BACKGROUND,BACKGROUND,False,False,False,False,False,False,0.3783,0.2040884156525078,0.13023118793964325,0.21959366053342733,0.15031939417123752,0.4048017891577,idxq4-64_queryq4-64,4,64,42
BBH_10_10,800.0,2,1386886934,3.8331230625675743,-0.5118444371033586,1.964997582741706,0.4374262266656684,7.832245482063001,9.277535630813071,12.141529420641472,0.3326547145843506,0.3545061647891998,0.0736123546957969,0.0823117941617965,0.3321254551410675,0.3574761748313904,0.0733165368437767,0.0827610865235328,0.0632179179050712,0.0438733316586071,0.0581886717575493,11.675675675675675,20.0,1226.45,17.2972972972973,20.0,1226.45,False,False,False,False,BACKGROUND,BACKGROUND,False,False,False,False,False,False,0.3783,0.2040884156525078,0.13023118793964325,0.21959366053342733,0.15031939417123752,0.4048017891577,idxq4-64_queryq4-64,4,64,42
BBH_10_10,800.0,3,1369892871,6.133195562314993,-0.2020190517781632,2.153334692109598,1.938011514685829,4.146700527332044,3.5963036018676147,5.48894569659619,0.2689784467220306,0.2860896289348602,0.06116708740592,0.0608110576868057,0.2682926058769226,0.2845240831375122,0.0613826289772987,0.0596142672002315,0.04823036375136,0.056879777039528,0.0552554179558151,19.45945945945946,20.0,1226.45,17.72972972972973,20.0,1226.45,False,False,False,False,BACKGROUND,BACKGROUND,False,False,False,False,False,False,0.3783,0.2040884156525078,0.13023118793964325,0.21959366053342733,0.15031939417123752,0.4048017891577,idxq4-64_queryq4-64,4,64,42
BBH_10_10,800.0,4,1375331179,2.5136602003229123,0.8483875311395701,1.917086056450359,2.8355881814998307,8.164177699844597,7.823853291718162,11.307806057983528,0.3590364754199981,0.3015903532505035,0.0635975748300552,0.0805650427937507,0.3593333661556244,0.3019478917121887,0.0644822120666503,0.0804427862167358,0.0465653828145452,0.0574946154366838,0.0710916363066836,11.675675675675675,20.0,1226.45,11.243243243243244,20.0,1226.45,False,False,False,False,BACKGROUND,BACKGROUND,False,False,False,False,False,False,0.3783,0.2040884156525078,0.13023118793964325,0.21959366053342733,0.15031939417123752,0.4048017891577,idxq4-64_queryq4-64,4,64,42
BBH_10_10,800.0,5,1379230981,3.077656568980333,0.2675869139244579,1.049641501759205,1.4815812209815855,2.3265265359650464,1.6058200772155755,2.82690357864186,0.2916770875453949,0.2951047122478485,0.0577813386917114,0.066868171095848,0.2906800508499145,0.2954677641391754,0.0581412650644779,0.067238949239254,0.05700341172118,0.0564402110458236,0.053416963372416,19.027027027027028,20.0,1226.45,16.43243243243243,20.0,1226.45,False,False,False,False,BACKGROUND,BACKGROUND,False,False,False,False,False,False,0.3783,0.2040884156525078,0.13023118793964325,0.21959366053342733,0.15031939417123752,0.4048017891577,idxq4-64_queryq4-64,4,64,42
BBH_10_10,800.0,6,1377857936,5.734486265554212,1.0117268005641644,2.649376982513977,2.1078305927304,7.074281213119259,5.038629534125144,8.68523127293973,0.3544270694255829,0.3323188722133636,0.0641153529286384,0.0573384165763855,0.3517073392868042,0.3330278098583221,0.0629720687866211,0.0580763034522533,0.0733912564896386,0.0538029106765301,0.0606152890929757,18.16216216216216,20.0,1226.45,13.83783783783784,20.0,1226.45,False,False,False,False,BACKGROUND,BACKGROUND,False,False,False,False,False,False,0.3783,0.2040884156525078,0.13023118793964325,0.21959366053342733,0.15031939417123752,0.4048017891577,idxq4-64_queryq4-64,4,64,42
BBH_10_10,800.0,7,1388111868,4.680919808752241,0.5578159171805398,2.395747430610197,0.296349692593126,6.798534656471245,6.870629992552985,9.665693455195504,0.328143298625946,0.292532205581665,0.0733325779438018,0.0824635475873947,0.3256780207157135,0.2931046187877655,0.0741379559040069,0.0835425853729248,0.0601754750043436,0.0457129046423955,0.0535331743298279,12.108108108108109,20.0,1226.45,16.0,26.208093244997876,1226.45,False,False,False,False,BACKGROUND,BACKGROUND,False,False,False,False,False,False,0.3783,0.2040884156525078,0.13023118793964325,0.21959366053342733,0.15031939417123752,0.4048017891577,idxq4-64_queryq4-64,4,64,42
BBH_10_10,800.0,8,1369261084,2.8679737220019503,-0.546321218511398,2.025759243892836,1.6095907951935589,2.204855683540063,0.6314814133415798,2.293503294228024,0.3205302655696869,0.3064627349376678,0.0533587858080863,0.0609253719449043,0.3233642578125,0.3071247935295105,0.0535899624228477,0.0608504675328731,0.0714324172630413,0.0544196705757769,0.0708873957857187,16.0,20.0,1226.45,11.675675675675675,20.0,1226.45,False,False,False,False,BACKGROUND,BACKGROUND,False,False,False,False,False,False,0.3783,0.2040884156525078,0.13023118793964325,0.21959366053342733,0.15031939417123752,0.4048017891577,idxq4-64_queryq4-64,4,64,42
BBH_10_10,800.0,9,1373679083,1.6198580119091683,0.1727811478471545,1.287997658948994,2.00574045008587,0.995994235361518,4.29776387139376,4.411663950385484,0.3061476349830627,0.3066118061542511,0.0564416982233524,0.06601282954216,0.3063554167747497,0.3052532970905304,0.0565607137978076,0.0666907653212547,0.0688156702847013,0.0631515235211696,0.0545439816086428,12.108108108108109,20.0,1226.45,16.43243243243243,20.0,1226.45,False,False,False,False,BACKGROUND,BACKGROUND,False,False,False,False,False,False,0.3783,0.2040884156525078,0.13023118793964325,0.21959366053342733,0.15031939417123752,0.4048017891577,idxq4-64_queryq4-64,4,64,42
BBH_10_10,800.0,10,1374695754,5.127431174296887,0.8054462016217542,0.5268435790302536,2.167944882299926,0.5474491406025858,0.8193974602996655,0.985450536299033,0.3013997972011566,0.3333614766597748,0.0720821991562843,0.0601956620812416,0.3016384243965149,0.3328081667423248,0.0717060267925262,0.060162503272295,0.0682428028976394,0.0540577326637907,0.0549379022103245,17.72972972972973,20.0,1226.45,16.864864864864863,20.0,1226.45,False,False,False,False,BACKGROUND,BACKGROUND,False,False,False,False,False,False,0.3783,0.2040884156525078,0.13023118793964325,0.21959366053342733,0.15031939417123752,0.4048017891577,idxq4-64_queryq4-64,4,64,42
BBH_10_10,800.0,11,1380877092,5.8615884891152925,1.2929277696087254,0.2187825123068419,1.329113325643832,6.097279763448608,4.959624214490166,7.8596878349408446,0.2904322743415832,0.2856071293354034,0.064266487956047,0.0629062131047248,0.2883032560348511,0.2854820787906647,0.0623035207390785,0.0632970333099365,0.0566833073722631,0.05292964741484,0.0590320962325229,16.0,20.0,1226.45,17.72972972972973,20.0,1226.45,False,False,False,False,BACKGROUND,BACKGROUND,False,False,False,False,False,False,0.3783,0.2040884156525078,0.13023118793964325,0.21959366053342733,0.15031939417123752,0.4048017891577,idxq4-64_queryq4-64,4,64,42
BBH_10_10,800.0,12,1377516672,4.968353219412264,-0.4765718264411224,2.7798353048810203,2.380387118566273,6.310464012076122,10.192843284890175,11.988161255089896,0.301693707704544,0.3024685382843017,0.0544473826885223,0.0577822923660278,0.2980876863002777,0.2714965641498565,0.0555010549724102,0.0592259466648101,0.0560625208667561,0.0597684382057107,0.0599046413098179,15.135135135135137,20.0,1226.45,14.702702702702704,20.0,1226.45,False,False,False,False,BACKGROUND,BACKGROUND,False,False,False,False,False,False,0.3783,0.2040884156525078,0.13023118793964325,0.21959366053342733,0.15031939417123752,0.4048017891577,idxq4-64_queryq4-64,4,64,42
BBH_10_10,800.0,13,1383627398,3.469480229969992,0.0015322987601806,2.1556443748623098,1.7244089538019594,5.9499028583167,6.401003599533921,8.739232867057122,0.3433043658733368,0.2992730438709259,0.06272903829813,0.0681640952825546,0.3424111902713775,0.3010362684726715,0.0629576221108436,0.0663317367434501,0.0552173373052426,0.0636773862463773,0.0634323800318177,13.405405405405403,20.0,1226.45,19.45945945945946,20.0,1226.45,False,False,False,False,BACKGROUND,BACKGROUND,False,False,False,False,False,False,0.3783,0.2040884156525078,0.13023118793964325,0.21959366053342733,0.15031939417123752,0.4048017891577,idxq4-64_queryq4-64,4,64,42
BBH_10_10,800.0,14,1385891425,6.233183753238844,1.522704655728687,1.6225050651975026,1.260465717875336,3.697419283011064,3.749792932261093,5.266104479519686,0.3934894502162933,0.3372895121574402,0.0907266288995742,0.0951523408293724,0.3948483169078827,0.3396241068840027,0.0914012044668197,0.0958994850516319,0.0443922790667903,0.0513863566114749,0.0627332374446404,19.45945945945946,20.0,1226.45,20.75675675675676,20.0,1226.45,True,False,False,False,BACKGROUND,BACKGROUND,False,False,False,False,False,False,0.3783,0.2040884156525078,0.13023118793964325,0.21959366053342733,0.15031939417123752,0.4048017891577,idxq4-64_queryq4-64,4,64,42
BBH_10_10,800.0,15,1371659764,4.57317432200937,1.2640734082907163,1.000051840819107,2.5142697803856677,6.867587677902929,6.295988833747403,9.316825420085756,0.3096354007720947,0.3191191256046295,0.0645183101296424,0.0550906136631965,0.3086853921413421,0.3236775696277618,0.0653268173336982,0.0557867139577865,0.0558492845463031,0.0747850536065698,0.0680407874978973,13.405405405405403,20.0,1226.45,12.972972972972974,20.0,1226.45,False,False,False,False,BACKGROUND,BACKGROUND,False,False,False,False,False,False,0.3783,0.2040884156525078,0.13023118793964325,0.21959366053342733,0.15031939417123752,0.4048017891577,idxq4-64_queryq4-64,4,64,42
BBH_10_10,800.0,16,1377860742,2.6689521328294004,-1.1133011363728706,2.111980998401295,1.6484565946122305,2.210010415644906,2.6261241273769627,3.4322986422586226,0.3032314777374267,0.3058789670467376,0.0542767569422721,0.0712152197957038,0.3023517429828644,0.3064691424369812,0.0546246841549873,0.0715598315000534,0.0583421402634528,0.0570833834324862,0.0790646622486313,7.783783783783784,20.0,1226.45,11.675675675675675,20.0,1226.45,False,False,False,False,BACKGROUND,BACKGROUND,False,False,False,False,False,False,0.3783,0.2040884156525078,0.13023118793964325,0.21959366053342733,0.15031939417123752,0.4048017891577,idxq4-64_queryq4-64,4,64,42
BBH_10_10,800.0,17,1380593760,2.020331106243056,0.5208776170859359,2.517639158024782,1.7382457622373977,1.4412367180290182,1.516725678141427,2.0922762867577087,0.33714559674263,0.3129847347736358,0.0731848403811454,0.0602925531566143,0.3370806872844696,0.3123729825019836,0.0724937915802002,0.0605414323508739,0.0536403126955561,0.0485757275123949,0.059987836472132,16.864864864864863,20.0,1226.45,16.43243243243243,20.0,1226.45,False,False,False,False,BACKGROUND,BACKGROUND,False,False,False,False,False,False,0.3783,0.2040884156525078,0.13023118793964325,0.21959366053342733,0.15031939417123752,0.4048017891577,idxq4-64_queryq4-64,4,64,42
BBH_10_10,800.0,18,1370631896,5.611079380806105,-0.792602479588522,2.7616760201767336,1.5882823250854117,5.098841377924988,5.820395771501733,7.737906069096164,0.2837966680526733,0.2922210693359375,0.0644498020410537,0.0599871538579463,0.2831217050552368,0.290081650018692,0.0639905929565429,0.0594106018543243,0.0497035664785728,0.0635379647479199,0.0599373513589678,25.08108108108108,20.0,1226.45,20.324324324324323,20.0,1226.45,False,False,False,False,BACKGROUND,BACKGROUND,False,False,False,False,False,False,0.3783,0.2040884156525078,0.13023118793964325,0.21959366053342733,0.15031939417123752,0.4048017891577,idxq4-64_queryq4-64,4,64,42
BBH_10_10,800.0,19,1377118175,0.9646293044506256,0.0677318023729858,0.212115561338331,2.5112227631999886,3.5573645611739466,8.371291035243464,9.09578782832163,0.3124265074729919,0.3194006681442261,0.0722641870379448,0.0729089751839637,0.3118088841438293,0.3215973377227783,0.0716331824660301,0.0731711611151695,0.0499606149657226,0.0693149484777431,0.0660041355216054,14.702702702702704,20.0,1226.45,12.972972972972974,20.0,1226.45,False,False,False,False,BACKGROUND,BACKGROUND,False,False,False,False,False,False,0.3783,0.2040884156525078,0.13023118793964325,0.21959366053342733,0.15031939417123752,0.4048017891577,idxq4-64_queryq4-64,4,64,42
BBH_10_10,800.0,20,1371683500,0.003259365720146,-0.1277135818214451,2.433552694762881,2.6778524938035506,8.505839984545373,13.432092612658218,15.898755479524752,0.2909125089645386,0.3015146255493164,0.0599993951618671,0.0597172565758228,0.2904637157917022,0.3018738031387329,0.0602225698530674,0.0587343461811542,0.0543749540685037,0.038441971936154,0.0605020921253292,15.567567567567568,20.0,1226.45,16.864864864864863,20.0,1226.45,False,False,False,False,BACKGROUND,BACKGROUND,False,False,False,False,False,False,0.3783,0.2040884156525078,0.13023118793964325,0.21959366053342733,0.15031939417123752,0.4048017891577,idxq4-64_queryq4-64,4,64,42
BBH_10_10,800.0,21,1378982000,4.098255409442388,0.7026662229579992,0.5277902316890911,2.7660897362521,5.205058631723091,6.765571791484732,8.536134782523586,0.3376430571079254,0.2897873520851135,0.0667352676391601,0.0561002828180789,0.3337571918964386,0.3065465092658996,0.0654223263263702,0.059358611702919,0.069169246255094,0.0668225780518157,0.0634309952171048,16.43243243243243,20.0,1226.45,13.405405405405403,20.0,1226.45,False,False,False,False,BACKGROUND,BACKGROUND,False,False,False,False,False,False,0.3783,0.2040884156525078,0.13023118793964325,0.21959366053342733,0.15031939417123752,0.4048017891577,idxq4-64_queryq4-64,4,64,42
BBH_10_10,800.0,22,1379387274,5.408572029858435,0.7026591272157329,1.693135493608277,2.355015376236606,11.290178653637916,11.36162566867946,16.01732411691345,0.2880192995071411,0.2906928360462188,0.0570720955729484,0.0702786743640899,0.2704271376132965,0.2900041341781616,0.0575338117778301,0.0714267119765281,0.0512638078078904,0.0558742810995298,0.0768532783453661,14.27027027027027,20.0,1226.45,15.135135135135137,20.0,1226.45,False,False,False,False,BACKGROUND,BACKGROUND,False,False,False,False,False,False,0.3783,0.2040884156525078,0.13023118793964325,0.21959366053342733,0.15031939417123752,0.4048017891577,idxq4-64_queryq4-64,4,64,42
BBH_10_10,800.0,23,1379646353,2.311611144929324,-0.596344347512812,0.6546430082121224,1.6414959342549114,6.462359667300514,6.85735812479596,9.42260329851881,0.3539412021636963,0.3120946586132049,0.1118945255875587,0.0551536232233047,0.3554975390434265,0.3133573234081268,0.1120765283703804,0.0553110502660274,0.085185840774475,0.0689982282372881,0.0703243635187991,10.81081081081081,20.0,1226.45,22.054054054054053,20.0,1226.45,False,False,False,False,BACKGROUND,BACKGROUND,False,False,False,False,False,False,0.3783,0.2040884156525078,0.13023118793964325,0.21959366053342733,0.15031939417123752,0.4048017891577,idxq4-64_queryq4-64,4,64,42
BBH_10_10,800.0,24,1369484795,0.7471357516385916,-0.97559439921113,0.5538356572448407,1.0437512362194743,5.570425659196864,4.662906525810614,7.264457260737791,0.293905109167099,0.2919464111328125,0.0663695409893989,0.0671159550547599,0.2950634062290191,0.2905268669128418,0.067525029182434,0.0664233714342117,0.0423462463314443,0.0389110934278413,0.0545697431863684,12.54054054054054,20.0,1226.45,14.702702702702704,31.73896938119932,1226.45,False,False,False,False,BACKGROUND,BACKGROUND,False,False,False,False,False,False,0.3783,0.2040884156525078,0.13023118793964325,0.21959366053342733,0.15031939417123752,0.4048017891577,idxq4-64_queryq4-64,4,64,42
BBH_10_10,1600.0,0,1380346272,5.17173772184783,-0.2044072165775009,3.11139710184382,2.277469167595904,2.6468357826478046,2.8897104757956744,3.9186944629848446,0.3870109915733337,0.311334490776062,0.4222054183483124,0.0613135732710361,0.3879056870937347,0.3099417984485626,0.4219450056552887,0.0614648573100566,0.0547057778516302,0.0467592110529897,0.0654525718220069,8.64864864864865,20.0,726.8541975238301,13.83783783783784,20.0,1226.45,True,False,True,False,ROBUST,BACKGROUND,False,False,False,False,False,False,0.3783,0.2040884156525078,0.13023118793964325,0.21959366053342733,0.15031939417123752,0.4048017891577,idxq4-64_queryq4-64,4,64,42
BBH_10_10,1600.0,1,1384311831,3.4614618797753,0.7169569627333497,2.23220453584159,1.4375611853483463,1.7175302477864227,1.5074295176167996,2.285225131719785,0.2914808094501495,0.3326856195926666,0.0575910471379756,0.0624747686088085,0.2923798263072967,0.3320054113864898,0.058157168328762,0.062334481626749,0.0588272443477512,0.0514655486158314,0.0498968788884176,11.243243243243244,20.0,1226.45,17.72972972972973,20.0,1226.45,False,False,False,False,BACKGROUND,BACKGROUND,False,False,False,False,False,False,0.3783,0.2040884156525078,0.13023118793964325,0.21959366053342733,0.15031939417123752,0.4048017891577,idxq4-64_queryq4-64,4,64,42
BBH_10_10,1600.0,2,1388084235,3.544314276946566,0.361101345334241,0.2075939635793812,1.95034442126784,2.696650500228372,0.862285053507519,2.831158673385226,0.3596175611019134,0.339015394449234,0.0724023506045341,0.0662662386894226,0.3583089411258697,0.3380619883537292,0.0720012709498405,0.0655722469091415,0.0531194862352979,0.051916752036808,0.0565224886032356,12.972972972972974,20.0,1226.45,16.864864864864863,20.0,1226.45,False,False,False,False,BACKGROUND,BACKGROUND,False,False,False,False,False,False,0.3783,0.2040884156525078,0.13023118793964325,0.21959366053342733,0.15031939417123752,0.4048017891577,idxq4-64_queryq4-64,4,64,42
BBH_10_10,1600.0,3,1377824779,1.3337765998142772,0.9092170987011002,2.030382313841782,3.076236856101628,2.7020179276400462,2.806040789887534,3.895480175254504,0.3206327259540558,0.2917045950889587,0.0681894943118095,0.0579719953238964,0.3203094005584717,0.2904666066169739,0.0676877200603485,0.0576306357979774,0.0424984224480153,0.07422676825864,0.0465291190918844,15.135135135135137,20.0,1226.45,11.243243243243244,20.226855005376493,1226.45,False,False,False,False,BACKGROUND,BACKGROUND,False,False,False,False,False,False,0.3783,0.2040884156525078,0.13023118793964325,0.21959366053342733,0.15031939417123752,0.4048017891577,idxq4-64_queryq4-64,4,64,42
BBH_10_10,1600.0,4,1378547768,5.59369344444165,-0.0601243371494437,1.4956863652163397,2.2864081746438303,2.625335253622601,2.4935600560696494,3.6208047375051473,0.3065104186534881,0.3078884482383728,0.0620866157114505,0.0577218271791935,0.3058807849884033,0.3080402314662933,0.0620024353265762,0.0581942722201347,0.0651123909580875,0.0446337460179939,0.0511472522792929,20.324324324324323,20.0,1226.45,16.0,20.0,1226.45,False,False,False,False,BACKGROUND,BACKGROUND,False,False,False,False,False,False,0.3783,0.2040884156525078,0.13023118793964325,0.21959366053342733,0.15031939417123752,0.4048017891577,idxq4-64_queryq4-64,4,64,42
BBH_10_10,1600.0,5,1381966326,0.3737659102990767,-0.6060719747046855,1.840254891789634,0.513391399689237,4.53703953068889,2.052622385034971,4.979757660627706,0.3427847623825073,0.3683690428733825,0.0683690905570983,0.085225686430931,0.3429074585437774,0.367962509393692,0.0679725334048271,0.0843809321522712,0.0474469711711195,0.0534703395403237,0.0566653412467966,17.72972972972973,20.0,1226.45,19.89189189189189,20.0,1226.45,False,False,False,False,BACKGROUND,BACKGROUND,False,False,False,False,False,False,0.3783,0.2040884156525078,0.13023118793964325,0.21959366053342733,0.15031939417123752,0.4048017891577,idxq4-64_queryq4-64,4,64,42
BBH_10_10,1600.0,6,1385047834,4.269594120093411,-0.6087170497814421,0.3115108103854542,2.225629560047717,2.3122475981370645,2.505618447955805,3.409488636412663,0.3866365551948547,0.3774482607841491,0.0816383808851242,0.1409918218851089,0.3878789246082306,0.3777782320976257,0.0823060050606727,0.1412849575281143,0.0541583413129526,0.0652427062062914,0.0615213366290955,7.351351351351352,20.0,1226.45,6.486486486486487,20.0,1226.45,True,False,False,False,BACKGROUND,BACKGROUND,False,False,False,False,False,False,0.3783,0.2040884156525078,0.13023118793964325,0.21959366053342733,0.15031939417123752,0.4048017891577,idxq4-64_queryq4-64,4,64,42
BBH_10_10,1600.0,7,1371210964,1.6638325657826487,0.2228090822741096,0.6452526502862537,1.8600748009356625,1.7862216832575828,2.1128664261068515,2.7667295560479146,0.2959662973880768,0.3072328567504883,0.0627826526761055,0.0750340223312377,0.2956925928592682,0.307803601026535,0.062096819281578,0.0756991505622863,0.0488455970293562,0.0666819276536498,0.0553697476990202,23.783783783783782,20.0,1226.45,20.324324324324323,20.0,1226.45,False,False,False,False,BACKGROUND,BACKGROUND,False,False,False,False,False,False,0.3783,0.2040884156525078,0.13023118793964325,0.21959366053342733,0.15031939417123752,0.4048017891577,idxq4-64_queryq4-64,4,64,42
BBH_10_10,1600.0,8,1385962589,5.841267653137042,-0.9278585723541888,0.3374163384500198,0.6813376694166634,3.4975236207939733,3.2973644798149806,4.806795605261088,0.264410525560379,0.3269466161727905,0.0660577490925788,0.0636534541845321,0.2656702697277069,0.3259499967098236,0.0660814568400383,0.0633277222514152,0.0600172780700678,0.0595608696983463,0.0669363301800115,8.64864864864865,20.0,1226.45,13.405405405405403,20.0,1226.45,False,False,False,False,BACKGROUND,BACKGROUND,False,False,False,False,False,False,0.3783,0.2040884156525078,0.13023118793964325,0.21959366053342733,0.15031939417123752,0.4048017891577,idxq4-64_queryq4-64,4,64,42
BBH_10_10,1600.0,9,1388088344,5.065447228863223,-0.7199108058596763,3.0744698370297554,1.416462460814837,1.0669128054174557,1.3670168945289287,1.7340813488101594,0.3708513081073761,0.3346731960773468,0.1441292464733123,0.0652236938476562,0.3714843094348907,0.3366134464740753,0.1450453102588653,0.0651685670018196,0.0506166839205595,0.0519221908498865,0.048546641202305,22.91891891891892,20.0,1226.45,16.43243243243243,20.0,1226.45,False,False,False,False,AMBIGUOUS,BACKGROUND,False,False,False,False,False,False,0.3783,0.2040884156525078,0.13023118793964325,0.21959366053342733,0.15031939417123752,0.4048017891577,idxq4-64_queryq4-64,4,64,42
BBH_10_10,1600.0,10,1386747195,3.101833136188562,1.2278542944161237,1.1961059889836785,1.5735172363995722,2.445714286717739,1.5569367381735528,2.89923617163724,0.3208327889442444,0.2872270047664642,0.068009614944458,0.0765831470489502,0.3217794597148895,0.2877408266067505,0.0679156258702278,0.0768316388130188,0.0595376016389495,0.0679020859542201,0.0531265247207162,14.702702702702704,20.0,1226.45,12.972972972972974,20.0,1226.45,False,False,False,False,BACKGROUND,BACKGROUND,False,False,False,False,False,False,0.3783,0.2040884156525078,0.13023118793964325,0.21959366053342733,0.15031939417123752,0.4048017891577,idxq4-64_queryq4-64,4,64,42
BBH_10_10,1600.0,11,1384404551,3.674109590597529,-0.8388795274288805,1.0087202451087602,1.7772088992106778,1.9576970469701331,2.250956494023658,2.983183344298982,0.3314528167247772,0.2789662182331085,0.0765344947576522,0.0589609779417514,0.3312079012393951,0.2785703241825104,0.0763122960925102,0.0592404380440712,0.0509661203602967,0.0513747438033517,0.0550560057797897,19.027027027027028,20.0,1226.45,20.75675675675676,25.33731500561184,1226.45,False,False,False,False,BACKGROUND,BACKGROUND,False,False,False,False,False,False,0.3783,0.2040884156525078,0.13023118793964325,0.21959366053342733,0.15031939417123752,0.4048017891577,idxq4-64_queryq4-64,4,64,42
BBH_10_10,1600.0,12,1381327464,0.6489492383998038,0.8216774796193174,1.8514384620375848,2.2313869783147817,3.4841803094244708,1.9550144938414775,3.995196378116031,0.3059991300106048,0.3052974939346313,0.0553553104400634,0.0613862127065658,0.3070537745952606,0.3056780695915222,0.0562334805727005,0.0613002218306064,0.0562029585882189,0.0682256053556711,0.0539044681054621,18.594594594594597,20.0,1226.45,19.45945945945946,20.0,1226.45,False,False,False,False,BACKGROUND,BACKGROUND,False,False,False,False,False,False,0.3783,0.2040884156525078,0.13023118793964325,0.21959366053342733,0.15031939417123752,0.4048017891577,idxq4-64_queryq4-64,4,64,42
BBH_10_10,1600.0,13,1374911991,2.56774542736476,-0.1373938503711701,1.9890968192522047,1.8573565730260155,3.112752953066251,3.847372072489754,4.948889048159877,0.3938299715518951,0.3076801300048828,0.1145796552300453,0.05524193495512,0.3955495953559875,0.306889921426773,0.1159818470478057,0.0558058135211467,0.0546752441175722,0.0684652465498762,0.0511885171505424,10.37837837837838,20.0,1226.45,17.72972972972973,20.0,1226.45,True,False,False,False,BACKGROUND,BACKGROUND,False,False,False,False,False,False,0.3783,0.2040884156525078,0.13023118793964325,0.21959366053342733,0.15031939417123752,0.4048017891577,idxq4-64_queryq4-64,4,64,42
BBH_10_10,1600.0,14,1377425243,5.860827201065315,-0.2187566175480668,1.034408524175259,0.5480564443360298,3.309079096407889,3.7300338346324975,4.986296909910888,0.3065932393074035,0.3252896666526794,0.0706237033009529,0.0927424728870391,0.3088358640670776,0.3261254131793976,0.0712195560336113,0.0930201858282089,0.0646210347613082,0.0559527242407391,0.0678283171309532,16.0,20.0,1226.45,19.45945945945946,20.0,1226.45,False,False,False,False,BACKGROUND,BACKGROUND,False,False,False,False,False,False,0.3783,0.2040884156525078,0.13023118793964325,0.21959366053342733,0.15031939417123752,0.4048017891577,idxq4-64_queryq4-64,4,64,42
BBH_10_10,1600.0,15,1376639056,3.5684360120726497,-0.0764385920016107,2.069534872807374,1.668860424198719,1.3083068039583343,2.4929922325796734,2.8154354840745786,0.4497579634189605,0.30075404047966,0.4664523899555206,0.0569051094353199,0.4489566683769226,0.30075603723526,0.4662119746208191,0.0568401105701923,0.0790029130124809,0.0464399880963065,0.0526441090109492,27.24324324324324,20.0,627.8506577887329,16.0,20.0,1226.45,True,False,True,False,ROBUST,BACKGROUND,False,False,False,False,False,False,0.3783,0.2040884156525078,0.13023118793964325,0.21959366053342733,0.15031939417123752,0.4048017891577,idxq4-64_queryq4-64,4,64,42
BBH_10_10,1600.0,16,1387950069,2.0151152107722874,-0.313656070449037,1.1893843200997318,1.461782487912163,1.9331250120806096,2.7601380916719584,3.36976773642193,0.4093823134899139,0.2956217229366302,0.0883557870984077,0.05811133608222,0.4096823632717132,0.2954192459583282,0.0884687602519989,0.0581007376313209,0.0630894349155738,0.0535569752804862,0.0614819631388125,13.405405405405403,20.0,1226.45,21.18918918918919,26.208093244997876,1226.45,True,False,False,False,BACKGROUND,BACKGROUND,False,False,False,False,False,False,0.3783,0.2040884156525078,0.13023118793964325,0.21959366053342733,0.15031939417123752,0.4048017891577,idxq4-64_queryq4-64,4,64,42
BBH_10_10,1600.0,17,1377697846,1.0434022920550403,0.4625455407318275,1.2223833704537137,2.5161780450797258,5.672332052367871,5.697109513471697,8.039428320521903,0.2908281683921814,0.3078236877918243,0.0557247549295425,0.0554196685552597,0.3327774703502655,0.307892382144928,0.0614001043140888,0.0556064806878566,0.0480527142830154,0.0591271872054879,0.0636552317468605,14.27027027027027,20.0,1226.45,19.027027027027028,20.0,1226.45,False,False,False,False,BACKGROUND,BACKGROUND,False,False,False,False,False,False,0.3783,0.2040884156525078,0.13023118793964325,0.21959366053342733,0.15031939417123752,0.4048017891577,idxq4-64_queryq4-64,4,64,42
BBH_10_10,1600.0,18,1386742110,5.940876686914886,-0.2167230925246724,2.9025187110021897,2.6788869326877225,3.046124468554799,3.873916490567006,4.92809326756457,0.3457608520984649,0.331147700548172,0.0662781223654747,0.0710020586848259,0.3443052768707275,0.3300831615924835,0.0653718411922454,0.0712714046239852,0.0564944469874865,0.0506934474281545,0.0606526054690736,16.0,20.0,1226.45,17.72972972972973,20.0,1226.45,False,False,False,False,BACKGROUND,BACKGROUND,False,False,False,False,False,False,0.3783,0.2040884156525078,0.13023118793964325,0.21959366053342733,0.15031939417123752,0.4048017891577,idxq4-64_queryq4-64,4,64,42
BBH_10_10,1600.0,19,1374051487,0.1667082196168713,0.508559923705263,2.677093530727339,1.44512980434382,1.6870211183552166,2.7194157023405414,3.2001971839111394,0.2595452070236206,0.2694900333881378,0.0674394741654396,0.0532493330538272,0.2587575912475586,0.2700912058353424,0.0671344473958015,0.0541223995387554,0.0820980730244972,0.0571108563189294,0.0513870472366703,22.486486486486488,20.0,1226.45,10.37837837837838,20.0,1226.45,False,False,False,False,BACKGROUND,BACKGROUND,False,False,False,False,False,False,0.3783,0.2040884156525078,0.13023118793964325,0.21959366053342733,0.15031939417123752,0.4048017891577,idxq4-64_queryq4-64,4,64,42
BBH_10_10,1600.0,20,1374478550,2.9264403059622768,-1.4227001005490336,2.471332957718414,1.5779614232238008,1.4951737187836152,0.785344816159604,1.6888786012055417,0.3726423978805542,0.3152699768543243,0.4514153897762298,0.0633898079395294,0.3724976778030395,0.3159807324409485,0.4513296484947204,0.0633818656206131,0.0633269448989529,0.0527551136348451,0.0635502877188803,10.81081081081081,20.0,1226.45,17.2972972972973,20.0,1226.45,False,False,True,False,ROBUST,BACKGROUND,False,False,False,False,False,False,0.3783,0.2040884156525078,0.13023118793964325,0.21959366053342733,0.15031939417123752,0.4048017891577,idxq4-64_queryq4-64,4,64,42
BBH_10_10,1600.0,21,1373822575,5.5214346643016015,-0.2566883729688959,1.775244612743294,1.9161907856875693,1.786804601065083,3.7895156799021104,4.1896419621026455,0.2863715589046478,0.3374374210834503,0.084941528737545,0.0611323341727256,0.2865708768367767,0.3370181024074554,0.0847881883382797,0.0612649768590927,0.0552074320998929,0.0586787930071463,0.05586427368791,11.675675675675675,20.0,1226.45,15.135135135135137,20.0,1226.45,False,False,False,False,BACKGROUND,BACKGROUND,False,False,False,False,False,False,0.3783,0.2040884156525078,0.13023118793964325,0.21959366053342733,0.15031939417123752,0.4048017891577,idxq4-64_queryq4-64,4,64,42
BBH_10_10,1600.0,22,1389344961,1.0090061261383236,0.5821437066674907,1.5600850001861155,2.04802181516343,2.764502082987008,0.8967076444519165,2.9062959874138783,0.2703937590122223,0.295068085193634,0.067383736371994,0.0641815513372421,0.2698725163936615,0.2958793342113495,0.0667395666241645,0.0640743598341941,0.0603559101093132,0.0425132044401882,0.071482360876228,15.567567567567568,20.0,1226.45,14.702702702702704,20.0,1226.45,False,False,False,False,BACKGROUND,BACKGROUND,False,False,False,False,False,False,0.3783,0.2040884156525078,0.13023118793964325,0.21959366053342733,0.15031939417123752,0.4048017891577,idxq4-64_queryq4-64,4,64,42
BBH_10_10,1600.0,23,1385699216,6.065887334233211,1.1867597488248085,2.6880790036422546,1.4977555517395948,0.9315162615966878,0.4909205835634839,1.052960381488962,0.2981119751930237,0.2967565953731537,0.1159535571932792,0.0712207704782486,0.2982466518878937,0.2969854772090912,0.1165688335895538,0.0709276348352432,0.0616592268477087,0.0563402628360175,0.0524763558369479,13.83783783783784,20.0,1226.45,16.43243243243243,20.0,1226.45,False,False,False,False,BACKGROUND,BACKGROUND,False,False,False,False,False,False,0.3783,0.2040884156525078,0.13023118793964325,0.21959366053342733,0.15031939417123752,0.4048017891577,idxq4-64_queryq4-64,4,64,42
BBH_10_10,1600.0,24,1370338809,5.095430192021592,-0.0364809886006758,1.7730918983562476,2.4944133361862346,3.9209584777131954,4.943278206119901,6.309509870588283,0.2806638777256012,0.2885664701461792,0.0587167479097843,0.0552472844719886,0.2799403667449951,0.2876984179019928,0.0592425167560577,0.0549535118043422,0.0748304430602749,0.062962426683273,0.0653796747414572,21.62162162162162,20.0,1226.45,19.89189189189189,20.0,1226.45,False,False,False,False,BACKGROUND,BACKGROUND,False,False,False,False,False,False,0.3783,0.2040884156525078,0.13023118793964325,0.21959366053342733,0.15031939417123752,0.4048017891577,idxq4-64_queryq4-64,4,64,42
NSBH_10_1.4,100.0,0,1378712417,3.815221938431853,-0.1506099733756312,1.1623401719718205,0.2680522553417731,27.900379815262365,45.36490821407657,53.25792045421499,0.3754187524318695,0.5096752047538757,0.2777204513549804,0.3655371367931366,0.2798378765583038,0.3547642230987549,0.0565431043505668,0.1017275899648666,0.0913616917757623,0.1482032732277114,0.1499960027583588,15.135135135135137,20.0,1226.45,13.405405405405403,20.9219999008004,285.3931534192106,False,True,True,True,ROBUST,ROBUST,False,False,False,False,False,False,0.3783,0.2040884156525078,0.13023118793964325,0.21959366053342733,0.15031939417123752,0.4048017891577,idxq4-64_queryq4-64,4,64,42
NSBH_10_1.4,100.0,1,1376304758,0.7439233798117453,0.6304410941632094,2.631765127468731,1.7363124420898193,19.9005068038351,23.6893137915539,30.938871326604545,0.2985501885414123,0.3735550343990326,0.1064409911632537,0.2334950566291809,0.3335926830768585,0.3152906596660614,0.0585288926959037,0.0560397952795028,0.0422862124195686,0.092529100258865,0.0675279016265635,14.27027027027027,20.0,1226.45,14.27027027027027,26.208093244997876,463.2152445401258,False,False,False,True,BACKGROUND,ROBUST,False,False,False,False,False,False,0.3783,0.2040884156525078,0.13023118793964325,0.21959366053342733,0.15031939417123752,0.4048017891577,idxq4-64_queryq4-64,4,64,42
NSBH_10_1.4,100.0,2,1371969333,1.908810449164204,0.8460513501799629,0.0753050928305603,2.016625032321703,12.087641494971514,13.940931451301903,18.451575722437795,0.3101184070110321,0.2950047254562378,0.0588162243366241,0.0698067247867584,0.3095880448818207,0.2920059561729431,0.0590637288987636,0.0676367953419685,0.0467431646257288,0.0615400362404036,0.0535927488449691,12.54054054054054,20.0,1226.45,14.27027027027027,20.0,1226.45,False,False,False,False,BACKGROUND,BACKGROUND,False,False,False,False,False,False,0.3783,0.2040884156525078,0.13023118793964325,0.21959366053342733,0.15031939417123752,0.4048017891577,idxq4-64_queryq4-64,4,64,42
NSBH_10_1.4,100.0,3,1372914049,2.913360437782801,0.3900704123022522,0.5133101648470725,1.5298700152077562,7.105464115379995,0.1468127754908033,7.106980672972182,0.3224262297153473,0.3376707732677459,0.0635576173663139,0.0726977363228797,0.3178417980670929,0.3378138244152069,0.0629891604185104,0.0728872641921043,0.0614415010858568,0.0621421544428658,0.0562868242392157,16.864864864864863,20.0,1226.45,20.75675675675676,20.0,1226.45,False,False,False,False,BACKGROUND,BACKGROUND,False,False,False,False,False,False,0.3783,0.2040884156525078,0.13023118793964325,0.21959366053342733,0.15031939417123752,0.4048017891577,idxq4-64_queryq4-64,4,64,42
NSBH_10_1.4,100.0,4,1385865012,2.367089582994302,0.2397188818866273,0.125962188461923,1.2274271700936712,9.028512770508746,12.197900407197595,15.175731191318288,0.3159596621990204,0.2773955762386322,0.1107097268104553,0.0596655271947383,0.3172486424446106,0.2748468220233917,0.1134548038244247,0.059068139642477,0.064128418573944,0.0735800647388336,0.0589821537500215,16.43243243243243,20.0,1226.45,20.324324324324323,22.638334674707437,1226.45,False,False,False,False,BACKGROUND,BACKGROUND,False,False,False,False,False,False,0.3783,0.2040884156525078,0.13023118793964325,0.21959366053342733,0.15031939417123752,0.4048017891577,idxq4-64_queryq4-64,4,64,42
NSBH_10_1.4,100.0,5,1375503218,3.2813991437314445,-0.6081464207425457,0.4386406462364874,1.6474168799199422,10.870447119394102,4.486971371837194,11.760082170938691,0.3091968595981598,0.2938955426216125,0.0656067579984664,0.0565250888466835,0.3202218115329742,0.2935072779655456,0.0703725293278694,0.0561706312000751,0.0457622432566102,0.0662215015454975,0.056587151309174,10.81081081081081,20.0,1226.45,13.83783783783784,20.0,1226.45,False,False,False,False,BACKGROUND,BACKGROUND,False,False,False,False,False,False,0.3783,0.2040884156525078,0.13023118793964325,0.21959366053342733,0.15031939417123752,0.4048017891577,idxq4-64_queryq4-64,4,64,42
NSBH_10_1.4,100.0,6,1375331404,2.1623021652845718,-0.9380047199256204,2.976092910864309,2.2434341331256435,29.37085545780479,32.12032222198879,43.52427196367159,0.4003319442272186,0.4127797186374664,0.2757700383663177,0.2793433368206024,0.2775439620018005,0.3306433856487274,0.0562298037111759,0.0559104681015014,0.0575687060736228,0.1818224164121128,0.1290179814819423,14.27027027027027,20.0,920.8123677488448,15.135135135135137,26.208093244997876,413.8726510683242,True,True,True,True,ROBUST,ROBUST,False,False,False,False,False,False,0.3783,0.2040884156525078,0.13023118793964325,0.21959366053342733,0.15031939417123752,0.4048017891577,idxq4-64_queryq4-64,4,64,42
NSBH_10_1.4,100.0,7,1381234330,5.082905920425316,1.249523454703907,0.2536373625421201,1.7619705707131372,12.074111233072427,7.861012721963643,14.407625865612976,0.3075099885463714,0.2808538675308227,0.0815806239843368,0.063253566622734,0.30858114361763,0.2801528573036194,0.077918604016304,0.0641975253820419,0.058162665768749,0.0599643444929484,0.0732090361305052,17.2972972972973,20.0,1226.45,16.864864864864863,20.0,1226.45,False,False,False,False,BACKGROUND,BACKGROUND,False,False,False,False,False,False,0.3783,0.2040884156525078,0.13023118793964325,0.21959366053342733,0.15031939417123752,0.4048017891577,idxq4-64_queryq4-64,4,64,42
NSBH_10_1.4,100.0,8,1372365800,5.475224770355177,0.2718031939256375,1.3478253110545708,1.2626015812533111,8.67470594883151,13.02331466217705,15.647915135530628,0.3084491491317749,0.3031394779682159,0.0650939643383026,0.0759647861123085,0.308140218257904,0.3185620605945587,0.0663214325904846,0.060904636979103,0.0473985989193049,0.049642096351396,0.056580648551429,21.18918918918919,20.0,1226.45,14.27027027027027,20.0,1226.45,False,False,False,False,BACKGROUND,BACKGROUND,False,False,False,False,False,False,0.3783,0.2040884156525078,0.13023118793964325,0.21959366053342733,0.15031939417123752,0.4048017891577,idxq4-64_queryq4-64,4,64,42
NSBH_10_1.4,100.0,9,1372167738,0.2255593531055523,0.069256854523198,3.1213073797311472,1.7090839467000765,10.28885381972686,16.037526368987766,19.054205965079888,0.3557440936565399,0.2879399955272674,0.0648252069950103,0.0856465995311737,0.3555656969547272,0.2849586606025696,0.0652718096971511,0.0549448691308498,0.0605163024964181,0.0639001326405385,0.0668950290956671,16.43243243243243,20.0,1226.45,14.702702702702704,20.0,1226.45,False,False,False,False,BACKGROUND,BACKGROUND,False,False,False,False,False,False,0.3783,0.2040884156525078,0.13023118793964325,0.21959366053342733,0.15031939417123752,0.4048017891577,idxq4-64_queryq4-64,4,64,42
NSBH_10_1.4,100.0,10,1374806810,0.2538358410824655,0.4242024011895161,0.9480222883265812,0.4092612329793674,18.648652904370092,20.37669619137596,27.62212886117409,0.3239282071590423,0.383908212184906,0.0729634836316108,0.253244400024414,0.3214022815227508,0.2824553847312927,0.0752879232168197,0.0586390420794487,0.0600475533053999,0.0711946470740347,0.0699771672912152,20.75675675675676,20.0,1226.45,15.135135135135137,32.829755988681875,851.0005945013751,False,True,False,True,BACKGROUND,ROBUST,False,False,False,False,False,False,0.3783,0.2040884156525078,0.13023118793964325,0.21959366053342733,0.15031939417123752,0.4048017891577,idxq4-64_queryq4-64,4,64,42
NSBH_10_1.4,100.0,11,1380801295,0.2834643073776822,1.0587591704730768,2.631007644243328,0.633470014542034,32.46087493747836,24.47435925205697,40.65344588722286,0.3775101006031036,0.3730620741844177,0.2448636293411255,0.2153896987438202,0.3155537247657776,0.3471996188163757,0.0603895746171474,0.0728294551372528,0.1505308018694582,0.0830749749868186,0.1170564770713071,15.135135135135137,25.33731500561184,413.8726510683242,14.27027027027027,20.9219999008004,369.786127121913,False,False,True,False,ROBUST,AMBIGUOUS,False,False,False,False,False,False,0.3783,0.2040884156525078,0.13023118793964325,0.21959366053342733,0.15031939417123752,0.4048017891577,idxq4-64_queryq4-64,4,64,42
NSBH_10_1.4,100.0,12,1378307664,5.753794636148766,0.1353087315565877,1.2479452216682436,1.5009432271855612,2.3920706025107954,8.994427546178533,9.307079490949432,0.268491119146347,0.2717178165912628,0.0642442479729652,0.0533487945795059,0.2689702808856964,0.2764090299606323,0.0633943751454353,0.0542495995759964,0.0632812250293825,0.0589733174409585,0.0519947140945074,22.91891891891892,20.0,1226.45,13.83783783783784,20.0,1226.45,False,False,False,False,BACKGROUND,BACKGROUND,False,False,False,False,False,False,0.3783,0.2040884156525078,0.13023118793964325,0.21959366053342733,0.15031939417123752,0.4048017891577,idxq4-64_queryq4-64,4,64,42
NSBH_10_1.4,100.0,13,1380040831,0.3965768795973082,1.2153884670676915,0.9759489056576536,1.6809870710877617,13.630877154680125,7.302204692689067,15.463602600296952,0.3229503631591797,0.3889351487159729,0.083864077925682,0.10674699395895,0.3213663697242737,0.3852973282337188,0.0717967227101326,0.1037636846303939,0.0618429463745754,0.0642338213044923,0.0533397209943817,15.135135135135137,20.0,1226.45,12.108108108108109,20.455965037750865,1226.45,False,True,False,False,BACKGROUND,BACKGROUND,False,False,False,False,False,False,0.3783,0.2040884156525078,0.13023118793964325,0.21959366053342733,0.15031939417123752,0.4048017891577,idxq4-64_queryq4-64,4,64,42
NSBH_10_1.4,100.0,14,1369408783,1.7972882040819358,1.1910167966358236,0.296208372973897,2.2411625724409343,17.36522389555428,17.195601483046378,24.43848831876629,0.3074290454387665,0.2859047651290893,0.1224509850144386,0.0649867206811904,0.3028783500194549,0.2879946529865265,0.0747723132371902,0.0575087778270244,0.0771760458295166,0.050294401187802,0.1044965967308766,15.135135135135137,25.33731500561184,1226.45,13.405405405405403,20.0,1226.45,False,False,False,False,BACKGROUND,BACKGROUND,False,False,False,False,False,False,0.3783,0.2040884156525078,0.13023118793964325,0.21959366053342733,0.15031939417123752,0.4048017891577,idxq4-64_queryq4-64,4,64,42
NSBH_10_1.4,100.0,15,1372552370,5.927446128601536,-0.8422296652098016,2.5000435101393155,0.8171402473009282,34.623139443763456,31.178539291647255,46.592521903231216,0.4018515944480896,0.4150887131690979,0.2845722734928131,0.2726069092750549,0.2760392129421234,0.3068777620792389,0.0578498542308807,0.0632089599967002,0.2487297874326937,0.2444648059177853,0.1608589966184951,15.135135135135137,28.358072310453625,319.41820511675496,15.135135135135137,23.41635591359196,330.39578589900503,True,True,True,True,ROBUST,ROBUST,False,False,False,False,False,False,0.3783,0.2040884156525078,0.13023118793964325,0.21959366053342733,0.15031939417123752,0.4048017891577,idxq4-64_queryq4-64,4,64,42
NSBH_10_1.4,100.0,16,1370068942,3.4148835375226065,0.9237090384963168,3.053011737391016,1.4793174034042464,12.159476284197511,9.948349561013451,15.71058631923323,0.2995532751083374,0.3360929489135742,0.0680669322609901,0.0593113638460636,0.3003398180007934,0.3260022103786468,0.0707828179001808,0.0569306835532188,0.0476567718134494,0.0558535895837834,0.0560289410752539,12.972972972972974,20.0,1226.45,17.2972972972973,20.0,1226.45,False,False,False,False,BACKGROUND,BACKGROUND,False,False,False,False,False,False,0.3783,0.2040884156525078,0.13023118793964325,0.21959366053342733,0.15031939417123752,0.4048017891577,idxq4-64_queryq4-64,4,64,42
NSBH_10_1.4,100.0,17,1377767020,3.0343913930020854,-0.0873031436896314,1.213727483789523,1.1486967578558498,16.76282960174866,17.44488256609586,24.19331279511213,0.3004876375198364,0.3286011219024658,0.1031158566474914,0.1301511079072952,0.2798583805561065,0.3199842274188995,0.0622641555964946,0.0552175678312778,0.0446669723983799,0.0777856666055825,0.0727896478192165,14.27027027027027,20.0,1226.45,16.0,20.0,1226.45,False,False,False,False,BACKGROUND,BACKGROUND,False,False,False,False,False,False,0.3783,0.2040884156525078,0.13023118793964325,0.21959366053342733,0.15031939417123752,0.4048017891577,idxq4-64_queryq4-64,4,64,42
NSBH_10_1.4,100.0,18,1379543395,2.459910035331904,-0.962273817936411,0.2432726365769455,1.8512607350801236,11.794628211007756,8.97784898434403,14.822787424151612,0.2931378185749054,0.3384871184825897,0.0653080567717552,0.0664863288402557,0.293731540441513,0.3408112823963165,0.0662131458520889,0.0682195946574211,0.0520325888440118,0.0719068282259125,0.0716955225344721,9.945945945945946,20.0,1226.45,16.0,20.0,1226.45,False,False,False,False,BACKGROUND,BACKGROUND,False,False,False,False,False,False,0.3783,0.2040884156525078,0.13023118793964325,0.21959366053342733,0.15031939417123752,0.4048017891577,idxq4-64_queryq4-64,4,64,42
NSBH_10_1.4,100.0,19,1377037324,2.8027586467274577,1.0379584899862315,1.9233490229720944,0.9767246932948584,31.4970118662962,23.40278649775306,39.23967599719723,0.3872847855091095,0.3582060635089874,0.2716570496559143,0.2735389769077301,0.2619942128658294,0.2997420728206634,0.0635837391018867,0.0683563873171806,0.1282118763385367,0.075103333089367,0.1313331952875531,15.135135135135137,29.332666195930813,463.2152445401258,13.83783783783784,20.0,851.0005945013751,True,False,True,True,ROBUST,ROBUST,False,False,False,False,False,False,0.3783,0.2040884156525078,0.13023118793964325,0.21959366053342733,0.15031939417123752,0.4048017891577,idxq4-64_queryq4-64,4,64,42
NSBH_10_1.4,100.0,20,1379308500,3.240588487347555,1.0599966881728984,3.0699415014403,2.1683134732975478,17.24466758444459,15.284991075150556,23.043643641260942,0.2855874300003052,0.3096721470355987,0.0913301557302475,0.1020102202892303,0.2751357853412628,0.3612680435180664,0.0602341741323471,0.0902738943696022,0.0671717131969705,0.0570485410108503,0.0679051345993127,16.0,20.0,1226.45,14.702702702702704,28.358072310453625,1226.45,False,False,False,False,BACKGROUND,BACKGROUND,False,False,False,False,False,False,0.3783,0.2040884156525078,0.13023118793964325,0.21959366053342733,0.15031939417123752,0.4048017891577,idxq4-64_queryq4-64,4,64,42
NSBH_10_1.4,100.0,21,1369866047,0.3086152575335333,-0.7653595612383244,0.1989522834549741,2.126191514477683,15.18949853814209,19.05909084890008,24.371495847133534,0.3199271559715271,0.3332357108592987,0.0636985599994659,0.1143674999475479,0.3205454647541046,0.3240685760974884,0.0631875395774841,0.060986366122961,0.0465293652238593,0.0564936753795716,0.076946693677457,19.027027027027028,20.0,1226.45,15.135135135135137,20.0,1226.45,False,False,False,False,BACKGROUND,BACKGROUND,False,False,False,False,False,False,0.3783,0.2040884156525078,0.13023118793964325,0.21959366053342733,0.15031939417123752,0.4048017891577,idxq4-64_queryq4-64,4,64,42
NSBH_10_1.4,100.0,22,1379074150,3.5724288775338,0.9700210144079672,1.687722898383848,2.226543374356374,10.661636996283688,7.545620011976678,13.061657046702305,0.3175175786018371,0.278767317533493,0.0538465715944767,0.0511217750608921,0.3145118355751037,0.2811547219753265,0.0554186180233955,0.0508810803294181,0.0741349999634191,0.0513519926670778,0.0668498699248372,13.83783783783784,20.0,1226.45,19.027027027027028,20.0,1226.45,False,False,False,False,BACKGROUND,BACKGROUND,False,False,False,False,False,False,0.3783,0.2040884156525078,0.13023118793964325,0.21959366053342733,0.15031939417123752,0.4048017891577,idxq4-64_queryq4-64,4,64,42
NSBH_10_1.4,100.0,23,1372692802,1.2683693493137933,0.6449609601835794,1.940841096430397,1.3160715110350654,12.96080902935535,15.124525644835048,19.918178799194774,0.3061355650424957,0.351959228515625,0.0603969246149063,0.0625634789466857,0.3089014887809753,0.347234159708023,0.0606850236654281,0.0589220039546489,0.057799618114891,0.0517650972233783,0.0680921519381261,19.45945945945946,20.0,1226.45,11.675675675675675,20.0,1226.45,False,False,False,False,BACKGROUND,BACKGROUND,False,False,False,False,False,False,0.3783,0.2040884156525078,0.13023118793964325,0.21959366053342733,0.15031939417123752,0.4048017891577,idxq4-64_queryq4-64,4,64,42
NSBH_10_1.4,100.0,24,1387185015,5.961757068757371,-0.3090968882163011,0.2845625048640161,0.7549969134084246,24.890301327550628,34.95743764267246,42.91327937500934,0.3587214052677154,0.4728176593780517,0.1968865394592285,0.3407962024211883,0.2930017411708832,0.2820363342761993,0.0625957325100898,0.0531906075775623,0.0715192754963226,0.1859862890760159,0.1424505749982429,15.135135135135137,21.39865213111551,1226.45,14.702702702702704,23.41635591359196,319.41820511675496,False,True,False,True,AMBIGUOUS,ROBUST,False,False,False,False,False,False,0.3783,0.2040884156525078,0.13023118793964325,0.21959366053342733,0.15031939417123752,0.4048017891577,idxq4-64_queryq4-64,4,64,42
NSBH_10_1.4,200.0,0,1373824265,2.751039692326926,1.1003968591552258,1.1884953587491809,2.150937579775128,9.31979347022719,10.21284136450546,13.826086903540102,0.2466762512922287,0.3315560519695282,0.0681779533624649,0.0671650618314743,0.2462143003940582,0.3328059315681457,0.0671222209930419,0.0667225047945976,0.0548120847062089,0.0604840852533221,0.0730769902859922,23.35135135135135,20.0,1226.45,16.43243243243243,20.0,1226.45,False,False,False,False,BACKGROUND,BACKGROUND,False,False,False,False,False,False,0.3783,0.2040884156525078,0.13023118793964325,0.21959366053342733,0.15031939417123752,0.4048017891577,idxq4-64_queryq4-64,4,64,42
NSBH_10_1.4,200.0,1,1374083191,3.395915211120312,-0.6872093893285101,1.0076159518597585,0.998520789133424,8.408719215421588,3.926993582435712,9.28050846884434,0.262742817401886,0.3035593628883362,0.0631355866789817,0.0724862292408943,0.2625121772289276,0.3032159805297851,0.0645885467529296,0.0718717128038406,0.0548474928524245,0.0548474928524245,0.0604993780413579,17.2972972972973,20.0,1226.45,17.2972972972973,20.0,1226.45,False,False,False,False,BACKGROUND,BACKGROUND,False,False,False,False,False,False,0.3783,0.2040884156525078,0.13023118793964325,0.21959366053342733,0.15031939417123752,0.4048017891577,idxq4-64_queryq4-64,4,64,42
NSBH_10_1.4,200.0,2,1380674666,4.227662563370029,-0.1308536139798908,0.7183113455989102,1.259404556594884,8.04536297130073,7.733656317136732,11.159628370674616,0.3040292263031006,0.3053119480609894,0.0617532320320606,0.0700116753578186,0.3041791021823883,0.3040007352828979,0.0596806444227695,0.0698582455515861,0.0824081221327133,0.0443328436941823,0.0736499616777821,12.54054054054054,20.0,1226.45,6.918918918918919,20.0,1226.45,False,False,False,False,BACKGROUND,BACKGROUND,False,False,False,False,False,False,0.3783,0.2040884156525078,0.13023118793964325,0.21959366053342733,0.15031939417123752,0.4048017891577,idxq4-64_queryq4-64,4,64,42
NSBH_10_1.4,200.0,3,1388408185,1.0610606138397365,1.0620162230968728,0.5903165034842243,1.1109464775244415,10.10539844825077,7.712278393381465,12.712132622614025,0.2821143567562103,0.3327594399452209,0.0620161071419715,0.0617900602519512,0.2840482592582702,0.3303907513618469,0.0627211332321167,0.0615188218653202,0.0601708217624453,0.069435916015181,0.0832370726042519,22.054054054054053,20.0,1226.45,16.0,20.0,1226.45,False,False,False,False,BACKGROUND,BACKGROUND,False,False,False,False,False,False,0.3783,0.2040884156525078,0.13023118793964325,0.21959366053342733,0.15031939417123752,0.4048017891577,idxq4-64_queryq4-64,4,64,42
NSBH_10_1.4,200.0,4,1377500833,3.126812731653828,0.0391091652097067,1.5965351276737176,2.47409846040095,13.074665061932151,18.13529867324285,22.357010633119835,0.2800042331218719,0.3540789783000946,0.0618569292128086,0.0964929237961769,0.2868211269378662,0.3531343936920166,0.0624890066683292,0.0702470168471336,0.0614059670236122,0.0543154353768549,0.0531109223042977,21.62162162162162,20.0,1226.45,12.108108108108109,20.0,1226.45,False,False,False,False,BACKGROUND,BACKGROUND,False,False,False,False,False,False,0.3783,0.2040884156525078,0.13023118793964325,0.21959366053342733,0.15031939417123752,0.4048017891577,idxq4-64_queryq4-64,4,64,42
NSBH_10_1.4,200.0,5,1374756799,6.25060631799043,-0.0274422188723649,1.5015134668606138,1.6978025199498783,2.0360986106884797,4.817722984230044,5.230310918599963,0.3292405009269714,0.2885499894618988,0.1116791442036628,0.0563403517007827,0.3289405703544616,0.2900931239128113,0.1126187443733215,0.0567507408559322,0.059069331246382,0.0523143353991897,0.0571317955714653,18.16216216216216,20.0,1226.45,12.972972972972974,20.0,1226.45,False,False,False,False,BACKGROUND,BACKGROUND,False,False,False,False,False,False,0.3783,0.2040884156525078,0.13023118793964325,0.21959366053342733,0.15031939417123752,0.4048017891577,idxq4-64_queryq4-64,4,64,42
NSBH_10_1.4,200.0,6,1369984403,0.4198786000814188,0.1870012472170948,0.7161818784715812,1.7279097855496532,5.761364890210199,6.64061708959021,8.791536880927266,0.3151313066482544,0.294685810804367,0.0982573553919792,0.0642044469714164,0.3137879967689514,0.294557124376297,0.097413532435894,0.0642766207456588,0.0824144648997458,0.04312858242184,0.0444371134161322,10.37837837837838,20.0,1226.45,16.0,20.0,1226.45,False,False,False,False,BACKGROUND,BACKGROUND,False,False,False,False,False,False,0.3783,0.2040884156525078,0.13023118793964325,0.21959366053342733,0.15031939417123752,0.4048017891577,idxq4-64_queryq4-64,4,64,42
NSBH_10_1.4,200.0,7,1376627385,2.9880389763222617,-1.0744709954543978,2.5830600360903166,0.654239863395374,15.305455977743522,15.12889336416097,21.520696947608336,0.3390591144561767,0.292689710855484,0.0691878795623779,0.0644087940454483,0.3414391279220581,0.3061896860599518,0.0626801624894142,0.0763408541679382,0.0616419830355148,0.0506979274944499,0.054704891251796,15.567567567567568,20.0,1226.45,14.702702702702704,20.0,1226.45,False,False,False,False,BACKGROUND,BACKGROUND,False,False,False,False,False,False,0.3783,0.2040884156525078,0.13023118793964325,0.21959366053342733,0.15031939417123752,0.4048017891577,idxq4-64_queryq4-64,4,64,42
NSBH_10_1.4,200.0,8,1387936658,4.911924395100705,-0.1441590694593377,2.0041373891802503,1.2699093419023633,3.2577809186941376,4.685924621125111,5.707103124096685,0.3112588226795196,0.276308000087738,0.0619108192622661,0.0663041546940803,0.3113504350185394,0.275682121515274,0.0616641752421855,0.0663801357150077,0.0528379364888264,0.0689352793685845,0.0760444304986435,16.864864864864863,20.0,1226.45,16.0,20.0,1226.45,False,False,False,False,BACKGROUND,BACKGROUND,False,False,False,False,False,False,0.3783,0.2040884156525078,0.13023118793964325,0.21959366053342733,0.15031939417123752,0.4048017891577,idxq4-64_queryq4-64,4,64,42
NSBH_10_1.4,200.0,9,1379702268,3.9651011185214218,-0.3095738064531129,2.081398106446679,0.777801458546952,6.725668153868451,11.403828615249028,13.239407811602934,0.3049834966659546,0.3034297823905945,0.0642921924591064,0.0573663786053657,0.3058513104915619,0.2962587177753448,0.0644756183028221,0.0544730983674526,0.0595645615539714,0.0429492853812346,0.0585098357535925,10.81081081081081,20.0,1226.45,16.864864864864863,20.0,1226.45,False,False,False,False,BACKGROUND,BACKGROUND,False,False,False,False,False,False,0.3783,0.2040884156525078,0.13023118793964325,0.21959366053342733,0.15031939417123752,0.4048017891577,idxq4-64_queryq4-64,4,64,42
NSBH_10_1.4,200.0,10,1370886905,3.177798344916729,0.4928585860001108,1.444219876313103,0.8966304132053968,7.044538920572146,7.420428050565683,10.231729133293053,0.3046762645244598,0.347166359424591,0.0593987926840782,0.0844827815890312,0.3037824034690857,0.34882453083992,0.0607834160327911,0.0836075022816658,0.0519015171833375,0.0600741347192892,0.075825947909384,14.702702702702704,20.0,1226.45,13.83783783783784,20.0,1226.45,False,False,False,False,BACKGROUND,BACKGROUND,False,False,False,False,False,False,0.3783,0.2040884156525078,0.13023118793964325,0.21959366053342733,0.15031939417123752,0.4048017891577,idxq4-64_queryq4-64,4,64,42
NSBH_10_1.4,200.0,11,1377251594,4.6822538358154135,-0.8296419160554457,0.6238689784729048,2.176097439588012,10.131707411734752,10.894504647268684,14.877557816602828,0.3123416900634765,0.2819932103157043,0.0519526079297065,0.0612398870289325,0.3051998615264892,0.2827298939228058,0.0516587644815444,0.0622615553438663,0.0552023380142208,0.0613444136928833,0.0644813994714011,16.43243243243243,20.0,1226.45,16.0,20.0,1226.45,False,False,False,False,BACKGROUND,BACKGROUND,False,False,False,False,False,False,0.3783,0.2040884156525078,0.13023118793964325,0.21959366053342733,0.15031939417123752,0.4048017891577,idxq4-64_queryq4-64,4,64,42
NSBH_10_1.4,200.0,12,1387916679,4.695234629065838,0.9097915280077916,0.8563557377495384,1.3143445581332087,13.486133421259312,10.481389284913895,17.08026100497048,0.2846452593803406,0.400530993938446,0.0629457160830497,0.1524669080972671,0.2852854430675506,0.3999898731708526,0.0650386363267898,0.1523680388927459,0.0528416767417744,0.0499486636125783,0.0596590669169207,22.054054054054053,20.0,1226.45,4.756756756756757,20.0,1226.45,False,True,False,False,BACKGROUND,AMBIGUOUS,False,False,False,False,False,False,0.3783,0.2040884156525078,0.13023118793964325,0.21959366053342733,0.15031939417123752,0.4048017891577,idxq4-64_queryq4-64,4,64,42
NSBH_10_1.4,200.0,13,1371005530,3.326263977365876,0.8720529655204018,2.389325797725086,2.0013137789486177,13.330899771071318,12.7329846135185,18.43479823253968,0.2887533009052276,0.2665269672870636,0.0608299188315868,0.0630579441785812,0.288662701845169,0.2851415276527405,0.0600182451307773,0.0660201087594032,0.0581063159963196,0.0702650035522343,0.0724550152661498,16.43243243243243,20.0,1226.45,18.594594594594597,20.0,1226.45,False,False,False,False,BACKGROUND,BACKGROUND,False,False,False,False,False,False,0.3783,0.2040884156525078,0.13023118793964325,0.21959366053342733,0.15031939417123752,0.4048017891577,idxq4-64_queryq4-64,4,64,42
NSBH_10_1.4,200.0,14,1387462247,1.1006919700562188,-0.2886253829096774,1.5029534012350754,1.1414075895388365,8.688750516584172,13.039381608599085,15.669073306169503,0.2765915691852569,0.2876848876476288,0.0639524757862091,0.0742095336318016,0.2760477662086487,0.2887477874755859,0.0660038068890571,0.0735432431101799,0.048839007609887,0.0624985320447535,0.0567987405399467,13.83783783783784,20.0,1226.45,17.72972972972973,20.0,1226.45,False,False,False,False,BACKGROUND,BACKGROUND,False,False,False,False,False,False,0.3783,0.2040884156525078,0.13023118793964325,0.21959366053342733,0.15031939417123752,0.4048017891577,idxq4-64_queryq4-64,4,64,42
NSBH_10_1.4,200.0,15,1389037539,1.7180094869487996,-0.3934029121726896,0.3998499696473472,2.3534283091837955,18.24724504891669,16.943398806332336,24.900616759141503,0.3028207719326019,0.3248359560966491,0.0719361752271652,0.088728941977024,0.3031173050403595,0.3117159008979797,0.067717507481575,0.0743307322263717,0.050908194007172,0.0598383579133664,0.0870281275214537,10.81081081081081,20.0,1226.45,15.135135135135137,20.0,1226.45,False,False,False,False,BACKGROUND,BACKGROUND,False,False,False,False,False,False,0.3783,0.2040884156525078,0.13023118793964325,0.21959366053342733,0.15031939417123752,0.4048017891577,idxq4-64_queryq4-64,4,64,42
NSBH_10_1.4,200.0,16,1380841209,4.429822805548131,-1.0355376903830256,1.5114928019714458,1.4701470950855302,3.7789549711385177,3.242531821537514,4.979408929539319,0.3549042344093323,0.2770681977272033,0.1430287659168243,0.0668235123157501,0.3547576069831848,0.2760466337203979,0.1418593078851699,0.0668403729796409,0.0532868684854686,0.0594986196168169,0.0496549386691474,22.91891891891892,20.0,1226.45,19.027027027027028,20.0,1226.45,False,False,False,False,AMBIGUOUS,BACKGROUND,False,False,False,False,False,False,0.3783,0.2040884156525078,0.13023118793964325,0.21959366053342733,0.15031939417123752,0.4048017891577,idxq4-64_queryq4-64,4,64,42
NSBH_10_1.4,200.0,17,1384939578,4.6997605881493785,0.6817414738849922,1.4081894802092163,0.9710629611031376,3.2402488454519487,5.309923026872736,6.220489943064453,0.3347654640674591,0.3125335574150085,0.0780445337295532,0.1161047890782356,0.335681289434433,0.3131778240203857,0.0777990669012069,0.1152562573552131,0.0608443470471361,0.0504940841460262,0.0705650147955199,16.0,20.0,1226.45,13.405405405405403,20.0,1226.45,False,False,False,False,BACKGROUND,BACKGROUND,False,False,False,False,False,False,0.3783,0.2040884156525078,0.13023118793964325,0.21959366053342733,0.15031939417123752,0.4048017891577,idxq4-64_queryq4-64,4,64,42
NSBH_10_1.4,200.0,18,1381833578,1.512696159711859,-0.2821058544412003,0.554037383293758,0.8748471557588708,9.49965963348435,11.710108397527064,15.078798753013649,0.371817022562027,0.3210073411464691,0.0741174295544624,0.0703519061207771,0.3751680850982666,0.3264364898204803,0.0757074505090713,0.0616032108664512,0.0545605777121777,0.0540930728086708,0.0578446237114921,13.83783783783784,20.0,1226.45,14.27027027027027,20.0,1226.45,False,False,False,False,BACKGROUND,BACKGROUND,False,False,False,False,False,False,0.3783,0.2040884156525078,0.13023118793964325,0.21959366053342733,0.15031939417123752,0.4048017891577,idxq4-64_queryq4-64,4,64,42
NSBH_10_1.4,200.0,19,1382133898,2.463385772373212,-0.5446815713196095,2.3617887532299475,1.635873171572272,5.095396118754769,3.406899046908649,6.129439021872085,0.2832933962345123,0.3023200929164886,0.0574913173913955,0.0592553280293941,0.2837017178535461,0.3018129765987396,0.0571278780698776,0.0594496391713619,0.0691906102307133,0.0554559954235768,0.0558920749840904,18.594594594594597,20.0,1226.45,14.27027027027027,20.0,1226.45,False,False,False,False,BACKGROUND,BACKGROUND,False,False,False,False,False,False,0.3783,0.2040884156525078,0.13023118793964325,0.21959366053342733,0.15031939417123752,0.4048017891577,idxq4-64_queryq4-64,4,64,42
NSBH_10_1.4,200.0,20,1384929723,1.714080158907284,-0.8304267961953499,1.378599034616773,1.952289223334919,6.803043701366638,7.963096961870557,10.47340999039264,0.3723914325237274,0.3340622782707214,0.0814776346087455,0.0691459849476814,0.3723619282245636,0.3336338102817535,0.0814175382256507,0.0681193396449089,0.041421729612888,0.048553122063175,0.062676420617902,18.594594594594597,20.0,1226.45,15.567567567567568,20.0,1226.45,False,False,False,False,BACKGROUND,BACKGROUND,False,False,False,False,False,False,0.3783,0.2040884156525078,0.13023118793964325,0.21959366053342733,0.15031939417123752,0.4048017891577,idxq4-64_queryq4-64,4,64,42
NSBH_10_1.4,200.0,21,1371731331,2.3202096910540324,-0.5562502484057036,2.39752368036492,1.975852884785604,11.88011780481076,10.023481504179829,15.54372479558284,0.2655203342437744,0.3686035275459289,0.0600421354174613,0.0815647318959236,0.2643060684204101,0.3703545331954956,0.0609133169054985,0.0813617557287216,0.0656654097389457,0.044297226849773,0.0693447353739216,15.135135135135137,20.0,1226.45,16.43243243243243,20.0,1226.45,False,False,False,False,BACKGROUND,BACKGROUND,False,False,False,False,False,False,0.3783,0.2040884156525078,0.13023118793964325,0.21959366053342733,0.15031939417123752,0.4048017891577,idxq4-64_queryq4-64,4,64,42
NSBH_10_1.4,200.0,22,1385893494,3.1285981014198474,0.2900465663157558,2.724302053584364,0.5355135348518522,9.933917829561253,18.574720917194377,21.06425836805401,0.3664784133434295,0.3212497234344482,0.0743217840790748,0.0673739463090896,0.3660137355327606,0.3215027749538421,0.074917122721672,0.0677292868494987,0.0517666781334228,0.0464735993410431,0.0490639032576987,13.83783783783784,20.0,1226.45,16.0,20.0,1226.45,False,False,False,False,BACKGROUND,BACKGROUND,False,False,False,False,False,False,0.3783,0.2040884156525078,0.13023118793964325,0.21959366053342733,0.15031939417123752,0.4048017891577,idxq4-64_queryq4-64,4,64,42
NSBH_10_1.4,200.0,23,1379954485,3.8548377625669503,0.8939612985151427,2.854476992370308,0.0684344806212673,18.31798526650951,19.111313373042677,26.472455176403628,0.370837539434433,0.3191764950752258,0.0682229921221733,0.1642562299966812,0.3898631334304809,0.3029411435127258,0.0873475894331932,0.0675013065338134,0.0514788819186126,0.0514788819186126,0.0612343162535376,14.27027027027027,20.0,1226.45,14.27027027027027,20.0,1226.45,False,False,False,False,BACKGROUND,AMBIGUOUS,False,False,False,False,False,False,0.3783,0.2040884156525078,0.13023118793964325,0.21959366053342733,0.15031939417123752,0.4048017891577,idxq4-64_queryq4-64,4,64,42
NSBH_10_1.4,200.0,24,1375592502,2.896117344008414,-0.993043422264605,0.0496546168566306,0.9484994858787366,11.3637570408283,12.726864443758666,17.061888894632485,0.2987591922283172,0.3313740491867065,0.0641572624444961,0.0588985048234462,0.3263320624828338,0.3277020752429962,0.0573731586337089,0.0587736144661903,0.0509003403615161,0.055824169763019,0.0738674958809899,17.72972972972973,20.0,1226.45,16.864864864864863,20.0,1226.45,False,False,False,False,BACKGROUND,BACKGROUND,False,False,False,False,False,False,0.3783,0.2040884156525078,0.13023118793964325,0.21959366053342733,0.15031939417123752,0.4048017891577,idxq4-64_queryq4-64,4,64,42
NSBH_10_1.4,400.0,0,1379507090,3.105869814230041,-0.1863519282154682,1.784950376826522,1.616410876851716,1.1150842799672172,1.3328156594303675,1.737760205969976,0.3001153171062469,0.2762859165668487,0.0767800584435463,0.0599902793765068,0.3001943230628967,0.2762374877929687,0.0761862322688102,0.0594405978918075,0.0513687507854591,0.0589575005380636,0.0722044671576635,9.945945945945946,20.0,1226.45,15.567567567567568,20.0,1226.45,False,False,False,False,BACKGROUND,BACKGROUND,False,False,False,False,False,False,0.3783,0.2040884156525078,0.13023118793964325,0.21959366053342733,0.15031939417123752,0.4048017891577,idxq4-64_queryq4-64,4,64,42
NSBH_10_1.4,400.0,1,1385035022,5.327116147024836,1.4267860396752092,2.7423339779119167,0.9446704358718224,5.260244755435396,4.311732617419237,6.801559604326241,0.363475501537323,0.3182218372821808,0.0844501629471778,0.0817783549427986,0.3633747696876526,0.3176846504211426,0.0837028622627258,0.0817994773387909,0.0567183933248481,0.0763629988504679,0.0654160816264423,14.702702702702704,20.0,1226.45,15.135135135135137,20.0,1226.45,False,False,False,False,BACKGROUND,BACKGROUND,False,False,False,False,False,False,0.3783,0.2040884156525078,0.13023118793964325,0.21959366053342733,0.15031939417123752,0.4048017891577,idxq4-64_queryq4-64,4,64,42
NSBH_10_1.4,400.0,2,1374091611,5.89868800785519,-0.315948568261309,1.7498727059951884,1.3565625370812713,4.748609679275225,6.159140885038278,7.777165957330244,0.3192637860774994,0.351496160030365,0.0742455646395683,0.0640734061598777,0.3200875222682953,0.3538550138473511,0.0745780020952224,0.0637162402272224,0.0518597437441591,0.0540887256940349,0.0728421896482925,16.864864864864863,20.0,1226.45,16.43243243243243,20.0,1226.45,False,False,False,False,BACKGROUND,BACKGROUND,False,False,False,False,False,False,0.3783,0.2040884156525078,0.13023118793964325,0.21959366053342733,0.15031939417123752,0.4048017891577,idxq4-64_queryq4-64,4,64,42
NSBH_10_1.4,400.0,3,1371838161,1.066884700368155,-0.655592402972967,0.1820406687107184,1.9904024086084475,0.6202165419256052,1.5797911721211115,1.6971766868508271,0.3206566870212555,0.2945697009563446,0.0821893960237503,0.0545389093458652,0.3206834197044372,0.2923213839530945,0.0825756564736366,0.0546141415834426,0.0669301019587186,0.0688848121600271,0.0682619933534503,14.702702702702704,20.0,1226.45,19.89189189189189,20.0,1226.45,False,False,False,False,BACKGROUND,BACKGROUND,False,False,False,False,False,False,0.3783,0.2040884156525078,0.13023118793964325,0.21959366053342733,0.15031939417123752,0.4048017891577,idxq4-64_queryq4-64,4,64,42
NSBH_10_1.4,400.0,4,1377856293,2.531367236737402,0.7318429004161561,2.140459666076141,0.4542575804238776,4.484214094000437,4.212073448426712,6.15221413604675,0.3308715224266052,0.3071810007095337,0.0849013403058052,0.0674947276711463,0.3291702568531036,0.3075412809848785,0.0833347588777542,0.0675690993666648,0.0570389814896203,0.0689066986794038,0.0805949381987782,16.43243243243243,20.0,1226.45,19.027027027027028,20.0,1226.45,False,False,False,False,BACKGROUND,BACKGROUND,False,False,False,False,False,False,0.3783,0.2040884156525078,0.13023118793964325,0.21959366053342733,0.15031939417123752,0.4048017891577,idxq4-64_queryq4-64,4,64,42
NSBH_10_1.4,400.0,5,1372357383,0.8799940609360984,0.3633604030552664,2.5587451454795858,0.5978097056655941,8.732099738811533,7.099932406091287,11.254270568082928,0.2664511799812317,0.3088225424289703,0.0637461841106414,0.059839941561222,0.2633742094039917,0.3088929057121277,0.0692940428853035,0.0602242611348629,0.0522665744990038,0.053215329786816,0.0662394356052781,18.594594594594597,20.0,1226.45,20.75675675675676,20.0,1226.45,False,False,False,False,BACKGROUND,BACKGROUND,False,False,False,False,False,False,0.3783,0.2040884156525078,0.13023118793964325,0.21959366053342733,0.15031939417123752,0.4048017891577,idxq4-64_queryq4-64,4,64,42
NSBH_10_1.4,400.0,6,1381349385,1.7354620478051077,1.1918035719616027,0.8312578931129422,2.128792314982828,5.8300603813881375,4.480890890205522,7.353093717650989,0.2770436704158783,0.3036133348941803,0.06747517734766,0.0601913444697856,0.2780413925647735,0.3045425415039062,0.0676124095916748,0.0602967590093612,0.0505549079505683,0.0462688245963098,0.0492159564748739,22.054054054054053,20.0,1226.45,16.0,20.0,1226.45,False,False,False,False,BACKGROUND,BACKGROUND,False,False,False,False,False,False,0.3783,0.2040884156525078,0.13023118793964325,0.21959366053342733,0.15031939417123752,0.4048017891577,idxq4-64_queryq4-64,4,64,42
NSBH_10_1.4,400.0,7,1375902849,2.717575620586497,-0.516604386172061,2.437219577871208,1.7113444966392497,2.460900132671888,2.4846335268144046,3.497060655115193,0.2856839597225189,0.281320184469223,0.0570480823516845,0.0707487240433693,0.2876047790050506,0.2824284136295318,0.0582374930381774,0.0704038441181182,0.0692874290993396,0.0581219731354445,0.0663248124385752,16.864864864864863,20.0,1226.45,13.83783783783784,20.0,1226.45,False,False,False,False,BACKGROUND,BACKGROUND,False,False,False,False,False,False,0.3783,0.2040884156525078,0.13023118793964325,0.21959366053342733,0.15031939417123752,0.4048017891577,idxq4-64_queryq4-64,4,64,42
NSBH_10_1.4,400.0,8,1376502407,2.3770421884122475,0.7345477338950486,0.669394648572033,0.9959585030610496,6.9127153441492055,7.102648957480972,9.911269123701636,0.3511536419391632,0.2921412289142608,0.0669934675097465,0.0554401576519012,0.3484482169151306,0.2920940518379211,0.0665566250681877,0.0549842454493045,0.0542295518344678,0.0654856112267941,0.0580608431152519,13.405405405405403,20.0,1226.45,19.027027027027028,20.0,1226.45,False,False,False,False,BACKGROUND,BACKGROUND,False,False,False,False,False,False,0.3783,0.2040884156525078,0.13023118793964325,0.21959366053342733,0.15031939417123752,0.4048017891577,idxq4-64_queryq4-64,4,64,42
NSBH_10_1.4,400.0,9,1379319306,3.588750377209155,1.416731982558925,0.1214046798551885,3.010261472219053,8.187517896756725,6.735507281103589,10.602004887921488,0.3451923131942749,0.3081391751766205,0.063291847705841,0.0626382976770401,0.3466685712337494,0.3062812685966491,0.06333739310503,0.0627659857273101,0.0515657827667611,0.0451822861612864,0.0751888071330908,17.72972972972973,20.0,1226.45,15.135135135135137,20.0,1226.45,False,False,False,False,BACKGROUND,BACKGROUND,False,False,False,False,False,False,0.3783,0.2040884156525078,0.13023118793964325,0.21959366053342733,0.15031939417123752,0.4048017891577,idxq4-64_queryq4-64,4,64,42
NSBH_10_1.4,400.0,10,1375682864,3.260436857355195,0.6685916456397668,0.2797337090046923,2.194448683046827,3.54556900362354,3.4752847564573046,4.964742057541412,0.2911220788955688,0.3173509836196899,0.0562864765524864,0.0643446072936058,0.2917292416095733,0.3163868486881256,0.0561705268919467,0.064501442015171,0.0548284211645636,0.0488384233603124,0.087639876103826,21.62162162162162,20.0,1226.45,17.2972972972973,20.0,1226.45,False,False,False,False,BACKGROUND,BACKGROUND,False,False,False,False,False,False,0.3783,0.2040884156525078,0.13023118793964325,0.21959366053342733,0.15031939417123752,0.4048017891577,idxq4-64_queryq4-64,4,64,42
NSBH_10_1.4,400.0,11,1377861989,4.694015693867128,-0.2598272282695906,0.5932471112964606,1.7818913001768375,2.582110418020673,4.289825860395675,5.006985133128556,0.3115575611591339,0.3067633509635925,0.0614147819578647,0.0651854053139686,0.3115872740745544,0.3059265911579132,0.0610994584858417,0.0660592541098594,0.0441237497292821,0.0571996646864691,0.0503784728415275,15.567567567567568,20.0,1226.45,20.75675675675676,20.0,1226.45,False,False,False,False,BACKGROUND,BACKGROUND,False,False,False,False,False,False,0.3783,0.2040884156525078,0.13023118793964325,0.21959366053342733,0.15031939417123752,0.4048017891577,idxq4-64_queryq4-64,4,64,42
NSBH_10_1.4,400.0,12,1376747193,2.5764125131711046,-0.0411774860587845,2.707469843768554,2.225606064526435,1.0637050981212484,3.4949342641646544,3.65322241953611,0.3527982532978058,0.2888626158237457,0.0702938213944435,0.0685217455029487,0.3533163964748382,0.2884081602096557,0.0702170059084892,0.0676100626587867,0.0518053652495655,0.0605904699474399,0.0508840350730502,13.405405405405403,20.0,1226.45,16.864864864864863,20.0,1226.45,False,False,False,False,BACKGROUND,BACKGROUND,False,False,False,False,False,False,0.3783,0.2040884156525078,0.13023118793964325,0.21959366053342733,0.15031939417123752,0.4048017891577,idxq4-64_queryq4-64,4,64,42
NSBH_10_1.4,400.0,13,1372721831,4.337923416659868,1.3091844590671975,1.2938443264786856,1.2823064459874964,3.287799755964389,2.4703136980483027,4.112429574118513,0.3002684116363525,0.2805052995681762,0.0655178129673004,0.0561936572194099,0.2963968813419342,0.2799734771251678,0.063146524131298,0.0559727922081947,0.0566564227109459,0.0481367888905137,0.0906129656650714,13.405405405405403,20.0,1226.45,13.83783783783784,20.0,1226.45,False,False,False,False,BACKGROUND,BACKGROUND,False,False,False,False,False,False,0.3783,0.2040884156525078,0.13023118793964325,0.21959366053342733,0.15031939417123752,0.4048017891577,idxq4-64_queryq4-64,4,64,42
NSBH_10_1.4,400.0,14,1373797667,0.6144201087677229,-0.063580016127294,0.6300855864896077,1.0366037453793573,1.9970900399540576,4.491244461815372,4.915246224094063,0.3765265643596649,0.3046113848686218,0.4301033020019531,0.064044252038002,0.3764365613460541,0.3035911321640014,0.4303176701068878,0.0643834099173545,0.0854985958897435,0.0446611680156628,0.0564980413580067,18.594594594594597,20.0,323.036262164963,17.2972972972973,20.0,1226.45,False,False,True,False,ROBUST,BACKGROUND,False,False,False,False,False,False,0.3783,0.2040884156525078,0.13023118793964325,0.21959366053342733,0.15031939417123752,0.4048017891577,idxq4-64_queryq4-64,4,64,42
NSBH_10_1.4,400.0,15,1385211441,2.914317968717214,-0.4347024956995959,2.5008976540748384,2.2513834600266205,4.483055295567802,5.262151708354486,6.912888353275825,0.3729892373085022,0.2977614104747772,0.0687983483076095,0.0742676556110382,0.3734778165817261,0.2973202466964721,0.0690557435154914,0.0746990963816642,0.0541852707841269,0.0495388297865431,0.0524622179878505,16.43243243243243,20.0,1226.45,9.945945945945946,20.0,1226.45,False,False,False,False,BACKGROUND,BACKGROUND,False,False,False,False,False,False,0.3783,0.2040884156525078,0.13023118793964325,0.21959366053342733,0.15031939417123752,0.4048017891577,idxq4-64_queryq4-64,4,64,42
NSBH_10_1.4,400.0,16,1388408534,5.043642312918163,-0.4869564119351705,0.8612185973084242,0.6177050087130134,6.058810111394662,1.250236305622223,6.1864586627435,0.3590700030326843,0.2881470322608948,0.0697432607412338,0.0645598694682121,0.3570972084999084,0.2879073321819305,0.0699144303798675,0.0644242540001869,0.0615482364431555,0.0615482364431555,0.049174982200491,12.972972972972974,20.0,1226.45,12.972972972972974,20.0,1226.45,False,False,False,False,BACKGROUND,BACKGROUND,False,False,False,False,False,False,0.3783,0.2040884156525078,0.13023118793964325,0.21959366053342733,0.15031939417123752,0.4048017891577,idxq4-64_queryq4-64,4,64,42
NSBH_10_1.4,400.0,17,1382714716,0.8484693810500481,1.092101211868081,1.2630704090822011,2.0835094375555987,5.121211392892606,3.7199476558054543,6.329677455654871,0.3043796420097351,0.2779061198234558,0.0610550232231617,0.0538199171423912,0.3037803173065185,0.2783228754997253,0.0613145492970943,0.0533703342080116,0.0693124583689157,0.0455943079421591,0.0564589334322851,18.594594594594597,20.0,1226.45,21.18918918918919,20.0,1226.45,False,False,False,False,BACKGROUND,BACKGROUND,False,False,False,False,False,False,0.3783,0.2040884156525078,0.13023118793964325,0.21959366053342733,0.15031939417123752,0.4048017891577,idxq4-64_queryq4-64,4,64,42
NSBH_10_1.4,400.0,18,1386469722,4.016528346135437,0.6014159589805763,0.662669925265596,2.313275812802509,4.7795443416506975,5.163140800868943,7.035770536579685,0.3266308605670929,0.3023436367511749,0.0606343187391757,0.0674933791160583,0.32727712392807,0.3034856915473938,0.0608524866402149,0.0689177513122558,0.0585976140953933,0.0574782616925089,0.0481720861373706,15.567567567567568,20.0,1226.45,20.324324324324323,20.0,1226.45,False,False,False,False,BACKGROUND,BACKGROUND,False,False,False,False,False,False,0.3783,0.2040884156525078,0.13023118793964325,0.21959366053342733,0.15031939417123752,0.4048017891577,idxq4-64_queryq4-64,4,64,42
NSBH_10_1.4,400.0,19,1378824842,5.346972601163902,0.7708727195497417,0.7152185862922386,0.5830429352685063,4.4909131739272885,5.148144067627445,6.831668059617749,0.3188906013965606,0.3072080612182617,0.0667579025030136,0.0765899866819381,0.317200094461441,0.3058819472789764,0.0666102245450019,0.0758132115006446,0.0640669027722701,0.0519911264758125,0.053004524332091,17.2972972972973,20.0,1226.45,13.405405405405403,20.0,1226.45,False,False,False,False,BACKGROUND,BACKGROUND,False,False,False,False,False,False,0.3783,0.2040884156525078,0.13023118793964325,0.21959366053342733,0.15031939417123752,0.4048017891577,idxq4-64_queryq4-64,4,64,42
NSBH_10_1.4,400.0,20,1384751418,5.450182838378681,-0.3988941428566609,1.944383156281129,2.688112767109321,6.140499160260189,6.464142414949041,8.915765087635458,0.2837988138198852,0.321932852268219,0.0592920556664466,0.0629877746105194,0.2831608355045318,0.320420503616333,0.0603853687644004,0.0631365925073623,0.0488470471322919,0.0501135397377339,0.0648330504806255,15.567567567567568,20.0,1226.45,22.054054054054053,20.0,1226.45,False,False,False,False,BACKGROUND,BACKGROUND,False,False,False,False,False,False,0.3783,0.2040884156525078,0.13023118793964325,0.21959366053342733,0.15031939417123752,0.4048017891577,idxq4-64_queryq4-64,4,64,42
NSBH_10_1.4,400.0,21,1378406770,0.8060903168872626,0.5964109943911249,2.948420704781923,1.0240229149090248,3.158407845455995,2.942726097643292,4.31684804040968,0.2943767607212066,0.2958223223686218,0.0598296262323856,0.0673231557011604,0.2943103313446045,0.2966187000274658,0.0599975176155567,0.0665173009037971,0.0530094913669417,0.0445824600020233,0.047157239684819,15.135135135135137,20.0,1226.45,16.0,20.0,1226.45,False,False,False,False,BACKGROUND,BACKGROUND,False,False,False,False,False,False,0.3783,0.2040884156525078,0.13023118793964325,0.21959366053342733,0.15031939417123752,0.4048017891577,idxq4-64_queryq4-64,4,64,42
NSBH_10_1.4,400.0,22,1379941516,2.7722842904464366,0.8531509978186163,1.657057015715834,1.0964579937608538,5.106144138248939,6.285902352810546,8.09847370494238,0.3331006467342376,0.3277563154697418,0.0673558712005615,0.0734069421887397,0.3325144350528717,0.3281486332416534,0.0673619359731674,0.0724020972847938,0.0785587666136422,0.0505205145721467,0.0561563755951875,12.972972972972974,20.0,1226.45,14.702702702702704,20.0,1226.45,False,False,False,False,BACKGROUND,BACKGROUND,False,False,False,False,False,False,0.3783,0.2040884156525078,0.13023118793964325,0.21959366053342733,0.15031939417123752,0.4048017891577,idxq4-64_queryq4-64,4,64,42
NSBH_10_1.4,400.0,23,1388646824,5.1553908909059,0.5221049173644495,0.904322763892881,1.0592320584845707,3.1011265804322883,3.2605504233398253,4.499797232210044,0.2730145454406738,0.366923451423645,0.0548940189182758,0.0957854986190795,0.2734832763671875,0.3647675216197967,0.0547606572508811,0.0945809334516525,0.0697476371180966,0.0833707214035956,0.050245213244441,18.594594594594597,20.0,1226.45,9.513513513513514,22.89475959043681,851.0005945013751,False,False,False,False,BACKGROUND,BACKGROUND,False,False,False,False,False,False,0.3783,0.2040884156525078,0.13023118793964325,0.21959366053342733,0.15031939417123752,0.4048017891577,idxq4-64_queryq4-64,4,64,42
NSBH_10_1.4,400.0,24,1378995699,1.4975251458224863,0.0057499056439901,1.5873742671044506,2.440770368527939,6.60459710593714,7.102270254988183,9.69860534853559,0.3465626537799835,0.3372910916805267,0.086046278476715,0.0609307698905468,0.3447244763374328,0.3366158604621887,0.0878729522228241,0.0608434043824672,0.0555440940064649,0.0632066488783966,0.0601087112566496,16.43243243243243,20.0,1226.45,15.567567567567568,20.0,1226.45,False,False,False,False,BACKGROUND,BACKGROUND,False,False,False,False,False,False,0.3783,0.2040884156525078,0.13023118793964325,0.21959366053342733,0.15031939417123752,0.4048017891577,idxq4-64_queryq4-64,4,64,42
NSBH_10_1.4,800.0,0,1382340832,2.482498060520564,0.6111171386241198,2.868757113688756,1.4047455976660514,1.3064228343738644,0.6038091235564937,1.4392102278206276,0.2685302495956421,0.2911188900470733,0.0613724328577518,0.0592537224292755,0.2689501047134399,0.2899953126907348,0.0614092759788036,0.0589021779596805,0.0597063083205273,0.0515156540951673,0.0583989660667509,12.108108108108109,20.0,1226.45,15.135135135135137,20.0,1226.45,False,False,False,False,BACKGROUND,BACKGROUND,False,False,False,False,False,False,0.3783,0.2040884156525078,0.13023118793964325,0.21959366053342733,0.15031939417123752,0.4048017891577,idxq4-64_queryq4-64,4,64,42
NSBH_10_1.4,800.0,1,1370459811,6.18381839626392,-0.3003961620481449,2.0050384252213567,0.5813537554974246,2.1641952661141977,2.714986255914805,3.4720154837899835,0.3777519762516022,0.2920956313610077,0.1422563940286636,0.0559753105044364,0.3746131956577301,0.292946845293045,0.1384106129407882,0.0568159557878971,0.0590372528338536,0.0603495711943175,0.0696587199568522,13.405405405405403,23.41635591359196,1226.45,15.135135135135137,20.0,1226.45,False,False,False,False,AMBIGUOUS,BACKGROUND,False,False,False,False,False,False,0.3783,0.2040884156525078,0.13023118793964325,0.21959366053342733,0.15031939417123752,0.4048017891577,idxq4-64_queryq4-64,4,64,42
NSBH_10_1.4,800.0,2,1374877171,6.199171245932055,-0.9482294853570704,1.2955140012808817,1.6229544974666426,0.3329220774120866,0.3108088245325326,0.4554549758600448,0.3006699383258819,0.334783673286438,0.0660310238599777,0.0605201013386249,0.3009039461612701,0.3348561227321625,0.0660284385085105,0.0606291443109512,0.048992299370364,0.062405593436404,0.0610451687415787,14.27027027027027,20.0,1226.45,15.567567567567568,20.0,1226.45,False,False,False,False,BACKGROUND,BACKGROUND,False,False,False,False,False,False,0.3783,0.2040884156525078,0.13023118793964325,0.21959366053342733,0.15031939417123752,0.4048017891577,idxq4-64_queryq4-64,4,64,42
NSBH_10_1.4,800.0,3,1372594918,1.784747020785308,0.6133202102636826,1.2025487721083172,0.7211028206851874,2.4045111790056826,2.656366237663523,3.5830092936750746,0.3042874038219452,0.333204835653305,0.0801512226462364,0.0584973096847534,0.3036690950393677,0.3326981961727142,0.0816573351621627,0.0585394836962223,0.0583168660831486,0.0583168660831486,0.0714029003877632,13.405405405405403,20.0,1226.45,13.405405405405403,20.0,1226.45,False,False,False,False,BACKGROUND,BACKGROUND,False,False,False,False,False,False,0.3783,0.2040884156525078,0.13023118793964325,0.21959366053342733,0.15031939417123752,0.4048017891577,idxq4-64_queryq4-64,4,64,42
NSBH_10_1.4,800.0,4,1369695489,5.551381686672222,-0.4086373947491514,2.419633027335975,0.2839473554488083,4.773704308312265,5.8460686743271255,7.547501028032258,0.2870964109897613,0.3098206222057342,0.0729152485728263,0.0781359001994133,0.2865283787250519,0.3117261826992035,0.0727000162005424,0.0793797001242637,0.0579999903221594,0.0540131671702149,0.0570348706911699,17.2972972972973,20.0,1226.45,15.567567567567568,20.0,1226.45,False,False,False,False,BACKGROUND,BACKGROUND,False,False,False,False,False,False,0.3783,0.2040884156525078,0.13023118793964325,0.21959366053342733,0.15031939417123752,0.4048017891577,idxq4-64_queryq4-64,4,64,42
NSBH_10_1.4,800.0,5,1381211502,3.809890088461933,0.3225241165111285,2.6062508426354696,1.9031691574550145,1.283213662717413,1.5417247038716135,2.005879449695981,0.3197594285011291,0.2823319733142853,0.0654434040188789,0.0535812117159366,0.319173514842987,0.281896561384201,0.0643001571297645,0.0534546747803688,0.0672293040867743,0.0553131343909562,0.0520347362377371,15.135135135135137,20.0,1226.45,16.0,20.0,1226.45,False,False,False,False,BACKGROUND,BACKGROUND,False,False,False,False,False,False,0.3783,0.2040884156525078,0.13023118793964325,0.21959366053342733,0.15031939417123752,0.4048017891577,idxq4-64_queryq4-64,4,64,42
NSBH_10_1.4,800.0,6,1371681168,2.490882329277776,1.0979960238260305,0.1598465418558703,2.7882299086723177,5.282579304363911,5.076617053996918,7.32650563500952,0.2875674068927765,0.2951748669147491,0.0567311868071556,0.0633894875645637,0.2881564795970917,0.2948995530605316,0.0565742030739784,0.0628121495246887,0.0497687515039882,0.0469438988283019,0.0984847849211909,13.405405405405403,20.0,1226.45,18.16216216216216,20.0,1226.45,False,False,False,False,BACKGROUND,BACKGROUND,False,False,False,False,False,False,0.3783,0.2040884156525078,0.13023118793964325,0.21959366053342733,0.15031939417123752,0.4048017891577,idxq4-64_queryq4-64,4,64,42
NSBH_10_1.4,800.0,7,1381558330,1.6186278049390657,0.8230418585156517,2.343841681777325,1.047876956853076,2.605269242786522,2.58318137706496,3.6688218618821873,0.2868726551532745,0.2830605804920196,0.0866794139146804,0.0765751376748085,0.2859938442707062,0.281598150730133,0.0875477269291877,0.074553869664669,0.0464974840379537,0.0510928554203587,0.0555928257112924,16.0,20.0,1226.45,19.45945945945946,20.0,1226.45,False,False,False,False,BACKGROUND,BACKGROUND,False,False,False,False,False,False,0.3783,0.2040884156525078,0.13023118793964325,0.21959366053342733,0.15031939417123752,0.4048017891577,idxq4-64_queryq4-64,4,64,42
NSBH_10_1.4,800.0,8,1382005607,1.356695470693562,0.062626439165548,2.4481487298979268,0.6897418023110091,4.089777392586997,3.864919173178008,5.62706667244264,0.2977061867713928,0.2936846315860748,0.0630092620849609,0.060511976480484,0.2972342669963836,0.2919269800186157,0.0623954199254512,0.0602620616555213,0.0662905306946916,0.0592076245808927,0.0669017585273211,22.054054054054053,20.0,1226.45,16.0,20.0,1226.45,False,False,False,False,BACKGROUND,BACKGROUND,False,False,False,False,False,False,0.3783,0.2040884156525078,0.13023118793964325,0.21959366053342733,0.15031939417123752,0.4048017891577,idxq4-64_queryq4-64,4,64,42
NSBH_10_1.4,800.0,9,1370923252,1.449821794940953,-1.2395438123994844,3.011264605906742,2.104354920971037,2.7385689119583096,2.9058609819650627,3.9929672841198536,0.3095200061798095,0.3221023678779602,0.0686199367046356,0.0570434443652629,0.3093912899494171,0.3172604441642761,0.0687989220023155,0.0570189952850341,0.0767923447965545,0.0482736588090966,0.0660288203838457,22.054054054054053,20.0,1226.45,20.324324324324323,20.0,1226.45,False,False,False,False,BACKGROUND,BACKGROUND,False,False,False,False,False,False,0.3783,0.2040884156525078,0.13023118793964325,0.21959366053342733,0.15031939417123752,0.4048017891577,idxq4-64_queryq4-64,4,64,42
NSBH_10_1.4,800.0,10,1381711771,3.99334347814265,0.5097848279861156,1.6701112399270204,1.137313806170549,2.733210746332208,1.2676722267721805,3.012878002574184,0.3994217216968536,0.3303501605987549,0.0962283611297607,0.0561248920857906,0.3989001512527466,0.3302429914474487,0.0964672192931175,0.056124847382307,0.0594926048631996,0.0448748184564787,0.0539708176244082,13.405405405405403,20.0,1226.45,16.864864864864863,20.0,1226.45,True,False,False,False,BACKGROUND,BACKGROUND,False,False,False,False,False,False,0.3783,0.2040884156525078,0.13023118793964325,0.21959366053342733,0.15031939417123752,0.4048017891577,idxq4-64_queryq4-64,4,64,42
NSBH_10_1.4,800.0,11,1383838519,2.8244943725308174,0.2847092566866512,0.6331407981341107,1.6185468286149285,2.3896688254857064,1.9922872758806105,3.1112257528398706,0.2820109128952026,0.2973196804523468,0.0656260624527931,0.0611626766622066,0.2803570330142975,0.2952615618705749,0.0659490823745727,0.0603611692786216,0.0628492681203736,0.0698815740552988,0.0611279788425541,18.16216216216216,20.0,1226.45,10.81081081081081,20.0,1226.45,False,False,False,False,BACKGROUND,BACKGROUND,False,False,False,False,False,False,0.3783,0.2040884156525078,0.13023118793964325,0.21959366053342733,0.15031939417123752,0.4048017891577,idxq4-64_queryq4-64,4,64,42
NSBH_10_1.4,800.0,12,1380870426,5.100390571913076,-0.3056077048007454,1.8177547161649827,0.6823111790987663,2.1648157165561543,2.8086717643767924,3.546133692721692,0.4235052764415741,0.299664556980133,0.1402107626199722,0.0871853902935981,0.4233124852180481,0.2979674339294433,0.139992818236351,0.085870549082756,0.0568305426407025,0.0524240357020128,0.0607480073587826,10.81081081081081,20.0,1226.45,12.972972972972974,20.0,1226.45,True,False,False,False,AMBIGUOUS,BACKGROUND,False,False,False,False,False,False,0.3783,0.2040884156525078,0.13023118793964325,0.21959366053342733,0.15031939417123752,0.4048017891577,idxq4-64_queryq4-64,4,64,42
NSBH_10_1.4,800.0,13,1379691506,6.109431658507583,0.9370004564026362,2.8962264337806367,2.371642545307121,2.4699163064669314,2.3875809828275787,3.435262655243577,0.3648256957530975,0.297003298997879,0.0728840306401252,0.06813645362854,0.3661092519760132,0.2972843647003174,0.0729977786540985,0.0685527175664901,0.0679167432402215,0.0560176254262054,0.0566791517019875,12.972972972972974,20.0,1226.45,14.702702702702704,20.0,1226.45,False,False,False,False,BACKGROUND,BACKGROUND,False,False,False,False,False,False,0.3783,0.2040884156525078,0.13023118793964325,0.21959366053342733,0.15031939417123752,0.4048017891577,idxq4-64_queryq4-64,4,64,42
NSBH_10_1.4,800.0,14,1371789817,1.062704708362078,-0.6143844805347118,0.2827477089201165,1.913116879960873,2.942226836427476,3.300659459368794,4.421657112861052,0.349150151014328,0.298178881406784,0.0656527727842331,0.0577323585748672,0.3499854505062103,0.2977447807788849,0.065779224038124,0.0586560741066932,0.0585649566287444,0.0564501702200772,0.0643652354698238,14.702702702702704,20.0,1226.45,18.16216216216216,25.33731500561184,1226.45,False,False,False,False,BACKGROUND,BACKGROUND,False,False,False,False,False,False,0.3783,0.2040884156525078,0.13023118793964325,0.21959366053342733,0.15031939417123752,0.4048017891577,idxq4-64_queryq4-64,4,64,42
NSBH_10_1.4,800.0,15,1378093202,5.197793920312506,0.161177375852854,2.4329034006885584,2.3963388958138787,3.687375574789622,4.479744678440099,5.802141933249089,0.3735846877098083,0.3423309326171875,0.0875142142176628,0.084419846534729,0.3736670315265655,0.3375836610794067,0.0875168517231941,0.0826806798577308,0.0691580121432188,0.0510611366807308,0.0571847032483717,6.054054054054054,20.0,1226.45,18.594594594594597,20.0,1226.45,False,False,False,False,BACKGROUND,BACKGROUND,False,False,False,False,False,False,0.3783,0.2040884156525078,0.13023118793964325,0.21959366053342733,0.15031939417123752,0.4048017891577,idxq4-64_queryq4-64,4,64,42
NSBH_10_1.4,800.0,16,1385004020,5.542869440250964,0.2806029384048124,1.640304356119427,1.3058846619362388,1.5402958890919354,1.0368800379821814,1.856779911330216,0.3408505320549011,0.3191907107830047,0.0841986685991287,0.0712610259652137,0.3423779010772705,0.3184404969215393,0.0851301625370979,0.0707306191325187,0.0528838553132378,0.0598528576812758,0.0617015657971058,15.567567567567568,20.0,1226.45,16.0,20.0,1226.45,False,False,False,False,BACKGROUND,BACKGROUND,False,False,False,False,False,False,0.3783,0.2040884156525078,0.13023118793964325,0.21959366053342733,0.15031939417123752,0.4048017891577,idxq4-64_queryq4-64,4,64,42
NSBH_10_1.4,800.0,17,1389387530,2.811051564598826,-0.3129559543892224,1.4691735090508375,1.1312826781366858,2.67772206908224,3.4824009028273992,4.3928705338608784,0.290652334690094,0.3163194954395294,0.0726782530546188,0.0785786658525466,0.2913232445716858,0.3155316412448883,0.0732430219650268,0.0790167450904846,0.0478016941728071,0.0636771919405174,0.0638271560228011,22.486486486486488,20.0,1226.45,12.972972972972974,20.0,1226.45,False,False,False,False,BACKGROUND,BACKGROUND,False,False,False,False,False,False,0.3783,0.2040884156525078,0.13023118793964325,0.21959366053342733,0.15031939417123752,0.4048017891577,idxq4-64_queryq4-64,4,64,42
NSBH_10_1.4,800.0,18,1388050406,5.290882805229821,-0.3464888358837291,2.1552892300359723,2.102839926279697,3.7882927268495865,3.4730117893630505,5.139355277985383,0.392246812582016,0.3016573786735534,0.0985837578773498,0.0615246221423149,0.3933275938034057,0.3017515838146209,0.09865552932024,0.0620783418416976,0.0603920945352496,0.0504484413515835,0.0534517523412815,3.027027027027027,20.0,1226.45,22.91891891891892,20.0,1226.45,True,False,False,False,BACKGROUND,BACKGROUND,False,False,False,False,False,False,0.3783,0.2040884156525078,0.13023118793964325,0.21959366053342733,0.15031939417123752,0.4048017891577,idxq4-64_queryq4-64,4,64,42
NSBH_10_1.4,800.0,19,1370821049,0.4884841489349953,0.5586581259204805,0.9665595689396382,0.7772865082799026,1.8424606512658903,2.201535497127036,2.8707873130159807,0.3276421129703522,0.3355455696582794,0.0682099089026451,0.0985914841294288,0.3271986842155456,0.334777683019638,0.0681983232498169,0.0978732109069824,0.0461658941917594,0.1019638569968344,0.0710419706653943,7.783783783783784,28.358072310453625,1226.45,16.864864864864863,20.0,155.3447320781455,False,False,False,False,BACKGROUND,BACKGROUND,False,False,False,False,False,False,0.3783,0.2040884156525078,0.13023118793964325,0.21959366053342733,0.15031939417123752,0.4048017891577,idxq4-64_queryq4-64,4,64,42
NSBH_10_1.4,800.0,20,1374165026,4.328495484147191,0.9607007224238366,0.9268301787587352,2.173358501353268,0.9532274604923968,0.7636351762849841,1.2213849818532168,0.2875884473323822,0.300791472196579,0.0694644749164581,0.0641569271683693,0.2874611020088196,0.3012037873268127,0.0690715014934539,0.0643116980791091,0.0535163274208173,0.0574210661259796,0.0760957213519675,13.405405405405403,20.0,1226.45,21.18918918918919,20.0,1226.45,False,False,False,False,BACKGROUND,BACKGROUND,False,False,False,False,False,False,0.3783,0.2040884156525078,0.13023118793964325,0.21959366053342733,0.15031939417123752,0.4048017891577,idxq4-64_queryq4-64,4,64,42
NSBH_10_1.4,800.0,21,1383759484,1.821081445658541,0.1087856116217683,1.953637187050107,1.4326901103470844,0.2951556841411603,0.9273581244347332,0.9731957505229574,0.2645968794822693,0.3030015528202057,0.0602613352239131,0.0633288398385047,0.2647306323051452,0.3035192191600799,0.0605283826589584,0.0634410381317138,0.0625660594366292,0.0475670977183065,0.0530404714317537,17.2972972972973,20.0,1226.45,16.0,20.0,1226.45,False,False,False,False,BACKGROUND,BACKGROUND,False,False,False,False,False,False,0.3783,0.2040884156525078,0.13023118793964325,0.21959366053342733,0.15031939417123752,0.4048017891577,idxq4-64_queryq4-64,4,64,42
NSBH_10_1.4,800.0,22,1381060580,3.917857388084472,-0.8180884804325476,2.1788216442208537,1.348294178450394,1.9442645942595829,1.504583268014172,2.4584417062195283,0.2789385020732879,0.2816635072231293,0.0502110570669174,0.0581859685480594,0.2792943716049194,0.2828096449375152,0.0502948202192783,0.058321688324213,0.0556448892758631,0.0481227055792322,0.0564804404297802,16.0,20.0,1226.45,14.27027027027027,20.0,1226.45,False,False,False,False,BACKGROUND,BACKGROUND,False,False,False,False,False,False,0.3783,0.2040884156525078,0.13023118793964325,0.21959366053342733,0.15031939417123752,0.4048017891577,idxq4-64_queryq4-64,4,64,42
NSBH_10_1.4,800.0,23,1370922299,0.5448243199906918,-0.5886805379187376,1.385324964564333,1.7537449099502052,1.0825451873373515,1.310699375406591,1.699952039123013,0.3310244977474212,0.3397710025310516,0.0661161988973617,0.0654328316450119,0.3325353860855102,0.339077353477478,0.0665035545825958,0.0654612854123115,0.0653999486471989,0.061392729494733,0.0703163412068643,18.594594594594597,20.0,1226.45,15.567567567567568,20.0,1226.45,False,False,False,False,BACKGROUND,BACKGROUND,False,False,False,False,False,False,0.3783,0.2040884156525078,0.13023118793964325,0.21959366053342733,0.15031939417123752,0.4048017891577,idxq4-64_queryq4-64,4,64,42
NSBH_10_1.4,800.0,24,1379636618,1.4895049589995115,0.7201531725677578,1.714675884821001,1.063503695219673,1.3607671026967758,1.6262687277171788,2.1204803895656825,0.3342078030109405,0.3553377985954284,0.0830026268959045,0.0597693920135498,0.3348397314548492,0.3536754250526428,0.0826470404863357,0.05909438803792,0.0660816426082018,0.0636395761865117,0.062243689155558,17.72972972972973,24.49546884972764,1226.45,17.2972972972973,20.0,1226.45,False,False,False,False,BACKGROUND,BACKGROUND,False,False,False,False,False,False,0.3783,0.2040884156525078,0.13023118793964325,0.21959366053342733,0.15031939417123752,0.4048017891577,idxq4-64_queryq4-64,4,64,42
NSBH_10_1.4,1600.0,0,1372410603,2.969156811321942,-0.0016115498531106,1.9469058809622304,1.0229577181130636,1.005774497571233,1.6279882579865097,1.913616499747694,0.3212830126285553,0.3131957352161407,0.0616456493735313,0.0569748245179653,0.3211933374404907,0.3109231293201446,0.0618390180170536,0.0565476566553115,0.0483448288080739,0.0451864780375034,0.0523501196420819,19.45945945945946,20.0,1226.45,11.243243243243244,20.0,1226.45,False,False,False,False,BACKGROUND,BACKGROUND,False,False,False,False,False,False,0.3783,0.2040884156525078,0.13023118793964325,0.21959366053342733,0.15031939417123752,0.4048017891577,idxq4-64_queryq4-64,4,64,42
NSBH_10_1.4,1600.0,1,1371624588,0.4514489722430315,0.0313800268075982,1.5129645986803395,1.07579789125384,0.8856219338593717,0.7521956096026745,1.1619485551599746,0.2997311353683471,0.3285076022148132,0.0721323192119598,0.0572435520589351,0.2977369129657745,0.3280287981033325,0.0716535225510597,0.0574798323214054,0.0531468161892678,0.0497773375933575,0.0598216391922209,22.054054054054053,20.0,1226.45,11.675675675675675,20.0,1226.45,False,False,False,False,BACKGROUND,BACKGROUND,False,False,False,False,False,False,0.3783,0.2040884156525078,0.13023118793964325,0.21959366053342733,0.15031939417123752,0.4048017891577,idxq4-64_queryq4-64,4,64,42
NSBH_10_1.4,1600.0,2,1380546008,3.100793295194059,-0.0634013982358797,3.022840415264803,0.5672719783845781,0.2490052281155204,1.1868070199859344,1.2126477255645007,0.291064590215683,0.3280461132526397,0.0604925639927387,0.0585828982293605,0.2915158271789551,0.3277392089366913,0.0610895156860351,0.0585669986903667,0.043421123572758,0.0654819427132373,0.0477311845827067,16.0,20.0,1226.45,12.108108108108109,20.0,1226.45,False,False,False,False,BACKGROUND,BACKGROUND,False,False,False,False,False,False,0.3783,0.2040884156525078,0.13023118793964325,0.21959366053342733,0.15031939417123752,0.4048017891577,idxq4-64_queryq4-64,4,64,42
NSBH_10_1.4,1600.0,3,1378722814,1.1365303948973076,-0.6018492444658857,0.2990404711527347,1.6698050797249515,0.1849588068566336,0.4664267548843278,0.5017605782699098,0.3081543445587158,0.3298498094081878,0.0831938609480857,0.0552892833948135,0.3089020252227783,0.3297638297080993,0.0838074907660484,0.0551681257784366,0.0610159870977091,0.0638705863571472,0.0710692265539566,13.83783783783784,26.208093244997876,1226.45,14.702702702702704,20.0,1226.45,False,False,False,False,BACKGROUND,BACKGROUND,False,False,False,False,False,False,0.3783,0.2040884156525078,0.13023118793964325,0.21959366053342733,0.15031939417123752,0.4048017891577,idxq4-64_queryq4-64,4,64,42
NSBH_10_1.4,1600.0,4,1378519168,2.7139946306982026,0.5686383360370937,2.3042527883546025,3.093917214133343,1.3114673141745254,1.3824307862254088,1.9055344118781865,0.3375236392021179,0.3329072892665863,0.0682441219687461,0.062027484178543,0.3379432559013366,0.3310112059116363,0.0683335289359092,0.0617342554032802,0.0638789356561582,0.0638789356561582,0.071302290713699,14.702702702702704,20.0,1226.45,14.702702702702704,20.0,1226.45,False,False,False,False,BACKGROUND,BACKGROUND,False,False,False,False,False,False,0.3783,0.2040884156525078,0.13023118793964325,0.21959366053342733,0.15031939417123752,0.4048017891577,idxq4-64_queryq4-64,4,64,42
NSBH_10_1.4,1600.0,5,1379679306,3.5813082052055862,-0.7634717659111178,2.956478342684349,2.781039516002322,2.681170725560833,1.750474322157436,3.2020051236899887,0.3048003613948822,0.3533401787281036,0.0597391426563262,0.0694872364401817,0.3044096827507019,0.3527595996856689,0.0603211224079132,0.0692765042185783,0.0498824515002288,0.0598134840273578,0.0608921777163536,11.243243243243244,20.0,1226.45,10.81081081081081,20.0,1226.45,False,False,False,False,BACKGROUND,BACKGROUND,False,False,False,False,False,False,0.3783,0.2040884156525078,0.13023118793964325,0.21959366053342733,0.15031939417123752,0.4048017891577,idxq4-64_queryq4-64,4,64,42
NSBH_10_1.4,1600.0,6,1383880158,3.937290325539326,-0.3549284499275305,2.0155243484769354,2.2986517255564984,1.176761584263005,1.904550681485739,2.2387677692304244,0.2956673204898834,0.3318680822849273,0.0637833625078201,0.0582916624844074,0.2956224977970123,0.3325587511062622,0.0639950931072235,0.0582388639450073,0.052667282759196,0.0423777608320297,0.0609694704165269,18.16216216216216,20.0,1226.45,15.567567567567568,20.0,1226.45,False,False,False,False,BACKGROUND,BACKGROUND,False,False,False,False,False,False,0.3783,0.2040884156525078,0.13023118793964325,0.21959366053342733,0.15031939417123752,0.4048017891577,idxq4-64_queryq4-64,4,64,42
NSBH_10_1.4,1600.0,7,1379578429,4.772978064952594,-0.5688241769397698,2.845629030796926,1.7471924906665497,0.8491470197171336,1.2288331284469765,1.493680527644139,0.3173139691352844,0.3060594797134399,0.0709734112024307,0.0597006157040596,0.3174139559268951,0.3072665929794311,0.0710343644022941,0.060177881270647,0.0696493029124197,0.0436255860328312,0.063536913834327,20.324324324324323,20.0,1226.45,15.135135135135137,20.0,1226.45,False,False,False,False,BACKGROUND,BACKGROUND,False,False,False,False,False,False,0.3783,0.2040884156525078,0.13023118793964325,0.21959366053342733,0.15031939417123752,0.4048017891577,idxq4-64_queryq4-64,4,64,42
NSBH_10_1.4,1600.0,8,1379055097,4.750673356568561,0.7746421609407897,3.1379126263709125,1.5703770281559062,1.0517504496778896,0.5844414377741722,1.2032251670344931,0.2828729450702667,0.2965969443321228,0.059205561876297,0.0815348327159881,0.2829846143722534,0.2965143918991089,0.0592971555888652,0.0815263241529464,0.0544191461810325,0.0558248892079997,0.0736357079644015,15.567567567567568,20.0,1226.45,14.702702702702704,20.0,1226.45,False,False,False,False,BACKGROUND,BACKGROUND,False,False,False,False,False,False,0.3783,0.2040884156525078,0.13023118793964325,0.21959366053342733,0.15031939417123752,0.4048017891577,idxq4-64_queryq4-64,4,64,42
NSBH_10_1.4,1600.0,9,1373803042,1.802598197643189,-0.5225988930740283,0.8258346459525355,2.1556875239463187,0.8423900098052663,0.2129728425315986,0.8688949074978549,0.2758329510688782,0.3405075669288635,0.0598717704415321,0.0664964765310287,0.2752699255943298,0.3402773439884186,0.0597079917788505,0.0663691014051437,0.0533749676811309,0.0506490753609132,0.0551111197376692,18.16216216216216,20.0,1226.45,12.54054054054054,20.0,1226.45,False,False,False,False,BACKGROUND,BACKGROUND,False,False,False,False,False,False,0.3783,0.2040884156525078,0.13023118793964325,0.21959366053342733,0.15031939417123752,0.4048017891577,idxq4-64_queryq4-64,4,64,42
NSBH_10_1.4,1600.0,10,1381255502,6.242486119781951,1.3732758722871756,1.6549069137555823,1.4051503672003622,0.4370069291605256,0.2552915357808549,0.5061114742580534,0.3047612905502319,0.2865320444107055,0.0680412277579307,0.0603873021900653,0.3038575947284698,0.2867045998573303,0.0681129246950149,0.06055923178792,0.0574346871013158,0.0528914894016957,0.0582907941843917,19.027027027027028,20.0,1226.45,13.405405405405403,20.0,1226.45,False,False,False,False,BACKGROUND,BACKGROUND,False,False,False,False,False,False,0.3783,0.2040884156525078,0.13023118793964325,0.21959366053342733,0.15031939417123752,0.4048017891577,idxq4-64_queryq4-64,4,64,42
NSBH_10_1.4,1600.0,11,1371825197,5.403354284793171,1.0468806644003192,0.6404470491747017,1.2890282656278416,0.7403428455100076,0.5129546095545624,0.9006830521116341,0.2719907164573669,0.2969919145107269,0.0614206530153751,0.0600862279534339,0.2720214128494262,0.297190397977829,0.0617500767111778,0.0599012859165668,0.0568670620666102,0.0451137805531051,0.059050248656588,19.89189189189189,20.0,1226.45,14.702702702702704,20.0,1226.45,False,False,False,False,BACKGROUND,BACKGROUND,False,False,False,False,False,False,0.3783,0.2040884156525078,0.13023118793964325,0.21959366053342733,0.15031939417123752,0.4048017891577,idxq4-64_queryq4-64,4,64,42
NSBH_10_1.4,1600.0,12,1371427842,5.232869545123935,-0.4045399076835519,1.3817008568389957,1.5136818220874435,0.8577841203306972,0.3964361239539514,0.944963066721203,0.3271532654762268,0.2954862415790558,0.061191838234663,0.0587421506643295,0.3268746435642242,0.2954330444335937,0.0614569522440433,0.0587145835161209,0.0395454099476227,0.0747595443622491,0.054596923833523,11.243243243243244,20.0,1226.45,16.43243243243243,20.0,1226.45,False,False,False,False,BACKGROUND,BACKGROUND,False,False,False,False,False,False,0.3783,0.2040884156525078,0.13023118793964325,0.21959366053342733,0.15031939417123752,0.4048017891577,idxq4-64_queryq4-64,4,64,42
NSBH_10_1.4,1600.0,13,1385072256,6.189230931722363,0.9479367583624684,2.508399454382756,0.240402574937122,2.312027392409312,2.5617985432711463,3.450837932960221,0.2816006243228912,0.3125539720058441,0.0586019568145275,0.0655554458498954,0.2809546291828155,0.3128929734230041,0.0580704845488071,0.0660959258675575,0.0537267345632058,0.0567401906446449,0.0662050787636446,16.864864864864863,20.0,1226.45,15.135135135135137,20.0,1226.45,False,False,False,False,BACKGROUND,BACKGROUND,False,False,False,False,False,False,0.3783,0.2040884156525078,0.13023118793964325,0.21959366053342733,0.15031939417123752,0.4048017891577,idxq4-64_queryq4-64,4,64,42
NSBH_10_1.4,1600.0,14,1371373978,2.015960471186434,0.0947071975596295,1.7617340802233892,2.050751031706534,1.040627570551177,1.3926644417839789,1.7385108535757623,0.2801534533500671,0.3102146685123443,0.0593678802251815,0.0729964226484298,0.2797471880912781,0.3105409443378448,0.0596641935408115,0.072966530919075,0.066446504100956,0.0465748428985449,0.059994223739194,23.783783783783782,20.0,1226.45,14.27027027027027,20.0,1226.45,False,False,False,False,BACKGROUND,BACKGROUND,False,False,False,False,False,False,0.3783,0.2040884156525078,0.13023118793964325,0.21959366053342733,0.15031939417123752,0.4048017891577,idxq4-64_queryq4-64,4,64,42
NSBH_10_1.4,1600.0,15,1382448885,2.804074632622376,-0.5755120489348705,2.3855404213991247,0.7939390325028771,1.2570181946323975,1.397849537856477,1.8799143789339077,0.3110236525535583,0.3285922110080719,0.0813336446881294,0.0761166960000991,0.310688316822052,0.3289667665958404,0.0809809863567352,0.0748755782842636,0.0512702003352484,0.0439122041188474,0.0827444674438288,13.405405405405403,20.0,1226.45,17.72972972972973,20.0,1226.45,False,False,False,False,BACKGROUND,BACKGROUND,False,False,False,False,False,False,0.3783,0.2040884156525078,0.13023118793964325,0.21959366053342733,0.15031939417123752,0.4048017891577,idxq4-64_queryq4-64,4,64,42
NSBH_10_1.4,1600.0,16,1383901910,0.1329271401333611,-0.3760798084254894,0.5560663328538318,1.4626232354677988,0.7939000067850035,0.4678461344892502,0.921497274184662,0.313397467136383,0.3018088638782501,0.0822366997599601,0.0668045058846473,0.3145020306110382,0.3017283976078033,0.0826247259974479,0.0667070969939231,0.0697159220523244,0.0491239861691325,0.0567367156126331,15.567567567567568,20.0,1226.45,14.27027027027027,20.0,1226.45,False,False,False,False,BACKGROUND,BACKGROUND,False,False,False,False,False,False,0.3783,0.2040884156525078,0.13023118793964325,0.21959366053342733,0.15031939417123752,0.4048017891577,idxq4-64_queryq4-64,4,64,42
NSBH_10_1.4,1600.0,17,1377548877,1.7280709935063163,-1.055418244877748,0.1725833584884324,1.2537665648843086,0.8496299798106783,0.5876130230335272,1.033034446391646,0.2896944284439087,0.4095189869403839,0.0614386796951293,0.1264256685972213,0.2882789075374603,0.4095808863639831,0.0614611692726612,0.1267189681529998,0.0640833269131718,0.0457910429892277,0.055785730542116,16.43243243243243,20.0,1226.45,17.2972972972973,20.0,1226.45,False,True,False,False,BACKGROUND,BACKGROUND,False,False,False,False,False,False,0.3783,0.2040884156525078,0.13023118793964325,0.21959366053342733,0.15031939417123752,0.4048017891577,idxq4-64_queryq4-64,4,64,42
NSBH_10_1.4,1600.0,18,1384833979,2.7940572838757816,-0.114547290642645,0.2255573749870606,1.3560161404553497,0.6304662183605456,0.893865975194819,1.093839126245186,0.2937076389789581,0.3322594463825226,0.0603970065712928,0.0610421411693096,0.2940199673175812,0.3306719362735748,0.0605178102850914,0.0605581291019916,0.0555253492834493,0.061809622730298,0.0497107890912393,19.027027027027028,20.0,1226.45,16.864864864864863,20.0,1226.45,False,False,False,False,BACKGROUND,BACKGROUND,False,False,False,False,False,False,0.3783,0.2040884156525078,0.13023118793964325,0.21959366053342733,0.15031939417123752,0.4048017891577,idxq4-64_queryq4-64,4,64,42
NSBH_10_1.4,1600.0,19,1387374457,3.452570194334354,-0.7752866613656529,0.6370849961350825,0.6303718523480422,0.9843104737465104,1.0481616354344268,1.437883834919793,0.3095115125179291,0.3222669661045074,0.0697646364569664,0.0697653964161872,0.3094233274459839,0.3215731978416443,0.0696365684270858,0.0698106586933136,0.053998172875023,0.067750729988405,0.0472724141434213,14.27027027027027,20.0,1226.45,20.75675675675676,20.0,1226.45,False,False,False,False,BACKGROUND,BACKGROUND,False,False,False,False,False,False,0.3783,0.2040884156525078,0.13023118793964325,0.21959366053342733,0.15031939417123752,0.4048017891577,idxq4-64_queryq4-64,4,64,42
NSBH_10_1.4,1600.0,20,1385710388,4.554158407938151,0.2001880381214607,2.994403948114204,1.2450958777960794,0.6188077266553169,0.9850602903473328,1.163299951941671,0.3182865083217621,0.2861107587814331,0.0792263522744178,0.0576692186295986,0.3178368210792541,0.2854651212692261,0.0794921517372131,0.0578238479793071,0.0495976784595832,0.0506635788598492,0.0681569914768392,13.83783783783784,20.0,1226.45,22.91891891891892,20.0,1226.45,False,False,False,False,BACKGROUND,BACKGROUND,False,False,False,False,False,False,0.3783,0.2040884156525078,0.13023118793964325,0.21959366053342733,0.15031939417123752,0.4048017891577,idxq4-64_queryq4-64,4,64,42
NSBH_10_1.4,1600.0,21,1381970346,1.8866640665326435,-0.0455499295503627,1.129924985926894,1.5826693984268578,0.4918681917457036,0.2170881059309493,0.5376444585298683,0.2623846530914306,0.3346738815307617,0.0692884400486946,0.0589177757501602,0.2627477049827575,0.3348876237869262,0.069308340549469,0.0589694343507289,0.0503561930396752,0.0479860167552646,0.0774520333406185,16.864864864864863,20.0,1226.45,13.83783783783784,20.0,1226.45,False,False,False,False,BACKGROUND,BACKGROUND,False,False,False,False,False,False,0.3783,0.2040884156525078,0.13023118793964325,0.21959366053342733,0.15031939417123752,0.4048017891577,idxq4-64_queryq4-64,4,64,42
NSBH_10_1.4,1600.0,22,1375386340,3.7913114463507727,-0.53386920055771,0.1336804777160056,1.620772239427056,0.5173530469975063,0.0746091564103861,0.5227051764215401,0.2885702848434448,0.3592342138290405,0.0576429665088653,0.0744905993342399,0.2888761460781097,0.3589155077934265,0.0575002208352088,0.0743545740842819,0.0809945239522795,0.0582622265537708,0.066283467921201,20.324324324324323,20.0,1226.45,12.972972972972974,20.0,1226.45,False,False,False,False,BACKGROUND,BACKGROUND,False,False,False,False,False,False,0.3783,0.2040884156525078,0.13023118793964325,0.21959366053342733,0.15031939417123752,0.4048017891577,idxq4-64_queryq4-64,4,64,42
NSBH_10_1.4,1600.0,23,1372203595,2.8581858212847644,-0.1730010397996076,0.5550156906692961,2.1565401432047264,1.0485448078180726,1.2501860844811818,1.631689755999169,0.2768941223621368,0.31863534450531,0.0592100694775581,0.0610913038253784,0.2778218388557434,0.3187792599201202,0.0590502433478832,0.0612107999622821,0.0566375223257299,0.047892886394463,0.053733823947287,19.027027027027028,20.0,1226.45,17.2972972972973,20.0,1226.45,False,False,False,False,BACKGROUND,BACKGROUND,False,False,False,False,False,False,0.3783,0.2040884156525078,0.13023118793964325,0.21959366053342733,0.15031939417123752,0.4048017891577,idxq4-64_queryq4-64,4,64,42
NSBH_10_1.4,1600.0,24,1388663303,5.816260876058605,-0.6401345549300851,2.9203394425220286,0.8647490588702361,2.107749599660295,1.8246456001664428,2.7878199262281798,0.3204420804977417,0.3365932106971741,0.0839152634143829,0.0760088637471199,0.3217238187789917,0.3372448980808258,0.083456240594387,0.0760658234357833,0.062321542773513,0.0717263646130417,0.0523309348936828,22.91891891891892,20.0,1226.45,12.54054054054054,28.358072310453625,1226.45,False,False,False,False,BACKGROUND,BACKGROUND,False,False,False,False,False,False,0.3783,0.2040884156525078,0.13023118793964325,0.21959366053342733,0.15031939417123752,0.4048017891577,idxq4-64_queryq4-64,4,64,42
