gps_start,gps_end,source_path,source_start,source_end,detector,run,calibration_score,bootstrap_block_index
1368977412.0,1368977444.0,E:\o4a\1368977408\L1_1368977408_1368981504.hdf5,1368977408.0,1368981504.0,L1,O4a,0.07987577468156815,295
1368977476.0,1368977508.0,E:\o4a\1368977408\L1_1368977408_1368981504.hdf5,1368977408.0,1368981504.0,L1,O4a,0.06477829813957214,295
1368977540.0,1368977572.0,E:\o4a\1368977408\L1_1368977408_1368981504.hdf5,1368977408.0,1368981504.0,L1,O4a,0.12628202140331268,295
1368977604.0,1368977636.0,E:\o4a\1368977408\L1_1368977408_1368981504.hdf5,1368977408.0,1368981504.0,L1,O4a,0.060891859233379364,295
1368977668.0,1368977700.0,E:\o4a\1368977408\L1_1368977408_1368981504.hdf5,1368977408.0,1368981504.0,L1,O4a,0.05947626382112503,295
1368977732.0,1368977764.0,E:\o4a\1368977408\L1_1368977408_1368981504.hdf5,1368977408.0,1368981504.0,L1,O4a,0.06042060628533363,295
1368977796.0,1368977828.0,E:\o4a\1368977408\L1_1368977408_1368981504.hdf5,1368977408.0,1368981504.0,L1,O4a,0.058348383754491806,295
1368977860.0,1368977892.0,E:\o4a\1368977408\L1_1368977408_1368981504.hdf5,1368977408.0,1368981504.0,L1,O4a,0.060586754232645035,295
1368977924.0,1368977956.0,E:\o4a\1368977408\L1_1368977408_1368981504.hdf5,1368977408.0,1368981504.0,L1,O4a,0.07020678371191025,295
1368977988.0,1368978020.0,E:\o4a\1368977408\L1_1368977408_1368981504.hdf5,1368977408.0,1368981504.0,L1,O4a,0.06612196564674377,295
1368978052.0,1368978084.0,E:\o4a\1368977408\L1_1368977408_1368981504.hdf5,1368977408.0,1368981504.0,L1,O4a,0.06430571526288986,295
1368978116.0,1368978148.0,E:\o4a\1368977408\L1_1368977408_1368981504.hdf5,1368977408.0,1368981504.0,L1,O4a,0.06840667873620987,295
1368978180.0,1368978212.0,E:\o4a\1368977408\L1_1368977408_1368981504.hdf5,1368977408.0,1368981504.0,L1,O4a,0.18067502975463867,295
1368978244.0,1368978276.0,E:\o4a\1368977408\L1_1368977408_1368981504.hdf5,1368977408.0,1368981504.0,L1,O4a,0.06130783632397652,295
1368978308.0,1368978340.0,E:\o4a\1368977408\L1_1368977408_1368981504.hdf5,1368977408.0,1368981504.0,L1,O4a,0.07813350111246109,295
1368978372.0,1368978404.0,E:\o4a\1368977408\L1_1368977408_1368981504.hdf5,1368977408.0,1368981504.0,L1,O4a,0.05712529644370079,295
1368978436.0,1368978468.0,E:\o4a\1368977408\L1_1368977408_1368981504.hdf5,1368977408.0,1368981504.0,L1,O4a,0.06735389679670334,295
1368978500.0,1368978532.0,E:\o4a\1368977408\L1_1368977408_1368981504.hdf5,1368977408.0,1368981504.0,L1,O4a,0.061535947024822235,296
1368978564.0,1368978596.0,E:\o4a\1368977408\L1_1368977408_1368981504.hdf5,1368977408.0,1368981504.0,L1,O4a,0.056022271513938904,296
1368978628.0,1368978660.0,E:\o4a\1368977408\L1_1368977408_1368981504.hdf5,1368977408.0,1368981504.0,L1,O4a,0.05532248690724373,296
1368978692.0,1368978724.0,E:\o4a\1368977408\L1_1368977408_1368981504.hdf5,1368977408.0,1368981504.0,L1,O4a,0.06736724078655243,296
1368978756.0,1368978788.0,E:\o4a\1368977408\L1_1368977408_1368981504.hdf5,1368977408.0,1368981504.0,L1,O4a,0.05934636667370796,296
1368978820.0,1368978852.0,E:\o4a\1368977408\L1_1368977408_1368981504.hdf5,1368977408.0,1368981504.0,L1,O4a,0.06806701421737671,296
1368978884.0,1368978916.0,E:\o4a\1368977408\L1_1368977408_1368981504.hdf5,1368977408.0,1368981504.0,L1,O4a,0.08927855640649796,296
1368978948.0,1368978980.0,E:\o4a\1368977408\L1_1368977408_1368981504.hdf5,1368977408.0,1368981504.0,L1,O4a,0.06480413675308228,296
1368979012.0,1368979044.0,E:\o4a\1368977408\L1_1368977408_1368981504.hdf5,1368977408.0,1368981504.0,L1,O4a,0.06258516758680344,296
1368979076.0,1368979108.0,E:\o4a\1368977408\L1_1368977408_1368981504.hdf5,1368977408.0,1368981504.0,L1,O4a,0.060119062662124634,296
1368979140.0,1368979172.0,E:\o4a\1368977408\L1_1368977408_1368981504.hdf5,1368977408.0,1368981504.0,L1,O4a,0.05806339159607887,296
1368979204.0,1368979236.0,E:\o4a\1368977408\L1_1368977408_1368981504.hdf5,1368977408.0,1368981504.0,L1,O4a,0.058040864765644073,296
1368979268.0,1368979300.0,E:\o4a\1368977408\L1_1368977408_1368981504.hdf5,1368977408.0,1368981504.0,L1,O4a,0.06096896156668663,296
1368979332.0,1368979364.0,E:\o4a\1368977408\L1_1368977408_1368981504.hdf5,1368977408.0,1368981504.0,L1,O4a,0.060816556215286255,296
1368979396.0,1368979428.0,E:\o4a\1368977408\L1_1368977408_1368981504.hdf5,1368977408.0,1368981504.0,L1,O4a,0.06477902829647064,296
1368979460.0,1368979492.0,E:\o4a\1368977408\L1_1368977408_1368981504.hdf5,1368977408.0,1368981504.0,L1,O4a,0.06591711938381195,296
1368979524.0,1368979556.0,E:\o4a\1368977408\L1_1368977408_1368981504.hdf5,1368977408.0,1368981504.0,L1,O4a,0.060596615076065063,296
1368980356.0,1368980388.0,E:\o4a\1368977408\L1_1368977408_1368981504.hdf5,1368977408.0,1368981504.0,L1,O4a,0.33541765809059143,297
1368980420.0,1368980452.0,E:\o4a\1368977408\L1_1368977408_1368981504.hdf5,1368977408.0,1368981504.0,L1,O4a,0.09753236919641495,297
1368980484.0,1368980516.0,E:\o4a\1368977408\L1_1368977408_1368981504.hdf5,1368977408.0,1368981504.0,L1,O4a,0.06158754602074623,297
1368980548.0,1368980580.0,E:\o4a\1368977408\L1_1368977408_1368981504.hdf5,1368977408.0,1368981504.0,L1,O4a,0.06060531735420227,297
1368980612.0,1368980644.0,E:\o4a\1368977408\L1_1368977408_1368981504.hdf5,1368977408.0,1368981504.0,L1,O4a,0.05670304596424103,297
1368980676.0,1368980708.0,E:\o4a\1368977408\L1_1368977408_1368981504.hdf5,1368977408.0,1368981504.0,L1,O4a,0.05704927444458008,297
1368980740.0,1368980772.0,E:\o4a\1368977408\L1_1368977408_1368981504.hdf5,1368977408.0,1368981504.0,L1,O4a,0.05043840408325195,297
1368980804.0,1368980836.0,E:\o4a\1368977408\L1_1368977408_1368981504.hdf5,1368977408.0,1368981504.0,L1,O4a,0.06973593682050705,297
1368980868.0,1368980900.0,E:\o4a\1368977408\L1_1368977408_1368981504.hdf5,1368977408.0,1368981504.0,L1,O4a,0.057958029210567474,297
1368980932.0,1368980964.0,E:\o4a\1368977408\L1_1368977408_1368981504.hdf5,1368977408.0,1368981504.0,L1,O4a,0.0629444420337677,297
1368980996.0,1368981028.0,E:\o4a\1368977408\L1_1368977408_1368981504.hdf5,1368977408.0,1368981504.0,L1,O4a,0.05579179897904396,297
1368981060.0,1368981092.0,E:\o4a\1368977408\L1_1368977408_1368981504.hdf5,1368977408.0,1368981504.0,L1,O4a,0.05967656895518303,297
1368981124.0,1368981156.0,E:\o4a\1368977408\L1_1368977408_1368981504.hdf5,1368977408.0,1368981504.0,L1,O4a,0.06871970742940903,297
1368981188.0,1368981220.0,E:\o4a\1368977408\L1_1368977408_1368981504.hdf5,1368977408.0,1368981504.0,L1,O4a,0.05814487487077713,297
1368981252.0,1368981284.0,E:\o4a\1368977408\L1_1368977408_1368981504.hdf5,1368977408.0,1368981504.0,L1,O4a,0.06273369491100311,297
1368981316.0,1368981348.0,E:\o4a\1368977408\L1_1368977408_1368981504.hdf5,1368977408.0,1368981504.0,L1,O4a,0.06045474112033844,297
1368981380.0,1368981412.0,E:\o4a\1368977408\L1_1368977408_1368981504.hdf5,1368977408.0,1368981504.0,L1,O4a,0.0577692873775959,297
1368984196.0,1368984228.0,E:\o4a\1368973312\L1_1368981504_1368985600.hdf5,1368981504.0,1368985600.0,L1,O4a,0.05954365059733391,300
1368984260.0,1368984292.0,E:\o4a\1368973312\L1_1368981504_1368985600.hdf5,1368981504.0,1368985600.0,L1,O4a,0.05849621072411537,300
1368984324.0,1368984356.0,E:\o4a\1368973312\L1_1368981504_1368985600.hdf5,1368981504.0,1368985600.0,L1,O4a,0.05878928303718567,300
1368984388.0,1368984420.0,E:\o4a\1368973312\L1_1368981504_1368985600.hdf5,1368981504.0,1368985600.0,L1,O4a,0.061015382409095764,300
1368984452.0,1368984484.0,E:\o4a\1368973312\L1_1368981504_1368985600.hdf5,1368981504.0,1368985600.0,L1,O4a,0.08782835304737091,300
1368984516.0,1368984548.0,E:\o4a\1368973312\L1_1368981504_1368985600.hdf5,1368981504.0,1368985600.0,L1,O4a,0.06402165442705154,300
1368984580.0,1368984612.0,E:\o4a\1368973312\L1_1368981504_1368985600.hdf5,1368981504.0,1368985600.0,L1,O4a,0.06020388752222061,300
1368984644.0,1368984676.0,E:\o4a\1368973312\L1_1368981504_1368985600.hdf5,1368981504.0,1368985600.0,L1,O4a,0.08039092272520065,300
1368984708.0,1368984740.0,E:\o4a\1368973312\L1_1368981504_1368985600.hdf5,1368981504.0,1368985600.0,L1,O4a,0.1066138744354248,300
1368984772.0,1368984804.0,E:\o4a\1368973312\L1_1368981504_1368985600.hdf5,1368981504.0,1368985600.0,L1,O4a,0.06029698625206947,300
1368984836.0,1368984868.0,E:\o4a\1368973312\L1_1368981504_1368985600.hdf5,1368981504.0,1368985600.0,L1,O4a,0.05460776388645172,300
1368984900.0,1368984932.0,E:\o4a\1368973312\L1_1368981504_1368985600.hdf5,1368981504.0,1368985600.0,L1,O4a,0.0553688146173954,300
1368984964.0,1368984996.0,E:\o4a\1368973312\L1_1368981504_1368985600.hdf5,1368981504.0,1368985600.0,L1,O4a,0.057923730462789536,300
1368985028.0,1368985060.0,E:\o4a\1368973312\L1_1368981504_1368985600.hdf5,1368981504.0,1368985600.0,L1,O4a,0.05871574208140373,300
1368985092.0,1368985124.0,E:\o4a\1368973312\L1_1368981504_1368985600.hdf5,1368981504.0,1368985600.0,L1,O4a,0.06698371469974518,300
1368985156.0,1368985188.0,E:\o4a\1368973312\L1_1368981504_1368985600.hdf5,1368981504.0,1368985600.0,L1,O4a,0.06724468618631363,300
1368985220.0,1368985252.0,E:\o4a\1368973312\L1_1368981504_1368985600.hdf5,1368981504.0,1368985600.0,L1,O4a,0.06097908690571785,300
1368985604.0,1368985636.0,E:\o4a\1368973312\L1_1368985600_1368989696.hdf5,1368985600.0,1368989696.0,L1,O4a,0.05891437456011772,301
1368985668.0,1368985700.0,E:\o4a\1368973312\L1_1368985600_1368989696.hdf5,1368985600.0,1368989696.0,L1,O4a,0.0646987110376358,301
1368985732.0,1368985764.0,E:\o4a\1368973312\L1_1368985600_1368989696.hdf5,1368985600.0,1368989696.0,L1,O4a,0.06147606298327446,301
1368985796.0,1368985828.0,E:\o4a\1368973312\L1_1368985600_1368989696.hdf5,1368985600.0,1368989696.0,L1,O4a,0.060666490346193314,301
1368985860.0,1368985892.0,E:\o4a\1368973312\L1_1368985600_1368989696.hdf5,1368985600.0,1368989696.0,L1,O4a,0.05879007652401924,301
1368985924.0,1368985956.0,E:\o4a\1368973312\L1_1368985600_1368989696.hdf5,1368985600.0,1368989696.0,L1,O4a,0.07051567733287811,301
1368985988.0,1368986020.0,E:\o4a\1368973312\L1_1368985600_1368989696.hdf5,1368985600.0,1368989696.0,L1,O4a,0.05105551704764366,301
1368986052.0,1368986084.0,E:\o4a\1368973312\L1_1368985600_1368989696.hdf5,1368985600.0,1368989696.0,L1,O4a,0.07375471293926239,301
1368986116.0,1368986148.0,E:\o4a\1368973312\L1_1368985600_1368989696.hdf5,1368985600.0,1368989696.0,L1,O4a,0.0620100274682045,301
1368986180.0,1368986212.0,E:\o4a\1368973312\L1_1368985600_1368989696.hdf5,1368985600.0,1368989696.0,L1,O4a,0.06498319655656815,301
1368986244.0,1368986276.0,E:\o4a\1368973312\L1_1368985600_1368989696.hdf5,1368985600.0,1368989696.0,L1,O4a,0.06197187677025795,301
1368986308.0,1368986340.0,E:\o4a\1368973312\L1_1368985600_1368989696.hdf5,1368985600.0,1368989696.0,L1,O4a,0.06185707077383995,301
1368986372.0,1368986404.0,E:\o4a\1368973312\L1_1368985600_1368989696.hdf5,1368985600.0,1368989696.0,L1,O4a,0.06523795425891876,301
1368986436.0,1368986468.0,E:\o4a\1368973312\L1_1368985600_1368989696.hdf5,1368985600.0,1368989696.0,L1,O4a,0.07925859838724136,301
1368986500.0,1368986532.0,E:\o4a\1368973312\L1_1368985600_1368989696.hdf5,1368985600.0,1368989696.0,L1,O4a,0.07940398901700974,301
1368986564.0,1368986596.0,E:\o4a\1368973312\L1_1368985600_1368989696.hdf5,1368985600.0,1368989696.0,L1,O4a,0.05778082460165024,301
1368986628.0,1368986660.0,E:\o4a\1368973312\L1_1368985600_1368989696.hdf5,1368985600.0,1368989696.0,L1,O4a,0.06118011474609375,301
1368986948.0,1368986980.0,E:\o4a\1368973312\L1_1368985600_1368989696.hdf5,1368985600.0,1368989696.0,L1,O4a,0.058099959045648575,302
1368987012.0,1368987044.0,E:\o4a\1368973312\L1_1368985600_1368989696.hdf5,1368985600.0,1368989696.0,L1,O4a,0.0676107406616211,302
1368987076.0,1368987108.0,E:\o4a\1368973312\L1_1368985600_1368989696.hdf5,1368985600.0,1368989696.0,L1,O4a,0.06078997626900673,302
1368987140.0,1368987172.0,E:\o4a\1368973312\L1_1368985600_1368989696.hdf5,1368985600.0,1368989696.0,L1,O4a,0.06176655367016792,302
1368987204.0,1368987236.0,E:\o4a\1368973312\L1_1368985600_1368989696.hdf5,1368985600.0,1368989696.0,L1,O4a,0.06811869889497757,302
1368987268.0,1368987300.0,E:\o4a\1368973312\L1_1368985600_1368989696.hdf5,1368985600.0,1368989696.0,L1,O4a,0.060188207775354385,302
1368987332.0,1368987364.0,E:\o4a\1368973312\L1_1368985600_1368989696.hdf5,1368985600.0,1368989696.0,L1,O4a,0.05517466738820076,302
1368987396.0,1368987428.0,E:\o4a\1368973312\L1_1368985600_1368989696.hdf5,1368985600.0,1368989696.0,L1,O4a,0.060222793370485306,302
1368987460.0,1368987492.0,E:\o4a\1368973312\L1_1368985600_1368989696.hdf5,1368985600.0,1368989696.0,L1,O4a,0.06808865070343018,302
1368987524.0,1368987556.0,E:\o4a\1368973312\L1_1368985600_1368989696.hdf5,1368985600.0,1368989696.0,L1,O4a,0.06507740169763565,302
1368987588.0,1368987620.0,E:\o4a\1368973312\L1_1368985600_1368989696.hdf5,1368985600.0,1368989696.0,L1,O4a,0.08882416039705276,302
1368987652.0,1368987684.0,E:\o4a\1368973312\L1_1368985600_1368989696.hdf5,1368985600.0,1368989696.0,L1,O4a,0.06280454248189926,302
1368987716.0,1368987748.0,E:\o4a\1368973312\L1_1368985600_1368989696.hdf5,1368985600.0,1368989696.0,L1,O4a,0.06606359779834747,302
1368987780.0,1368987812.0,E:\o4a\1368973312\L1_1368985600_1368989696.hdf5,1368985600.0,1368989696.0,L1,O4a,0.06477779895067215,302
1368987844.0,1368987876.0,E:\o4a\1368973312\L1_1368985600_1368989696.hdf5,1368985600.0,1368989696.0,L1,O4a,0.060995206236839294,302
1368987908.0,1368987940.0,E:\o4a\1368973312\L1_1368985600_1368989696.hdf5,1368985600.0,1368989696.0,L1,O4a,0.05649493634700775,302
1368987972.0,1368988004.0,E:\o4a\1368973312\L1_1368985600_1368989696.hdf5,1368985600.0,1368989696.0,L1,O4a,0.06575387716293335,302
1368988036.0,1368988068.0,E:\o4a\1368973312\L1_1368985600_1368989696.hdf5,1368985600.0,1368989696.0,L1,O4a,0.053901512175798416,303
1368988100.0,1368988132.0,E:\o4a\1368973312\L1_1368985600_1368989696.hdf5,1368985600.0,1368989696.0,L1,O4a,0.06336101144552231,303
1368988164.0,1368988196.0,E:\o4a\1368973312\L1_1368985600_1368989696.hdf5,1368985600.0,1368989696.0,L1,O4a,0.062069207429885864,303
1368988228.0,1368988260.0,E:\o4a\1368973312\L1_1368985600_1368989696.hdf5,1368985600.0,1368989696.0,L1,O4a,0.05744171142578125,303
1368988292.0,1368988324.0,E:\o4a\1368973312\L1_1368985600_1368989696.hdf5,1368985600.0,1368989696.0,L1,O4a,0.06859708577394485,303
1368988356.0,1368988388.0,E:\o4a\1368973312\L1_1368985600_1368989696.hdf5,1368985600.0,1368989696.0,L1,O4a,0.05758116766810417,303
1368988420.0,1368988452.0,E:\o4a\1368973312\L1_1368985600_1368989696.hdf5,1368985600.0,1368989696.0,L1,O4a,0.061775825917720795,303
1368988484.0,1368988516.0,E:\o4a\1368973312\L1_1368985600_1368989696.hdf5,1368985600.0,1368989696.0,L1,O4a,0.06564094126224518,303
1368988548.0,1368988580.0,E:\o4a\1368973312\L1_1368985600_1368989696.hdf5,1368985600.0,1368989696.0,L1,O4a,0.05858784541487694,303
1368988612.0,1368988644.0,E:\o4a\1368973312\L1_1368985600_1368989696.hdf5,1368985600.0,1368989696.0,L1,O4a,0.06291796267032623,303
1368988676.0,1368988708.0,E:\o4a\1368973312\L1_1368985600_1368989696.hdf5,1368985600.0,1368989696.0,L1,O4a,0.06538570672273636,303
1368988740.0,1368988772.0,E:\o4a\1368973312\L1_1368985600_1368989696.hdf5,1368985600.0,1368989696.0,L1,O4a,0.06708790361881256,303
1368988804.0,1368988836.0,E:\o4a\1368973312\L1_1368985600_1368989696.hdf5,1368985600.0,1368989696.0,L1,O4a,0.052381839603185654,303
1368988868.0,1368988900.0,E:\o4a\1368973312\L1_1368985600_1368989696.hdf5,1368985600.0,1368989696.0,L1,O4a,0.060882553458213806,303
1368988932.0,1368988964.0,E:\o4a\1368973312\L1_1368985600_1368989696.hdf5,1368985600.0,1368989696.0,L1,O4a,0.052201952785253525,303
1368988996.0,1368989028.0,E:\o4a\1368973312\L1_1368985600_1368989696.hdf5,1368985600.0,1368989696.0,L1,O4a,0.061168868094682693,303
1368989060.0,1368989092.0,E:\o4a\1368973312\L1_1368985600_1368989696.hdf5,1368985600.0,1368989696.0,L1,O4a,0.06286520510911942,303
1368989700.0,1368989732.0,E:\o4a\1368973312\L1_1368989696_1368993792.hdf5,1368989696.0,1368993792.0,L1,O4a,0.05303626134991646,304
1368989764.0,1368989796.0,E:\o4a\1368973312\L1_1368989696_1368993792.hdf5,1368989696.0,1368993792.0,L1,O4a,0.05973650515079498,304
1368989828.0,1368989860.0,E:\o4a\1368973312\L1_1368989696_1368993792.hdf5,1368989696.0,1368993792.0,L1,O4a,0.05416073277592659,304
1368989892.0,1368989924.0,E:\o4a\1368973312\L1_1368989696_1368993792.hdf5,1368989696.0,1368993792.0,L1,O4a,0.06163527071475983,304
1368989956.0,1368989988.0,E:\o4a\1368973312\L1_1368989696_1368993792.hdf5,1368989696.0,1368993792.0,L1,O4a,0.07310689240694046,304
1368990020.0,1368990052.0,E:\o4a\1368973312\L1_1368989696_1368993792.hdf5,1368989696.0,1368993792.0,L1,O4a,0.06010359153151512,304
1368990084.0,1368990116.0,E:\o4a\1368973312\L1_1368989696_1368993792.hdf5,1368989696.0,1368993792.0,L1,O4a,0.05993816629052162,304
1368990148.0,1368990180.0,E:\o4a\1368973312\L1_1368989696_1368993792.hdf5,1368989696.0,1368993792.0,L1,O4a,0.05428698658943176,304
1368990212.0,1368990244.0,E:\o4a\1368973312\L1_1368989696_1368993792.hdf5,1368989696.0,1368993792.0,L1,O4a,0.0596487931907177,304
1368990276.0,1368990308.0,E:\o4a\1368973312\L1_1368989696_1368993792.hdf5,1368989696.0,1368993792.0,L1,O4a,0.09560249745845795,304
1368990340.0,1368990372.0,E:\o4a\1368973312\L1_1368989696_1368993792.hdf5,1368989696.0,1368993792.0,L1,O4a,0.05526454374194145,304
1368990404.0,1368990436.0,E:\o4a\1368973312\L1_1368989696_1368993792.hdf5,1368989696.0,1368993792.0,L1,O4a,0.08143523335456848,304
1368990468.0,1368990500.0,E:\o4a\1368973312\L1_1368989696_1368993792.hdf5,1368989696.0,1368993792.0,L1,O4a,0.06433164328336716,304
1368990532.0,1368990564.0,E:\o4a\1368973312\L1_1368989696_1368993792.hdf5,1368989696.0,1368993792.0,L1,O4a,0.07505383342504501,304
1368990596.0,1368990628.0,E:\o4a\1368973312\L1_1368989696_1368993792.hdf5,1368989696.0,1368993792.0,L1,O4a,0.07261889427900314,304
1368990660.0,1368990692.0,E:\o4a\1368973312\L1_1368989696_1368993792.hdf5,1368989696.0,1368993792.0,L1,O4a,0.08364049345254898,304
1368990724.0,1368990756.0,E:\o4a\1368973312\L1_1368989696_1368993792.hdf5,1368989696.0,1368993792.0,L1,O4a,0.06298357993364334,304
1368993796.0,1368993828.0,E:\o4a\1368973312\L1_1368993792_1368997888.hdf5,1368993792.0,1368997888.0,L1,O4a,0.06240442395210266,305
1368993860.0,1368993892.0,E:\o4a\1368973312\L1_1368993792_1368997888.hdf5,1368993792.0,1368997888.0,L1,O4a,0.057908181101083755,305
1368993924.0,1368993956.0,E:\o4a\1368973312\L1_1368993792_1368997888.hdf5,1368993792.0,1368997888.0,L1,O4a,0.06306472420692444,305
1368993988.0,1368994020.0,E:\o4a\1368973312\L1_1368993792_1368997888.hdf5,1368993792.0,1368997888.0,L1,O4a,0.06509704142808914,305
1368994052.0,1368994084.0,E:\o4a\1368973312\L1_1368993792_1368997888.hdf5,1368993792.0,1368997888.0,L1,O4a,0.05571465939283371,305
1368994116.0,1368994148.0,E:\o4a\1368973312\L1_1368993792_1368997888.hdf5,1368993792.0,1368997888.0,L1,O4a,0.056195154786109924,305
1368994180.0,1368994212.0,E:\o4a\1368973312\L1_1368993792_1368997888.hdf5,1368993792.0,1368997888.0,L1,O4a,0.0639423355460167,305
1368994244.0,1368994276.0,E:\o4a\1368973312\L1_1368993792_1368997888.hdf5,1368993792.0,1368997888.0,L1,O4a,0.06641047447919846,305
1368994308.0,1368994340.0,E:\o4a\1368973312\L1_1368993792_1368997888.hdf5,1368993792.0,1368997888.0,L1,O4a,0.05617258697748184,305
1368994372.0,1368994404.0,E:\o4a\1368973312\L1_1368993792_1368997888.hdf5,1368993792.0,1368997888.0,L1,O4a,0.11111883819103241,305
1368994436.0,1368994468.0,E:\o4a\1368973312\L1_1368993792_1368997888.hdf5,1368993792.0,1368997888.0,L1,O4a,0.05851150304079056,305
1368994500.0,1368994532.0,E:\o4a\1368973312\L1_1368993792_1368997888.hdf5,1368993792.0,1368997888.0,L1,O4a,0.1028556302189827,305
1368994564.0,1368994596.0,E:\o4a\1368973312\L1_1368993792_1368997888.hdf5,1368993792.0,1368997888.0,L1,O4a,0.0654960498213768,305
1368994628.0,1368994660.0,E:\o4a\1368973312\L1_1368993792_1368997888.hdf5,1368993792.0,1368997888.0,L1,O4a,0.055939070880413055,305
1368994692.0,1368994724.0,E:\o4a\1368973312\L1_1368993792_1368997888.hdf5,1368993792.0,1368997888.0,L1,O4a,0.059609755873680115,305
1368994756.0,1368994788.0,E:\o4a\1368973312\L1_1368993792_1368997888.hdf5,1368993792.0,1368997888.0,L1,O4a,0.05719008296728134,305
1368994820.0,1368994852.0,E:\o4a\1368973312\L1_1368993792_1368997888.hdf5,1368993792.0,1368997888.0,L1,O4a,0.059013254940509796,305
1368994884.0,1368994916.0,E:\o4a\1368973312\L1_1368993792_1368997888.hdf5,1368993792.0,1368997888.0,L1,O4a,0.06199515610933304,306
1368994948.0,1368994980.0,E:\o4a\1368973312\L1_1368993792_1368997888.hdf5,1368993792.0,1368997888.0,L1,O4a,0.07769852131605148,306
1368995012.0,1368995044.0,E:\o4a\1368973312\L1_1368993792_1368997888.hdf5,1368993792.0,1368997888.0,L1,O4a,0.06308097392320633,306
1368995076.0,1368995108.0,E:\o4a\1368973312\L1_1368993792_1368997888.hdf5,1368993792.0,1368997888.0,L1,O4a,0.06354247033596039,306
1368995140.0,1368995172.0,E:\o4a\1368973312\L1_1368993792_1368997888.hdf5,1368993792.0,1368997888.0,L1,O4a,0.06213586404919624,306
1368995204.0,1368995236.0,E:\o4a\1368973312\L1_1368993792_1368997888.hdf5,1368993792.0,1368997888.0,L1,O4a,0.06165642663836479,306
1368995268.0,1368995300.0,E:\o4a\1368973312\L1_1368993792_1368997888.hdf5,1368993792.0,1368997888.0,L1,O4a,0.0704730674624443,306
1368995332.0,1368995364.0,E:\o4a\1368973312\L1_1368993792_1368997888.hdf5,1368993792.0,1368997888.0,L1,O4a,0.06160581856966019,306
1368995396.0,1368995428.0,E:\o4a\1368973312\L1_1368993792_1368997888.hdf5,1368993792.0,1368997888.0,L1,O4a,0.06737122684717178,306
1368995460.0,1368995492.0,E:\o4a\1368973312\L1_1368993792_1368997888.hdf5,1368993792.0,1368997888.0,L1,O4a,0.06570503115653992,306
1368995524.0,1368995556.0,E:\o4a\1368973312\L1_1368993792_1368997888.hdf5,1368993792.0,1368997888.0,L1,O4a,0.0933213084936142,306
1368995588.0,1368995620.0,E:\o4a\1368973312\L1_1368993792_1368997888.hdf5,1368993792.0,1368997888.0,L1,O4a,0.21941600739955902,306
1368995652.0,1368995684.0,E:\o4a\1368973312\L1_1368993792_1368997888.hdf5,1368993792.0,1368997888.0,L1,O4a,0.05505343899130821,306
1368995716.0,1368995748.0,E:\o4a\1368973312\L1_1368993792_1368997888.hdf5,1368993792.0,1368997888.0,L1,O4a,0.05670461058616638,306
1368995780.0,1368995812.0,E:\o4a\1368973312\L1_1368993792_1368997888.hdf5,1368993792.0,1368997888.0,L1,O4a,0.057639434933662415,306
1368995844.0,1368995876.0,E:\o4a\1368973312\L1_1368993792_1368997888.hdf5,1368993792.0,1368997888.0,L1,O4a,0.0674707368016243,306
1368995908.0,1368995940.0,E:\o4a\1368973312\L1_1368993792_1368997888.hdf5,1368993792.0,1368997888.0,L1,O4a,0.060573648661375046,306
1368995972.0,1368996004.0,E:\o4a\1368973312\L1_1368993792_1368997888.hdf5,1368993792.0,1368997888.0,L1,O4a,0.058240387588739395,307
1368996036.0,1368996068.0,E:\o4a\1368973312\L1_1368993792_1368997888.hdf5,1368993792.0,1368997888.0,L1,O4a,0.05243147164583206,307
1368996100.0,1368996132.0,E:\o4a\1368973312\L1_1368993792_1368997888.hdf5,1368993792.0,1368997888.0,L1,O4a,0.07275184243917465,307
1368996164.0,1368996196.0,E:\o4a\1368973312\L1_1368993792_1368997888.hdf5,1368993792.0,1368997888.0,L1,O4a,0.06088359281420708,307
1368996228.0,1368996260.0,E:\o4a\1368973312\L1_1368993792_1368997888.hdf5,1368993792.0,1368997888.0,L1,O4a,0.06789517402648926,307
1368996292.0,1368996324.0,E:\o4a\1368973312\L1_1368993792_1368997888.hdf5,1368993792.0,1368997888.0,L1,O4a,0.07766743004322052,307
1368996356.0,1368996388.0,E:\o4a\1368973312\L1_1368993792_1368997888.hdf5,1368993792.0,1368997888.0,L1,O4a,0.06569201499223709,307
1368996420.0,1368996452.0,E:\o4a\1368973312\L1_1368993792_1368997888.hdf5,1368993792.0,1368997888.0,L1,O4a,0.0650365799665451,307
1368996484.0,1368996516.0,E:\o4a\1368973312\L1_1368993792_1368997888.hdf5,1368993792.0,1368997888.0,L1,O4a,0.10496679693460464,307
1368996548.0,1368996580.0,E:\o4a\1368973312\L1_1368993792_1368997888.hdf5,1368993792.0,1368997888.0,L1,O4a,0.055827364325523376,307
1368996612.0,1368996644.0,E:\o4a\1368973312\L1_1368993792_1368997888.hdf5,1368993792.0,1368997888.0,L1,O4a,0.06935445964336395,307
1368996676.0,1368996708.0,E:\o4a\1368973312\L1_1368993792_1368997888.hdf5,1368993792.0,1368997888.0,L1,O4a,0.05113910883665085,307
1368996740.0,1368996772.0,E:\o4a\1368973312\L1_1368993792_1368997888.hdf5,1368993792.0,1368997888.0,L1,O4a,0.05678688362240791,307
1368996804.0,1368996836.0,E:\o4a\1368973312\L1_1368993792_1368997888.hdf5,1368993792.0,1368997888.0,L1,O4a,0.06799262762069702,307
1368996868.0,1368996900.0,E:\o4a\1368973312\L1_1368993792_1368997888.hdf5,1368993792.0,1368997888.0,L1,O4a,0.058155909180641174,307
1368996932.0,1368996964.0,E:\o4a\1368973312\L1_1368993792_1368997888.hdf5,1368993792.0,1368997888.0,L1,O4a,0.06787993013858795,307
1368996996.0,1368997028.0,E:\o4a\1368973312\L1_1368993792_1368997888.hdf5,1368993792.0,1368997888.0,L1,O4a,0.08868821710348129,307
1368997892.0,1368997924.0,E:\o4a\1368973312\L1_1368997888_1369001984.hdf5,1368997888.0,1369001984.0,L1,O4a,0.07392911612987518,308
1368997956.0,1368997988.0,E:\o4a\1368973312\L1_1368997888_1369001984.hdf5,1368997888.0,1369001984.0,L1,O4a,0.05848176032304764,308
1368998020.0,1368998052.0,E:\o4a\1368973312\L1_1368997888_1369001984.hdf5,1368997888.0,1369001984.0,L1,O4a,0.05742292478680611,308
1368998084.0,1368998116.0,E:\o4a\1368973312\L1_1368997888_1369001984.hdf5,1368997888.0,1369001984.0,L1,O4a,0.0647108256816864,308
1368998148.0,1368998180.0,E:\o4a\1368973312\L1_1368997888_1369001984.hdf5,1368997888.0,1369001984.0,L1,O4a,0.05841723084449768,308
1368998212.0,1368998244.0,E:\o4a\1368973312\L1_1368997888_1369001984.hdf5,1368997888.0,1369001984.0,L1,O4a,0.056388940662145615,308
1368998276.0,1368998308.0,E:\o4a\1368973312\L1_1368997888_1369001984.hdf5,1368997888.0,1369001984.0,L1,O4a,0.06517038494348526,308
1368998340.0,1368998372.0,E:\o4a\1368973312\L1_1368997888_1369001984.hdf5,1368997888.0,1369001984.0,L1,O4a,0.05719781666994095,308
1368998404.0,1368998436.0,E:\o4a\1368973312\L1_1368997888_1369001984.hdf5,1368997888.0,1369001984.0,L1,O4a,0.07649312913417816,308
1368998468.0,1368998500.0,E:\o4a\1368973312\L1_1368997888_1369001984.hdf5,1368997888.0,1369001984.0,L1,O4a,0.058226052671670914,308
1368998532.0,1368998564.0,E:\o4a\1368973312\L1_1368997888_1369001984.hdf5,1368997888.0,1369001984.0,L1,O4a,0.058332208544015884,308
1368998596.0,1368998628.0,E:\o4a\1368973312\L1_1368997888_1369001984.hdf5,1368997888.0,1369001984.0,L1,O4a,0.06582366675138474,308
1368998660.0,1368998692.0,E:\o4a\1368973312\L1_1368997888_1369001984.hdf5,1368997888.0,1369001984.0,L1,O4a,0.10845578461885452,308
1368998724.0,1368998756.0,E:\o4a\1368973312\L1_1368997888_1369001984.hdf5,1368997888.0,1369001984.0,L1,O4a,0.06237996369600296,308
1368998788.0,1368998820.0,E:\o4a\1368973312\L1_1368997888_1369001984.hdf5,1368997888.0,1369001984.0,L1,O4a,0.056363001465797424,308
1368998852.0,1368998884.0,E:\o4a\1368973312\L1_1368997888_1369001984.hdf5,1368997888.0,1369001984.0,L1,O4a,0.05865485593676567,308
1368998916.0,1368998948.0,E:\o4a\1368973312\L1_1368997888_1369001984.hdf5,1368997888.0,1369001984.0,L1,O4a,0.06499478965997696,308
1368998980.0,1368999012.0,E:\o4a\1368973312\L1_1368997888_1369001984.hdf5,1368997888.0,1369001984.0,L1,O4a,0.09137308597564697,309
1368999044.0,1368999076.0,E:\o4a\1368973312\L1_1368997888_1369001984.hdf5,1368997888.0,1369001984.0,L1,O4a,0.06497029960155487,309
1368999108.0,1368999140.0,E:\o4a\1368973312\L1_1368997888_1369001984.hdf5,1368997888.0,1369001984.0,L1,O4a,0.05486142635345459,309
1368999172.0,1368999204.0,E:\o4a\1368973312\L1_1368997888_1369001984.hdf5,1368997888.0,1369001984.0,L1,O4a,0.05719348415732384,309
1368999236.0,1368999268.0,E:\o4a\1368973312\L1_1368997888_1369001984.hdf5,1368997888.0,1369001984.0,L1,O4a,0.06379378587007523,309
1368999300.0,1368999332.0,E:\o4a\1368973312\L1_1368997888_1369001984.hdf5,1368997888.0,1369001984.0,L1,O4a,0.08533845841884613,309
1368999364.0,1368999396.0,E:\o4a\1368973312\L1_1368997888_1369001984.hdf5,1368997888.0,1369001984.0,L1,O4a,0.05657372996211052,309
1368999428.0,1368999460.0,E:\o4a\1368973312\L1_1368997888_1369001984.hdf5,1368997888.0,1369001984.0,L1,O4a,0.06403384357690811,309
1368999492.0,1368999524.0,E:\o4a\1368973312\L1_1368997888_1369001984.hdf5,1368997888.0,1369001984.0,L1,O4a,0.06035923957824707,309
1368999556.0,1368999588.0,E:\o4a\1368973312\L1_1368997888_1369001984.hdf5,1368997888.0,1369001984.0,L1,O4a,0.054963190108537674,309
1368999620.0,1368999652.0,E:\o4a\1368973312\L1_1368997888_1369001984.hdf5,1368997888.0,1369001984.0,L1,O4a,0.07377932220697403,309
1368999684.0,1368999716.0,E:\o4a\1368973312\L1_1368997888_1369001984.hdf5,1368997888.0,1369001984.0,L1,O4a,0.059207335114479065,309
1368999748.0,1368999780.0,E:\o4a\1368973312\L1_1368997888_1369001984.hdf5,1368997888.0,1369001984.0,L1,O4a,0.05947116017341614,309
1368999812.0,1368999844.0,E:\o4a\1368973312\L1_1368997888_1369001984.hdf5,1368997888.0,1369001984.0,L1,O4a,0.0659598782658577,309
1368999876.0,1368999908.0,E:\o4a\1368973312\L1_1368997888_1369001984.hdf5,1368997888.0,1369001984.0,L1,O4a,0.09359074383974075,309
1368999940.0,1368999972.0,E:\o4a\1368973312\L1_1368997888_1369001984.hdf5,1368997888.0,1369001984.0,L1,O4a,0.06506001204252243,309
1369000004.0,1369000036.0,E:\o4a\1368973312\L1_1368997888_1369001984.hdf5,1368997888.0,1369001984.0,L1,O4a,0.06426644325256348,309
1369001988.0,1369002020.0,E:\o4a\1368973312\L1_1369001984_1369006080.hdf5,1369001984.0,1369006080.0,L1,O4a,0.0615958534181118,310
1369002052.0,1369002084.0,E:\o4a\1368973312\L1_1369001984_1369006080.hdf5,1369001984.0,1369006080.0,L1,O4a,0.0645943358540535,310
1369002116.0,1369002148.0,E:\o4a\1368973312\L1_1369001984_1369006080.hdf5,1369001984.0,1369006080.0,L1,O4a,0.05811566859483719,310
1369002180.0,1369002212.0,E:\o4a\1368973312\L1_1369001984_1369006080.hdf5,1369001984.0,1369006080.0,L1,O4a,0.0662858784198761,310
1369002244.0,1369002276.0,E:\o4a\1368973312\L1_1369001984_1369006080.hdf5,1369001984.0,1369006080.0,L1,O4a,0.06134781986474991,310
1369002308.0,1369002340.0,E:\o4a\1368973312\L1_1369001984_1369006080.hdf5,1369001984.0,1369006080.0,L1,O4a,0.06144048273563385,310
1369002372.0,1369002404.0,E:\o4a\1368973312\L1_1369001984_1369006080.hdf5,1369001984.0,1369006080.0,L1,O4a,0.05496497079730034,310
1369002436.0,1369002468.0,E:\o4a\1368973312\L1_1369001984_1369006080.hdf5,1369001984.0,1369006080.0,L1,O4a,0.058288924396038055,310
1369002500.0,1369002532.0,E:\o4a\1368973312\L1_1369001984_1369006080.hdf5,1369001984.0,1369006080.0,L1,O4a,0.061591245234012604,310
1369002564.0,1369002596.0,E:\o4a\1368973312\L1_1369001984_1369006080.hdf5,1369001984.0,1369006080.0,L1,O4a,0.43588709831237793,310
1369002628.0,1369002660.0,E:\o4a\1368973312\L1_1369001984_1369006080.hdf5,1369001984.0,1369006080.0,L1,O4a,0.06042153760790825,310
1369002692.0,1369002724.0,E:\o4a\1368973312\L1_1369001984_1369006080.hdf5,1369001984.0,1369006080.0,L1,O4a,0.06285735964775085,310
1369002756.0,1369002788.0,E:\o4a\1368973312\L1_1369001984_1369006080.hdf5,1369001984.0,1369006080.0,L1,O4a,0.10228021442890167,310
1369002820.0,1369002852.0,E:\o4a\1368973312\L1_1369001984_1369006080.hdf5,1369001984.0,1369006080.0,L1,O4a,0.057750772684812546,310
1369002884.0,1369002916.0,E:\o4a\1368973312\L1_1369001984_1369006080.hdf5,1369001984.0,1369006080.0,L1,O4a,0.08284921199083328,310
1369002948.0,1369002980.0,E:\o4a\1368973312\L1_1369001984_1369006080.hdf5,1369001984.0,1369006080.0,L1,O4a,0.06828636676073074,310
1369003012.0,1369003044.0,E:\o4a\1368973312\L1_1369001984_1369006080.hdf5,1369001984.0,1369006080.0,L1,O4a,0.062427323311567307,310
1369003652.0,1369003684.0,E:\o4a\1368973312\L1_1369001984_1369006080.hdf5,1369001984.0,1369006080.0,L1,O4a,0.06511695683002472,311
1369003716.0,1369003748.0,E:\o4a\1368973312\L1_1369001984_1369006080.hdf5,1369001984.0,1369006080.0,L1,O4a,0.0782926008105278,311
1369003780.0,1369003812.0,E:\o4a\1368973312\L1_1369001984_1369006080.hdf5,1369001984.0,1369006080.0,L1,O4a,0.06148545816540718,311
1369003844.0,1369003876.0,E:\o4a\1368973312\L1_1369001984_1369006080.hdf5,1369001984.0,1369006080.0,L1,O4a,0.053957827389240265,311
1369003908.0,1369003940.0,E:\o4a\1368973312\L1_1369001984_1369006080.hdf5,1369001984.0,1369006080.0,L1,O4a,0.06941502541303635,311
1369003972.0,1369004004.0,E:\o4a\1368973312\L1_1369001984_1369006080.hdf5,1369001984.0,1369006080.0,L1,O4a,0.06507129967212677,311
1369004036.0,1369004068.0,E:\o4a\1368973312\L1_1369001984_1369006080.hdf5,1369001984.0,1369006080.0,L1,O4a,0.05794507637619972,311
1369004100.0,1369004132.0,E:\o4a\1368973312\L1_1369001984_1369006080.hdf5,1369001984.0,1369006080.0,L1,O4a,0.05750896409153938,311
1369004164.0,1369004196.0,E:\o4a\1368973312\L1_1369001984_1369006080.hdf5,1369001984.0,1369006080.0,L1,O4a,0.06458210945129395,311
1369004228.0,1369004260.0,E:\o4a\1368973312\L1_1369001984_1369006080.hdf5,1369001984.0,1369006080.0,L1,O4a,0.055502526462078094,311
1369004292.0,1369004324.0,E:\o4a\1368973312\L1_1369001984_1369006080.hdf5,1369001984.0,1369006080.0,L1,O4a,0.06000806391239166,311
1369004356.0,1369004388.0,E:\o4a\1368973312\L1_1369001984_1369006080.hdf5,1369001984.0,1369006080.0,L1,O4a,0.07431455701589584,311
1369004420.0,1369004452.0,E:\o4a\1368973312\L1_1369001984_1369006080.hdf5,1369001984.0,1369006080.0,L1,O4a,0.07125843316316605,311
1369004484.0,1369004516.0,E:\o4a\1368973312\L1_1369001984_1369006080.hdf5,1369001984.0,1369006080.0,L1,O4a,0.06506398320198059,311
1369004548.0,1369004580.0,E:\o4a\1368973312\L1_1369001984_1369006080.hdf5,1369001984.0,1369006080.0,L1,O4a,0.0592782087624073,311
1369004612.0,1369004644.0,E:\o4a\1368973312\L1_1369001984_1369006080.hdf5,1369001984.0,1369006080.0,L1,O4a,0.06638119369745255,311
1369004676.0,1369004708.0,E:\o4a\1368973312\L1_1369001984_1369006080.hdf5,1369001984.0,1369006080.0,L1,O4a,0.05692955479025841,311
1369006084.0,1369006116.0,E:\o4a\1368973312\L1_1369006080_1369010176.hdf5,1369006080.0,1369010176.0,L1,O4a,0.052980586886405945,312
1369006148.0,1369006180.0,E:\o4a\1368973312\L1_1369006080_1369010176.hdf5,1369006080.0,1369010176.0,L1,O4a,0.06419556587934494,312
1369006212.0,1369006244.0,E:\o4a\1368973312\L1_1369006080_1369010176.hdf5,1369006080.0,1369010176.0,L1,O4a,0.061107199639081955,312
1369006276.0,1369006308.0,E:\o4a\1368973312\L1_1369006080_1369010176.hdf5,1369006080.0,1369010176.0,L1,O4a,0.05104412883520126,312
1369006340.0,1369006372.0,E:\o4a\1368973312\L1_1369006080_1369010176.hdf5,1369006080.0,1369010176.0,L1,O4a,0.054778553545475006,312
1369006404.0,1369006436.0,E:\o4a\1368973312\L1_1369006080_1369010176.hdf5,1369006080.0,1369010176.0,L1,O4a,0.06276598572731018,312
1369006468.0,1369006500.0,E:\o4a\1368973312\L1_1369006080_1369010176.hdf5,1369006080.0,1369010176.0,L1,O4a,0.07524946331977844,312
1369006532.0,1369006564.0,E:\o4a\1368973312\L1_1369006080_1369010176.hdf5,1369006080.0,1369010176.0,L1,O4a,0.0615660734474659,312
1369006596.0,1369006628.0,E:\o4a\1368973312\L1_1369006080_1369010176.hdf5,1369006080.0,1369010176.0,L1,O4a,0.06170995160937309,312
1369006660.0,1369006692.0,E:\o4a\1368973312\L1_1369006080_1369010176.hdf5,1369006080.0,1369010176.0,L1,O4a,0.06495214253664017,312
1369006724.0,1369006756.0,E:\o4a\1368973312\L1_1369006080_1369010176.hdf5,1369006080.0,1369010176.0,L1,O4a,0.06796138733625412,312
1369006788.0,1369006820.0,E:\o4a\1368973312\L1_1369006080_1369010176.hdf5,1369006080.0,1369010176.0,L1,O4a,0.06090810149908066,312
1369006852.0,1369006884.0,E:\o4a\1368973312\L1_1369006080_1369010176.hdf5,1369006080.0,1369010176.0,L1,O4a,0.0637170821428299,312
1369006916.0,1369006948.0,E:\o4a\1368973312\L1_1369006080_1369010176.hdf5,1369006080.0,1369010176.0,L1,O4a,0.06260455399751663,312
1369006980.0,1369007012.0,E:\o4a\1368973312\L1_1369006080_1369010176.hdf5,1369006080.0,1369010176.0,L1,O4a,0.060912180691957474,312
1369007044.0,1369007076.0,E:\o4a\1368973312\L1_1369006080_1369010176.hdf5,1369006080.0,1369010176.0,L1,O4a,0.06323175132274628,312
1369007108.0,1369007140.0,E:\o4a\1368973312\L1_1369006080_1369010176.hdf5,1369006080.0,1369010176.0,L1,O4a,0.06632684171199799,312
1369007172.0,1369007204.0,E:\o4a\1368973312\L1_1369006080_1369010176.hdf5,1369006080.0,1369010176.0,L1,O4a,0.055928029119968414,313
1369007236.0,1369007268.0,E:\o4a\1368973312\L1_1369006080_1369010176.hdf5,1369006080.0,1369010176.0,L1,O4a,0.05401728302240372,313
1369007300.0,1369007332.0,E:\o4a\1368973312\L1_1369006080_1369010176.hdf5,1369006080.0,1369010176.0,L1,O4a,0.06470337510108948,313
1369007364.0,1369007396.0,E:\o4a\1368973312\L1_1369006080_1369010176.hdf5,1369006080.0,1369010176.0,L1,O4a,0.08144998550415039,313
1369007428.0,1369007460.0,E:\o4a\1368973312\L1_1369006080_1369010176.hdf5,1369006080.0,1369010176.0,L1,O4a,0.05936722829937935,313
1369007492.0,1369007524.0,E:\o4a\1368973312\L1_1369006080_1369010176.hdf5,1369006080.0,1369010176.0,L1,O4a,0.06397883594036102,313
1369007556.0,1369007588.0,E:\o4a\1368973312\L1_1369006080_1369010176.hdf5,1369006080.0,1369010176.0,L1,O4a,0.061363473534584045,313
1369007620.0,1369007652.0,E:\o4a\1368973312\L1_1369006080_1369010176.hdf5,1369006080.0,1369010176.0,L1,O4a,0.06927946209907532,313
1369007684.0,1369007716.0,E:\o4a\1368973312\L1_1369006080_1369010176.hdf5,1369006080.0,1369010176.0,L1,O4a,0.0609816238284111,313
1369007748.0,1369007780.0,E:\o4a\1368973312\L1_1369006080_1369010176.hdf5,1369006080.0,1369010176.0,L1,O4a,0.05355122685432434,313
1369007812.0,1369007844.0,E:\o4a\1368973312\L1_1369006080_1369010176.hdf5,1369006080.0,1369010176.0,L1,O4a,0.053818561136722565,313
1369007876.0,1369007908.0,E:\o4a\1368973312\L1_1369006080_1369010176.hdf5,1369006080.0,1369010176.0,L1,O4a,0.05938940867781639,313
1369007940.0,1369007972.0,E:\o4a\1368973312\L1_1369006080_1369010176.hdf5,1369006080.0,1369010176.0,L1,O4a,0.060251474380493164,313
1369008004.0,1369008036.0,E:\o4a\1368973312\L1_1369006080_1369010176.hdf5,1369006080.0,1369010176.0,L1,O4a,0.09414955973625183,313
1369008068.0,1369008100.0,E:\o4a\1368973312\L1_1369006080_1369010176.hdf5,1369006080.0,1369010176.0,L1,O4a,0.06095927581191063,313
1369008132.0,1369008164.0,E:\o4a\1368973312\L1_1369006080_1369010176.hdf5,1369006080.0,1369010176.0,L1,O4a,0.052726052701473236,313
1369008196.0,1369008228.0,E:\o4a\1368973312\L1_1369006080_1369010176.hdf5,1369006080.0,1369010176.0,L1,O4a,0.062351394444704056,313
1369008260.0,1369008292.0,E:\o4a\1368973312\L1_1369006080_1369010176.hdf5,1369006080.0,1369010176.0,L1,O4a,0.059150807559490204,314
1369008324.0,1369008356.0,E:\o4a\1368973312\L1_1369006080_1369010176.hdf5,1369006080.0,1369010176.0,L1,O4a,0.06225600093603134,314
1369008388.0,1369008420.0,E:\o4a\1368973312\L1_1369006080_1369010176.hdf5,1369006080.0,1369010176.0,L1,O4a,0.06886866688728333,314
1369008452.0,1369008484.0,E:\o4a\1368973312\L1_1369006080_1369010176.hdf5,1369006080.0,1369010176.0,L1,O4a,0.07088270783424377,314
1369008516.0,1369008548.0,E:\o4a\1368973312\L1_1369006080_1369010176.hdf5,1369006080.0,1369010176.0,L1,O4a,0.07316778600215912,314
1369008580.0,1369008612.0,E:\o4a\1368973312\L1_1369006080_1369010176.hdf5,1369006080.0,1369010176.0,L1,O4a,0.06435007601976395,314
1369008644.0,1369008676.0,E:\o4a\1368973312\L1_1369006080_1369010176.hdf5,1369006080.0,1369010176.0,L1,O4a,0.0572645328938961,314
1369008708.0,1369008740.0,E:\o4a\1368973312\L1_1369006080_1369010176.hdf5,1369006080.0,1369010176.0,L1,O4a,0.06482537090778351,314
1369008772.0,1369008804.0,E:\o4a\1368973312\L1_1369006080_1369010176.hdf5,1369006080.0,1369010176.0,L1,O4a,0.06190015375614166,314
1369008836.0,1369008868.0,E:\o4a\1368973312\L1_1369006080_1369010176.hdf5,1369006080.0,1369010176.0,L1,O4a,0.0649547129869461,314
1369008900.0,1369008932.0,E:\o4a\1368973312\L1_1369006080_1369010176.hdf5,1369006080.0,1369010176.0,L1,O4a,0.055131446570158005,314
1369008964.0,1369008996.0,E:\o4a\1368973312\L1_1369006080_1369010176.hdf5,1369006080.0,1369010176.0,L1,O4a,0.06238638609647751,314
1369009028.0,1369009060.0,E:\o4a\1368973312\L1_1369006080_1369010176.hdf5,1369006080.0,1369010176.0,L1,O4a,0.0571013018488884,314
1369009092.0,1369009124.0,E:\o4a\1368973312\L1_1369006080_1369010176.hdf5,1369006080.0,1369010176.0,L1,O4a,0.0846695601940155,314
1369009156.0,1369009188.0,E:\o4a\1368973312\L1_1369006080_1369010176.hdf5,1369006080.0,1369010176.0,L1,O4a,0.05710674077272415,314
1369009220.0,1369009252.0,E:\o4a\1368973312\L1_1369006080_1369010176.hdf5,1369006080.0,1369010176.0,L1,O4a,0.07043237239122391,314
1369009284.0,1369009316.0,E:\o4a\1368973312\L1_1369006080_1369010176.hdf5,1369006080.0,1369010176.0,L1,O4a,0.0788189247250557,314
1369010180.0,1369010212.0,E:\o4a\1368973312\L1_1369010176_1369014272.hdf5,1369010176.0,1369014272.0,L1,O4a,0.06027575209736824,315
1369010244.0,1369010276.0,E:\o4a\1368973312\L1_1369010176_1369014272.hdf5,1369010176.0,1369014272.0,L1,O4a,0.0649595558643341,315
1369010308.0,1369010340.0,E:\o4a\1368973312\L1_1369010176_1369014272.hdf5,1369010176.0,1369014272.0,L1,O4a,0.14210893213748932,315
1369010372.0,1369010404.0,E:\o4a\1368973312\L1_1369010176_1369014272.hdf5,1369010176.0,1369014272.0,L1,O4a,0.07462476938962936,315
1369010436.0,1369010468.0,E:\o4a\1368973312\L1_1369010176_1369014272.hdf5,1369010176.0,1369014272.0,L1,O4a,0.08767443150281906,315
1369010500.0,1369010532.0,E:\o4a\1368973312\L1_1369010176_1369014272.hdf5,1369010176.0,1369014272.0,L1,O4a,0.07656492292881012,315
1369010564.0,1369010596.0,E:\o4a\1368973312\L1_1369010176_1369014272.hdf5,1369010176.0,1369014272.0,L1,O4a,0.06006888672709465,315
1369010628.0,1369010660.0,E:\o4a\1368973312\L1_1369010176_1369014272.hdf5,1369010176.0,1369014272.0,L1,O4a,0.05990106984972954,315
1369010692.0,1369010724.0,E:\o4a\1368973312\L1_1369010176_1369014272.hdf5,1369010176.0,1369014272.0,L1,O4a,0.088742695748806,315
1369010756.0,1369010788.0,E:\o4a\1368973312\L1_1369010176_1369014272.hdf5,1369010176.0,1369014272.0,L1,O4a,0.05616212636232376,315
1369010820.0,1369010852.0,E:\o4a\1368973312\L1_1369010176_1369014272.hdf5,1369010176.0,1369014272.0,L1,O4a,0.06006618216633797,315
1369010884.0,1369010916.0,E:\o4a\1368973312\L1_1369010176_1369014272.hdf5,1369010176.0,1369014272.0,L1,O4a,0.05535264313220978,315
1369010948.0,1369010980.0,E:\o4a\1368973312\L1_1369010176_1369014272.hdf5,1369010176.0,1369014272.0,L1,O4a,0.06672951579093933,315
1369011012.0,1369011044.0,E:\o4a\1368973312\L1_1369010176_1369014272.hdf5,1369010176.0,1369014272.0,L1,O4a,0.0658627450466156,315
1369011076.0,1369011108.0,E:\o4a\1368973312\L1_1369010176_1369014272.hdf5,1369010176.0,1369014272.0,L1,O4a,0.052277930080890656,315
1369011140.0,1369011172.0,E:\o4a\1368973312\L1_1369010176_1369014272.hdf5,1369010176.0,1369014272.0,L1,O4a,0.05617378652095795,315
1369011204.0,1369011236.0,E:\o4a\1368973312\L1_1369010176_1369014272.hdf5,1369010176.0,1369014272.0,L1,O4a,0.05840776115655899,315
1369011268.0,1369011300.0,E:\o4a\1368973312\L1_1369010176_1369014272.hdf5,1369010176.0,1369014272.0,L1,O4a,0.06170732155442238,316
1369011332.0,1369011364.0,E:\o4a\1368973312\L1_1369010176_1369014272.hdf5,1369010176.0,1369014272.0,L1,O4a,0.05767896771430969,316
1369011396.0,1369011428.0,E:\o4a\1368973312\L1_1369010176_1369014272.hdf5,1369010176.0,1369014272.0,L1,O4a,0.0630422830581665,316
1369011460.0,1369011492.0,E:\o4a\1368973312\L1_1369010176_1369014272.hdf5,1369010176.0,1369014272.0,L1,O4a,0.06398226320743561,316
1369011524.0,1369011556.0,E:\o4a\1368973312\L1_1369010176_1369014272.hdf5,1369010176.0,1369014272.0,L1,O4a,0.06048193946480751,316
1369011588.0,1369011620.0,E:\o4a\1368973312\L1_1369010176_1369014272.hdf5,1369010176.0,1369014272.0,L1,O4a,0.0647154301404953,316
1369011652.0,1369011684.0,E:\o4a\1368973312\L1_1369010176_1369014272.hdf5,1369010176.0,1369014272.0,L1,O4a,0.05412117764353752,316
1369011716.0,1369011748.0,E:\o4a\1368973312\L1_1369010176_1369014272.hdf5,1369010176.0,1369014272.0,L1,O4a,0.06556304544210434,316
1369011780.0,1369011812.0,E:\o4a\1368973312\L1_1369010176_1369014272.hdf5,1369010176.0,1369014272.0,L1,O4a,0.059884220361709595,316
1369011844.0,1369011876.0,E:\o4a\1368973312\L1_1369010176_1369014272.hdf5,1369010176.0,1369014272.0,L1,O4a,0.056738294661045074,316
1369011908.0,1369011940.0,E:\o4a\1368973312\L1_1369010176_1369014272.hdf5,1369010176.0,1369014272.0,L1,O4a,0.06091931462287903,316
1369011972.0,1369012004.0,E:\o4a\1368973312\L1_1369010176_1369014272.hdf5,1369010176.0,1369014272.0,L1,O4a,0.05256834998726845,316
1369012036.0,1369012068.0,E:\o4a\1368973312\L1_1369010176_1369014272.hdf5,1369010176.0,1369014272.0,L1,O4a,0.06707140803337097,316
1369012100.0,1369012132.0,E:\o4a\1368973312\L1_1369010176_1369014272.hdf5,1369010176.0,1369014272.0,L1,O4a,0.060361068695783615,316
1369012164.0,1369012196.0,E:\o4a\1368973312\L1_1369010176_1369014272.hdf5,1369010176.0,1369014272.0,L1,O4a,0.055691566318273544,316
1369012228.0,1369012260.0,E:\o4a\1368973312\L1_1369010176_1369014272.hdf5,1369010176.0,1369014272.0,L1,O4a,0.06167251989245415,316
1369012292.0,1369012324.0,E:\o4a\1368973312\L1_1369010176_1369014272.hdf5,1369010176.0,1369014272.0,L1,O4a,0.05780574306845665,316
1369012356.0,1369012388.0,E:\o4a\1368973312\L1_1369010176_1369014272.hdf5,1369010176.0,1369014272.0,L1,O4a,0.059748325496912,317
1369012420.0,1369012452.0,E:\o4a\1368973312\L1_1369010176_1369014272.hdf5,1369010176.0,1369014272.0,L1,O4a,0.05522376671433449,317
1369012484.0,1369012516.0,E:\o4a\1368973312\L1_1369010176_1369014272.hdf5,1369010176.0,1369014272.0,L1,O4a,0.055856332182884216,317
1369012548.0,1369012580.0,E:\o4a\1368973312\L1_1369010176_1369014272.hdf5,1369010176.0,1369014272.0,L1,O4a,0.06181104853749275,317
1369012612.0,1369012644.0,E:\o4a\1368973312\L1_1369010176_1369014272.hdf5,1369010176.0,1369014272.0,L1,O4a,0.0665326938033104,317
1369012676.0,1369012708.0,E:\o4a\1368973312\L1_1369010176_1369014272.hdf5,1369010176.0,1369014272.0,L1,O4a,0.06240179389715195,317
1369012740.0,1369012772.0,E:\o4a\1368973312\L1_1369010176_1369014272.hdf5,1369010176.0,1369014272.0,L1,O4a,0.05932281166315079,317
1369012804.0,1369012836.0,E:\o4a\1368973312\L1_1369010176_1369014272.hdf5,1369010176.0,1369014272.0,L1,O4a,0.07236510515213013,317
1369012868.0,1369012900.0,E:\o4a\1368973312\L1_1369010176_1369014272.hdf5,1369010176.0,1369014272.0,L1,O4a,0.0534723624587059,317
1369012932.0,1369012964.0,E:\o4a\1368973312\L1_1369010176_1369014272.hdf5,1369010176.0,1369014272.0,L1,O4a,0.08094976842403412,317
1369012996.0,1369013028.0,E:\o4a\1368973312\L1_1369010176_1369014272.hdf5,1369010176.0,1369014272.0,L1,O4a,0.06576751172542572,317
1369013060.0,1369013092.0,E:\o4a\1368973312\L1_1369010176_1369014272.hdf5,1369010176.0,1369014272.0,L1,O4a,0.05814425274729729,317
1369013124.0,1369013156.0,E:\o4a\1368973312\L1_1369010176_1369014272.hdf5,1369010176.0,1369014272.0,L1,O4a,0.06435509026050568,317
1369013188.0,1369013220.0,E:\o4a\1368973312\L1_1369010176_1369014272.hdf5,1369010176.0,1369014272.0,L1,O4a,0.05780181661248207,317
1369013252.0,1369013284.0,E:\o4a\1368973312\L1_1369010176_1369014272.hdf5,1369010176.0,1369014272.0,L1,O4a,0.06416765600442886,317
1369013316.0,1369013348.0,E:\o4a\1368973312\L1_1369010176_1369014272.hdf5,1369010176.0,1369014272.0,L1,O4a,0.05644146353006363,317
1369013380.0,1369013412.0,E:\o4a\1368973312\L1_1369010176_1369014272.hdf5,1369010176.0,1369014272.0,L1,O4a,0.05540546402335167,317
1369014276.0,1369014308.0,E:\o4a\1368973312\L1_1369014272_1369018368.hdf5,1369014272.0,1369018368.0,L1,O4a,0.0587894581258297,318
1369014340.0,1369014372.0,E:\o4a\1368973312\L1_1369014272_1369018368.hdf5,1369014272.0,1369018368.0,L1,O4a,0.05728212371468544,318
1369014404.0,1369014436.0,E:\o4a\1368973312\L1_1369014272_1369018368.hdf5,1369014272.0,1369018368.0,L1,O4a,0.05940943583846092,318
1369014468.0,1369014500.0,E:\o4a\1368973312\L1_1369014272_1369018368.hdf5,1369014272.0,1369018368.0,L1,O4a,0.060941554605960846,318
1369014532.0,1369014564.0,E:\o4a\1368973312\L1_1369014272_1369018368.hdf5,1369014272.0,1369018368.0,L1,O4a,0.06537934392690659,318
1369014596.0,1369014628.0,E:\o4a\1368973312\L1_1369014272_1369018368.hdf5,1369014272.0,1369018368.0,L1,O4a,0.06755782663822174,318
1369014660.0,1369014692.0,E:\o4a\1368973312\L1_1369014272_1369018368.hdf5,1369014272.0,1369018368.0,L1,O4a,0.05548593029379845,318
1369014724.0,1369014756.0,E:\o4a\1368973312\L1_1369014272_1369018368.hdf5,1369014272.0,1369018368.0,L1,O4a,0.06189076229929924,318
1369014788.0,1369014820.0,E:\o4a\1368973312\L1_1369014272_1369018368.hdf5,1369014272.0,1369018368.0,L1,O4a,0.05521043390035629,318
1369014852.0,1369014884.0,E:\o4a\1368973312\L1_1369014272_1369018368.hdf5,1369014272.0,1369018368.0,L1,O4a,0.06837327033281326,318
1369014916.0,1369014948.0,E:\o4a\1368973312\L1_1369014272_1369018368.hdf5,1369014272.0,1369018368.0,L1,O4a,0.056780729442834854,318
1369014980.0,1369015012.0,E:\o4a\1368973312\L1_1369014272_1369018368.hdf5,1369014272.0,1369018368.0,L1,O4a,0.07329315692186356,318
1369015044.0,1369015076.0,E:\o4a\1368973312\L1_1369014272_1369018368.hdf5,1369014272.0,1369018368.0,L1,O4a,0.055334147065877914,318
1369015108.0,1369015140.0,E:\o4a\1368973312\L1_1369014272_1369018368.hdf5,1369014272.0,1369018368.0,L1,O4a,0.061297457665205,318
1369015172.0,1369015204.0,E:\o4a\1368973312\L1_1369014272_1369018368.hdf5,1369014272.0,1369018368.0,L1,O4a,0.06272285431623459,318
1369015236.0,1369015268.0,E:\o4a\1368973312\L1_1369014272_1369018368.hdf5,1369014272.0,1369018368.0,L1,O4a,0.0612357072532177,318
1369015300.0,1369015332.0,E:\o4a\1368973312\L1_1369014272_1369018368.hdf5,1369014272.0,1369018368.0,L1,O4a,0.056710973381996155,318
1369015364.0,1369015396.0,E:\o4a\1368973312\L1_1369014272_1369018368.hdf5,1369014272.0,1369018368.0,L1,O4a,0.055181536823511124,319
1369015428.0,1369015460.0,E:\o4a\1368973312\L1_1369014272_1369018368.hdf5,1369014272.0,1369018368.0,L1,O4a,0.05508492887020111,319
1369015492.0,1369015524.0,E:\o4a\1368973312\L1_1369014272_1369018368.hdf5,1369014272.0,1369018368.0,L1,O4a,0.11315841227769852,319
1369015556.0,1369015588.0,E:\o4a\1368973312\L1_1369014272_1369018368.hdf5,1369014272.0,1369018368.0,L1,O4a,0.06653434038162231,319
1369015620.0,1369015652.0,E:\o4a\1368973312\L1_1369014272_1369018368.hdf5,1369014272.0,1369018368.0,L1,O4a,0.05733577162027359,319
1369015684.0,1369015716.0,E:\o4a\1368973312\L1_1369014272_1369018368.hdf5,1369014272.0,1369018368.0,L1,O4a,0.05549769103527069,319
1369015748.0,1369015780.0,E:\o4a\1368973312\L1_1369014272_1369018368.hdf5,1369014272.0,1369018368.0,L1,O4a,0.05318450927734375,319
1369015812.0,1369015844.0,E:\o4a\1368973312\L1_1369014272_1369018368.hdf5,1369014272.0,1369018368.0,L1,O4a,0.05716666951775551,319
1369015876.0,1369015908.0,E:\o4a\1368973312\L1_1369014272_1369018368.hdf5,1369014272.0,1369018368.0,L1,O4a,0.05242625251412392,319
1369015940.0,1369015972.0,E:\o4a\1368973312\L1_1369014272_1369018368.hdf5,1369014272.0,1369018368.0,L1,O4a,0.05878378078341484,319
1369016004.0,1369016036.0,E:\o4a\1368973312\L1_1369014272_1369018368.hdf5,1369014272.0,1369018368.0,L1,O4a,0.05668707564473152,319
1369016068.0,1369016100.0,E:\o4a\1368973312\L1_1369014272_1369018368.hdf5,1369014272.0,1369018368.0,L1,O4a,0.06693562120199203,319
1369016132.0,1369016164.0,E:\o4a\1368973312\L1_1369014272_1369018368.hdf5,1369014272.0,1369018368.0,L1,O4a,0.06344332545995712,319
1369016196.0,1369016228.0,E:\o4a\1368973312\L1_1369014272_1369018368.hdf5,1369014272.0,1369018368.0,L1,O4a,0.16627715528011322,319
1369016260.0,1369016292.0,E:\o4a\1368973312\L1_1369014272_1369018368.hdf5,1369014272.0,1369018368.0,L1,O4a,0.07976878434419632,319
1369016324.0,1369016356.0,E:\o4a\1368973312\L1_1369014272_1369018368.hdf5,1369014272.0,1369018368.0,L1,O4a,0.057138942182064056,319
1369016388.0,1369016420.0,E:\o4a\1368973312\L1_1369014272_1369018368.hdf5,1369014272.0,1369018368.0,L1,O4a,0.05849473178386688,319
1369036932.0,1369036964.0,E:\o4a\1368973312\L1_1369034752_1369038848.hdf5,1369034752.0,1369038848.0,L1,O4a,0.060436151921749115,324
1369036996.0,1369037028.0,E:\o4a\1368973312\L1_1369034752_1369038848.hdf5,1369034752.0,1369038848.0,L1,O4a,0.05653978884220123,324
1369037060.0,1369037092.0,E:\o4a\1368973312\L1_1369034752_1369038848.hdf5,1369034752.0,1369038848.0,L1,O4a,0.06306123733520508,324
1369037124.0,1369037156.0,E:\o4a\1368973312\L1_1369034752_1369038848.hdf5,1369034752.0,1369038848.0,L1,O4a,0.05602506175637245,324
1369037188.0,1369037220.0,E:\o4a\1368973312\L1_1369034752_1369038848.hdf5,1369034752.0,1369038848.0,L1,O4a,0.055602867156267166,324
1369037252.0,1369037284.0,E:\o4a\1368973312\L1_1369034752_1369038848.hdf5,1369034752.0,1369038848.0,L1,O4a,0.05830012261867523,324
1369037316.0,1369037348.0,E:\o4a\1368973312\L1_1369034752_1369038848.hdf5,1369034752.0,1369038848.0,L1,O4a,0.05810872092843056,324
1369037380.0,1369037412.0,E:\o4a\1368973312\L1_1369034752_1369038848.hdf5,1369034752.0,1369038848.0,L1,O4a,0.06359095871448517,324
1369037444.0,1369037476.0,E:\o4a\1368973312\L1_1369034752_1369038848.hdf5,1369034752.0,1369038848.0,L1,O4a,0.05383618175983429,324
1369037508.0,1369037540.0,E:\o4a\1368973312\L1_1369034752_1369038848.hdf5,1369034752.0,1369038848.0,L1,O4a,0.06223701685667038,324
1369037572.0,1369037604.0,E:\o4a\1368973312\L1_1369034752_1369038848.hdf5,1369034752.0,1369038848.0,L1,O4a,0.060169655829668045,324
1369037636.0,1369037668.0,E:\o4a\1368973312\L1_1369034752_1369038848.hdf5,1369034752.0,1369038848.0,L1,O4a,0.058328356593847275,324
1369037700.0,1369037732.0,E:\o4a\1368973312\L1_1369034752_1369038848.hdf5,1369034752.0,1369038848.0,L1,O4a,0.05935879424214363,324
1369037764.0,1369037796.0,E:\o4a\1368973312\L1_1369034752_1369038848.hdf5,1369034752.0,1369038848.0,L1,O4a,0.055876120924949646,324
1369037828.0,1369037860.0,E:\o4a\1368973312\L1_1369034752_1369038848.hdf5,1369034752.0,1369038848.0,L1,O4a,0.06314608454704285,324
1369037892.0,1369037924.0,E:\o4a\1368973312\L1_1369034752_1369038848.hdf5,1369034752.0,1369038848.0,L1,O4a,0.0700959637761116,324
1369037956.0,1369037988.0,E:\o4a\1368973312\L1_1369034752_1369038848.hdf5,1369034752.0,1369038848.0,L1,O4a,0.06468581408262253,324
1369038852.0,1369038884.0,E:\o4a\1368973312\L1_1369038848_1369042944.hdf5,1369038848.0,1369042944.0,L1,O4a,0.06855442374944687,325
1369038916.0,1369038948.0,E:\o4a\1368973312\L1_1369038848_1369042944.hdf5,1369038848.0,1369042944.0,L1,O4a,0.056068260222673416,325
1369038980.0,1369039012.0,E:\o4a\1368973312\L1_1369038848_1369042944.hdf5,1369038848.0,1369042944.0,L1,O4a,0.06362216919660568,325
1369039044.0,1369039076.0,E:\o4a\1368973312\L1_1369038848_1369042944.hdf5,1369038848.0,1369042944.0,L1,O4a,0.05751924216747284,325
1369039108.0,1369039140.0,E:\o4a\1368973312\L1_1369038848_1369042944.hdf5,1369038848.0,1369042944.0,L1,O4a,0.06765181571245193,325
1369039172.0,1369039204.0,E:\o4a\1368973312\L1_1369038848_1369042944.hdf5,1369038848.0,1369042944.0,L1,O4a,0.06194322928786278,325
1369039236.0,1369039268.0,E:\o4a\1368973312\L1_1369038848_1369042944.hdf5,1369038848.0,1369042944.0,L1,O4a,0.05471750721335411,325
1369039300.0,1369039332.0,E:\o4a\1368973312\L1_1369038848_1369042944.hdf5,1369038848.0,1369042944.0,L1,O4a,0.06315822899341583,325
1369039364.0,1369039396.0,E:\o4a\1368973312\L1_1369038848_1369042944.hdf5,1369038848.0,1369042944.0,L1,O4a,0.09434974193572998,325
1369039428.0,1369039460.0,E:\o4a\1368973312\L1_1369038848_1369042944.hdf5,1369038848.0,1369042944.0,L1,O4a,0.07281757891178131,325
1369039492.0,1369039524.0,E:\o4a\1368973312\L1_1369038848_1369042944.hdf5,1369038848.0,1369042944.0,L1,O4a,0.08687464147806168,325
1369039556.0,1369039588.0,E:\o4a\1368973312\L1_1369038848_1369042944.hdf5,1369038848.0,1369042944.0,L1,O4a,0.05557262897491455,325
1369039620.0,1369039652.0,E:\o4a\1368973312\L1_1369038848_1369042944.hdf5,1369038848.0,1369042944.0,L1,O4a,0.06102758273482323,325
1369039684.0,1369039716.0,E:\o4a\1368973312\L1_1369038848_1369042944.hdf5,1369038848.0,1369042944.0,L1,O4a,0.059813592582941055,325
1369039748.0,1369039780.0,E:\o4a\1368973312\L1_1369038848_1369042944.hdf5,1369038848.0,1369042944.0,L1,O4a,0.060234203934669495,325
1369039812.0,1369039844.0,E:\o4a\1368973312\L1_1369038848_1369042944.hdf5,1369038848.0,1369042944.0,L1,O4a,0.07324500381946564,325
1369039876.0,1369039908.0,E:\o4a\1368973312\L1_1369038848_1369042944.hdf5,1369038848.0,1369042944.0,L1,O4a,0.059984952211380005,325
1369039940.0,1369039972.0,E:\o4a\1368973312\L1_1369038848_1369042944.hdf5,1369038848.0,1369042944.0,L1,O4a,0.0664588138461113,326
1369040004.0,1369040036.0,E:\o4a\1368973312\L1_1369038848_1369042944.hdf5,1369038848.0,1369042944.0,L1,O4a,0.06267836689949036,326
1369040068.0,1369040100.0,E:\o4a\1368973312\L1_1369038848_1369042944.hdf5,1369038848.0,1369042944.0,L1,O4a,0.06196865811944008,326
1369040132.0,1369040164.0,E:\o4a\1368973312\L1_1369038848_1369042944.hdf5,1369038848.0,1369042944.0,L1,O4a,0.09214813262224197,326
1369040196.0,1369040228.0,E:\o4a\1368973312\L1_1369038848_1369042944.hdf5,1369038848.0,1369042944.0,L1,O4a,0.058932796120643616,326
1369040260.0,1369040292.0,E:\o4a\1368973312\L1_1369038848_1369042944.hdf5,1369038848.0,1369042944.0,L1,O4a,0.06314414739608765,326
1369040324.0,1369040356.0,E:\o4a\1368973312\L1_1369038848_1369042944.hdf5,1369038848.0,1369042944.0,L1,O4a,0.06342574954032898,326
1369040388.0,1369040420.0,E:\o4a\1368973312\L1_1369038848_1369042944.hdf5,1369038848.0,1369042944.0,L1,O4a,0.06806104630231857,326
1369040452.0,1369040484.0,E:\o4a\1368973312\L1_1369038848_1369042944.hdf5,1369038848.0,1369042944.0,L1,O4a,0.06785567104816437,326
1369040516.0,1369040548.0,E:\o4a\1368973312\L1_1369038848_1369042944.hdf5,1369038848.0,1369042944.0,L1,O4a,0.061043038964271545,326
1369040580.0,1369040612.0,E:\o4a\1368973312\L1_1369038848_1369042944.hdf5,1369038848.0,1369042944.0,L1,O4a,0.06242604926228523,326
1369040644.0,1369040676.0,E:\o4a\1368973312\L1_1369038848_1369042944.hdf5,1369038848.0,1369042944.0,L1,O4a,0.059584371745586395,326
1369040708.0,1369040740.0,E:\o4a\1368973312\L1_1369038848_1369042944.hdf5,1369038848.0,1369042944.0,L1,O4a,0.06753620505332947,326
1369040772.0,1369040804.0,E:\o4a\1368973312\L1_1369038848_1369042944.hdf5,1369038848.0,1369042944.0,L1,O4a,0.05814371258020401,326
1369040836.0,1369040868.0,E:\o4a\1368973312\L1_1369038848_1369042944.hdf5,1369038848.0,1369042944.0,L1,O4a,0.08324011415243149,326
1369040900.0,1369040932.0,E:\o4a\1368973312\L1_1369038848_1369042944.hdf5,1369038848.0,1369042944.0,L1,O4a,0.07037296146154404,326
1369040964.0,1369040996.0,E:\o4a\1368973312\L1_1369038848_1369042944.hdf5,1369038848.0,1369042944.0,L1,O4a,0.07221760600805283,326
1369043844.0,1369043876.0,E:\o4a\1368973312\L1_1369042944_1369047040.hdf5,1369042944.0,1369047040.0,L1,O4a,0.057800259441137314,327
1369043908.0,1369043940.0,E:\o4a\1368973312\L1_1369042944_1369047040.hdf5,1369042944.0,1369047040.0,L1,O4a,0.06553787738084793,327
1369043972.0,1369044004.0,E:\o4a\1368973312\L1_1369042944_1369047040.hdf5,1369042944.0,1369047040.0,L1,O4a,0.05967875197529793,327
1369044036.0,1369044068.0,E:\o4a\1368973312\L1_1369042944_1369047040.hdf5,1369042944.0,1369047040.0,L1,O4a,0.06358200311660767,327
1369044100.0,1369044132.0,E:\o4a\1368973312\L1_1369042944_1369047040.hdf5,1369042944.0,1369047040.0,L1,O4a,0.06593488156795502,327
1369044164.0,1369044196.0,E:\o4a\1368973312\L1_1369042944_1369047040.hdf5,1369042944.0,1369047040.0,L1,O4a,0.07316357642412186,327
1369044228.0,1369044260.0,E:\o4a\1368973312\L1_1369042944_1369047040.hdf5,1369042944.0,1369047040.0,L1,O4a,0.06201270595192909,327
1369044292.0,1369044324.0,E:\o4a\1368973312\L1_1369042944_1369047040.hdf5,1369042944.0,1369047040.0,L1,O4a,0.053322676569223404,327
1369044356.0,1369044388.0,E:\o4a\1368973312\L1_1369042944_1369047040.hdf5,1369042944.0,1369047040.0,L1,O4a,0.059678640216588974,327
1369044420.0,1369044452.0,E:\o4a\1368973312\L1_1369042944_1369047040.hdf5,1369042944.0,1369047040.0,L1,O4a,0.05239192023873329,327
1369044484.0,1369044516.0,E:\o4a\1368973312\L1_1369042944_1369047040.hdf5,1369042944.0,1369047040.0,L1,O4a,0.07109635323286057,327
1369044548.0,1369044580.0,E:\o4a\1368973312\L1_1369042944_1369047040.hdf5,1369042944.0,1369047040.0,L1,O4a,0.06765539199113846,327
1369044612.0,1369044644.0,E:\o4a\1368973312\L1_1369042944_1369047040.hdf5,1369042944.0,1369047040.0,L1,O4a,0.05541268736124039,327
1369044676.0,1369044708.0,E:\o4a\1368973312\L1_1369042944_1369047040.hdf5,1369042944.0,1369047040.0,L1,O4a,0.054982125759124756,327
1369044740.0,1369044772.0,E:\o4a\1368973312\L1_1369042944_1369047040.hdf5,1369042944.0,1369047040.0,L1,O4a,0.057669710367918015,327
1369044804.0,1369044836.0,E:\o4a\1368973312\L1_1369042944_1369047040.hdf5,1369042944.0,1369047040.0,L1,O4a,0.0656697079539299,327
1369044868.0,1369044900.0,E:\o4a\1368973312\L1_1369042944_1369047040.hdf5,1369042944.0,1369047040.0,L1,O4a,0.06362432986497879,327
1369044932.0,1369044964.0,E:\o4a\1368973312\L1_1369042944_1369047040.hdf5,1369042944.0,1369047040.0,L1,O4a,0.06583558768033981,328
1369044996.0,1369045028.0,E:\o4a\1368973312\L1_1369042944_1369047040.hdf5,1369042944.0,1369047040.0,L1,O4a,0.05560360103845596,328
1369045060.0,1369045092.0,E:\o4a\1368973312\L1_1369042944_1369047040.hdf5,1369042944.0,1369047040.0,L1,O4a,0.05564141273498535,328
1369045124.0,1369045156.0,E:\o4a\1368973312\L1_1369042944_1369047040.hdf5,1369042944.0,1369047040.0,L1,O4a,0.05816364288330078,328
1369045188.0,1369045220.0,E:\o4a\1368973312\L1_1369042944_1369047040.hdf5,1369042944.0,1369047040.0,L1,O4a,0.05799764767289162,328
1369045252.0,1369045284.0,E:\o4a\1368973312\L1_1369042944_1369047040.hdf5,1369042944.0,1369047040.0,L1,O4a,0.06926807016134262,328
1369045316.0,1369045348.0,E:\o4a\1368973312\L1_1369042944_1369047040.hdf5,1369042944.0,1369047040.0,L1,O4a,0.05710120126605034,328
1369045380.0,1369045412.0,E:\o4a\1368973312\L1_1369042944_1369047040.hdf5,1369042944.0,1369047040.0,L1,O4a,0.06628043204545975,328
1369045444.0,1369045476.0,E:\o4a\1368973312\L1_1369042944_1369047040.hdf5,1369042944.0,1369047040.0,L1,O4a,0.05594373866915703,328
1369045508.0,1369045540.0,E:\o4a\1368973312\L1_1369042944_1369047040.hdf5,1369042944.0,1369047040.0,L1,O4a,0.058995023369789124,328
1369045572.0,1369045604.0,E:\o4a\1368973312\L1_1369042944_1369047040.hdf5,1369042944.0,1369047040.0,L1,O4a,0.06036463752388954,328
1369045636.0,1369045668.0,E:\o4a\1368973312\L1_1369042944_1369047040.hdf5,1369042944.0,1369047040.0,L1,O4a,0.0647466629743576,328
1369045700.0,1369045732.0,E:\o4a\1368973312\L1_1369042944_1369047040.hdf5,1369042944.0,1369047040.0,L1,O4a,0.05160290747880936,328
1369045764.0,1369045796.0,E:\o4a\1368973312\L1_1369042944_1369047040.hdf5,1369042944.0,1369047040.0,L1,O4a,0.05954219400882721,328
1369045828.0,1369045860.0,E:\o4a\1368973312\L1_1369042944_1369047040.hdf5,1369042944.0,1369047040.0,L1,O4a,0.06817618012428284,328
1369045892.0,1369045924.0,E:\o4a\1368973312\L1_1369042944_1369047040.hdf5,1369042944.0,1369047040.0,L1,O4a,0.05694956332445145,328
1369045956.0,1369045988.0,E:\o4a\1368973312\L1_1369042944_1369047040.hdf5,1369042944.0,1369047040.0,L1,O4a,0.05871598422527313,328
1369047684.0,1369047716.0,E:\o4a\1368973312\L1_1369047040_1369051136.hdf5,1369047040.0,1369051136.0,L1,O4a,0.054753825068473816,329
1369047748.0,1369047780.0,E:\o4a\1368973312\L1_1369047040_1369051136.hdf5,1369047040.0,1369051136.0,L1,O4a,0.06880397349596024,329
1369047812.0,1369047844.0,E:\o4a\1368973312\L1_1369047040_1369051136.hdf5,1369047040.0,1369051136.0,L1,O4a,0.05988015979528427,329
1369047876.0,1369047908.0,E:\o4a\1368973312\L1_1369047040_1369051136.hdf5,1369047040.0,1369051136.0,L1,O4a,0.073215052485466,329
1369047940.0,1369047972.0,E:\o4a\1368973312\L1_1369047040_1369051136.hdf5,1369047040.0,1369051136.0,L1,O4a,0.06063336506485939,329
1369048004.0,1369048036.0,E:\o4a\1368973312\L1_1369047040_1369051136.hdf5,1369047040.0,1369051136.0,L1,O4a,0.06080823764204979,329
1369048068.0,1369048100.0,E:\o4a\1368973312\L1_1369047040_1369051136.hdf5,1369047040.0,1369051136.0,L1,O4a,0.06802839785814285,329
1369048132.0,1369048164.0,E:\o4a\1368973312\L1_1369047040_1369051136.hdf5,1369047040.0,1369051136.0,L1,O4a,0.06339221447706223,329
1369048196.0,1369048228.0,E:\o4a\1368973312\L1_1369047040_1369051136.hdf5,1369047040.0,1369051136.0,L1,O4a,0.059675805270671844,329
1369048260.0,1369048292.0,E:\o4a\1368973312\L1_1369047040_1369051136.hdf5,1369047040.0,1369051136.0,L1,O4a,0.06806832551956177,329
1369048324.0,1369048356.0,E:\o4a\1368973312\L1_1369047040_1369051136.hdf5,1369047040.0,1369051136.0,L1,O4a,0.059180427342653275,329
1369048388.0,1369048420.0,E:\o4a\1368973312\L1_1369047040_1369051136.hdf5,1369047040.0,1369051136.0,L1,O4a,0.06317960470914841,329
1369048452.0,1369048484.0,E:\o4a\1368973312\L1_1369047040_1369051136.hdf5,1369047040.0,1369051136.0,L1,O4a,0.06147976592183113,329
1369048516.0,1369048548.0,E:\o4a\1368973312\L1_1369047040_1369051136.hdf5,1369047040.0,1369051136.0,L1,O4a,0.07034945487976074,329
1369048580.0,1369048612.0,E:\o4a\1368973312\L1_1369047040_1369051136.hdf5,1369047040.0,1369051136.0,L1,O4a,0.052760858088731766,329
1369048644.0,1369048676.0,E:\o4a\1368973312\L1_1369047040_1369051136.hdf5,1369047040.0,1369051136.0,L1,O4a,0.06251413375139236,329
1369048708.0,1369048740.0,E:\o4a\1368973312\L1_1369047040_1369051136.hdf5,1369047040.0,1369051136.0,L1,O4a,0.061309829354286194,329
1369049284.0,1369049316.0,E:\o4a\1368973312\L1_1369047040_1369051136.hdf5,1369047040.0,1369051136.0,L1,O4a,0.05988982319831848,330
1369049348.0,1369049380.0,E:\o4a\1368973312\L1_1369047040_1369051136.hdf5,1369047040.0,1369051136.0,L1,O4a,0.057513847947120667,330
1369049412.0,1369049444.0,E:\o4a\1368973312\L1_1369047040_1369051136.hdf5,1369047040.0,1369051136.0,L1,O4a,0.08171585202217102,330
1369049476.0,1369049508.0,E:\o4a\1368973312\L1_1369047040_1369051136.hdf5,1369047040.0,1369051136.0,L1,O4a,0.06022600457072258,330
1369049540.0,1369049572.0,E:\o4a\1368973312\L1_1369047040_1369051136.hdf5,1369047040.0,1369051136.0,L1,O4a,0.05715886875987053,330
1369049604.0,1369049636.0,E:\o4a\1368973312\L1_1369047040_1369051136.hdf5,1369047040.0,1369051136.0,L1,O4a,0.05723586305975914,330
1369049668.0,1369049700.0,E:\o4a\1368973312\L1_1369047040_1369051136.hdf5,1369047040.0,1369051136.0,L1,O4a,0.06930732727050781,330
1369049732.0,1369049764.0,E:\o4a\1368973312\L1_1369047040_1369051136.hdf5,1369047040.0,1369051136.0,L1,O4a,0.06585540622472763,330
1369049796.0,1369049828.0,E:\o4a\1368973312\L1_1369047040_1369051136.hdf5,1369047040.0,1369051136.0,L1,O4a,0.06085823476314545,330
1369049860.0,1369049892.0,E:\o4a\1368973312\L1_1369047040_1369051136.hdf5,1369047040.0,1369051136.0,L1,O4a,0.05525242164731026,330
1369049924.0,1369049956.0,E:\o4a\1368973312\L1_1369047040_1369051136.hdf5,1369047040.0,1369051136.0,L1,O4a,0.09624829888343811,330
1369049988.0,1369050020.0,E:\o4a\1368973312\L1_1369047040_1369051136.hdf5,1369047040.0,1369051136.0,L1,O4a,0.052155155688524246,330
1369050052.0,1369050084.0,E:\o4a\1368973312\L1_1369047040_1369051136.hdf5,1369047040.0,1369051136.0,L1,O4a,0.06588848680257797,330
1369050116.0,1369050148.0,E:\o4a\1368973312\L1_1369047040_1369051136.hdf5,1369047040.0,1369051136.0,L1,O4a,0.06284184008836746,330
1369050180.0,1369050212.0,E:\o4a\1368973312\L1_1369047040_1369051136.hdf5,1369047040.0,1369051136.0,L1,O4a,0.06781181693077087,330
1369050244.0,1369050276.0,E:\o4a\1368973312\L1_1369047040_1369051136.hdf5,1369047040.0,1369051136.0,L1,O4a,0.053864866495132446,330
1369050308.0,1369050340.0,E:\o4a\1368973312\L1_1369047040_1369051136.hdf5,1369047040.0,1369051136.0,L1,O4a,0.05431342497467995,330
1369051140.0,1369051172.0,E:\o4a\1368973312\L1_1369051136_1369055232.hdf5,1369051136.0,1369055232.0,L1,O4a,0.0689627155661583,331
1369051204.0,1369051236.0,E:\o4a\1368973312\L1_1369051136_1369055232.hdf5,1369051136.0,1369055232.0,L1,O4a,0.06344285607337952,331
1369051268.0,1369051300.0,E:\o4a\1368973312\L1_1369051136_1369055232.hdf5,1369051136.0,1369055232.0,L1,O4a,0.060393206775188446,331
1369051332.0,1369051364.0,E:\o4a\1368973312\L1_1369051136_1369055232.hdf5,1369051136.0,1369055232.0,L1,O4a,0.05924307554960251,331
1369051396.0,1369051428.0,E:\o4a\1368973312\L1_1369051136_1369055232.hdf5,1369051136.0,1369055232.0,L1,O4a,0.0622725635766983,331
1369051460.0,1369051492.0,E:\o4a\1368973312\L1_1369051136_1369055232.hdf5,1369051136.0,1369055232.0,L1,O4a,0.08432148396968842,331
1369051524.0,1369051556.0,E:\o4a\1368973312\L1_1369051136_1369055232.hdf5,1369051136.0,1369055232.0,L1,O4a,0.06536883860826492,331
1369051588.0,1369051620.0,E:\o4a\1368973312\L1_1369051136_1369055232.hdf5,1369051136.0,1369055232.0,L1,O4a,0.06600712239742279,331
1369051652.0,1369051684.0,E:\o4a\1368973312\L1_1369051136_1369055232.hdf5,1369051136.0,1369055232.0,L1,O4a,0.06092222407460213,331
1369051716.0,1369051748.0,E:\o4a\1368973312\L1_1369051136_1369055232.hdf5,1369051136.0,1369055232.0,L1,O4a,0.06119487062096596,331
1369051780.0,1369051812.0,E:\o4a\1368973312\L1_1369051136_1369055232.hdf5,1369051136.0,1369055232.0,L1,O4a,0.06087968125939369,331
1369051844.0,1369051876.0,E:\o4a\1368973312\L1_1369051136_1369055232.hdf5,1369051136.0,1369055232.0,L1,O4a,0.05463557317852974,331
1369051908.0,1369051940.0,E:\o4a\1368973312\L1_1369051136_1369055232.hdf5,1369051136.0,1369055232.0,L1,O4a,0.06051363795995712,331
1369051972.0,1369052004.0,E:\o4a\1368973312\L1_1369051136_1369055232.hdf5,1369051136.0,1369055232.0,L1,O4a,0.07010162621736526,331
1369052036.0,1369052068.0,E:\o4a\1368973312\L1_1369051136_1369055232.hdf5,1369051136.0,1369055232.0,L1,O4a,0.06132341921329498,331
1369052100.0,1369052132.0,E:\o4a\1368973312\L1_1369051136_1369055232.hdf5,1369051136.0,1369055232.0,L1,O4a,0.06174750253558159,331
1369052164.0,1369052196.0,E:\o4a\1368973312\L1_1369051136_1369055232.hdf5,1369051136.0,1369055232.0,L1,O4a,0.05857192724943161,331
1369053828.0,1369053860.0,E:\o4a\1368973312\L1_1369051136_1369055232.hdf5,1369051136.0,1369055232.0,L1,O4a,0.059273455291986465,332
1369053892.0,1369053924.0,E:\o4a\1368973312\L1_1369051136_1369055232.hdf5,1369051136.0,1369055232.0,L1,O4a,0.06015533581376076,332
1369053956.0,1369053988.0,E:\o4a\1368973312\L1_1369051136_1369055232.hdf5,1369051136.0,1369055232.0,L1,O4a,0.05949362739920616,332
1369054020.0,1369054052.0,E:\o4a\1368973312\L1_1369051136_1369055232.hdf5,1369051136.0,1369055232.0,L1,O4a,0.059722352772951126,332
1369054084.0,1369054116.0,E:\o4a\1368973312\L1_1369051136_1369055232.hdf5,1369051136.0,1369055232.0,L1,O4a,0.05511527135968208,332
1369054148.0,1369054180.0,E:\o4a\1368973312\L1_1369051136_1369055232.hdf5,1369051136.0,1369055232.0,L1,O4a,0.0673849880695343,332
1369054212.0,1369054244.0,E:\o4a\1368973312\L1_1369051136_1369055232.hdf5,1369051136.0,1369055232.0,L1,O4a,0.054720863699913025,332
1369054276.0,1369054308.0,E:\o4a\1368973312\L1_1369051136_1369055232.hdf5,1369051136.0,1369055232.0,L1,O4a,0.05850230157375336,332
1369054340.0,1369054372.0,E:\o4a\1368973312\L1_1369051136_1369055232.hdf5,1369051136.0,1369055232.0,L1,O4a,0.06432370096445084,332
1369054404.0,1369054436.0,E:\o4a\1368973312\L1_1369051136_1369055232.hdf5,1369051136.0,1369055232.0,L1,O4a,0.06436928361654282,332
1369054468.0,1369054500.0,E:\o4a\1368973312\L1_1369051136_1369055232.hdf5,1369051136.0,1369055232.0,L1,O4a,0.06691936403512955,332
1369054532.0,1369054564.0,E:\o4a\1368973312\L1_1369051136_1369055232.hdf5,1369051136.0,1369055232.0,L1,O4a,0.06620792299509048,332
1369054596.0,1369054628.0,E:\o4a\1368973312\L1_1369051136_1369055232.hdf5,1369051136.0,1369055232.0,L1,O4a,0.06175689026713371,332
1369054660.0,1369054692.0,E:\o4a\1368973312\L1_1369051136_1369055232.hdf5,1369051136.0,1369055232.0,L1,O4a,0.06285625696182251,332
1369054724.0,1369054756.0,E:\o4a\1368973312\L1_1369051136_1369055232.hdf5,1369051136.0,1369055232.0,L1,O4a,0.07388562709093094,332
1369054788.0,1369054820.0,E:\o4a\1368973312\L1_1369051136_1369055232.hdf5,1369051136.0,1369055232.0,L1,O4a,0.08361484855413437,332
1369054852.0,1369054884.0,E:\o4a\1368973312\L1_1369051136_1369055232.hdf5,1369051136.0,1369055232.0,L1,O4a,0.06289367377758026,332
1369059332.0,1369059364.0,E:\o4a\1368973312\L1_1369059328_1369063424.hdf5,1369059328.0,1369063424.0,L1,O4a,0.06331560015678406,333
1369059396.0,1369059428.0,E:\o4a\1368973312\L1_1369059328_1369063424.hdf5,1369059328.0,1369063424.0,L1,O4a,0.0847960114479065,333
1369059460.0,1369059492.0,E:\o4a\1368973312\L1_1369059328_1369063424.hdf5,1369059328.0,1369063424.0,L1,O4a,0.057347625494003296,333
1369059524.0,1369059556.0,E:\o4a\1368973312\L1_1369059328_1369063424.hdf5,1369059328.0,1369063424.0,L1,O4a,0.05324350297451019,333
1369059588.0,1369059620.0,E:\o4a\1368973312\L1_1369059328_1369063424.hdf5,1369059328.0,1369063424.0,L1,O4a,0.06165033206343651,333
1369059652.0,1369059684.0,E:\o4a\1368973312\L1_1369059328_1369063424.hdf5,1369059328.0,1369063424.0,L1,O4a,0.060542162507772446,333
1369059716.0,1369059748.0,E:\o4a\1368973312\L1_1369059328_1369063424.hdf5,1369059328.0,1369063424.0,L1,O4a,0.05955599993467331,333
1369059780.0,1369059812.0,E:\o4a\1368973312\L1_1369059328_1369063424.hdf5,1369059328.0,1369063424.0,L1,O4a,0.0627986267209053,333
1369059844.0,1369059876.0,E:\o4a\1368973312\L1_1369059328_1369063424.hdf5,1369059328.0,1369063424.0,L1,O4a,0.07683797180652618,333
1369059908.0,1369059940.0,E:\o4a\1368973312\L1_1369059328_1369063424.hdf5,1369059328.0,1369063424.0,L1,O4a,0.06115623190999031,333
1369059972.0,1369060004.0,E:\o4a\1368973312\L1_1369059328_1369063424.hdf5,1369059328.0,1369063424.0,L1,O4a,0.05588197335600853,333
1369060036.0,1369060068.0,E:\o4a\1368973312\L1_1369059328_1369063424.hdf5,1369059328.0,1369063424.0,L1,O4a,0.0706125870347023,333
1369060100.0,1369060132.0,E:\o4a\1368973312\L1_1369059328_1369063424.hdf5,1369059328.0,1369063424.0,L1,O4a,0.0685294046998024,333
1369060164.0,1369060196.0,E:\o4a\1368973312\L1_1369059328_1369063424.hdf5,1369059328.0,1369063424.0,L1,O4a,0.058287832885980606,333
1369060228.0,1369060260.0,E:\o4a\1368973312\L1_1369059328_1369063424.hdf5,1369059328.0,1369063424.0,L1,O4a,0.05869898572564125,333
1369060292.0,1369060324.0,E:\o4a\1368973312\L1_1369059328_1369063424.hdf5,1369059328.0,1369063424.0,L1,O4a,0.06168099120259285,333
1369060356.0,1369060388.0,E:\o4a\1368973312\L1_1369059328_1369063424.hdf5,1369059328.0,1369063424.0,L1,O4a,0.07659441232681274,333
1369088836.0,1369088868.0,E:\o4a\1368973312\L1_1369088000_1369092096.hdf5,1369088000.0,1369092096.0,L1,O4a,0.0643703043460846,2
1369088900.0,1369088932.0,E:\o4a\1368973312\L1_1369088000_1369092096.hdf5,1369088000.0,1369092096.0,L1,O4a,0.08524426072835922,2
1369088964.0,1369088996.0,E:\o4a\1368973312\L1_1369088000_1369092096.hdf5,1369088000.0,1369092096.0,L1,O4a,0.052105702459812164,2
1369089028.0,1369089060.0,E:\o4a\1368973312\L1_1369088000_1369092096.hdf5,1369088000.0,1369092096.0,L1,O4a,0.05918803811073303,2
1369089092.0,1369089124.0,E:\o4a\1368973312\L1_1369088000_1369092096.hdf5,1369088000.0,1369092096.0,L1,O4a,0.05111203342676163,2
1369089156.0,1369089188.0,E:\o4a\1368973312\L1_1369088000_1369092096.hdf5,1369088000.0,1369092096.0,L1,O4a,0.06483052670955658,2
1369089220.0,1369089252.0,E:\o4a\1368973312\L1_1369088000_1369092096.hdf5,1369088000.0,1369092096.0,L1,O4a,0.059341948479413986,2
1369089284.0,1369089316.0,E:\o4a\1368973312\L1_1369088000_1369092096.hdf5,1369088000.0,1369092096.0,L1,O4a,0.05792286619544029,2
1369089348.0,1369089380.0,E:\o4a\1368973312\L1_1369088000_1369092096.hdf5,1369088000.0,1369092096.0,L1,O4a,0.06564383208751678,2
1369089412.0,1369089444.0,E:\o4a\1368973312\L1_1369088000_1369092096.hdf5,1369088000.0,1369092096.0,L1,O4a,0.0576779842376709,2
1369089476.0,1369089508.0,E:\o4a\1368973312\L1_1369088000_1369092096.hdf5,1369088000.0,1369092096.0,L1,O4a,0.05335386469960213,2
1369089540.0,1369089572.0,E:\o4a\1368973312\L1_1369088000_1369092096.hdf5,1369088000.0,1369092096.0,L1,O4a,0.07234061509370804,2
1369089604.0,1369089636.0,E:\o4a\1368973312\L1_1369088000_1369092096.hdf5,1369088000.0,1369092096.0,L1,O4a,0.06456214189529419,2
1369089668.0,1369089700.0,E:\o4a\1368973312\L1_1369088000_1369092096.hdf5,1369088000.0,1369092096.0,L1,O4a,0.0631456971168518,2
1369089732.0,1369089764.0,E:\o4a\1368973312\L1_1369088000_1369092096.hdf5,1369088000.0,1369092096.0,L1,O4a,0.06870543956756592,2
1369089796.0,1369089828.0,E:\o4a\1368973312\L1_1369088000_1369092096.hdf5,1369088000.0,1369092096.0,L1,O4a,0.06792529672384262,2
1369089860.0,1369089892.0,E:\o4a\1368973312\L1_1369088000_1369092096.hdf5,1369088000.0,1369092096.0,L1,O4a,0.06288699805736542,2
1369199620.0,1369199652.0,E:\o4a\1368973312\L1_1369198592_1369202688.hdf5,1369198592.0,1369202688.0,L1,O4a,0.05686758831143379,4
1369199684.0,1369199716.0,E:\o4a\1368973312\L1_1369198592_1369202688.hdf5,1369198592.0,1369202688.0,L1,O4a,0.06380964815616608,4
1369199748.0,1369199780.0,E:\o4a\1368973312\L1_1369198592_1369202688.hdf5,1369198592.0,1369202688.0,L1,O4a,0.059797342866659164,4
1369199812.0,1369199844.0,E:\o4a\1368973312\L1_1369198592_1369202688.hdf5,1369198592.0,1369202688.0,L1,O4a,0.06059633195400238,4
1369199876.0,1369199908.0,E:\o4a\1368973312\L1_1369198592_1369202688.hdf5,1369198592.0,1369202688.0,L1,O4a,0.06024385243654251,4
1369199940.0,1369199972.0,E:\o4a\1368973312\L1_1369198592_1369202688.hdf5,1369198592.0,1369202688.0,L1,O4a,0.07707781344652176,4
1369200004.0,1369200036.0,E:\o4a\1368973312\L1_1369198592_1369202688.hdf5,1369198592.0,1369202688.0,L1,O4a,0.06230761110782623,4
1369200068.0,1369200100.0,E:\o4a\1368973312\L1_1369198592_1369202688.hdf5,1369198592.0,1369202688.0,L1,O4a,0.05509394779801369,4
1369200132.0,1369200164.0,E:\o4a\1368973312\L1_1369198592_1369202688.hdf5,1369198592.0,1369202688.0,L1,O4a,0.05597830191254616,4
1369200196.0,1369200228.0,E:\o4a\1368973312\L1_1369198592_1369202688.hdf5,1369198592.0,1369202688.0,L1,O4a,0.05403665825724602,4
1369200260.0,1369200292.0,E:\o4a\1368973312\L1_1369198592_1369202688.hdf5,1369198592.0,1369202688.0,L1,O4a,0.06268566101789474,4
1369200324.0,1369200356.0,E:\o4a\1368973312\L1_1369198592_1369202688.hdf5,1369198592.0,1369202688.0,L1,O4a,0.06496092677116394,4
1369200388.0,1369200420.0,E:\o4a\1368973312\L1_1369198592_1369202688.hdf5,1369198592.0,1369202688.0,L1,O4a,0.07097237557172775,4
1369200452.0,1369200484.0,E:\o4a\1368973312\L1_1369198592_1369202688.hdf5,1369198592.0,1369202688.0,L1,O4a,0.07166708260774612,4
1369200516.0,1369200548.0,E:\o4a\1368973312\L1_1369198592_1369202688.hdf5,1369198592.0,1369202688.0,L1,O4a,0.05421356484293938,4
1369200580.0,1369200612.0,E:\o4a\1368973312\L1_1369198592_1369202688.hdf5,1369198592.0,1369202688.0,L1,O4a,0.05485541373491287,4
1369200644.0,1369200676.0,E:\o4a\1368973312\L1_1369198592_1369202688.hdf5,1369198592.0,1369202688.0,L1,O4a,0.06289393454790115,4
1369268228.0,1369268260.0,E:\o4a\1368973312\L1_1369268224_1369272320.hdf5,1369268224.0,1369272320.0,L1,O4a,0.047565657645463943,5
1369268292.0,1369268324.0,E:\o4a\1368973312\L1_1369268224_1369272320.hdf5,1369268224.0,1369272320.0,L1,O4a,0.07168088108301163,5
1369268356.0,1369268388.0,E:\o4a\1368973312\L1_1369268224_1369272320.hdf5,1369268224.0,1369272320.0,L1,O4a,0.06368029117584229,5
1369268420.0,1369268452.0,E:\o4a\1368973312\L1_1369268224_1369272320.hdf5,1369268224.0,1369272320.0,L1,O4a,0.06158347800374031,5
1369268484.0,1369268516.0,E:\o4a\1368973312\L1_1369268224_1369272320.hdf5,1369268224.0,1369272320.0,L1,O4a,0.0636090338230133,5
1369268548.0,1369268580.0,E:\o4a\1368973312\L1_1369268224_1369272320.hdf5,1369268224.0,1369272320.0,L1,O4a,0.057553716003894806,5
1369268612.0,1369268644.0,E:\o4a\1368973312\L1_1369268224_1369272320.hdf5,1369268224.0,1369272320.0,L1,O4a,0.05753195285797119,5
1369268676.0,1369268708.0,E:\o4a\1368973312\L1_1369268224_1369272320.hdf5,1369268224.0,1369272320.0,L1,O4a,0.12991060316562653,5
1369268740.0,1369268772.0,E:\o4a\1368973312\L1_1369268224_1369272320.hdf5,1369268224.0,1369272320.0,L1,O4a,0.06986791640520096,5
1369268804.0,1369268836.0,E:\o4a\1368973312\L1_1369268224_1369272320.hdf5,1369268224.0,1369272320.0,L1,O4a,0.05667102336883545,5
1369268868.0,1369268900.0,E:\o4a\1368973312\L1_1369268224_1369272320.hdf5,1369268224.0,1369272320.0,L1,O4a,0.06959490478038788,5
1369268932.0,1369268964.0,E:\o4a\1368973312\L1_1369268224_1369272320.hdf5,1369268224.0,1369272320.0,L1,O4a,0.0698670968413353,5
1369268996.0,1369269028.0,E:\o4a\1368973312\L1_1369268224_1369272320.hdf5,1369268224.0,1369272320.0,L1,O4a,0.06130177900195122,5
1369269060.0,1369269092.0,E:\o4a\1368973312\L1_1369268224_1369272320.hdf5,1369268224.0,1369272320.0,L1,O4a,0.062150970101356506,5
1369269124.0,1369269156.0,E:\o4a\1368973312\L1_1369268224_1369272320.hdf5,1369268224.0,1369272320.0,L1,O4a,0.05937015265226364,5
1369269188.0,1369269220.0,E:\o4a\1368973312\L1_1369268224_1369272320.hdf5,1369268224.0,1369272320.0,L1,O4a,0.0581233836710453,5
1369269252.0,1369269284.0,E:\o4a\1368973312\L1_1369268224_1369272320.hdf5,1369268224.0,1369272320.0,L1,O4a,0.04961400106549263,5
1369322564.0,1369322596.0,E:\o4a\1368973312\L1_1369321472_1369325568.hdf5,1369321472.0,1369325568.0,L1,O4a,0.06391534209251404,6
1369322628.0,1369322660.0,E:\o4a\1368973312\L1_1369321472_1369325568.hdf5,1369321472.0,1369325568.0,L1,O4a,0.057684097439050674,6
1369322692.0,1369322724.0,E:\o4a\1368973312\L1_1369321472_1369325568.hdf5,1369321472.0,1369325568.0,L1,O4a,0.08178060501813889,6
1369322756.0,1369322788.0,E:\o4a\1368973312\L1_1369321472_1369325568.hdf5,1369321472.0,1369325568.0,L1,O4a,0.06283485144376755,6
1369322820.0,1369322852.0,E:\o4a\1368973312\L1_1369321472_1369325568.hdf5,1369321472.0,1369325568.0,L1,O4a,0.07457014918327332,6
1369322884.0,1369322916.0,E:\o4a\1368973312\L1_1369321472_1369325568.hdf5,1369321472.0,1369325568.0,L1,O4a,0.06600809842348099,6
1369322948.0,1369322980.0,E:\o4a\1368973312\L1_1369321472_1369325568.hdf5,1369321472.0,1369325568.0,L1,O4a,0.08408559113740921,6
1369323012.0,1369323044.0,E:\o4a\1368973312\L1_1369321472_1369325568.hdf5,1369321472.0,1369325568.0,L1,O4a,0.06504257768392563,6
1369323076.0,1369323108.0,E:\o4a\1368973312\L1_1369321472_1369325568.hdf5,1369321472.0,1369325568.0,L1,O4a,0.055341415107250214,6
1369323140.0,1369323172.0,E:\o4a\1368973312\L1_1369321472_1369325568.hdf5,1369321472.0,1369325568.0,L1,O4a,0.07008733600378036,6
1369323204.0,1369323236.0,E:\o4a\1368973312\L1_1369321472_1369325568.hdf5,1369321472.0,1369325568.0,L1,O4a,0.09544571489095688,6
1369323268.0,1369323300.0,E:\o4a\1368973312\L1_1369321472_1369325568.hdf5,1369321472.0,1369325568.0,L1,O4a,0.05848643556237221,6
1369323332.0,1369323364.0,E:\o4a\1368973312\L1_1369321472_1369325568.hdf5,1369321472.0,1369325568.0,L1,O4a,0.0635765865445137,6
1369323396.0,1369323428.0,E:\o4a\1368973312\L1_1369321472_1369325568.hdf5,1369321472.0,1369325568.0,L1,O4a,0.1047508716583252,6
1369323460.0,1369323492.0,E:\o4a\1368973312\L1_1369321472_1369325568.hdf5,1369321472.0,1369325568.0,L1,O4a,0.0693451464176178,6
1369323524.0,1369323556.0,E:\o4a\1368973312\L1_1369321472_1369325568.hdf5,1369321472.0,1369325568.0,L1,O4a,0.0668722465634346,6
1369323588.0,1369323620.0,E:\o4a\1368973312\L1_1369321472_1369325568.hdf5,1369321472.0,1369325568.0,L1,O4a,0.07404676824808121,6
1369373572.0,1369373604.0,E:\o4a\1368973312\L1_1369370624_1369374720.hdf5,1369370624.0,1369374720.0,L1,O4a,0.0669485405087471,7
1369373636.0,1369373668.0,E:\o4a\1368973312\L1_1369370624_1369374720.hdf5,1369370624.0,1369374720.0,L1,O4a,0.052832987159490585,7
1369373700.0,1369373732.0,E:\o4a\1368973312\L1_1369370624_1369374720.hdf5,1369370624.0,1369374720.0,L1,O4a,0.05981166288256645,7
1369373764.0,1369373796.0,E:\o4a\1368973312\L1_1369370624_1369374720.hdf5,1369370624.0,1369374720.0,L1,O4a,0.06492849439382553,7
1369373828.0,1369373860.0,E:\o4a\1368973312\L1_1369370624_1369374720.hdf5,1369370624.0,1369374720.0,L1,O4a,0.06275641918182373,7
1369373892.0,1369373924.0,E:\o4a\1368973312\L1_1369370624_1369374720.hdf5,1369370624.0,1369374720.0,L1,O4a,0.055182091891765594,7
1369373956.0,1369373988.0,E:\o4a\1368973312\L1_1369370624_1369374720.hdf5,1369370624.0,1369374720.0,L1,O4a,0.072208471596241,7
1369374020.0,1369374052.0,E:\o4a\1368973312\L1_1369370624_1369374720.hdf5,1369370624.0,1369374720.0,L1,O4a,0.05617007240653038,7
1369374084.0,1369374116.0,E:\o4a\1368973312\L1_1369370624_1369374720.hdf5,1369370624.0,1369374720.0,L1,O4a,0.06779137998819351,7
1369374148.0,1369374180.0,E:\o4a\1368973312\L1_1369370624_1369374720.hdf5,1369370624.0,1369374720.0,L1,O4a,0.06437129527330399,7
1369374212.0,1369374244.0,E:\o4a\1368973312\L1_1369370624_1369374720.hdf5,1369370624.0,1369374720.0,L1,O4a,0.05717620998620987,7
1369374276.0,1369374308.0,E:\o4a\1368973312\L1_1369370624_1369374720.hdf5,1369370624.0,1369374720.0,L1,O4a,0.06447217613458633,7
1369374340.0,1369374372.0,E:\o4a\1368973312\L1_1369370624_1369374720.hdf5,1369370624.0,1369374720.0,L1,O4a,0.05499590188264847,7
1369374404.0,1369374436.0,E:\o4a\1368973312\L1_1369370624_1369374720.hdf5,1369370624.0,1369374720.0,L1,O4a,0.06380996108055115,7
1369374468.0,1369374500.0,E:\o4a\1368973312\L1_1369370624_1369374720.hdf5,1369370624.0,1369374720.0,L1,O4a,0.05593731254339218,7
1369374532.0,1369374564.0,E:\o4a\1368973312\L1_1369370624_1369374720.hdf5,1369370624.0,1369374720.0,L1,O4a,0.05493512377142906,7
1369374596.0,1369374628.0,E:\o4a\1368973312\L1_1369370624_1369374720.hdf5,1369370624.0,1369374720.0,L1,O4a,0.057593367993831635,7
1369425348.0,1369425380.0,E:\o4a\1368973312\L1_1369423872_1369427968.hdf5,1369423872.0,1369427968.0,L1,O4a,0.06102897226810455,8
1369425412.0,1369425444.0,E:\o4a\1368973312\L1_1369423872_1369427968.hdf5,1369423872.0,1369427968.0,L1,O4a,0.058976538479328156,8
1369425476.0,1369425508.0,E:\o4a\1368973312\L1_1369423872_1369427968.hdf5,1369423872.0,1369427968.0,L1,O4a,0.07258696109056473,8
1369425540.0,1369425572.0,E:\o4a\1368973312\L1_1369423872_1369427968.hdf5,1369423872.0,1369427968.0,L1,O4a,0.06198750436306,8
1369425604.0,1369425636.0,E:\o4a\1368973312\L1_1369423872_1369427968.hdf5,1369423872.0,1369427968.0,L1,O4a,0.059011053293943405,8
1369425668.0,1369425700.0,E:\o4a\1368973312\L1_1369423872_1369427968.hdf5,1369423872.0,1369427968.0,L1,O4a,0.05282220616936684,8
1369425732.0,1369425764.0,E:\o4a\1368973312\L1_1369423872_1369427968.hdf5,1369423872.0,1369427968.0,L1,O4a,0.0615554079413414,8
1369425796.0,1369425828.0,E:\o4a\1368973312\L1_1369423872_1369427968.hdf5,1369423872.0,1369427968.0,L1,O4a,0.05247170850634575,8
1369425860.0,1369425892.0,E:\o4a\1368973312\L1_1369423872_1369427968.hdf5,1369423872.0,1369427968.0,L1,O4a,0.053273316472768784,8
1369425924.0,1369425956.0,E:\o4a\1368973312\L1_1369423872_1369427968.hdf5,1369423872.0,1369427968.0,L1,O4a,0.07834932208061218,8
1369425988.0,1369426020.0,E:\o4a\1368973312\L1_1369423872_1369427968.hdf5,1369423872.0,1369427968.0,L1,O4a,0.05904361233115196,8
1369426052.0,1369426084.0,E:\o4a\1368973312\L1_1369423872_1369427968.hdf5,1369423872.0,1369427968.0,L1,O4a,0.0784473866224289,8
1369426116.0,1369426148.0,E:\o4a\1368973312\L1_1369423872_1369427968.hdf5,1369423872.0,1369427968.0,L1,O4a,0.11536610871553421,8
1369426180.0,1369426212.0,E:\o4a\1368973312\L1_1369423872_1369427968.hdf5,1369423872.0,1369427968.0,L1,O4a,0.0651097297668457,8
1369426244.0,1369426276.0,E:\o4a\1368973312\L1_1369423872_1369427968.hdf5,1369423872.0,1369427968.0,L1,O4a,0.06144574284553528,8
1369426308.0,1369426340.0,E:\o4a\1368973312\L1_1369423872_1369427968.hdf5,1369423872.0,1369427968.0,L1,O4a,0.058403559029102325,8
1369426372.0,1369426404.0,E:\o4a\1368973312\L1_1369423872_1369427968.hdf5,1369423872.0,1369427968.0,L1,O4a,0.0594402551651001,8
1369478532.0,1369478564.0,E:\o4a\1368973312\L1_1369477120_1369481216.hdf5,1369477120.0,1369481216.0,L1,O4a,0.05942418426275253,9
1369478596.0,1369478628.0,E:\o4a\1368973312\L1_1369477120_1369481216.hdf5,1369477120.0,1369481216.0,L1,O4a,0.06251846253871918,9
1369478660.0,1369478692.0,E:\o4a\1368973312\L1_1369477120_1369481216.hdf5,1369477120.0,1369481216.0,L1,O4a,0.056533440947532654,9
1369478724.0,1369478756.0,E:\o4a\1368973312\L1_1369477120_1369481216.hdf5,1369477120.0,1369481216.0,L1,O4a,0.1213117316365242,9
1369478788.0,1369478820.0,E:\o4a\1368973312\L1_1369477120_1369481216.hdf5,1369477120.0,1369481216.0,L1,O4a,0.05597776919603348,9
1369478852.0,1369478884.0,E:\o4a\1368973312\L1_1369477120_1369481216.hdf5,1369477120.0,1369481216.0,L1,O4a,0.05753009021282196,9
1369478916.0,1369478948.0,E:\o4a\1368973312\L1_1369477120_1369481216.hdf5,1369477120.0,1369481216.0,L1,O4a,0.058488063514232635,9
1369478980.0,1369479012.0,E:\o4a\1368973312\L1_1369477120_1369481216.hdf5,1369477120.0,1369481216.0,L1,O4a,0.05736401677131653,9
1369479044.0,1369479076.0,E:\o4a\1368973312\L1_1369477120_1369481216.hdf5,1369477120.0,1369481216.0,L1,O4a,0.09312370419502258,9
1369479108.0,1369479140.0,E:\o4a\1368973312\L1_1369477120_1369481216.hdf5,1369477120.0,1369481216.0,L1,O4a,0.06506597995758057,9
1369479172.0,1369479204.0,E:\o4a\1368973312\L1_1369477120_1369481216.hdf5,1369477120.0,1369481216.0,L1,O4a,0.06840386241674423,9
1369479236.0,1369479268.0,E:\o4a\1368973312\L1_1369477120_1369481216.hdf5,1369477120.0,1369481216.0,L1,O4a,0.08920066803693771,9
1369479300.0,1369479332.0,E:\o4a\1368973312\L1_1369477120_1369481216.hdf5,1369477120.0,1369481216.0,L1,O4a,0.061402950435876846,9
1369479364.0,1369479396.0,E:\o4a\1368973312\L1_1369477120_1369481216.hdf5,1369477120.0,1369481216.0,L1,O4a,0.05940491333603859,9
1369479428.0,1369479460.0,E:\o4a\1368973312\L1_1369477120_1369481216.hdf5,1369477120.0,1369481216.0,L1,O4a,0.070268914103508,9
1369479492.0,1369479524.0,E:\o4a\1368973312\L1_1369477120_1369481216.hdf5,1369477120.0,1369481216.0,L1,O4a,0.06590501219034195,9
1369479556.0,1369479588.0,E:\o4a\1368973312\L1_1369477120_1369481216.hdf5,1369477120.0,1369481216.0,L1,O4a,0.06832322478294373,9
1369544964.0,1369544996.0,E:\o4a\1369491712\L1_1369544960_1369549056.hdf5,1369544960.0,1369549056.0,L1,O4a,0.1090850681066513,10
1369545028.0,1369545060.0,E:\o4a\1369491712\L1_1369544960_1369549056.hdf5,1369544960.0,1369549056.0,L1,O4a,0.06207038462162018,10
1369545092.0,1369545124.0,E:\o4a\1369491712\L1_1369544960_1369549056.hdf5,1369544960.0,1369549056.0,L1,O4a,0.05856337025761604,10
1369545156.0,1369545188.0,E:\o4a\1369491712\L1_1369544960_1369549056.hdf5,1369544960.0,1369549056.0,L1,O4a,0.0554736852645874,10
1369545220.0,1369545252.0,E:\o4a\1369491712\L1_1369544960_1369549056.hdf5,1369544960.0,1369549056.0,L1,O4a,0.06247507780790329,10
1369545284.0,1369545316.0,E:\o4a\1369491712\L1_1369544960_1369549056.hdf5,1369544960.0,1369549056.0,L1,O4a,0.31871160864830017,10
1369545348.0,1369545380.0,E:\o4a\1369491712\L1_1369544960_1369549056.hdf5,1369544960.0,1369549056.0,L1,O4a,0.06552223861217499,10
1369545412.0,1369545444.0,E:\o4a\1369491712\L1_1369544960_1369549056.hdf5,1369544960.0,1369549056.0,L1,O4a,0.07934761792421341,10
1369545476.0,1369545508.0,E:\o4a\1369491712\L1_1369544960_1369549056.hdf5,1369544960.0,1369549056.0,L1,O4a,0.06054827943444252,10
1369545540.0,1369545572.0,E:\o4a\1369491712\L1_1369544960_1369549056.hdf5,1369544960.0,1369549056.0,L1,O4a,0.07624375075101852,10
1369545604.0,1369545636.0,E:\o4a\1369491712\L1_1369544960_1369549056.hdf5,1369544960.0,1369549056.0,L1,O4a,0.06819964945316315,10
1369545668.0,1369545700.0,E:\o4a\1369491712\L1_1369544960_1369549056.hdf5,1369544960.0,1369549056.0,L1,O4a,0.070987768471241,10
1369545732.0,1369545764.0,E:\o4a\1369491712\L1_1369544960_1369549056.hdf5,1369544960.0,1369549056.0,L1,O4a,0.06373618543148041,10
1369545796.0,1369545828.0,E:\o4a\1369491712\L1_1369544960_1369549056.hdf5,1369544960.0,1369549056.0,L1,O4a,0.05701678991317749,10
1369545860.0,1369545892.0,E:\o4a\1369491712\L1_1369544960_1369549056.hdf5,1369544960.0,1369549056.0,L1,O4a,0.05808604508638382,10
1369545924.0,1369545956.0,E:\o4a\1369491712\L1_1369544960_1369549056.hdf5,1369544960.0,1369549056.0,L1,O4a,0.06252183765172958,10
1369545988.0,1369546020.0,E:\o4a\1369491712\L1_1369544960_1369549056.hdf5,1369544960.0,1369549056.0,L1,O4a,0.06981751322746277,10
1369651972.0,1369652004.0,E:\o4a\1369491712\L1_1369651456_1369655552.hdf5,1369651456.0,1369655552.0,L1,O4a,0.05775948986411095,12
1369652036.0,1369652068.0,E:\o4a\1369491712\L1_1369651456_1369655552.hdf5,1369651456.0,1369655552.0,L1,O4a,0.060745660215616226,12
1369652100.0,1369652132.0,E:\o4a\1369491712\L1_1369651456_1369655552.hdf5,1369651456.0,1369655552.0,L1,O4a,0.0974217876791954,12
1369652164.0,1369652196.0,E:\o4a\1369491712\L1_1369651456_1369655552.hdf5,1369651456.0,1369655552.0,L1,O4a,0.06295400857925415,12
1369652228.0,1369652260.0,E:\o4a\1369491712\L1_1369651456_1369655552.hdf5,1369651456.0,1369655552.0,L1,O4a,0.07826178520917892,12
1369652292.0,1369652324.0,E:\o4a\1369491712\L1_1369651456_1369655552.hdf5,1369651456.0,1369655552.0,L1,O4a,0.054983217269182205,12
1369652356.0,1369652388.0,E:\o4a\1369491712\L1_1369651456_1369655552.hdf5,1369651456.0,1369655552.0,L1,O4a,0.0991339161992073,12
1369652420.0,1369652452.0,E:\o4a\1369491712\L1_1369651456_1369655552.hdf5,1369651456.0,1369655552.0,L1,O4a,0.05862026661634445,12
1369652484.0,1369652516.0,E:\o4a\1369491712\L1_1369651456_1369655552.hdf5,1369651456.0,1369655552.0,L1,O4a,0.07966552674770355,12
1369652548.0,1369652580.0,E:\o4a\1369491712\L1_1369651456_1369655552.hdf5,1369651456.0,1369655552.0,L1,O4a,0.08590598404407501,12
1369652612.0,1369652644.0,E:\o4a\1369491712\L1_1369651456_1369655552.hdf5,1369651456.0,1369655552.0,L1,O4a,0.06090331822633743,12
1369652676.0,1369652708.0,E:\o4a\1369491712\L1_1369651456_1369655552.hdf5,1369651456.0,1369655552.0,L1,O4a,0.05571470037102699,12
1369652740.0,1369652772.0,E:\o4a\1369491712\L1_1369651456_1369655552.hdf5,1369651456.0,1369655552.0,L1,O4a,0.057020604610443115,12
1369652804.0,1369652836.0,E:\o4a\1369491712\L1_1369651456_1369655552.hdf5,1369651456.0,1369655552.0,L1,O4a,0.07147318124771118,12
1369652868.0,1369652900.0,E:\o4a\1369491712\L1_1369651456_1369655552.hdf5,1369651456.0,1369655552.0,L1,O4a,0.07526911050081253,12
1369652932.0,1369652964.0,E:\o4a\1369491712\L1_1369651456_1369655552.hdf5,1369651456.0,1369655552.0,L1,O4a,0.06678836047649384,12
1369652996.0,1369653028.0,E:\o4a\1369491712\L1_1369651456_1369655552.hdf5,1369651456.0,1369655552.0,L1,O4a,0.05481019616127014,12
1369714564.0,1369714596.0,E:\o4a\1369491712\L1_1369712896_1369716992.hdf5,1369712896.0,1369716992.0,L1,O4a,0.06288131326436996,13
1369714628.0,1369714660.0,E:\o4a\1369491712\L1_1369712896_1369716992.hdf5,1369712896.0,1369716992.0,L1,O4a,0.056425970047712326,13
1369714692.0,1369714724.0,E:\o4a\1369491712\L1_1369712896_1369716992.hdf5,1369712896.0,1369716992.0,L1,O4a,0.06434677541255951,13
1369714756.0,1369714788.0,E:\o4a\1369491712\L1_1369712896_1369716992.hdf5,1369712896.0,1369716992.0,L1,O4a,0.05712802708148956,13
1369714820.0,1369714852.0,E:\o4a\1369491712\L1_1369712896_1369716992.hdf5,1369712896.0,1369716992.0,L1,O4a,0.06966838985681534,13
1369714884.0,1369714916.0,E:\o4a\1369491712\L1_1369712896_1369716992.hdf5,1369712896.0,1369716992.0,L1,O4a,0.06876181066036224,13
1369714948.0,1369714980.0,E:\o4a\1369491712\L1_1369712896_1369716992.hdf5,1369712896.0,1369716992.0,L1,O4a,0.056899696588516235,13
1369715012.0,1369715044.0,E:\o4a\1369491712\L1_1369712896_1369716992.hdf5,1369712896.0,1369716992.0,L1,O4a,0.05538769066333771,13
1369715076.0,1369715108.0,E:\o4a\1369491712\L1_1369712896_1369716992.hdf5,1369712896.0,1369716992.0,L1,O4a,0.057315364480018616,13
1369715140.0,1369715172.0,E:\o4a\1369491712\L1_1369712896_1369716992.hdf5,1369712896.0,1369716992.0,L1,O4a,0.05827894061803818,13
1369715204.0,1369715236.0,E:\o4a\1369491712\L1_1369712896_1369716992.hdf5,1369712896.0,1369716992.0,L1,O4a,0.06284553557634354,13
1369715268.0,1369715300.0,E:\o4a\1369491712\L1_1369712896_1369716992.hdf5,1369712896.0,1369716992.0,L1,O4a,0.07630622386932373,13
1369715332.0,1369715364.0,E:\o4a\1369491712\L1_1369712896_1369716992.hdf5,1369712896.0,1369716992.0,L1,O4a,0.06112346425652504,13
1369715396.0,1369715428.0,E:\o4a\1369491712\L1_1369712896_1369716992.hdf5,1369712896.0,1369716992.0,L1,O4a,0.06977575272321701,13
1369715460.0,1369715492.0,E:\o4a\1369491712\L1_1369712896_1369716992.hdf5,1369712896.0,1369716992.0,L1,O4a,0.057076580822467804,13
1369715524.0,1369715556.0,E:\o4a\1369491712\L1_1369712896_1369716992.hdf5,1369712896.0,1369716992.0,L1,O4a,0.07190922647714615,13
1369715588.0,1369715620.0,E:\o4a\1369491712\L1_1369712896_1369716992.hdf5,1369712896.0,1369716992.0,L1,O4a,0.08545535057783127,13
1369760132.0,1369760164.0,E:\o4a\1369491712\L1_1369757952_1369762048.hdf5,1369757952.0,1369762048.0,L1,O4a,0.055211424827575684,14
1369760196.0,1369760228.0,E:\o4a\1369491712\L1_1369757952_1369762048.hdf5,1369757952.0,1369762048.0,L1,O4a,0.06178781017661095,14
1369760260.0,1369760292.0,E:\o4a\1369491712\L1_1369757952_1369762048.hdf5,1369757952.0,1369762048.0,L1,O4a,0.05601811036467552,14
1369760324.0,1369760356.0,E:\o4a\1369491712\L1_1369757952_1369762048.hdf5,1369757952.0,1369762048.0,L1,O4a,0.0596097856760025,14
1369760388.0,1369760420.0,E:\o4a\1369491712\L1_1369757952_1369762048.hdf5,1369757952.0,1369762048.0,L1,O4a,0.07609716802835464,14
1369760452.0,1369760484.0,E:\o4a\1369491712\L1_1369757952_1369762048.hdf5,1369757952.0,1369762048.0,L1,O4a,0.07956771552562714,14
1369760516.0,1369760548.0,E:\o4a\1369491712\L1_1369757952_1369762048.hdf5,1369757952.0,1369762048.0,L1,O4a,0.08030793070793152,14
1369760580.0,1369760612.0,E:\o4a\1369491712\L1_1369757952_1369762048.hdf5,1369757952.0,1369762048.0,L1,O4a,0.05242342874407768,14
1369760644.0,1369760676.0,E:\o4a\1369491712\L1_1369757952_1369762048.hdf5,1369757952.0,1369762048.0,L1,O4a,0.06089596822857857,14
1369760708.0,1369760740.0,E:\o4a\1369491712\L1_1369757952_1369762048.hdf5,1369757952.0,1369762048.0,L1,O4a,0.06153778359293938,14
1369760772.0,1369760804.0,E:\o4a\1369491712\L1_1369757952_1369762048.hdf5,1369757952.0,1369762048.0,L1,O4a,0.06735630333423615,14
1369760836.0,1369760868.0,E:\o4a\1369491712\L1_1369757952_1369762048.hdf5,1369757952.0,1369762048.0,L1,O4a,0.05769402161240578,14
1369760900.0,1369760932.0,E:\o4a\1369491712\L1_1369757952_1369762048.hdf5,1369757952.0,1369762048.0,L1,O4a,0.0673372745513916,14
1369760964.0,1369760996.0,E:\o4a\1369491712\L1_1369757952_1369762048.hdf5,1369757952.0,1369762048.0,L1,O4a,0.17459414899349213,14
1369761028.0,1369761060.0,E:\o4a\1369491712\L1_1369757952_1369762048.hdf5,1369757952.0,1369762048.0,L1,O4a,0.0983099564909935,14
1369761092.0,1369761124.0,E:\o4a\1369491712\L1_1369757952_1369762048.hdf5,1369757952.0,1369762048.0,L1,O4a,0.05199660733342171,14
1369761156.0,1369761188.0,E:\o4a\1369491712\L1_1369757952_1369762048.hdf5,1369757952.0,1369762048.0,L1,O4a,0.057448744773864746,14
1369798916.0,1369798948.0,E:\o4a\1369491712\L1_1369798912_1369803008.hdf5,1369798912.0,1369803008.0,L1,O4a,0.05858350917696953,15
1369798980.0,1369799012.0,E:\o4a\1369491712\L1_1369798912_1369803008.hdf5,1369798912.0,1369803008.0,L1,O4a,0.0904296413064003,15
1369799044.0,1369799076.0,E:\o4a\1369491712\L1_1369798912_1369803008.hdf5,1369798912.0,1369803008.0,L1,O4a,0.05898169055581093,15
1369799108.0,1369799140.0,E:\o4a\1369491712\L1_1369798912_1369803008.hdf5,1369798912.0,1369803008.0,L1,O4a,0.060385800898075104,15
1369799172.0,1369799204.0,E:\o4a\1369491712\L1_1369798912_1369803008.hdf5,1369798912.0,1369803008.0,L1,O4a,0.06558618694543839,15
1369799236.0,1369799268.0,E:\o4a\1369491712\L1_1369798912_1369803008.hdf5,1369798912.0,1369803008.0,L1,O4a,0.0771273523569107,15
1369799300.0,1369799332.0,E:\o4a\1369491712\L1_1369798912_1369803008.hdf5,1369798912.0,1369803008.0,L1,O4a,0.057262856513261795,15
1369799364.0,1369799396.0,E:\o4a\1369491712\L1_1369798912_1369803008.hdf5,1369798912.0,1369803008.0,L1,O4a,0.07846564799547195,15
1369799428.0,1369799460.0,E:\o4a\1369491712\L1_1369798912_1369803008.hdf5,1369798912.0,1369803008.0,L1,O4a,0.05442577973008156,15
1369799492.0,1369799524.0,E:\o4a\1369491712\L1_1369798912_1369803008.hdf5,1369798912.0,1369803008.0,L1,O4a,0.06589684635400772,15
1369799556.0,1369799588.0,E:\o4a\1369491712\L1_1369798912_1369803008.hdf5,1369798912.0,1369803008.0,L1,O4a,0.060322314500808716,15
1369799620.0,1369799652.0,E:\o4a\1369491712\L1_1369798912_1369803008.hdf5,1369798912.0,1369803008.0,L1,O4a,0.07426675409078598,15
1369799684.0,1369799716.0,E:\o4a\1369491712\L1_1369798912_1369803008.hdf5,1369798912.0,1369803008.0,L1,O4a,0.05823956057429314,15
1369799748.0,1369799780.0,E:\o4a\1369491712\L1_1369798912_1369803008.hdf5,1369798912.0,1369803008.0,L1,O4a,0.06262782961130142,15
1369799812.0,1369799844.0,E:\o4a\1369491712\L1_1369798912_1369803008.hdf5,1369798912.0,1369803008.0,L1,O4a,0.06378138810396194,15
1369799876.0,1369799908.0,E:\o4a\1369491712\L1_1369798912_1369803008.hdf5,1369798912.0,1369803008.0,L1,O4a,0.05779523029923439,15
1369799940.0,1369799972.0,E:\o4a\1369491712\L1_1369798912_1369803008.hdf5,1369798912.0,1369803008.0,L1,O4a,0.0744469165802002,15
1369887620.0,1369887652.0,E:\o4a\1369491712\L1_1369884928_1369889024.hdf5,1369884928.0,1369889024.0,L1,O4a,0.06459879875183105,16
1369887684.0,1369887716.0,E:\o4a\1369491712\L1_1369884928_1369889024.hdf5,1369884928.0,1369889024.0,L1,O4a,0.05675233528017998,16
1369887748.0,1369887780.0,E:\o4a\1369491712\L1_1369884928_1369889024.hdf5,1369884928.0,1369889024.0,L1,O4a,0.06441879272460938,16
1369887812.0,1369887844.0,E:\o4a\1369491712\L1_1369884928_1369889024.hdf5,1369884928.0,1369889024.0,L1,O4a,0.07196464389562607,16
1369887876.0,1369887908.0,E:\o4a\1369491712\L1_1369884928_1369889024.hdf5,1369884928.0,1369889024.0,L1,O4a,0.06244806572794914,16
1369887940.0,1369887972.0,E:\o4a\1369491712\L1_1369884928_1369889024.hdf5,1369884928.0,1369889024.0,L1,O4a,0.06288236379623413,16
1369888004.0,1369888036.0,E:\o4a\1369491712\L1_1369884928_1369889024.hdf5,1369884928.0,1369889024.0,L1,O4a,0.0619160421192646,16
1369888068.0,1369888100.0,E:\o4a\1369491712\L1_1369884928_1369889024.hdf5,1369884928.0,1369889024.0,L1,O4a,0.060275863856077194,16
1369888132.0,1369888164.0,E:\o4a\1369491712\L1_1369884928_1369889024.hdf5,1369884928.0,1369889024.0,L1,O4a,0.05917734280228615,16
1369888196.0,1369888228.0,E:\o4a\1369491712\L1_1369884928_1369889024.hdf5,1369884928.0,1369889024.0,L1,O4a,0.0667867511510849,16
1369888260.0,1369888292.0,E:\o4a\1369491712\L1_1369884928_1369889024.hdf5,1369884928.0,1369889024.0,L1,O4a,0.05926996096968651,16
1369888324.0,1369888356.0,E:\o4a\1369491712\L1_1369884928_1369889024.hdf5,1369884928.0,1369889024.0,L1,O4a,0.06375937908887863,16
1369888388.0,1369888420.0,E:\o4a\1369491712\L1_1369884928_1369889024.hdf5,1369884928.0,1369889024.0,L1,O4a,0.057179905474185944,16
1369888452.0,1369888484.0,E:\o4a\1369491712\L1_1369884928_1369889024.hdf5,1369884928.0,1369889024.0,L1,O4a,0.05836741626262665,16
1369888516.0,1369888548.0,E:\o4a\1369491712\L1_1369884928_1369889024.hdf5,1369884928.0,1369889024.0,L1,O4a,0.10006498545408249,16
1369888580.0,1369888612.0,E:\o4a\1369491712\L1_1369884928_1369889024.hdf5,1369884928.0,1369889024.0,L1,O4a,0.056257303804159164,16
1369888644.0,1369888676.0,E:\o4a\1369491712\L1_1369884928_1369889024.hdf5,1369884928.0,1369889024.0,L1,O4a,0.0651128962635994,16
1369929988.0,1369930020.0,E:\o4a\1369491712\L1_1369929984_1369934080.hdf5,1369929984.0,1369934080.0,L1,O4a,0.08445126563310623,17
1369930052.0,1369930084.0,E:\o4a\1369491712\L1_1369929984_1369934080.hdf5,1369929984.0,1369934080.0,L1,O4a,0.07184050232172012,17
1369930116.0,1369930148.0,E:\o4a\1369491712\L1_1369929984_1369934080.hdf5,1369929984.0,1369934080.0,L1,O4a,0.05666370317339897,17
1369930180.0,1369930212.0,E:\o4a\1369491712\L1_1369929984_1369934080.hdf5,1369929984.0,1369934080.0,L1,O4a,0.0552511140704155,17
1369930244.0,1369930276.0,E:\o4a\1369491712\L1_1369929984_1369934080.hdf5,1369929984.0,1369934080.0,L1,O4a,0.06594222038984299,17
1369930308.0,1369930340.0,E:\o4a\1369491712\L1_1369929984_1369934080.hdf5,1369929984.0,1369934080.0,L1,O4a,0.059384822845458984,17
1369930372.0,1369930404.0,E:\o4a\1369491712\L1_1369929984_1369934080.hdf5,1369929984.0,1369934080.0,L1,O4a,0.0602538101375103,17
1369930436.0,1369930468.0,E:\o4a\1369491712\L1_1369929984_1369934080.hdf5,1369929984.0,1369934080.0,L1,O4a,0.07484909892082214,17
1369930500.0,1369930532.0,E:\o4a\1369491712\L1_1369929984_1369934080.hdf5,1369929984.0,1369934080.0,L1,O4a,0.062359362840652466,17
1369930564.0,1369930596.0,E:\o4a\1369491712\L1_1369929984_1369934080.hdf5,1369929984.0,1369934080.0,L1,O4a,0.060907840728759766,17
1369930628.0,1369930660.0,E:\o4a\1369491712\L1_1369929984_1369934080.hdf5,1369929984.0,1369934080.0,L1,O4a,0.0619492381811142,17
1369930692.0,1369930724.0,E:\o4a\1369491712\L1_1369929984_1369934080.hdf5,1369929984.0,1369934080.0,L1,O4a,0.10035521537065506,17
1369930756.0,1369930788.0,E:\o4a\1369491712\L1_1369929984_1369934080.hdf5,1369929984.0,1369934080.0,L1,O4a,0.06633006781339645,17
1369930820.0,1369930852.0,E:\o4a\1369491712\L1_1369929984_1369934080.hdf5,1369929984.0,1369934080.0,L1,O4a,0.06296204030513763,17
1369930884.0,1369930916.0,E:\o4a\1369491712\L1_1369929984_1369934080.hdf5,1369929984.0,1369934080.0,L1,O4a,0.07450773566961288,17
1369930948.0,1369930980.0,E:\o4a\1369491712\L1_1369929984_1369934080.hdf5,1369929984.0,1369934080.0,L1,O4a,0.07121226191520691,17
1369931012.0,1369931044.0,E:\o4a\1369491712\L1_1369929984_1369934080.hdf5,1369929984.0,1369934080.0,L1,O4a,0.06000524386763573,17
1369979140.0,1369979172.0,E:\o4a\1369491712\L1_1369979136_1369983232.hdf5,1369979136.0,1369983232.0,L1,O4a,0.07118487358093262,18
1369979204.0,1369979236.0,E:\o4a\1369491712\L1_1369979136_1369983232.hdf5,1369979136.0,1369983232.0,L1,O4a,0.05627591535449028,18
1369979268.0,1369979300.0,E:\o4a\1369491712\L1_1369979136_1369983232.hdf5,1369979136.0,1369983232.0,L1,O4a,0.06350033730268478,18
1369979332.0,1369979364.0,E:\o4a\1369491712\L1_1369979136_1369983232.hdf5,1369979136.0,1369983232.0,L1,O4a,0.06417547911405563,18
1369979396.0,1369979428.0,E:\o4a\1369491712\L1_1369979136_1369983232.hdf5,1369979136.0,1369983232.0,L1,O4a,0.0609072782099247,18
1369979460.0,1369979492.0,E:\o4a\1369491712\L1_1369979136_1369983232.hdf5,1369979136.0,1369983232.0,L1,O4a,0.0689234584569931,18
1369979524.0,1369979556.0,E:\o4a\1369491712\L1_1369979136_1369983232.hdf5,1369979136.0,1369983232.0,L1,O4a,0.06215174123644829,18
1369979588.0,1369979620.0,E:\o4a\1369491712\L1_1369979136_1369983232.hdf5,1369979136.0,1369983232.0,L1,O4a,0.06242670863866806,18
1369979652.0,1369979684.0,E:\o4a\1369491712\L1_1369979136_1369983232.hdf5,1369979136.0,1369983232.0,L1,O4a,0.11457772552967072,18
1369979716.0,1369979748.0,E:\o4a\1369491712\L1_1369979136_1369983232.hdf5,1369979136.0,1369983232.0,L1,O4a,0.05877738445997238,18
1369979780.0,1369979812.0,E:\o4a\1369491712\L1_1369979136_1369983232.hdf5,1369979136.0,1369983232.0,L1,O4a,0.05561003461480141,18
1369979844.0,1369979876.0,E:\o4a\1369491712\L1_1369979136_1369983232.hdf5,1369979136.0,1369983232.0,L1,O4a,0.08188539743423462,18
1369979908.0,1369979940.0,E:\o4a\1369491712\L1_1369979136_1369983232.hdf5,1369979136.0,1369983232.0,L1,O4a,0.07896996289491653,18
1369979972.0,1369980004.0,E:\o4a\1369491712\L1_1369979136_1369983232.hdf5,1369979136.0,1369983232.0,L1,O4a,0.061596281826496124,18
1369980036.0,1369980068.0,E:\o4a\1369491712\L1_1369979136_1369983232.hdf5,1369979136.0,1369983232.0,L1,O4a,0.061926595866680145,18
1369980100.0,1369980132.0,E:\o4a\1369491712\L1_1369979136_1369983232.hdf5,1369979136.0,1369983232.0,L1,O4a,0.06043711677193642,18
1369980164.0,1369980196.0,E:\o4a\1369491712\L1_1369979136_1369983232.hdf5,1369979136.0,1369983232.0,L1,O4a,0.07329193502664566,18
1370024068.0,1370024100.0,E:\o4a\1370010112\L1_1370022400_1370026496.hdf5,1370022400.0,1370026496.0,L1,O4a,0.062091756612062454,19
1370024132.0,1370024164.0,E:\o4a\1370010112\L1_1370022400_1370026496.hdf5,1370022400.0,1370026496.0,L1,O4a,0.055423714220523834,19
1370024196.0,1370024228.0,E:\o4a\1370010112\L1_1370022400_1370026496.hdf5,1370022400.0,1370026496.0,L1,O4a,0.059069640934467316,19
1370024260.0,1370024292.0,E:\o4a\1370010112\L1_1370022400_1370026496.hdf5,1370022400.0,1370026496.0,L1,O4a,0.0652155950665474,19
1370024324.0,1370024356.0,E:\o4a\1370010112\L1_1370022400_1370026496.hdf5,1370022400.0,1370026496.0,L1,O4a,0.058253802359104156,19
1370024388.0,1370024420.0,E:\o4a\1370010112\L1_1370022400_1370026496.hdf5,1370022400.0,1370026496.0,L1,O4a,0.06252086907625198,19
1370024452.0,1370024484.0,E:\o4a\1370010112\L1_1370022400_1370026496.hdf5,1370022400.0,1370026496.0,L1,O4a,0.056977279484272,19
1370024516.0,1370024548.0,E:\o4a\1370010112\L1_1370022400_1370026496.hdf5,1370022400.0,1370026496.0,L1,O4a,0.07687360793352127,19
1370024580.0,1370024612.0,E:\o4a\1370010112\L1_1370022400_1370026496.hdf5,1370022400.0,1370026496.0,L1,O4a,0.05797133222222328,19
1370024644.0,1370024676.0,E:\o4a\1370010112\L1_1370022400_1370026496.hdf5,1370022400.0,1370026496.0,L1,O4a,0.07027097791433334,19
1370024708.0,1370024740.0,E:\o4a\1370010112\L1_1370022400_1370026496.hdf5,1370022400.0,1370026496.0,L1,O4a,0.05860036239027977,19
1370024772.0,1370024804.0,E:\o4a\1370010112\L1_1370022400_1370026496.hdf5,1370022400.0,1370026496.0,L1,O4a,0.0544661208987236,19
1370024836.0,1370024868.0,E:\o4a\1370010112\L1_1370022400_1370026496.hdf5,1370022400.0,1370026496.0,L1,O4a,0.06457508355379105,19
1370024900.0,1370024932.0,E:\o4a\1370010112\L1_1370022400_1370026496.hdf5,1370022400.0,1370026496.0,L1,O4a,0.07139989733695984,19
1370024964.0,1370024996.0,E:\o4a\1370010112\L1_1370022400_1370026496.hdf5,1370022400.0,1370026496.0,L1,O4a,0.05379445105791092,19
1370025028.0,1370025060.0,E:\o4a\1370010112\L1_1370022400_1370026496.hdf5,1370022400.0,1370026496.0,L1,O4a,0.059676431119441986,19
1370025092.0,1370025124.0,E:\o4a\1370010112\L1_1370022400_1370026496.hdf5,1370022400.0,1370026496.0,L1,O4a,0.056836631149053574,19
1370073732.0,1370073764.0,E:\o4a\1370010112\L1_1370071552_1370075648.hdf5,1370071552.0,1370075648.0,L1,O4a,0.1614496409893036,20
1370073796.0,1370073828.0,E:\o4a\1370010112\L1_1370071552_1370075648.hdf5,1370071552.0,1370075648.0,L1,O4a,0.054288316518068314,20
1370073860.0,1370073892.0,E:\o4a\1370010112\L1_1370071552_1370075648.hdf5,1370071552.0,1370075648.0,L1,O4a,0.05844029411673546,20
1370073924.0,1370073956.0,E:\o4a\1370010112\L1_1370071552_1370075648.hdf5,1370071552.0,1370075648.0,L1,O4a,0.057218823581933975,20
1370073988.0,1370074020.0,E:\o4a\1370010112\L1_1370071552_1370075648.hdf5,1370071552.0,1370075648.0,L1,O4a,0.08230824023485184,20
1370074052.0,1370074084.0,E:\o4a\1370010112\L1_1370071552_1370075648.hdf5,1370071552.0,1370075648.0,L1,O4a,0.08838054537773132,20
1370074116.0,1370074148.0,E:\o4a\1370010112\L1_1370071552_1370075648.hdf5,1370071552.0,1370075648.0,L1,O4a,0.07533113658428192,20
1370074180.0,1370074212.0,E:\o4a\1370010112\L1_1370071552_1370075648.hdf5,1370071552.0,1370075648.0,L1,O4a,0.07348543405532837,20
1370074244.0,1370074276.0,E:\o4a\1370010112\L1_1370071552_1370075648.hdf5,1370071552.0,1370075648.0,L1,O4a,0.06594628840684891,20
1370074308.0,1370074340.0,E:\o4a\1370010112\L1_1370071552_1370075648.hdf5,1370071552.0,1370075648.0,L1,O4a,0.08575006574392319,20
1370074372.0,1370074404.0,E:\o4a\1370010112\L1_1370071552_1370075648.hdf5,1370071552.0,1370075648.0,L1,O4a,0.055487729609012604,20
1370074436.0,1370074468.0,E:\o4a\1370010112\L1_1370071552_1370075648.hdf5,1370071552.0,1370075648.0,L1,O4a,0.06283805519342422,20
1370074500.0,1370074532.0,E:\o4a\1370010112\L1_1370071552_1370075648.hdf5,1370071552.0,1370075648.0,L1,O4a,0.06675219535827637,20
1370074564.0,1370074596.0,E:\o4a\1370010112\L1_1370071552_1370075648.hdf5,1370071552.0,1370075648.0,L1,O4a,0.06399942934513092,20
1370074628.0,1370074660.0,E:\o4a\1370010112\L1_1370071552_1370075648.hdf5,1370071552.0,1370075648.0,L1,O4a,0.07155091315507889,20
1370074692.0,1370074724.0,E:\o4a\1370010112\L1_1370071552_1370075648.hdf5,1370071552.0,1370075648.0,L1,O4a,0.06284049153327942,20
1370074756.0,1370074788.0,E:\o4a\1370010112\L1_1370071552_1370075648.hdf5,1370071552.0,1370075648.0,L1,O4a,0.05216598138213158,20
1370150468.0,1370150500.0,E:\o4a\1370010112\L1_1370149376_1370153472.hdf5,1370149376.0,1370153472.0,L1,O4a,0.07295053452253342,21
1370150532.0,1370150564.0,E:\o4a\1370010112\L1_1370149376_1370153472.hdf5,1370149376.0,1370153472.0,L1,O4a,0.0651385709643364,21
1370150596.0,1370150628.0,E:\o4a\1370010112\L1_1370149376_1370153472.hdf5,1370149376.0,1370153472.0,L1,O4a,0.06639315187931061,21
1370150660.0,1370150692.0,E:\o4a\1370010112\L1_1370149376_1370153472.hdf5,1370149376.0,1370153472.0,L1,O4a,0.06689334660768509,21
1370150724.0,1370150756.0,E:\o4a\1370010112\L1_1370149376_1370153472.hdf5,1370149376.0,1370153472.0,L1,O4a,0.05718925967812538,21
1370150788.0,1370150820.0,E:\o4a\1370010112\L1_1370149376_1370153472.hdf5,1370149376.0,1370153472.0,L1,O4a,0.06118164211511612,21
1370150852.0,1370150884.0,E:\o4a\1370010112\L1_1370149376_1370153472.hdf5,1370149376.0,1370153472.0,L1,O4a,0.07831218838691711,21
1370150916.0,1370150948.0,E:\o4a\1370010112\L1_1370149376_1370153472.hdf5,1370149376.0,1370153472.0,L1,O4a,0.06199159473180771,21
1370150980.0,1370151012.0,E:\o4a\1370010112\L1_1370149376_1370153472.hdf5,1370149376.0,1370153472.0,L1,O4a,0.062227487564086914,21
1370151044.0,1370151076.0,E:\o4a\1370010112\L1_1370149376_1370153472.hdf5,1370149376.0,1370153472.0,L1,O4a,0.05833543837070465,21
1370151108.0,1370151140.0,E:\o4a\1370010112\L1_1370149376_1370153472.hdf5,1370149376.0,1370153472.0,L1,O4a,0.059237733483314514,21
1370151172.0,1370151204.0,E:\o4a\1370010112\L1_1370149376_1370153472.hdf5,1370149376.0,1370153472.0,L1,O4a,0.059389375150203705,21
1370151236.0,1370151268.0,E:\o4a\1370010112\L1_1370149376_1370153472.hdf5,1370149376.0,1370153472.0,L1,O4a,0.05914200097322464,21
1370151300.0,1370151332.0,E:\o4a\1370010112\L1_1370149376_1370153472.hdf5,1370149376.0,1370153472.0,L1,O4a,0.056513991206884384,21
1370151364.0,1370151396.0,E:\o4a\1370010112\L1_1370149376_1370153472.hdf5,1370149376.0,1370153472.0,L1,O4a,0.06399990618228912,21
1370151428.0,1370151460.0,E:\o4a\1370010112\L1_1370149376_1370153472.hdf5,1370149376.0,1370153472.0,L1,O4a,0.07756483554840088,21
1370151492.0,1370151524.0,E:\o4a\1370010112\L1_1370149376_1370153472.hdf5,1370149376.0,1370153472.0,L1,O4a,0.06459436565637589,21
1370209284.0,1370209316.0,E:\o4a\1370010112\L1_1370206720_1370210816.hdf5,1370206720.0,1370210816.0,L1,O4a,0.05930096283555031,22
1370209348.0,1370209380.0,E:\o4a\1370010112\L1_1370206720_1370210816.hdf5,1370206720.0,1370210816.0,L1,O4a,0.06467325240373611,22
1370209412.0,1370209444.0,E:\o4a\1370010112\L1_1370206720_1370210816.hdf5,1370206720.0,1370210816.0,L1,O4a,0.05911220610141754,22
1370209476.0,1370209508.0,E:\o4a\1370010112\L1_1370206720_1370210816.hdf5,1370206720.0,1370210816.0,L1,O4a,0.05926194041967392,22
1370209540.0,1370209572.0,E:\o4a\1370010112\L1_1370206720_1370210816.hdf5,1370206720.0,1370210816.0,L1,O4a,0.05865735188126564,22
1370209604.0,1370209636.0,E:\o4a\1370010112\L1_1370206720_1370210816.hdf5,1370206720.0,1370210816.0,L1,O4a,0.06116614118218422,22
1370209668.0,1370209700.0,E:\o4a\1370010112\L1_1370206720_1370210816.hdf5,1370206720.0,1370210816.0,L1,O4a,0.06537968665361404,22
1370209732.0,1370209764.0,E:\o4a\1370010112\L1_1370206720_1370210816.hdf5,1370206720.0,1370210816.0,L1,O4a,0.06528268754482269,22
1370209796.0,1370209828.0,E:\o4a\1370010112\L1_1370206720_1370210816.hdf5,1370206720.0,1370210816.0,L1,O4a,0.06565054506063461,22
1370209860.0,1370209892.0,E:\o4a\1370010112\L1_1370206720_1370210816.hdf5,1370206720.0,1370210816.0,L1,O4a,0.051014192402362823,22
1370209924.0,1370209956.0,E:\o4a\1370010112\L1_1370206720_1370210816.hdf5,1370206720.0,1370210816.0,L1,O4a,0.061146821826696396,22
1370209988.0,1370210020.0,E:\o4a\1370010112\L1_1370206720_1370210816.hdf5,1370206720.0,1370210816.0,L1,O4a,0.06344426423311234,22
1370210052.0,1370210084.0,E:\o4a\1370010112\L1_1370206720_1370210816.hdf5,1370206720.0,1370210816.0,L1,O4a,0.05655940994620323,22
1370210116.0,1370210148.0,E:\o4a\1370010112\L1_1370206720_1370210816.hdf5,1370206720.0,1370210816.0,L1,O4a,0.06147632375359535,22
1370210180.0,1370210212.0,E:\o4a\1370010112\L1_1370206720_1370210816.hdf5,1370206720.0,1370210816.0,L1,O4a,0.058078885078430176,22
1370210244.0,1370210276.0,E:\o4a\1370010112\L1_1370206720_1370210816.hdf5,1370206720.0,1370210816.0,L1,O4a,0.0555402971804142,22
1370210308.0,1370210340.0,E:\o4a\1370010112\L1_1370206720_1370210816.hdf5,1370206720.0,1370210816.0,L1,O4a,0.06616205722093582,22
1370255940.0,1370255972.0,E:\o4a\1370010112\L1_1370255872_1370259968.hdf5,1370255872.0,1370259968.0,L1,O4a,0.059698764234781265,23
1370256004.0,1370256036.0,E:\o4a\1370010112\L1_1370255872_1370259968.hdf5,1370255872.0,1370259968.0,L1,O4a,0.07657526433467865,23
1370256068.0,1370256100.0,E:\o4a\1370010112\L1_1370255872_1370259968.hdf5,1370255872.0,1370259968.0,L1,O4a,0.06270196288824081,23
1370256132.0,1370256164.0,E:\o4a\1370010112\L1_1370255872_1370259968.hdf5,1370255872.0,1370259968.0,L1,O4a,0.08220086246728897,23
1370256196.0,1370256228.0,E:\o4a\1370010112\L1_1370255872_1370259968.hdf5,1370255872.0,1370259968.0,L1,O4a,0.05541008338332176,23
1370256260.0,1370256292.0,E:\o4a\1370010112\L1_1370255872_1370259968.hdf5,1370255872.0,1370259968.0,L1,O4a,0.06625422090291977,23
1370256324.0,1370256356.0,E:\o4a\1370010112\L1_1370255872_1370259968.hdf5,1370255872.0,1370259968.0,L1,O4a,0.07001759856939316,23
1370256388.0,1370256420.0,E:\o4a\1370010112\L1_1370255872_1370259968.hdf5,1370255872.0,1370259968.0,L1,O4a,0.06536579132080078,23
1370256452.0,1370256484.0,E:\o4a\1370010112\L1_1370255872_1370259968.hdf5,1370255872.0,1370259968.0,L1,O4a,0.05848577991127968,23
1370256516.0,1370256548.0,E:\o4a\1370010112\L1_1370255872_1370259968.hdf5,1370255872.0,1370259968.0,L1,O4a,0.05870228633284569,23
1370256580.0,1370256612.0,E:\o4a\1370010112\L1_1370255872_1370259968.hdf5,1370255872.0,1370259968.0,L1,O4a,0.05601638928055763,23
1370256644.0,1370256676.0,E:\o4a\1370010112\L1_1370255872_1370259968.hdf5,1370255872.0,1370259968.0,L1,O4a,0.055463455617427826,23
1370256708.0,1370256740.0,E:\o4a\1370010112\L1_1370255872_1370259968.hdf5,1370255872.0,1370259968.0,L1,O4a,0.05849820375442505,23
1370256772.0,1370256804.0,E:\o4a\1370010112\L1_1370255872_1370259968.hdf5,1370255872.0,1370259968.0,L1,O4a,0.11360003054141998,23
1370256836.0,1370256868.0,E:\o4a\1370010112\L1_1370255872_1370259968.hdf5,1370255872.0,1370259968.0,L1,O4a,0.06127336621284485,23
1370256900.0,1370256932.0,E:\o4a\1370010112\L1_1370255872_1370259968.hdf5,1370255872.0,1370259968.0,L1,O4a,0.06022677198052406,23
1370256964.0,1370256996.0,E:\o4a\1370010112\L1_1370255872_1370259968.hdf5,1370255872.0,1370259968.0,L1,O4a,0.06077971309423447,23
1370314308.0,1370314340.0,E:\o4a\1370010112\L1_1370313216_1370317312.hdf5,1370313216.0,1370317312.0,L1,O4a,0.05982748046517372,24
1370314372.0,1370314404.0,E:\o4a\1370010112\L1_1370313216_1370317312.hdf5,1370313216.0,1370317312.0,L1,O4a,0.10154571384191513,24
1370314436.0,1370314468.0,E:\o4a\1370010112\L1_1370313216_1370317312.hdf5,1370313216.0,1370317312.0,L1,O4a,0.06365827471017838,24
1370314500.0,1370314532.0,E:\o4a\1370010112\L1_1370313216_1370317312.hdf5,1370313216.0,1370317312.0,L1,O4a,0.06053868308663368,24
1370314564.0,1370314596.0,E:\o4a\1370010112\L1_1370313216_1370317312.hdf5,1370313216.0,1370317312.0,L1,O4a,0.08688340336084366,24
1370314628.0,1370314660.0,E:\o4a\1370010112\L1_1370313216_1370317312.hdf5,1370313216.0,1370317312.0,L1,O4a,0.24281787872314453,24
1370314692.0,1370314724.0,E:\o4a\1370010112\L1_1370313216_1370317312.hdf5,1370313216.0,1370317312.0,L1,O4a,0.05749190226197243,24
1370314756.0,1370314788.0,E:\o4a\1370010112\L1_1370313216_1370317312.hdf5,1370313216.0,1370317312.0,L1,O4a,0.05606479197740555,24
1370314820.0,1370314852.0,E:\o4a\1370010112\L1_1370313216_1370317312.hdf5,1370313216.0,1370317312.0,L1,O4a,0.06092795357108116,24
1370314884.0,1370314916.0,E:\o4a\1370010112\L1_1370313216_1370317312.hdf5,1370313216.0,1370317312.0,L1,O4a,0.11393189430236816,24
1370314948.0,1370314980.0,E:\o4a\1370010112\L1_1370313216_1370317312.hdf5,1370313216.0,1370317312.0,L1,O4a,0.05855460464954376,24
1370315012.0,1370315044.0,E:\o4a\1370010112\L1_1370313216_1370317312.hdf5,1370313216.0,1370317312.0,L1,O4a,0.05818643420934677,24
1370315076.0,1370315108.0,E:\o4a\1370010112\L1_1370313216_1370317312.hdf5,1370313216.0,1370317312.0,L1,O4a,0.06105365604162216,24
1370315140.0,1370315172.0,E:\o4a\1370010112\L1_1370313216_1370317312.hdf5,1370313216.0,1370317312.0,L1,O4a,0.07877220958471298,24
1370315204.0,1370315236.0,E:\o4a\1370010112\L1_1370313216_1370317312.hdf5,1370313216.0,1370317312.0,L1,O4a,0.05423304811120033,24
1370315268.0,1370315300.0,E:\o4a\1370010112\L1_1370313216_1370317312.hdf5,1370313216.0,1370317312.0,L1,O4a,0.06052599102258682,24
1370315332.0,1370315364.0,E:\o4a\1370010112\L1_1370313216_1370317312.hdf5,1370313216.0,1370317312.0,L1,O4a,0.0553571917116642,24
1370408132.0,1370408164.0,E:\o4a\1370010112\L1_1370407424_1370411520.hdf5,1370407424.0,1370411520.0,L1,O4a,0.06496728211641312,26
1370408196.0,1370408228.0,E:\o4a\1370010112\L1_1370407424_1370411520.hdf5,1370407424.0,1370411520.0,L1,O4a,0.23910295963287354,26
1370408260.0,1370408292.0,E:\o4a\1370010112\L1_1370407424_1370411520.hdf5,1370407424.0,1370411520.0,L1,O4a,0.058730851858854294,26
1370408324.0,1370408356.0,E:\o4a\1370010112\L1_1370407424_1370411520.hdf5,1370407424.0,1370411520.0,L1,O4a,0.05699645355343819,26
1370408388.0,1370408420.0,E:\o4a\1370010112\L1_1370407424_1370411520.hdf5,1370407424.0,1370411520.0,L1,O4a,0.05820132791996002,26
1370408452.0,1370408484.0,E:\o4a\1370010112\L1_1370407424_1370411520.hdf5,1370407424.0,1370411520.0,L1,O4a,0.05764525383710861,26
1370408516.0,1370408548.0,E:\o4a\1370010112\L1_1370407424_1370411520.hdf5,1370407424.0,1370411520.0,L1,O4a,0.057247065007686615,26
1370408580.0,1370408612.0,E:\o4a\1370010112\L1_1370407424_1370411520.hdf5,1370407424.0,1370411520.0,L1,O4a,0.0689711719751358,26
1370408644.0,1370408676.0,E:\o4a\1370010112\L1_1370407424_1370411520.hdf5,1370407424.0,1370411520.0,L1,O4a,0.06587227433919907,26
1370408708.0,1370408740.0,E:\o4a\1370010112\L1_1370407424_1370411520.hdf5,1370407424.0,1370411520.0,L1,O4a,0.06473273783922195,26
1370408772.0,1370408804.0,E:\o4a\1370010112\L1_1370407424_1370411520.hdf5,1370407424.0,1370411520.0,L1,O4a,0.07802832871675491,26
1370408836.0,1370408868.0,E:\o4a\1370010112\L1_1370407424_1370411520.hdf5,1370407424.0,1370411520.0,L1,O4a,0.06333866715431213,26
1370408900.0,1370408932.0,E:\o4a\1370010112\L1_1370407424_1370411520.hdf5,1370407424.0,1370411520.0,L1,O4a,0.06505533307790756,26
1370408964.0,1370408996.0,E:\o4a\1370010112\L1_1370407424_1370411520.hdf5,1370407424.0,1370411520.0,L1,O4a,0.06144503876566887,26
1370409028.0,1370409060.0,E:\o4a\1370010112\L1_1370407424_1370411520.hdf5,1370407424.0,1370411520.0,L1,O4a,0.06412351876497269,26
1370409092.0,1370409124.0,E:\o4a\1370010112\L1_1370407424_1370411520.hdf5,1370407424.0,1370411520.0,L1,O4a,0.060236651450395584,26
1370409156.0,1370409188.0,E:\o4a\1370010112\L1_1370407424_1370411520.hdf5,1370407424.0,1370411520.0,L1,O4a,0.05973546579480171,26
1370465860.0,1370465892.0,E:\o4a\1370010112\L1_1370464768_1370468864.hdf5,1370464768.0,1370468864.0,L1,O4a,0.05683664605021477,27
1370465924.0,1370465956.0,E:\o4a\1370010112\L1_1370464768_1370468864.hdf5,1370464768.0,1370468864.0,L1,O4a,0.055250976234674454,27
1370465988.0,1370466020.0,E:\o4a\1370010112\L1_1370464768_1370468864.hdf5,1370464768.0,1370468864.0,L1,O4a,0.05576435104012489,27
1370466052.0,1370466084.0,E:\o4a\1370010112\L1_1370464768_1370468864.hdf5,1370464768.0,1370468864.0,L1,O4a,0.0641518235206604,27
1370466116.0,1370466148.0,E:\o4a\1370010112\L1_1370464768_1370468864.hdf5,1370464768.0,1370468864.0,L1,O4a,0.057042427361011505,27
1370466180.0,1370466212.0,E:\o4a\1370010112\L1_1370464768_1370468864.hdf5,1370464768.0,1370468864.0,L1,O4a,0.06386445462703705,27
1370466244.0,1370466276.0,E:\o4a\1370010112\L1_1370464768_1370468864.hdf5,1370464768.0,1370468864.0,L1,O4a,0.05866165831685066,27
1370466308.0,1370466340.0,E:\o4a\1370010112\L1_1370464768_1370468864.hdf5,1370464768.0,1370468864.0,L1,O4a,0.07005393505096436,27
1370466372.0,1370466404.0,E:\o4a\1370010112\L1_1370464768_1370468864.hdf5,1370464768.0,1370468864.0,L1,O4a,0.0731721892952919,27
1370466436.0,1370466468.0,E:\o4a\1370010112\L1_1370464768_1370468864.hdf5,1370464768.0,1370468864.0,L1,O4a,0.05910151079297066,27
1370466500.0,1370466532.0,E:\o4a\1370010112\L1_1370464768_1370468864.hdf5,1370464768.0,1370468864.0,L1,O4a,0.05630769580602646,27
1370466564.0,1370466596.0,E:\o4a\1370010112\L1_1370464768_1370468864.hdf5,1370464768.0,1370468864.0,L1,O4a,0.058916427195072174,27
1370466628.0,1370466660.0,E:\o4a\1370010112\L1_1370464768_1370468864.hdf5,1370464768.0,1370468864.0,L1,O4a,0.05646757036447525,27
1370466692.0,1370466724.0,E:\o4a\1370010112\L1_1370464768_1370468864.hdf5,1370464768.0,1370468864.0,L1,O4a,0.06950904428958893,27
1370466756.0,1370466788.0,E:\o4a\1370010112\L1_1370464768_1370468864.hdf5,1370464768.0,1370468864.0,L1,O4a,0.0686832070350647,27
1370466820.0,1370466852.0,E:\o4a\1370010112\L1_1370464768_1370468864.hdf5,1370464768.0,1370468864.0,L1,O4a,0.06017810478806496,27
1370466884.0,1370466916.0,E:\o4a\1370010112\L1_1370464768_1370468864.hdf5,1370464768.0,1370468864.0,L1,O4a,0.05877842754125595,27
1370505732.0,1370505764.0,E:\o4a\1370010112\L1_1370505728_1370509824.hdf5,1370505728.0,1370509824.0,L1,O4a,0.054273370653390884,28
1370505796.0,1370505828.0,E:\o4a\1370010112\L1_1370505728_1370509824.hdf5,1370505728.0,1370509824.0,L1,O4a,0.0561770536005497,28
1370505860.0,1370505892.0,E:\o4a\1370010112\L1_1370505728_1370509824.hdf5,1370505728.0,1370509824.0,L1,O4a,0.07479211688041687,28
1370505924.0,1370505956.0,E:\o4a\1370010112\L1_1370505728_1370509824.hdf5,1370505728.0,1370509824.0,L1,O4a,0.06337223201990128,28
1370505988.0,1370506020.0,E:\o4a\1370010112\L1_1370505728_1370509824.hdf5,1370505728.0,1370509824.0,L1,O4a,0.062244486063718796,28
1370506052.0,1370506084.0,E:\o4a\1370010112\L1_1370505728_1370509824.hdf5,1370505728.0,1370509824.0,L1,O4a,0.08104291558265686,28
1370506116.0,1370506148.0,E:\o4a\1370010112\L1_1370505728_1370509824.hdf5,1370505728.0,1370509824.0,L1,O4a,0.059605035930871964,28
1370506180.0,1370506212.0,E:\o4a\1370010112\L1_1370505728_1370509824.hdf5,1370505728.0,1370509824.0,L1,O4a,0.06737823039293289,28
1370506244.0,1370506276.0,E:\o4a\1370010112\L1_1370505728_1370509824.hdf5,1370505728.0,1370509824.0,L1,O4a,0.056534670293331146,28
1370506308.0,1370506340.0,E:\o4a\1370010112\L1_1370505728_1370509824.hdf5,1370505728.0,1370509824.0,L1,O4a,0.05976076051592827,28
1370506372.0,1370506404.0,E:\o4a\1370010112\L1_1370505728_1370509824.hdf5,1370505728.0,1370509824.0,L1,O4a,0.06560533493757248,28
1370506436.0,1370506468.0,E:\o4a\1370010112\L1_1370505728_1370509824.hdf5,1370505728.0,1370509824.0,L1,O4a,0.06289061158895493,28
1370506500.0,1370506532.0,E:\o4a\1370010112\L1_1370505728_1370509824.hdf5,1370505728.0,1370509824.0,L1,O4a,0.06163935735821724,28
1370506564.0,1370506596.0,E:\o4a\1370010112\L1_1370505728_1370509824.hdf5,1370505728.0,1370509824.0,L1,O4a,0.06211362034082413,28
1370506628.0,1370506660.0,E:\o4a\1370010112\L1_1370505728_1370509824.hdf5,1370505728.0,1370509824.0,L1,O4a,0.061750974506139755,28
1370506692.0,1370506724.0,E:\o4a\1370010112\L1_1370505728_1370509824.hdf5,1370505728.0,1370509824.0,L1,O4a,0.06400244683027267,28
1370506756.0,1370506788.0,E:\o4a\1370010112\L1_1370505728_1370509824.hdf5,1370505728.0,1370509824.0,L1,O4a,0.06409582495689392,28
1370547076.0,1370547108.0,E:\o4a\1370528512\L1_1370544896_1370548992.hdf5,1370544896.0,1370548992.0,L1,O4a,0.05508558079600334,29
1370547140.0,1370547172.0,E:\o4a\1370528512\L1_1370544896_1370548992.hdf5,1370544896.0,1370548992.0,L1,O4a,0.06339776515960693,29
1370547204.0,1370547236.0,E:\o4a\1370528512\L1_1370544896_1370548992.hdf5,1370544896.0,1370548992.0,L1,O4a,0.05512423440814018,29
1370547268.0,1370547300.0,E:\o4a\1370528512\L1_1370544896_1370548992.hdf5,1370544896.0,1370548992.0,L1,O4a,0.06628016382455826,29
1370547332.0,1370547364.0,E:\o4a\1370528512\L1_1370544896_1370548992.hdf5,1370544896.0,1370548992.0,L1,O4a,0.07037916034460068,29
1370547396.0,1370547428.0,E:\o4a\1370528512\L1_1370544896_1370548992.hdf5,1370544896.0,1370548992.0,L1,O4a,0.05855805426836014,29
1370547460.0,1370547492.0,E:\o4a\1370528512\L1_1370544896_1370548992.hdf5,1370544896.0,1370548992.0,L1,O4a,0.06300102174282074,29
1370547524.0,1370547556.0,E:\o4a\1370528512\L1_1370544896_1370548992.hdf5,1370544896.0,1370548992.0,L1,O4a,0.05518156290054321,29
1370547588.0,1370547620.0,E:\o4a\1370528512\L1_1370544896_1370548992.hdf5,1370544896.0,1370548992.0,L1,O4a,0.06108187884092331,29
1370547652.0,1370547684.0,E:\o4a\1370528512\L1_1370544896_1370548992.hdf5,1370544896.0,1370548992.0,L1,O4a,0.05700025334954262,29
1370547716.0,1370547748.0,E:\o4a\1370528512\L1_1370544896_1370548992.hdf5,1370544896.0,1370548992.0,L1,O4a,0.10094955563545227,29
1370547780.0,1370547812.0,E:\o4a\1370528512\L1_1370544896_1370548992.hdf5,1370544896.0,1370548992.0,L1,O4a,0.05409843847155571,29
1370547844.0,1370547876.0,E:\o4a\1370528512\L1_1370544896_1370548992.hdf5,1370544896.0,1370548992.0,L1,O4a,0.07578577846288681,29
1370547908.0,1370547940.0,E:\o4a\1370528512\L1_1370544896_1370548992.hdf5,1370544896.0,1370548992.0,L1,O4a,0.06795017421245575,29
1370547972.0,1370548004.0,E:\o4a\1370528512\L1_1370544896_1370548992.hdf5,1370544896.0,1370548992.0,L1,O4a,0.05289941653609276,29
1370548036.0,1370548068.0,E:\o4a\1370528512\L1_1370544896_1370548992.hdf5,1370544896.0,1370548992.0,L1,O4a,0.05991671234369278,29
1370548100.0,1370548132.0,E:\o4a\1370528512\L1_1370544896_1370548992.hdf5,1370544896.0,1370548992.0,L1,O4a,0.06260258704423904,29
1370600388.0,1370600420.0,E:\o4a\1370528512\L1_1370598144_1370602240.hdf5,1370598144.0,1370602240.0,L1,O4a,0.06433499604463577,30
1370600452.0,1370600484.0,E:\o4a\1370528512\L1_1370598144_1370602240.hdf5,1370598144.0,1370602240.0,L1,O4a,0.05836382508277893,30
1370600516.0,1370600548.0,E:\o4a\1370528512\L1_1370598144_1370602240.hdf5,1370598144.0,1370602240.0,L1,O4a,0.08284331858158112,30
1370600580.0,1370600612.0,E:\o4a\1370528512\L1_1370598144_1370602240.hdf5,1370598144.0,1370602240.0,L1,O4a,0.061072371900081635,30
1370600644.0,1370600676.0,E:\o4a\1370528512\L1_1370598144_1370602240.hdf5,1370598144.0,1370602240.0,L1,O4a,0.056714560836553574,30
1370600708.0,1370600740.0,E:\o4a\1370528512\L1_1370598144_1370602240.hdf5,1370598144.0,1370602240.0,L1,O4a,0.05849573761224747,30
1370600772.0,1370600804.0,E:\o4a\1370528512\L1_1370598144_1370602240.hdf5,1370598144.0,1370602240.0,L1,O4a,0.0538518913090229,30
1370600836.0,1370600868.0,E:\o4a\1370528512\L1_1370598144_1370602240.hdf5,1370598144.0,1370602240.0,L1,O4a,0.05718212202191353,30
1370600900.0,1370600932.0,E:\o4a\1370528512\L1_1370598144_1370602240.hdf5,1370598144.0,1370602240.0,L1,O4a,0.06643514335155487,30
1370600964.0,1370600996.0,E:\o4a\1370528512\L1_1370598144_1370602240.hdf5,1370598144.0,1370602240.0,L1,O4a,0.05700278282165527,30
1370601028.0,1370601060.0,E:\o4a\1370528512\L1_1370598144_1370602240.hdf5,1370598144.0,1370602240.0,L1,O4a,0.05922304838895798,30
1370601092.0,1370601124.0,E:\o4a\1370528512\L1_1370598144_1370602240.hdf5,1370598144.0,1370602240.0,L1,O4a,0.0574227012693882,30
1370601156.0,1370601188.0,E:\o4a\1370528512\L1_1370598144_1370602240.hdf5,1370598144.0,1370602240.0,L1,O4a,0.07105013728141785,30
1370601220.0,1370601252.0,E:\o4a\1370528512\L1_1370598144_1370602240.hdf5,1370598144.0,1370602240.0,L1,O4a,0.06017111986875534,30
1370601284.0,1370601316.0,E:\o4a\1370528512\L1_1370598144_1370602240.hdf5,1370598144.0,1370602240.0,L1,O4a,0.06399323046207428,30
1370601348.0,1370601380.0,E:\o4a\1370528512\L1_1370598144_1370602240.hdf5,1370598144.0,1370602240.0,L1,O4a,0.06286323815584183,30
1370601412.0,1370601444.0,E:\o4a\1370528512\L1_1370598144_1370602240.hdf5,1370598144.0,1370602240.0,L1,O4a,0.06601361930370331,30
1370651780.0,1370651812.0,E:\o4a\1370528512\L1_1370651392_1370655488.hdf5,1370651392.0,1370655488.0,L1,O4a,0.06188103184103966,31
1370651844.0,1370651876.0,E:\o4a\1370528512\L1_1370651392_1370655488.hdf5,1370651392.0,1370655488.0,L1,O4a,0.059854667633771896,31
1370651908.0,1370651940.0,E:\o4a\1370528512\L1_1370651392_1370655488.hdf5,1370651392.0,1370655488.0,L1,O4a,0.06357744336128235,31
1370651972.0,1370652004.0,E:\o4a\1370528512\L1_1370651392_1370655488.hdf5,1370651392.0,1370655488.0,L1,O4a,0.061967696994543076,31
1370652036.0,1370652068.0,E:\o4a\1370528512\L1_1370651392_1370655488.hdf5,1370651392.0,1370655488.0,L1,O4a,0.05458300933241844,31
1370652100.0,1370652132.0,E:\o4a\1370528512\L1_1370651392_1370655488.hdf5,1370651392.0,1370655488.0,L1,O4a,0.06139807775616646,31
1370652164.0,1370652196.0,E:\o4a\1370528512\L1_1370651392_1370655488.hdf5,1370651392.0,1370655488.0,L1,O4a,0.05632103979587555,31
1370652228.0,1370652260.0,E:\o4a\1370528512\L1_1370651392_1370655488.hdf5,1370651392.0,1370655488.0,L1,O4a,0.05706292763352394,31
1370652292.0,1370652324.0,E:\o4a\1370528512\L1_1370651392_1370655488.hdf5,1370651392.0,1370655488.0,L1,O4a,0.06494712829589844,31
1370652356.0,1370652388.0,E:\o4a\1370528512\L1_1370651392_1370655488.hdf5,1370651392.0,1370655488.0,L1,O4a,0.06553689390420914,31
1370652420.0,1370652452.0,E:\o4a\1370528512\L1_1370651392_1370655488.hdf5,1370651392.0,1370655488.0,L1,O4a,0.05463102459907532,31
1370652484.0,1370652516.0,E:\o4a\1370528512\L1_1370651392_1370655488.hdf5,1370651392.0,1370655488.0,L1,O4a,0.055825624614953995,31
1370652548.0,1370652580.0,E:\o4a\1370528512\L1_1370651392_1370655488.hdf5,1370651392.0,1370655488.0,L1,O4a,0.06731861084699631,31
1370652612.0,1370652644.0,E:\o4a\1370528512\L1_1370651392_1370655488.hdf5,1370651392.0,1370655488.0,L1,O4a,0.06002652645111084,31
1370652676.0,1370652708.0,E:\o4a\1370528512\L1_1370651392_1370655488.hdf5,1370651392.0,1370655488.0,L1,O4a,0.1039661392569542,31
1370652740.0,1370652772.0,E:\o4a\1370528512\L1_1370651392_1370655488.hdf5,1370651392.0,1370655488.0,L1,O4a,0.05595049634575844,31
1370652804.0,1370652836.0,E:\o4a\1370528512\L1_1370651392_1370655488.hdf5,1370651392.0,1370655488.0,L1,O4a,0.056128088384866714,31
1370722116.0,1370722148.0,E:\o4a\1370528512\L1_1370721024_1370725120.hdf5,1370721024.0,1370725120.0,L1,O4a,0.06115501746535301,32
1370722180.0,1370722212.0,E:\o4a\1370528512\L1_1370721024_1370725120.hdf5,1370721024.0,1370725120.0,L1,O4a,0.06463905423879623,32
1370722244.0,1370722276.0,E:\o4a\1370528512\L1_1370721024_1370725120.hdf5,1370721024.0,1370725120.0,L1,O4a,0.059301938861608505,32
1370722308.0,1370722340.0,E:\o4a\1370528512\L1_1370721024_1370725120.hdf5,1370721024.0,1370725120.0,L1,O4a,0.06889685243368149,32
1370722372.0,1370722404.0,E:\o4a\1370528512\L1_1370721024_1370725120.hdf5,1370721024.0,1370725120.0,L1,O4a,0.05889366567134857,32
1370722436.0,1370722468.0,E:\o4a\1370528512\L1_1370721024_1370725120.hdf5,1370721024.0,1370725120.0,L1,O4a,0.06113237515091896,32
1370722500.0,1370722532.0,E:\o4a\1370528512\L1_1370721024_1370725120.hdf5,1370721024.0,1370725120.0,L1,O4a,0.05854031443595886,32
1370722564.0,1370722596.0,E:\o4a\1370528512\L1_1370721024_1370725120.hdf5,1370721024.0,1370725120.0,L1,O4a,0.05597715079784393,32
1370722628.0,1370722660.0,E:\o4a\1370528512\L1_1370721024_1370725120.hdf5,1370721024.0,1370725120.0,L1,O4a,0.06044205650687218,32
1370722692.0,1370722724.0,E:\o4a\1370528512\L1_1370721024_1370725120.hdf5,1370721024.0,1370725120.0,L1,O4a,0.06576872617006302,32
1370722756.0,1370722788.0,E:\o4a\1370528512\L1_1370721024_1370725120.hdf5,1370721024.0,1370725120.0,L1,O4a,0.05950697883963585,32
1370722820.0,1370722852.0,E:\o4a\1370528512\L1_1370721024_1370725120.hdf5,1370721024.0,1370725120.0,L1,O4a,0.06682168692350388,32
1370722884.0,1370722916.0,E:\o4a\1370528512\L1_1370721024_1370725120.hdf5,1370721024.0,1370725120.0,L1,O4a,0.062202516943216324,32
1370722948.0,1370722980.0,E:\o4a\1370528512\L1_1370721024_1370725120.hdf5,1370721024.0,1370725120.0,L1,O4a,0.06372949481010437,32
1370723012.0,1370723044.0,E:\o4a\1370528512\L1_1370721024_1370725120.hdf5,1370721024.0,1370725120.0,L1,O4a,0.05720677971839905,32
1370723076.0,1370723108.0,E:\o4a\1370528512\L1_1370721024_1370725120.hdf5,1370721024.0,1370725120.0,L1,O4a,0.05426519364118576,32
1370723140.0,1370723172.0,E:\o4a\1370528512\L1_1370721024_1370725120.hdf5,1370721024.0,1370725120.0,L1,O4a,0.08089687675237656,32
1370778884.0,1370778916.0,E:\o4a\1370528512\L1_1370778368_1370782464.hdf5,1370778368.0,1370782464.0,L1,O4a,0.10006429255008698,33
1370778948.0,1370778980.0,E:\o4a\1370528512\L1_1370778368_1370782464.hdf5,1370778368.0,1370782464.0,L1,O4a,0.06457097828388214,33
1370779012.0,1370779044.0,E:\o4a\1370528512\L1_1370778368_1370782464.hdf5,1370778368.0,1370782464.0,L1,O4a,0.06928041577339172,33
1370779076.0,1370779108.0,E:\o4a\1370528512\L1_1370778368_1370782464.hdf5,1370778368.0,1370782464.0,L1,O4a,0.06590604782104492,33
1370779140.0,1370779172.0,E:\o4a\1370528512\L1_1370778368_1370782464.hdf5,1370778368.0,1370782464.0,L1,O4a,0.0897580236196518,33
1370779204.0,1370779236.0,E:\o4a\1370528512\L1_1370778368_1370782464.hdf5,1370778368.0,1370782464.0,L1,O4a,0.06897398829460144,33
1370779268.0,1370779300.0,E:\o4a\1370528512\L1_1370778368_1370782464.hdf5,1370778368.0,1370782464.0,L1,O4a,0.07381405681371689,33
1370779332.0,1370779364.0,E:\o4a\1370528512\L1_1370778368_1370782464.hdf5,1370778368.0,1370782464.0,L1,O4a,0.055979639291763306,33
1370779396.0,1370779428.0,E:\o4a\1370528512\L1_1370778368_1370782464.hdf5,1370778368.0,1370782464.0,L1,O4a,0.06760402023792267,33
1370779460.0,1370779492.0,E:\o4a\1370528512\L1_1370778368_1370782464.hdf5,1370778368.0,1370782464.0,L1,O4a,0.10382919013500214,33
1370779524.0,1370779556.0,E:\o4a\1370528512\L1_1370778368_1370782464.hdf5,1370778368.0,1370782464.0,L1,O4a,0.058712925761938095,33
1370779588.0,1370779620.0,E:\o4a\1370528512\L1_1370778368_1370782464.hdf5,1370778368.0,1370782464.0,L1,O4a,0.05682482570409775,33
1370779652.0,1370779684.0,E:\o4a\1370528512\L1_1370778368_1370782464.hdf5,1370778368.0,1370782464.0,L1,O4a,0.07670755684375763,33
1370779716.0,1370779748.0,E:\o4a\1370528512\L1_1370778368_1370782464.hdf5,1370778368.0,1370782464.0,L1,O4a,0.06159726157784462,33
1370779780.0,1370779812.0,E:\o4a\1370528512\L1_1370778368_1370782464.hdf5,1370778368.0,1370782464.0,L1,O4a,0.12788133323192596,33
1370779844.0,1370779876.0,E:\o4a\1370528512\L1_1370778368_1370782464.hdf5,1370778368.0,1370782464.0,L1,O4a,0.06576598435640335,33
1370779908.0,1370779940.0,E:\o4a\1370528512\L1_1370778368_1370782464.hdf5,1370778368.0,1370782464.0,L1,O4a,0.05482698231935501,33
1370976836.0,1370976868.0,E:\o4a\1370528512\L1_1370974976_1370979072.hdf5,1370974976.0,1370979072.0,L1,O4a,0.07518817484378815,36
1370976900.0,1370976932.0,E:\o4a\1370528512\L1_1370974976_1370979072.hdf5,1370974976.0,1370979072.0,L1,O4a,0.06962016224861145,36
1370976964.0,1370976996.0,E:\o4a\1370528512\L1_1370974976_1370979072.hdf5,1370974976.0,1370979072.0,L1,O4a,0.10953199118375778,36
1370977028.0,1370977060.0,E:\o4a\1370528512\L1_1370974976_1370979072.hdf5,1370974976.0,1370979072.0,L1,O4a,0.05436998978257179,36
1370977092.0,1370977124.0,E:\o4a\1370528512\L1_1370974976_1370979072.hdf5,1370974976.0,1370979072.0,L1,O4a,0.05989949777722359,36
1370977156.0,1370977188.0,E:\o4a\1370528512\L1_1370974976_1370979072.hdf5,1370974976.0,1370979072.0,L1,O4a,0.06179787218570709,36
1370977220.0,1370977252.0,E:\o4a\1370528512\L1_1370974976_1370979072.hdf5,1370974976.0,1370979072.0,L1,O4a,0.05518980696797371,36
1370977284.0,1370977316.0,E:\o4a\1370528512\L1_1370974976_1370979072.hdf5,1370974976.0,1370979072.0,L1,O4a,0.0822112187743187,36
1370977348.0,1370977380.0,E:\o4a\1370528512\L1_1370974976_1370979072.hdf5,1370974976.0,1370979072.0,L1,O4a,0.053865447640419006,36
1370977412.0,1370977444.0,E:\o4a\1370528512\L1_1370974976_1370979072.hdf5,1370974976.0,1370979072.0,L1,O4a,0.055334437638521194,36
1370977476.0,1370977508.0,E:\o4a\1370528512\L1_1370974976_1370979072.hdf5,1370974976.0,1370979072.0,L1,O4a,0.11036040633916855,36
1370977540.0,1370977572.0,E:\o4a\1370528512\L1_1370974976_1370979072.hdf5,1370974976.0,1370979072.0,L1,O4a,0.05519355088472366,36
1370977604.0,1370977636.0,E:\o4a\1370528512\L1_1370974976_1370979072.hdf5,1370974976.0,1370979072.0,L1,O4a,0.06188366189599037,36
1370977668.0,1370977700.0,E:\o4a\1370528512\L1_1370974976_1370979072.hdf5,1370974976.0,1370979072.0,L1,O4a,0.07415604591369629,36
1370977732.0,1370977764.0,E:\o4a\1370528512\L1_1370974976_1370979072.hdf5,1370974976.0,1370979072.0,L1,O4a,0.06909217685461044,36
1370977796.0,1370977828.0,E:\o4a\1370528512\L1_1370974976_1370979072.hdf5,1370974976.0,1370979072.0,L1,O4a,0.09954509884119034,36
1370977860.0,1370977892.0,E:\o4a\1370528512\L1_1370974976_1370979072.hdf5,1370974976.0,1370979072.0,L1,O4a,0.06512539833784103,36
1371036420.0,1371036452.0,E:\o4a\1370528512\L1_1371036416_1371040512.hdf5,1371036416.0,1371040512.0,L1,O4a,0.06657695025205612,37
1371036484.0,1371036516.0,E:\o4a\1370528512\L1_1371036416_1371040512.hdf5,1371036416.0,1371040512.0,L1,O4a,0.08091944456100464,37
1371036548.0,1371036580.0,E:\o4a\1370528512\L1_1371036416_1371040512.hdf5,1371036416.0,1371040512.0,L1,O4a,0.07048813253641129,37
1371036612.0,1371036644.0,E:\o4a\1370528512\L1_1371036416_1371040512.hdf5,1371036416.0,1371040512.0,L1,O4a,0.059545308351516724,37
1371036676.0,1371036708.0,E:\o4a\1370528512\L1_1371036416_1371040512.hdf5,1371036416.0,1371040512.0,L1,O4a,0.05461721494793892,37
1371036740.0,1371036772.0,E:\o4a\1370528512\L1_1371036416_1371040512.hdf5,1371036416.0,1371040512.0,L1,O4a,0.06127239763736725,37
1371036804.0,1371036836.0,E:\o4a\1370528512\L1_1371036416_1371040512.hdf5,1371036416.0,1371040512.0,L1,O4a,0.06541984528303146,37
1371036868.0,1371036900.0,E:\o4a\1370528512\L1_1371036416_1371040512.hdf5,1371036416.0,1371040512.0,L1,O4a,0.06839144974946976,37
1371036932.0,1371036964.0,E:\o4a\1370528512\L1_1371036416_1371040512.hdf5,1371036416.0,1371040512.0,L1,O4a,0.0648265853524208,37
1371036996.0,1371037028.0,E:\o4a\1370528512\L1_1371036416_1371040512.hdf5,1371036416.0,1371040512.0,L1,O4a,0.0644538626074791,37
1371037060.0,1371037092.0,E:\o4a\1370528512\L1_1371036416_1371040512.hdf5,1371036416.0,1371040512.0,L1,O4a,0.05725286155939102,37
1371037124.0,1371037156.0,E:\o4a\1370528512\L1_1371036416_1371040512.hdf5,1371036416.0,1371040512.0,L1,O4a,0.0580628477036953,37
1371037188.0,1371037220.0,E:\o4a\1370528512\L1_1371036416_1371040512.hdf5,1371036416.0,1371040512.0,L1,O4a,0.06171201169490814,37
1371037252.0,1371037284.0,E:\o4a\1370528512\L1_1371036416_1371040512.hdf5,1371036416.0,1371040512.0,L1,O4a,0.05939304083585739,37
1371037316.0,1371037348.0,E:\o4a\1370528512\L1_1371036416_1371040512.hdf5,1371036416.0,1371040512.0,L1,O4a,0.05767572298645973,37
1371037380.0,1371037412.0,E:\o4a\1370528512\L1_1371036416_1371040512.hdf5,1371036416.0,1371040512.0,L1,O4a,0.05927049368619919,37
1371037444.0,1371037476.0,E:\o4a\1370528512\L1_1371036416_1371040512.hdf5,1371036416.0,1371040512.0,L1,O4a,0.08124195784330368,37
1371094724.0,1371094756.0,E:\o4a\1371046912\L1_1371091968_1371096064.hdf5,1371091968.0,1371096064.0,L1,O4a,0.06292759627103806,38
1371094788.0,1371094820.0,E:\o4a\1371046912\L1_1371091968_1371096064.hdf5,1371091968.0,1371096064.0,L1,O4a,0.060494158416986465,38
1371094852.0,1371094884.0,E:\o4a\1371046912\L1_1371091968_1371096064.hdf5,1371091968.0,1371096064.0,L1,O4a,0.06560584157705307,38
1371094916.0,1371094948.0,E:\o4a\1371046912\L1_1371091968_1371096064.hdf5,1371091968.0,1371096064.0,L1,O4a,0.06875912100076675,38
1371094980.0,1371095012.0,E:\o4a\1371046912\L1_1371091968_1371096064.hdf5,1371091968.0,1371096064.0,L1,O4a,0.059111252427101135,38
1371095044.0,1371095076.0,E:\o4a\1371046912\L1_1371091968_1371096064.hdf5,1371091968.0,1371096064.0,L1,O4a,0.41829925775527954,38
1371095108.0,1371095140.0,E:\o4a\1371046912\L1_1371091968_1371096064.hdf5,1371091968.0,1371096064.0,L1,O4a,0.0658126175403595,38
1371095172.0,1371095204.0,E:\o4a\1371046912\L1_1371091968_1371096064.hdf5,1371091968.0,1371096064.0,L1,O4a,0.05938005447387695,38
1371095236.0,1371095268.0,E:\o4a\1371046912\L1_1371091968_1371096064.hdf5,1371091968.0,1371096064.0,L1,O4a,0.07307791709899902,38
1371095300.0,1371095332.0,E:\o4a\1371046912\L1_1371091968_1371096064.hdf5,1371091968.0,1371096064.0,L1,O4a,0.06256385147571564,38
1371095364.0,1371095396.0,E:\o4a\1371046912\L1_1371091968_1371096064.hdf5,1371091968.0,1371096064.0,L1,O4a,0.05790668725967407,38
1371095428.0,1371095460.0,E:\o4a\1371046912\L1_1371091968_1371096064.hdf5,1371091968.0,1371096064.0,L1,O4a,0.2819828987121582,38
1371095492.0,1371095524.0,E:\o4a\1371046912\L1_1371091968_1371096064.hdf5,1371091968.0,1371096064.0,L1,O4a,0.05499846488237381,38
1371095556.0,1371095588.0,E:\o4a\1371046912\L1_1371091968_1371096064.hdf5,1371091968.0,1371096064.0,L1,O4a,0.05690465867519379,38
1371095620.0,1371095652.0,E:\o4a\1371046912\L1_1371091968_1371096064.hdf5,1371091968.0,1371096064.0,L1,O4a,0.07658953964710236,38
1371095684.0,1371095716.0,E:\o4a\1371046912\L1_1371091968_1371096064.hdf5,1371091968.0,1371096064.0,L1,O4a,0.053241048008203506,38
1371095748.0,1371095780.0,E:\o4a\1371046912\L1_1371091968_1371096064.hdf5,1371091968.0,1371096064.0,L1,O4a,0.0647478699684143,38
1371132932.0,1371132964.0,E:\o4a\1371046912\L1_1371132928_1371137024.hdf5,1371132928.0,1371137024.0,L1,O4a,0.05667024478316307,39
1371132996.0,1371133028.0,E:\o4a\1371046912\L1_1371132928_1371137024.hdf5,1371132928.0,1371137024.0,L1,O4a,0.05569427087903023,39
1371133060.0,1371133092.0,E:\o4a\1371046912\L1_1371132928_1371137024.hdf5,1371132928.0,1371137024.0,L1,O4a,0.06121772900223732,39
1371133124.0,1371133156.0,E:\o4a\1371046912\L1_1371132928_1371137024.hdf5,1371132928.0,1371137024.0,L1,O4a,0.06444650143384933,39
1371133188.0,1371133220.0,E:\o4a\1371046912\L1_1371132928_1371137024.hdf5,1371132928.0,1371137024.0,L1,O4a,0.06113792955875397,39
1371133252.0,1371133284.0,E:\o4a\1371046912\L1_1371132928_1371137024.hdf5,1371132928.0,1371137024.0,L1,O4a,0.05159742757678032,39
1371133316.0,1371133348.0,E:\o4a\1371046912\L1_1371132928_1371137024.hdf5,1371132928.0,1371137024.0,L1,O4a,0.06368821859359741,39
1371133380.0,1371133412.0,E:\o4a\1371046912\L1_1371132928_1371137024.hdf5,1371132928.0,1371137024.0,L1,O4a,0.06249089166522026,39
1371133444.0,1371133476.0,E:\o4a\1371046912\L1_1371132928_1371137024.hdf5,1371132928.0,1371137024.0,L1,O4a,0.05520924925804138,39
1371133508.0,1371133540.0,E:\o4a\1371046912\L1_1371132928_1371137024.hdf5,1371132928.0,1371137024.0,L1,O4a,0.05872925743460655,39
1371133572.0,1371133604.0,E:\o4a\1371046912\L1_1371132928_1371137024.hdf5,1371132928.0,1371137024.0,L1,O4a,0.06061582639813423,39
1371133636.0,1371133668.0,E:\o4a\1371046912\L1_1371132928_1371137024.hdf5,1371132928.0,1371137024.0,L1,O4a,0.06651905924081802,39
1371133700.0,1371133732.0,E:\o4a\1371046912\L1_1371132928_1371137024.hdf5,1371132928.0,1371137024.0,L1,O4a,0.44831880927085876,39
1371133764.0,1371133796.0,E:\o4a\1371046912\L1_1371132928_1371137024.hdf5,1371132928.0,1371137024.0,L1,O4a,0.06576436012983322,39
1371133828.0,1371133860.0,E:\o4a\1371046912\L1_1371132928_1371137024.hdf5,1371132928.0,1371137024.0,L1,O4a,0.05534607917070389,39
1371133892.0,1371133924.0,E:\o4a\1371046912\L1_1371132928_1371137024.hdf5,1371132928.0,1371137024.0,L1,O4a,0.0745120719075203,39
1371133956.0,1371133988.0,E:\o4a\1371046912\L1_1371132928_1371137024.hdf5,1371132928.0,1371137024.0,L1,O4a,0.08400628715753555,39
1371192708.0,1371192740.0,E:\o4a\1371046912\L1_1371190272_1371194368.hdf5,1371190272.0,1371194368.0,L1,O4a,0.0654713436961174,40
1371192772.0,1371192804.0,E:\o4a\1371046912\L1_1371190272_1371194368.hdf5,1371190272.0,1371194368.0,L1,O4a,0.06040618196129799,40
1371192836.0,1371192868.0,E:\o4a\1371046912\L1_1371190272_1371194368.hdf5,1371190272.0,1371194368.0,L1,O4a,0.06132116913795471,40
1371192900.0,1371192932.0,E:\o4a\1371046912\L1_1371190272_1371194368.hdf5,1371190272.0,1371194368.0,L1,O4a,0.07889749109745026,40
1371192964.0,1371192996.0,E:\o4a\1371046912\L1_1371190272_1371194368.hdf5,1371190272.0,1371194368.0,L1,O4a,0.05652588978409767,40
1371193028.0,1371193060.0,E:\o4a\1371046912\L1_1371190272_1371194368.hdf5,1371190272.0,1371194368.0,L1,O4a,0.0795133113861084,40
1371193092.0,1371193124.0,E:\o4a\1371046912\L1_1371190272_1371194368.hdf5,1371190272.0,1371194368.0,L1,O4a,0.05591064319014549,40
1371193156.0,1371193188.0,E:\o4a\1371046912\L1_1371190272_1371194368.hdf5,1371190272.0,1371194368.0,L1,O4a,0.06113569810986519,40
1371193220.0,1371193252.0,E:\o4a\1371046912\L1_1371190272_1371194368.hdf5,1371190272.0,1371194368.0,L1,O4a,0.07441948354244232,40
1371193284.0,1371193316.0,E:\o4a\1371046912\L1_1371190272_1371194368.hdf5,1371190272.0,1371194368.0,L1,O4a,0.0602254793047905,40
1371193348.0,1371193380.0,E:\o4a\1371046912\L1_1371190272_1371194368.hdf5,1371190272.0,1371194368.0,L1,O4a,0.06418830156326294,40
1371193412.0,1371193444.0,E:\o4a\1371046912\L1_1371190272_1371194368.hdf5,1371190272.0,1371194368.0,L1,O4a,0.061480578035116196,40
1371193476.0,1371193508.0,E:\o4a\1371046912\L1_1371190272_1371194368.hdf5,1371190272.0,1371194368.0,L1,O4a,0.06287965923547745,40
1371193540.0,1371193572.0,E:\o4a\1371046912\L1_1371190272_1371194368.hdf5,1371190272.0,1371194368.0,L1,O4a,0.07423898577690125,40
1371193604.0,1371193636.0,E:\o4a\1371046912\L1_1371190272_1371194368.hdf5,1371190272.0,1371194368.0,L1,O4a,0.06157854199409485,40
1371193668.0,1371193700.0,E:\o4a\1371046912\L1_1371190272_1371194368.hdf5,1371190272.0,1371194368.0,L1,O4a,0.06911718100309372,40
1371193732.0,1371193764.0,E:\o4a\1371046912\L1_1371190272_1371194368.hdf5,1371190272.0,1371194368.0,L1,O4a,0.17084015905857086,40
1371253316.0,1371253348.0,E:\o4a\1371046912\L1_1371251712_1371255808.hdf5,1371251712.0,1371255808.0,L1,O4a,0.06083342805504799,41
1371253380.0,1371253412.0,E:\o4a\1371046912\L1_1371251712_1371255808.hdf5,1371251712.0,1371255808.0,L1,O4a,0.06230856478214264,41
1371253444.0,1371253476.0,E:\o4a\1371046912\L1_1371251712_1371255808.hdf5,1371251712.0,1371255808.0,L1,O4a,0.05389588698744774,41
1371253508.0,1371253540.0,E:\o4a\1371046912\L1_1371251712_1371255808.hdf5,1371251712.0,1371255808.0,L1,O4a,0.0642399787902832,41
1371253572.0,1371253604.0,E:\o4a\1371046912\L1_1371251712_1371255808.hdf5,1371251712.0,1371255808.0,L1,O4a,0.05141213908791542,41
1371253636.0,1371253668.0,E:\o4a\1371046912\L1_1371251712_1371255808.hdf5,1371251712.0,1371255808.0,L1,O4a,0.05753525346517563,41
1371253700.0,1371253732.0,E:\o4a\1371046912\L1_1371251712_1371255808.hdf5,1371251712.0,1371255808.0,L1,O4a,0.0625891163945198,41
1371253764.0,1371253796.0,E:\o4a\1371046912\L1_1371251712_1371255808.hdf5,1371251712.0,1371255808.0,L1,O4a,0.058011919260025024,41
1371253828.0,1371253860.0,E:\o4a\1371046912\L1_1371251712_1371255808.hdf5,1371251712.0,1371255808.0,L1,O4a,0.06300613284111023,41
1371253892.0,1371253924.0,E:\o4a\1371046912\L1_1371251712_1371255808.hdf5,1371251712.0,1371255808.0,L1,O4a,0.055013906210660934,41
1371253956.0,1371253988.0,E:\o4a\1371046912\L1_1371251712_1371255808.hdf5,1371251712.0,1371255808.0,L1,O4a,0.05010949447751045,41
1371254020.0,1371254052.0,E:\o4a\1371046912\L1_1371251712_1371255808.hdf5,1371251712.0,1371255808.0,L1,O4a,0.06111253798007965,41
1371254084.0,1371254116.0,E:\o4a\1371046912\L1_1371251712_1371255808.hdf5,1371251712.0,1371255808.0,L1,O4a,0.05546129494905472,41
1371254148.0,1371254180.0,E:\o4a\1371046912\L1_1371251712_1371255808.hdf5,1371251712.0,1371255808.0,L1,O4a,0.0730196014046669,41
1371254212.0,1371254244.0,E:\o4a\1371046912\L1_1371251712_1371255808.hdf5,1371251712.0,1371255808.0,L1,O4a,0.06761480122804642,41
1371254276.0,1371254308.0,E:\o4a\1371046912\L1_1371251712_1371255808.hdf5,1371251712.0,1371255808.0,L1,O4a,0.05711706355214119,41
1371254340.0,1371254372.0,E:\o4a\1371046912\L1_1371251712_1371255808.hdf5,1371251712.0,1371255808.0,L1,O4a,0.08024843782186508,41
1371332420.0,1371332452.0,E:\o4a\1371046912\L1_1371329536_1371333632.hdf5,1371329536.0,1371333632.0,L1,O4a,0.10348471254110336,42
1371332484.0,1371332516.0,E:\o4a\1371046912\L1_1371329536_1371333632.hdf5,1371329536.0,1371333632.0,L1,O4a,0.11045395582914352,42
1371332548.0,1371332580.0,E:\o4a\1371046912\L1_1371329536_1371333632.hdf5,1371329536.0,1371333632.0,L1,O4a,0.06667014956474304,42
1371332612.0,1371332644.0,E:\o4a\1371046912\L1_1371329536_1371333632.hdf5,1371329536.0,1371333632.0,L1,O4a,0.05635084956884384,42
1371332676.0,1371332708.0,E:\o4a\1371046912\L1_1371329536_1371333632.hdf5,1371329536.0,1371333632.0,L1,O4a,0.07642238587141037,42
1371332740.0,1371332772.0,E:\o4a\1371046912\L1_1371329536_1371333632.hdf5,1371329536.0,1371333632.0,L1,O4a,0.07412907481193542,42
1371332804.0,1371332836.0,E:\o4a\1371046912\L1_1371329536_1371333632.hdf5,1371329536.0,1371333632.0,L1,O4a,0.07600492238998413,42
1371332868.0,1371332900.0,E:\o4a\1371046912\L1_1371329536_1371333632.hdf5,1371329536.0,1371333632.0,L1,O4a,0.0582062266767025,42
1371332932.0,1371332964.0,E:\o4a\1371046912\L1_1371329536_1371333632.hdf5,1371329536.0,1371333632.0,L1,O4a,0.06759338080883026,42
1371332996.0,1371333028.0,E:\o4a\1371046912\L1_1371329536_1371333632.hdf5,1371329536.0,1371333632.0,L1,O4a,0.08500037342309952,42
1371333060.0,1371333092.0,E:\o4a\1371046912\L1_1371329536_1371333632.hdf5,1371329536.0,1371333632.0,L1,O4a,0.060863763093948364,42
1371333124.0,1371333156.0,E:\o4a\1371046912\L1_1371329536_1371333632.hdf5,1371329536.0,1371333632.0,L1,O4a,0.08105601370334625,42
1371333188.0,1371333220.0,E:\o4a\1371046912\L1_1371329536_1371333632.hdf5,1371329536.0,1371333632.0,L1,O4a,0.07227063179016113,42
1371333252.0,1371333284.0,E:\o4a\1371046912\L1_1371329536_1371333632.hdf5,1371329536.0,1371333632.0,L1,O4a,0.06434565037488937,42
1371333316.0,1371333348.0,E:\o4a\1371046912\L1_1371329536_1371333632.hdf5,1371329536.0,1371333632.0,L1,O4a,0.0869854986667633,42
1371333380.0,1371333412.0,E:\o4a\1371046912\L1_1371329536_1371333632.hdf5,1371329536.0,1371333632.0,L1,O4a,0.08367310464382172,42
1371333444.0,1371333476.0,E:\o4a\1371046912\L1_1371329536_1371333632.hdf5,1371329536.0,1371333632.0,L1,O4a,0.09400264918804169,42
1371378820.0,1371378852.0,E:\o4a\1371046912\L1_1371378688_1371382784.hdf5,1371378688.0,1371382784.0,L1,O4a,0.061151280999183655,43
1371378884.0,1371378916.0,E:\o4a\1371046912\L1_1371378688_1371382784.hdf5,1371378688.0,1371382784.0,L1,O4a,0.06694520264863968,43
1371378948.0,1371378980.0,E:\o4a\1371046912\L1_1371378688_1371382784.hdf5,1371378688.0,1371382784.0,L1,O4a,0.11175605654716492,43
1371379012.0,1371379044.0,E:\o4a\1371046912\L1_1371378688_1371382784.hdf5,1371378688.0,1371382784.0,L1,O4a,0.08916980028152466,43
1371379076.0,1371379108.0,E:\o4a\1371046912\L1_1371378688_1371382784.hdf5,1371378688.0,1371382784.0,L1,O4a,0.052495263516902924,43
1371379140.0,1371379172.0,E:\o4a\1371046912\L1_1371378688_1371382784.hdf5,1371378688.0,1371382784.0,L1,O4a,0.05699630454182625,43
1371379204.0,1371379236.0,E:\o4a\1371046912\L1_1371378688_1371382784.hdf5,1371378688.0,1371382784.0,L1,O4a,0.06157616898417473,43
1371379268.0,1371379300.0,E:\o4a\1371046912\L1_1371378688_1371382784.hdf5,1371378688.0,1371382784.0,L1,O4a,0.05726466327905655,43
1371379332.0,1371379364.0,E:\o4a\1371046912\L1_1371378688_1371382784.hdf5,1371378688.0,1371382784.0,L1,O4a,0.07105445116758347,43
1371379396.0,1371379428.0,E:\o4a\1371046912\L1_1371378688_1371382784.hdf5,1371378688.0,1371382784.0,L1,O4a,0.06457001715898514,43
1371379460.0,1371379492.0,E:\o4a\1371046912\L1_1371378688_1371382784.hdf5,1371378688.0,1371382784.0,L1,O4a,0.08890461921691895,43
1371379524.0,1371379556.0,E:\o4a\1371046912\L1_1371378688_1371382784.hdf5,1371378688.0,1371382784.0,L1,O4a,0.0603877454996109,43
1371379588.0,1371379620.0,E:\o4a\1371046912\L1_1371378688_1371382784.hdf5,1371378688.0,1371382784.0,L1,O4a,0.060264769941568375,43
1371379652.0,1371379684.0,E:\o4a\1371046912\L1_1371378688_1371382784.hdf5,1371378688.0,1371382784.0,L1,O4a,0.05273943766951561,43
1371379716.0,1371379748.0,E:\o4a\1371046912\L1_1371378688_1371382784.hdf5,1371378688.0,1371382784.0,L1,O4a,0.08193902671337128,43
1371379780.0,1371379812.0,E:\o4a\1371046912\L1_1371378688_1371382784.hdf5,1371378688.0,1371382784.0,L1,O4a,0.07172492146492004,43
1371379844.0,1371379876.0,E:\o4a\1371046912\L1_1371378688_1371382784.hdf5,1371378688.0,1371382784.0,L1,O4a,0.06338318437337875,43
1371437252.0,1371437284.0,E:\o4a\1371046912\L1_1371436032_1371440128.hdf5,1371436032.0,1371440128.0,L1,O4a,0.06613656133413315,44
1371437316.0,1371437348.0,E:\o4a\1371046912\L1_1371436032_1371440128.hdf5,1371436032.0,1371440128.0,L1,O4a,0.05704169347882271,44
1371437380.0,1371437412.0,E:\o4a\1371046912\L1_1371436032_1371440128.hdf5,1371436032.0,1371440128.0,L1,O4a,0.06749410182237625,44
1371437444.0,1371437476.0,E:\o4a\1371046912\L1_1371436032_1371440128.hdf5,1371436032.0,1371440128.0,L1,O4a,0.0652986690402031,44
1371437508.0,1371437540.0,E:\o4a\1371046912\L1_1371436032_1371440128.hdf5,1371436032.0,1371440128.0,L1,O4a,0.05767751857638359,44
1371437572.0,1371437604.0,E:\o4a\1371046912\L1_1371436032_1371440128.hdf5,1371436032.0,1371440128.0,L1,O4a,0.06078049913048744,44
1371437636.0,1371437668.0,E:\o4a\1371046912\L1_1371436032_1371440128.hdf5,1371436032.0,1371440128.0,L1,O4a,0.05824480950832367,44
1371437700.0,1371437732.0,E:\o4a\1371046912\L1_1371436032_1371440128.hdf5,1371436032.0,1371440128.0,L1,O4a,0.06638284027576447,44
1371437764.0,1371437796.0,E:\o4a\1371046912\L1_1371436032_1371440128.hdf5,1371436032.0,1371440128.0,L1,O4a,0.06848583370447159,44
1371437828.0,1371437860.0,E:\o4a\1371046912\L1_1371436032_1371440128.hdf5,1371436032.0,1371440128.0,L1,O4a,0.056641269475221634,44
1371437892.0,1371437924.0,E:\o4a\1371046912\L1_1371436032_1371440128.hdf5,1371436032.0,1371440128.0,L1,O4a,0.06293414533138275,44
1371437956.0,1371437988.0,E:\o4a\1371046912\L1_1371436032_1371440128.hdf5,1371436032.0,1371440128.0,L1,O4a,0.06550582498311996,44
1371438020.0,1371438052.0,E:\o4a\1371046912\L1_1371436032_1371440128.hdf5,1371436032.0,1371440128.0,L1,O4a,0.06658852845430374,44
1371438084.0,1371438116.0,E:\o4a\1371046912\L1_1371436032_1371440128.hdf5,1371436032.0,1371440128.0,L1,O4a,0.0652799978852272,44
1371438148.0,1371438180.0,E:\o4a\1371046912\L1_1371436032_1371440128.hdf5,1371436032.0,1371440128.0,L1,O4a,0.06403934210538864,44
1371438212.0,1371438244.0,E:\o4a\1371046912\L1_1371436032_1371440128.hdf5,1371436032.0,1371440128.0,L1,O4a,0.05916183814406395,44
1371438276.0,1371438308.0,E:\o4a\1371046912\L1_1371436032_1371440128.hdf5,1371436032.0,1371440128.0,L1,O4a,0.06666254997253418,44
1371542532.0,1371542564.0,E:\o4a\1371046912\L1_1371542528_1371546624.hdf5,1371542528.0,1371546624.0,L1,O4a,0.06535258144140244,46
1371542596.0,1371542628.0,E:\o4a\1371046912\L1_1371542528_1371546624.hdf5,1371542528.0,1371546624.0,L1,O4a,0.06042841076850891,46
1371542660.0,1371542692.0,E:\o4a\1371046912\L1_1371542528_1371546624.hdf5,1371542528.0,1371546624.0,L1,O4a,0.0705687403678894,46
1371542724.0,1371542756.0,E:\o4a\1371046912\L1_1371542528_1371546624.hdf5,1371542528.0,1371546624.0,L1,O4a,0.2194913923740387,46
1371542788.0,1371542820.0,E:\o4a\1371046912\L1_1371542528_1371546624.hdf5,1371542528.0,1371546624.0,L1,O4a,0.08624541014432907,46
1371542852.0,1371542884.0,E:\o4a\1371046912\L1_1371542528_1371546624.hdf5,1371542528.0,1371546624.0,L1,O4a,0.054766684770584106,46
1371542916.0,1371542948.0,E:\o4a\1371046912\L1_1371542528_1371546624.hdf5,1371542528.0,1371546624.0,L1,O4a,0.05464913696050644,46
1371542980.0,1371543012.0,E:\o4a\1371046912\L1_1371542528_1371546624.hdf5,1371542528.0,1371546624.0,L1,O4a,0.05957545340061188,46
1371543044.0,1371543076.0,E:\o4a\1371046912\L1_1371542528_1371546624.hdf5,1371542528.0,1371546624.0,L1,O4a,0.059199247509241104,46
1371543108.0,1371543140.0,E:\o4a\1371046912\L1_1371542528_1371546624.hdf5,1371542528.0,1371546624.0,L1,O4a,0.08205839991569519,46
1371543172.0,1371543204.0,E:\o4a\1371046912\L1_1371542528_1371546624.hdf5,1371542528.0,1371546624.0,L1,O4a,0.056489553302526474,46
1371543236.0,1371543268.0,E:\o4a\1371046912\L1_1371542528_1371546624.hdf5,1371542528.0,1371546624.0,L1,O4a,0.07089832425117493,46
1371543300.0,1371543332.0,E:\o4a\1371046912\L1_1371542528_1371546624.hdf5,1371542528.0,1371546624.0,L1,O4a,0.22290033102035522,46
1371543364.0,1371543396.0,E:\o4a\1371046912\L1_1371542528_1371546624.hdf5,1371542528.0,1371546624.0,L1,O4a,0.0561736635863781,46
1371543428.0,1371543460.0,E:\o4a\1371046912\L1_1371542528_1371546624.hdf5,1371542528.0,1371546624.0,L1,O4a,0.05688076093792915,46
1371543492.0,1371543524.0,E:\o4a\1371046912\L1_1371542528_1371546624.hdf5,1371542528.0,1371546624.0,L1,O4a,0.06689764559268951,46
1371543556.0,1371543588.0,E:\o4a\1371046912\L1_1371542528_1371546624.hdf5,1371542528.0,1371546624.0,L1,O4a,0.06521226465702057,46
1371622660.0,1371622692.0,E:\o4a\1371565312\L1_1371622656_1371626752.hdf5,1371622656.0,1371626752.0,L1,O4a,0.0546400211751461,48
1371622724.0,1371622756.0,E:\o4a\1371565312\L1_1371622656_1371626752.hdf5,1371622656.0,1371626752.0,L1,O4a,0.05672672390937805,48
1371622788.0,1371622820.0,E:\o4a\1371565312\L1_1371622656_1371626752.hdf5,1371622656.0,1371626752.0,L1,O4a,0.05790228024125099,48
1371622852.0,1371622884.0,E:\o4a\1371565312\L1_1371622656_1371626752.hdf5,1371622656.0,1371626752.0,L1,O4a,0.08612760901451111,48
1371622916.0,1371622948.0,E:\o4a\1371565312\L1_1371622656_1371626752.hdf5,1371622656.0,1371626752.0,L1,O4a,0.05864131450653076,48
1371622980.0,1371623012.0,E:\o4a\1371565312\L1_1371622656_1371626752.hdf5,1371622656.0,1371626752.0,L1,O4a,0.06436900794506073,48
1371623044.0,1371623076.0,E:\o4a\1371565312\L1_1371622656_1371626752.hdf5,1371622656.0,1371626752.0,L1,O4a,0.10285622626543045,48
1371623108.0,1371623140.0,E:\o4a\1371565312\L1_1371622656_1371626752.hdf5,1371622656.0,1371626752.0,L1,O4a,0.07580103725194931,48
1371623172.0,1371623204.0,E:\o4a\1371565312\L1_1371622656_1371626752.hdf5,1371622656.0,1371626752.0,L1,O4a,0.05963042378425598,48
1371623236.0,1371623268.0,E:\o4a\1371565312\L1_1371622656_1371626752.hdf5,1371622656.0,1371626752.0,L1,O4a,0.055977001786231995,48
1371623300.0,1371623332.0,E:\o4a\1371565312\L1_1371622656_1371626752.hdf5,1371622656.0,1371626752.0,L1,O4a,0.05857646092772484,48
1371623364.0,1371623396.0,E:\o4a\1371565312\L1_1371622656_1371626752.hdf5,1371622656.0,1371626752.0,L1,O4a,0.05783390253782272,48
1371623428.0,1371623460.0,E:\o4a\1371565312\L1_1371622656_1371626752.hdf5,1371622656.0,1371626752.0,L1,O4a,0.07920767366886139,48
1371623492.0,1371623524.0,E:\o4a\1371565312\L1_1371622656_1371626752.hdf5,1371622656.0,1371626752.0,L1,O4a,0.0635857954621315,48
1371623556.0,1371623588.0,E:\o4a\1371565312\L1_1371622656_1371626752.hdf5,1371622656.0,1371626752.0,L1,O4a,0.060798320919275284,48
1371623620.0,1371623652.0,E:\o4a\1371565312\L1_1371622656_1371626752.hdf5,1371622656.0,1371626752.0,L1,O4a,0.05907614901661873,48
1371623684.0,1371623716.0,E:\o4a\1371565312\L1_1371622656_1371626752.hdf5,1371622656.0,1371626752.0,L1,O4a,0.06264124065637589,48
1371664708.0,1371664740.0,E:\o4a\1371565312\L1_1371663616_1371667712.hdf5,1371663616.0,1371667712.0,L1,O4a,0.0645885169506073,49
1371664772.0,1371664804.0,E:\o4a\1371565312\L1_1371663616_1371667712.hdf5,1371663616.0,1371667712.0,L1,O4a,0.055144134908914566,49
1371664836.0,1371664868.0,E:\o4a\1371565312\L1_1371663616_1371667712.hdf5,1371663616.0,1371667712.0,L1,O4a,0.06183791160583496,49
1371664900.0,1371664932.0,E:\o4a\1371565312\L1_1371663616_1371667712.hdf5,1371663616.0,1371667712.0,L1,O4a,0.06311984360218048,49
1371664964.0,1371664996.0,E:\o4a\1371565312\L1_1371663616_1371667712.hdf5,1371663616.0,1371667712.0,L1,O4a,0.05736156925559044,49
1371665028.0,1371665060.0,E:\o4a\1371565312\L1_1371663616_1371667712.hdf5,1371663616.0,1371667712.0,L1,O4a,0.05484876409173012,49
1371665092.0,1371665124.0,E:\o4a\1371565312\L1_1371663616_1371667712.hdf5,1371663616.0,1371667712.0,L1,O4a,0.061025507748126984,49
1371665156.0,1371665188.0,E:\o4a\1371565312\L1_1371663616_1371667712.hdf5,1371663616.0,1371667712.0,L1,O4a,0.054906342178583145,49
1371665220.0,1371665252.0,E:\o4a\1371565312\L1_1371663616_1371667712.hdf5,1371663616.0,1371667712.0,L1,O4a,0.05753836780786514,49
1371665284.0,1371665316.0,E:\o4a\1371565312\L1_1371663616_1371667712.hdf5,1371663616.0,1371667712.0,L1,O4a,0.08796702325344086,49
1371665348.0,1371665380.0,E:\o4a\1371565312\L1_1371663616_1371667712.hdf5,1371663616.0,1371667712.0,L1,O4a,0.060411009937524796,49
1371665412.0,1371665444.0,E:\o4a\1371565312\L1_1371663616_1371667712.hdf5,1371663616.0,1371667712.0,L1,O4a,0.06960383802652359,49
1371665476.0,1371665508.0,E:\o4a\1371565312\L1_1371663616_1371667712.hdf5,1371663616.0,1371667712.0,L1,O4a,0.05641402676701546,49
1371665540.0,1371665572.0,E:\o4a\1371565312\L1_1371663616_1371667712.hdf5,1371663616.0,1371667712.0,L1,O4a,0.06075647473335266,49
1371665604.0,1371665636.0,E:\o4a\1371565312\L1_1371663616_1371667712.hdf5,1371663616.0,1371667712.0,L1,O4a,0.06709761172533035,49
1371665668.0,1371665700.0,E:\o4a\1371565312\L1_1371663616_1371667712.hdf5,1371663616.0,1371667712.0,L1,O4a,0.057553306221961975,49
1371665732.0,1371665764.0,E:\o4a\1371565312\L1_1371663616_1371667712.hdf5,1371663616.0,1371667712.0,L1,O4a,0.07766912877559662,49
1371701572.0,1371701604.0,E:\o4a\1371565312\L1_1371700480_1371704576.hdf5,1371700480.0,1371704576.0,L1,O4a,0.0673137977719307,50
1371701636.0,1371701668.0,E:\o4a\1371565312\L1_1371700480_1371704576.hdf5,1371700480.0,1371704576.0,L1,O4a,0.0590515062212944,50
1371701700.0,1371701732.0,E:\o4a\1371565312\L1_1371700480_1371704576.hdf5,1371700480.0,1371704576.0,L1,O4a,0.06719163805246353,50
1371701764.0,1371701796.0,E:\o4a\1371565312\L1_1371700480_1371704576.hdf5,1371700480.0,1371704576.0,L1,O4a,0.058875616639852524,50
1371701828.0,1371701860.0,E:\o4a\1371565312\L1_1371700480_1371704576.hdf5,1371700480.0,1371704576.0,L1,O4a,0.05631804093718529,50
1371701892.0,1371701924.0,E:\o4a\1371565312\L1_1371700480_1371704576.hdf5,1371700480.0,1371704576.0,L1,O4a,0.06948573887348175,50
1371701956.0,1371701988.0,E:\o4a\1371565312\L1_1371700480_1371704576.hdf5,1371700480.0,1371704576.0,L1,O4a,0.06434478610754013,50
1371702020.0,1371702052.0,E:\o4a\1371565312\L1_1371700480_1371704576.hdf5,1371700480.0,1371704576.0,L1,O4a,0.0660453513264656,50
1371702084.0,1371702116.0,E:\o4a\1371565312\L1_1371700480_1371704576.hdf5,1371700480.0,1371704576.0,L1,O4a,0.054458484053611755,50
1371702148.0,1371702180.0,E:\o4a\1371565312\L1_1371700480_1371704576.hdf5,1371700480.0,1371704576.0,L1,O4a,0.06154366955161095,50
1371702212.0,1371702244.0,E:\o4a\1371565312\L1_1371700480_1371704576.hdf5,1371700480.0,1371704576.0,L1,O4a,0.0620487704873085,50
1371702276.0,1371702308.0,E:\o4a\1371565312\L1_1371700480_1371704576.hdf5,1371700480.0,1371704576.0,L1,O4a,0.0580577552318573,50
1371702340.0,1371702372.0,E:\o4a\1371565312\L1_1371700480_1371704576.hdf5,1371700480.0,1371704576.0,L1,O4a,0.0614701583981514,50
1371702404.0,1371702436.0,E:\o4a\1371565312\L1_1371700480_1371704576.hdf5,1371700480.0,1371704576.0,L1,O4a,0.06829501688480377,50
1371702468.0,1371702500.0,E:\o4a\1371565312\L1_1371700480_1371704576.hdf5,1371700480.0,1371704576.0,L1,O4a,0.05374264717102051,50
1371702532.0,1371702564.0,E:\o4a\1371565312\L1_1371700480_1371704576.hdf5,1371700480.0,1371704576.0,L1,O4a,0.4271470904350281,50
1371702596.0,1371702628.0,E:\o4a\1371565312\L1_1371700480_1371704576.hdf5,1371700480.0,1371704576.0,L1,O4a,0.07097316533327103,50
1371753732.0,1371753764.0,E:\o4a\1371565312\L1_1371753728_1371757824.hdf5,1371753728.0,1371757824.0,L1,O4a,0.055332571268081665,51
1371753796.0,1371753828.0,E:\o4a\1371565312\L1_1371753728_1371757824.hdf5,1371753728.0,1371757824.0,L1,O4a,0.06896495819091797,51
1371753860.0,1371753892.0,E:\o4a\1371565312\L1_1371753728_1371757824.hdf5,1371753728.0,1371757824.0,L1,O4a,0.05760921910405159,51
1371753924.0,1371753956.0,E:\o4a\1371565312\L1_1371753728_1371757824.hdf5,1371753728.0,1371757824.0,L1,O4a,0.05797130987048149,51
1371753988.0,1371754020.0,E:\o4a\1371565312\L1_1371753728_1371757824.hdf5,1371753728.0,1371757824.0,L1,O4a,0.05474977567791939,51
1371754052.0,1371754084.0,E:\o4a\1371565312\L1_1371753728_1371757824.hdf5,1371753728.0,1371757824.0,L1,O4a,0.05745988339185715,51
1371754116.0,1371754148.0,E:\o4a\1371565312\L1_1371753728_1371757824.hdf5,1371753728.0,1371757824.0,L1,O4a,0.06808441132307053,51
1371754180.0,1371754212.0,E:\o4a\1371565312\L1_1371753728_1371757824.hdf5,1371753728.0,1371757824.0,L1,O4a,0.05560804158449173,51
1371754244.0,1371754276.0,E:\o4a\1371565312\L1_1371753728_1371757824.hdf5,1371753728.0,1371757824.0,L1,O4a,0.06751901656389236,51
1371754308.0,1371754340.0,E:\o4a\1371565312\L1_1371753728_1371757824.hdf5,1371753728.0,1371757824.0,L1,O4a,0.06378985196352005,51
1371754372.0,1371754404.0,E:\o4a\1371565312\L1_1371753728_1371757824.hdf5,1371753728.0,1371757824.0,L1,O4a,0.058336518704891205,51
1371754436.0,1371754468.0,E:\o4a\1371565312\L1_1371753728_1371757824.hdf5,1371753728.0,1371757824.0,L1,O4a,0.08756548911333084,51
1371754500.0,1371754532.0,E:\o4a\1371565312\L1_1371753728_1371757824.hdf5,1371753728.0,1371757824.0,L1,O4a,0.06102811545133591,51
1371754564.0,1371754596.0,E:\o4a\1371565312\L1_1371753728_1371757824.hdf5,1371753728.0,1371757824.0,L1,O4a,0.054969046264886856,51
1371754628.0,1371754660.0,E:\o4a\1371565312\L1_1371753728_1371757824.hdf5,1371753728.0,1371757824.0,L1,O4a,0.059000927954912186,51
1371754692.0,1371754724.0,E:\o4a\1371565312\L1_1371753728_1371757824.hdf5,1371753728.0,1371757824.0,L1,O4a,0.05862358585000038,51
1371754756.0,1371754788.0,E:\o4a\1371565312\L1_1371753728_1371757824.hdf5,1371753728.0,1371757824.0,L1,O4a,0.09288818389177322,51
1371793284.0,1371793316.0,E:\o4a\1371565312\L1_1371790592_1371794688.hdf5,1371790592.0,1371794688.0,L1,O4a,0.06456641852855682,52
1371793348.0,1371793380.0,E:\o4a\1371565312\L1_1371790592_1371794688.hdf5,1371790592.0,1371794688.0,L1,O4a,0.058191947638988495,52
1371793412.0,1371793444.0,E:\o4a\1371565312\L1_1371790592_1371794688.hdf5,1371790592.0,1371794688.0,L1,O4a,0.0702308639883995,52
1371793476.0,1371793508.0,E:\o4a\1371565312\L1_1371790592_1371794688.hdf5,1371790592.0,1371794688.0,L1,O4a,0.12802162766456604,52
1371793540.0,1371793572.0,E:\o4a\1371565312\L1_1371790592_1371794688.hdf5,1371790592.0,1371794688.0,L1,O4a,0.05582718178629875,52
1371793604.0,1371793636.0,E:\o4a\1371565312\L1_1371790592_1371794688.hdf5,1371790592.0,1371794688.0,L1,O4a,0.05494265630841255,52
1371793668.0,1371793700.0,E:\o4a\1371565312\L1_1371790592_1371794688.hdf5,1371790592.0,1371794688.0,L1,O4a,0.06239485740661621,52
1371793732.0,1371793764.0,E:\o4a\1371565312\L1_1371790592_1371794688.hdf5,1371790592.0,1371794688.0,L1,O4a,0.06752566993236542,52
1371793796.0,1371793828.0,E:\o4a\1371565312\L1_1371790592_1371794688.hdf5,1371790592.0,1371794688.0,L1,O4a,0.058196425437927246,52
1371793860.0,1371793892.0,E:\o4a\1371565312\L1_1371790592_1371794688.hdf5,1371790592.0,1371794688.0,L1,O4a,0.0597231388092041,52
1371793924.0,1371793956.0,E:\o4a\1371565312\L1_1371790592_1371794688.hdf5,1371790592.0,1371794688.0,L1,O4a,0.055034853518009186,52
1371793988.0,1371794020.0,E:\o4a\1371565312\L1_1371790592_1371794688.hdf5,1371790592.0,1371794688.0,L1,O4a,0.06242075935006142,52
1371794052.0,1371794084.0,E:\o4a\1371565312\L1_1371790592_1371794688.hdf5,1371790592.0,1371794688.0,L1,O4a,0.0682249441742897,52
1371794116.0,1371794148.0,E:\o4a\1371565312\L1_1371790592_1371794688.hdf5,1371790592.0,1371794688.0,L1,O4a,0.05461858958005905,52
1371794180.0,1371794212.0,E:\o4a\1371565312\L1_1371790592_1371794688.hdf5,1371790592.0,1371794688.0,L1,O4a,0.06191236898303032,52
1371794244.0,1371794276.0,E:\o4a\1371565312\L1_1371790592_1371794688.hdf5,1371790592.0,1371794688.0,L1,O4a,0.08947612345218658,52
1371794308.0,1371794340.0,E:\o4a\1371565312\L1_1371790592_1371794688.hdf5,1371790592.0,1371794688.0,L1,O4a,0.06736687570810318,52
1371839748.0,1371839780.0,E:\o4a\1371565312\L1_1371839744_1371843840.hdf5,1371839744.0,1371843840.0,L1,O4a,0.0617053285241127,53
1371839812.0,1371839844.0,E:\o4a\1371565312\L1_1371839744_1371843840.hdf5,1371839744.0,1371843840.0,L1,O4a,0.060108885169029236,53
1371839876.0,1371839908.0,E:\o4a\1371565312\L1_1371839744_1371843840.hdf5,1371839744.0,1371843840.0,L1,O4a,0.06249167025089264,53
1371839940.0,1371839972.0,E:\o4a\1371565312\L1_1371839744_1371843840.hdf5,1371839744.0,1371843840.0,L1,O4a,0.06618814170360565,53
1371840004.0,1371840036.0,E:\o4a\1371565312\L1_1371839744_1371843840.hdf5,1371839744.0,1371843840.0,L1,O4a,0.06690111011266708,53
1371840068.0,1371840100.0,E:\o4a\1371565312\L1_1371839744_1371843840.hdf5,1371839744.0,1371843840.0,L1,O4a,0.0626954585313797,53
1371840132.0,1371840164.0,E:\o4a\1371565312\L1_1371839744_1371843840.hdf5,1371839744.0,1371843840.0,L1,O4a,0.05879348888993263,53
1371840196.0,1371840228.0,E:\o4a\1371565312\L1_1371839744_1371843840.hdf5,1371839744.0,1371843840.0,L1,O4a,0.05658755078911781,53
1371840260.0,1371840292.0,E:\o4a\1371565312\L1_1371839744_1371843840.hdf5,1371839744.0,1371843840.0,L1,O4a,0.058381229639053345,53
1371840324.0,1371840356.0,E:\o4a\1371565312\L1_1371839744_1371843840.hdf5,1371839744.0,1371843840.0,L1,O4a,0.06478101760149002,53
1371840388.0,1371840420.0,E:\o4a\1371565312\L1_1371839744_1371843840.hdf5,1371839744.0,1371843840.0,L1,O4a,0.0532892569899559,53
1371840452.0,1371840484.0,E:\o4a\1371565312\L1_1371839744_1371843840.hdf5,1371839744.0,1371843840.0,L1,O4a,0.07051526010036469,53
1371840516.0,1371840548.0,E:\o4a\1371565312\L1_1371839744_1371843840.hdf5,1371839744.0,1371843840.0,L1,O4a,0.07126141339540482,53
1371840580.0,1371840612.0,E:\o4a\1371565312\L1_1371839744_1371843840.hdf5,1371839744.0,1371843840.0,L1,O4a,0.05812091752886772,53
1371840644.0,1371840676.0,E:\o4a\1371565312\L1_1371839744_1371843840.hdf5,1371839744.0,1371843840.0,L1,O4a,0.0708426907658577,53
1371840708.0,1371840740.0,E:\o4a\1371565312\L1_1371839744_1371843840.hdf5,1371839744.0,1371843840.0,L1,O4a,0.057678867131471634,53
1371840772.0,1371840804.0,E:\o4a\1371565312\L1_1371839744_1371843840.hdf5,1371839744.0,1371843840.0,L1,O4a,0.05622904375195503,53
1371962628.0,1371962660.0,E:\o4a\1371565312\L1_1371962624_1371966720.hdf5,1371962624.0,1371966720.0,L1,O4a,0.05694259703159332,54
1371962692.0,1371962724.0,E:\o4a\1371565312\L1_1371962624_1371966720.hdf5,1371962624.0,1371966720.0,L1,O4a,0.05623488500714302,54
1371962756.0,1371962788.0,E:\o4a\1371565312\L1_1371962624_1371966720.hdf5,1371962624.0,1371966720.0,L1,O4a,0.06303912401199341,54
1371962820.0,1371962852.0,E:\o4a\1371565312\L1_1371962624_1371966720.hdf5,1371962624.0,1371966720.0,L1,O4a,0.0633842945098877,54
1371962884.0,1371962916.0,E:\o4a\1371565312\L1_1371962624_1371966720.hdf5,1371962624.0,1371966720.0,L1,O4a,0.08788803219795227,54
1371962948.0,1371962980.0,E:\o4a\1371565312\L1_1371962624_1371966720.hdf5,1371962624.0,1371966720.0,L1,O4a,0.056432515382766724,54
1371963012.0,1371963044.0,E:\o4a\1371565312\L1_1371962624_1371966720.hdf5,1371962624.0,1371966720.0,L1,O4a,0.058567412197589874,54
1371963076.0,1371963108.0,E:\o4a\1371565312\L1_1371962624_1371966720.hdf5,1371962624.0,1371966720.0,L1,O4a,0.05392232909798622,54
1371963140.0,1371963172.0,E:\o4a\1371565312\L1_1371962624_1371966720.hdf5,1371962624.0,1371966720.0,L1,O4a,0.05766337364912033,54
1371963204.0,1371963236.0,E:\o4a\1371565312\L1_1371962624_1371966720.hdf5,1371962624.0,1371966720.0,L1,O4a,0.0769537091255188,54
1371963268.0,1371963300.0,E:\o4a\1371565312\L1_1371962624_1371966720.hdf5,1371962624.0,1371966720.0,L1,O4a,0.07145386189222336,54
1371963332.0,1371963364.0,E:\o4a\1371565312\L1_1371962624_1371966720.hdf5,1371962624.0,1371966720.0,L1,O4a,0.0691814050078392,54
1371963396.0,1371963428.0,E:\o4a\1371565312\L1_1371962624_1371966720.hdf5,1371962624.0,1371966720.0,L1,O4a,0.06940069049596786,54
1371963460.0,1371963492.0,E:\o4a\1371565312\L1_1371962624_1371966720.hdf5,1371962624.0,1371966720.0,L1,O4a,0.06321048736572266,54
1371963524.0,1371963556.0,E:\o4a\1371565312\L1_1371962624_1371966720.hdf5,1371962624.0,1371966720.0,L1,O4a,0.0706847757101059,54
1371963588.0,1371963620.0,E:\o4a\1371565312\L1_1371962624_1371966720.hdf5,1371962624.0,1371966720.0,L1,O4a,0.06820986419916153,54
1371963652.0,1371963684.0,E:\o4a\1371565312\L1_1371962624_1371966720.hdf5,1371962624.0,1371966720.0,L1,O4a,0.06368225812911987,54
1372003588.0,1372003620.0,E:\o4a\1371565312\L1_1372003584_1372007680.hdf5,1372003584.0,1372007680.0,L1,O4a,0.062301311641931534,55
1372003652.0,1372003684.0,E:\o4a\1371565312\L1_1372003584_1372007680.hdf5,1372003584.0,1372007680.0,L1,O4a,0.058341242372989655,55
1372003716.0,1372003748.0,E:\o4a\1371565312\L1_1372003584_1372007680.hdf5,1372003584.0,1372007680.0,L1,O4a,0.061313897371292114,55
1372003780.0,1372003812.0,E:\o4a\1371565312\L1_1372003584_1372007680.hdf5,1372003584.0,1372007680.0,L1,O4a,0.05565151944756508,55
1372003844.0,1372003876.0,E:\o4a\1371565312\L1_1372003584_1372007680.hdf5,1372003584.0,1372007680.0,L1,O4a,0.062290821224451065,55
1372003908.0,1372003940.0,E:\o4a\1371565312\L1_1372003584_1372007680.hdf5,1372003584.0,1372007680.0,L1,O4a,0.0682922825217247,55
1372003972.0,1372004004.0,E:\o4a\1371565312\L1_1372003584_1372007680.hdf5,1372003584.0,1372007680.0,L1,O4a,0.05390792712569237,55
1372004036.0,1372004068.0,E:\o4a\1371565312\L1_1372003584_1372007680.hdf5,1372003584.0,1372007680.0,L1,O4a,0.07302819937467575,55
1372004100.0,1372004132.0,E:\o4a\1371565312\L1_1372003584_1372007680.hdf5,1372003584.0,1372007680.0,L1,O4a,0.061374347656965256,55
1372004164.0,1372004196.0,E:\o4a\1371565312\L1_1372003584_1372007680.hdf5,1372003584.0,1372007680.0,L1,O4a,0.05993419513106346,55
1372004228.0,1372004260.0,E:\o4a\1371565312\L1_1372003584_1372007680.hdf5,1372003584.0,1372007680.0,L1,O4a,0.058078765869140625,55
1372004292.0,1372004324.0,E:\o4a\1371565312\L1_1372003584_1372007680.hdf5,1372003584.0,1372007680.0,L1,O4a,0.0712684914469719,55
1372004356.0,1372004388.0,E:\o4a\1371565312\L1_1372003584_1372007680.hdf5,1372003584.0,1372007680.0,L1,O4a,0.06678903102874756,55
1372004420.0,1372004452.0,E:\o4a\1371565312\L1_1372003584_1372007680.hdf5,1372003584.0,1372007680.0,L1,O4a,0.06508184969425201,55
1372004484.0,1372004516.0,E:\o4a\1371565312\L1_1372003584_1372007680.hdf5,1372003584.0,1372007680.0,L1,O4a,0.06269598007202148,55
1372004548.0,1372004580.0,E:\o4a\1371565312\L1_1372003584_1372007680.hdf5,1372003584.0,1372007680.0,L1,O4a,0.05964258313179016,55
1372004612.0,1372004644.0,E:\o4a\1371565312\L1_1372003584_1372007680.hdf5,1372003584.0,1372007680.0,L1,O4a,0.06309705972671509,55
1372054980.0,1372055012.0,E:\o4a\1371565312\L1_1372052736_1372056832.hdf5,1372052736.0,1372056832.0,L1,O4a,0.057283204048871994,56
1372055044.0,1372055076.0,E:\o4a\1371565312\L1_1372052736_1372056832.hdf5,1372052736.0,1372056832.0,L1,O4a,0.06028258055448532,56
1372055108.0,1372055140.0,E:\o4a\1371565312\L1_1372052736_1372056832.hdf5,1372052736.0,1372056832.0,L1,O4a,0.05846976861357689,56
1372055172.0,1372055204.0,E:\o4a\1371565312\L1_1372052736_1372056832.hdf5,1372052736.0,1372056832.0,L1,O4a,0.06487512588500977,56
1372055236.0,1372055268.0,E:\o4a\1371565312\L1_1372052736_1372056832.hdf5,1372052736.0,1372056832.0,L1,O4a,0.05861542746424675,56
1372055300.0,1372055332.0,E:\o4a\1371565312\L1_1372052736_1372056832.hdf5,1372052736.0,1372056832.0,L1,O4a,0.05551527813076973,56
1372055364.0,1372055396.0,E:\o4a\1371565312\L1_1372052736_1372056832.hdf5,1372052736.0,1372056832.0,L1,O4a,0.06467536091804504,56
1372055428.0,1372055460.0,E:\o4a\1371565312\L1_1372052736_1372056832.hdf5,1372052736.0,1372056832.0,L1,O4a,0.05404369905591011,56
1372055492.0,1372055524.0,E:\o4a\1371565312\L1_1372052736_1372056832.hdf5,1372052736.0,1372056832.0,L1,O4a,0.06407497823238373,56
1372055556.0,1372055588.0,E:\o4a\1371565312\L1_1372052736_1372056832.hdf5,1372052736.0,1372056832.0,L1,O4a,0.05548112094402313,56
1372055620.0,1372055652.0,E:\o4a\1371565312\L1_1372052736_1372056832.hdf5,1372052736.0,1372056832.0,L1,O4a,0.05727217718958855,56
1372055684.0,1372055716.0,E:\o4a\1371565312\L1_1372052736_1372056832.hdf5,1372052736.0,1372056832.0,L1,O4a,0.07295002043247223,56
1372055748.0,1372055780.0,E:\o4a\1371565312\L1_1372052736_1372056832.hdf5,1372052736.0,1372056832.0,L1,O4a,0.060449033975601196,56
1372055812.0,1372055844.0,E:\o4a\1371565312\L1_1372052736_1372056832.hdf5,1372052736.0,1372056832.0,L1,O4a,0.054985981434583664,56
1372055876.0,1372055908.0,E:\o4a\1371565312\L1_1372052736_1372056832.hdf5,1372052736.0,1372056832.0,L1,O4a,0.05677352845668793,56
1372055940.0,1372055972.0,E:\o4a\1371565312\L1_1372052736_1372056832.hdf5,1372052736.0,1372056832.0,L1,O4a,0.07770617306232452,56
1372056004.0,1372056036.0,E:\o4a\1371565312\L1_1372052736_1372056832.hdf5,1372052736.0,1372056832.0,L1,O4a,0.4169268310070038,56
1372093188.0,1372093220.0,E:\o4a\1372083712\L1_1372091904_1372096000.hdf5,1372091904.0,1372096000.0,L1,O4a,0.05831082910299301,57
1372093252.0,1372093284.0,E:\o4a\1372083712\L1_1372091904_1372096000.hdf5,1372091904.0,1372096000.0,L1,O4a,0.08684833347797394,57
1372093316.0,1372093348.0,E:\o4a\1372083712\L1_1372091904_1372096000.hdf5,1372091904.0,1372096000.0,L1,O4a,0.05494631081819534,57
1372093380.0,1372093412.0,E:\o4a\1372083712\L1_1372091904_1372096000.hdf5,1372091904.0,1372096000.0,L1,O4a,0.060937054455280304,57
1372093444.0,1372093476.0,E:\o4a\1372083712\L1_1372091904_1372096000.hdf5,1372091904.0,1372096000.0,L1,O4a,0.06868544965982437,57
1372093508.0,1372093540.0,E:\o4a\1372083712\L1_1372091904_1372096000.hdf5,1372091904.0,1372096000.0,L1,O4a,0.06072132661938667,57
1372093572.0,1372093604.0,E:\o4a\1372083712\L1_1372091904_1372096000.hdf5,1372091904.0,1372096000.0,L1,O4a,0.0641954243183136,57
1372093636.0,1372093668.0,E:\o4a\1372083712\L1_1372091904_1372096000.hdf5,1372091904.0,1372096000.0,L1,O4a,0.06797505170106888,57
1372093700.0,1372093732.0,E:\o4a\1372083712\L1_1372091904_1372096000.hdf5,1372091904.0,1372096000.0,L1,O4a,0.05637017637491226,57
1372093764.0,1372093796.0,E:\o4a\1372083712\L1_1372091904_1372096000.hdf5,1372091904.0,1372096000.0,L1,O4a,0.06410801410675049,57
1372093828.0,1372093860.0,E:\o4a\1372083712\L1_1372091904_1372096000.hdf5,1372091904.0,1372096000.0,L1,O4a,0.06430096924304962,57
1372093892.0,1372093924.0,E:\o4a\1372083712\L1_1372091904_1372096000.hdf5,1372091904.0,1372096000.0,L1,O4a,0.06324133276939392,57
1372093956.0,1372093988.0,E:\o4a\1372083712\L1_1372091904_1372096000.hdf5,1372091904.0,1372096000.0,L1,O4a,0.06160295754671097,57
1372094020.0,1372094052.0,E:\o4a\1372083712\L1_1372091904_1372096000.hdf5,1372091904.0,1372096000.0,L1,O4a,0.059781648218631744,57
1372094084.0,1372094116.0,E:\o4a\1372083712\L1_1372091904_1372096000.hdf5,1372091904.0,1372096000.0,L1,O4a,0.06356032192707062,57
1372094148.0,1372094180.0,E:\o4a\1372083712\L1_1372091904_1372096000.hdf5,1372091904.0,1372096000.0,L1,O4a,0.07264123111963272,57
1372094212.0,1372094244.0,E:\o4a\1372083712\L1_1372091904_1372096000.hdf5,1372091904.0,1372096000.0,L1,O4a,0.0689530223608017,57
1372159940.0,1372159972.0,E:\o4a\1372083712\L1_1372157440_1372161536.hdf5,1372157440.0,1372161536.0,L1,O4a,0.07945723831653595,58
1372160004.0,1372160036.0,E:\o4a\1372083712\L1_1372157440_1372161536.hdf5,1372157440.0,1372161536.0,L1,O4a,0.06257430464029312,58
1372160068.0,1372160100.0,E:\o4a\1372083712\L1_1372157440_1372161536.hdf5,1372157440.0,1372161536.0,L1,O4a,0.06450055539608002,58
1372160132.0,1372160164.0,E:\o4a\1372083712\L1_1372157440_1372161536.hdf5,1372157440.0,1372161536.0,L1,O4a,0.064846470952034,58
1372160196.0,1372160228.0,E:\o4a\1372083712\L1_1372157440_1372161536.hdf5,1372157440.0,1372161536.0,L1,O4a,0.07036896795034409,58
1372160260.0,1372160292.0,E:\o4a\1372083712\L1_1372157440_1372161536.hdf5,1372157440.0,1372161536.0,L1,O4a,0.05868818610906601,58
1372160324.0,1372160356.0,E:\o4a\1372083712\L1_1372157440_1372161536.hdf5,1372157440.0,1372161536.0,L1,O4a,0.11729159951210022,58
1372160388.0,1372160420.0,E:\o4a\1372083712\L1_1372157440_1372161536.hdf5,1372157440.0,1372161536.0,L1,O4a,0.060344379395246506,58
1372160452.0,1372160484.0,E:\o4a\1372083712\L1_1372157440_1372161536.hdf5,1372157440.0,1372161536.0,L1,O4a,0.05646277591586113,58
1372160516.0,1372160548.0,E:\o4a\1372083712\L1_1372157440_1372161536.hdf5,1372157440.0,1372161536.0,L1,O4a,0.05452154576778412,58
1372160580.0,1372160612.0,E:\o4a\1372083712\L1_1372157440_1372161536.hdf5,1372157440.0,1372161536.0,L1,O4a,0.06367292255163193,58
1372160644.0,1372160676.0,E:\o4a\1372083712\L1_1372157440_1372161536.hdf5,1372157440.0,1372161536.0,L1,O4a,0.06599921733140945,58
1372160708.0,1372160740.0,E:\o4a\1372083712\L1_1372157440_1372161536.hdf5,1372157440.0,1372161536.0,L1,O4a,0.06177198141813278,58
1372160772.0,1372160804.0,E:\o4a\1372083712\L1_1372157440_1372161536.hdf5,1372157440.0,1372161536.0,L1,O4a,0.05823006108403206,58
1372160836.0,1372160868.0,E:\o4a\1372083712\L1_1372157440_1372161536.hdf5,1372157440.0,1372161536.0,L1,O4a,0.05712280422449112,58
1372160900.0,1372160932.0,E:\o4a\1372083712\L1_1372157440_1372161536.hdf5,1372157440.0,1372161536.0,L1,O4a,0.06571575254201889,58
1372160964.0,1372160996.0,E:\o4a\1372083712\L1_1372157440_1372161536.hdf5,1372157440.0,1372161536.0,L1,O4a,0.06220903992652893,58
1372229252.0,1372229284.0,E:\o4a\1372083712\L1_1372227072_1372231168.hdf5,1372227072.0,1372231168.0,L1,O4a,0.05945467948913574,59
1372229316.0,1372229348.0,E:\o4a\1372083712\L1_1372227072_1372231168.hdf5,1372227072.0,1372231168.0,L1,O4a,0.054501164704561234,59
1372229380.0,1372229412.0,E:\o4a\1372083712\L1_1372227072_1372231168.hdf5,1372227072.0,1372231168.0,L1,O4a,0.05408739298582077,59
1372229444.0,1372229476.0,E:\o4a\1372083712\L1_1372227072_1372231168.hdf5,1372227072.0,1372231168.0,L1,O4a,0.060193974524736404,59
1372229508.0,1372229540.0,E:\o4a\1372083712\L1_1372227072_1372231168.hdf5,1372227072.0,1372231168.0,L1,O4a,0.061125747859478,59
1372229572.0,1372229604.0,E:\o4a\1372083712\L1_1372227072_1372231168.hdf5,1372227072.0,1372231168.0,L1,O4a,0.06459707766771317,59
1372229636.0,1372229668.0,E:\o4a\1372083712\L1_1372227072_1372231168.hdf5,1372227072.0,1372231168.0,L1,O4a,0.07420129328966141,59
1372229700.0,1372229732.0,E:\o4a\1372083712\L1_1372227072_1372231168.hdf5,1372227072.0,1372231168.0,L1,O4a,0.061318475753068924,59
1372229764.0,1372229796.0,E:\o4a\1372083712\L1_1372227072_1372231168.hdf5,1372227072.0,1372231168.0,L1,O4a,0.06674183160066605,59
1372229828.0,1372229860.0,E:\o4a\1372083712\L1_1372227072_1372231168.hdf5,1372227072.0,1372231168.0,L1,O4a,0.06300095468759537,59
1372229892.0,1372229924.0,E:\o4a\1372083712\L1_1372227072_1372231168.hdf5,1372227072.0,1372231168.0,L1,O4a,0.06401170045137405,59
1372229956.0,1372229988.0,E:\o4a\1372083712\L1_1372227072_1372231168.hdf5,1372227072.0,1372231168.0,L1,O4a,0.059243343770504,59
1372230020.0,1372230052.0,E:\o4a\1372083712\L1_1372227072_1372231168.hdf5,1372227072.0,1372231168.0,L1,O4a,0.07366977632045746,59
1372230084.0,1372230116.0,E:\o4a\1372083712\L1_1372227072_1372231168.hdf5,1372227072.0,1372231168.0,L1,O4a,0.050163015723228455,59
1372230148.0,1372230180.0,E:\o4a\1372083712\L1_1372227072_1372231168.hdf5,1372227072.0,1372231168.0,L1,O4a,0.059861183166503906,59
1372230212.0,1372230244.0,E:\o4a\1372083712\L1_1372227072_1372231168.hdf5,1372227072.0,1372231168.0,L1,O4a,0.055466216057538986,59
1372230276.0,1372230308.0,E:\o4a\1372083712\L1_1372227072_1372231168.hdf5,1372227072.0,1372231168.0,L1,O4a,0.06403563171625137,59
1372282052.0,1372282084.0,E:\o4a\1372083712\L1_1372280320_1372284416.hdf5,1372280320.0,1372284416.0,L1,O4a,0.05649784579873085,60
1372282116.0,1372282148.0,E:\o4a\1372083712\L1_1372280320_1372284416.hdf5,1372280320.0,1372284416.0,L1,O4a,0.06228641793131828,60
1372282180.0,1372282212.0,E:\o4a\1372083712\L1_1372280320_1372284416.hdf5,1372280320.0,1372284416.0,L1,O4a,0.06187298148870468,60
1372282244.0,1372282276.0,E:\o4a\1372083712\L1_1372280320_1372284416.hdf5,1372280320.0,1372284416.0,L1,O4a,0.05619104579091072,60
1372282308.0,1372282340.0,E:\o4a\1372083712\L1_1372280320_1372284416.hdf5,1372280320.0,1372284416.0,L1,O4a,0.05551744997501373,60
1372282372.0,1372282404.0,E:\o4a\1372083712\L1_1372280320_1372284416.hdf5,1372280320.0,1372284416.0,L1,O4a,0.050385985523462296,60
1372282436.0,1372282468.0,E:\o4a\1372083712\L1_1372280320_1372284416.hdf5,1372280320.0,1372284416.0,L1,O4a,0.4262005388736725,60
1372282500.0,1372282532.0,E:\o4a\1372083712\L1_1372280320_1372284416.hdf5,1372280320.0,1372284416.0,L1,O4a,0.061930131167173386,60
1372282564.0,1372282596.0,E:\o4a\1372083712\L1_1372280320_1372284416.hdf5,1372280320.0,1372284416.0,L1,O4a,0.063014455139637,60
1372282628.0,1372282660.0,E:\o4a\1372083712\L1_1372280320_1372284416.hdf5,1372280320.0,1372284416.0,L1,O4a,0.07228033244609833,60
1372282692.0,1372282724.0,E:\o4a\1372083712\L1_1372280320_1372284416.hdf5,1372280320.0,1372284416.0,L1,O4a,0.07528271526098251,60
1372282756.0,1372282788.0,E:\o4a\1372083712\L1_1372280320_1372284416.hdf5,1372280320.0,1372284416.0,L1,O4a,0.06425747275352478,60
1372282820.0,1372282852.0,E:\o4a\1372083712\L1_1372280320_1372284416.hdf5,1372280320.0,1372284416.0,L1,O4a,0.05887124687433243,60
1372282884.0,1372282916.0,E:\o4a\1372083712\L1_1372280320_1372284416.hdf5,1372280320.0,1372284416.0,L1,O4a,0.06018206849694252,60
1372282948.0,1372282980.0,E:\o4a\1372083712\L1_1372280320_1372284416.hdf5,1372280320.0,1372284416.0,L1,O4a,0.056539326906204224,60
1372283012.0,1372283044.0,E:\o4a\1372083712\L1_1372280320_1372284416.hdf5,1372280320.0,1372284416.0,L1,O4a,0.06004542484879494,60
1372283076.0,1372283108.0,E:\o4a\1372083712\L1_1372280320_1372284416.hdf5,1372280320.0,1372284416.0,L1,O4a,0.06512834131717682,60
1372360324.0,1372360356.0,E:\o4a\1372083712\L1_1372358144_1372362240.hdf5,1372358144.0,1372362240.0,L1,O4a,0.07288625836372375,61
1372360388.0,1372360420.0,E:\o4a\1372083712\L1_1372358144_1372362240.hdf5,1372358144.0,1372362240.0,L1,O4a,0.056658003479242325,61
1372360452.0,1372360484.0,E:\o4a\1372083712\L1_1372358144_1372362240.hdf5,1372358144.0,1372362240.0,L1,O4a,0.08744870126247406,61
1372360516.0,1372360548.0,E:\o4a\1372083712\L1_1372358144_1372362240.hdf5,1372358144.0,1372362240.0,L1,O4a,0.06464134901762009,61
1372360580.0,1372360612.0,E:\o4a\1372083712\L1_1372358144_1372362240.hdf5,1372358144.0,1372362240.0,L1,O4a,0.06038862094283104,61
1372360644.0,1372360676.0,E:\o4a\1372083712\L1_1372358144_1372362240.hdf5,1372358144.0,1372362240.0,L1,O4a,0.0931505560874939,61
1372360708.0,1372360740.0,E:\o4a\1372083712\L1_1372358144_1372362240.hdf5,1372358144.0,1372362240.0,L1,O4a,0.062032658606767654,61
1372360772.0,1372360804.0,E:\o4a\1372083712\L1_1372358144_1372362240.hdf5,1372358144.0,1372362240.0,L1,O4a,0.06337068974971771,61
1372360836.0,1372360868.0,E:\o4a\1372083712\L1_1372358144_1372362240.hdf5,1372358144.0,1372362240.0,L1,O4a,0.06183775141835213,61
1372360900.0,1372360932.0,E:\o4a\1372083712\L1_1372358144_1372362240.hdf5,1372358144.0,1372362240.0,L1,O4a,0.05984264239668846,61
1372360964.0,1372360996.0,E:\o4a\1372083712\L1_1372358144_1372362240.hdf5,1372358144.0,1372362240.0,L1,O4a,0.062303218990564346,61
1372361028.0,1372361060.0,E:\o4a\1372083712\L1_1372358144_1372362240.hdf5,1372358144.0,1372362240.0,L1,O4a,0.055229462683200836,61
1372361092.0,1372361124.0,E:\o4a\1372083712\L1_1372358144_1372362240.hdf5,1372358144.0,1372362240.0,L1,O4a,0.05677642673254013,61
1372361156.0,1372361188.0,E:\o4a\1372083712\L1_1372358144_1372362240.hdf5,1372358144.0,1372362240.0,L1,O4a,0.056739915162324905,61
1372361220.0,1372361252.0,E:\o4a\1372083712\L1_1372358144_1372362240.hdf5,1372358144.0,1372362240.0,L1,O4a,0.05811699107289314,61
1372361284.0,1372361316.0,E:\o4a\1372083712\L1_1372358144_1372362240.hdf5,1372358144.0,1372362240.0,L1,O4a,0.07735378295183182,61
1372361348.0,1372361380.0,E:\o4a\1372083712\L1_1372358144_1372362240.hdf5,1372358144.0,1372362240.0,L1,O4a,0.06255697458982468,61
1372407492.0,1372407524.0,E:\o4a\1372083712\L1_1372407296_1372411392.hdf5,1372407296.0,1372411392.0,L1,O4a,0.059709105640649796,62
1372407556.0,1372407588.0,E:\o4a\1372083712\L1_1372407296_1372411392.hdf5,1372407296.0,1372411392.0,L1,O4a,0.07155003398656845,62
1372407620.0,1372407652.0,E:\o4a\1372083712\L1_1372407296_1372411392.hdf5,1372407296.0,1372411392.0,L1,O4a,0.06260740011930466,62
1372407684.0,1372407716.0,E:\o4a\1372083712\L1_1372407296_1372411392.hdf5,1372407296.0,1372411392.0,L1,O4a,0.08164257556200027,62
1372407748.0,1372407780.0,E:\o4a\1372083712\L1_1372407296_1372411392.hdf5,1372407296.0,1372411392.0,L1,O4a,0.06395667046308517,62
1372407812.0,1372407844.0,E:\o4a\1372083712\L1_1372407296_1372411392.hdf5,1372407296.0,1372411392.0,L1,O4a,0.07025416195392609,62
1372407876.0,1372407908.0,E:\o4a\1372083712\L1_1372407296_1372411392.hdf5,1372407296.0,1372411392.0,L1,O4a,0.05835988372564316,62
1372407940.0,1372407972.0,E:\o4a\1372083712\L1_1372407296_1372411392.hdf5,1372407296.0,1372411392.0,L1,O4a,0.06975243985652924,62
1372408004.0,1372408036.0,E:\o4a\1372083712\L1_1372407296_1372411392.hdf5,1372407296.0,1372411392.0,L1,O4a,0.07763086259365082,62
1372408068.0,1372408100.0,E:\o4a\1372083712\L1_1372407296_1372411392.hdf5,1372407296.0,1372411392.0,L1,O4a,0.11169077455997467,62
1372408132.0,1372408164.0,E:\o4a\1372083712\L1_1372407296_1372411392.hdf5,1372407296.0,1372411392.0,L1,O4a,0.06126872077584267,62
1372408196.0,1372408228.0,E:\o4a\1372083712\L1_1372407296_1372411392.hdf5,1372407296.0,1372411392.0,L1,O4a,0.08414088934659958,62
1372408260.0,1372408292.0,E:\o4a\1372083712\L1_1372407296_1372411392.hdf5,1372407296.0,1372411392.0,L1,O4a,0.061459049582481384,62
1372408324.0,1372408356.0,E:\o4a\1372083712\L1_1372407296_1372411392.hdf5,1372407296.0,1372411392.0,L1,O4a,0.05933086946606636,62
1372408388.0,1372408420.0,E:\o4a\1372083712\L1_1372407296_1372411392.hdf5,1372407296.0,1372411392.0,L1,O4a,0.05787449702620506,62
1372408452.0,1372408484.0,E:\o4a\1372083712\L1_1372407296_1372411392.hdf5,1372407296.0,1372411392.0,L1,O4a,0.05554754287004471,62
1372408516.0,1372408548.0,E:\o4a\1372083712\L1_1372407296_1372411392.hdf5,1372407296.0,1372411392.0,L1,O4a,0.06290894001722336,62
1372452356.0,1372452388.0,E:\o4a\1372083712\L1_1372452352_1372456448.hdf5,1372452352.0,1372456448.0,L1,O4a,0.06215132027864456,63
1372452420.0,1372452452.0,E:\o4a\1372083712\L1_1372452352_1372456448.hdf5,1372452352.0,1372456448.0,L1,O4a,0.05863777548074722,63
1372452484.0,1372452516.0,E:\o4a\1372083712\L1_1372452352_1372456448.hdf5,1372452352.0,1372456448.0,L1,O4a,0.07220408320426941,63
1372452548.0,1372452580.0,E:\o4a\1372083712\L1_1372452352_1372456448.hdf5,1372452352.0,1372456448.0,L1,O4a,0.05601953715085983,63
1372452612.0,1372452644.0,E:\o4a\1372083712\L1_1372452352_1372456448.hdf5,1372452352.0,1372456448.0,L1,O4a,0.06598372012376785,63
1372452676.0,1372452708.0,E:\o4a\1372083712\L1_1372452352_1372456448.hdf5,1372452352.0,1372456448.0,L1,O4a,0.0638013556599617,63
1372452740.0,1372452772.0,E:\o4a\1372083712\L1_1372452352_1372456448.hdf5,1372452352.0,1372456448.0,L1,O4a,0.05514748767018318,63
1372452804.0,1372452836.0,E:\o4a\1372083712\L1_1372452352_1372456448.hdf5,1372452352.0,1372456448.0,L1,O4a,0.06484715640544891,63
1372452868.0,1372452900.0,E:\o4a\1372083712\L1_1372452352_1372456448.hdf5,1372452352.0,1372456448.0,L1,O4a,0.06378722935914993,63
1372452932.0,1372452964.0,E:\o4a\1372083712\L1_1372452352_1372456448.hdf5,1372452352.0,1372456448.0,L1,O4a,0.05891619622707367,63
1372452996.0,1372453028.0,E:\o4a\1372083712\L1_1372452352_1372456448.hdf5,1372452352.0,1372456448.0,L1,O4a,0.06780195236206055,63
1372453060.0,1372453092.0,E:\o4a\1372083712\L1_1372452352_1372456448.hdf5,1372452352.0,1372456448.0,L1,O4a,0.05378878861665726,63
1372453124.0,1372453156.0,E:\o4a\1372083712\L1_1372452352_1372456448.hdf5,1372452352.0,1372456448.0,L1,O4a,0.060738030821084976,63
1372453188.0,1372453220.0,E:\o4a\1372083712\L1_1372452352_1372456448.hdf5,1372452352.0,1372456448.0,L1,O4a,0.06782948970794678,63
1372453252.0,1372453284.0,E:\o4a\1372083712\L1_1372452352_1372456448.hdf5,1372452352.0,1372456448.0,L1,O4a,0.057928696274757385,63
1372453316.0,1372453348.0,E:\o4a\1372083712\L1_1372452352_1372456448.hdf5,1372452352.0,1372456448.0,L1,O4a,0.06250099837779999,63
1372453380.0,1372453412.0,E:\o4a\1372083712\L1_1372452352_1372456448.hdf5,1372452352.0,1372456448.0,L1,O4a,0.0612034797668457,63
1372502724.0,1372502756.0,E:\o4a\1372083712\L1_1372501504_1372505600.hdf5,1372501504.0,1372505600.0,L1,O4a,0.052876416593790054,64
1372502788.0,1372502820.0,E:\o4a\1372083712\L1_1372501504_1372505600.hdf5,1372501504.0,1372505600.0,L1,O4a,0.06380576640367508,64
1372502852.0,1372502884.0,E:\o4a\1372083712\L1_1372501504_1372505600.hdf5,1372501504.0,1372505600.0,L1,O4a,0.07281310111284256,64
1372502916.0,1372502948.0,E:\o4a\1372083712\L1_1372501504_1372505600.hdf5,1372501504.0,1372505600.0,L1,O4a,0.06750006228685379,64
1372502980.0,1372503012.0,E:\o4a\1372083712\L1_1372501504_1372505600.hdf5,1372501504.0,1372505600.0,L1,O4a,0.06442190706729889,64
1372503044.0,1372503076.0,E:\o4a\1372083712\L1_1372501504_1372505600.hdf5,1372501504.0,1372505600.0,L1,O4a,0.057245317846536636,64
1372503108.0,1372503140.0,E:\o4a\1372083712\L1_1372501504_1372505600.hdf5,1372501504.0,1372505600.0,L1,O4a,0.05692586675286293,64
1372503172.0,1372503204.0,E:\o4a\1372083712\L1_1372501504_1372505600.hdf5,1372501504.0,1372505600.0,L1,O4a,0.05879712104797363,64
1372503236.0,1372503268.0,E:\o4a\1372083712\L1_1372501504_1372505600.hdf5,1372501504.0,1372505600.0,L1,O4a,0.06287630647420883,64
1372503300.0,1372503332.0,E:\o4a\1372083712\L1_1372501504_1372505600.hdf5,1372501504.0,1372505600.0,L1,O4a,0.05884305015206337,64
1372503364.0,1372503396.0,E:\o4a\1372083712\L1_1372501504_1372505600.hdf5,1372501504.0,1372505600.0,L1,O4a,0.06300413608551025,64
1372503428.0,1372503460.0,E:\o4a\1372083712\L1_1372501504_1372505600.hdf5,1372501504.0,1372505600.0,L1,O4a,0.07217884063720703,64
1372503492.0,1372503524.0,E:\o4a\1372083712\L1_1372501504_1372505600.hdf5,1372501504.0,1372505600.0,L1,O4a,0.0558694452047348,64
1372503556.0,1372503588.0,E:\o4a\1372083712\L1_1372501504_1372505600.hdf5,1372501504.0,1372505600.0,L1,O4a,0.057349927723407745,64
1372503620.0,1372503652.0,E:\o4a\1372083712\L1_1372501504_1372505600.hdf5,1372501504.0,1372505600.0,L1,O4a,0.06771522760391235,64
1372503684.0,1372503716.0,E:\o4a\1372083712\L1_1372501504_1372505600.hdf5,1372501504.0,1372505600.0,L1,O4a,0.1868436187505722,64
1372503748.0,1372503780.0,E:\o4a\1372083712\L1_1372501504_1372505600.hdf5,1372501504.0,1372505600.0,L1,O4a,0.06184666231274605,64
1372563076.0,1372563108.0,E:\o4a\1372083712\L1_1372562944_1372567040.hdf5,1372562944.0,1372567040.0,L1,O4a,0.05495944619178772,65
1372563140.0,1372563172.0,E:\o4a\1372083712\L1_1372562944_1372567040.hdf5,1372562944.0,1372567040.0,L1,O4a,0.07092947512865067,65
1372563204.0,1372563236.0,E:\o4a\1372083712\L1_1372562944_1372567040.hdf5,1372562944.0,1372567040.0,L1,O4a,0.05423321947455406,65
1372563268.0,1372563300.0,E:\o4a\1372083712\L1_1372562944_1372567040.hdf5,1372562944.0,1372567040.0,L1,O4a,0.060987114906311035,65
1372563332.0,1372563364.0,E:\o4a\1372083712\L1_1372562944_1372567040.hdf5,1372562944.0,1372567040.0,L1,O4a,0.052135784178972244,65
1372563396.0,1372563428.0,E:\o4a\1372083712\L1_1372562944_1372567040.hdf5,1372562944.0,1372567040.0,L1,O4a,0.056043267250061035,65
1372563460.0,1372563492.0,E:\o4a\1372083712\L1_1372562944_1372567040.hdf5,1372562944.0,1372567040.0,L1,O4a,0.06428856402635574,65
1372563524.0,1372563556.0,E:\o4a\1372083712\L1_1372562944_1372567040.hdf5,1372562944.0,1372567040.0,L1,O4a,0.06825670599937439,65
1372563588.0,1372563620.0,E:\o4a\1372083712\L1_1372562944_1372567040.hdf5,1372562944.0,1372567040.0,L1,O4a,0.06789156794548035,65
1372563652.0,1372563684.0,E:\o4a\1372083712\L1_1372562944_1372567040.hdf5,1372562944.0,1372567040.0,L1,O4a,0.05585714802145958,65
1372563716.0,1372563748.0,E:\o4a\1372083712\L1_1372562944_1372567040.hdf5,1372562944.0,1372567040.0,L1,O4a,0.061793144792318344,65
1372563780.0,1372563812.0,E:\o4a\1372083712\L1_1372562944_1372567040.hdf5,1372562944.0,1372567040.0,L1,O4a,0.0556819923222065,65
1372563844.0,1372563876.0,E:\o4a\1372083712\L1_1372562944_1372567040.hdf5,1372562944.0,1372567040.0,L1,O4a,0.0647783949971199,65
1372563908.0,1372563940.0,E:\o4a\1372083712\L1_1372562944_1372567040.hdf5,1372562944.0,1372567040.0,L1,O4a,0.06469406932592392,65
1372563972.0,1372564004.0,E:\o4a\1372083712\L1_1372562944_1372567040.hdf5,1372562944.0,1372567040.0,L1,O4a,0.05758014693856239,65
1372564036.0,1372564068.0,E:\o4a\1372083712\L1_1372562944_1372567040.hdf5,1372562944.0,1372567040.0,L1,O4a,0.05492400750517845,65
1372564100.0,1372564132.0,E:\o4a\1372083712\L1_1372562944_1372567040.hdf5,1372562944.0,1372567040.0,L1,O4a,0.0709206759929657,65
1372608516.0,1372608548.0,E:\o4a\1372602112\L1_1372606208_1372610304.hdf5,1372606208.0,1372610304.0,L1,O4a,0.07253324240446091,66
1372608580.0,1372608612.0,E:\o4a\1372602112\L1_1372606208_1372610304.hdf5,1372606208.0,1372610304.0,L1,O4a,0.05900747701525688,66
1372608644.0,1372608676.0,E:\o4a\1372602112\L1_1372606208_1372610304.hdf5,1372606208.0,1372610304.0,L1,O4a,0.08320048451423645,66
1372608708.0,1372608740.0,E:\o4a\1372602112\L1_1372606208_1372610304.hdf5,1372606208.0,1372610304.0,L1,O4a,0.06828460842370987,66
1372608772.0,1372608804.0,E:\o4a\1372602112\L1_1372606208_1372610304.hdf5,1372606208.0,1372610304.0,L1,O4a,0.05677613243460655,66
1372608836.0,1372608868.0,E:\o4a\1372602112\L1_1372606208_1372610304.hdf5,1372606208.0,1372610304.0,L1,O4a,0.060022734105587006,66
1372608900.0,1372608932.0,E:\o4a\1372602112\L1_1372606208_1372610304.hdf5,1372606208.0,1372610304.0,L1,O4a,0.05696548521518707,66
1372608964.0,1372608996.0,E:\o4a\1372602112\L1_1372606208_1372610304.hdf5,1372606208.0,1372610304.0,L1,O4a,0.06253746896982193,66
1372609028.0,1372609060.0,E:\o4a\1372602112\L1_1372606208_1372610304.hdf5,1372606208.0,1372610304.0,L1,O4a,0.0633094310760498,66
1372609092.0,1372609124.0,E:\o4a\1372602112\L1_1372606208_1372610304.hdf5,1372606208.0,1372610304.0,L1,O4a,0.0628087967634201,66
1372609156.0,1372609188.0,E:\o4a\1372602112\L1_1372606208_1372610304.hdf5,1372606208.0,1372610304.0,L1,O4a,0.06800566613674164,66
1372609220.0,1372609252.0,E:\o4a\1372602112\L1_1372606208_1372610304.hdf5,1372606208.0,1372610304.0,L1,O4a,0.08727429807186127,66
1372609284.0,1372609316.0,E:\o4a\1372602112\L1_1372606208_1372610304.hdf5,1372606208.0,1372610304.0,L1,O4a,0.06609226763248444,66
1372609348.0,1372609380.0,E:\o4a\1372602112\L1_1372606208_1372610304.hdf5,1372606208.0,1372610304.0,L1,O4a,0.05960370600223541,66
1372609412.0,1372609444.0,E:\o4a\1372602112\L1_1372606208_1372610304.hdf5,1372606208.0,1372610304.0,L1,O4a,0.07192568480968475,66
1372609476.0,1372609508.0,E:\o4a\1372602112\L1_1372606208_1372610304.hdf5,1372606208.0,1372610304.0,L1,O4a,0.05528128892183304,66
1372609540.0,1372609572.0,E:\o4a\1372602112\L1_1372606208_1372610304.hdf5,1372606208.0,1372610304.0,L1,O4a,0.058250732719898224,66
1372671940.0,1372671972.0,E:\o4a\1372602112\L1_1372671744_1372675840.hdf5,1372671744.0,1372675840.0,L1,O4a,0.07559767365455627,67
1372672004.0,1372672036.0,E:\o4a\1372602112\L1_1372671744_1372675840.hdf5,1372671744.0,1372675840.0,L1,O4a,0.054443225264549255,67
1372672068.0,1372672100.0,E:\o4a\1372602112\L1_1372671744_1372675840.hdf5,1372671744.0,1372675840.0,L1,O4a,0.06776078790426254,67
1372672132.0,1372672164.0,E:\o4a\1372602112\L1_1372671744_1372675840.hdf5,1372671744.0,1372675840.0,L1,O4a,0.075254887342453,67
1372672196.0,1372672228.0,E:\o4a\1372602112\L1_1372671744_1372675840.hdf5,1372671744.0,1372675840.0,L1,O4a,0.056628402322530746,67
1372672260.0,1372672292.0,E:\o4a\1372602112\L1_1372671744_1372675840.hdf5,1372671744.0,1372675840.0,L1,O4a,0.07023409754037857,67
1372672324.0,1372672356.0,E:\o4a\1372602112\L1_1372671744_1372675840.hdf5,1372671744.0,1372675840.0,L1,O4a,0.08623145520687103,67
1372672388.0,1372672420.0,E:\o4a\1372602112\L1_1372671744_1372675840.hdf5,1372671744.0,1372675840.0,L1,O4a,0.06868617236614227,67
1372672452.0,1372672484.0,E:\o4a\1372602112\L1_1372671744_1372675840.hdf5,1372671744.0,1372675840.0,L1,O4a,0.07741227000951767,67
1372672516.0,1372672548.0,E:\o4a\1372602112\L1_1372671744_1372675840.hdf5,1372671744.0,1372675840.0,L1,O4a,0.07380406558513641,67
1372672580.0,1372672612.0,E:\o4a\1372602112\L1_1372671744_1372675840.hdf5,1372671744.0,1372675840.0,L1,O4a,0.058314692229032516,67
1372672644.0,1372672676.0,E:\o4a\1372602112\L1_1372671744_1372675840.hdf5,1372671744.0,1372675840.0,L1,O4a,0.07123281806707382,67
1372672708.0,1372672740.0,E:\o4a\1372602112\L1_1372671744_1372675840.hdf5,1372671744.0,1372675840.0,L1,O4a,0.05904391407966614,67
1372672772.0,1372672804.0,E:\o4a\1372602112\L1_1372671744_1372675840.hdf5,1372671744.0,1372675840.0,L1,O4a,0.0677853375673294,67
1372672836.0,1372672868.0,E:\o4a\1372602112\L1_1372671744_1372675840.hdf5,1372671744.0,1372675840.0,L1,O4a,0.06462521106004715,67
1372672900.0,1372672932.0,E:\o4a\1372602112\L1_1372671744_1372675840.hdf5,1372671744.0,1372675840.0,L1,O4a,0.06535663455724716,67
1372672964.0,1372672996.0,E:\o4a\1372602112\L1_1372671744_1372675840.hdf5,1372671744.0,1372675840.0,L1,O4a,0.06585539132356644,67
1372725380.0,1372725412.0,E:\o4a\1372602112\L1_1372724992_1372729088.hdf5,1372724992.0,1372729088.0,L1,O4a,0.06602584570646286,68
1372725444.0,1372725476.0,E:\o4a\1372602112\L1_1372724992_1372729088.hdf5,1372724992.0,1372729088.0,L1,O4a,0.09440130740404129,68
1372725508.0,1372725540.0,E:\o4a\1372602112\L1_1372724992_1372729088.hdf5,1372724992.0,1372729088.0,L1,O4a,0.05599988251924515,68
1372725572.0,1372725604.0,E:\o4a\1372602112\L1_1372724992_1372729088.hdf5,1372724992.0,1372729088.0,L1,O4a,0.07151658833026886,68
1372725636.0,1372725668.0,E:\o4a\1372602112\L1_1372724992_1372729088.hdf5,1372724992.0,1372729088.0,L1,O4a,0.07155418395996094,68
1372725700.0,1372725732.0,E:\o4a\1372602112\L1_1372724992_1372729088.hdf5,1372724992.0,1372729088.0,L1,O4a,0.055669959634542465,68
1372725764.0,1372725796.0,E:\o4a\1372602112\L1_1372724992_1372729088.hdf5,1372724992.0,1372729088.0,L1,O4a,0.059411440044641495,68
1372725828.0,1372725860.0,E:\o4a\1372602112\L1_1372724992_1372729088.hdf5,1372724992.0,1372729088.0,L1,O4a,0.05637400969862938,68
1372725892.0,1372725924.0,E:\o4a\1372602112\L1_1372724992_1372729088.hdf5,1372724992.0,1372729088.0,L1,O4a,0.0717078223824501,68
1372725956.0,1372725988.0,E:\o4a\1372602112\L1_1372724992_1372729088.hdf5,1372724992.0,1372729088.0,L1,O4a,0.060824666172266006,68
1372726020.0,1372726052.0,E:\o4a\1372602112\L1_1372724992_1372729088.hdf5,1372724992.0,1372729088.0,L1,O4a,0.05318523570895195,68
1372726084.0,1372726116.0,E:\o4a\1372602112\L1_1372724992_1372729088.hdf5,1372724992.0,1372729088.0,L1,O4a,0.08367396891117096,68
1372726148.0,1372726180.0,E:\o4a\1372602112\L1_1372724992_1372729088.hdf5,1372724992.0,1372729088.0,L1,O4a,0.05693114921450615,68
1372726212.0,1372726244.0,E:\o4a\1372602112\L1_1372724992_1372729088.hdf5,1372724992.0,1372729088.0,L1,O4a,0.05633655935525894,68
1372726276.0,1372726308.0,E:\o4a\1372602112\L1_1372724992_1372729088.hdf5,1372724992.0,1372729088.0,L1,O4a,0.05624593049287796,68
1372726340.0,1372726372.0,E:\o4a\1372602112\L1_1372724992_1372729088.hdf5,1372724992.0,1372729088.0,L1,O4a,0.07215871661901474,68
1372726404.0,1372726436.0,E:\o4a\1372602112\L1_1372724992_1372729088.hdf5,1372724992.0,1372729088.0,L1,O4a,0.05764765664935112,68
1372772164.0,1372772196.0,E:\o4a\1372602112\L1_1372770048_1372774144.hdf5,1372770048.0,1372774144.0,L1,O4a,0.06588201969861984,69
1372772228.0,1372772260.0,E:\o4a\1372602112\L1_1372770048_1372774144.hdf5,1372770048.0,1372774144.0,L1,O4a,0.06882473826408386,69
1372772292.0,1372772324.0,E:\o4a\1372602112\L1_1372770048_1372774144.hdf5,1372770048.0,1372774144.0,L1,O4a,0.05974069610238075,69
1372772356.0,1372772388.0,E:\o4a\1372602112\L1_1372770048_1372774144.hdf5,1372770048.0,1372774144.0,L1,O4a,0.06340641528367996,69
1372772420.0,1372772452.0,E:\o4a\1372602112\L1_1372770048_1372774144.hdf5,1372770048.0,1372774144.0,L1,O4a,0.06099986284971237,69
1372772484.0,1372772516.0,E:\o4a\1372602112\L1_1372770048_1372774144.hdf5,1372770048.0,1372774144.0,L1,O4a,0.06314825266599655,69
1372772548.0,1372772580.0,E:\o4a\1372602112\L1_1372770048_1372774144.hdf5,1372770048.0,1372774144.0,L1,O4a,0.056531477719545364,69
1372772612.0,1372772644.0,E:\o4a\1372602112\L1_1372770048_1372774144.hdf5,1372770048.0,1372774144.0,L1,O4a,0.057368166744709015,69
1372772676.0,1372772708.0,E:\o4a\1372602112\L1_1372770048_1372774144.hdf5,1372770048.0,1372774144.0,L1,O4a,0.05572235584259033,69
1372772740.0,1372772772.0,E:\o4a\1372602112\L1_1372770048_1372774144.hdf5,1372770048.0,1372774144.0,L1,O4a,0.05829302594065666,69
1372772804.0,1372772836.0,E:\o4a\1372602112\L1_1372770048_1372774144.hdf5,1372770048.0,1372774144.0,L1,O4a,0.0567442812025547,69
1372772868.0,1372772900.0,E:\o4a\1372602112\L1_1372770048_1372774144.hdf5,1372770048.0,1372774144.0,L1,O4a,0.05705849453806877,69
1372772932.0,1372772964.0,E:\o4a\1372602112\L1_1372770048_1372774144.hdf5,1372770048.0,1372774144.0,L1,O4a,0.07414913177490234,69
1372772996.0,1372773028.0,E:\o4a\1372602112\L1_1372770048_1372774144.hdf5,1372770048.0,1372774144.0,L1,O4a,0.05666133388876915,69
1372773060.0,1372773092.0,E:\o4a\1372602112\L1_1372770048_1372774144.hdf5,1372770048.0,1372774144.0,L1,O4a,0.06400886923074722,69
1372773124.0,1372773156.0,E:\o4a\1372602112\L1_1372770048_1372774144.hdf5,1372770048.0,1372774144.0,L1,O4a,0.058854565024375916,69
1372773188.0,1372773220.0,E:\o4a\1372602112\L1_1372770048_1372774144.hdf5,1372770048.0,1372774144.0,L1,O4a,0.05863070487976074,69
1372835588.0,1372835620.0,E:\o4a\1372602112\L1_1372835584_1372839680.hdf5,1372835584.0,1372839680.0,L1,O4a,0.06588969379663467,70
1372835652.0,1372835684.0,E:\o4a\1372602112\L1_1372835584_1372839680.hdf5,1372835584.0,1372839680.0,L1,O4a,0.062389880418777466,70
1372835716.0,1372835748.0,E:\o4a\1372602112\L1_1372835584_1372839680.hdf5,1372835584.0,1372839680.0,L1,O4a,0.07856220752000809,70
1372835780.0,1372835812.0,E:\o4a\1372602112\L1_1372835584_1372839680.hdf5,1372835584.0,1372839680.0,L1,O4a,0.08233004063367844,70
1372835844.0,1372835876.0,E:\o4a\1372602112\L1_1372835584_1372839680.hdf5,1372835584.0,1372839680.0,L1,O4a,0.09536959230899811,70
1372835908.0,1372835940.0,E:\o4a\1372602112\L1_1372835584_1372839680.hdf5,1372835584.0,1372839680.0,L1,O4a,0.06847573071718216,70
1372835972.0,1372836004.0,E:\o4a\1372602112\L1_1372835584_1372839680.hdf5,1372835584.0,1372839680.0,L1,O4a,0.05545288324356079,70
1372836036.0,1372836068.0,E:\o4a\1372602112\L1_1372835584_1372839680.hdf5,1372835584.0,1372839680.0,L1,O4a,0.05783572047948837,70
1372836100.0,1372836132.0,E:\o4a\1372602112\L1_1372835584_1372839680.hdf5,1372835584.0,1372839680.0,L1,O4a,0.06019489839673042,70
1372836164.0,1372836196.0,E:\o4a\1372602112\L1_1372835584_1372839680.hdf5,1372835584.0,1372839680.0,L1,O4a,0.060695234686136246,70
1372836228.0,1372836260.0,E:\o4a\1372602112\L1_1372835584_1372839680.hdf5,1372835584.0,1372839680.0,L1,O4a,0.06001914292573929,70
1372836292.0,1372836324.0,E:\o4a\1372602112\L1_1372835584_1372839680.hdf5,1372835584.0,1372839680.0,L1,O4a,0.06122501567006111,70
1372836356.0,1372836388.0,E:\o4a\1372602112\L1_1372835584_1372839680.hdf5,1372835584.0,1372839680.0,L1,O4a,0.06607434153556824,70
1372836420.0,1372836452.0,E:\o4a\1372602112\L1_1372835584_1372839680.hdf5,1372835584.0,1372839680.0,L1,O4a,0.06621727347373962,70
1372836484.0,1372836516.0,E:\o4a\1372602112\L1_1372835584_1372839680.hdf5,1372835584.0,1372839680.0,L1,O4a,0.07575611770153046,70
1372836548.0,1372836580.0,E:\o4a\1372602112\L1_1372835584_1372839680.hdf5,1372835584.0,1372839680.0,L1,O4a,0.06068479269742966,70
1372836612.0,1372836644.0,E:\o4a\1372602112\L1_1372835584_1372839680.hdf5,1372835584.0,1372839680.0,L1,O4a,0.0724194347858429,70
1372887428.0,1372887460.0,E:\o4a\1372602112\L1_1372884736_1372888832.hdf5,1372884736.0,1372888832.0,L1,O4a,0.08603555709123611,71
1372887492.0,1372887524.0,E:\o4a\1372602112\L1_1372884736_1372888832.hdf5,1372884736.0,1372888832.0,L1,O4a,0.05833018198609352,71
1372887556.0,1372887588.0,E:\o4a\1372602112\L1_1372884736_1372888832.hdf5,1372884736.0,1372888832.0,L1,O4a,0.06387467682361603,71
1372887620.0,1372887652.0,E:\o4a\1372602112\L1_1372884736_1372888832.hdf5,1372884736.0,1372888832.0,L1,O4a,0.055075351148843765,71
1372887684.0,1372887716.0,E:\o4a\1372602112\L1_1372884736_1372888832.hdf5,1372884736.0,1372888832.0,L1,O4a,0.06332330405712128,71
1372887748.0,1372887780.0,E:\o4a\1372602112\L1_1372884736_1372888832.hdf5,1372884736.0,1372888832.0,L1,O4a,0.05750468373298645,71
1372887812.0,1372887844.0,E:\o4a\1372602112\L1_1372884736_1372888832.hdf5,1372884736.0,1372888832.0,L1,O4a,0.06207387521862984,71
1372887876.0,1372887908.0,E:\o4a\1372602112\L1_1372884736_1372888832.hdf5,1372884736.0,1372888832.0,L1,O4a,0.061570391058921814,71
1372887940.0,1372887972.0,E:\o4a\1372602112\L1_1372884736_1372888832.hdf5,1372884736.0,1372888832.0,L1,O4a,0.055618979036808014,71
1372888004.0,1372888036.0,E:\o4a\1372602112\L1_1372884736_1372888832.hdf5,1372884736.0,1372888832.0,L1,O4a,0.0708598867058754,71
1372888068.0,1372888100.0,E:\o4a\1372602112\L1_1372884736_1372888832.hdf5,1372884736.0,1372888832.0,L1,O4a,0.06750884652137756,71
1372888132.0,1372888164.0,E:\o4a\1372602112\L1_1372884736_1372888832.hdf5,1372884736.0,1372888832.0,L1,O4a,0.05551321059465408,71
1372888196.0,1372888228.0,E:\o4a\1372602112\L1_1372884736_1372888832.hdf5,1372884736.0,1372888832.0,L1,O4a,0.0968310534954071,71
1372888260.0,1372888292.0,E:\o4a\1372602112\L1_1372884736_1372888832.hdf5,1372884736.0,1372888832.0,L1,O4a,0.05966869369149208,71
1372888324.0,1372888356.0,E:\o4a\1372602112\L1_1372884736_1372888832.hdf5,1372884736.0,1372888832.0,L1,O4a,0.08036095649003983,71
1372888388.0,1372888420.0,E:\o4a\1372602112\L1_1372884736_1372888832.hdf5,1372884736.0,1372888832.0,L1,O4a,0.06336773186922073,71
1372888452.0,1372888484.0,E:\o4a\1372602112\L1_1372884736_1372888832.hdf5,1372884736.0,1372888832.0,L1,O4a,0.05899902060627937,71
1372930372.0,1372930404.0,E:\o4a\1372602112\L1_1372929792_1372933888.hdf5,1372929792.0,1372933888.0,L1,O4a,0.05882585793733597,72
1372930436.0,1372930468.0,E:\o4a\1372602112\L1_1372929792_1372933888.hdf5,1372929792.0,1372933888.0,L1,O4a,0.0581042505800724,72
1372930500.0,1372930532.0,E:\o4a\1372602112\L1_1372929792_1372933888.hdf5,1372929792.0,1372933888.0,L1,O4a,0.06713169813156128,72
1372930564.0,1372930596.0,E:\o4a\1372602112\L1_1372929792_1372933888.hdf5,1372929792.0,1372933888.0,L1,O4a,0.06333921104669571,72
1372930628.0,1372930660.0,E:\o4a\1372602112\L1_1372929792_1372933888.hdf5,1372929792.0,1372933888.0,L1,O4a,0.06313562393188477,72
1372930692.0,1372930724.0,E:\o4a\1372602112\L1_1372929792_1372933888.hdf5,1372929792.0,1372933888.0,L1,O4a,0.0579058974981308,72
1372930756.0,1372930788.0,E:\o4a\1372602112\L1_1372929792_1372933888.hdf5,1372929792.0,1372933888.0,L1,O4a,0.06581763923168182,72
1372930820.0,1372930852.0,E:\o4a\1372602112\L1_1372929792_1372933888.hdf5,1372929792.0,1372933888.0,L1,O4a,0.0562276728451252,72
1372930884.0,1372930916.0,E:\o4a\1372602112\L1_1372929792_1372933888.hdf5,1372929792.0,1372933888.0,L1,O4a,0.056898776441812515,72
1372930948.0,1372930980.0,E:\o4a\1372602112\L1_1372929792_1372933888.hdf5,1372929792.0,1372933888.0,L1,O4a,0.05865215137600899,72
1372931012.0,1372931044.0,E:\o4a\1372602112\L1_1372929792_1372933888.hdf5,1372929792.0,1372933888.0,L1,O4a,0.07327837496995926,72
1372931076.0,1372931108.0,E:\o4a\1372602112\L1_1372929792_1372933888.hdf5,1372929792.0,1372933888.0,L1,O4a,0.05825938284397125,72
1372931140.0,1372931172.0,E:\o4a\1372602112\L1_1372929792_1372933888.hdf5,1372929792.0,1372933888.0,L1,O4a,0.05403537303209305,72
1372931204.0,1372931236.0,E:\o4a\1372602112\L1_1372929792_1372933888.hdf5,1372929792.0,1372933888.0,L1,O4a,0.05609036237001419,72
1372931268.0,1372931300.0,E:\o4a\1372602112\L1_1372929792_1372933888.hdf5,1372929792.0,1372933888.0,L1,O4a,0.05413052439689636,72
1372931332.0,1372931364.0,E:\o4a\1372602112\L1_1372929792_1372933888.hdf5,1372929792.0,1372933888.0,L1,O4a,0.056606363505125046,72
1372931396.0,1372931428.0,E:\o4a\1372602112\L1_1372929792_1372933888.hdf5,1372929792.0,1372933888.0,L1,O4a,0.07121668010950089,72
1372970756.0,1372970788.0,E:\o4a\1372602112\L1_1372970752_1372974848.hdf5,1372970752.0,1372974848.0,L1,O4a,0.05958423763513565,73
1372970820.0,1372970852.0,E:\o4a\1372602112\L1_1372970752_1372974848.hdf5,1372970752.0,1372974848.0,L1,O4a,0.062177833169698715,73
1372970884.0,1372970916.0,E:\o4a\1372602112\L1_1372970752_1372974848.hdf5,1372970752.0,1372974848.0,L1,O4a,0.06433696299791336,73
1372970948.0,1372970980.0,E:\o4a\1372602112\L1_1372970752_1372974848.hdf5,1372970752.0,1372974848.0,L1,O4a,0.06896669417619705,73
1372971012.0,1372971044.0,E:\o4a\1372602112\L1_1372970752_1372974848.hdf5,1372970752.0,1372974848.0,L1,O4a,0.055721838027238846,73
1372971076.0,1372971108.0,E:\o4a\1372602112\L1_1372970752_1372974848.hdf5,1372970752.0,1372974848.0,L1,O4a,0.0645068809390068,73
1372971140.0,1372971172.0,E:\o4a\1372602112\L1_1372970752_1372974848.hdf5,1372970752.0,1372974848.0,L1,O4a,0.0683867484331131,73
1372971204.0,1372971236.0,E:\o4a\1372602112\L1_1372970752_1372974848.hdf5,1372970752.0,1372974848.0,L1,O4a,0.05880091339349747,73
1372971268.0,1372971300.0,E:\o4a\1372602112\L1_1372970752_1372974848.hdf5,1372970752.0,1372974848.0,L1,O4a,0.06423749029636383,73
1372971332.0,1372971364.0,E:\o4a\1372602112\L1_1372970752_1372974848.hdf5,1372970752.0,1372974848.0,L1,O4a,0.05880856141448021,73
1372971396.0,1372971428.0,E:\o4a\1372602112\L1_1372970752_1372974848.hdf5,1372970752.0,1372974848.0,L1,O4a,0.05543111264705658,73
1372971460.0,1372971492.0,E:\o4a\1372602112\L1_1372970752_1372974848.hdf5,1372970752.0,1372974848.0,L1,O4a,0.06351995468139648,73
1372971524.0,1372971556.0,E:\o4a\1372602112\L1_1372970752_1372974848.hdf5,1372970752.0,1372974848.0,L1,O4a,0.06661006063222885,73
1372971588.0,1372971620.0,E:\o4a\1372602112\L1_1372970752_1372974848.hdf5,1372970752.0,1372974848.0,L1,O4a,0.05937755107879639,73
1372971652.0,1372971684.0,E:\o4a\1372602112\L1_1372970752_1372974848.hdf5,1372970752.0,1372974848.0,L1,O4a,0.05712858960032463,73
1372971716.0,1372971748.0,E:\o4a\1372602112\L1_1372970752_1372974848.hdf5,1372970752.0,1372974848.0,L1,O4a,0.05796186998486519,73
1372971780.0,1372971812.0,E:\o4a\1372602112\L1_1372970752_1372974848.hdf5,1372970752.0,1372974848.0,L1,O4a,0.060896135866642,73
1373020996.0,1373021028.0,E:\o4a\1372602112\L1_1373019904_1373024000.hdf5,1373019904.0,1373024000.0,L1,O4a,0.06252417713403702,74
1373021060.0,1373021092.0,E:\o4a\1372602112\L1_1373019904_1373024000.hdf5,1373019904.0,1373024000.0,L1,O4a,0.06193768233060837,74
1373021124.0,1373021156.0,E:\o4a\1372602112\L1_1373019904_1373024000.hdf5,1373019904.0,1373024000.0,L1,O4a,0.055269211530685425,74
1373021188.0,1373021220.0,E:\o4a\1372602112\L1_1373019904_1373024000.hdf5,1373019904.0,1373024000.0,L1,O4a,0.06092706695199013,74
1373021252.0,1373021284.0,E:\o4a\1372602112\L1_1373019904_1373024000.hdf5,1373019904.0,1373024000.0,L1,O4a,0.059701960533857346,74
1373021316.0,1373021348.0,E:\o4a\1372602112\L1_1373019904_1373024000.hdf5,1373019904.0,1373024000.0,L1,O4a,0.08881193399429321,74
1373021380.0,1373021412.0,E:\o4a\1372602112\L1_1373019904_1373024000.hdf5,1373019904.0,1373024000.0,L1,O4a,0.06128208711743355,74
1373021444.0,1373021476.0,E:\o4a\1372602112\L1_1373019904_1373024000.hdf5,1373019904.0,1373024000.0,L1,O4a,0.07087687402963638,74
1373021508.0,1373021540.0,E:\o4a\1372602112\L1_1373019904_1373024000.hdf5,1373019904.0,1373024000.0,L1,O4a,0.17519976198673248,74
1373021572.0,1373021604.0,E:\o4a\1372602112\L1_1373019904_1373024000.hdf5,1373019904.0,1373024000.0,L1,O4a,0.06404975056648254,74
1373021636.0,1373021668.0,E:\o4a\1372602112\L1_1373019904_1373024000.hdf5,1373019904.0,1373024000.0,L1,O4a,0.05675968527793884,74
1373021700.0,1373021732.0,E:\o4a\1372602112\L1_1373019904_1373024000.hdf5,1373019904.0,1373024000.0,L1,O4a,0.055389776825904846,74
1373021764.0,1373021796.0,E:\o4a\1372602112\L1_1373019904_1373024000.hdf5,1373019904.0,1373024000.0,L1,O4a,0.057241663336753845,74
1373021828.0,1373021860.0,E:\o4a\1372602112\L1_1373019904_1373024000.hdf5,1373019904.0,1373024000.0,L1,O4a,0.06739209592342377,74
1373021892.0,1373021924.0,E:\o4a\1372602112\L1_1373019904_1373024000.hdf5,1373019904.0,1373024000.0,L1,O4a,0.06468144059181213,74
1373021956.0,1373021988.0,E:\o4a\1372602112\L1_1373019904_1373024000.hdf5,1373019904.0,1373024000.0,L1,O4a,0.05755576491355896,74
1373022020.0,1373022052.0,E:\o4a\1372602112\L1_1373019904_1373024000.hdf5,1373019904.0,1373024000.0,L1,O4a,0.05953555926680565,74
1373081348.0,1373081380.0,E:\o4a\1372602112\L1_1373081344_1373085440.hdf5,1373081344.0,1373085440.0,L1,O4a,0.0675077885389328,75
1373081412.0,1373081444.0,E:\o4a\1372602112\L1_1373081344_1373085440.hdf5,1373081344.0,1373085440.0,L1,O4a,0.06318356096744537,75
1373081476.0,1373081508.0,E:\o4a\1372602112\L1_1373081344_1373085440.hdf5,1373081344.0,1373085440.0,L1,O4a,0.07888255268335342,75
1373081540.0,1373081572.0,E:\o4a\1372602112\L1_1373081344_1373085440.hdf5,1373081344.0,1373085440.0,L1,O4a,0.06848584860563278,75
1373081604.0,1373081636.0,E:\o4a\1372602112\L1_1373081344_1373085440.hdf5,1373081344.0,1373085440.0,L1,O4a,0.06990087777376175,75
1373081668.0,1373081700.0,E:\o4a\1372602112\L1_1373081344_1373085440.hdf5,1373081344.0,1373085440.0,L1,O4a,0.06048048287630081,75
1373081732.0,1373081764.0,E:\o4a\1372602112\L1_1373081344_1373085440.hdf5,1373081344.0,1373085440.0,L1,O4a,0.06326878070831299,75
1373081796.0,1373081828.0,E:\o4a\1372602112\L1_1373081344_1373085440.hdf5,1373081344.0,1373085440.0,L1,O4a,0.06365595757961273,75
1373081860.0,1373081892.0,E:\o4a\1372602112\L1_1373081344_1373085440.hdf5,1373081344.0,1373085440.0,L1,O4a,0.06832759082317352,75
1373081924.0,1373081956.0,E:\o4a\1372602112\L1_1373081344_1373085440.hdf5,1373081344.0,1373085440.0,L1,O4a,0.06704260408878326,75
1373081988.0,1373082020.0,E:\o4a\1372602112\L1_1373081344_1373085440.hdf5,1373081344.0,1373085440.0,L1,O4a,0.05802945792675018,75
1373082052.0,1373082084.0,E:\o4a\1372602112\L1_1373081344_1373085440.hdf5,1373081344.0,1373085440.0,L1,O4a,0.06549660116434097,75
1373082116.0,1373082148.0,E:\o4a\1372602112\L1_1373081344_1373085440.hdf5,1373081344.0,1373085440.0,L1,O4a,0.05682370439171791,75
1373082180.0,1373082212.0,E:\o4a\1372602112\L1_1373081344_1373085440.hdf5,1373081344.0,1373085440.0,L1,O4a,0.061824996024370193,75
1373082244.0,1373082276.0,E:\o4a\1372602112\L1_1373081344_1373085440.hdf5,1373081344.0,1373085440.0,L1,O4a,0.05807313323020935,75
1373082308.0,1373082340.0,E:\o4a\1372602112\L1_1373081344_1373085440.hdf5,1373081344.0,1373085440.0,L1,O4a,0.06442664563655853,75
1373082372.0,1373082404.0,E:\o4a\1372602112\L1_1373081344_1373085440.hdf5,1373081344.0,1373085440.0,L1,O4a,0.062345728278160095,75
1373188228.0,1373188260.0,E:\o4a\1373120512\L1_1373186048_1373190144.hdf5,1373186048.0,1373190144.0,L1,O4a,0.06671031564474106,77
1373188292.0,1373188324.0,E:\o4a\1373120512\L1_1373186048_1373190144.hdf5,1373186048.0,1373190144.0,L1,O4a,0.06125089153647423,77
1373188356.0,1373188388.0,E:\o4a\1373120512\L1_1373186048_1373190144.hdf5,1373186048.0,1373190144.0,L1,O4a,0.06979469954967499,77
1373188420.0,1373188452.0,E:\o4a\1373120512\L1_1373186048_1373190144.hdf5,1373186048.0,1373190144.0,L1,O4a,0.060425855219364166,77
1373188484.0,1373188516.0,E:\o4a\1373120512\L1_1373186048_1373190144.hdf5,1373186048.0,1373190144.0,L1,O4a,0.07086069136857986,77
1373188548.0,1373188580.0,E:\o4a\1373120512\L1_1373186048_1373190144.hdf5,1373186048.0,1373190144.0,L1,O4a,0.05956963822245598,77
1373188612.0,1373188644.0,E:\o4a\1373120512\L1_1373186048_1373190144.hdf5,1373186048.0,1373190144.0,L1,O4a,0.06521106511354446,77
1373188676.0,1373188708.0,E:\o4a\1373120512\L1_1373186048_1373190144.hdf5,1373186048.0,1373190144.0,L1,O4a,0.07341831922531128,77
1373188740.0,1373188772.0,E:\o4a\1373120512\L1_1373186048_1373190144.hdf5,1373186048.0,1373190144.0,L1,O4a,0.07309097796678543,77
1373188804.0,1373188836.0,E:\o4a\1373120512\L1_1373186048_1373190144.hdf5,1373186048.0,1373190144.0,L1,O4a,0.0732583999633789,77
1373188868.0,1373188900.0,E:\o4a\1373120512\L1_1373186048_1373190144.hdf5,1373186048.0,1373190144.0,L1,O4a,0.06998413056135178,77
1373188932.0,1373188964.0,E:\o4a\1373120512\L1_1373186048_1373190144.hdf5,1373186048.0,1373190144.0,L1,O4a,0.059783920645713806,77
1373188996.0,1373189028.0,E:\o4a\1373120512\L1_1373186048_1373190144.hdf5,1373186048.0,1373190144.0,L1,O4a,0.05742860212922096,77
1373189060.0,1373189092.0,E:\o4a\1373120512\L1_1373186048_1373190144.hdf5,1373186048.0,1373190144.0,L1,O4a,0.056539684534072876,77
1373189124.0,1373189156.0,E:\o4a\1373120512\L1_1373186048_1373190144.hdf5,1373186048.0,1373190144.0,L1,O4a,0.05819002911448479,77
1373189188.0,1373189220.0,E:\o4a\1373120512\L1_1373186048_1373190144.hdf5,1373186048.0,1373190144.0,L1,O4a,0.06364753842353821,77
1373189252.0,1373189284.0,E:\o4a\1373120512\L1_1373186048_1373190144.hdf5,1373186048.0,1373190144.0,L1,O4a,0.06580408662557602,77
1373243396.0,1373243428.0,E:\o4a\1373120512\L1_1373243392_1373247488.hdf5,1373243392.0,1373247488.0,L1,O4a,0.05745495855808258,78
1373243460.0,1373243492.0,E:\o4a\1373120512\L1_1373243392_1373247488.hdf5,1373243392.0,1373247488.0,L1,O4a,0.05641689896583557,78
1373243524.0,1373243556.0,E:\o4a\1373120512\L1_1373243392_1373247488.hdf5,1373243392.0,1373247488.0,L1,O4a,0.0640716552734375,78
1373243588.0,1373243620.0,E:\o4a\1373120512\L1_1373243392_1373247488.hdf5,1373243392.0,1373247488.0,L1,O4a,0.054312724620103836,78
1373243652.0,1373243684.0,E:\o4a\1373120512\L1_1373243392_1373247488.hdf5,1373243392.0,1373247488.0,L1,O4a,0.0556180514395237,78
1373243716.0,1373243748.0,E:\o4a\1373120512\L1_1373243392_1373247488.hdf5,1373243392.0,1373247488.0,L1,O4a,0.061127811670303345,78
1373243780.0,1373243812.0,E:\o4a\1373120512\L1_1373243392_1373247488.hdf5,1373243392.0,1373247488.0,L1,O4a,0.06631780415773392,78
1373243844.0,1373243876.0,E:\o4a\1373120512\L1_1373243392_1373247488.hdf5,1373243392.0,1373247488.0,L1,O4a,0.06762885302305222,78
1373243908.0,1373243940.0,E:\o4a\1373120512\L1_1373243392_1373247488.hdf5,1373243392.0,1373247488.0,L1,O4a,0.0609406940639019,78
1373243972.0,1373244004.0,E:\o4a\1373120512\L1_1373243392_1373247488.hdf5,1373243392.0,1373247488.0,L1,O4a,0.07564069330692291,78
1373244036.0,1373244068.0,E:\o4a\1373120512\L1_1373243392_1373247488.hdf5,1373243392.0,1373247488.0,L1,O4a,0.05702679976820946,78
1373244100.0,1373244132.0,E:\o4a\1373120512\L1_1373243392_1373247488.hdf5,1373243392.0,1373247488.0,L1,O4a,0.06511152535676956,78
1373244164.0,1373244196.0,E:\o4a\1373120512\L1_1373243392_1373247488.hdf5,1373243392.0,1373247488.0,L1,O4a,0.05726633593440056,78
1373244228.0,1373244260.0,E:\o4a\1373120512\L1_1373243392_1373247488.hdf5,1373243392.0,1373247488.0,L1,O4a,0.06120499595999718,78
1373244292.0,1373244324.0,E:\o4a\1373120512\L1_1373243392_1373247488.hdf5,1373243392.0,1373247488.0,L1,O4a,0.05895400047302246,78
1373244356.0,1373244388.0,E:\o4a\1373120512\L1_1373243392_1373247488.hdf5,1373243392.0,1373247488.0,L1,O4a,0.06063179299235344,78
1373244420.0,1373244452.0,E:\o4a\1373120512\L1_1373243392_1373247488.hdf5,1373243392.0,1373247488.0,L1,O4a,0.06304012984037399,78
1373285444.0,1373285476.0,E:\o4a\1373120512\L1_1373284352_1373288448.hdf5,1373284352.0,1373288448.0,L1,O4a,0.05999651551246643,79
1373285508.0,1373285540.0,E:\o4a\1373120512\L1_1373284352_1373288448.hdf5,1373284352.0,1373288448.0,L1,O4a,0.060528334230184555,79
1373285572.0,1373285604.0,E:\o4a\1373120512\L1_1373284352_1373288448.hdf5,1373284352.0,1373288448.0,L1,O4a,0.05726228654384613,79
1373285636.0,1373285668.0,E:\o4a\1373120512\L1_1373284352_1373288448.hdf5,1373284352.0,1373288448.0,L1,O4a,0.07808368653059006,79
1373285700.0,1373285732.0,E:\o4a\1373120512\L1_1373284352_1373288448.hdf5,1373284352.0,1373288448.0,L1,O4a,0.08776941150426865,79
1373285764.0,1373285796.0,E:\o4a\1373120512\L1_1373284352_1373288448.hdf5,1373284352.0,1373288448.0,L1,O4a,0.0556124746799469,79
1373285828.0,1373285860.0,E:\o4a\1373120512\L1_1373284352_1373288448.hdf5,1373284352.0,1373288448.0,L1,O4a,0.06340302526950836,79
1373285892.0,1373285924.0,E:\o4a\1373120512\L1_1373284352_1373288448.hdf5,1373284352.0,1373288448.0,L1,O4a,0.0654759332537651,79
1373285956.0,1373285988.0,E:\o4a\1373120512\L1_1373284352_1373288448.hdf5,1373284352.0,1373288448.0,L1,O4a,0.07069858908653259,79
1373286020.0,1373286052.0,E:\o4a\1373120512\L1_1373284352_1373288448.hdf5,1373284352.0,1373288448.0,L1,O4a,0.05619124323129654,79
1373286084.0,1373286116.0,E:\o4a\1373120512\L1_1373284352_1373288448.hdf5,1373284352.0,1373288448.0,L1,O4a,0.0604105219244957,79
1373286148.0,1373286180.0,E:\o4a\1373120512\L1_1373284352_1373288448.hdf5,1373284352.0,1373288448.0,L1,O4a,0.06051262840628624,79
1373286212.0,1373286244.0,E:\o4a\1373120512\L1_1373284352_1373288448.hdf5,1373284352.0,1373288448.0,L1,O4a,0.07706430554389954,79
1373286276.0,1373286308.0,E:\o4a\1373120512\L1_1373284352_1373288448.hdf5,1373284352.0,1373288448.0,L1,O4a,0.06623701751232147,79
1373286340.0,1373286372.0,E:\o4a\1373120512\L1_1373284352_1373288448.hdf5,1373284352.0,1373288448.0,L1,O4a,0.059445228427648544,79
1373286404.0,1373286436.0,E:\o4a\1373120512\L1_1373284352_1373288448.hdf5,1373284352.0,1373288448.0,L1,O4a,0.058296654373407364,79
1373286468.0,1373286500.0,E:\o4a\1373120512\L1_1373284352_1373288448.hdf5,1373284352.0,1373288448.0,L1,O4a,0.061701465398073196,79
1373347204.0,1373347236.0,E:\o4a\1373120512\L1_1373345792_1373349888.hdf5,1373345792.0,1373349888.0,L1,O4a,0.06021096557378769,80
1373347268.0,1373347300.0,E:\o4a\1373120512\L1_1373345792_1373349888.hdf5,1373345792.0,1373349888.0,L1,O4a,0.07258427143096924,80
1373347332.0,1373347364.0,E:\o4a\1373120512\L1_1373345792_1373349888.hdf5,1373345792.0,1373349888.0,L1,O4a,0.0642131045460701,80
1373347396.0,1373347428.0,E:\o4a\1373120512\L1_1373345792_1373349888.hdf5,1373345792.0,1373349888.0,L1,O4a,0.052603088319301605,80
1373347460.0,1373347492.0,E:\o4a\1373120512\L1_1373345792_1373349888.hdf5,1373345792.0,1373349888.0,L1,O4a,0.054593514651060104,80
1373347524.0,1373347556.0,E:\o4a\1373120512\L1_1373345792_1373349888.hdf5,1373345792.0,1373349888.0,L1,O4a,0.05846533551812172,80
1373347588.0,1373347620.0,E:\o4a\1373120512\L1_1373345792_1373349888.hdf5,1373345792.0,1373349888.0,L1,O4a,0.061117131263017654,80
1373347652.0,1373347684.0,E:\o4a\1373120512\L1_1373345792_1373349888.hdf5,1373345792.0,1373349888.0,L1,O4a,0.06938964873552322,80
1373347716.0,1373347748.0,E:\o4a\1373120512\L1_1373345792_1373349888.hdf5,1373345792.0,1373349888.0,L1,O4a,0.07418737560510635,80
1373347780.0,1373347812.0,E:\o4a\1373120512\L1_1373345792_1373349888.hdf5,1373345792.0,1373349888.0,L1,O4a,0.06138904020190239,80
1373347844.0,1373347876.0,E:\o4a\1373120512\L1_1373345792_1373349888.hdf5,1373345792.0,1373349888.0,L1,O4a,0.060573775321245193,80
1373347908.0,1373347940.0,E:\o4a\1373120512\L1_1373345792_1373349888.hdf5,1373345792.0,1373349888.0,L1,O4a,0.0619223453104496,80
1373347972.0,1373348004.0,E:\o4a\1373120512\L1_1373345792_1373349888.hdf5,1373345792.0,1373349888.0,L1,O4a,0.06936103850603104,80
1373348036.0,1373348068.0,E:\o4a\1373120512\L1_1373345792_1373349888.hdf5,1373345792.0,1373349888.0,L1,O4a,0.06083078309893608,80
1373348100.0,1373348132.0,E:\o4a\1373120512\L1_1373345792_1373349888.hdf5,1373345792.0,1373349888.0,L1,O4a,0.0673082023859024,80
1373348164.0,1373348196.0,E:\o4a\1373120512\L1_1373345792_1373349888.hdf5,1373345792.0,1373349888.0,L1,O4a,0.06509323418140411,80
1373348228.0,1373348260.0,E:\o4a\1373120512\L1_1373345792_1373349888.hdf5,1373345792.0,1373349888.0,L1,O4a,0.06375746428966522,80
1373396036.0,1373396068.0,E:\o4a\1373120512\L1_1373394944_1373399040.hdf5,1373394944.0,1373399040.0,L1,O4a,0.05481048300862312,81
1373396100.0,1373396132.0,E:\o4a\1373120512\L1_1373394944_1373399040.hdf5,1373394944.0,1373399040.0,L1,O4a,0.060140568763017654,81
1373396164.0,1373396196.0,E:\o4a\1373120512\L1_1373394944_1373399040.hdf5,1373394944.0,1373399040.0,L1,O4a,0.06132395192980766,81
1373396228.0,1373396260.0,E:\o4a\1373120512\L1_1373394944_1373399040.hdf5,1373394944.0,1373399040.0,L1,O4a,0.0619828924536705,81
1373396292.0,1373396324.0,E:\o4a\1373120512\L1_1373394944_1373399040.hdf5,1373394944.0,1373399040.0,L1,O4a,0.060158513486385345,81
1373396356.0,1373396388.0,E:\o4a\1373120512\L1_1373394944_1373399040.hdf5,1373394944.0,1373399040.0,L1,O4a,0.06044019013643265,81
1373396420.0,1373396452.0,E:\o4a\1373120512\L1_1373394944_1373399040.hdf5,1373394944.0,1373399040.0,L1,O4a,0.06897880136966705,81
1373396484.0,1373396516.0,E:\o4a\1373120512\L1_1373394944_1373399040.hdf5,1373394944.0,1373399040.0,L1,O4a,0.06282176822423935,81
1373396548.0,1373396580.0,E:\o4a\1373120512\L1_1373394944_1373399040.hdf5,1373394944.0,1373399040.0,L1,O4a,0.06163446977734566,81
1373396612.0,1373396644.0,E:\o4a\1373120512\L1_1373394944_1373399040.hdf5,1373394944.0,1373399040.0,L1,O4a,0.060502633452415466,81
1373396676.0,1373396708.0,E:\o4a\1373120512\L1_1373394944_1373399040.hdf5,1373394944.0,1373399040.0,L1,O4a,0.055125728249549866,81
1373396740.0,1373396772.0,E:\o4a\1373120512\L1_1373394944_1373399040.hdf5,1373394944.0,1373399040.0,L1,O4a,0.07368714362382889,81
1373396804.0,1373396836.0,E:\o4a\1373120512\L1_1373394944_1373399040.hdf5,1373394944.0,1373399040.0,L1,O4a,0.053450554609298706,81
1373396868.0,1373396900.0,E:\o4a\1373120512\L1_1373394944_1373399040.hdf5,1373394944.0,1373399040.0,L1,O4a,0.06289157271385193,81
1373396932.0,1373396964.0,E:\o4a\1373120512\L1_1373394944_1373399040.hdf5,1373394944.0,1373399040.0,L1,O4a,0.052352581173181534,81
1373396996.0,1373397028.0,E:\o4a\1373120512\L1_1373394944_1373399040.hdf5,1373394944.0,1373399040.0,L1,O4a,0.064793661236763,81
1373397060.0,1373397092.0,E:\o4a\1373120512\L1_1373394944_1373399040.hdf5,1373394944.0,1373399040.0,L1,O4a,0.06270314753055573,81
1373457476.0,1373457508.0,E:\o4a\1373120512\L1_1373456384_1373460480.hdf5,1373456384.0,1373460480.0,L1,O4a,0.10018092393875122,82
1373457540.0,1373457572.0,E:\o4a\1373120512\L1_1373456384_1373460480.hdf5,1373456384.0,1373460480.0,L1,O4a,0.05728215351700783,82
1373457604.0,1373457636.0,E:\o4a\1373120512\L1_1373456384_1373460480.hdf5,1373456384.0,1373460480.0,L1,O4a,0.0554378367960453,82
1373457668.0,1373457700.0,E:\o4a\1373120512\L1_1373456384_1373460480.hdf5,1373456384.0,1373460480.0,L1,O4a,0.06169431284070015,82
1373457732.0,1373457764.0,E:\o4a\1373120512\L1_1373456384_1373460480.hdf5,1373456384.0,1373460480.0,L1,O4a,0.06115292012691498,82
1373457796.0,1373457828.0,E:\o4a\1373120512\L1_1373456384_1373460480.hdf5,1373456384.0,1373460480.0,L1,O4a,0.08628758043050766,82
1373457860.0,1373457892.0,E:\o4a\1373120512\L1_1373456384_1373460480.hdf5,1373456384.0,1373460480.0,L1,O4a,0.06891527771949768,82
1373457924.0,1373457956.0,E:\o4a\1373120512\L1_1373456384_1373460480.hdf5,1373456384.0,1373460480.0,L1,O4a,0.0667654499411583,82
1373457988.0,1373458020.0,E:\o4a\1373120512\L1_1373456384_1373460480.hdf5,1373456384.0,1373460480.0,L1,O4a,0.05483277887105942,82
1373458052.0,1373458084.0,E:\o4a\1373120512\L1_1373456384_1373460480.hdf5,1373456384.0,1373460480.0,L1,O4a,0.06155819073319435,82
1373458116.0,1373458148.0,E:\o4a\1373120512\L1_1373456384_1373460480.hdf5,1373456384.0,1373460480.0,L1,O4a,0.06119059771299362,82
1373458180.0,1373458212.0,E:\o4a\1373120512\L1_1373456384_1373460480.hdf5,1373456384.0,1373460480.0,L1,O4a,0.05797073617577553,82
1373458244.0,1373458276.0,E:\o4a\1373120512\L1_1373456384_1373460480.hdf5,1373456384.0,1373460480.0,L1,O4a,0.05113154277205467,82
1373458308.0,1373458340.0,E:\o4a\1373120512\L1_1373456384_1373460480.hdf5,1373456384.0,1373460480.0,L1,O4a,0.06661611050367355,82
1373458372.0,1373458404.0,E:\o4a\1373120512\L1_1373456384_1373460480.hdf5,1373456384.0,1373460480.0,L1,O4a,0.055721260607242584,82
1373458436.0,1373458468.0,E:\o4a\1373120512\L1_1373456384_1373460480.hdf5,1373456384.0,1373460480.0,L1,O4a,0.06029096618294716,82
1373458500.0,1373458532.0,E:\o4a\1373120512\L1_1373456384_1373460480.hdf5,1373456384.0,1373460480.0,L1,O4a,0.059380341321229935,82
1373503556.0,1373503588.0,E:\o4a\1373120512\L1_1373501440_1373505536.hdf5,1373501440.0,1373505536.0,L1,O4a,0.05854041874408722,83
1373503620.0,1373503652.0,E:\o4a\1373120512\L1_1373501440_1373505536.hdf5,1373501440.0,1373505536.0,L1,O4a,0.05973801761865616,83
1373503684.0,1373503716.0,E:\o4a\1373120512\L1_1373501440_1373505536.hdf5,1373501440.0,1373505536.0,L1,O4a,0.34810975193977356,83
1373503748.0,1373503780.0,E:\o4a\1373120512\L1_1373501440_1373505536.hdf5,1373501440.0,1373505536.0,L1,O4a,0.0834108367562294,83
1373503812.0,1373503844.0,E:\o4a\1373120512\L1_1373501440_1373505536.hdf5,1373501440.0,1373505536.0,L1,O4a,0.4620491564273834,83
1373503876.0,1373503908.0,E:\o4a\1373120512\L1_1373501440_1373505536.hdf5,1373501440.0,1373505536.0,L1,O4a,0.06176839768886566,83
1373503940.0,1373503972.0,E:\o4a\1373120512\L1_1373501440_1373505536.hdf5,1373501440.0,1373505536.0,L1,O4a,0.05613032355904579,83
1373504004.0,1373504036.0,E:\o4a\1373120512\L1_1373501440_1373505536.hdf5,1373501440.0,1373505536.0,L1,O4a,0.06667552888393402,83
1373504068.0,1373504100.0,E:\o4a\1373120512\L1_1373501440_1373505536.hdf5,1373501440.0,1373505536.0,L1,O4a,0.06144709512591362,83
1373504132.0,1373504164.0,E:\o4a\1373120512\L1_1373501440_1373505536.hdf5,1373501440.0,1373505536.0,L1,O4a,0.07025676965713501,83
1373504196.0,1373504228.0,E:\o4a\1373120512\L1_1373501440_1373505536.hdf5,1373501440.0,1373505536.0,L1,O4a,0.05799039080739021,83
1373504260.0,1373504292.0,E:\o4a\1373120512\L1_1373501440_1373505536.hdf5,1373501440.0,1373505536.0,L1,O4a,0.053980596363544464,83
1373504324.0,1373504356.0,E:\o4a\1373120512\L1_1373501440_1373505536.hdf5,1373501440.0,1373505536.0,L1,O4a,0.05825278162956238,83
1373504388.0,1373504420.0,E:\o4a\1373120512\L1_1373501440_1373505536.hdf5,1373501440.0,1373505536.0,L1,O4a,0.05568145588040352,83
1373504452.0,1373504484.0,E:\o4a\1373120512\L1_1373501440_1373505536.hdf5,1373501440.0,1373505536.0,L1,O4a,0.1370321661233902,83
1373504516.0,1373504548.0,E:\o4a\1373120512\L1_1373501440_1373505536.hdf5,1373501440.0,1373505536.0,L1,O4a,0.06797574460506439,83
1373504580.0,1373504612.0,E:\o4a\1373120512\L1_1373501440_1373505536.hdf5,1373501440.0,1373505536.0,L1,O4a,0.05680009722709656,83
1373564548.0,1373564580.0,E:\o4a\1373120512\L1_1373562880_1373566976.hdf5,1373562880.0,1373566976.0,L1,O4a,0.05519351735711098,84
1373564612.0,1373564644.0,E:\o4a\1373120512\L1_1373562880_1373566976.hdf5,1373562880.0,1373566976.0,L1,O4a,0.058606505393981934,84
1373564676.0,1373564708.0,E:\o4a\1373120512\L1_1373562880_1373566976.hdf5,1373562880.0,1373566976.0,L1,O4a,0.1259477138519287,84
1373564740.0,1373564772.0,E:\o4a\1373120512\L1_1373562880_1373566976.hdf5,1373562880.0,1373566976.0,L1,O4a,0.08060121536254883,84
1373564804.0,1373564836.0,E:\o4a\1373120512\L1_1373562880_1373566976.hdf5,1373562880.0,1373566976.0,L1,O4a,0.05449574813246727,84
1373564868.0,1373564900.0,E:\o4a\1373120512\L1_1373562880_1373566976.hdf5,1373562880.0,1373566976.0,L1,O4a,0.0792478546500206,84
1373564932.0,1373564964.0,E:\o4a\1373120512\L1_1373562880_1373566976.hdf5,1373562880.0,1373566976.0,L1,O4a,0.05851137265563011,84
1373564996.0,1373565028.0,E:\o4a\1373120512\L1_1373562880_1373566976.hdf5,1373562880.0,1373566976.0,L1,O4a,0.06260538101196289,84
1373565060.0,1373565092.0,E:\o4a\1373120512\L1_1373562880_1373566976.hdf5,1373562880.0,1373566976.0,L1,O4a,0.06250199675559998,84
1373565124.0,1373565156.0,E:\o4a\1373120512\L1_1373562880_1373566976.hdf5,1373562880.0,1373566976.0,L1,O4a,0.0679742842912674,84
1373565188.0,1373565220.0,E:\o4a\1373120512\L1_1373562880_1373566976.hdf5,1373562880.0,1373566976.0,L1,O4a,0.06121215969324112,84
1373565252.0,1373565284.0,E:\o4a\1373120512\L1_1373562880_1373566976.hdf5,1373562880.0,1373566976.0,L1,O4a,0.06370481103658676,84
1373565316.0,1373565348.0,E:\o4a\1373120512\L1_1373562880_1373566976.hdf5,1373562880.0,1373566976.0,L1,O4a,0.06164226680994034,84
1373565380.0,1373565412.0,E:\o4a\1373120512\L1_1373562880_1373566976.hdf5,1373562880.0,1373566976.0,L1,O4a,0.06108632683753967,84
1373565444.0,1373565476.0,E:\o4a\1373120512\L1_1373562880_1373566976.hdf5,1373562880.0,1373566976.0,L1,O4a,0.06338810175657272,84
1373565508.0,1373565540.0,E:\o4a\1373120512\L1_1373562880_1373566976.hdf5,1373562880.0,1373566976.0,L1,O4a,0.09896904975175858,84
1373565572.0,1373565604.0,E:\o4a\1373120512\L1_1373562880_1373566976.hdf5,1373562880.0,1373566976.0,L1,O4a,0.1774754524230957,84
1373633604.0,1373633636.0,E:\o4a\1373120512\L1_1373632512_1373636608.hdf5,1373632512.0,1373636608.0,L1,O4a,0.06182935833930969,85
1373633668.0,1373633700.0,E:\o4a\1373120512\L1_1373632512_1373636608.hdf5,1373632512.0,1373636608.0,L1,O4a,0.06900008767843246,85
1373633732.0,1373633764.0,E:\o4a\1373120512\L1_1373632512_1373636608.hdf5,1373632512.0,1373636608.0,L1,O4a,0.05583992972970009,85
1373633796.0,1373633828.0,E:\o4a\1373120512\L1_1373632512_1373636608.hdf5,1373632512.0,1373636608.0,L1,O4a,0.05827454477548599,85
1373633860.0,1373633892.0,E:\o4a\1373120512\L1_1373632512_1373636608.hdf5,1373632512.0,1373636608.0,L1,O4a,0.0785241648554802,85
1373633924.0,1373633956.0,E:\o4a\1373120512\L1_1373632512_1373636608.hdf5,1373632512.0,1373636608.0,L1,O4a,0.06379926949739456,85
1373633988.0,1373634020.0,E:\o4a\1373120512\L1_1373632512_1373636608.hdf5,1373632512.0,1373636608.0,L1,O4a,0.09620196372270584,85
1373634052.0,1373634084.0,E:\o4a\1373120512\L1_1373632512_1373636608.hdf5,1373632512.0,1373636608.0,L1,O4a,0.05811049044132233,85
1373634116.0,1373634148.0,E:\o4a\1373120512\L1_1373632512_1373636608.hdf5,1373632512.0,1373636608.0,L1,O4a,0.07275933027267456,85
1373634180.0,1373634212.0,E:\o4a\1373120512\L1_1373632512_1373636608.hdf5,1373632512.0,1373636608.0,L1,O4a,0.057755570858716965,85
1373634244.0,1373634276.0,E:\o4a\1373120512\L1_1373632512_1373636608.hdf5,1373632512.0,1373636608.0,L1,O4a,0.05405339598655701,85
1373634308.0,1373634340.0,E:\o4a\1373120512\L1_1373632512_1373636608.hdf5,1373632512.0,1373636608.0,L1,O4a,0.06560373306274414,85
1373634372.0,1373634404.0,E:\o4a\1373120512\L1_1373632512_1373636608.hdf5,1373632512.0,1373636608.0,L1,O4a,0.06492658704519272,85
1373634436.0,1373634468.0,E:\o4a\1373120512\L1_1373632512_1373636608.hdf5,1373632512.0,1373636608.0,L1,O4a,0.06883830577135086,85
1373634500.0,1373634532.0,E:\o4a\1373120512\L1_1373632512_1373636608.hdf5,1373632512.0,1373636608.0,L1,O4a,0.061322618275880814,85
1373634564.0,1373634596.0,E:\o4a\1373120512\L1_1373632512_1373636608.hdf5,1373632512.0,1373636608.0,L1,O4a,0.06982113420963287,85
1373634628.0,1373634660.0,E:\o4a\1373120512\L1_1373632512_1373636608.hdf5,1373632512.0,1373636608.0,L1,O4a,0.06345793604850769,85
1373683972.0,1373684004.0,E:\o4a\1373638912\L1_1373683968_1373688064.hdf5,1373683968.0,1373688064.0,L1,O4a,0.07003180682659149,86
1373684036.0,1373684068.0,E:\o4a\1373638912\L1_1373683968_1373688064.hdf5,1373683968.0,1373688064.0,L1,O4a,0.06727966666221619,86
1373684100.0,1373684132.0,E:\o4a\1373638912\L1_1373683968_1373688064.hdf5,1373683968.0,1373688064.0,L1,O4a,0.06317263096570969,86
1373684164.0,1373684196.0,E:\o4a\1373638912\L1_1373683968_1373688064.hdf5,1373683968.0,1373688064.0,L1,O4a,0.05505538359284401,86
1373684228.0,1373684260.0,E:\o4a\1373638912\L1_1373683968_1373688064.hdf5,1373683968.0,1373688064.0,L1,O4a,0.07197196036577225,86
1373684292.0,1373684324.0,E:\o4a\1373638912\L1_1373683968_1373688064.hdf5,1373683968.0,1373688064.0,L1,O4a,0.05962928757071495,86
1373684356.0,1373684388.0,E:\o4a\1373638912\L1_1373683968_1373688064.hdf5,1373683968.0,1373688064.0,L1,O4a,0.055365532636642456,86
1373684420.0,1373684452.0,E:\o4a\1373638912\L1_1373683968_1373688064.hdf5,1373683968.0,1373688064.0,L1,O4a,0.08511127531528473,86
1373684484.0,1373684516.0,E:\o4a\1373638912\L1_1373683968_1373688064.hdf5,1373683968.0,1373688064.0,L1,O4a,0.06612882763147354,86
1373684548.0,1373684580.0,E:\o4a\1373638912\L1_1373683968_1373688064.hdf5,1373683968.0,1373688064.0,L1,O4a,0.056850604712963104,86
1373684612.0,1373684644.0,E:\o4a\1373638912\L1_1373683968_1373688064.hdf5,1373683968.0,1373688064.0,L1,O4a,0.06917985528707504,86
1373684676.0,1373684708.0,E:\o4a\1373638912\L1_1373683968_1373688064.hdf5,1373683968.0,1373688064.0,L1,O4a,0.0568016953766346,86
1373684740.0,1373684772.0,E:\o4a\1373638912\L1_1373683968_1373688064.hdf5,1373683968.0,1373688064.0,L1,O4a,0.07233616709709167,86
1373684804.0,1373684836.0,E:\o4a\1373638912\L1_1373683968_1373688064.hdf5,1373683968.0,1373688064.0,L1,O4a,0.07185811549425125,86
1373684868.0,1373684900.0,E:\o4a\1373638912\L1_1373683968_1373688064.hdf5,1373683968.0,1373688064.0,L1,O4a,0.05730736255645752,86
1373684932.0,1373684964.0,E:\o4a\1373638912\L1_1373683968_1373688064.hdf5,1373683968.0,1373688064.0,L1,O4a,0.05944904312491417,86
1373684996.0,1373685028.0,E:\o4a\1373638912\L1_1373683968_1373688064.hdf5,1373683968.0,1373688064.0,L1,O4a,0.07084854692220688,86
1373782276.0,1373782308.0,E:\o4a\1373638912\L1_1373782272_1373786368.hdf5,1373782272.0,1373786368.0,L1,O4a,0.06209192052483559,87
1373782340.0,1373782372.0,E:\o4a\1373638912\L1_1373782272_1373786368.hdf5,1373782272.0,1373786368.0,L1,O4a,0.05766083300113678,87
1373782404.0,1373782436.0,E:\o4a\1373638912\L1_1373782272_1373786368.hdf5,1373782272.0,1373786368.0,L1,O4a,0.06315939873456955,87
1373782468.0,1373782500.0,E:\o4a\1373638912\L1_1373782272_1373786368.hdf5,1373782272.0,1373786368.0,L1,O4a,0.056017860770225525,87
1373782532.0,1373782564.0,E:\o4a\1373638912\L1_1373782272_1373786368.hdf5,1373782272.0,1373786368.0,L1,O4a,0.05791642889380455,87
1373782596.0,1373782628.0,E:\o4a\1373638912\L1_1373782272_1373786368.hdf5,1373782272.0,1373786368.0,L1,O4a,0.07119728624820709,87
1373782660.0,1373782692.0,E:\o4a\1373638912\L1_1373782272_1373786368.hdf5,1373782272.0,1373786368.0,L1,O4a,0.05568579211831093,87
1373782724.0,1373782756.0,E:\o4a\1373638912\L1_1373782272_1373786368.hdf5,1373782272.0,1373786368.0,L1,O4a,0.05862796679139137,87
1373782788.0,1373782820.0,E:\o4a\1373638912\L1_1373782272_1373786368.hdf5,1373782272.0,1373786368.0,L1,O4a,0.07077116519212723,87
1373782852.0,1373782884.0,E:\o4a\1373638912\L1_1373782272_1373786368.hdf5,1373782272.0,1373786368.0,L1,O4a,0.06179752200841904,87
1373782916.0,1373782948.0,E:\o4a\1373638912\L1_1373782272_1373786368.hdf5,1373782272.0,1373786368.0,L1,O4a,0.060561686754226685,87
1373782980.0,1373783012.0,E:\o4a\1373638912\L1_1373782272_1373786368.hdf5,1373782272.0,1373786368.0,L1,O4a,0.06208987161517143,87
1373783044.0,1373783076.0,E:\o4a\1373638912\L1_1373782272_1373786368.hdf5,1373782272.0,1373786368.0,L1,O4a,0.05334702506661415,87
1373783108.0,1373783140.0,E:\o4a\1373638912\L1_1373782272_1373786368.hdf5,1373782272.0,1373786368.0,L1,O4a,0.06461632996797562,87
1373783172.0,1373783204.0,E:\o4a\1373638912\L1_1373782272_1373786368.hdf5,1373782272.0,1373786368.0,L1,O4a,0.08041943609714508,87
1373783236.0,1373783268.0,E:\o4a\1373638912\L1_1373782272_1373786368.hdf5,1373782272.0,1373786368.0,L1,O4a,0.057464566081762314,87
1373783300.0,1373783332.0,E:\o4a\1373638912\L1_1373782272_1373786368.hdf5,1373782272.0,1373786368.0,L1,O4a,0.06388116627931595,87
1373847812.0,1373847844.0,E:\o4a\1373638912\L1_1373847808_1373851904.hdf5,1373847808.0,1373851904.0,L1,O4a,0.05746971443295479,88
1373847876.0,1373847908.0,E:\o4a\1373638912\L1_1373847808_1373851904.hdf5,1373847808.0,1373851904.0,L1,O4a,0.057732921093702316,88
1373847940.0,1373847972.0,E:\o4a\1373638912\L1_1373847808_1373851904.hdf5,1373847808.0,1373851904.0,L1,O4a,0.05508142337203026,88
1373848004.0,1373848036.0,E:\o4a\1373638912\L1_1373847808_1373851904.hdf5,1373847808.0,1373851904.0,L1,O4a,0.05926290526986122,88
1373848068.0,1373848100.0,E:\o4a\1373638912\L1_1373847808_1373851904.hdf5,1373847808.0,1373851904.0,L1,O4a,0.07091861218214035,88
1373848132.0,1373848164.0,E:\o4a\1373638912\L1_1373847808_1373851904.hdf5,1373847808.0,1373851904.0,L1,O4a,0.13287924230098724,88
1373848196.0,1373848228.0,E:\o4a\1373638912\L1_1373847808_1373851904.hdf5,1373847808.0,1373851904.0,L1,O4a,0.07261350750923157,88
1373848260.0,1373848292.0,E:\o4a\1373638912\L1_1373847808_1373851904.hdf5,1373847808.0,1373851904.0,L1,O4a,0.058122601360082626,88
1373848324.0,1373848356.0,E:\o4a\1373638912\L1_1373847808_1373851904.hdf5,1373847808.0,1373851904.0,L1,O4a,0.07074767351150513,88
1373848388.0,1373848420.0,E:\o4a\1373638912\L1_1373847808_1373851904.hdf5,1373847808.0,1373851904.0,L1,O4a,0.05710799619555473,88
1373848452.0,1373848484.0,E:\o4a\1373638912\L1_1373847808_1373851904.hdf5,1373847808.0,1373851904.0,L1,O4a,0.0629461258649826,88
1373848516.0,1373848548.0,E:\o4a\1373638912\L1_1373847808_1373851904.hdf5,1373847808.0,1373851904.0,L1,O4a,0.07281813025474548,88
1373848580.0,1373848612.0,E:\o4a\1373638912\L1_1373847808_1373851904.hdf5,1373847808.0,1373851904.0,L1,O4a,0.06802045553922653,88
1373848644.0,1373848676.0,E:\o4a\1373638912\L1_1373847808_1373851904.hdf5,1373847808.0,1373851904.0,L1,O4a,0.3111605942249298,88
1373848708.0,1373848740.0,E:\o4a\1373638912\L1_1373847808_1373851904.hdf5,1373847808.0,1373851904.0,L1,O4a,0.05443641170859337,88
1373848772.0,1373848804.0,E:\o4a\1373638912\L1_1373847808_1373851904.hdf5,1373847808.0,1373851904.0,L1,O4a,0.061478812247514725,88
1373848836.0,1373848868.0,E:\o4a\1373638912\L1_1373847808_1373851904.hdf5,1373847808.0,1373851904.0,L1,O4a,0.10049497336149216,88
1373959492.0,1373959524.0,E:\o4a\1373638912\L1_1373958400_1373962496.hdf5,1373958400.0,1373962496.0,L1,O4a,0.06078449264168739,90
1373959556.0,1373959588.0,E:\o4a\1373638912\L1_1373958400_1373962496.hdf5,1373958400.0,1373962496.0,L1,O4a,0.08064661175012589,90
1373959620.0,1373959652.0,E:\o4a\1373638912\L1_1373958400_1373962496.hdf5,1373958400.0,1373962496.0,L1,O4a,0.062399767339229584,90
1373959684.0,1373959716.0,E:\o4a\1373638912\L1_1373958400_1373962496.hdf5,1373958400.0,1373962496.0,L1,O4a,0.05892154946923256,90
1373959748.0,1373959780.0,E:\o4a\1373638912\L1_1373958400_1373962496.hdf5,1373958400.0,1373962496.0,L1,O4a,0.05520342290401459,90
1373959812.0,1373959844.0,E:\o4a\1373638912\L1_1373958400_1373962496.hdf5,1373958400.0,1373962496.0,L1,O4a,0.06678123027086258,90
1373959876.0,1373959908.0,E:\o4a\1373638912\L1_1373958400_1373962496.hdf5,1373958400.0,1373962496.0,L1,O4a,0.056613121181726456,90
1373959940.0,1373959972.0,E:\o4a\1373638912\L1_1373958400_1373962496.hdf5,1373958400.0,1373962496.0,L1,O4a,0.05541056767106056,90
1373960004.0,1373960036.0,E:\o4a\1373638912\L1_1373958400_1373962496.hdf5,1373958400.0,1373962496.0,L1,O4a,0.05337432026863098,90
1373960068.0,1373960100.0,E:\o4a\1373638912\L1_1373958400_1373962496.hdf5,1373958400.0,1373962496.0,L1,O4a,0.057882342487573624,90
1373960132.0,1373960164.0,E:\o4a\1373638912\L1_1373958400_1373962496.hdf5,1373958400.0,1373962496.0,L1,O4a,0.070987768471241,90
1373960196.0,1373960228.0,E:\o4a\1373638912\L1_1373958400_1373962496.hdf5,1373958400.0,1373962496.0,L1,O4a,0.06603782624006271,90
1373960260.0,1373960292.0,E:\o4a\1373638912\L1_1373958400_1373962496.hdf5,1373958400.0,1373962496.0,L1,O4a,0.07850228250026703,90
1373960324.0,1373960356.0,E:\o4a\1373638912\L1_1373958400_1373962496.hdf5,1373958400.0,1373962496.0,L1,O4a,0.08098629117012024,90
1373960388.0,1373960420.0,E:\o4a\1373638912\L1_1373958400_1373962496.hdf5,1373958400.0,1373962496.0,L1,O4a,0.06118803098797798,90
1373960452.0,1373960484.0,E:\o4a\1373638912\L1_1373958400_1373962496.hdf5,1373958400.0,1373962496.0,L1,O4a,0.4434715807437897,90
1373960516.0,1373960548.0,E:\o4a\1373638912\L1_1373958400_1373962496.hdf5,1373958400.0,1373962496.0,L1,O4a,0.0644783154129982,90
1374046980.0,1374047012.0,E:\o4a\1373638912\L1_1374044416_1374048512.hdf5,1374044416.0,1374048512.0,L1,O4a,0.06542164832353592,91
1374047044.0,1374047076.0,E:\o4a\1373638912\L1_1374044416_1374048512.hdf5,1374044416.0,1374048512.0,L1,O4a,0.06490690261125565,91
1374047108.0,1374047140.0,E:\o4a\1373638912\L1_1374044416_1374048512.hdf5,1374044416.0,1374048512.0,L1,O4a,0.05743739381432533,91
1374047172.0,1374047204.0,E:\o4a\1373638912\L1_1374044416_1374048512.hdf5,1374044416.0,1374048512.0,L1,O4a,0.06057746335864067,91
1374047236.0,1374047268.0,E:\o4a\1373638912\L1_1374044416_1374048512.hdf5,1374044416.0,1374048512.0,L1,O4a,0.061759330332279205,91
1374047300.0,1374047332.0,E:\o4a\1373638912\L1_1374044416_1374048512.hdf5,1374044416.0,1374048512.0,L1,O4a,0.06455453485250473,91
1374047364.0,1374047396.0,E:\o4a\1373638912\L1_1374044416_1374048512.hdf5,1374044416.0,1374048512.0,L1,O4a,0.06984031945466995,91
1374047428.0,1374047460.0,E:\o4a\1373638912\L1_1374044416_1374048512.hdf5,1374044416.0,1374048512.0,L1,O4a,0.055988702923059464,91
1374047492.0,1374047524.0,E:\o4a\1373638912\L1_1374044416_1374048512.hdf5,1374044416.0,1374048512.0,L1,O4a,0.06819994002580643,91
1374047556.0,1374047588.0,E:\o4a\1373638912\L1_1374044416_1374048512.hdf5,1374044416.0,1374048512.0,L1,O4a,0.06251794099807739,91
1374047620.0,1374047652.0,E:\o4a\1373638912\L1_1374044416_1374048512.hdf5,1374044416.0,1374048512.0,L1,O4a,0.06326807290315628,91
1374047684.0,1374047716.0,E:\o4a\1373638912\L1_1374044416_1374048512.hdf5,1374044416.0,1374048512.0,L1,O4a,0.06268347054719925,91
1374047748.0,1374047780.0,E:\o4a\1373638912\L1_1374044416_1374048512.hdf5,1374044416.0,1374048512.0,L1,O4a,0.05745299533009529,91
1374047812.0,1374047844.0,E:\o4a\1373638912\L1_1374044416_1374048512.hdf5,1374044416.0,1374048512.0,L1,O4a,0.05687946081161499,91
1374047876.0,1374047908.0,E:\o4a\1373638912\L1_1374044416_1374048512.hdf5,1374044416.0,1374048512.0,L1,O4a,0.07416675239801407,91
1374047940.0,1374047972.0,E:\o4a\1373638912\L1_1374044416_1374048512.hdf5,1374044416.0,1374048512.0,L1,O4a,0.08996978402137756,91
1374048004.0,1374048036.0,E:\o4a\1373638912\L1_1374044416_1374048512.hdf5,1374044416.0,1374048512.0,L1,O4a,0.05915934965014458,91
1374094660.0,1374094692.0,E:\o4a\1373638912\L1_1374093568_1374097664.hdf5,1374093568.0,1374097664.0,L1,O4a,0.08551711589097977,92
1374094724.0,1374094756.0,E:\o4a\1373638912\L1_1374093568_1374097664.hdf5,1374093568.0,1374097664.0,L1,O4a,0.059078652411699295,92
1374094788.0,1374094820.0,E:\o4a\1373638912\L1_1374093568_1374097664.hdf5,1374093568.0,1374097664.0,L1,O4a,0.06193002685904503,92
1374094852.0,1374094884.0,E:\o4a\1373638912\L1_1374093568_1374097664.hdf5,1374093568.0,1374097664.0,L1,O4a,0.061438098549842834,92
1374094916.0,1374094948.0,E:\o4a\1373638912\L1_1374093568_1374097664.hdf5,1374093568.0,1374097664.0,L1,O4a,0.06134185567498207,92
1374094980.0,1374095012.0,E:\o4a\1373638912\L1_1374093568_1374097664.hdf5,1374093568.0,1374097664.0,L1,O4a,0.09283402562141418,92
1374095044.0,1374095076.0,E:\o4a\1373638912\L1_1374093568_1374097664.hdf5,1374093568.0,1374097664.0,L1,O4a,0.05819198861718178,92
1374095108.0,1374095140.0,E:\o4a\1373638912\L1_1374093568_1374097664.hdf5,1374093568.0,1374097664.0,L1,O4a,0.05707992613315582,92
1374095172.0,1374095204.0,E:\o4a\1373638912\L1_1374093568_1374097664.hdf5,1374093568.0,1374097664.0,L1,O4a,0.09464233368635178,92
1374095236.0,1374095268.0,E:\o4a\1373638912\L1_1374093568_1374097664.hdf5,1374093568.0,1374097664.0,L1,O4a,0.05796201899647713,92
1374095300.0,1374095332.0,E:\o4a\1373638912\L1_1374093568_1374097664.hdf5,1374093568.0,1374097664.0,L1,O4a,0.1851436048746109,92
1374095364.0,1374095396.0,E:\o4a\1373638912\L1_1374093568_1374097664.hdf5,1374093568.0,1374097664.0,L1,O4a,0.05486830323934555,92
1374095428.0,1374095460.0,E:\o4a\1373638912\L1_1374093568_1374097664.hdf5,1374093568.0,1374097664.0,L1,O4a,0.06393637508153915,92
1374095492.0,1374095524.0,E:\o4a\1373638912\L1_1374093568_1374097664.hdf5,1374093568.0,1374097664.0,L1,O4a,0.05939827859401703,92
1374095556.0,1374095588.0,E:\o4a\1373638912\L1_1374093568_1374097664.hdf5,1374093568.0,1374097664.0,L1,O4a,0.05860535427927971,92
1374095620.0,1374095652.0,E:\o4a\1373638912\L1_1374093568_1374097664.hdf5,1374093568.0,1374097664.0,L1,O4a,0.11378848552703857,92
1374095684.0,1374095716.0,E:\o4a\1373638912\L1_1374093568_1374097664.hdf5,1374093568.0,1374097664.0,L1,O4a,0.05741932988166809,92
1374146820.0,1374146852.0,E:\o4a\1373638912\L1_1374146816_1374150912.hdf5,1374146816.0,1374150912.0,L1,O4a,0.0602339431643486,93
1374146884.0,1374146916.0,E:\o4a\1373638912\L1_1374146816_1374150912.hdf5,1374146816.0,1374150912.0,L1,O4a,0.057237181812524796,93
1374146948.0,1374146980.0,E:\o4a\1373638912\L1_1374146816_1374150912.hdf5,1374146816.0,1374150912.0,L1,O4a,0.06263069808483124,93
1374147012.0,1374147044.0,E:\o4a\1373638912\L1_1374146816_1374150912.hdf5,1374146816.0,1374150912.0,L1,O4a,0.062049612402915955,93
1374147076.0,1374147108.0,E:\o4a\1373638912\L1_1374146816_1374150912.hdf5,1374146816.0,1374150912.0,L1,O4a,0.05624011158943176,93
1374147140.0,1374147172.0,E:\o4a\1373638912\L1_1374146816_1374150912.hdf5,1374146816.0,1374150912.0,L1,O4a,0.08258102834224701,93
1374147204.0,1374147236.0,E:\o4a\1373638912\L1_1374146816_1374150912.hdf5,1374146816.0,1374150912.0,L1,O4a,0.062405433505773544,93
1374147268.0,1374147300.0,E:\o4a\1373638912\L1_1374146816_1374150912.hdf5,1374146816.0,1374150912.0,L1,O4a,0.07168744504451752,93
1374147332.0,1374147364.0,E:\o4a\1373638912\L1_1374146816_1374150912.hdf5,1374146816.0,1374150912.0,L1,O4a,0.055364977568387985,93
1374147396.0,1374147428.0,E:\o4a\1373638912\L1_1374146816_1374150912.hdf5,1374146816.0,1374150912.0,L1,O4a,0.0557805672287941,93
1374147460.0,1374147492.0,E:\o4a\1373638912\L1_1374146816_1374150912.hdf5,1374146816.0,1374150912.0,L1,O4a,0.06167943403124809,93
1374147524.0,1374147556.0,E:\o4a\1373638912\L1_1374146816_1374150912.hdf5,1374146816.0,1374150912.0,L1,O4a,0.05900169909000397,93
1374147588.0,1374147620.0,E:\o4a\1373638912\L1_1374146816_1374150912.hdf5,1374146816.0,1374150912.0,L1,O4a,0.06441372632980347,93
1374147652.0,1374147684.0,E:\o4a\1373638912\L1_1374146816_1374150912.hdf5,1374146816.0,1374150912.0,L1,O4a,0.057381290942430496,93
1374147716.0,1374147748.0,E:\o4a\1373638912\L1_1374146816_1374150912.hdf5,1374146816.0,1374150912.0,L1,O4a,0.052286338061094284,93
1374147780.0,1374147812.0,E:\o4a\1373638912\L1_1374146816_1374150912.hdf5,1374146816.0,1374150912.0,L1,O4a,0.07047198712825775,93
1374147844.0,1374147876.0,E:\o4a\1373638912\L1_1374146816_1374150912.hdf5,1374146816.0,1374150912.0,L1,O4a,0.06095387041568756,93
1374194180.0,1374194212.0,E:\o4a\1374157312\L1_1374194176_1374198272.hdf5,1374194176.0,1374198272.0,L1,O4a,0.07287154346704483,94
1374194244.0,1374194276.0,E:\o4a\1374157312\L1_1374194176_1374198272.hdf5,1374194176.0,1374198272.0,L1,O4a,0.05865049362182617,94
1374194308.0,1374194340.0,E:\o4a\1374157312\L1_1374194176_1374198272.hdf5,1374194176.0,1374198272.0,L1,O4a,0.057415224611759186,94
1374194372.0,1374194404.0,E:\o4a\1374157312\L1_1374194176_1374198272.hdf5,1374194176.0,1374198272.0,L1,O4a,0.054110679775476456,94
1374194436.0,1374194468.0,E:\o4a\1374157312\L1_1374194176_1374198272.hdf5,1374194176.0,1374198272.0,L1,O4a,0.07247443497180939,94
1374194500.0,1374194532.0,E:\o4a\1374157312\L1_1374194176_1374198272.hdf5,1374194176.0,1374198272.0,L1,O4a,0.06199871748685837,94
1374194564.0,1374194596.0,E:\o4a\1374157312\L1_1374194176_1374198272.hdf5,1374194176.0,1374198272.0,L1,O4a,0.07406353950500488,94
1374194628.0,1374194660.0,E:\o4a\1374157312\L1_1374194176_1374198272.hdf5,1374194176.0,1374198272.0,L1,O4a,0.06593694537878036,94
1374194692.0,1374194724.0,E:\o4a\1374157312\L1_1374194176_1374198272.hdf5,1374194176.0,1374198272.0,L1,O4a,0.06304227560758591,94
1374194756.0,1374194788.0,E:\o4a\1374157312\L1_1374194176_1374198272.hdf5,1374194176.0,1374198272.0,L1,O4a,0.05917540565133095,94
1374194820.0,1374194852.0,E:\o4a\1374157312\L1_1374194176_1374198272.hdf5,1374194176.0,1374198272.0,L1,O4a,0.059695735573768616,94
1374194884.0,1374194916.0,E:\o4a\1374157312\L1_1374194176_1374198272.hdf5,1374194176.0,1374198272.0,L1,O4a,0.06836797297000885,94
1374194948.0,1374194980.0,E:\o4a\1374157312\L1_1374194176_1374198272.hdf5,1374194176.0,1374198272.0,L1,O4a,0.06411091238260269,94
1374195012.0,1374195044.0,E:\o4a\1374157312\L1_1374194176_1374198272.hdf5,1374194176.0,1374198272.0,L1,O4a,0.05444981902837753,94
1374195076.0,1374195108.0,E:\o4a\1374157312\L1_1374194176_1374198272.hdf5,1374194176.0,1374198272.0,L1,O4a,0.05824283882975578,94
1374195140.0,1374195172.0,E:\o4a\1374157312\L1_1374194176_1374198272.hdf5,1374194176.0,1374198272.0,L1,O4a,0.07073258608579636,94
1374195204.0,1374195236.0,E:\o4a\1374157312\L1_1374194176_1374198272.hdf5,1374194176.0,1374198272.0,L1,O4a,0.06673505902290344,94
1374270084.0,1374270116.0,E:\o4a\1374157312\L1_1374267904_1374272000.hdf5,1374267904.0,1374272000.0,L1,O4a,0.05894084647297859,95
1374270148.0,1374270180.0,E:\o4a\1374157312\L1_1374267904_1374272000.hdf5,1374267904.0,1374272000.0,L1,O4a,0.055767618119716644,95
1374270212.0,1374270244.0,E:\o4a\1374157312\L1_1374267904_1374272000.hdf5,1374267904.0,1374272000.0,L1,O4a,0.060721755027770996,95
1374270276.0,1374270308.0,E:\o4a\1374157312\L1_1374267904_1374272000.hdf5,1374267904.0,1374272000.0,L1,O4a,0.07956165820360184,95
1374270340.0,1374270372.0,E:\o4a\1374157312\L1_1374267904_1374272000.hdf5,1374267904.0,1374272000.0,L1,O4a,0.057391561567783356,95
1374270404.0,1374270436.0,E:\o4a\1374157312\L1_1374267904_1374272000.hdf5,1374267904.0,1374272000.0,L1,O4a,0.057068999856710434,95
1374270468.0,1374270500.0,E:\o4a\1374157312\L1_1374267904_1374272000.hdf5,1374267904.0,1374272000.0,L1,O4a,0.054110679775476456,95
1374270532.0,1374270564.0,E:\o4a\1374157312\L1_1374267904_1374272000.hdf5,1374267904.0,1374272000.0,L1,O4a,0.05932603031396866,95
1374270596.0,1374270628.0,E:\o4a\1374157312\L1_1374267904_1374272000.hdf5,1374267904.0,1374272000.0,L1,O4a,0.05847424268722534,95
1374270660.0,1374270692.0,E:\o4a\1374157312\L1_1374267904_1374272000.hdf5,1374267904.0,1374272000.0,L1,O4a,0.07609757035970688,95
1374270724.0,1374270756.0,E:\o4a\1374157312\L1_1374267904_1374272000.hdf5,1374267904.0,1374272000.0,L1,O4a,0.07641518861055374,95
1374270788.0,1374270820.0,E:\o4a\1374157312\L1_1374267904_1374272000.hdf5,1374267904.0,1374272000.0,L1,O4a,0.0615512914955616,95
1374270852.0,1374270884.0,E:\o4a\1374157312\L1_1374267904_1374272000.hdf5,1374267904.0,1374272000.0,L1,O4a,0.07085049897432327,95
1374270916.0,1374270948.0,E:\o4a\1374157312\L1_1374267904_1374272000.hdf5,1374267904.0,1374272000.0,L1,O4a,0.06626974791288376,95
1374270980.0,1374271012.0,E:\o4a\1374157312\L1_1374267904_1374272000.hdf5,1374267904.0,1374272000.0,L1,O4a,0.060671448707580566,95
1374271044.0,1374271076.0,E:\o4a\1374157312\L1_1374267904_1374272000.hdf5,1374267904.0,1374272000.0,L1,O4a,0.0612623430788517,95
1374271108.0,1374271140.0,E:\o4a\1374157312\L1_1374267904_1374272000.hdf5,1374267904.0,1374272000.0,L1,O4a,0.06781180948019028,95
1374312964.0,1374312996.0,E:\o4a\1374157312\L1_1374312960_1374317056.hdf5,1374312960.0,1374317056.0,L1,O4a,0.05565692484378815,96
1374313028.0,1374313060.0,E:\o4a\1374157312\L1_1374312960_1374317056.hdf5,1374312960.0,1374317056.0,L1,O4a,0.055546920746564865,96
1374313092.0,1374313124.0,E:\o4a\1374157312\L1_1374312960_1374317056.hdf5,1374312960.0,1374317056.0,L1,O4a,0.07324954122304916,96
1374313156.0,1374313188.0,E:\o4a\1374157312\L1_1374312960_1374317056.hdf5,1374312960.0,1374317056.0,L1,O4a,0.05620579794049263,96
1374313220.0,1374313252.0,E:\o4a\1374157312\L1_1374312960_1374317056.hdf5,1374312960.0,1374317056.0,L1,O4a,0.07756627351045609,96
1374313284.0,1374313316.0,E:\o4a\1374157312\L1_1374312960_1374317056.hdf5,1374312960.0,1374317056.0,L1,O4a,0.07339905202388763,96
1374313348.0,1374313380.0,E:\o4a\1374157312\L1_1374312960_1374317056.hdf5,1374312960.0,1374317056.0,L1,O4a,0.06606733053922653,96
1374313412.0,1374313444.0,E:\o4a\1374157312\L1_1374312960_1374317056.hdf5,1374312960.0,1374317056.0,L1,O4a,0.0656636580824852,96
1374313476.0,1374313508.0,E:\o4a\1374157312\L1_1374312960_1374317056.hdf5,1374312960.0,1374317056.0,L1,O4a,0.053091224282979965,96
1374313540.0,1374313572.0,E:\o4a\1374157312\L1_1374312960_1374317056.hdf5,1374312960.0,1374317056.0,L1,O4a,0.07023153454065323,96
1374313604.0,1374313636.0,E:\o4a\1374157312\L1_1374312960_1374317056.hdf5,1374312960.0,1374317056.0,L1,O4a,0.08006861805915833,96
1374313668.0,1374313700.0,E:\o4a\1374157312\L1_1374312960_1374317056.hdf5,1374312960.0,1374317056.0,L1,O4a,0.06252379715442657,96
1374313732.0,1374313764.0,E:\o4a\1374157312\L1_1374312960_1374317056.hdf5,1374312960.0,1374317056.0,L1,O4a,0.05722583085298538,96
1374313796.0,1374313828.0,E:\o4a\1374157312\L1_1374312960_1374317056.hdf5,1374312960.0,1374317056.0,L1,O4a,0.07821303606033325,96
1374313860.0,1374313892.0,E:\o4a\1374157312\L1_1374312960_1374317056.hdf5,1374312960.0,1374317056.0,L1,O4a,0.0661107674241066,96
1374313924.0,1374313956.0,E:\o4a\1374157312\L1_1374312960_1374317056.hdf5,1374312960.0,1374317056.0,L1,O4a,0.06534191966056824,96
1374313988.0,1374314020.0,E:\o4a\1374157312\L1_1374312960_1374317056.hdf5,1374312960.0,1374317056.0,L1,O4a,0.07493794709444046,96
1374399684.0,1374399716.0,E:\o4a\1374157312\L1_1374398976_1374403072.hdf5,1374398976.0,1374403072.0,L1,O4a,0.05709056928753853,97
1374399748.0,1374399780.0,E:\o4a\1374157312\L1_1374398976_1374403072.hdf5,1374398976.0,1374403072.0,L1,O4a,0.059181783348321915,97
1374399812.0,1374399844.0,E:\o4a\1374157312\L1_1374398976_1374403072.hdf5,1374398976.0,1374403072.0,L1,O4a,0.0697820782661438,97
1374399876.0,1374399908.0,E:\o4a\1374157312\L1_1374398976_1374403072.hdf5,1374398976.0,1374403072.0,L1,O4a,0.07187376171350479,97
1374399940.0,1374399972.0,E:\o4a\1374157312\L1_1374398976_1374403072.hdf5,1374398976.0,1374403072.0,L1,O4a,0.06258964538574219,97
1374400004.0,1374400036.0,E:\o4a\1374157312\L1_1374398976_1374403072.hdf5,1374398976.0,1374403072.0,L1,O4a,0.05640691891312599,97
1374400068.0,1374400100.0,E:\o4a\1374157312\L1_1374398976_1374403072.hdf5,1374398976.0,1374403072.0,L1,O4a,0.0658879354596138,97
1374400132.0,1374400164.0,E:\o4a\1374157312\L1_1374398976_1374403072.hdf5,1374398976.0,1374403072.0,L1,O4a,0.0688510313630104,97
1374400196.0,1374400228.0,E:\o4a\1374157312\L1_1374398976_1374403072.hdf5,1374398976.0,1374403072.0,L1,O4a,0.05725782737135887,97
1374400260.0,1374400292.0,E:\o4a\1374157312\L1_1374398976_1374403072.hdf5,1374398976.0,1374403072.0,L1,O4a,0.05709725245833397,97
1374400324.0,1374400356.0,E:\o4a\1374157312\L1_1374398976_1374403072.hdf5,1374398976.0,1374403072.0,L1,O4a,0.057760823518037796,97
1374400388.0,1374400420.0,E:\o4a\1374157312\L1_1374398976_1374403072.hdf5,1374398976.0,1374403072.0,L1,O4a,0.05834297835826874,97
1374400452.0,1374400484.0,E:\o4a\1374157312\L1_1374398976_1374403072.hdf5,1374398976.0,1374403072.0,L1,O4a,0.06060430034995079,97
1374400516.0,1374400548.0,E:\o4a\1374157312\L1_1374398976_1374403072.hdf5,1374398976.0,1374403072.0,L1,O4a,0.07926978170871735,97
1374400580.0,1374400612.0,E:\o4a\1374157312\L1_1374398976_1374403072.hdf5,1374398976.0,1374403072.0,L1,O4a,0.06842959672212601,97
1374400644.0,1374400676.0,E:\o4a\1374157312\L1_1374398976_1374403072.hdf5,1374398976.0,1374403072.0,L1,O4a,0.1019064411520958,97
1374400708.0,1374400740.0,E:\o4a\1374157312\L1_1374398976_1374403072.hdf5,1374398976.0,1374403072.0,L1,O4a,0.06165836751461029,97
1374534148.0,1374534180.0,E:\o4a\1374157312\L1_1374534144_1374538240.hdf5,1374534144.0,1374538240.0,L1,O4a,0.0631244108080864,98
1374534212.0,1374534244.0,E:\o4a\1374157312\L1_1374534144_1374538240.hdf5,1374534144.0,1374538240.0,L1,O4a,0.06548170745372772,98
1374534276.0,1374534308.0,E:\o4a\1374157312\L1_1374534144_1374538240.hdf5,1374534144.0,1374538240.0,L1,O4a,0.05839957296848297,98
1374534340.0,1374534372.0,E:\o4a\1374157312\L1_1374534144_1374538240.hdf5,1374534144.0,1374538240.0,L1,O4a,0.06475786864757538,98
1374534404.0,1374534436.0,E:\o4a\1374157312\L1_1374534144_1374538240.hdf5,1374534144.0,1374538240.0,L1,O4a,0.07912192493677139,98
1374534468.0,1374534500.0,E:\o4a\1374157312\L1_1374534144_1374538240.hdf5,1374534144.0,1374538240.0,L1,O4a,0.05661657452583313,98
1374534532.0,1374534564.0,E:\o4a\1374157312\L1_1374534144_1374538240.hdf5,1374534144.0,1374538240.0,L1,O4a,0.07161115854978561,98
1374534596.0,1374534628.0,E:\o4a\1374157312\L1_1374534144_1374538240.hdf5,1374534144.0,1374538240.0,L1,O4a,0.06275517493486404,98
1374534660.0,1374534692.0,E:\o4a\1374157312\L1_1374534144_1374538240.hdf5,1374534144.0,1374538240.0,L1,O4a,0.05699525773525238,98
1374534724.0,1374534756.0,E:\o4a\1374157312\L1_1374534144_1374538240.hdf5,1374534144.0,1374538240.0,L1,O4a,0.07206827402114868,98
1374534788.0,1374534820.0,E:\o4a\1374157312\L1_1374534144_1374538240.hdf5,1374534144.0,1374538240.0,L1,O4a,0.06500545889139175,98
1374534852.0,1374534884.0,E:\o4a\1374157312\L1_1374534144_1374538240.hdf5,1374534144.0,1374538240.0,L1,O4a,0.05856773629784584,98
1374534916.0,1374534948.0,E:\o4a\1374157312\L1_1374534144_1374538240.hdf5,1374534144.0,1374538240.0,L1,O4a,0.05986694619059563,98
1374534980.0,1374535012.0,E:\o4a\1374157312\L1_1374534144_1374538240.hdf5,1374534144.0,1374538240.0,L1,O4a,0.06806544959545135,98
1374535044.0,1374535076.0,E:\o4a\1374157312\L1_1374534144_1374538240.hdf5,1374534144.0,1374538240.0,L1,O4a,0.06378761678934097,98
1374535108.0,1374535140.0,E:\o4a\1374157312\L1_1374534144_1374538240.hdf5,1374534144.0,1374538240.0,L1,O4a,0.06954821199178696,98
1374535172.0,1374535204.0,E:\o4a\1374157312\L1_1374534144_1374538240.hdf5,1374534144.0,1374538240.0,L1,O4a,0.06478994339704514,98
1374614276.0,1374614308.0,E:\o4a\1374157312\L1_1374611968_1374616064.hdf5,1374611968.0,1374616064.0,L1,O4a,0.06183651089668274,99
1374614340.0,1374614372.0,E:\o4a\1374157312\L1_1374611968_1374616064.hdf5,1374611968.0,1374616064.0,L1,O4a,0.06219670921564102,99
1374614404.0,1374614436.0,E:\o4a\1374157312\L1_1374611968_1374616064.hdf5,1374611968.0,1374616064.0,L1,O4a,0.059072915464639664,99
1374614468.0,1374614500.0,E:\o4a\1374157312\L1_1374611968_1374616064.hdf5,1374611968.0,1374616064.0,L1,O4a,0.05909332260489464,99
1374614532.0,1374614564.0,E:\o4a\1374157312\L1_1374611968_1374616064.hdf5,1374611968.0,1374616064.0,L1,O4a,0.08265382051467896,99
1374614596.0,1374614628.0,E:\o4a\1374157312\L1_1374611968_1374616064.hdf5,1374611968.0,1374616064.0,L1,O4a,0.06757660210132599,99
1374614660.0,1374614692.0,E:\o4a\1374157312\L1_1374611968_1374616064.hdf5,1374611968.0,1374616064.0,L1,O4a,0.07404918223619461,99
1374614724.0,1374614756.0,E:\o4a\1374157312\L1_1374611968_1374616064.hdf5,1374611968.0,1374616064.0,L1,O4a,0.054733872413635254,99
1374614788.0,1374614820.0,E:\o4a\1374157312\L1_1374611968_1374616064.hdf5,1374611968.0,1374616064.0,L1,O4a,0.06447441130876541,99
1374614852.0,1374614884.0,E:\o4a\1374157312\L1_1374611968_1374616064.hdf5,1374611968.0,1374616064.0,L1,O4a,0.058586809784173965,99
1374614916.0,1374614948.0,E:\o4a\1374157312\L1_1374611968_1374616064.hdf5,1374611968.0,1374616064.0,L1,O4a,0.07873909920454025,99
1374614980.0,1374615012.0,E:\o4a\1374157312\L1_1374611968_1374616064.hdf5,1374611968.0,1374616064.0,L1,O4a,0.06017199158668518,99
1374615044.0,1374615076.0,E:\o4a\1374157312\L1_1374611968_1374616064.hdf5,1374611968.0,1374616064.0,L1,O4a,0.06595776230096817,99
1374615108.0,1374615140.0,E:\o4a\1374157312\L1_1374611968_1374616064.hdf5,1374611968.0,1374616064.0,L1,O4a,0.05742785707116127,99
1374615172.0,1374615204.0,E:\o4a\1374157312\L1_1374611968_1374616064.hdf5,1374611968.0,1374616064.0,L1,O4a,0.06832235306501389,99
1374615236.0,1374615268.0,E:\o4a\1374157312\L1_1374611968_1374616064.hdf5,1374611968.0,1374616064.0,L1,O4a,0.05508483573794365,99
1374615300.0,1374615332.0,E:\o4a\1374157312\L1_1374611968_1374616064.hdf5,1374611968.0,1374616064.0,L1,O4a,0.06514660269021988,99
1374667012.0,1374667044.0,E:\o4a\1374157312\L1_1374665216_1374669312.hdf5,1374665216.0,1374669312.0,L1,O4a,0.051527779549360275,100
1374667076.0,1374667108.0,E:\o4a\1374157312\L1_1374665216_1374669312.hdf5,1374665216.0,1374669312.0,L1,O4a,0.061250343918800354,100
1374667140.0,1374667172.0,E:\o4a\1374157312\L1_1374665216_1374669312.hdf5,1374665216.0,1374669312.0,L1,O4a,0.05720791593194008,100
1374667204.0,1374667236.0,E:\o4a\1374157312\L1_1374665216_1374669312.hdf5,1374665216.0,1374669312.0,L1,O4a,0.058337513357400894,100
1374667268.0,1374667300.0,E:\o4a\1374157312\L1_1374665216_1374669312.hdf5,1374665216.0,1374669312.0,L1,O4a,0.07219045609235764,100
1374667332.0,1374667364.0,E:\o4a\1374157312\L1_1374665216_1374669312.hdf5,1374665216.0,1374669312.0,L1,O4a,0.06009141728281975,100
1374667396.0,1374667428.0,E:\o4a\1374157312\L1_1374665216_1374669312.hdf5,1374665216.0,1374669312.0,L1,O4a,0.44779688119888306,100
1374667460.0,1374667492.0,E:\o4a\1374157312\L1_1374665216_1374669312.hdf5,1374665216.0,1374669312.0,L1,O4a,0.07872086763381958,100
1374667524.0,1374667556.0,E:\o4a\1374157312\L1_1374665216_1374669312.hdf5,1374665216.0,1374669312.0,L1,O4a,0.05090255290269852,100
1374667588.0,1374667620.0,E:\o4a\1374157312\L1_1374665216_1374669312.hdf5,1374665216.0,1374669312.0,L1,O4a,0.05737388879060745,100
1374667652.0,1374667684.0,E:\o4a\1374157312\L1_1374665216_1374669312.hdf5,1374665216.0,1374669312.0,L1,O4a,0.05614030733704567,100
1374667716.0,1374667748.0,E:\o4a\1374157312\L1_1374665216_1374669312.hdf5,1374665216.0,1374669312.0,L1,O4a,0.05536774918437004,100
1374667780.0,1374667812.0,E:\o4a\1374157312\L1_1374665216_1374669312.hdf5,1374665216.0,1374669312.0,L1,O4a,0.06918854266405106,100
1374667844.0,1374667876.0,E:\o4a\1374157312\L1_1374665216_1374669312.hdf5,1374665216.0,1374669312.0,L1,O4a,0.059780899435281754,100
1374667908.0,1374667940.0,E:\o4a\1374157312\L1_1374665216_1374669312.hdf5,1374665216.0,1374669312.0,L1,O4a,0.06370898336172104,100
1374667972.0,1374668004.0,E:\o4a\1374157312\L1_1374665216_1374669312.hdf5,1374665216.0,1374669312.0,L1,O4a,0.11109451204538345,100
1374668036.0,1374668068.0,E:\o4a\1374157312\L1_1374665216_1374669312.hdf5,1374665216.0,1374669312.0,L1,O4a,0.06611388176679611,100
1374710084.0,1374710116.0,E:\o4a\1374675712\L1_1374708480_1374712576.hdf5,1374708480.0,1374712576.0,L1,O4a,0.05627070739865303,101
1374710148.0,1374710180.0,E:\o4a\1374675712\L1_1374708480_1374712576.hdf5,1374708480.0,1374712576.0,L1,O4a,0.05912056937813759,101
1374710212.0,1374710244.0,E:\o4a\1374675712\L1_1374708480_1374712576.hdf5,1374708480.0,1374712576.0,L1,O4a,0.059399232268333435,101
1374710276.0,1374710308.0,E:\o4a\1374675712\L1_1374708480_1374712576.hdf5,1374708480.0,1374712576.0,L1,O4a,0.06928083300590515,101
1374710340.0,1374710372.0,E:\o4a\1374675712\L1_1374708480_1374712576.hdf5,1374708480.0,1374712576.0,L1,O4a,0.06362037360668182,101
1374710404.0,1374710436.0,E:\o4a\1374675712\L1_1374708480_1374712576.hdf5,1374708480.0,1374712576.0,L1,O4a,0.07636862993240356,101
1374710468.0,1374710500.0,E:\o4a\1374675712\L1_1374708480_1374712576.hdf5,1374708480.0,1374712576.0,L1,O4a,0.06295967102050781,101
1374710532.0,1374710564.0,E:\o4a\1374675712\L1_1374708480_1374712576.hdf5,1374708480.0,1374712576.0,L1,O4a,0.07011190801858902,101
1374710596.0,1374710628.0,E:\o4a\1374675712\L1_1374708480_1374712576.hdf5,1374708480.0,1374712576.0,L1,O4a,0.05925225466489792,101
1374710660.0,1374710692.0,E:\o4a\1374675712\L1_1374708480_1374712576.hdf5,1374708480.0,1374712576.0,L1,O4a,0.053465697914361954,101
1374710724.0,1374710756.0,E:\o4a\1374675712\L1_1374708480_1374712576.hdf5,1374708480.0,1374712576.0,L1,O4a,0.06849189102649689,101
1374710788.0,1374710820.0,E:\o4a\1374675712\L1_1374708480_1374712576.hdf5,1374708480.0,1374712576.0,L1,O4a,0.05470854043960571,101
1374710852.0,1374710884.0,E:\o4a\1374675712\L1_1374708480_1374712576.hdf5,1374708480.0,1374712576.0,L1,O4a,0.07486241310834885,101
1374710916.0,1374710948.0,E:\o4a\1374675712\L1_1374708480_1374712576.hdf5,1374708480.0,1374712576.0,L1,O4a,0.05989132821559906,101
1374710980.0,1374711012.0,E:\o4a\1374675712\L1_1374708480_1374712576.hdf5,1374708480.0,1374712576.0,L1,O4a,0.07521731406450272,101
1374711044.0,1374711076.0,E:\o4a\1374675712\L1_1374708480_1374712576.hdf5,1374708480.0,1374712576.0,L1,O4a,0.0640692487359047,101
1374711108.0,1374711140.0,E:\o4a\1374675712\L1_1374708480_1374712576.hdf5,1374708480.0,1374712576.0,L1,O4a,0.1156567633152008,101
1374762820.0,1374762852.0,E:\o4a\1374675712\L1_1374761728_1374765824.hdf5,1374761728.0,1374765824.0,L1,O4a,0.05984671786427498,102
1374762884.0,1374762916.0,E:\o4a\1374675712\L1_1374761728_1374765824.hdf5,1374761728.0,1374765824.0,L1,O4a,0.08297082781791687,102
1374762948.0,1374762980.0,E:\o4a\1374675712\L1_1374761728_1374765824.hdf5,1374761728.0,1374765824.0,L1,O4a,0.05910604074597359,102
1374763012.0,1374763044.0,E:\o4a\1374675712\L1_1374761728_1374765824.hdf5,1374761728.0,1374765824.0,L1,O4a,0.07432985305786133,102
1374763076.0,1374763108.0,E:\o4a\1374675712\L1_1374761728_1374765824.hdf5,1374761728.0,1374765824.0,L1,O4a,0.06017911434173584,102
1374763140.0,1374763172.0,E:\o4a\1374675712\L1_1374761728_1374765824.hdf5,1374761728.0,1374765824.0,L1,O4a,0.057089582085609436,102
1374763204.0,1374763236.0,E:\o4a\1374675712\L1_1374761728_1374765824.hdf5,1374761728.0,1374765824.0,L1,O4a,0.06700702011585236,102
1374763268.0,1374763300.0,E:\o4a\1374675712\L1_1374761728_1374765824.hdf5,1374761728.0,1374765824.0,L1,O4a,0.07321902364492416,102
1374763332.0,1374763364.0,E:\o4a\1374675712\L1_1374761728_1374765824.hdf5,1374761728.0,1374765824.0,L1,O4a,0.06934520602226257,102
1374763396.0,1374763428.0,E:\o4a\1374675712\L1_1374761728_1374765824.hdf5,1374761728.0,1374765824.0,L1,O4a,0.07561236619949341,102
1374763460.0,1374763492.0,E:\o4a\1374675712\L1_1374761728_1374765824.hdf5,1374761728.0,1374765824.0,L1,O4a,0.10952449589967728,102
1374763524.0,1374763556.0,E:\o4a\1374675712\L1_1374761728_1374765824.hdf5,1374761728.0,1374765824.0,L1,O4a,0.07852847129106522,102
1374763588.0,1374763620.0,E:\o4a\1374675712\L1_1374761728_1374765824.hdf5,1374761728.0,1374765824.0,L1,O4a,0.08406073600053787,102
1374763652.0,1374763684.0,E:\o4a\1374675712\L1_1374761728_1374765824.hdf5,1374761728.0,1374765824.0,L1,O4a,0.06470182538032532,102
1374763716.0,1374763748.0,E:\o4a\1374675712\L1_1374761728_1374765824.hdf5,1374761728.0,1374765824.0,L1,O4a,0.058890946209430695,102
1374763780.0,1374763812.0,E:\o4a\1374675712\L1_1374761728_1374765824.hdf5,1374761728.0,1374765824.0,L1,O4a,0.056434325873851776,102
1374763844.0,1374763876.0,E:\o4a\1374675712\L1_1374761728_1374765824.hdf5,1374761728.0,1374765824.0,L1,O4a,0.06126830726861954,102
1374815236.0,1374815268.0,E:\o4a\1374675712\L1_1374814976_1374819072.hdf5,1374814976.0,1374819072.0,L1,O4a,0.0511251837015152,103
1374815300.0,1374815332.0,E:\o4a\1374675712\L1_1374814976_1374819072.hdf5,1374814976.0,1374819072.0,L1,O4a,0.06532417982816696,103
1374815364.0,1374815396.0,E:\o4a\1374675712\L1_1374814976_1374819072.hdf5,1374814976.0,1374819072.0,L1,O4a,0.05559958145022392,103
1374815428.0,1374815460.0,E:\o4a\1374675712\L1_1374814976_1374819072.hdf5,1374814976.0,1374819072.0,L1,O4a,0.06400227546691895,103
1374815492.0,1374815524.0,E:\o4a\1374675712\L1_1374814976_1374819072.hdf5,1374814976.0,1374819072.0,L1,O4a,0.052749715745449066,103
1374815556.0,1374815588.0,E:\o4a\1374675712\L1_1374814976_1374819072.hdf5,1374814976.0,1374819072.0,L1,O4a,0.056797537952661514,103
1374815620.0,1374815652.0,E:\o4a\1374675712\L1_1374814976_1374819072.hdf5,1374814976.0,1374819072.0,L1,O4a,0.07619549334049225,103
1374815684.0,1374815716.0,E:\o4a\1374675712\L1_1374814976_1374819072.hdf5,1374814976.0,1374819072.0,L1,O4a,0.06488918513059616,103
1374815748.0,1374815780.0,E:\o4a\1374675712\L1_1374814976_1374819072.hdf5,1374814976.0,1374819072.0,L1,O4a,0.07396502047777176,103
1374815812.0,1374815844.0,E:\o4a\1374675712\L1_1374814976_1374819072.hdf5,1374814976.0,1374819072.0,L1,O4a,0.07504518330097198,103
1374815876.0,1374815908.0,E:\o4a\1374675712\L1_1374814976_1374819072.hdf5,1374814976.0,1374819072.0,L1,O4a,0.06743846833705902,103
1374815940.0,1374815972.0,E:\o4a\1374675712\L1_1374814976_1374819072.hdf5,1374814976.0,1374819072.0,L1,O4a,0.06116173043847084,103
1374816004.0,1374816036.0,E:\o4a\1374675712\L1_1374814976_1374819072.hdf5,1374814976.0,1374819072.0,L1,O4a,0.06647095829248428,103
1374816068.0,1374816100.0,E:\o4a\1374675712\L1_1374814976_1374819072.hdf5,1374814976.0,1374819072.0,L1,O4a,0.05820287764072418,103
1374816132.0,1374816164.0,E:\o4a\1374675712\L1_1374814976_1374819072.hdf5,1374814976.0,1374819072.0,L1,O4a,0.05782269686460495,103
1374816196.0,1374816228.0,E:\o4a\1374675712\L1_1374814976_1374819072.hdf5,1374814976.0,1374819072.0,L1,O4a,0.061100173741579056,103
1374816260.0,1374816292.0,E:\o4a\1374675712\L1_1374814976_1374819072.hdf5,1374814976.0,1374819072.0,L1,O4a,0.0625934898853302,103
1374896900.0,1374896932.0,E:\o4a\1374675712\L1_1374896896_1374900992.hdf5,1374896896.0,1374900992.0,L1,O4a,0.056871987879276276,104
1374896964.0,1374896996.0,E:\o4a\1374675712\L1_1374896896_1374900992.hdf5,1374896896.0,1374900992.0,L1,O4a,0.06497367471456528,104
1374897028.0,1374897060.0,E:\o4a\1374675712\L1_1374896896_1374900992.hdf5,1374896896.0,1374900992.0,L1,O4a,0.06283272057771683,104
1374897092.0,1374897124.0,E:\o4a\1374675712\L1_1374896896_1374900992.hdf5,1374896896.0,1374900992.0,L1,O4a,0.058658305555582047,104
1374897156.0,1374897188.0,E:\o4a\1374675712\L1_1374896896_1374900992.hdf5,1374896896.0,1374900992.0,L1,O4a,0.0639457181096077,104
1374897220.0,1374897252.0,E:\o4a\1374675712\L1_1374896896_1374900992.hdf5,1374896896.0,1374900992.0,L1,O4a,0.06287196278572083,104
1374897284.0,1374897316.0,E:\o4a\1374675712\L1_1374896896_1374900992.hdf5,1374896896.0,1374900992.0,L1,O4a,0.059174831956624985,104
1374897348.0,1374897380.0,E:\o4a\1374675712\L1_1374896896_1374900992.hdf5,1374896896.0,1374900992.0,L1,O4a,0.06619013845920563,104
1374897412.0,1374897444.0,E:\o4a\1374675712\L1_1374896896_1374900992.hdf5,1374896896.0,1374900992.0,L1,O4a,0.06146872788667679,104
1374897476.0,1374897508.0,E:\o4a\1374675712\L1_1374896896_1374900992.hdf5,1374896896.0,1374900992.0,L1,O4a,0.05856969580054283,104
1374897540.0,1374897572.0,E:\o4a\1374675712\L1_1374896896_1374900992.hdf5,1374896896.0,1374900992.0,L1,O4a,0.07350385189056396,104
1374897604.0,1374897636.0,E:\o4a\1374675712\L1_1374896896_1374900992.hdf5,1374896896.0,1374900992.0,L1,O4a,0.054945290088653564,104
1374897668.0,1374897700.0,E:\o4a\1374675712\L1_1374896896_1374900992.hdf5,1374896896.0,1374900992.0,L1,O4a,0.08069271594285965,104
1374897732.0,1374897764.0,E:\o4a\1374675712\L1_1374896896_1374900992.hdf5,1374896896.0,1374900992.0,L1,O4a,0.06611891090869904,104
1374897796.0,1374897828.0,E:\o4a\1374675712\L1_1374896896_1374900992.hdf5,1374896896.0,1374900992.0,L1,O4a,0.06731680035591125,104
1374897860.0,1374897892.0,E:\o4a\1374675712\L1_1374896896_1374900992.hdf5,1374896896.0,1374900992.0,L1,O4a,0.06294086575508118,104
1374897924.0,1374897956.0,E:\o4a\1374675712\L1_1374896896_1374900992.hdf5,1374896896.0,1374900992.0,L1,O4a,0.06157071515917778,104
1374972804.0,1374972836.0,E:\o4a\1374675712\L1_1374970624_1374974720.hdf5,1374970624.0,1374974720.0,L1,O4a,0.060299430042505264,105
1374972868.0,1374972900.0,E:\o4a\1374675712\L1_1374970624_1374974720.hdf5,1374970624.0,1374974720.0,L1,O4a,0.051520396023988724,105
1374972932.0,1374972964.0,E:\o4a\1374675712\L1_1374970624_1374974720.hdf5,1374970624.0,1374974720.0,L1,O4a,0.057168975472450256,105
1374972996.0,1374973028.0,E:\o4a\1374675712\L1_1374970624_1374974720.hdf5,1374970624.0,1374974720.0,L1,O4a,0.08596522361040115,105
1374973060.0,1374973092.0,E:\o4a\1374675712\L1_1374970624_1374974720.hdf5,1374970624.0,1374974720.0,L1,O4a,0.11504146456718445,105
1374973124.0,1374973156.0,E:\o4a\1374675712\L1_1374970624_1374974720.hdf5,1374970624.0,1374974720.0,L1,O4a,0.05826723203063011,105
1374973188.0,1374973220.0,E:\o4a\1374675712\L1_1374970624_1374974720.hdf5,1374970624.0,1374974720.0,L1,O4a,0.06430775672197342,105
1374973252.0,1374973284.0,E:\o4a\1374675712\L1_1374970624_1374974720.hdf5,1374970624.0,1374974720.0,L1,O4a,0.0611141137778759,105
1374973316.0,1374973348.0,E:\o4a\1374675712\L1_1374970624_1374974720.hdf5,1374970624.0,1374974720.0,L1,O4a,0.0641229972243309,105
1374973380.0,1374973412.0,E:\o4a\1374675712\L1_1374970624_1374974720.hdf5,1374970624.0,1374974720.0,L1,O4a,0.060940321534872055,105
1374973444.0,1374973476.0,E:\o4a\1374675712\L1_1374970624_1374974720.hdf5,1374970624.0,1374974720.0,L1,O4a,0.05924716964364052,105
1374973508.0,1374973540.0,E:\o4a\1374675712\L1_1374970624_1374974720.hdf5,1374970624.0,1374974720.0,L1,O4a,0.0598473958671093,105
1374973572.0,1374973604.0,E:\o4a\1374675712\L1_1374970624_1374974720.hdf5,1374970624.0,1374974720.0,L1,O4a,0.06310124695301056,105
1374973636.0,1374973668.0,E:\o4a\1374675712\L1_1374970624_1374974720.hdf5,1374970624.0,1374974720.0,L1,O4a,0.08818048983812332,105
1374973700.0,1374973732.0,E:\o4a\1374675712\L1_1374970624_1374974720.hdf5,1374970624.0,1374974720.0,L1,O4a,0.05999778211116791,105
1374973764.0,1374973796.0,E:\o4a\1374675712\L1_1374970624_1374974720.hdf5,1374970624.0,1374974720.0,L1,O4a,0.0683625340461731,105
1374973828.0,1374973860.0,E:\o4a\1374675712\L1_1374970624_1374974720.hdf5,1374970624.0,1374974720.0,L1,O4a,0.061263252049684525,105
1375080004.0,1375080036.0,E:\o4a\1374675712\L1_1375077120_1375081216.hdf5,1375077120.0,1375081216.0,L1,O4a,0.05728330835700035,106
1375080068.0,1375080100.0,E:\o4a\1374675712\L1_1375077120_1375081216.hdf5,1375077120.0,1375081216.0,L1,O4a,0.06014951691031456,106
1375080132.0,1375080164.0,E:\o4a\1374675712\L1_1375077120_1375081216.hdf5,1375077120.0,1375081216.0,L1,O4a,0.060738760977983475,106
1375080196.0,1375080228.0,E:\o4a\1374675712\L1_1375077120_1375081216.hdf5,1375077120.0,1375081216.0,L1,O4a,0.07593755424022675,106
1375080260.0,1375080292.0,E:\o4a\1374675712\L1_1375077120_1375081216.hdf5,1375077120.0,1375081216.0,L1,O4a,0.06059820577502251,106
1375080324.0,1375080356.0,E:\o4a\1374675712\L1_1375077120_1375081216.hdf5,1375077120.0,1375081216.0,L1,O4a,0.054418619722127914,106
1375080388.0,1375080420.0,E:\o4a\1374675712\L1_1375077120_1375081216.hdf5,1375077120.0,1375081216.0,L1,O4a,0.06267476081848145,106
1375080452.0,1375080484.0,E:\o4a\1374675712\L1_1375077120_1375081216.hdf5,1375077120.0,1375081216.0,L1,O4a,0.05644378066062927,106
1375080516.0,1375080548.0,E:\o4a\1374675712\L1_1375077120_1375081216.hdf5,1375077120.0,1375081216.0,L1,O4a,0.06398902833461761,106
1375080580.0,1375080612.0,E:\o4a\1374675712\L1_1375077120_1375081216.hdf5,1375077120.0,1375081216.0,L1,O4a,0.06407942622900009,106
1375080644.0,1375080676.0,E:\o4a\1374675712\L1_1375077120_1375081216.hdf5,1375077120.0,1375081216.0,L1,O4a,0.06441754102706909,106
1375080708.0,1375080740.0,E:\o4a\1374675712\L1_1375077120_1375081216.hdf5,1375077120.0,1375081216.0,L1,O4a,0.05936652049422264,106
1375080772.0,1375080804.0,E:\o4a\1374675712\L1_1375077120_1375081216.hdf5,1375077120.0,1375081216.0,L1,O4a,0.0583966001868248,106
1375080836.0,1375080868.0,E:\o4a\1374675712\L1_1375077120_1375081216.hdf5,1375077120.0,1375081216.0,L1,O4a,0.06063934043049812,106
1375080900.0,1375080932.0,E:\o4a\1374675712\L1_1375077120_1375081216.hdf5,1375077120.0,1375081216.0,L1,O4a,0.07085234671831131,106
1375080964.0,1375080996.0,E:\o4a\1374675712\L1_1375077120_1375081216.hdf5,1375077120.0,1375081216.0,L1,O4a,0.05978984013199806,106
1375081028.0,1375081060.0,E:\o4a\1374675712\L1_1375077120_1375081216.hdf5,1375077120.0,1375081216.0,L1,O4a,0.059082817286252975,106
1375226884.0,1375226916.0,E:\o4a\1375194112\L1_1375226880_1375230976.hdf5,1375226880.0,1375230976.0,L1,O4a,0.06320099532604218,107
1375226948.0,1375226980.0,E:\o4a\1375194112\L1_1375226880_1375230976.hdf5,1375226880.0,1375230976.0,L1,O4a,0.053517986088991165,107
1375227012.0,1375227044.0,E:\o4a\1375194112\L1_1375226880_1375230976.hdf5,1375226880.0,1375230976.0,L1,O4a,0.06325038522481918,107
1375227076.0,1375227108.0,E:\o4a\1375194112\L1_1375226880_1375230976.hdf5,1375226880.0,1375230976.0,L1,O4a,0.056975871324539185,107
1375227140.0,1375227172.0,E:\o4a\1375194112\L1_1375226880_1375230976.hdf5,1375226880.0,1375230976.0,L1,O4a,0.05362892523407936,107
1375227204.0,1375227236.0,E:\o4a\1375194112\L1_1375226880_1375230976.hdf5,1375226880.0,1375230976.0,L1,O4a,0.06845123320817947,107
1375227268.0,1375227300.0,E:\o4a\1375194112\L1_1375226880_1375230976.hdf5,1375226880.0,1375230976.0,L1,O4a,0.05892578139901161,107
1375227332.0,1375227364.0,E:\o4a\1375194112\L1_1375226880_1375230976.hdf5,1375226880.0,1375230976.0,L1,O4a,0.06276864558458328,107
1375227396.0,1375227428.0,E:\o4a\1375194112\L1_1375226880_1375230976.hdf5,1375226880.0,1375230976.0,L1,O4a,0.06560155749320984,107
1375227460.0,1375227492.0,E:\o4a\1375194112\L1_1375226880_1375230976.hdf5,1375226880.0,1375230976.0,L1,O4a,0.07376817613840103,107
1375227524.0,1375227556.0,E:\o4a\1375194112\L1_1375226880_1375230976.hdf5,1375226880.0,1375230976.0,L1,O4a,0.058725081384181976,107
1375227588.0,1375227620.0,E:\o4a\1375194112\L1_1375226880_1375230976.hdf5,1375226880.0,1375230976.0,L1,O4a,0.06262528151273727,107
1375227652.0,1375227684.0,E:\o4a\1375194112\L1_1375226880_1375230976.hdf5,1375226880.0,1375230976.0,L1,O4a,0.05578973889350891,107
1375227716.0,1375227748.0,E:\o4a\1375194112\L1_1375226880_1375230976.hdf5,1375226880.0,1375230976.0,L1,O4a,0.05298164486885071,107
1375227780.0,1375227812.0,E:\o4a\1375194112\L1_1375226880_1375230976.hdf5,1375226880.0,1375230976.0,L1,O4a,0.0834713950753212,107
1375227844.0,1375227876.0,E:\o4a\1375194112\L1_1375226880_1375230976.hdf5,1375226880.0,1375230976.0,L1,O4a,0.057961273938417435,107
1375227908.0,1375227940.0,E:\o4a\1375194112\L1_1375226880_1375230976.hdf5,1375226880.0,1375230976.0,L1,O4a,0.05918390676379204,107
1375277124.0,1375277156.0,E:\o4a\1375194112\L1_1375276032_1375280128.hdf5,1375276032.0,1375280128.0,L1,O4a,0.053344015032052994,108
1375277188.0,1375277220.0,E:\o4a\1375194112\L1_1375276032_1375280128.hdf5,1375276032.0,1375280128.0,L1,O4a,0.0544564463198185,108
1375277252.0,1375277284.0,E:\o4a\1375194112\L1_1375276032_1375280128.hdf5,1375276032.0,1375280128.0,L1,O4a,0.09050129354000092,108
1375277316.0,1375277348.0,E:\o4a\1375194112\L1_1375276032_1375280128.hdf5,1375276032.0,1375280128.0,L1,O4a,0.0632927417755127,108
1375277380.0,1375277412.0,E:\o4a\1375194112\L1_1375276032_1375280128.hdf5,1375276032.0,1375280128.0,L1,O4a,0.06085658073425293,108
1375277444.0,1375277476.0,E:\o4a\1375194112\L1_1375276032_1375280128.hdf5,1375276032.0,1375280128.0,L1,O4a,0.05724426358938217,108
1375277508.0,1375277540.0,E:\o4a\1375194112\L1_1375276032_1375280128.hdf5,1375276032.0,1375280128.0,L1,O4a,0.05922145023941994,108
1375277572.0,1375277604.0,E:\o4a\1375194112\L1_1375276032_1375280128.hdf5,1375276032.0,1375280128.0,L1,O4a,0.06725502759218216,108
1375277636.0,1375277668.0,E:\o4a\1375194112\L1_1375276032_1375280128.hdf5,1375276032.0,1375280128.0,L1,O4a,0.05907231196761131,108
1375277700.0,1375277732.0,E:\o4a\1375194112\L1_1375276032_1375280128.hdf5,1375276032.0,1375280128.0,L1,O4a,0.06691072136163712,108
1375277764.0,1375277796.0,E:\o4a\1375194112\L1_1375276032_1375280128.hdf5,1375276032.0,1375280128.0,L1,O4a,0.061597712337970734,108
1375277828.0,1375277860.0,E:\o4a\1375194112\L1_1375276032_1375280128.hdf5,1375276032.0,1375280128.0,L1,O4a,0.11075227707624435,108
1375277892.0,1375277924.0,E:\o4a\1375194112\L1_1375276032_1375280128.hdf5,1375276032.0,1375280128.0,L1,O4a,0.0586225725710392,108
1375277956.0,1375277988.0,E:\o4a\1375194112\L1_1375276032_1375280128.hdf5,1375276032.0,1375280128.0,L1,O4a,0.06289760023355484,108
1375278020.0,1375278052.0,E:\o4a\1375194112\L1_1375276032_1375280128.hdf5,1375276032.0,1375280128.0,L1,O4a,0.05947043001651764,108
1375278084.0,1375278116.0,E:\o4a\1375194112\L1_1375276032_1375280128.hdf5,1375276032.0,1375280128.0,L1,O4a,0.060711003839969635,108
1375278148.0,1375278180.0,E:\o4a\1375194112\L1_1375276032_1375280128.hdf5,1375276032.0,1375280128.0,L1,O4a,0.06706144660711288,108
1375337476.0,1375337508.0,E:\o4a\1375194112\L1_1375337472_1375341568.hdf5,1375337472.0,1375341568.0,L1,O4a,0.05709237977862358,109
1375337540.0,1375337572.0,E:\o4a\1375194112\L1_1375337472_1375341568.hdf5,1375337472.0,1375341568.0,L1,O4a,0.07346372306346893,109
1375337604.0,1375337636.0,E:\o4a\1375194112\L1_1375337472_1375341568.hdf5,1375337472.0,1375341568.0,L1,O4a,0.10953464359045029,109
1375337668.0,1375337700.0,E:\o4a\1375194112\L1_1375337472_1375341568.hdf5,1375337472.0,1375341568.0,L1,O4a,0.06269624829292297,109
1375337732.0,1375337764.0,E:\o4a\1375194112\L1_1375337472_1375341568.hdf5,1375337472.0,1375341568.0,L1,O4a,0.07449082285165787,109
1375337796.0,1375337828.0,E:\o4a\1375194112\L1_1375337472_1375341568.hdf5,1375337472.0,1375341568.0,L1,O4a,0.05678416043519974,109
1375337860.0,1375337892.0,E:\o4a\1375194112\L1_1375337472_1375341568.hdf5,1375337472.0,1375341568.0,L1,O4a,0.062273476272821426,109
1375337924.0,1375337956.0,E:\o4a\1375194112\L1_1375337472_1375341568.hdf5,1375337472.0,1375341568.0,L1,O4a,0.06746421754360199,109
1375337988.0,1375338020.0,E:\o4a\1375194112\L1_1375337472_1375341568.hdf5,1375337472.0,1375341568.0,L1,O4a,0.09647952020168304,109
1375338052.0,1375338084.0,E:\o4a\1375194112\L1_1375337472_1375341568.hdf5,1375337472.0,1375341568.0,L1,O4a,0.06391084939241409,109
1375338116.0,1375338148.0,E:\o4a\1375194112\L1_1375337472_1375341568.hdf5,1375337472.0,1375341568.0,L1,O4a,0.060121241956949234,109
1375338180.0,1375338212.0,E:\o4a\1375194112\L1_1375337472_1375341568.hdf5,1375337472.0,1375341568.0,L1,O4a,0.05816681683063507,109
1375338244.0,1375338276.0,E:\o4a\1375194112\L1_1375337472_1375341568.hdf5,1375337472.0,1375341568.0,L1,O4a,0.05999551713466644,109
1375338308.0,1375338340.0,E:\o4a\1375194112\L1_1375337472_1375341568.hdf5,1375337472.0,1375341568.0,L1,O4a,0.05947694927453995,109
1375338372.0,1375338404.0,E:\o4a\1375194112\L1_1375337472_1375341568.hdf5,1375337472.0,1375341568.0,L1,O4a,0.08626801520586014,109
1375338436.0,1375338468.0,E:\o4a\1375194112\L1_1375337472_1375341568.hdf5,1375337472.0,1375341568.0,L1,O4a,0.07202833145856857,109
1375338500.0,1375338532.0,E:\o4a\1375194112\L1_1375337472_1375341568.hdf5,1375337472.0,1375341568.0,L1,O4a,0.06455483287572861,109
1375379524.0,1375379556.0,E:\o4a\1375194112\L1_1375378432_1375382528.hdf5,1375378432.0,1375382528.0,L1,O4a,0.05464140325784683,110
1375379588.0,1375379620.0,E:\o4a\1375194112\L1_1375378432_1375382528.hdf5,1375378432.0,1375382528.0,L1,O4a,0.06548493355512619,110
1375379652.0,1375379684.0,E:\o4a\1375194112\L1_1375378432_1375382528.hdf5,1375378432.0,1375382528.0,L1,O4a,0.13059395551681519,110
1375379716.0,1375379748.0,E:\o4a\1375194112\L1_1375378432_1375382528.hdf5,1375378432.0,1375382528.0,L1,O4a,0.06547895818948746,110
1375379780.0,1375379812.0,E:\o4a\1375194112\L1_1375378432_1375382528.hdf5,1375378432.0,1375382528.0,L1,O4a,0.0668330267071724,110
1375379844.0,1375379876.0,E:\o4a\1375194112\L1_1375378432_1375382528.hdf5,1375378432.0,1375382528.0,L1,O4a,0.06350236386060715,110
1375379908.0,1375379940.0,E:\o4a\1375194112\L1_1375378432_1375382528.hdf5,1375378432.0,1375382528.0,L1,O4a,0.05943135544657707,110
1375379972.0,1375380004.0,E:\o4a\1375194112\L1_1375378432_1375382528.hdf5,1375378432.0,1375382528.0,L1,O4a,0.05997064709663391,110
1375380036.0,1375380068.0,E:\o4a\1375194112\L1_1375378432_1375382528.hdf5,1375378432.0,1375382528.0,L1,O4a,0.06832435727119446,110
1375380100.0,1375380132.0,E:\o4a\1375194112\L1_1375378432_1375382528.hdf5,1375378432.0,1375382528.0,L1,O4a,0.060966674238443375,110
1375380164.0,1375380196.0,E:\o4a\1375194112\L1_1375378432_1375382528.hdf5,1375378432.0,1375382528.0,L1,O4a,0.06553854793310165,110
1375380228.0,1375380260.0,E:\o4a\1375194112\L1_1375378432_1375382528.hdf5,1375378432.0,1375382528.0,L1,O4a,0.07098352909088135,110
1375380292.0,1375380324.0,E:\o4a\1375194112\L1_1375378432_1375382528.hdf5,1375378432.0,1375382528.0,L1,O4a,0.06141142174601555,110
1375380356.0,1375380388.0,E:\o4a\1375194112\L1_1375378432_1375382528.hdf5,1375378432.0,1375382528.0,L1,O4a,0.06625547260046005,110
1375380420.0,1375380452.0,E:\o4a\1375194112\L1_1375378432_1375382528.hdf5,1375378432.0,1375382528.0,L1,O4a,0.056965164840221405,110
1375380484.0,1375380516.0,E:\o4a\1375194112\L1_1375378432_1375382528.hdf5,1375378432.0,1375382528.0,L1,O4a,0.055134985595941544,110
1375380548.0,1375380580.0,E:\o4a\1375194112\L1_1375378432_1375382528.hdf5,1375378432.0,1375382528.0,L1,O4a,0.06167808547616005,110
1375422340.0,1375422372.0,E:\o4a\1375194112\L1_1375419392_1375423488.hdf5,1375419392.0,1375423488.0,L1,O4a,0.05566779151558876,111
1375422404.0,1375422436.0,E:\o4a\1375194112\L1_1375419392_1375423488.hdf5,1375419392.0,1375423488.0,L1,O4a,0.06682620197534561,111
1375422468.0,1375422500.0,E:\o4a\1375194112\L1_1375419392_1375423488.hdf5,1375419392.0,1375423488.0,L1,O4a,0.058540623635053635,111
1375422532.0,1375422564.0,E:\o4a\1375194112\L1_1375419392_1375423488.hdf5,1375419392.0,1375423488.0,L1,O4a,0.05784676969051361,111
1375422596.0,1375422628.0,E:\o4a\1375194112\L1_1375419392_1375423488.hdf5,1375419392.0,1375423488.0,L1,O4a,0.06914941221475601,111
1375422660.0,1375422692.0,E:\o4a\1375194112\L1_1375419392_1375423488.hdf5,1375419392.0,1375423488.0,L1,O4a,0.06069424748420715,111
1375422724.0,1375422756.0,E:\o4a\1375194112\L1_1375419392_1375423488.hdf5,1375419392.0,1375423488.0,L1,O4a,0.0562223419547081,111
1375422788.0,1375422820.0,E:\o4a\1375194112\L1_1375419392_1375423488.hdf5,1375419392.0,1375423488.0,L1,O4a,0.059372466057538986,111
1375422852.0,1375422884.0,E:\o4a\1375194112\L1_1375419392_1375423488.hdf5,1375419392.0,1375423488.0,L1,O4a,0.06027694419026375,111
1375422916.0,1375422948.0,E:\o4a\1375194112\L1_1375419392_1375423488.hdf5,1375419392.0,1375423488.0,L1,O4a,0.060045599937438965,111
1375422980.0,1375423012.0,E:\o4a\1375194112\L1_1375419392_1375423488.hdf5,1375419392.0,1375423488.0,L1,O4a,0.09004311263561249,111
1375423044.0,1375423076.0,E:\o4a\1375194112\L1_1375419392_1375423488.hdf5,1375419392.0,1375423488.0,L1,O4a,0.06280917674303055,111
1375423108.0,1375423140.0,E:\o4a\1375194112\L1_1375419392_1375423488.hdf5,1375419392.0,1375423488.0,L1,O4a,0.06515688449144363,111
1375423172.0,1375423204.0,E:\o4a\1375194112\L1_1375419392_1375423488.hdf5,1375419392.0,1375423488.0,L1,O4a,0.06313247978687286,111
1375423236.0,1375423268.0,E:\o4a\1375194112\L1_1375419392_1375423488.hdf5,1375419392.0,1375423488.0,L1,O4a,0.06673716008663177,111
1375423300.0,1375423332.0,E:\o4a\1375194112\L1_1375419392_1375423488.hdf5,1375419392.0,1375423488.0,L1,O4a,0.08082350343465805,111
1375423364.0,1375423396.0,E:\o4a\1375194112\L1_1375419392_1375423488.hdf5,1375419392.0,1375423488.0,L1,O4a,0.057330526411533356,111
1375504196.0,1375504228.0,E:\o4a\1375194112\L1_1375501312_1375505408.hdf5,1375501312.0,1375505408.0,L1,O4a,0.059017110615968704,112
1375504260.0,1375504292.0,E:\o4a\1375194112\L1_1375501312_1375505408.hdf5,1375501312.0,1375505408.0,L1,O4a,0.06165476515889168,112
1375504324.0,1375504356.0,E:\o4a\1375194112\L1_1375501312_1375505408.hdf5,1375501312.0,1375505408.0,L1,O4a,0.05488111823797226,112
1375504388.0,1375504420.0,E:\o4a\1375194112\L1_1375501312_1375505408.hdf5,1375501312.0,1375505408.0,L1,O4a,0.057064224034547806,112
1375504452.0,1375504484.0,E:\o4a\1375194112\L1_1375501312_1375505408.hdf5,1375501312.0,1375505408.0,L1,O4a,0.10165680199861526,112
1375504516.0,1375504548.0,E:\o4a\1375194112\L1_1375501312_1375505408.hdf5,1375501312.0,1375505408.0,L1,O4a,0.0631958469748497,112
1375504580.0,1375504612.0,E:\o4a\1375194112\L1_1375501312_1375505408.hdf5,1375501312.0,1375505408.0,L1,O4a,0.05646994337439537,112
1375504644.0,1375504676.0,E:\o4a\1375194112\L1_1375501312_1375505408.hdf5,1375501312.0,1375505408.0,L1,O4a,0.1655389815568924,112
1375504708.0,1375504740.0,E:\o4a\1375194112\L1_1375501312_1375505408.hdf5,1375501312.0,1375505408.0,L1,O4a,0.05627986416220665,112
1375504772.0,1375504804.0,E:\o4a\1375194112\L1_1375501312_1375505408.hdf5,1375501312.0,1375505408.0,L1,O4a,0.059590116143226624,112
1375504836.0,1375504868.0,E:\o4a\1375194112\L1_1375501312_1375505408.hdf5,1375501312.0,1375505408.0,L1,O4a,0.05978597700595856,112
1375504900.0,1375504932.0,E:\o4a\1375194112\L1_1375501312_1375505408.hdf5,1375501312.0,1375505408.0,L1,O4a,0.08643852919340134,112
1375504964.0,1375504996.0,E:\o4a\1375194112\L1_1375501312_1375505408.hdf5,1375501312.0,1375505408.0,L1,O4a,0.06259724497795105,112
1375505028.0,1375505060.0,E:\o4a\1375194112\L1_1375501312_1375505408.hdf5,1375501312.0,1375505408.0,L1,O4a,0.05971364304423332,112
1375505092.0,1375505124.0,E:\o4a\1375194112\L1_1375501312_1375505408.hdf5,1375501312.0,1375505408.0,L1,O4a,0.05528125911951065,112
1375505156.0,1375505188.0,E:\o4a\1375194112\L1_1375501312_1375505408.hdf5,1375501312.0,1375505408.0,L1,O4a,0.06531009823083878,112
1375505220.0,1375505252.0,E:\o4a\1375194112\L1_1375501312_1375505408.hdf5,1375501312.0,1375505408.0,L1,O4a,0.1075388714671135,112
1375584324.0,1375584356.0,E:\o4a\1375194112\L1_1375583232_1375587328.hdf5,1375583232.0,1375587328.0,L1,O4a,0.05636455863714218,113
1375584388.0,1375584420.0,E:\o4a\1375194112\L1_1375583232_1375587328.hdf5,1375583232.0,1375587328.0,L1,O4a,0.05637037009000778,113
1375584452.0,1375584484.0,E:\o4a\1375194112\L1_1375583232_1375587328.hdf5,1375583232.0,1375587328.0,L1,O4a,0.0604938343167305,113
1375584516.0,1375584548.0,E:\o4a\1375194112\L1_1375583232_1375587328.hdf5,1375583232.0,1375587328.0,L1,O4a,0.06108604371547699,113
1375584580.0,1375584612.0,E:\o4a\1375194112\L1_1375583232_1375587328.hdf5,1375583232.0,1375587328.0,L1,O4a,0.07291712611913681,113
1375584644.0,1375584676.0,E:\o4a\1375194112\L1_1375583232_1375587328.hdf5,1375583232.0,1375587328.0,L1,O4a,0.06429792940616608,113
1375584708.0,1375584740.0,E:\o4a\1375194112\L1_1375583232_1375587328.hdf5,1375583232.0,1375587328.0,L1,O4a,0.05771311745047569,113
1375584772.0,1375584804.0,E:\o4a\1375194112\L1_1375583232_1375587328.hdf5,1375583232.0,1375587328.0,L1,O4a,0.05942938104271889,113
1375584836.0,1375584868.0,E:\o4a\1375194112\L1_1375583232_1375587328.hdf5,1375583232.0,1375587328.0,L1,O4a,0.06364728510379791,113
1375584900.0,1375584932.0,E:\o4a\1375194112\L1_1375583232_1375587328.hdf5,1375583232.0,1375587328.0,L1,O4a,0.06047913059592247,113
1375584964.0,1375584996.0,E:\o4a\1375194112\L1_1375583232_1375587328.hdf5,1375583232.0,1375587328.0,L1,O4a,0.06834270805120468,113
1375585028.0,1375585060.0,E:\o4a\1375194112\L1_1375583232_1375587328.hdf5,1375583232.0,1375587328.0,L1,O4a,0.08370649069547653,113
1375585092.0,1375585124.0,E:\o4a\1375194112\L1_1375583232_1375587328.hdf5,1375583232.0,1375587328.0,L1,O4a,0.08213509619235992,113
1375585156.0,1375585188.0,E:\o4a\1375194112\L1_1375583232_1375587328.hdf5,1375583232.0,1375587328.0,L1,O4a,0.05697859078645706,113
1375585220.0,1375585252.0,E:\o4a\1375194112\L1_1375583232_1375587328.hdf5,1375583232.0,1375587328.0,L1,O4a,0.0634065642952919,113
1375585284.0,1375585316.0,E:\o4a\1375194112\L1_1375583232_1375587328.hdf5,1375583232.0,1375587328.0,L1,O4a,0.05981457978487015,113
1375585348.0,1375585380.0,E:\o4a\1375194112\L1_1375583232_1375587328.hdf5,1375583232.0,1375587328.0,L1,O4a,0.056146737188100815,113
1375769860.0,1375769892.0,E:\o4a\1375712512\L1_1375769856_1375773952.hdf5,1375769856.0,1375773952.0,L1,O4a,0.05793270841240883,115
1375769924.0,1375769956.0,E:\o4a\1375712512\L1_1375769856_1375773952.hdf5,1375769856.0,1375773952.0,L1,O4a,0.06620998680591583,115
1375769988.0,1375770020.0,E:\o4a\1375712512\L1_1375769856_1375773952.hdf5,1375769856.0,1375773952.0,L1,O4a,0.0649421364068985,115
1375770052.0,1375770084.0,E:\o4a\1375712512\L1_1375769856_1375773952.hdf5,1375769856.0,1375773952.0,L1,O4a,0.0711333304643631,115
1375770116.0,1375770148.0,E:\o4a\1375712512\L1_1375769856_1375773952.hdf5,1375769856.0,1375773952.0,L1,O4a,0.05703379213809967,115
1375770180.0,1375770212.0,E:\o4a\1375712512\L1_1375769856_1375773952.hdf5,1375769856.0,1375773952.0,L1,O4a,0.07036569714546204,115
1375770244.0,1375770276.0,E:\o4a\1375712512\L1_1375769856_1375773952.hdf5,1375769856.0,1375773952.0,L1,O4a,0.057768117636442184,115
1375770308.0,1375770340.0,E:\o4a\1375712512\L1_1375769856_1375773952.hdf5,1375769856.0,1375773952.0,L1,O4a,0.08316507935523987,115
1375770372.0,1375770404.0,E:\o4a\1375712512\L1_1375769856_1375773952.hdf5,1375769856.0,1375773952.0,L1,O4a,0.0682474747300148,115
1375770436.0,1375770468.0,E:\o4a\1375712512\L1_1375769856_1375773952.hdf5,1375769856.0,1375773952.0,L1,O4a,0.07108969986438751,115
1375770500.0,1375770532.0,E:\o4a\1375712512\L1_1375769856_1375773952.hdf5,1375769856.0,1375773952.0,L1,O4a,0.06452865153551102,115
1375770564.0,1375770596.0,E:\o4a\1375712512\L1_1375769856_1375773952.hdf5,1375769856.0,1375773952.0,L1,O4a,0.06685131043195724,115
1375770628.0,1375770660.0,E:\o4a\1375712512\L1_1375769856_1375773952.hdf5,1375769856.0,1375773952.0,L1,O4a,0.06235174462199211,115
1375770692.0,1375770724.0,E:\o4a\1375712512\L1_1375769856_1375773952.hdf5,1375769856.0,1375773952.0,L1,O4a,0.06505154073238373,115
1375770756.0,1375770788.0,E:\o4a\1375712512\L1_1375769856_1375773952.hdf5,1375769856.0,1375773952.0,L1,O4a,0.06398522108793259,115
1375770820.0,1375770852.0,E:\o4a\1375712512\L1_1375769856_1375773952.hdf5,1375769856.0,1375773952.0,L1,O4a,0.05712331831455231,115
1375770884.0,1375770916.0,E:\o4a\1375712512\L1_1375769856_1375773952.hdf5,1375769856.0,1375773952.0,L1,O4a,0.056036025285720825,115
1375844804.0,1375844836.0,E:\o4a\1375712512\L1_1375843584_1375847680.hdf5,1375843584.0,1375847680.0,L1,O4a,0.0644528940320015,116
1375844868.0,1375844900.0,E:\o4a\1375712512\L1_1375843584_1375847680.hdf5,1375843584.0,1375847680.0,L1,O4a,0.05463450029492378,116
1375844932.0,1375844964.0,E:\o4a\1375712512\L1_1375843584_1375847680.hdf5,1375843584.0,1375847680.0,L1,O4a,0.06300641596317291,116
1375844996.0,1375845028.0,E:\o4a\1375712512\L1_1375843584_1375847680.hdf5,1375843584.0,1375847680.0,L1,O4a,0.061704110354185104,116
1375845060.0,1375845092.0,E:\o4a\1375712512\L1_1375843584_1375847680.hdf5,1375843584.0,1375847680.0,L1,O4a,0.055641692131757736,116
1375845124.0,1375845156.0,E:\o4a\1375712512\L1_1375843584_1375847680.hdf5,1375843584.0,1375847680.0,L1,O4a,0.06297896802425385,116
1375845188.0,1375845220.0,E:\o4a\1375712512\L1_1375843584_1375847680.hdf5,1375843584.0,1375847680.0,L1,O4a,0.05945536866784096,116
1375845252.0,1375845284.0,E:\o4a\1375712512\L1_1375843584_1375847680.hdf5,1375843584.0,1375847680.0,L1,O4a,0.060819268226623535,116
1375845316.0,1375845348.0,E:\o4a\1375712512\L1_1375843584_1375847680.hdf5,1375843584.0,1375847680.0,L1,O4a,0.06873763352632523,116
1375845380.0,1375845412.0,E:\o4a\1375712512\L1_1375843584_1375847680.hdf5,1375843584.0,1375847680.0,L1,O4a,0.06138185039162636,116
1375845444.0,1375845476.0,E:\o4a\1375712512\L1_1375843584_1375847680.hdf5,1375843584.0,1375847680.0,L1,O4a,0.05543380603194237,116
1375845508.0,1375845540.0,E:\o4a\1375712512\L1_1375843584_1375847680.hdf5,1375843584.0,1375847680.0,L1,O4a,0.05838469788432121,116
1375845572.0,1375845604.0,E:\o4a\1375712512\L1_1375843584_1375847680.hdf5,1375843584.0,1375847680.0,L1,O4a,0.06154022365808487,116
1375845636.0,1375845668.0,E:\o4a\1375712512\L1_1375843584_1375847680.hdf5,1375843584.0,1375847680.0,L1,O4a,0.05737755447626114,116
1375845700.0,1375845732.0,E:\o4a\1375712512\L1_1375843584_1375847680.hdf5,1375843584.0,1375847680.0,L1,O4a,0.07723167538642883,116
1375845764.0,1375845796.0,E:\o4a\1375712512\L1_1375843584_1375847680.hdf5,1375843584.0,1375847680.0,L1,O4a,0.0580485574901104,116
1375845828.0,1375845860.0,E:\o4a\1375712512\L1_1375843584_1375847680.hdf5,1375843584.0,1375847680.0,L1,O4a,0.059964053332805634,116
1375882628.0,1375882660.0,E:\o4a\1375712512\L1_1375880448_1375884544.hdf5,1375880448.0,1375884544.0,L1,O4a,0.06410487741231918,117
1375882692.0,1375882724.0,E:\o4a\1375712512\L1_1375880448_1375884544.hdf5,1375880448.0,1375884544.0,L1,O4a,0.05816909298300743,117
1375882756.0,1375882788.0,E:\o4a\1375712512\L1_1375880448_1375884544.hdf5,1375880448.0,1375884544.0,L1,O4a,0.0592636801302433,117
1375882820.0,1375882852.0,E:\o4a\1375712512\L1_1375880448_1375884544.hdf5,1375880448.0,1375884544.0,L1,O4a,0.05338696017861366,117
1375882884.0,1375882916.0,E:\o4a\1375712512\L1_1375880448_1375884544.hdf5,1375880448.0,1375884544.0,L1,O4a,0.06031502038240433,117
1375882948.0,1375882980.0,E:\o4a\1375712512\L1_1375880448_1375884544.hdf5,1375880448.0,1375884544.0,L1,O4a,0.4156956970691681,117
1375883012.0,1375883044.0,E:\o4a\1375712512\L1_1375880448_1375884544.hdf5,1375880448.0,1375884544.0,L1,O4a,0.07080139964818954,117
1375883076.0,1375883108.0,E:\o4a\1375712512\L1_1375880448_1375884544.hdf5,1375880448.0,1375884544.0,L1,O4a,0.06310397386550903,117
1375883140.0,1375883172.0,E:\o4a\1375712512\L1_1375880448_1375884544.hdf5,1375880448.0,1375884544.0,L1,O4a,0.05444352701306343,117
1375883204.0,1375883236.0,E:\o4a\1375712512\L1_1375880448_1375884544.hdf5,1375880448.0,1375884544.0,L1,O4a,0.06120792403817177,117
1375883268.0,1375883300.0,E:\o4a\1375712512\L1_1375880448_1375884544.hdf5,1375880448.0,1375884544.0,L1,O4a,0.06688575446605682,117
1375883332.0,1375883364.0,E:\o4a\1375712512\L1_1375880448_1375884544.hdf5,1375880448.0,1375884544.0,L1,O4a,0.07666292041540146,117
1375883396.0,1375883428.0,E:\o4a\1375712512\L1_1375880448_1375884544.hdf5,1375880448.0,1375884544.0,L1,O4a,0.057132117450237274,117
1375883460.0,1375883492.0,E:\o4a\1375712512\L1_1375880448_1375884544.hdf5,1375880448.0,1375884544.0,L1,O4a,0.0525042787194252,117
1375883524.0,1375883556.0,E:\o4a\1375712512\L1_1375880448_1375884544.hdf5,1375880448.0,1375884544.0,L1,O4a,0.0871950015425682,117
1375883588.0,1375883620.0,E:\o4a\1375712512\L1_1375880448_1375884544.hdf5,1375880448.0,1375884544.0,L1,O4a,0.06463651359081268,117
1375883652.0,1375883684.0,E:\o4a\1375712512\L1_1375880448_1375884544.hdf5,1375880448.0,1375884544.0,L1,O4a,0.05516122281551361,117
1375925508.0,1375925540.0,E:\o4a\1375712512\L1_1375925504_1375929600.hdf5,1375925504.0,1375929600.0,L1,O4a,0.06196127086877823,118
1375925572.0,1375925604.0,E:\o4a\1375712512\L1_1375925504_1375929600.hdf5,1375925504.0,1375929600.0,L1,O4a,0.06378001719713211,118
1375925636.0,1375925668.0,E:\o4a\1375712512\L1_1375925504_1375929600.hdf5,1375925504.0,1375929600.0,L1,O4a,0.0569932758808136,118
1375925700.0,1375925732.0,E:\o4a\1375712512\L1_1375925504_1375929600.hdf5,1375925504.0,1375929600.0,L1,O4a,0.07340077310800552,118
1375925764.0,1375925796.0,E:\o4a\1375712512\L1_1375925504_1375929600.hdf5,1375925504.0,1375929600.0,L1,O4a,0.06206763535737991,118
1375925828.0,1375925860.0,E:\o4a\1375712512\L1_1375925504_1375929600.hdf5,1375925504.0,1375929600.0,L1,O4a,0.08614963293075562,118
1375925892.0,1375925924.0,E:\o4a\1375712512\L1_1375925504_1375929600.hdf5,1375925504.0,1375929600.0,L1,O4a,0.08250989019870758,118
1375925956.0,1375925988.0,E:\o4a\1375712512\L1_1375925504_1375929600.hdf5,1375925504.0,1375929600.0,L1,O4a,0.05509278178215027,118
1375926020.0,1375926052.0,E:\o4a\1375712512\L1_1375925504_1375929600.hdf5,1375925504.0,1375929600.0,L1,O4a,0.06695692986249924,118
1375926084.0,1375926116.0,E:\o4a\1375712512\L1_1375925504_1375929600.hdf5,1375925504.0,1375929600.0,L1,O4a,0.07311732321977615,118
1375926148.0,1375926180.0,E:\o4a\1375712512\L1_1375925504_1375929600.hdf5,1375925504.0,1375929600.0,L1,O4a,0.06414128839969635,118
1375926212.0,1375926244.0,E:\o4a\1375712512\L1_1375925504_1375929600.hdf5,1375925504.0,1375929600.0,L1,O4a,0.07900912314653397,118
1375926276.0,1375926308.0,E:\o4a\1375712512\L1_1375925504_1375929600.hdf5,1375925504.0,1375929600.0,L1,O4a,0.06290173530578613,118
1375926340.0,1375926372.0,E:\o4a\1375712512\L1_1375925504_1375929600.hdf5,1375925504.0,1375929600.0,L1,O4a,0.0647951290011406,118
1375926404.0,1375926436.0,E:\o4a\1375712512\L1_1375925504_1375929600.hdf5,1375925504.0,1375929600.0,L1,O4a,0.07489278167486191,118
1375926468.0,1375926500.0,E:\o4a\1375712512\L1_1375925504_1375929600.hdf5,1375925504.0,1375929600.0,L1,O4a,0.07392384111881256,118
1375926532.0,1375926564.0,E:\o4a\1375712512\L1_1375925504_1375929600.hdf5,1375925504.0,1375929600.0,L1,O4a,0.08438766002655029,118
1375979844.0,1375979876.0,E:\o4a\1375712512\L1_1375978752_1375982848.hdf5,1375978752.0,1375982848.0,L1,O4a,0.057368144392967224,119
1375979908.0,1375979940.0,E:\o4a\1375712512\L1_1375978752_1375982848.hdf5,1375978752.0,1375982848.0,L1,O4a,0.05475383624434471,119
1375979972.0,1375980004.0,E:\o4a\1375712512\L1_1375978752_1375982848.hdf5,1375978752.0,1375982848.0,L1,O4a,0.07286979258060455,119
1375980036.0,1375980068.0,E:\o4a\1375712512\L1_1375978752_1375982848.hdf5,1375978752.0,1375982848.0,L1,O4a,0.05349266901612282,119
1375980100.0,1375980132.0,E:\o4a\1375712512\L1_1375978752_1375982848.hdf5,1375978752.0,1375982848.0,L1,O4a,0.06331684440374374,119
1375980164.0,1375980196.0,E:\o4a\1375712512\L1_1375978752_1375982848.hdf5,1375978752.0,1375982848.0,L1,O4a,0.06328344345092773,119
1375980228.0,1375980260.0,E:\o4a\1375712512\L1_1375978752_1375982848.hdf5,1375978752.0,1375982848.0,L1,O4a,0.06361477077007294,119
1375980292.0,1375980324.0,E:\o4a\1375712512\L1_1375978752_1375982848.hdf5,1375978752.0,1375982848.0,L1,O4a,0.06324172765016556,119
1375980356.0,1375980388.0,E:\o4a\1375712512\L1_1375978752_1375982848.hdf5,1375978752.0,1375982848.0,L1,O4a,0.060594432055950165,119
1375980420.0,1375980452.0,E:\o4a\1375712512\L1_1375978752_1375982848.hdf5,1375978752.0,1375982848.0,L1,O4a,0.06079457700252533,119
1375980484.0,1375980516.0,E:\o4a\1375712512\L1_1375978752_1375982848.hdf5,1375978752.0,1375982848.0,L1,O4a,0.05427161976695061,119
1375980548.0,1375980580.0,E:\o4a\1375712512\L1_1375978752_1375982848.hdf5,1375978752.0,1375982848.0,L1,O4a,0.06556425243616104,119
1375980612.0,1375980644.0,E:\o4a\1375712512\L1_1375978752_1375982848.hdf5,1375978752.0,1375982848.0,L1,O4a,0.06495063006877899,119
1375980676.0,1375980708.0,E:\o4a\1375712512\L1_1375978752_1375982848.hdf5,1375978752.0,1375982848.0,L1,O4a,0.06470723450183868,119
1375980740.0,1375980772.0,E:\o4a\1375712512\L1_1375978752_1375982848.hdf5,1375978752.0,1375982848.0,L1,O4a,0.05997486785054207,119
1375980804.0,1375980836.0,E:\o4a\1375712512\L1_1375978752_1375982848.hdf5,1375978752.0,1375982848.0,L1,O4a,0.06652966886758804,119
1375980868.0,1375980900.0,E:\o4a\1375712512\L1_1375978752_1375982848.hdf5,1375978752.0,1375982848.0,L1,O4a,0.05885288864374161,119
1376024388.0,1376024420.0,E:\o4a\1375712512\L1_1376023808_1376027904.hdf5,1376023808.0,1376027904.0,L1,O4a,0.057023730129003525,120
1376024452.0,1376024484.0,E:\o4a\1375712512\L1_1376023808_1376027904.hdf5,1376023808.0,1376027904.0,L1,O4a,0.05746159330010414,120
1376024516.0,1376024548.0,E:\o4a\1375712512\L1_1376023808_1376027904.hdf5,1376023808.0,1376027904.0,L1,O4a,0.05925026908516884,120
1376024580.0,1376024612.0,E:\o4a\1375712512\L1_1376023808_1376027904.hdf5,1376023808.0,1376027904.0,L1,O4a,0.0808342918753624,120
1376024644.0,1376024676.0,E:\o4a\1375712512\L1_1376023808_1376027904.hdf5,1376023808.0,1376027904.0,L1,O4a,0.06414715945720673,120
1376024708.0,1376024740.0,E:\o4a\1375712512\L1_1376023808_1376027904.hdf5,1376023808.0,1376027904.0,L1,O4a,0.05575164780020714,120
1376024772.0,1376024804.0,E:\o4a\1375712512\L1_1376023808_1376027904.hdf5,1376023808.0,1376027904.0,L1,O4a,0.06131858006119728,120
1376024836.0,1376024868.0,E:\o4a\1375712512\L1_1376023808_1376027904.hdf5,1376023808.0,1376027904.0,L1,O4a,0.05805700644850731,120
1376024900.0,1376024932.0,E:\o4a\1375712512\L1_1376023808_1376027904.hdf5,1376023808.0,1376027904.0,L1,O4a,0.08216594159603119,120
1376024964.0,1376024996.0,E:\o4a\1375712512\L1_1376023808_1376027904.hdf5,1376023808.0,1376027904.0,L1,O4a,0.06078065186738968,120
1376025028.0,1376025060.0,E:\o4a\1375712512\L1_1376023808_1376027904.hdf5,1376023808.0,1376027904.0,L1,O4a,0.05604953318834305,120
1376025092.0,1376025124.0,E:\o4a\1375712512\L1_1376023808_1376027904.hdf5,1376023808.0,1376027904.0,L1,O4a,0.058795902878046036,120
1376025156.0,1376025188.0,E:\o4a\1375712512\L1_1376023808_1376027904.hdf5,1376023808.0,1376027904.0,L1,O4a,0.053306944668293,120
1376025220.0,1376025252.0,E:\o4a\1375712512\L1_1376023808_1376027904.hdf5,1376023808.0,1376027904.0,L1,O4a,0.07212092727422714,120
1376025284.0,1376025316.0,E:\o4a\1375712512\L1_1376023808_1376027904.hdf5,1376023808.0,1376027904.0,L1,O4a,0.06367254257202148,120
1376025348.0,1376025380.0,E:\o4a\1375712512\L1_1376023808_1376027904.hdf5,1376023808.0,1376027904.0,L1,O4a,0.06837481260299683,120
1376025412.0,1376025444.0,E:\o4a\1375712512\L1_1376023808_1376027904.hdf5,1376023808.0,1376027904.0,L1,O4a,0.06828249245882034,120
1376099780.0,1376099812.0,E:\o4a\1375712512\L1_1376097536_1376101632.hdf5,1376097536.0,1376101632.0,L1,O4a,0.06326495856046677,121
1376099844.0,1376099876.0,E:\o4a\1375712512\L1_1376097536_1376101632.hdf5,1376097536.0,1376101632.0,L1,O4a,0.0596962533891201,121
1376099908.0,1376099940.0,E:\o4a\1375712512\L1_1376097536_1376101632.hdf5,1376097536.0,1376101632.0,L1,O4a,0.06492456048727036,121
1376099972.0,1376100004.0,E:\o4a\1375712512\L1_1376097536_1376101632.hdf5,1376097536.0,1376101632.0,L1,O4a,0.05873764306306839,121
1376100036.0,1376100068.0,E:\o4a\1375712512\L1_1376097536_1376101632.hdf5,1376097536.0,1376101632.0,L1,O4a,0.06752730906009674,121
1376100100.0,1376100132.0,E:\o4a\1375712512\L1_1376097536_1376101632.hdf5,1376097536.0,1376101632.0,L1,O4a,0.059073422104120255,121
1376100164.0,1376100196.0,E:\o4a\1375712512\L1_1376097536_1376101632.hdf5,1376097536.0,1376101632.0,L1,O4a,0.06429523974657059,121
1376100228.0,1376100260.0,E:\o4a\1375712512\L1_1376097536_1376101632.hdf5,1376097536.0,1376101632.0,L1,O4a,0.0654466301202774,121
1376100292.0,1376100324.0,E:\o4a\1375712512\L1_1376097536_1376101632.hdf5,1376097536.0,1376101632.0,L1,O4a,0.06559041887521744,121
1376100356.0,1376100388.0,E:\o4a\1375712512\L1_1376097536_1376101632.hdf5,1376097536.0,1376101632.0,L1,O4a,0.05899158492684364,121
1376100420.0,1376100452.0,E:\o4a\1375712512\L1_1376097536_1376101632.hdf5,1376097536.0,1376101632.0,L1,O4a,0.05443669110536575,121
1376100484.0,1376100516.0,E:\o4a\1375712512\L1_1376097536_1376101632.hdf5,1376097536.0,1376101632.0,L1,O4a,0.05758274719119072,121
1376100548.0,1376100580.0,E:\o4a\1375712512\L1_1376097536_1376101632.hdf5,1376097536.0,1376101632.0,L1,O4a,0.0641665831208229,121
1376100612.0,1376100644.0,E:\o4a\1375712512\L1_1376097536_1376101632.hdf5,1376097536.0,1376101632.0,L1,O4a,0.05919080600142479,121
1376100676.0,1376100708.0,E:\o4a\1375712512\L1_1376097536_1376101632.hdf5,1376097536.0,1376101632.0,L1,O4a,0.057601314038038254,121
1376100740.0,1376100772.0,E:\o4a\1375712512\L1_1376097536_1376101632.hdf5,1376097536.0,1376101632.0,L1,O4a,0.06003088131546974,121
1376100804.0,1376100836.0,E:\o4a\1375712512\L1_1376097536_1376101632.hdf5,1376097536.0,1376101632.0,L1,O4a,0.06251116096973419,121
1376175492.0,1376175524.0,E:\o4a\1375712512\L1_1376175360_1376179456.hdf5,1376175360.0,1376179456.0,L1,O4a,0.05223309248685837,122
1376175556.0,1376175588.0,E:\o4a\1375712512\L1_1376175360_1376179456.hdf5,1376175360.0,1376179456.0,L1,O4a,0.05963391438126564,122
1376175620.0,1376175652.0,E:\o4a\1375712512\L1_1376175360_1376179456.hdf5,1376175360.0,1376179456.0,L1,O4a,0.059517621994018555,122
1376175684.0,1376175716.0,E:\o4a\1375712512\L1_1376175360_1376179456.hdf5,1376175360.0,1376179456.0,L1,O4a,0.07347825169563293,122
1376175748.0,1376175780.0,E:\o4a\1375712512\L1_1376175360_1376179456.hdf5,1376175360.0,1376179456.0,L1,O4a,0.06699126958847046,122
1376175812.0,1376175844.0,E:\o4a\1375712512\L1_1376175360_1376179456.hdf5,1376175360.0,1376179456.0,L1,O4a,0.07314569503068924,122
1376175876.0,1376175908.0,E:\o4a\1375712512\L1_1376175360_1376179456.hdf5,1376175360.0,1376179456.0,L1,O4a,0.08991377800703049,122
1376175940.0,1376175972.0,E:\o4a\1375712512\L1_1376175360_1376179456.hdf5,1376175360.0,1376179456.0,L1,O4a,0.10083848237991333,122
1376176004.0,1376176036.0,E:\o4a\1375712512\L1_1376175360_1376179456.hdf5,1376175360.0,1376179456.0,L1,O4a,0.11990701407194138,122
1376176068.0,1376176100.0,E:\o4a\1375712512\L1_1376175360_1376179456.hdf5,1376175360.0,1376179456.0,L1,O4a,0.06036708131432533,122
1376176132.0,1376176164.0,E:\o4a\1375712512\L1_1376175360_1376179456.hdf5,1376175360.0,1376179456.0,L1,O4a,0.405561625957489,122
1376176196.0,1376176228.0,E:\o4a\1375712512\L1_1376175360_1376179456.hdf5,1376175360.0,1376179456.0,L1,O4a,0.08930734544992447,122
1376176260.0,1376176292.0,E:\o4a\1375712512\L1_1376175360_1376179456.hdf5,1376175360.0,1376179456.0,L1,O4a,0.0660388171672821,122
1376176324.0,1376176356.0,E:\o4a\1375712512\L1_1376175360_1376179456.hdf5,1376175360.0,1376179456.0,L1,O4a,0.059855230152606964,122
1376176388.0,1376176420.0,E:\o4a\1375712512\L1_1376175360_1376179456.hdf5,1376175360.0,1376179456.0,L1,O4a,0.05963655188679695,122
1376176452.0,1376176484.0,E:\o4a\1375712512\L1_1376175360_1376179456.hdf5,1376175360.0,1376179456.0,L1,O4a,0.066022127866745,122
1376176516.0,1376176548.0,E:\o4a\1375712512\L1_1376175360_1376179456.hdf5,1376175360.0,1376179456.0,L1,O4a,0.06634363532066345,122
1376282244.0,1376282276.0,E:\o4a\1376230912\L1_1376280064_1376284160.hdf5,1376280064.0,1376284160.0,L1,O4a,0.06436648964881897,124
1376282308.0,1376282340.0,E:\o4a\1376230912\L1_1376280064_1376284160.hdf5,1376280064.0,1376284160.0,L1,O4a,0.077525794506073,124
1376282372.0,1376282404.0,E:\o4a\1376230912\L1_1376280064_1376284160.hdf5,1376280064.0,1376284160.0,L1,O4a,0.05891771987080574,124
1376282436.0,1376282468.0,E:\o4a\1376230912\L1_1376280064_1376284160.hdf5,1376280064.0,1376284160.0,L1,O4a,0.05796479061245918,124
1376282500.0,1376282532.0,E:\o4a\1376230912\L1_1376280064_1376284160.hdf5,1376280064.0,1376284160.0,L1,O4a,0.06106141209602356,124
1376282564.0,1376282596.0,E:\o4a\1376230912\L1_1376280064_1376284160.hdf5,1376280064.0,1376284160.0,L1,O4a,0.06311193108558655,124
1376282628.0,1376282660.0,E:\o4a\1376230912\L1_1376280064_1376284160.hdf5,1376280064.0,1376284160.0,L1,O4a,0.06889510154724121,124
1376282692.0,1376282724.0,E:\o4a\1376230912\L1_1376280064_1376284160.hdf5,1376280064.0,1376284160.0,L1,O4a,0.06963678449392319,124
1376282756.0,1376282788.0,E:\o4a\1376230912\L1_1376280064_1376284160.hdf5,1376280064.0,1376284160.0,L1,O4a,0.06645839661359787,124
1376282820.0,1376282852.0,E:\o4a\1376230912\L1_1376280064_1376284160.hdf5,1376280064.0,1376284160.0,L1,O4a,0.06653566658496857,124
1376282884.0,1376282916.0,E:\o4a\1376230912\L1_1376280064_1376284160.hdf5,1376280064.0,1376284160.0,L1,O4a,0.05983676016330719,124
1376282948.0,1376282980.0,E:\o4a\1376230912\L1_1376280064_1376284160.hdf5,1376280064.0,1376284160.0,L1,O4a,0.055801503360271454,124
1376283012.0,1376283044.0,E:\o4a\1376230912\L1_1376280064_1376284160.hdf5,1376280064.0,1376284160.0,L1,O4a,0.07946646213531494,124
1376283076.0,1376283108.0,E:\o4a\1376230912\L1_1376280064_1376284160.hdf5,1376280064.0,1376284160.0,L1,O4a,0.06327623873949051,124
1376283140.0,1376283172.0,E:\o4a\1376230912\L1_1376280064_1376284160.hdf5,1376280064.0,1376284160.0,L1,O4a,0.0765523910522461,124
1376283204.0,1376283236.0,E:\o4a\1376230912\L1_1376280064_1376284160.hdf5,1376280064.0,1376284160.0,L1,O4a,0.08746963739395142,124
1376283268.0,1376283300.0,E:\o4a\1376230912\L1_1376280064_1376284160.hdf5,1376280064.0,1376284160.0,L1,O4a,0.056767530739307404,124
1376321028.0,1376321060.0,E:\o4a\1376230912\L1_1376321024_1376325120.hdf5,1376321024.0,1376325120.0,L1,O4a,0.07024485617876053,125
1376321092.0,1376321124.0,E:\o4a\1376230912\L1_1376321024_1376325120.hdf5,1376321024.0,1376325120.0,L1,O4a,0.06105998158454895,125
1376321156.0,1376321188.0,E:\o4a\1376230912\L1_1376321024_1376325120.hdf5,1376321024.0,1376325120.0,L1,O4a,0.059903692454099655,125
1376321220.0,1376321252.0,E:\o4a\1376230912\L1_1376321024_1376325120.hdf5,1376321024.0,1376325120.0,L1,O4a,0.06026621535420418,125
1376321284.0,1376321316.0,E:\o4a\1376230912\L1_1376321024_1376325120.hdf5,1376321024.0,1376325120.0,L1,O4a,0.08145566284656525,125
1376321348.0,1376321380.0,E:\o4a\1376230912\L1_1376321024_1376325120.hdf5,1376321024.0,1376325120.0,L1,O4a,0.06185704842209816,125
1376321412.0,1376321444.0,E:\o4a\1376230912\L1_1376321024_1376325120.hdf5,1376321024.0,1376325120.0,L1,O4a,0.07146116346120834,125
1376321476.0,1376321508.0,E:\o4a\1376230912\L1_1376321024_1376325120.hdf5,1376321024.0,1376325120.0,L1,O4a,0.060757819563150406,125
1376321540.0,1376321572.0,E:\o4a\1376230912\L1_1376321024_1376325120.hdf5,1376321024.0,1376325120.0,L1,O4a,0.07018111646175385,125
1376321604.0,1376321636.0,E:\o4a\1376230912\L1_1376321024_1376325120.hdf5,1376321024.0,1376325120.0,L1,O4a,0.08201522380113602,125
1376321668.0,1376321700.0,E:\o4a\1376230912\L1_1376321024_1376325120.hdf5,1376321024.0,1376325120.0,L1,O4a,0.11869920045137405,125
1376321732.0,1376321764.0,E:\o4a\1376230912\L1_1376321024_1376325120.hdf5,1376321024.0,1376325120.0,L1,O4a,0.06435973942279816,125
1376321796.0,1376321828.0,E:\o4a\1376230912\L1_1376321024_1376325120.hdf5,1376321024.0,1376325120.0,L1,O4a,0.06005260720849037,125
1376321860.0,1376321892.0,E:\o4a\1376230912\L1_1376321024_1376325120.hdf5,1376321024.0,1376325120.0,L1,O4a,0.09271961450576782,125
1376321924.0,1376321956.0,E:\o4a\1376230912\L1_1376321024_1376325120.hdf5,1376321024.0,1376325120.0,L1,O4a,0.0549774132668972,125
1376321988.0,1376322020.0,E:\o4a\1376230912\L1_1376321024_1376325120.hdf5,1376321024.0,1376325120.0,L1,O4a,0.05940895900130272,125
1376322052.0,1376322084.0,E:\o4a\1376230912\L1_1376321024_1376325120.hdf5,1376321024.0,1376325120.0,L1,O4a,0.08651665598154068,125
1376380292.0,1376380324.0,E:\o4a\1376230912\L1_1376378368_1376382464.hdf5,1376378368.0,1376382464.0,L1,O4a,0.05701356381177902,126
1376380356.0,1376380388.0,E:\o4a\1376230912\L1_1376378368_1376382464.hdf5,1376378368.0,1376382464.0,L1,O4a,0.06771433353424072,126
1376380420.0,1376380452.0,E:\o4a\1376230912\L1_1376378368_1376382464.hdf5,1376378368.0,1376382464.0,L1,O4a,0.06554847955703735,126
1376380484.0,1376380516.0,E:\o4a\1376230912\L1_1376378368_1376382464.hdf5,1376378368.0,1376382464.0,L1,O4a,0.05663951858878136,126
1376380548.0,1376380580.0,E:\o4a\1376230912\L1_1376378368_1376382464.hdf5,1376378368.0,1376382464.0,L1,O4a,0.07084621489048004,126
1376380612.0,1376380644.0,E:\o4a\1376230912\L1_1376378368_1376382464.hdf5,1376378368.0,1376382464.0,L1,O4a,0.05755729228258133,126
1376380676.0,1376380708.0,E:\o4a\1376230912\L1_1376378368_1376382464.hdf5,1376378368.0,1376382464.0,L1,O4a,0.05731087550520897,126
1376380740.0,1376380772.0,E:\o4a\1376230912\L1_1376378368_1376382464.hdf5,1376378368.0,1376382464.0,L1,O4a,0.07817098498344421,126
1376380804.0,1376380836.0,E:\o4a\1376230912\L1_1376378368_1376382464.hdf5,1376378368.0,1376382464.0,L1,O4a,0.05568096414208412,126
1376380868.0,1376380900.0,E:\o4a\1376230912\L1_1376378368_1376382464.hdf5,1376378368.0,1376382464.0,L1,O4a,0.05889323726296425,126
1376380932.0,1376380964.0,E:\o4a\1376230912\L1_1376378368_1376382464.hdf5,1376378368.0,1376382464.0,L1,O4a,0.059088777750730515,126
1376380996.0,1376381028.0,E:\o4a\1376230912\L1_1376378368_1376382464.hdf5,1376378368.0,1376382464.0,L1,O4a,0.07834956794977188,126
1376381060.0,1376381092.0,E:\o4a\1376230912\L1_1376378368_1376382464.hdf5,1376378368.0,1376382464.0,L1,O4a,0.06364913284778595,126
1376381124.0,1376381156.0,E:\o4a\1376230912\L1_1376378368_1376382464.hdf5,1376378368.0,1376382464.0,L1,O4a,0.059238433837890625,126
1376381188.0,1376381220.0,E:\o4a\1376230912\L1_1376378368_1376382464.hdf5,1376378368.0,1376382464.0,L1,O4a,0.06167902797460556,126
1376381252.0,1376381284.0,E:\o4a\1376230912\L1_1376378368_1376382464.hdf5,1376378368.0,1376382464.0,L1,O4a,0.06246444955468178,126
1376381316.0,1376381348.0,E:\o4a\1376230912\L1_1376378368_1376382464.hdf5,1376378368.0,1376382464.0,L1,O4a,0.05798916146159172,126
1376418180.0,1376418212.0,E:\o4a\1376230912\L1_1376415232_1376419328.hdf5,1376415232.0,1376419328.0,L1,O4a,0.06932885944843292,127
1376418244.0,1376418276.0,E:\o4a\1376230912\L1_1376415232_1376419328.hdf5,1376415232.0,1376419328.0,L1,O4a,0.059454355388879776,127
1376418308.0,1376418340.0,E:\o4a\1376230912\L1_1376415232_1376419328.hdf5,1376415232.0,1376419328.0,L1,O4a,0.062464553862810135,127
1376418372.0,1376418404.0,E:\o4a\1376230912\L1_1376415232_1376419328.hdf5,1376415232.0,1376419328.0,L1,O4a,0.08113966137170792,127
1376418436.0,1376418468.0,E:\o4a\1376230912\L1_1376415232_1376419328.hdf5,1376415232.0,1376419328.0,L1,O4a,0.09323668479919434,127
1376418500.0,1376418532.0,E:\o4a\1376230912\L1_1376415232_1376419328.hdf5,1376415232.0,1376419328.0,L1,O4a,0.07143604010343552,127
1376418564.0,1376418596.0,E:\o4a\1376230912\L1_1376415232_1376419328.hdf5,1376415232.0,1376419328.0,L1,O4a,0.06226031854748726,127
1376418628.0,1376418660.0,E:\o4a\1376230912\L1_1376415232_1376419328.hdf5,1376415232.0,1376419328.0,L1,O4a,0.21817432343959808,127
1376418692.0,1376418724.0,E:\o4a\1376230912\L1_1376415232_1376419328.hdf5,1376415232.0,1376419328.0,L1,O4a,0.0580190010368824,127
1376418756.0,1376418788.0,E:\o4a\1376230912\L1_1376415232_1376419328.hdf5,1376415232.0,1376419328.0,L1,O4a,0.058642320334911346,127
1376418820.0,1376418852.0,E:\o4a\1376230912\L1_1376415232_1376419328.hdf5,1376415232.0,1376419328.0,L1,O4a,0.0651397705078125,127
1376418884.0,1376418916.0,E:\o4a\1376230912\L1_1376415232_1376419328.hdf5,1376415232.0,1376419328.0,L1,O4a,0.06728588789701462,127
1376418948.0,1376418980.0,E:\o4a\1376230912\L1_1376415232_1376419328.hdf5,1376415232.0,1376419328.0,L1,O4a,0.059462014585733414,127
1376419012.0,1376419044.0,E:\o4a\1376230912\L1_1376415232_1376419328.hdf5,1376415232.0,1376419328.0,L1,O4a,0.07551948726177216,127
1376419076.0,1376419108.0,E:\o4a\1376230912\L1_1376415232_1376419328.hdf5,1376415232.0,1376419328.0,L1,O4a,0.058518555015325546,127
1376419140.0,1376419172.0,E:\o4a\1376230912\L1_1376415232_1376419328.hdf5,1376415232.0,1376419328.0,L1,O4a,0.05007138103246689,127
1376419204.0,1376419236.0,E:\o4a\1376230912\L1_1376415232_1376419328.hdf5,1376415232.0,1376419328.0,L1,O4a,0.06993932276964188,127
1376461380.0,1376461412.0,E:\o4a\1376230912\L1_1376460288_1376464384.hdf5,1376460288.0,1376464384.0,L1,O4a,0.060726914554834366,128
1376461444.0,1376461476.0,E:\o4a\1376230912\L1_1376460288_1376464384.hdf5,1376460288.0,1376464384.0,L1,O4a,0.05244748294353485,128
1376461508.0,1376461540.0,E:\o4a\1376230912\L1_1376460288_1376464384.hdf5,1376460288.0,1376464384.0,L1,O4a,0.05656452476978302,128
1376461572.0,1376461604.0,E:\o4a\1376230912\L1_1376460288_1376464384.hdf5,1376460288.0,1376464384.0,L1,O4a,0.05573205649852753,128
1376461636.0,1376461668.0,E:\o4a\1376230912\L1_1376460288_1376464384.hdf5,1376460288.0,1376464384.0,L1,O4a,0.053880129009485245,128
1376461700.0,1376461732.0,E:\o4a\1376230912\L1_1376460288_1376464384.hdf5,1376460288.0,1376464384.0,L1,O4a,0.05903584137558937,128
1376461764.0,1376461796.0,E:\o4a\1376230912\L1_1376460288_1376464384.hdf5,1376460288.0,1376464384.0,L1,O4a,0.05562443658709526,128
1376461828.0,1376461860.0,E:\o4a\1376230912\L1_1376460288_1376464384.hdf5,1376460288.0,1376464384.0,L1,O4a,0.05859576538205147,128
1376461892.0,1376461924.0,E:\o4a\1376230912\L1_1376460288_1376464384.hdf5,1376460288.0,1376464384.0,L1,O4a,0.05693845823407173,128
1376461956.0,1376461988.0,E:\o4a\1376230912\L1_1376460288_1376464384.hdf5,1376460288.0,1376464384.0,L1,O4a,0.07829442620277405,128
1376462020.0,1376462052.0,E:\o4a\1376230912\L1_1376460288_1376464384.hdf5,1376460288.0,1376464384.0,L1,O4a,0.06697329133749008,128
1376462084.0,1376462116.0,E:\o4a\1376230912\L1_1376460288_1376464384.hdf5,1376460288.0,1376464384.0,L1,O4a,0.06206044182181358,128
1376462148.0,1376462180.0,E:\o4a\1376230912\L1_1376460288_1376464384.hdf5,1376460288.0,1376464384.0,L1,O4a,0.05968032032251358,128
1376462212.0,1376462244.0,E:\o4a\1376230912\L1_1376460288_1376464384.hdf5,1376460288.0,1376464384.0,L1,O4a,0.06349626928567886,128
1376462276.0,1376462308.0,E:\o4a\1376230912\L1_1376460288_1376464384.hdf5,1376460288.0,1376464384.0,L1,O4a,0.056228648871183395,128
1376462340.0,1376462372.0,E:\o4a\1376230912\L1_1376460288_1376464384.hdf5,1376460288.0,1376464384.0,L1,O4a,0.06100796163082123,128
1376462404.0,1376462436.0,E:\o4a\1376230912\L1_1376460288_1376464384.hdf5,1376460288.0,1376464384.0,L1,O4a,0.0744234248995781,128
1376577156.0,1376577188.0,E:\o4a\1376230912\L1_1376574976_1376579072.hdf5,1376574976.0,1376579072.0,L1,O4a,0.05701202526688576,130
1376577220.0,1376577252.0,E:\o4a\1376230912\L1_1376574976_1376579072.hdf5,1376574976.0,1376579072.0,L1,O4a,0.08140738308429718,130
1376577284.0,1376577316.0,E:\o4a\1376230912\L1_1376574976_1376579072.hdf5,1376574976.0,1376579072.0,L1,O4a,0.06022616848349571,130
1376577348.0,1376577380.0,E:\o4a\1376230912\L1_1376574976_1376579072.hdf5,1376574976.0,1376579072.0,L1,O4a,0.057794976979494095,130
1376577412.0,1376577444.0,E:\o4a\1376230912\L1_1376574976_1376579072.hdf5,1376574976.0,1376579072.0,L1,O4a,0.06058705598115921,130
1376577476.0,1376577508.0,E:\o4a\1376230912\L1_1376574976_1376579072.hdf5,1376574976.0,1376579072.0,L1,O4a,0.06307223439216614,130
1376577540.0,1376577572.0,E:\o4a\1376230912\L1_1376574976_1376579072.hdf5,1376574976.0,1376579072.0,L1,O4a,0.06981164962053299,130
1376577604.0,1376577636.0,E:\o4a\1376230912\L1_1376574976_1376579072.hdf5,1376574976.0,1376579072.0,L1,O4a,0.05327710881829262,130
1376577668.0,1376577700.0,E:\o4a\1376230912\L1_1376574976_1376579072.hdf5,1376574976.0,1376579072.0,L1,O4a,0.052426792681217194,130
1376577732.0,1376577764.0,E:\o4a\1376230912\L1_1376574976_1376579072.hdf5,1376574976.0,1376579072.0,L1,O4a,0.05642359331250191,130
1376577796.0,1376577828.0,E:\o4a\1376230912\L1_1376574976_1376579072.hdf5,1376574976.0,1376579072.0,L1,O4a,0.05454040318727493,130
1376577860.0,1376577892.0,E:\o4a\1376230912\L1_1376574976_1376579072.hdf5,1376574976.0,1376579072.0,L1,O4a,0.065721794962883,130
1376577924.0,1376577956.0,E:\o4a\1376230912\L1_1376574976_1376579072.hdf5,1376574976.0,1376579072.0,L1,O4a,0.05255608260631561,130
1376577988.0,1376578020.0,E:\o4a\1376230912\L1_1376574976_1376579072.hdf5,1376574976.0,1376579072.0,L1,O4a,0.05503347888588905,130
1376578052.0,1376578084.0,E:\o4a\1376230912\L1_1376574976_1376579072.hdf5,1376574976.0,1376579072.0,L1,O4a,0.05914853513240814,130
1376578116.0,1376578148.0,E:\o4a\1376230912\L1_1376574976_1376579072.hdf5,1376574976.0,1376579072.0,L1,O4a,0.06283576041460037,130
1376578180.0,1376578212.0,E:\o4a\1376230912\L1_1376574976_1376579072.hdf5,1376574976.0,1376579072.0,L1,O4a,0.06318206340074539,130
1376624132.0,1376624164.0,E:\o4a\1376230912\L1_1376624128_1376628224.hdf5,1376624128.0,1376628224.0,L1,O4a,0.06037500500679016,131
1376624196.0,1376624228.0,E:\o4a\1376230912\L1_1376624128_1376628224.hdf5,1376624128.0,1376628224.0,L1,O4a,0.06242792680859566,131
1376624260.0,1376624292.0,E:\o4a\1376230912\L1_1376624128_1376628224.hdf5,1376624128.0,1376628224.0,L1,O4a,0.060035061091184616,131
1376624324.0,1376624356.0,E:\o4a\1376230912\L1_1376624128_1376628224.hdf5,1376624128.0,1376628224.0,L1,O4a,0.0855707973241806,131
1376624388.0,1376624420.0,E:\o4a\1376230912\L1_1376624128_1376628224.hdf5,1376624128.0,1376628224.0,L1,O4a,0.06085537374019623,131
1376624452.0,1376624484.0,E:\o4a\1376230912\L1_1376624128_1376628224.hdf5,1376624128.0,1376628224.0,L1,O4a,0.06596294790506363,131
1376624516.0,1376624548.0,E:\o4a\1376230912\L1_1376624128_1376628224.hdf5,1376624128.0,1376628224.0,L1,O4a,0.07090744376182556,131
1376624580.0,1376624612.0,E:\o4a\1376230912\L1_1376624128_1376628224.hdf5,1376624128.0,1376628224.0,L1,O4a,0.06732716411352158,131
1376624644.0,1376624676.0,E:\o4a\1376230912\L1_1376624128_1376628224.hdf5,1376624128.0,1376628224.0,L1,O4a,0.14338435232639313,131
1376624708.0,1376624740.0,E:\o4a\1376230912\L1_1376624128_1376628224.hdf5,1376624128.0,1376628224.0,L1,O4a,0.06394706666469574,131
1376624772.0,1376624804.0,E:\o4a\1376230912\L1_1376624128_1376628224.hdf5,1376624128.0,1376628224.0,L1,O4a,0.059343963861465454,131
1376624836.0,1376624868.0,E:\o4a\1376230912\L1_1376624128_1376628224.hdf5,1376624128.0,1376628224.0,L1,O4a,0.061090461909770966,131
1376624900.0,1376624932.0,E:\o4a\1376230912\L1_1376624128_1376628224.hdf5,1376624128.0,1376628224.0,L1,O4a,0.05649790167808533,131
1376624964.0,1376624996.0,E:\o4a\1376230912\L1_1376624128_1376628224.hdf5,1376624128.0,1376628224.0,L1,O4a,0.05553111806511879,131
1376625028.0,1376625060.0,E:\o4a\1376230912\L1_1376624128_1376628224.hdf5,1376624128.0,1376628224.0,L1,O4a,0.0596463680267334,131
1376625092.0,1376625124.0,E:\o4a\1376230912\L1_1376624128_1376628224.hdf5,1376624128.0,1376628224.0,L1,O4a,0.06923177093267441,131
1376625156.0,1376625188.0,E:\o4a\1376230912\L1_1376624128_1376628224.hdf5,1376624128.0,1376628224.0,L1,O4a,0.060607049614191055,131
1376671364.0,1376671396.0,E:\o4a\1376230912\L1_1376669184_1376673280.hdf5,1376669184.0,1376673280.0,L1,O4a,0.1254906803369522,132
1376671428.0,1376671460.0,E:\o4a\1376230912\L1_1376669184_1376673280.hdf5,1376669184.0,1376673280.0,L1,O4a,0.05609942227602005,132
1376671492.0,1376671524.0,E:\o4a\1376230912\L1_1376669184_1376673280.hdf5,1376669184.0,1376673280.0,L1,O4a,0.06366080790758133,132
1376671556.0,1376671588.0,E:\o4a\1376230912\L1_1376669184_1376673280.hdf5,1376669184.0,1376673280.0,L1,O4a,0.08020526170730591,132
1376671620.0,1376671652.0,E:\o4a\1376230912\L1_1376669184_1376673280.hdf5,1376669184.0,1376673280.0,L1,O4a,0.05675854533910751,132
1376671684.0,1376671716.0,E:\o4a\1376230912\L1_1376669184_1376673280.hdf5,1376669184.0,1376673280.0,L1,O4a,0.06295909732580185,132
1376671748.0,1376671780.0,E:\o4a\1376230912\L1_1376669184_1376673280.hdf5,1376669184.0,1376673280.0,L1,O4a,0.06097522750496864,132
1376671812.0,1376671844.0,E:\o4a\1376230912\L1_1376669184_1376673280.hdf5,1376669184.0,1376673280.0,L1,O4a,0.0661637932062149,132
1376671876.0,1376671908.0,E:\o4a\1376230912\L1_1376669184_1376673280.hdf5,1376669184.0,1376673280.0,L1,O4a,0.05820147693157196,132
1376671940.0,1376671972.0,E:\o4a\1376230912\L1_1376669184_1376673280.hdf5,1376669184.0,1376673280.0,L1,O4a,0.09877309948205948,132
1376672004.0,1376672036.0,E:\o4a\1376230912\L1_1376669184_1376673280.hdf5,1376669184.0,1376673280.0,L1,O4a,0.05590536445379257,132
1376672068.0,1376672100.0,E:\o4a\1376230912\L1_1376669184_1376673280.hdf5,1376669184.0,1376673280.0,L1,O4a,0.0829046443104744,132
1376672132.0,1376672164.0,E:\o4a\1376230912\L1_1376669184_1376673280.hdf5,1376669184.0,1376673280.0,L1,O4a,0.06667513400316238,132
1376672196.0,1376672228.0,E:\o4a\1376230912\L1_1376669184_1376673280.hdf5,1376669184.0,1376673280.0,L1,O4a,0.058733344078063965,132
1376672260.0,1376672292.0,E:\o4a\1376230912\L1_1376669184_1376673280.hdf5,1376669184.0,1376673280.0,L1,O4a,0.05706464871764183,132
1376672324.0,1376672356.0,E:\o4a\1376230912\L1_1376669184_1376673280.hdf5,1376669184.0,1376673280.0,L1,O4a,0.06238913536071777,132
1376672388.0,1376672420.0,E:\o4a\1376230912\L1_1376669184_1376673280.hdf5,1376669184.0,1376673280.0,L1,O4a,0.07349132001399994,132
1376716420.0,1376716452.0,E:\o4a\1376230912\L1_1376714240_1376718336.hdf5,1376714240.0,1376718336.0,L1,O4a,0.060376040637493134,133
1376716484.0,1376716516.0,E:\o4a\1376230912\L1_1376714240_1376718336.hdf5,1376714240.0,1376718336.0,L1,O4a,0.06687379628419876,133
1376716548.0,1376716580.0,E:\o4a\1376230912\L1_1376714240_1376718336.hdf5,1376714240.0,1376718336.0,L1,O4a,0.052952203899621964,133
1376716612.0,1376716644.0,E:\o4a\1376230912\L1_1376714240_1376718336.hdf5,1376714240.0,1376718336.0,L1,O4a,0.05913572385907173,133
1376716676.0,1376716708.0,E:\o4a\1376230912\L1_1376714240_1376718336.hdf5,1376714240.0,1376718336.0,L1,O4a,0.060777876526117325,133
1376716740.0,1376716772.0,E:\o4a\1376230912\L1_1376714240_1376718336.hdf5,1376714240.0,1376718336.0,L1,O4a,0.07082780450582504,133
1376716804.0,1376716836.0,E:\o4a\1376230912\L1_1376714240_1376718336.hdf5,1376714240.0,1376718336.0,L1,O4a,0.05490247905254364,133
1376716868.0,1376716900.0,E:\o4a\1376230912\L1_1376714240_1376718336.hdf5,1376714240.0,1376718336.0,L1,O4a,0.06092885136604309,133
1376716932.0,1376716964.0,E:\o4a\1376230912\L1_1376714240_1376718336.hdf5,1376714240.0,1376718336.0,L1,O4a,0.07944056391716003,133
1376716996.0,1376717028.0,E:\o4a\1376230912\L1_1376714240_1376718336.hdf5,1376714240.0,1376718336.0,L1,O4a,0.06263279169797897,133
1376717060.0,1376717092.0,E:\o4a\1376230912\L1_1376714240_1376718336.hdf5,1376714240.0,1376718336.0,L1,O4a,0.06484508514404297,133
1376717124.0,1376717156.0,E:\o4a\1376230912\L1_1376714240_1376718336.hdf5,1376714240.0,1376718336.0,L1,O4a,0.11881381273269653,133
1376717188.0,1376717220.0,E:\o4a\1376230912\L1_1376714240_1376718336.hdf5,1376714240.0,1376718336.0,L1,O4a,0.0751539021730423,133
1376717252.0,1376717284.0,E:\o4a\1376230912\L1_1376714240_1376718336.hdf5,1376714240.0,1376718336.0,L1,O4a,0.05683955177664757,133
1376717316.0,1376717348.0,E:\o4a\1376230912\L1_1376714240_1376718336.hdf5,1376714240.0,1376718336.0,L1,O4a,0.06599936634302139,133
1376717380.0,1376717412.0,E:\o4a\1376230912\L1_1376714240_1376718336.hdf5,1376714240.0,1376718336.0,L1,O4a,0.08021817356348038,133
1376717444.0,1376717476.0,E:\o4a\1376230912\L1_1376714240_1376718336.hdf5,1376714240.0,1376718336.0,L1,O4a,0.06112164631485939,133
1376779844.0,1376779876.0,E:\o4a\1376749312\L1_1376777984_1376782080.hdf5,1376777984.0,1376782080.0,L1,O4a,0.06322679668664932,134
1376779908.0,1376779940.0,E:\o4a\1376749312\L1_1376777984_1376782080.hdf5,1376777984.0,1376782080.0,L1,O4a,0.05366578698158264,134
1376779972.0,1376780004.0,E:\o4a\1376749312\L1_1376777984_1376782080.hdf5,1376777984.0,1376782080.0,L1,O4a,0.05940686911344528,134
1376780036.0,1376780068.0,E:\o4a\1376749312\L1_1376777984_1376782080.hdf5,1376777984.0,1376782080.0,L1,O4a,0.07011882215738297,134
1376780100.0,1376780132.0,E:\o4a\1376749312\L1_1376777984_1376782080.hdf5,1376777984.0,1376782080.0,L1,O4a,0.07147618383169174,134
1376780164.0,1376780196.0,E:\o4a\1376749312\L1_1376777984_1376782080.hdf5,1376777984.0,1376782080.0,L1,O4a,0.07852371037006378,134
1376780228.0,1376780260.0,E:\o4a\1376749312\L1_1376777984_1376782080.hdf5,1376777984.0,1376782080.0,L1,O4a,0.06545214354991913,134
1376780292.0,1376780324.0,E:\o4a\1376749312\L1_1376777984_1376782080.hdf5,1376777984.0,1376782080.0,L1,O4a,0.070773184299469,134
1376780356.0,1376780388.0,E:\o4a\1376749312\L1_1376777984_1376782080.hdf5,1376777984.0,1376782080.0,L1,O4a,0.060339365154504776,134
1376780420.0,1376780452.0,E:\o4a\1376749312\L1_1376777984_1376782080.hdf5,1376777984.0,1376782080.0,L1,O4a,0.06819209456443787,134
1376780484.0,1376780516.0,E:\o4a\1376749312\L1_1376777984_1376782080.hdf5,1376777984.0,1376782080.0,L1,O4a,0.06217470020055771,134
1376780548.0,1376780580.0,E:\o4a\1376749312\L1_1376777984_1376782080.hdf5,1376777984.0,1376782080.0,L1,O4a,0.055513445287942886,134
1376780612.0,1376780644.0,E:\o4a\1376749312\L1_1376777984_1376782080.hdf5,1376777984.0,1376782080.0,L1,O4a,0.05907391011714935,134
1376780676.0,1376780708.0,E:\o4a\1376749312\L1_1376777984_1376782080.hdf5,1376777984.0,1376782080.0,L1,O4a,0.05752452835440636,134
1376780740.0,1376780772.0,E:\o4a\1376749312\L1_1376777984_1376782080.hdf5,1376777984.0,1376782080.0,L1,O4a,0.05537211149930954,134
1376780804.0,1376780836.0,E:\o4a\1376749312\L1_1376777984_1376782080.hdf5,1376777984.0,1376782080.0,L1,O4a,0.058147117495536804,134
1376780868.0,1376780900.0,E:\o4a\1376749312\L1_1376777984_1376782080.hdf5,1376777984.0,1376782080.0,L1,O4a,0.06658007949590683,134
1376820036.0,1376820068.0,E:\o4a\1376749312\L1_1376818944_1376823040.hdf5,1376818944.0,1376823040.0,L1,O4a,0.055062077939510345,135
1376820100.0,1376820132.0,E:\o4a\1376749312\L1_1376818944_1376823040.hdf5,1376818944.0,1376823040.0,L1,O4a,0.0636589527130127,135
1376820164.0,1376820196.0,E:\o4a\1376749312\L1_1376818944_1376823040.hdf5,1376818944.0,1376823040.0,L1,O4a,0.061503682285547256,135
1376820228.0,1376820260.0,E:\o4a\1376749312\L1_1376818944_1376823040.hdf5,1376818944.0,1376823040.0,L1,O4a,0.06672879308462143,135
1376820292.0,1376820324.0,E:\o4a\1376749312\L1_1376818944_1376823040.hdf5,1376818944.0,1376823040.0,L1,O4a,0.06910819560289383,135
1376820356.0,1376820388.0,E:\o4a\1376749312\L1_1376818944_1376823040.hdf5,1376818944.0,1376823040.0,L1,O4a,0.060502003878355026,135
1376820420.0,1376820452.0,E:\o4a\1376749312\L1_1376818944_1376823040.hdf5,1376818944.0,1376823040.0,L1,O4a,0.06211402267217636,135
1376820484.0,1376820516.0,E:\o4a\1376749312\L1_1376818944_1376823040.hdf5,1376818944.0,1376823040.0,L1,O4a,0.06675571948289871,135
1376820548.0,1376820580.0,E:\o4a\1376749312\L1_1376818944_1376823040.hdf5,1376818944.0,1376823040.0,L1,O4a,0.05676381662487984,135
1376820612.0,1376820644.0,E:\o4a\1376749312\L1_1376818944_1376823040.hdf5,1376818944.0,1376823040.0,L1,O4a,0.06059462949633598,135
1376820676.0,1376820708.0,E:\o4a\1376749312\L1_1376818944_1376823040.hdf5,1376818944.0,1376823040.0,L1,O4a,0.05907219275832176,135
1376820740.0,1376820772.0,E:\o4a\1376749312\L1_1376818944_1376823040.hdf5,1376818944.0,1376823040.0,L1,O4a,0.06346680223941803,135
1376820804.0,1376820836.0,E:\o4a\1376749312\L1_1376818944_1376823040.hdf5,1376818944.0,1376823040.0,L1,O4a,0.06170201301574707,135
1376820868.0,1376820900.0,E:\o4a\1376749312\L1_1376818944_1376823040.hdf5,1376818944.0,1376823040.0,L1,O4a,0.061339281499385834,135
1376820932.0,1376820964.0,E:\o4a\1376749312\L1_1376818944_1376823040.hdf5,1376818944.0,1376823040.0,L1,O4a,0.1157219409942627,135
1376820996.0,1376821028.0,E:\o4a\1376749312\L1_1376818944_1376823040.hdf5,1376818944.0,1376823040.0,L1,O4a,0.06875943392515182,135
1376821060.0,1376821092.0,E:\o4a\1376749312\L1_1376818944_1376823040.hdf5,1376818944.0,1376823040.0,L1,O4a,0.06770911812782288,135
1376884484.0,1376884516.0,E:\o4a\1376749312\L1_1376884480_1376888576.hdf5,1376884480.0,1376888576.0,L1,O4a,0.07099919021129608,136
1376884548.0,1376884580.0,E:\o4a\1376749312\L1_1376884480_1376888576.hdf5,1376884480.0,1376888576.0,L1,O4a,0.07839605212211609,136
1376884612.0,1376884644.0,E:\o4a\1376749312\L1_1376884480_1376888576.hdf5,1376884480.0,1376888576.0,L1,O4a,0.08216264843940735,136
1376884676.0,1376884708.0,E:\o4a\1376749312\L1_1376884480_1376888576.hdf5,1376884480.0,1376888576.0,L1,O4a,0.05962532386183739,136
1376884740.0,1376884772.0,E:\o4a\1376749312\L1_1376884480_1376888576.hdf5,1376884480.0,1376888576.0,L1,O4a,0.06112520769238472,136
1376884804.0,1376884836.0,E:\o4a\1376749312\L1_1376884480_1376888576.hdf5,1376884480.0,1376888576.0,L1,O4a,0.05874181166291237,136
1376884868.0,1376884900.0,E:\o4a\1376749312\L1_1376884480_1376888576.hdf5,1376884480.0,1376888576.0,L1,O4a,0.0627300888299942,136
1376884932.0,1376884964.0,E:\o4a\1376749312\L1_1376884480_1376888576.hdf5,1376884480.0,1376888576.0,L1,O4a,0.0730072408914566,136
1376884996.0,1376885028.0,E:\o4a\1376749312\L1_1376884480_1376888576.hdf5,1376884480.0,1376888576.0,L1,O4a,0.06154874339699745,136
1376885060.0,1376885092.0,E:\o4a\1376749312\L1_1376884480_1376888576.hdf5,1376884480.0,1376888576.0,L1,O4a,0.062104225158691406,136
1376885124.0,1376885156.0,E:\o4a\1376749312\L1_1376884480_1376888576.hdf5,1376884480.0,1376888576.0,L1,O4a,0.05028015375137329,136
1376885188.0,1376885220.0,E:\o4a\1376749312\L1_1376884480_1376888576.hdf5,1376884480.0,1376888576.0,L1,O4a,0.0583890825510025,136
1376885252.0,1376885284.0,E:\o4a\1376749312\L1_1376884480_1376888576.hdf5,1376884480.0,1376888576.0,L1,O4a,0.06613222509622574,136
1376885316.0,1376885348.0,E:\o4a\1376749312\L1_1376884480_1376888576.hdf5,1376884480.0,1376888576.0,L1,O4a,0.06054080277681351,136
1376885380.0,1376885412.0,E:\o4a\1376749312\L1_1376884480_1376888576.hdf5,1376884480.0,1376888576.0,L1,O4a,0.055676236748695374,136
1376885444.0,1376885476.0,E:\o4a\1376749312\L1_1376884480_1376888576.hdf5,1376884480.0,1376888576.0,L1,O4a,0.060592301189899445,136
1376885508.0,1376885540.0,E:\o4a\1376749312\L1_1376884480_1376888576.hdf5,1376884480.0,1376888576.0,L1,O4a,0.05466051772236824,136
1376927492.0,1376927524.0,E:\o4a\1376749312\L1_1376925440_1376929536.hdf5,1376925440.0,1376929536.0,L1,O4a,0.06539363414049149,137
1376927556.0,1376927588.0,E:\o4a\1376749312\L1_1376925440_1376929536.hdf5,1376925440.0,1376929536.0,L1,O4a,0.058492034673690796,137
1376927620.0,1376927652.0,E:\o4a\1376749312\L1_1376925440_1376929536.hdf5,1376925440.0,1376929536.0,L1,O4a,0.0629914402961731,137
1376927684.0,1376927716.0,E:\o4a\1376749312\L1_1376925440_1376929536.hdf5,1376925440.0,1376929536.0,L1,O4a,0.06055185943841934,137
1376927748.0,1376927780.0,E:\o4a\1376749312\L1_1376925440_1376929536.hdf5,1376925440.0,1376929536.0,L1,O4a,0.06408857554197311,137
1376927812.0,1376927844.0,E:\o4a\1376749312\L1_1376925440_1376929536.hdf5,1376925440.0,1376929536.0,L1,O4a,0.05864210054278374,137
1376927876.0,1376927908.0,E:\o4a\1376749312\L1_1376925440_1376929536.hdf5,1376925440.0,1376929536.0,L1,O4a,0.06296245008707047,137
1376927940.0,1376927972.0,E:\o4a\1376749312\L1_1376925440_1376929536.hdf5,1376925440.0,1376929536.0,L1,O4a,0.06168224662542343,137
1376928004.0,1376928036.0,E:\o4a\1376749312\L1_1376925440_1376929536.hdf5,1376925440.0,1376929536.0,L1,O4a,0.06057159975171089,137
1376928068.0,1376928100.0,E:\o4a\1376749312\L1_1376925440_1376929536.hdf5,1376925440.0,1376929536.0,L1,O4a,0.0616665743291378,137
1376928132.0,1376928164.0,E:\o4a\1376749312\L1_1376925440_1376929536.hdf5,1376925440.0,1376929536.0,L1,O4a,0.0629219338297844,137
1376928196.0,1376928228.0,E:\o4a\1376749312\L1_1376925440_1376929536.hdf5,1376925440.0,1376929536.0,L1,O4a,0.07434911280870438,137
1376928260.0,1376928292.0,E:\o4a\1376749312\L1_1376925440_1376929536.hdf5,1376925440.0,1376929536.0,L1,O4a,0.05743255466222763,137
1376928324.0,1376928356.0,E:\o4a\1376749312\L1_1376925440_1376929536.hdf5,1376925440.0,1376929536.0,L1,O4a,0.051853325217962265,137
1376928388.0,1376928420.0,E:\o4a\1376749312\L1_1376925440_1376929536.hdf5,1376925440.0,1376929536.0,L1,O4a,0.05643394589424133,137
1376928452.0,1376928484.0,E:\o4a\1376749312\L1_1376925440_1376929536.hdf5,1376925440.0,1376929536.0,L1,O4a,0.09294719249010086,137
1376928516.0,1376928548.0,E:\o4a\1376749312\L1_1376925440_1376929536.hdf5,1376925440.0,1376929536.0,L1,O4a,0.09243030101060867,137
1376968580.0,1376968612.0,E:\o4a\1376749312\L1_1376966400_1376970496.hdf5,1376966400.0,1376970496.0,L1,O4a,0.06464813649654388,138
1376968644.0,1376968676.0,E:\o4a\1376749312\L1_1376966400_1376970496.hdf5,1376966400.0,1376970496.0,L1,O4a,0.05677839741110802,138
1376968708.0,1376968740.0,E:\o4a\1376749312\L1_1376966400_1376970496.hdf5,1376966400.0,1376970496.0,L1,O4a,0.05499378219246864,138
1376968772.0,1376968804.0,E:\o4a\1376749312\L1_1376966400_1376970496.hdf5,1376966400.0,1376970496.0,L1,O4a,0.07544931024312973,138
1376968836.0,1376968868.0,E:\o4a\1376749312\L1_1376966400_1376970496.hdf5,1376966400.0,1376970496.0,L1,O4a,0.06813769042491913,138
1376968900.0,1376968932.0,E:\o4a\1376749312\L1_1376966400_1376970496.hdf5,1376966400.0,1376970496.0,L1,O4a,0.059789322316646576,138
1376968964.0,1376968996.0,E:\o4a\1376749312\L1_1376966400_1376970496.hdf5,1376966400.0,1376970496.0,L1,O4a,0.050669241696596146,138
1376969028.0,1376969060.0,E:\o4a\1376749312\L1_1376966400_1376970496.hdf5,1376966400.0,1376970496.0,L1,O4a,0.06179341301321983,138
1376969092.0,1376969124.0,E:\o4a\1376749312\L1_1376966400_1376970496.hdf5,1376966400.0,1376970496.0,L1,O4a,0.061079494655132294,138
1376969156.0,1376969188.0,E:\o4a\1376749312\L1_1376966400_1376970496.hdf5,1376966400.0,1376970496.0,L1,O4a,0.06925861537456512,138
1376969220.0,1376969252.0,E:\o4a\1376749312\L1_1376966400_1376970496.hdf5,1376966400.0,1376970496.0,L1,O4a,0.06032602861523628,138
1376969284.0,1376969316.0,E:\o4a\1376749312\L1_1376966400_1376970496.hdf5,1376966400.0,1376970496.0,L1,O4a,0.06089525297284126,138
1376969348.0,1376969380.0,E:\o4a\1376749312\L1_1376966400_1376970496.hdf5,1376966400.0,1376970496.0,L1,O4a,0.05993806570768356,138
1376969412.0,1376969444.0,E:\o4a\1376749312\L1_1376966400_1376970496.hdf5,1376966400.0,1376970496.0,L1,O4a,0.0618242509663105,138
1376969476.0,1376969508.0,E:\o4a\1376749312\L1_1376966400_1376970496.hdf5,1376966400.0,1376970496.0,L1,O4a,0.06777945905923843,138
1376969540.0,1376969572.0,E:\o4a\1376749312\L1_1376966400_1376970496.hdf5,1376966400.0,1376970496.0,L1,O4a,0.06826251745223999,138
1376969604.0,1376969636.0,E:\o4a\1376749312\L1_1376966400_1376970496.hdf5,1376966400.0,1376970496.0,L1,O4a,0.06363973766565323,138
1377011460.0,1377011492.0,E:\o4a\1376749312\L1_1377011456_1377015552.hdf5,1377011456.0,1377015552.0,L1,O4a,0.07826344668865204,139
1377011524.0,1377011556.0,E:\o4a\1376749312\L1_1377011456_1377015552.hdf5,1377011456.0,1377015552.0,L1,O4a,0.05961674824357033,139
1377011588.0,1377011620.0,E:\o4a\1376749312\L1_1377011456_1377015552.hdf5,1377011456.0,1377015552.0,L1,O4a,0.06415392458438873,139
1377011652.0,1377011684.0,E:\o4a\1376749312\L1_1377011456_1377015552.hdf5,1377011456.0,1377015552.0,L1,O4a,0.061135031282901764,139
1377011716.0,1377011748.0,E:\o4a\1376749312\L1_1377011456_1377015552.hdf5,1377011456.0,1377015552.0,L1,O4a,0.06165790557861328,139
1377011780.0,1377011812.0,E:\o4a\1376749312\L1_1377011456_1377015552.hdf5,1377011456.0,1377015552.0,L1,O4a,0.06115950644016266,139
1377011844.0,1377011876.0,E:\o4a\1376749312\L1_1377011456_1377015552.hdf5,1377011456.0,1377015552.0,L1,O4a,0.05643261969089508,139
1377011908.0,1377011940.0,E:\o4a\1376749312\L1_1377011456_1377015552.hdf5,1377011456.0,1377015552.0,L1,O4a,0.058748964220285416,139
1377011972.0,1377012004.0,E:\o4a\1376749312\L1_1377011456_1377015552.hdf5,1377011456.0,1377015552.0,L1,O4a,0.05867679789662361,139
1377012036.0,1377012068.0,E:\o4a\1376749312\L1_1377011456_1377015552.hdf5,1377011456.0,1377015552.0,L1,O4a,0.06088467314839363,139
1377012100.0,1377012132.0,E:\o4a\1376749312\L1_1377011456_1377015552.hdf5,1377011456.0,1377015552.0,L1,O4a,0.06558095663785934,139
1377012164.0,1377012196.0,E:\o4a\1376749312\L1_1377011456_1377015552.hdf5,1377011456.0,1377015552.0,L1,O4a,0.05254516378045082,139
1377012228.0,1377012260.0,E:\o4a\1376749312\L1_1377011456_1377015552.hdf5,1377011456.0,1377015552.0,L1,O4a,0.07727102935314178,139
1377012292.0,1377012324.0,E:\o4a\1376749312\L1_1377011456_1377015552.hdf5,1377011456.0,1377015552.0,L1,O4a,0.05435606837272644,139
1377012356.0,1377012388.0,E:\o4a\1376749312\L1_1377011456_1377015552.hdf5,1377011456.0,1377015552.0,L1,O4a,0.053449831902980804,139
1377012420.0,1377012452.0,E:\o4a\1376749312\L1_1377011456_1377015552.hdf5,1377011456.0,1377015552.0,L1,O4a,0.06344172358512878,139
1377012484.0,1377012516.0,E:\o4a\1376749312\L1_1377011456_1377015552.hdf5,1377011456.0,1377015552.0,L1,O4a,0.07710582762956619,139
1377064836.0,1377064868.0,E:\o4a\1376749312\L1_1377064704_1377068800.hdf5,1377064704.0,1377068800.0,L1,O4a,0.060881417244672775,140
1377064900.0,1377064932.0,E:\o4a\1376749312\L1_1377064704_1377068800.hdf5,1377064704.0,1377068800.0,L1,O4a,0.05406826362013817,140
1377064964.0,1377064996.0,E:\o4a\1376749312\L1_1377064704_1377068800.hdf5,1377064704.0,1377068800.0,L1,O4a,0.0597742460668087,140
1377065028.0,1377065060.0,E:\o4a\1376749312\L1_1377064704_1377068800.hdf5,1377064704.0,1377068800.0,L1,O4a,0.05881759896874428,140
1377065092.0,1377065124.0,E:\o4a\1376749312\L1_1377064704_1377068800.hdf5,1377064704.0,1377068800.0,L1,O4a,0.05619698762893677,140
1377065156.0,1377065188.0,E:\o4a\1376749312\L1_1377064704_1377068800.hdf5,1377064704.0,1377068800.0,L1,O4a,0.055192578583955765,140
1377065220.0,1377065252.0,E:\o4a\1376749312\L1_1377064704_1377068800.hdf5,1377064704.0,1377068800.0,L1,O4a,0.05843018740415573,140
1377065284.0,1377065316.0,E:\o4a\1376749312\L1_1377064704_1377068800.hdf5,1377064704.0,1377068800.0,L1,O4a,0.056745801120996475,140
1377065348.0,1377065380.0,E:\o4a\1376749312\L1_1377064704_1377068800.hdf5,1377064704.0,1377068800.0,L1,O4a,0.05566069856286049,140
1377065412.0,1377065444.0,E:\o4a\1376749312\L1_1377064704_1377068800.hdf5,1377064704.0,1377068800.0,L1,O4a,0.0671805888414383,140
1377065476.0,1377065508.0,E:\o4a\1376749312\L1_1377064704_1377068800.hdf5,1377064704.0,1377068800.0,L1,O4a,0.06109891086816788,140
1377065540.0,1377065572.0,E:\o4a\1376749312\L1_1377064704_1377068800.hdf5,1377064704.0,1377068800.0,L1,O4a,0.06459463387727737,140
1377065604.0,1377065636.0,E:\o4a\1376749312\L1_1377064704_1377068800.hdf5,1377064704.0,1377068800.0,L1,O4a,0.05741546303033829,140
1377065668.0,1377065700.0,E:\o4a\1376749312\L1_1377064704_1377068800.hdf5,1377064704.0,1377068800.0,L1,O4a,0.05741991847753525,140
1377065732.0,1377065764.0,E:\o4a\1376749312\L1_1377064704_1377068800.hdf5,1377064704.0,1377068800.0,L1,O4a,0.08927617222070694,140
1377065796.0,1377065828.0,E:\o4a\1376749312\L1_1377064704_1377068800.hdf5,1377064704.0,1377068800.0,L1,O4a,0.059623416513204575,140
1377065860.0,1377065892.0,E:\o4a\1376749312\L1_1377064704_1377068800.hdf5,1377064704.0,1377068800.0,L1,O4a,0.06178853288292885,140
1377108612.0,1377108644.0,E:\o4a\1376749312\L1_1377105664_1377109760.hdf5,1377105664.0,1377109760.0,L1,O4a,0.06184711307287216,141
1377108676.0,1377108708.0,E:\o4a\1376749312\L1_1377105664_1377109760.hdf5,1377105664.0,1377109760.0,L1,O4a,0.06764885783195496,141
1377108740.0,1377108772.0,E:\o4a\1376749312\L1_1377105664_1377109760.hdf5,1377105664.0,1377109760.0,L1,O4a,0.060609832406044006,141
1377108804.0,1377108836.0,E:\o4a\1376749312\L1_1377105664_1377109760.hdf5,1377105664.0,1377109760.0,L1,O4a,0.0625186413526535,141
1377108868.0,1377108900.0,E:\o4a\1376749312\L1_1377105664_1377109760.hdf5,1377105664.0,1377109760.0,L1,O4a,0.05972489342093468,141
1377108932.0,1377108964.0,E:\o4a\1376749312\L1_1377105664_1377109760.hdf5,1377105664.0,1377109760.0,L1,O4a,0.06455042213201523,141
1377108996.0,1377109028.0,E:\o4a\1376749312\L1_1377105664_1377109760.hdf5,1377105664.0,1377109760.0,L1,O4a,0.05358848348259926,141
1377109060.0,1377109092.0,E:\o4a\1376749312\L1_1377105664_1377109760.hdf5,1377105664.0,1377109760.0,L1,O4a,0.05999475345015526,141
1377109124.0,1377109156.0,E:\o4a\1376749312\L1_1377105664_1377109760.hdf5,1377105664.0,1377109760.0,L1,O4a,0.06036267429590225,141
1377109188.0,1377109220.0,E:\o4a\1376749312\L1_1377105664_1377109760.hdf5,1377105664.0,1377109760.0,L1,O4a,0.0742010846734047,141
1377109252.0,1377109284.0,E:\o4a\1376749312\L1_1377105664_1377109760.hdf5,1377105664.0,1377109760.0,L1,O4a,0.058819107711315155,141
1377109316.0,1377109348.0,E:\o4a\1376749312\L1_1377105664_1377109760.hdf5,1377105664.0,1377109760.0,L1,O4a,0.06830667704343796,141
1377109380.0,1377109412.0,E:\o4a\1376749312\L1_1377105664_1377109760.hdf5,1377105664.0,1377109760.0,L1,O4a,0.06245098263025284,141
1377109444.0,1377109476.0,E:\o4a\1376749312\L1_1377105664_1377109760.hdf5,1377105664.0,1377109760.0,L1,O4a,0.05759526044130325,141
1377109508.0,1377109540.0,E:\o4a\1376749312\L1_1377105664_1377109760.hdf5,1377105664.0,1377109760.0,L1,O4a,0.06631506234407425,141
1377109572.0,1377109604.0,E:\o4a\1376749312\L1_1377105664_1377109760.hdf5,1377105664.0,1377109760.0,L1,O4a,0.0642833560705185,141
1377109636.0,1377109668.0,E:\o4a\1376749312\L1_1377105664_1377109760.hdf5,1377105664.0,1377109760.0,L1,O4a,0.059934791177511215,141
1377147716.0,1377147748.0,E:\o4a\1376749312\L1_1377146624_1377150720.hdf5,1377146624.0,1377150720.0,L1,O4a,0.06323665380477905,142
1377147780.0,1377147812.0,E:\o4a\1376749312\L1_1377146624_1377150720.hdf5,1377146624.0,1377150720.0,L1,O4a,0.0539294071495533,142
1377147844.0,1377147876.0,E:\o4a\1376749312\L1_1377146624_1377150720.hdf5,1377146624.0,1377150720.0,L1,O4a,0.062142230570316315,142
1377147908.0,1377147940.0,E:\o4a\1376749312\L1_1377146624_1377150720.hdf5,1377146624.0,1377150720.0,L1,O4a,0.05643463507294655,142
1377147972.0,1377148004.0,E:\o4a\1376749312\L1_1377146624_1377150720.hdf5,1377146624.0,1377150720.0,L1,O4a,0.061075709760189056,142
1377148036.0,1377148068.0,E:\o4a\1376749312\L1_1377146624_1377150720.hdf5,1377146624.0,1377150720.0,L1,O4a,0.05557245761156082,142
1377148100.0,1377148132.0,E:\o4a\1376749312\L1_1377146624_1377150720.hdf5,1377146624.0,1377150720.0,L1,O4a,0.055672068148851395,142
1377148164.0,1377148196.0,E:\o4a\1376749312\L1_1377146624_1377150720.hdf5,1377146624.0,1377150720.0,L1,O4a,0.06796009093523026,142
1377148228.0,1377148260.0,E:\o4a\1376749312\L1_1377146624_1377150720.hdf5,1377146624.0,1377150720.0,L1,O4a,0.05521221086382866,142
1377148292.0,1377148324.0,E:\o4a\1376749312\L1_1377146624_1377150720.hdf5,1377146624.0,1377150720.0,L1,O4a,0.06260563433170319,142
1377148356.0,1377148388.0,E:\o4a\1376749312\L1_1377146624_1377150720.hdf5,1377146624.0,1377150720.0,L1,O4a,0.06928227841854095,142
1377148420.0,1377148452.0,E:\o4a\1376749312\L1_1377146624_1377150720.hdf5,1377146624.0,1377150720.0,L1,O4a,0.0577651672065258,142
1377148484.0,1377148516.0,E:\o4a\1376749312\L1_1377146624_1377150720.hdf5,1377146624.0,1377150720.0,L1,O4a,0.06843912601470947,142
1377148548.0,1377148580.0,E:\o4a\1376749312\L1_1377146624_1377150720.hdf5,1377146624.0,1377150720.0,L1,O4a,0.06513811647891998,142
1377148612.0,1377148644.0,E:\o4a\1376749312\L1_1377146624_1377150720.hdf5,1377146624.0,1377150720.0,L1,O4a,0.061279669404029846,142
1377148676.0,1377148708.0,E:\o4a\1376749312\L1_1377146624_1377150720.hdf5,1377146624.0,1377150720.0,L1,O4a,0.06426380574703217,142
1377148740.0,1377148772.0,E:\o4a\1376749312\L1_1377146624_1377150720.hdf5,1377146624.0,1377150720.0,L1,O4a,0.059636760503053665,142
1377188548.0,1377188580.0,E:\o4a\1376749312\L1_1377187584_1377191680.hdf5,1377187584.0,1377191680.0,L1,O4a,0.06886368989944458,143
1377188612.0,1377188644.0,E:\o4a\1376749312\L1_1377187584_1377191680.hdf5,1377187584.0,1377191680.0,L1,O4a,0.07252330332994461,143
1377188676.0,1377188708.0,E:\o4a\1376749312\L1_1377187584_1377191680.hdf5,1377187584.0,1377191680.0,L1,O4a,0.055778373032808304,143
1377188740.0,1377188772.0,E:\o4a\1376749312\L1_1377187584_1377191680.hdf5,1377187584.0,1377191680.0,L1,O4a,0.06011752411723137,143
1377188804.0,1377188836.0,E:\o4a\1376749312\L1_1377187584_1377191680.hdf5,1377187584.0,1377191680.0,L1,O4a,0.07047867029905319,143
1377188868.0,1377188900.0,E:\o4a\1376749312\L1_1377187584_1377191680.hdf5,1377187584.0,1377191680.0,L1,O4a,0.06268589943647385,143
1377188932.0,1377188964.0,E:\o4a\1376749312\L1_1377187584_1377191680.hdf5,1377187584.0,1377191680.0,L1,O4a,0.06100858002901077,143
1377188996.0,1377189028.0,E:\o4a\1376749312\L1_1377187584_1377191680.hdf5,1377187584.0,1377191680.0,L1,O4a,0.06494004279375076,143
1377189060.0,1377189092.0,E:\o4a\1376749312\L1_1377187584_1377191680.hdf5,1377187584.0,1377191680.0,L1,O4a,0.4321555495262146,143
1377189124.0,1377189156.0,E:\o4a\1376749312\L1_1377187584_1377191680.hdf5,1377187584.0,1377191680.0,L1,O4a,0.06465098261833191,143
1377189188.0,1377189220.0,E:\o4a\1376749312\L1_1377187584_1377191680.hdf5,1377187584.0,1377191680.0,L1,O4a,0.05891387537121773,143
1377189252.0,1377189284.0,E:\o4a\1376749312\L1_1377187584_1377191680.hdf5,1377187584.0,1377191680.0,L1,O4a,0.06308360397815704,143
1377189316.0,1377189348.0,E:\o4a\1376749312\L1_1377187584_1377191680.hdf5,1377187584.0,1377191680.0,L1,O4a,0.05727213993668556,143
1377189380.0,1377189412.0,E:\o4a\1376749312\L1_1377187584_1377191680.hdf5,1377187584.0,1377191680.0,L1,O4a,0.05335017293691635,143
1377189444.0,1377189476.0,E:\o4a\1376749312\L1_1377187584_1377191680.hdf5,1377187584.0,1377191680.0,L1,O4a,0.06973422318696976,143
1377189508.0,1377189540.0,E:\o4a\1376749312\L1_1377187584_1377191680.hdf5,1377187584.0,1377191680.0,L1,O4a,0.05778729170560837,143
1377189572.0,1377189604.0,E:\o4a\1376749312\L1_1377187584_1377191680.hdf5,1377187584.0,1377191680.0,L1,O4a,0.062347326427698135,143
1377229636.0,1377229668.0,E:\o4a\1376749312\L1_1377228544_1377232640.hdf5,1377228544.0,1377232640.0,L1,O4a,0.05632376670837402,144
1377229700.0,1377229732.0,E:\o4a\1376749312\L1_1377228544_1377232640.hdf5,1377228544.0,1377232640.0,L1,O4a,0.06456637382507324,144
1377229764.0,1377229796.0,E:\o4a\1376749312\L1_1377228544_1377232640.hdf5,1377228544.0,1377232640.0,L1,O4a,0.06128431856632233,144
1377229828.0,1377229860.0,E:\o4a\1376749312\L1_1377228544_1377232640.hdf5,1377228544.0,1377232640.0,L1,O4a,0.05900099128484726,144
1377229892.0,1377229924.0,E:\o4a\1376749312\L1_1377228544_1377232640.hdf5,1377228544.0,1377232640.0,L1,O4a,0.058721646666526794,144
1377229956.0,1377229988.0,E:\o4a\1376749312\L1_1377228544_1377232640.hdf5,1377228544.0,1377232640.0,L1,O4a,0.05831066146492958,144
1377230020.0,1377230052.0,E:\o4a\1376749312\L1_1377228544_1377232640.hdf5,1377228544.0,1377232640.0,L1,O4a,0.05818985775113106,144
1377230084.0,1377230116.0,E:\o4a\1376749312\L1_1377228544_1377232640.hdf5,1377228544.0,1377232640.0,L1,O4a,0.06431431323289871,144
1377230148.0,1377230180.0,E:\o4a\1376749312\L1_1377228544_1377232640.hdf5,1377228544.0,1377232640.0,L1,O4a,0.05850592255592346,144
1377230212.0,1377230244.0,E:\o4a\1376749312\L1_1377228544_1377232640.hdf5,1377228544.0,1377232640.0,L1,O4a,0.05525732785463333,144
1377230276.0,1377230308.0,E:\o4a\1376749312\L1_1377228544_1377232640.hdf5,1377228544.0,1377232640.0,L1,O4a,0.06462989002466202,144
1377230340.0,1377230372.0,E:\o4a\1376749312\L1_1377228544_1377232640.hdf5,1377228544.0,1377232640.0,L1,O4a,0.06558807939291,144
1377230404.0,1377230436.0,E:\o4a\1376749312\L1_1377228544_1377232640.hdf5,1377228544.0,1377232640.0,L1,O4a,0.05916352942585945,144
1377230468.0,1377230500.0,E:\o4a\1376749312\L1_1377228544_1377232640.hdf5,1377228544.0,1377232640.0,L1,O4a,0.06125352159142494,144
1377230532.0,1377230564.0,E:\o4a\1376749312\L1_1377228544_1377232640.hdf5,1377228544.0,1377232640.0,L1,O4a,0.05520772561430931,144
1377230596.0,1377230628.0,E:\o4a\1376749312\L1_1377228544_1377232640.hdf5,1377228544.0,1377232640.0,L1,O4a,0.05493130534887314,144
1377230660.0,1377230692.0,E:\o4a\1376749312\L1_1377228544_1377232640.hdf5,1377228544.0,1377232640.0,L1,O4a,0.061494868248701096,144
1377277572.0,1377277604.0,E:\o4a\1377267712\L1_1377275904_1377280000.hdf5,1377275904.0,1377280000.0,L1,O4a,0.05743337795138359,145
1377277636.0,1377277668.0,E:\o4a\1377267712\L1_1377275904_1377280000.hdf5,1377275904.0,1377280000.0,L1,O4a,0.06007866933941841,145
1377277700.0,1377277732.0,E:\o4a\1377267712\L1_1377275904_1377280000.hdf5,1377275904.0,1377280000.0,L1,O4a,0.06543246656656265,145
1377277764.0,1377277796.0,E:\o4a\1377267712\L1_1377275904_1377280000.hdf5,1377275904.0,1377280000.0,L1,O4a,0.0666639432311058,145
1377277828.0,1377277860.0,E:\o4a\1377267712\L1_1377275904_1377280000.hdf5,1377275904.0,1377280000.0,L1,O4a,0.06783874332904816,145
1377277892.0,1377277924.0,E:\o4a\1377267712\L1_1377275904_1377280000.hdf5,1377275904.0,1377280000.0,L1,O4a,0.07310836762189865,145
1377277956.0,1377277988.0,E:\o4a\1377267712\L1_1377275904_1377280000.hdf5,1377275904.0,1377280000.0,L1,O4a,0.06851807236671448,145
1377278020.0,1377278052.0,E:\o4a\1377267712\L1_1377275904_1377280000.hdf5,1377275904.0,1377280000.0,L1,O4a,0.061132971197366714,145
1377278084.0,1377278116.0,E:\o4a\1377267712\L1_1377275904_1377280000.hdf5,1377275904.0,1377280000.0,L1,O4a,0.06102341040968895,145
1377278148.0,1377278180.0,E:\o4a\1377267712\L1_1377275904_1377280000.hdf5,1377275904.0,1377280000.0,L1,O4a,0.06056538596749306,145
1377278212.0,1377278244.0,E:\o4a\1377267712\L1_1377275904_1377280000.hdf5,1377275904.0,1377280000.0,L1,O4a,0.09903068095445633,145
1377278276.0,1377278308.0,E:\o4a\1377267712\L1_1377275904_1377280000.hdf5,1377275904.0,1377280000.0,L1,O4a,0.05707428976893425,145
1377278340.0,1377278372.0,E:\o4a\1377267712\L1_1377275904_1377280000.hdf5,1377275904.0,1377280000.0,L1,O4a,0.05837597697973251,145
1377278404.0,1377278436.0,E:\o4a\1377267712\L1_1377275904_1377280000.hdf5,1377275904.0,1377280000.0,L1,O4a,0.08593173325061798,145
1377278468.0,1377278500.0,E:\o4a\1377267712\L1_1377275904_1377280000.hdf5,1377275904.0,1377280000.0,L1,O4a,0.0613643154501915,145
1377278532.0,1377278564.0,E:\o4a\1377267712\L1_1377275904_1377280000.hdf5,1377275904.0,1377280000.0,L1,O4a,0.06097797676920891,145
1377278596.0,1377278628.0,E:\o4a\1377267712\L1_1377275904_1377280000.hdf5,1377275904.0,1377280000.0,L1,O4a,0.058677077293395996,145
1377333444.0,1377333476.0,E:\o4a\1377267712\L1_1377333248_1377337344.hdf5,1377333248.0,1377337344.0,L1,O4a,0.09906583279371262,146
1377333508.0,1377333540.0,E:\o4a\1377267712\L1_1377333248_1377337344.hdf5,1377333248.0,1377337344.0,L1,O4a,0.07145829498767853,146
1377333572.0,1377333604.0,E:\o4a\1377267712\L1_1377333248_1377337344.hdf5,1377333248.0,1377337344.0,L1,O4a,0.06424557417631149,146
1377333636.0,1377333668.0,E:\o4a\1377267712\L1_1377333248_1377337344.hdf5,1377333248.0,1377337344.0,L1,O4a,0.0664186030626297,146
1377333700.0,1377333732.0,E:\o4a\1377267712\L1_1377333248_1377337344.hdf5,1377333248.0,1377337344.0,L1,O4a,0.058785151690244675,146
1377333764.0,1377333796.0,E:\o4a\1377267712\L1_1377333248_1377337344.hdf5,1377333248.0,1377337344.0,L1,O4a,0.05643785372376442,146
1377333828.0,1377333860.0,E:\o4a\1377267712\L1_1377333248_1377337344.hdf5,1377333248.0,1377337344.0,L1,O4a,0.06302865594625473,146
1377333892.0,1377333924.0,E:\o4a\1377267712\L1_1377333248_1377337344.hdf5,1377333248.0,1377337344.0,L1,O4a,0.07356622070074081,146
1377333956.0,1377333988.0,E:\o4a\1377267712\L1_1377333248_1377337344.hdf5,1377333248.0,1377337344.0,L1,O4a,0.05940152704715729,146
1377334020.0,1377334052.0,E:\o4a\1377267712\L1_1377333248_1377337344.hdf5,1377333248.0,1377337344.0,L1,O4a,0.058022357523441315,146
1377334084.0,1377334116.0,E:\o4a\1377267712\L1_1377333248_1377337344.hdf5,1377333248.0,1377337344.0,L1,O4a,0.06024479866027832,146
1377334148.0,1377334180.0,E:\o4a\1377267712\L1_1377333248_1377337344.hdf5,1377333248.0,1377337344.0,L1,O4a,0.07321234047412872,146
1377334212.0,1377334244.0,E:\o4a\1377267712\L1_1377333248_1377337344.hdf5,1377333248.0,1377337344.0,L1,O4a,0.05943863466382027,146
1377334276.0,1377334308.0,E:\o4a\1377267712\L1_1377333248_1377337344.hdf5,1377333248.0,1377337344.0,L1,O4a,0.061479583382606506,146
1377334340.0,1377334372.0,E:\o4a\1377267712\L1_1377333248_1377337344.hdf5,1377333248.0,1377337344.0,L1,O4a,0.07730031758546829,146
1377334404.0,1377334436.0,E:\o4a\1377267712\L1_1377333248_1377337344.hdf5,1377333248.0,1377337344.0,L1,O4a,0.07228723913431168,146
1377334468.0,1377334500.0,E:\o4a\1377267712\L1_1377333248_1377337344.hdf5,1377333248.0,1377337344.0,L1,O4a,0.06323619186878204,146
1377396868.0,1377396900.0,E:\o4a\1377267712\L1_1377394688_1377398784.hdf5,1377394688.0,1377398784.0,L1,O4a,0.06290509551763535,147
1377396932.0,1377396964.0,E:\o4a\1377267712\L1_1377394688_1377398784.hdf5,1377394688.0,1377398784.0,L1,O4a,0.05540129169821739,147
1377396996.0,1377397028.0,E:\o4a\1377267712\L1_1377394688_1377398784.hdf5,1377394688.0,1377398784.0,L1,O4a,0.05997401103377342,147
1377397060.0,1377397092.0,E:\o4a\1377267712\L1_1377394688_1377398784.hdf5,1377394688.0,1377398784.0,L1,O4a,0.0839381217956543,147
1377397124.0,1377397156.0,E:\o4a\1377267712\L1_1377394688_1377398784.hdf5,1377394688.0,1377398784.0,L1,O4a,0.06760881841182709,147
1377397188.0,1377397220.0,E:\o4a\1377267712\L1_1377394688_1377398784.hdf5,1377394688.0,1377398784.0,L1,O4a,0.064808689057827,147
1377397252.0,1377397284.0,E:\o4a\1377267712\L1_1377394688_1377398784.hdf5,1377394688.0,1377398784.0,L1,O4a,0.10296918451786041,147
1377397316.0,1377397348.0,E:\o4a\1377267712\L1_1377394688_1377398784.hdf5,1377394688.0,1377398784.0,L1,O4a,0.06223977357149124,147
1377397380.0,1377397412.0,E:\o4a\1377267712\L1_1377394688_1377398784.hdf5,1377394688.0,1377398784.0,L1,O4a,0.058005306869745255,147
1377397444.0,1377397476.0,E:\o4a\1377267712\L1_1377394688_1377398784.hdf5,1377394688.0,1377398784.0,L1,O4a,0.09140157699584961,147
1377397508.0,1377397540.0,E:\o4a\1377267712\L1_1377394688_1377398784.hdf5,1377394688.0,1377398784.0,L1,O4a,0.06152866780757904,147
1377397572.0,1377397604.0,E:\o4a\1377267712\L1_1377394688_1377398784.hdf5,1377394688.0,1377398784.0,L1,O4a,0.0608612522482872,147
1377397636.0,1377397668.0,E:\o4a\1377267712\L1_1377394688_1377398784.hdf5,1377394688.0,1377398784.0,L1,O4a,0.05920736864209175,147
1377397700.0,1377397732.0,E:\o4a\1377267712\L1_1377394688_1377398784.hdf5,1377394688.0,1377398784.0,L1,O4a,0.06367234885692596,147
1377397764.0,1377397796.0,E:\o4a\1377267712\L1_1377394688_1377398784.hdf5,1377394688.0,1377398784.0,L1,O4a,0.057430777698755264,147
1377397828.0,1377397860.0,E:\o4a\1377267712\L1_1377394688_1377398784.hdf5,1377394688.0,1377398784.0,L1,O4a,0.059700265526771545,147
1377397892.0,1377397924.0,E:\o4a\1377267712\L1_1377394688_1377398784.hdf5,1377394688.0,1377398784.0,L1,O4a,0.0824977234005928,147
1377456132.0,1377456164.0,E:\o4a\1377267712\L1_1377456128_1377460224.hdf5,1377456128.0,1377460224.0,L1,O4a,0.05813123285770416,148
1377456196.0,1377456228.0,E:\o4a\1377267712\L1_1377456128_1377460224.hdf5,1377456128.0,1377460224.0,L1,O4a,0.0739324763417244,148
1377456260.0,1377456292.0,E:\o4a\1377267712\L1_1377456128_1377460224.hdf5,1377456128.0,1377460224.0,L1,O4a,0.06281521916389465,148
1377456324.0,1377456356.0,E:\o4a\1377267712\L1_1377456128_1377460224.hdf5,1377456128.0,1377460224.0,L1,O4a,0.05762920528650284,148
1377456388.0,1377456420.0,E:\o4a\1377267712\L1_1377456128_1377460224.hdf5,1377456128.0,1377460224.0,L1,O4a,0.06312207132577896,148
1377456452.0,1377456484.0,E:\o4a\1377267712\L1_1377456128_1377460224.hdf5,1377456128.0,1377460224.0,L1,O4a,0.053290434181690216,148
1377456516.0,1377456548.0,E:\o4a\1377267712\L1_1377456128_1377460224.hdf5,1377456128.0,1377460224.0,L1,O4a,0.06094091758131981,148
1377456580.0,1377456612.0,E:\o4a\1377267712\L1_1377456128_1377460224.hdf5,1377456128.0,1377460224.0,L1,O4a,0.0598064661026001,148
1377456644.0,1377456676.0,E:\o4a\1377267712\L1_1377456128_1377460224.hdf5,1377456128.0,1377460224.0,L1,O4a,0.06505884975194931,148
1377456708.0,1377456740.0,E:\o4a\1377267712\L1_1377456128_1377460224.hdf5,1377456128.0,1377460224.0,L1,O4a,0.05628794804215431,148
1377456772.0,1377456804.0,E:\o4a\1377267712\L1_1377456128_1377460224.hdf5,1377456128.0,1377460224.0,L1,O4a,0.05607981979846954,148
1377456836.0,1377456868.0,E:\o4a\1377267712\L1_1377456128_1377460224.hdf5,1377456128.0,1377460224.0,L1,O4a,0.07566900551319122,148
1377456900.0,1377456932.0,E:\o4a\1377267712\L1_1377456128_1377460224.hdf5,1377456128.0,1377460224.0,L1,O4a,0.05857813358306885,148
1377456964.0,1377456996.0,E:\o4a\1377267712\L1_1377456128_1377460224.hdf5,1377456128.0,1377460224.0,L1,O4a,0.06696140021085739,148
1377457028.0,1377457060.0,E:\o4a\1377267712\L1_1377456128_1377460224.hdf5,1377456128.0,1377460224.0,L1,O4a,0.09028584510087967,148
1377457092.0,1377457124.0,E:\o4a\1377267712\L1_1377456128_1377460224.hdf5,1377456128.0,1377460224.0,L1,O4a,0.06311047822237015,148
1377457156.0,1377457188.0,E:\o4a\1377267712\L1_1377456128_1377460224.hdf5,1377456128.0,1377460224.0,L1,O4a,0.061594121158123016,148
1377506948.0,1377506980.0,E:\o4a\1377267712\L1_1377505280_1377509376.hdf5,1377505280.0,1377509376.0,L1,O4a,0.0704757496714592,149
1377507012.0,1377507044.0,E:\o4a\1377267712\L1_1377505280_1377509376.hdf5,1377505280.0,1377509376.0,L1,O4a,0.06905730813741684,149
1377507076.0,1377507108.0,E:\o4a\1377267712\L1_1377505280_1377509376.hdf5,1377505280.0,1377509376.0,L1,O4a,0.056154362857341766,149
1377507140.0,1377507172.0,E:\o4a\1377267712\L1_1377505280_1377509376.hdf5,1377505280.0,1377509376.0,L1,O4a,0.09850241243839264,149
1377507204.0,1377507236.0,E:\o4a\1377267712\L1_1377505280_1377509376.hdf5,1377505280.0,1377509376.0,L1,O4a,0.06747406721115112,149
1377507268.0,1377507300.0,E:\o4a\1377267712\L1_1377505280_1377509376.hdf5,1377505280.0,1377509376.0,L1,O4a,0.14861485362052917,149
1377507332.0,1377507364.0,E:\o4a\1377267712\L1_1377505280_1377509376.hdf5,1377505280.0,1377509376.0,L1,O4a,0.06586748361587524,149
1377507396.0,1377507428.0,E:\o4a\1377267712\L1_1377505280_1377509376.hdf5,1377505280.0,1377509376.0,L1,O4a,0.07448913156986237,149
1377507460.0,1377507492.0,E:\o4a\1377267712\L1_1377505280_1377509376.hdf5,1377505280.0,1377509376.0,L1,O4a,0.0926109179854393,149
1377507524.0,1377507556.0,E:\o4a\1377267712\L1_1377505280_1377509376.hdf5,1377505280.0,1377509376.0,L1,O4a,0.06418900191783905,149
1377507588.0,1377507620.0,E:\o4a\1377267712\L1_1377505280_1377509376.hdf5,1377505280.0,1377509376.0,L1,O4a,0.07036088407039642,149
1377507652.0,1377507684.0,E:\o4a\1377267712\L1_1377505280_1377509376.hdf5,1377505280.0,1377509376.0,L1,O4a,0.06258781254291534,149
1377507716.0,1377507748.0,E:\o4a\1377267712\L1_1377505280_1377509376.hdf5,1377505280.0,1377509376.0,L1,O4a,0.058595288544893265,149
1377507780.0,1377507812.0,E:\o4a\1377267712\L1_1377505280_1377509376.hdf5,1377505280.0,1377509376.0,L1,O4a,0.06858401000499725,149
1377507844.0,1377507876.0,E:\o4a\1377267712\L1_1377505280_1377509376.hdf5,1377505280.0,1377509376.0,L1,O4a,0.057848840951919556,149
1377507908.0,1377507940.0,E:\o4a\1377267712\L1_1377505280_1377509376.hdf5,1377505280.0,1377509376.0,L1,O4a,0.0922393947839737,149
1377507972.0,1377508004.0,E:\o4a\1377267712\L1_1377505280_1377509376.hdf5,1377505280.0,1377509376.0,L1,O4a,0.07659784704446793,149
1377573316.0,1377573348.0,E:\o4a\1377267712\L1_1377570816_1377574912.hdf5,1377570816.0,1377574912.0,L1,O4a,0.08254677802324295,150
1377573380.0,1377573412.0,E:\o4a\1377267712\L1_1377570816_1377574912.hdf5,1377570816.0,1377574912.0,L1,O4a,0.08090230077505112,150
1377573444.0,1377573476.0,E:\o4a\1377267712\L1_1377570816_1377574912.hdf5,1377570816.0,1377574912.0,L1,O4a,0.06787145882844925,150
1377573508.0,1377573540.0,E:\o4a\1377267712\L1_1377570816_1377574912.hdf5,1377570816.0,1377574912.0,L1,O4a,0.07493568956851959,150
1377573572.0,1377573604.0,E:\o4a\1377267712\L1_1377570816_1377574912.hdf5,1377570816.0,1377574912.0,L1,O4a,0.07393772900104523,150
1377573636.0,1377573668.0,E:\o4a\1377267712\L1_1377570816_1377574912.hdf5,1377570816.0,1377574912.0,L1,O4a,0.0667748898267746,150
1377573700.0,1377573732.0,E:\o4a\1377267712\L1_1377570816_1377574912.hdf5,1377570816.0,1377574912.0,L1,O4a,0.08719462901353836,150
1377573764.0,1377573796.0,E:\o4a\1377267712\L1_1377570816_1377574912.hdf5,1377570816.0,1377574912.0,L1,O4a,0.06780832260847092,150
1377573828.0,1377573860.0,E:\o4a\1377267712\L1_1377570816_1377574912.hdf5,1377570816.0,1377574912.0,L1,O4a,0.08253011852502823,150
1377573892.0,1377573924.0,E:\o4a\1377267712\L1_1377570816_1377574912.hdf5,1377570816.0,1377574912.0,L1,O4a,0.06639708578586578,150
1377573956.0,1377573988.0,E:\o4a\1377267712\L1_1377570816_1377574912.hdf5,1377570816.0,1377574912.0,L1,O4a,0.13468660414218903,150
1377574020.0,1377574052.0,E:\o4a\1377267712\L1_1377570816_1377574912.hdf5,1377570816.0,1377574912.0,L1,O4a,0.07032708823680878,150
1377574084.0,1377574116.0,E:\o4a\1377267712\L1_1377570816_1377574912.hdf5,1377570816.0,1377574912.0,L1,O4a,0.08577391505241394,150
1377574148.0,1377574180.0,E:\o4a\1377267712\L1_1377570816_1377574912.hdf5,1377570816.0,1377574912.0,L1,O4a,0.09726864099502563,150
1377574212.0,1377574244.0,E:\o4a\1377267712\L1_1377570816_1377574912.hdf5,1377570816.0,1377574912.0,L1,O4a,0.06286606937646866,150
1377574276.0,1377574308.0,E:\o4a\1377267712\L1_1377570816_1377574912.hdf5,1377570816.0,1377574912.0,L1,O4a,0.05521543696522713,150
1377574340.0,1377574372.0,E:\o4a\1377267712\L1_1377570816_1377574912.hdf5,1377570816.0,1377574912.0,L1,O4a,0.060562483966350555,150
1377626244.0,1377626276.0,E:\o4a\1377267712\L1_1377624064_1377628160.hdf5,1377624064.0,1377628160.0,L1,O4a,0.05961721017956734,151
1377626308.0,1377626340.0,E:\o4a\1377267712\L1_1377624064_1377628160.hdf5,1377624064.0,1377628160.0,L1,O4a,0.056891266256570816,151
1377626372.0,1377626404.0,E:\o4a\1377267712\L1_1377624064_1377628160.hdf5,1377624064.0,1377628160.0,L1,O4a,0.06498037278652191,151
1377626436.0,1377626468.0,E:\o4a\1377267712\L1_1377624064_1377628160.hdf5,1377624064.0,1377628160.0,L1,O4a,0.06131835654377937,151
1377626500.0,1377626532.0,E:\o4a\1377267712\L1_1377624064_1377628160.hdf5,1377624064.0,1377628160.0,L1,O4a,0.061095405369997025,151
1377626564.0,1377626596.0,E:\o4a\1377267712\L1_1377624064_1377628160.hdf5,1377624064.0,1377628160.0,L1,O4a,0.05874713882803917,151
1377626628.0,1377626660.0,E:\o4a\1377267712\L1_1377624064_1377628160.hdf5,1377624064.0,1377628160.0,L1,O4a,0.057545967400074005,151
1377626692.0,1377626724.0,E:\o4a\1377267712\L1_1377624064_1377628160.hdf5,1377624064.0,1377628160.0,L1,O4a,0.0569019541144371,151
1377626756.0,1377626788.0,E:\o4a\1377267712\L1_1377624064_1377628160.hdf5,1377624064.0,1377628160.0,L1,O4a,0.10304685682058334,151
1377626820.0,1377626852.0,E:\o4a\1377267712\L1_1377624064_1377628160.hdf5,1377624064.0,1377628160.0,L1,O4a,0.05806763470172882,151
1377626884.0,1377626916.0,E:\o4a\1377267712\L1_1377624064_1377628160.hdf5,1377624064.0,1377628160.0,L1,O4a,0.09478087723255157,151
1377626948.0,1377626980.0,E:\o4a\1377267712\L1_1377624064_1377628160.hdf5,1377624064.0,1377628160.0,L1,O4a,0.07601034641265869,151
1377627012.0,1377627044.0,E:\o4a\1377267712\L1_1377624064_1377628160.hdf5,1377624064.0,1377628160.0,L1,O4a,0.06704438477754593,151
1377627076.0,1377627108.0,E:\o4a\1377267712\L1_1377624064_1377628160.hdf5,1377624064.0,1377628160.0,L1,O4a,0.07334179431200027,151
1377627140.0,1377627172.0,E:\o4a\1377267712\L1_1377624064_1377628160.hdf5,1377624064.0,1377628160.0,L1,O4a,0.06551380455493927,151
1377627204.0,1377627236.0,E:\o4a\1377267712\L1_1377624064_1377628160.hdf5,1377624064.0,1377628160.0,L1,O4a,0.09680879861116409,151
1377627268.0,1377627300.0,E:\o4a\1377267712\L1_1377624064_1377628160.hdf5,1377624064.0,1377628160.0,L1,O4a,0.05869077146053314,151
1377696324.0,1377696356.0,E:\o4a\1377267712\L1_1377693696_1377697792.hdf5,1377693696.0,1377697792.0,L1,O4a,0.05831870064139366,152
1377696388.0,1377696420.0,E:\o4a\1377267712\L1_1377693696_1377697792.hdf5,1377693696.0,1377697792.0,L1,O4a,0.06689011305570602,152
1377696452.0,1377696484.0,E:\o4a\1377267712\L1_1377693696_1377697792.hdf5,1377693696.0,1377697792.0,L1,O4a,0.07665853202342987,152
1377696516.0,1377696548.0,E:\o4a\1377267712\L1_1377693696_1377697792.hdf5,1377693696.0,1377697792.0,L1,O4a,0.05954206734895706,152
1377696580.0,1377696612.0,E:\o4a\1377267712\L1_1377693696_1377697792.hdf5,1377693696.0,1377697792.0,L1,O4a,0.08446449786424637,152
1377696644.0,1377696676.0,E:\o4a\1377267712\L1_1377693696_1377697792.hdf5,1377693696.0,1377697792.0,L1,O4a,0.2118343710899353,152
1377696708.0,1377696740.0,E:\o4a\1377267712\L1_1377693696_1377697792.hdf5,1377693696.0,1377697792.0,L1,O4a,0.052555933594703674,152
1377696772.0,1377696804.0,E:\o4a\1377267712\L1_1377693696_1377697792.hdf5,1377693696.0,1377697792.0,L1,O4a,0.05721952021121979,152
1377696836.0,1377696868.0,E:\o4a\1377267712\L1_1377693696_1377697792.hdf5,1377693696.0,1377697792.0,L1,O4a,0.06045443192124367,152
1377696900.0,1377696932.0,E:\o4a\1377267712\L1_1377693696_1377697792.hdf5,1377693696.0,1377697792.0,L1,O4a,0.07724086195230484,152
1377696964.0,1377696996.0,E:\o4a\1377267712\L1_1377693696_1377697792.hdf5,1377693696.0,1377697792.0,L1,O4a,0.07926765829324722,152
1377697028.0,1377697060.0,E:\o4a\1377267712\L1_1377693696_1377697792.hdf5,1377693696.0,1377697792.0,L1,O4a,0.06670663505792618,152
1377697092.0,1377697124.0,E:\o4a\1377267712\L1_1377693696_1377697792.hdf5,1377693696.0,1377697792.0,L1,O4a,0.05907023698091507,152
1377697156.0,1377697188.0,E:\o4a\1377267712\L1_1377693696_1377697792.hdf5,1377693696.0,1377697792.0,L1,O4a,0.05635897070169449,152
1377697220.0,1377697252.0,E:\o4a\1377267712\L1_1377693696_1377697792.hdf5,1377693696.0,1377697792.0,L1,O4a,0.13217337429523468,152
1377697284.0,1377697316.0,E:\o4a\1377267712\L1_1377693696_1377697792.hdf5,1377693696.0,1377697792.0,L1,O4a,0.07882598042488098,152
1377697348.0,1377697380.0,E:\o4a\1377267712\L1_1377693696_1377697792.hdf5,1377693696.0,1377697792.0,L1,O4a,0.067646324634552,152
1377735748.0,1377735780.0,E:\o4a\1377267712\L1_1377734656_1377738752.hdf5,1377734656.0,1377738752.0,L1,O4a,0.05634753033518791,153
1377735812.0,1377735844.0,E:\o4a\1377267712\L1_1377734656_1377738752.hdf5,1377734656.0,1377738752.0,L1,O4a,0.06939659267663956,153
1377735876.0,1377735908.0,E:\o4a\1377267712\L1_1377734656_1377738752.hdf5,1377734656.0,1377738752.0,L1,O4a,0.07948518544435501,153
1377735940.0,1377735972.0,E:\o4a\1377267712\L1_1377734656_1377738752.hdf5,1377734656.0,1377738752.0,L1,O4a,0.0568629652261734,153
1377736004.0,1377736036.0,E:\o4a\1377267712\L1_1377734656_1377738752.hdf5,1377734656.0,1377738752.0,L1,O4a,0.0646856427192688,153
1377736068.0,1377736100.0,E:\o4a\1377267712\L1_1377734656_1377738752.hdf5,1377734656.0,1377738752.0,L1,O4a,0.06576938182115555,153
1377736132.0,1377736164.0,E:\o4a\1377267712\L1_1377734656_1377738752.hdf5,1377734656.0,1377738752.0,L1,O4a,0.08581037819385529,153
1377736196.0,1377736228.0,E:\o4a\1377267712\L1_1377734656_1377738752.hdf5,1377734656.0,1377738752.0,L1,O4a,0.06529688090085983,153
1377736260.0,1377736292.0,E:\o4a\1377267712\L1_1377734656_1377738752.hdf5,1377734656.0,1377738752.0,L1,O4a,0.06149245798587799,153
1377736324.0,1377736356.0,E:\o4a\1377267712\L1_1377734656_1377738752.hdf5,1377734656.0,1377738752.0,L1,O4a,0.05868759751319885,153
1377736388.0,1377736420.0,E:\o4a\1377267712\L1_1377734656_1377738752.hdf5,1377734656.0,1377738752.0,L1,O4a,0.0569724477827549,153
1377736452.0,1377736484.0,E:\o4a\1377267712\L1_1377734656_1377738752.hdf5,1377734656.0,1377738752.0,L1,O4a,0.06064227223396301,153
1377736516.0,1377736548.0,E:\o4a\1377267712\L1_1377734656_1377738752.hdf5,1377734656.0,1377738752.0,L1,O4a,0.05861802026629448,153
1377736580.0,1377736612.0,E:\o4a\1377267712\L1_1377734656_1377738752.hdf5,1377734656.0,1377738752.0,L1,O4a,0.061766982078552246,153
1377736644.0,1377736676.0,E:\o4a\1377267712\L1_1377734656_1377738752.hdf5,1377734656.0,1377738752.0,L1,O4a,0.06250140070915222,153
1377736708.0,1377736740.0,E:\o4a\1377267712\L1_1377734656_1377738752.hdf5,1377734656.0,1377738752.0,L1,O4a,0.05719933286309242,153
1377736772.0,1377736804.0,E:\o4a\1377267712\L1_1377734656_1377738752.hdf5,1377734656.0,1377738752.0,L1,O4a,0.056640610098838806,153
1377780804.0,1377780836.0,E:\o4a\1377267712\L1_1377779712_1377783808.hdf5,1377779712.0,1377783808.0,L1,O4a,0.06621471792459488,154
1377780868.0,1377780900.0,E:\o4a\1377267712\L1_1377779712_1377783808.hdf5,1377779712.0,1377783808.0,L1,O4a,0.06538835912942886,154
1377780932.0,1377780964.0,E:\o4a\1377267712\L1_1377779712_1377783808.hdf5,1377779712.0,1377783808.0,L1,O4a,0.058906640857458115,154
1377780996.0,1377781028.0,E:\o4a\1377267712\L1_1377779712_1377783808.hdf5,1377779712.0,1377783808.0,L1,O4a,0.05817287787795067,154
1377781060.0,1377781092.0,E:\o4a\1377267712\L1_1377779712_1377783808.hdf5,1377779712.0,1377783808.0,L1,O4a,0.057224128395318985,154
1377781124.0,1377781156.0,E:\o4a\1377267712\L1_1377779712_1377783808.hdf5,1377779712.0,1377783808.0,L1,O4a,0.06474010646343231,154
1377781188.0,1377781220.0,E:\o4a\1377267712\L1_1377779712_1377783808.hdf5,1377779712.0,1377783808.0,L1,O4a,0.07042234390974045,154
1377781252.0,1377781284.0,E:\o4a\1377267712\L1_1377779712_1377783808.hdf5,1377779712.0,1377783808.0,L1,O4a,0.06019871309399605,154
1377781316.0,1377781348.0,E:\o4a\1377267712\L1_1377779712_1377783808.hdf5,1377779712.0,1377783808.0,L1,O4a,0.05794397369027138,154
1377781380.0,1377781412.0,E:\o4a\1377267712\L1_1377779712_1377783808.hdf5,1377779712.0,1377783808.0,L1,O4a,0.06376328319311142,154
1377781444.0,1377781476.0,E:\o4a\1377267712\L1_1377779712_1377783808.hdf5,1377779712.0,1377783808.0,L1,O4a,0.0546070858836174,154
1377781508.0,1377781540.0,E:\o4a\1377267712\L1_1377779712_1377783808.hdf5,1377779712.0,1377783808.0,L1,O4a,0.05739429220557213,154
1377781572.0,1377781604.0,E:\o4a\1377267712\L1_1377779712_1377783808.hdf5,1377779712.0,1377783808.0,L1,O4a,0.06921929866075516,154
1377781636.0,1377781668.0,E:\o4a\1377267712\L1_1377779712_1377783808.hdf5,1377779712.0,1377783808.0,L1,O4a,0.08264198154211044,154
1377781700.0,1377781732.0,E:\o4a\1377267712\L1_1377779712_1377783808.hdf5,1377779712.0,1377783808.0,L1,O4a,0.06437735259532928,154
1377781764.0,1377781796.0,E:\o4a\1377267712\L1_1377779712_1377783808.hdf5,1377779712.0,1377783808.0,L1,O4a,0.05568717420101166,154
1377781828.0,1377781860.0,E:\o4a\1377267712\L1_1377779712_1377783808.hdf5,1377779712.0,1377783808.0,L1,O4a,0.0638614296913147,154
1377881348.0,1377881380.0,E:\o4a\1377786112\L1_1377880320_1377884416.hdf5,1377880320.0,1377884416.0,L1,O4a,0.059282343834638596,156
1377881412.0,1377881444.0,E:\o4a\1377786112\L1_1377880320_1377884416.hdf5,1377880320.0,1377884416.0,L1,O4a,0.05952892452478409,156
1377881476.0,1377881508.0,E:\o4a\1377786112\L1_1377880320_1377884416.hdf5,1377880320.0,1377884416.0,L1,O4a,0.05863991379737854,156
1377881540.0,1377881572.0,E:\o4a\1377786112\L1_1377880320_1377884416.hdf5,1377880320.0,1377884416.0,L1,O4a,0.06429538130760193,156
1377881604.0,1377881636.0,E:\o4a\1377786112\L1_1377880320_1377884416.hdf5,1377880320.0,1377884416.0,L1,O4a,0.060810621827840805,156
1377881668.0,1377881700.0,E:\o4a\1377786112\L1_1377880320_1377884416.hdf5,1377880320.0,1377884416.0,L1,O4a,0.06643671542406082,156
1377881732.0,1377881764.0,E:\o4a\1377786112\L1_1377880320_1377884416.hdf5,1377880320.0,1377884416.0,L1,O4a,0.05905585363507271,156
1377881796.0,1377881828.0,E:\o4a\1377786112\L1_1377880320_1377884416.hdf5,1377880320.0,1377884416.0,L1,O4a,0.06065427511930466,156
1377881860.0,1377881892.0,E:\o4a\1377786112\L1_1377880320_1377884416.hdf5,1377880320.0,1377884416.0,L1,O4a,0.06132029742002487,156
1377881924.0,1377881956.0,E:\o4a\1377786112\L1_1377880320_1377884416.hdf5,1377880320.0,1377884416.0,L1,O4a,0.059631817042827606,156
1377881988.0,1377882020.0,E:\o4a\1377786112\L1_1377880320_1377884416.hdf5,1377880320.0,1377884416.0,L1,O4a,0.05817786976695061,156
1377882052.0,1377882084.0,E:\o4a\1377786112\L1_1377880320_1377884416.hdf5,1377880320.0,1377884416.0,L1,O4a,0.06497286260128021,156
1377882116.0,1377882148.0,E:\o4a\1377786112\L1_1377880320_1377884416.hdf5,1377880320.0,1377884416.0,L1,O4a,0.06324613839387894,156
1377882180.0,1377882212.0,E:\o4a\1377786112\L1_1377880320_1377884416.hdf5,1377880320.0,1377884416.0,L1,O4a,0.061779268085956573,156
1377882244.0,1377882276.0,E:\o4a\1377786112\L1_1377880320_1377884416.hdf5,1377880320.0,1377884416.0,L1,O4a,0.06041155010461807,156
1377882308.0,1377882340.0,E:\o4a\1377786112\L1_1377880320_1377884416.hdf5,1377880320.0,1377884416.0,L1,O4a,0.05583837628364563,156
1377882372.0,1377882404.0,E:\o4a\1377786112\L1_1377880320_1377884416.hdf5,1377880320.0,1377884416.0,L1,O4a,0.07458131015300751,156
1378012484.0,1378012516.0,E:\o4a\1377786112\L1_1378011392_1378015488.hdf5,1378011392.0,1378015488.0,L1,O4a,0.062235187739133835,158
1378012548.0,1378012580.0,E:\o4a\1377786112\L1_1378011392_1378015488.hdf5,1378011392.0,1378015488.0,L1,O4a,0.05986807122826576,158
1378012612.0,1378012644.0,E:\o4a\1377786112\L1_1378011392_1378015488.hdf5,1378011392.0,1378015488.0,L1,O4a,0.0631246566772461,158
1378012676.0,1378012708.0,E:\o4a\1377786112\L1_1378011392_1378015488.hdf5,1378011392.0,1378015488.0,L1,O4a,0.06461253762245178,158
1378012740.0,1378012772.0,E:\o4a\1377786112\L1_1378011392_1378015488.hdf5,1378011392.0,1378015488.0,L1,O4a,0.07467076182365417,158
1378012804.0,1378012836.0,E:\o4a\1377786112\L1_1378011392_1378015488.hdf5,1378011392.0,1378015488.0,L1,O4a,0.05464031919836998,158
1378012868.0,1378012900.0,E:\o4a\1377786112\L1_1378011392_1378015488.hdf5,1378011392.0,1378015488.0,L1,O4a,0.07354287803173065,158
1378012932.0,1378012964.0,E:\o4a\1377786112\L1_1378011392_1378015488.hdf5,1378011392.0,1378015488.0,L1,O4a,0.07752528041601181,158
1378012996.0,1378013028.0,E:\o4a\1377786112\L1_1378011392_1378015488.hdf5,1378011392.0,1378015488.0,L1,O4a,0.06434739381074905,158
1378013060.0,1378013092.0,E:\o4a\1377786112\L1_1378011392_1378015488.hdf5,1378011392.0,1378015488.0,L1,O4a,0.0578487403690815,158
1378013124.0,1378013156.0,E:\o4a\1377786112\L1_1378011392_1378015488.hdf5,1378011392.0,1378015488.0,L1,O4a,0.07009974867105484,158
1378013188.0,1378013220.0,E:\o4a\1377786112\L1_1378011392_1378015488.hdf5,1378011392.0,1378015488.0,L1,O4a,0.05619127303361893,158
1378013252.0,1378013284.0,E:\o4a\1377786112\L1_1378011392_1378015488.hdf5,1378011392.0,1378015488.0,L1,O4a,0.057363297790288925,158
1378013316.0,1378013348.0,E:\o4a\1377786112\L1_1378011392_1378015488.hdf5,1378011392.0,1378015488.0,L1,O4a,0.058666348457336426,158
1378013380.0,1378013412.0,E:\o4a\1377786112\L1_1378011392_1378015488.hdf5,1378011392.0,1378015488.0,L1,O4a,0.061110299080610275,158
1378013444.0,1378013476.0,E:\o4a\1377786112\L1_1378011392_1378015488.hdf5,1378011392.0,1378015488.0,L1,O4a,0.06821285933256149,158
1378013508.0,1378013540.0,E:\o4a\1377786112\L1_1378011392_1378015488.hdf5,1378011392.0,1378015488.0,L1,O4a,0.05870722606778145,158
1378102788.0,1378102820.0,E:\o4a\1377786112\L1_1378101504_1378105600.hdf5,1378101504.0,1378105600.0,L1,O4a,0.05975114554166794,159
1378102852.0,1378102884.0,E:\o4a\1377786112\L1_1378101504_1378105600.hdf5,1378101504.0,1378105600.0,L1,O4a,0.061536047607660294,159
1378102916.0,1378102948.0,E:\o4a\1377786112\L1_1378101504_1378105600.hdf5,1378101504.0,1378105600.0,L1,O4a,0.07115571200847626,159
1378102980.0,1378103012.0,E:\o4a\1377786112\L1_1378101504_1378105600.hdf5,1378101504.0,1378105600.0,L1,O4a,0.05839259549975395,159
1378103044.0,1378103076.0,E:\o4a\1377786112\L1_1378101504_1378105600.hdf5,1378101504.0,1378105600.0,L1,O4a,0.06028197705745697,159
1378103108.0,1378103140.0,E:\o4a\1377786112\L1_1378101504_1378105600.hdf5,1378101504.0,1378105600.0,L1,O4a,0.06009291112422943,159
1378103172.0,1378103204.0,E:\o4a\1377786112\L1_1378101504_1378105600.hdf5,1378101504.0,1378105600.0,L1,O4a,0.058725666254758835,159
1378103236.0,1378103268.0,E:\o4a\1377786112\L1_1378101504_1378105600.hdf5,1378101504.0,1378105600.0,L1,O4a,0.0642659142613411,159
1378103300.0,1378103332.0,E:\o4a\1377786112\L1_1378101504_1378105600.hdf5,1378101504.0,1378105600.0,L1,O4a,0.05443323776125908,159
1378103364.0,1378103396.0,E:\o4a\1377786112\L1_1378101504_1378105600.hdf5,1378101504.0,1378105600.0,L1,O4a,0.05714214965701103,159
1378103428.0,1378103460.0,E:\o4a\1377786112\L1_1378101504_1378105600.hdf5,1378101504.0,1378105600.0,L1,O4a,0.0685780718922615,159
1378103492.0,1378103524.0,E:\o4a\1377786112\L1_1378101504_1378105600.hdf5,1378101504.0,1378105600.0,L1,O4a,0.10500321537256241,159
1378103556.0,1378103588.0,E:\o4a\1377786112\L1_1378101504_1378105600.hdf5,1378101504.0,1378105600.0,L1,O4a,0.0556085966527462,159
1378103620.0,1378103652.0,E:\o4a\1377786112\L1_1378101504_1378105600.hdf5,1378101504.0,1378105600.0,L1,O4a,0.06008996069431305,159
1378103684.0,1378103716.0,E:\o4a\1377786112\L1_1378101504_1378105600.hdf5,1378101504.0,1378105600.0,L1,O4a,0.18961553275585175,159
1378103748.0,1378103780.0,E:\o4a\1377786112\L1_1378101504_1378105600.hdf5,1378101504.0,1378105600.0,L1,O4a,0.07636243104934692,159
1378103812.0,1378103844.0,E:\o4a\1377786112\L1_1378101504_1378105600.hdf5,1378101504.0,1378105600.0,L1,O4a,0.06352030485868454,159
1378181508.0,1378181540.0,E:\o4a\1377786112\L1_1378179328_1378183424.hdf5,1378179328.0,1378183424.0,L1,O4a,0.05817072466015816,160
1378181572.0,1378181604.0,E:\o4a\1377786112\L1_1378179328_1378183424.hdf5,1378179328.0,1378183424.0,L1,O4a,0.054007407277822495,160
1378181636.0,1378181668.0,E:\o4a\1377786112\L1_1378179328_1378183424.hdf5,1378179328.0,1378183424.0,L1,O4a,0.06260561943054199,160
1378181700.0,1378181732.0,E:\o4a\1377786112\L1_1378179328_1378183424.hdf5,1378179328.0,1378183424.0,L1,O4a,0.06100866571068764,160
1378181764.0,1378181796.0,E:\o4a\1377786112\L1_1378179328_1378183424.hdf5,1378179328.0,1378183424.0,L1,O4a,0.055506523698568344,160
1378181828.0,1378181860.0,E:\o4a\1377786112\L1_1378179328_1378183424.hdf5,1378179328.0,1378183424.0,L1,O4a,0.06417053192853928,160
1378181892.0,1378181924.0,E:\o4a\1377786112\L1_1378179328_1378183424.hdf5,1378179328.0,1378183424.0,L1,O4a,0.07402613759040833,160
1378181956.0,1378181988.0,E:\o4a\1377786112\L1_1378179328_1378183424.hdf5,1378179328.0,1378183424.0,L1,O4a,0.061682406812906265,160
1378182020.0,1378182052.0,E:\o4a\1377786112\L1_1378179328_1378183424.hdf5,1378179328.0,1378183424.0,L1,O4a,0.074159637093544,160
1378182084.0,1378182116.0,E:\o4a\1377786112\L1_1378179328_1378183424.hdf5,1378179328.0,1378183424.0,L1,O4a,0.06745575368404388,160
1378182148.0,1378182180.0,E:\o4a\1377786112\L1_1378179328_1378183424.hdf5,1378179328.0,1378183424.0,L1,O4a,0.06876786053180695,160
1378182212.0,1378182244.0,E:\o4a\1377786112\L1_1378179328_1378183424.hdf5,1378179328.0,1378183424.0,L1,O4a,0.07055618613958359,160
1378182276.0,1378182308.0,E:\o4a\1377786112\L1_1378179328_1378183424.hdf5,1378179328.0,1378183424.0,L1,O4a,0.06478727608919144,160
1378182340.0,1378182372.0,E:\o4a\1377786112\L1_1378179328_1378183424.hdf5,1378179328.0,1378183424.0,L1,O4a,0.05262085795402527,160
1378182404.0,1378182436.0,E:\o4a\1377786112\L1_1378179328_1378183424.hdf5,1378179328.0,1378183424.0,L1,O4a,0.05994047969579697,160
1378182468.0,1378182500.0,E:\o4a\1377786112\L1_1378179328_1378183424.hdf5,1378179328.0,1378183424.0,L1,O4a,0.05763448774814606,160
1378182532.0,1378182564.0,E:\o4a\1377786112\L1_1378179328_1378183424.hdf5,1378179328.0,1378183424.0,L1,O4a,0.05877292528748512,160
1378288004.0,1378288036.0,E:\o4a\1377786112\L1_1378285824_1378289920.hdf5,1378285824.0,1378289920.0,L1,O4a,0.06519514322280884,161
1378288068.0,1378288100.0,E:\o4a\1377786112\L1_1378285824_1378289920.hdf5,1378285824.0,1378289920.0,L1,O4a,0.055958643555641174,161
1378288132.0,1378288164.0,E:\o4a\1377786112\L1_1378285824_1378289920.hdf5,1378285824.0,1378289920.0,L1,O4a,0.0629812702536583,161
1378288196.0,1378288228.0,E:\o4a\1377786112\L1_1378285824_1378289920.hdf5,1378285824.0,1378289920.0,L1,O4a,0.06134936586022377,161
1378288260.0,1378288292.0,E:\o4a\1377786112\L1_1378285824_1378289920.hdf5,1378285824.0,1378289920.0,L1,O4a,0.07012065500020981,161
1378288324.0,1378288356.0,E:\o4a\1377786112\L1_1378285824_1378289920.hdf5,1378285824.0,1378289920.0,L1,O4a,0.08947686851024628,161
1378288388.0,1378288420.0,E:\o4a\1377786112\L1_1378285824_1378289920.hdf5,1378285824.0,1378289920.0,L1,O4a,0.058053817600011826,161
1378288452.0,1378288484.0,E:\o4a\1377786112\L1_1378285824_1378289920.hdf5,1378285824.0,1378289920.0,L1,O4a,0.060020796954631805,161
1378288516.0,1378288548.0,E:\o4a\1377786112\L1_1378285824_1378289920.hdf5,1378285824.0,1378289920.0,L1,O4a,0.0631047710776329,161
1378288580.0,1378288612.0,E:\o4a\1377786112\L1_1378285824_1378289920.hdf5,1378285824.0,1378289920.0,L1,O4a,0.059359755367040634,161
1378288644.0,1378288676.0,E:\o4a\1377786112\L1_1378285824_1378289920.hdf5,1378285824.0,1378289920.0,L1,O4a,0.06234297528862953,161
1378288708.0,1378288740.0,E:\o4a\1377786112\L1_1378285824_1378289920.hdf5,1378285824.0,1378289920.0,L1,O4a,0.06536734849214554,161
1378288772.0,1378288804.0,E:\o4a\1377786112\L1_1378285824_1378289920.hdf5,1378285824.0,1378289920.0,L1,O4a,0.05796666443347931,161
1378288836.0,1378288868.0,E:\o4a\1377786112\L1_1378285824_1378289920.hdf5,1378285824.0,1378289920.0,L1,O4a,0.06250517070293427,161
1378288900.0,1378288932.0,E:\o4a\1377786112\L1_1378285824_1378289920.hdf5,1378285824.0,1378289920.0,L1,O4a,0.06576139479875565,161
1378288964.0,1378288996.0,E:\o4a\1377786112\L1_1378285824_1378289920.hdf5,1378285824.0,1378289920.0,L1,O4a,0.058927640318870544,161
1378289028.0,1378289060.0,E:\o4a\1377786112\L1_1378285824_1378289920.hdf5,1378285824.0,1378289920.0,L1,O4a,0.06544255465269089,161
1378337284.0,1378337316.0,E:\o4a\1378304512\L1_1378337280_1378341376.hdf5,1378337280.0,1378341376.0,L1,O4a,0.09260758757591248,162
1378337348.0,1378337380.0,E:\o4a\1378304512\L1_1378337280_1378341376.hdf5,1378337280.0,1378341376.0,L1,O4a,0.06388289481401443,162
1378337412.0,1378337444.0,E:\o4a\1378304512\L1_1378337280_1378341376.hdf5,1378337280.0,1378341376.0,L1,O4a,0.09252972155809402,162
1378337476.0,1378337508.0,E:\o4a\1378304512\L1_1378337280_1378341376.hdf5,1378337280.0,1378341376.0,L1,O4a,0.05691535398364067,162
1378337540.0,1378337572.0,E:\o4a\1378304512\L1_1378337280_1378341376.hdf5,1378337280.0,1378341376.0,L1,O4a,0.059183064848184586,162
1378337604.0,1378337636.0,E:\o4a\1378304512\L1_1378337280_1378341376.hdf5,1378337280.0,1378341376.0,L1,O4a,0.05945810303092003,162
1378337668.0,1378337700.0,E:\o4a\1378304512\L1_1378337280_1378341376.hdf5,1378337280.0,1378341376.0,L1,O4a,0.06262452155351639,162
1378337732.0,1378337764.0,E:\o4a\1378304512\L1_1378337280_1378341376.hdf5,1378337280.0,1378341376.0,L1,O4a,0.06580151617527008,162
1378337796.0,1378337828.0,E:\o4a\1378304512\L1_1378337280_1378341376.hdf5,1378337280.0,1378341376.0,L1,O4a,0.057434339076280594,162
1378337860.0,1378337892.0,E:\o4a\1378304512\L1_1378337280_1378341376.hdf5,1378337280.0,1378341376.0,L1,O4a,0.06248694285750389,162
1378337924.0,1378337956.0,E:\o4a\1378304512\L1_1378337280_1378341376.hdf5,1378337280.0,1378341376.0,L1,O4a,0.08859778940677643,162
1378337988.0,1378338020.0,E:\o4a\1378304512\L1_1378337280_1378341376.hdf5,1378337280.0,1378341376.0,L1,O4a,0.05866195634007454,162
1378338052.0,1378338084.0,E:\o4a\1378304512\L1_1378337280_1378341376.hdf5,1378337280.0,1378341376.0,L1,O4a,0.06013578549027443,162
1378338116.0,1378338148.0,E:\o4a\1378304512\L1_1378337280_1378341376.hdf5,1378337280.0,1378341376.0,L1,O4a,0.06610631942749023,162
1378338180.0,1378338212.0,E:\o4a\1378304512\L1_1378337280_1378341376.hdf5,1378337280.0,1378341376.0,L1,O4a,0.06355305761098862,162
1378338244.0,1378338276.0,E:\o4a\1378304512\L1_1378337280_1378341376.hdf5,1378337280.0,1378341376.0,L1,O4a,0.06036236882209778,162
1378338308.0,1378338340.0,E:\o4a\1378304512\L1_1378337280_1378341376.hdf5,1378337280.0,1378341376.0,L1,O4a,0.058233313262462616,162
1378394628.0,1378394660.0,E:\o4a\1378304512\L1_1378394624_1378398720.hdf5,1378394624.0,1378398720.0,L1,O4a,0.07099746912717819,163
1378394692.0,1378394724.0,E:\o4a\1378304512\L1_1378394624_1378398720.hdf5,1378394624.0,1378398720.0,L1,O4a,0.06500229239463806,163
1378394756.0,1378394788.0,E:\o4a\1378304512\L1_1378394624_1378398720.hdf5,1378394624.0,1378398720.0,L1,O4a,0.05470184609293938,163
1378394820.0,1378394852.0,E:\o4a\1378304512\L1_1378394624_1378398720.hdf5,1378394624.0,1378398720.0,L1,O4a,0.05989287793636322,163
1378394884.0,1378394916.0,E:\o4a\1378304512\L1_1378394624_1378398720.hdf5,1378394624.0,1378398720.0,L1,O4a,0.06087606027722359,163
1378394948.0,1378394980.0,E:\o4a\1378304512\L1_1378394624_1378398720.hdf5,1378394624.0,1378398720.0,L1,O4a,0.058026671409606934,163
1378395012.0,1378395044.0,E:\o4a\1378304512\L1_1378394624_1378398720.hdf5,1378394624.0,1378398720.0,L1,O4a,0.05798158422112465,163
1378395076.0,1378395108.0,E:\o4a\1378304512\L1_1378394624_1378398720.hdf5,1378394624.0,1378398720.0,L1,O4a,0.06471481174230576,163
1378395140.0,1378395172.0,E:\o4a\1378304512\L1_1378394624_1378398720.hdf5,1378394624.0,1378398720.0,L1,O4a,0.08569487184286118,163
1378395204.0,1378395236.0,E:\o4a\1378304512\L1_1378394624_1378398720.hdf5,1378394624.0,1378398720.0,L1,O4a,0.06928407400846481,163
1378395268.0,1378395300.0,E:\o4a\1378304512\L1_1378394624_1378398720.hdf5,1378394624.0,1378398720.0,L1,O4a,0.06041516363620758,163
1378395332.0,1378395364.0,E:\o4a\1378304512\L1_1378394624_1378398720.hdf5,1378394624.0,1378398720.0,L1,O4a,0.06277206540107727,163
1378395396.0,1378395428.0,E:\o4a\1378304512\L1_1378394624_1378398720.hdf5,1378394624.0,1378398720.0,L1,O4a,0.0616944245994091,163
1378395460.0,1378395492.0,E:\o4a\1378304512\L1_1378394624_1378398720.hdf5,1378394624.0,1378398720.0,L1,O4a,0.06031176075339317,163
1378395524.0,1378395556.0,E:\o4a\1378304512\L1_1378394624_1378398720.hdf5,1378394624.0,1378398720.0,L1,O4a,0.06430397182703018,163
1378395588.0,1378395620.0,E:\o4a\1378304512\L1_1378394624_1378398720.hdf5,1378394624.0,1378398720.0,L1,O4a,0.0645894706249237,163
1378395652.0,1378395684.0,E:\o4a\1378304512\L1_1378394624_1378398720.hdf5,1378394624.0,1378398720.0,L1,O4a,0.060209162533283234,163
1378462084.0,1378462116.0,E:\o4a\1378304512\L1_1378460160_1378464256.hdf5,1378460160.0,1378464256.0,L1,O4a,0.06561683118343353,164
1378462148.0,1378462180.0,E:\o4a\1378304512\L1_1378460160_1378464256.hdf5,1378460160.0,1378464256.0,L1,O4a,0.05444854125380516,164
1378462212.0,1378462244.0,E:\o4a\1378304512\L1_1378460160_1378464256.hdf5,1378460160.0,1378464256.0,L1,O4a,0.0827651172876358,164
1378462276.0,1378462308.0,E:\o4a\1378304512\L1_1378460160_1378464256.hdf5,1378460160.0,1378464256.0,L1,O4a,0.07193701714277267,164
1378462340.0,1378462372.0,E:\o4a\1378304512\L1_1378460160_1378464256.hdf5,1378460160.0,1378464256.0,L1,O4a,0.0646933913230896,164
1378462404.0,1378462436.0,E:\o4a\1378304512\L1_1378460160_1378464256.hdf5,1378460160.0,1378464256.0,L1,O4a,0.06229420378804207,164
1378462468.0,1378462500.0,E:\o4a\1378304512\L1_1378460160_1378464256.hdf5,1378460160.0,1378464256.0,L1,O4a,0.06184092536568642,164
1378462532.0,1378462564.0,E:\o4a\1378304512\L1_1378460160_1378464256.hdf5,1378460160.0,1378464256.0,L1,O4a,0.05911945551633835,164
1378462596.0,1378462628.0,E:\o4a\1378304512\L1_1378460160_1378464256.hdf5,1378460160.0,1378464256.0,L1,O4a,0.06766486167907715,164
1378462660.0,1378462692.0,E:\o4a\1378304512\L1_1378460160_1378464256.hdf5,1378460160.0,1378464256.0,L1,O4a,0.09125761687755585,164
1378462724.0,1378462756.0,E:\o4a\1378304512\L1_1378460160_1378464256.hdf5,1378460160.0,1378464256.0,L1,O4a,0.06214331090450287,164
1378462788.0,1378462820.0,E:\o4a\1378304512\L1_1378460160_1378464256.hdf5,1378460160.0,1378464256.0,L1,O4a,0.05937530845403671,164
1378462852.0,1378462884.0,E:\o4a\1378304512\L1_1378460160_1378464256.hdf5,1378460160.0,1378464256.0,L1,O4a,0.061671216040849686,164
1378462916.0,1378462948.0,E:\o4a\1378304512\L1_1378460160_1378464256.hdf5,1378460160.0,1378464256.0,L1,O4a,0.05699785426259041,164
1378462980.0,1378463012.0,E:\o4a\1378304512\L1_1378460160_1378464256.hdf5,1378460160.0,1378464256.0,L1,O4a,0.05836137756705284,164
1378463044.0,1378463076.0,E:\o4a\1378304512\L1_1378460160_1378464256.hdf5,1378460160.0,1378464256.0,L1,O4a,0.062329258769750595,164
1378463108.0,1378463140.0,E:\o4a\1378304512\L1_1378460160_1378464256.hdf5,1378460160.0,1378464256.0,L1,O4a,0.05974947661161423,164
1378519684.0,1378519716.0,E:\o4a\1378304512\L1_1378517504_1378521600.hdf5,1378517504.0,1378521600.0,L1,O4a,0.07269222289323807,165
1378519748.0,1378519780.0,E:\o4a\1378304512\L1_1378517504_1378521600.hdf5,1378517504.0,1378521600.0,L1,O4a,0.06715760380029678,165
1378519812.0,1378519844.0,E:\o4a\1378304512\L1_1378517504_1378521600.hdf5,1378517504.0,1378521600.0,L1,O4a,0.0618770532310009,165
1378519876.0,1378519908.0,E:\o4a\1378304512\L1_1378517504_1378521600.hdf5,1378517504.0,1378521600.0,L1,O4a,0.0745202824473381,165
1378519940.0,1378519972.0,E:\o4a\1378304512\L1_1378517504_1378521600.hdf5,1378517504.0,1378521600.0,L1,O4a,0.05655575916171074,165
1378520004.0,1378520036.0,E:\o4a\1378304512\L1_1378517504_1378521600.hdf5,1378517504.0,1378521600.0,L1,O4a,0.06919460743665695,165
1378520068.0,1378520100.0,E:\o4a\1378304512\L1_1378517504_1378521600.hdf5,1378517504.0,1378521600.0,L1,O4a,0.07077660411596298,165
1378520132.0,1378520164.0,E:\o4a\1378304512\L1_1378517504_1378521600.hdf5,1378517504.0,1378521600.0,L1,O4a,0.08396701514720917,165
1378520196.0,1378520228.0,E:\o4a\1378304512\L1_1378517504_1378521600.hdf5,1378517504.0,1378521600.0,L1,O4a,0.05601382255554199,165
1378520260.0,1378520292.0,E:\o4a\1378304512\L1_1378517504_1378521600.hdf5,1378517504.0,1378521600.0,L1,O4a,0.06217563897371292,165
1378520324.0,1378520356.0,E:\o4a\1378304512\L1_1378517504_1378521600.hdf5,1378517504.0,1378521600.0,L1,O4a,0.058588989078998566,165
1378520388.0,1378520420.0,E:\o4a\1378304512\L1_1378517504_1378521600.hdf5,1378517504.0,1378521600.0,L1,O4a,0.06180259957909584,165
1378520452.0,1378520484.0,E:\o4a\1378304512\L1_1378517504_1378521600.hdf5,1378517504.0,1378521600.0,L1,O4a,0.05815163627266884,165
1378520516.0,1378520548.0,E:\o4a\1378304512\L1_1378517504_1378521600.hdf5,1378517504.0,1378521600.0,L1,O4a,0.0610194131731987,165
1378520580.0,1378520612.0,E:\o4a\1378304512\L1_1378517504_1378521600.hdf5,1378517504.0,1378521600.0,L1,O4a,0.0559014230966568,165
1378520644.0,1378520676.0,E:\o4a\1378304512\L1_1378517504_1378521600.hdf5,1378517504.0,1378521600.0,L1,O4a,0.08123989403247833,165
1378520708.0,1378520740.0,E:\o4a\1378304512\L1_1378517504_1378521600.hdf5,1378517504.0,1378521600.0,L1,O4a,0.06795763224363327,165
1378592708.0,1378592740.0,E:\o4a\1378304512\L1_1378591232_1378595328.hdf5,1378591232.0,1378595328.0,L1,O4a,0.08686969429254532,166
1378592772.0,1378592804.0,E:\o4a\1378304512\L1_1378591232_1378595328.hdf5,1378591232.0,1378595328.0,L1,O4a,0.06299862265586853,166
1378592836.0,1378592868.0,E:\o4a\1378304512\L1_1378591232_1378595328.hdf5,1378591232.0,1378595328.0,L1,O4a,0.06152792647480965,166
1378592900.0,1378592932.0,E:\o4a\1378304512\L1_1378591232_1378595328.hdf5,1378591232.0,1378595328.0,L1,O4a,0.05608917400240898,166
1378592964.0,1378592996.0,E:\o4a\1378304512\L1_1378591232_1378595328.hdf5,1378591232.0,1378595328.0,L1,O4a,0.052852485328912735,166
1378593028.0,1378593060.0,E:\o4a\1378304512\L1_1378591232_1378595328.hdf5,1378591232.0,1378595328.0,L1,O4a,0.05913378298282623,166
1378593092.0,1378593124.0,E:\o4a\1378304512\L1_1378591232_1378595328.hdf5,1378591232.0,1378595328.0,L1,O4a,0.07047341763973236,166
1378593156.0,1378593188.0,E:\o4a\1378304512\L1_1378591232_1378595328.hdf5,1378591232.0,1378595328.0,L1,O4a,0.05547855794429779,166
1378593220.0,1378593252.0,E:\o4a\1378304512\L1_1378591232_1378595328.hdf5,1378591232.0,1378595328.0,L1,O4a,0.06279981881380081,166
1378593284.0,1378593316.0,E:\o4a\1378304512\L1_1378591232_1378595328.hdf5,1378591232.0,1378595328.0,L1,O4a,0.06402451545000076,166
1378593348.0,1378593380.0,E:\o4a\1378304512\L1_1378591232_1378595328.hdf5,1378591232.0,1378595328.0,L1,O4a,0.05967662110924721,166
1378593412.0,1378593444.0,E:\o4a\1378304512\L1_1378591232_1378595328.hdf5,1378591232.0,1378595328.0,L1,O4a,0.061866212636232376,166
1378593476.0,1378593508.0,E:\o4a\1378304512\L1_1378591232_1378595328.hdf5,1378591232.0,1378595328.0,L1,O4a,0.07287552207708359,166
1378593540.0,1378593572.0,E:\o4a\1378304512\L1_1378591232_1378595328.hdf5,1378591232.0,1378595328.0,L1,O4a,0.0631643757224083,166
1378593604.0,1378593636.0,E:\o4a\1378304512\L1_1378591232_1378595328.hdf5,1378591232.0,1378595328.0,L1,O4a,0.0734749287366867,166
1378593668.0,1378593700.0,E:\o4a\1378304512\L1_1378591232_1378595328.hdf5,1378591232.0,1378595328.0,L1,O4a,0.0627737045288086,166
1378593732.0,1378593764.0,E:\o4a\1378304512\L1_1378591232_1378595328.hdf5,1378591232.0,1378595328.0,L1,O4a,0.0565699003636837,166
1378722820.0,1378722852.0,E:\o4a\1378304512\L1_1378722304_1378726400.hdf5,1378722304.0,1378726400.0,L1,O4a,0.06104200705885887,168
1378722884.0,1378722916.0,E:\o4a\1378304512\L1_1378722304_1378726400.hdf5,1378722304.0,1378726400.0,L1,O4a,0.058867622166872025,168
1378722948.0,1378722980.0,E:\o4a\1378304512\L1_1378722304_1378726400.hdf5,1378722304.0,1378726400.0,L1,O4a,0.056049592792987823,168
1378723012.0,1378723044.0,E:\o4a\1378304512\L1_1378722304_1378726400.hdf5,1378722304.0,1378726400.0,L1,O4a,0.05464494973421097,168
1378723076.0,1378723108.0,E:\o4a\1378304512\L1_1378722304_1378726400.hdf5,1378722304.0,1378726400.0,L1,O4a,0.05911862850189209,168
1378723140.0,1378723172.0,E:\o4a\1378304512\L1_1378722304_1378726400.hdf5,1378722304.0,1378726400.0,L1,O4a,0.07507988810539246,168
1378723204.0,1378723236.0,E:\o4a\1378304512\L1_1378722304_1378726400.hdf5,1378722304.0,1378726400.0,L1,O4a,0.06318178027868271,168
1378723268.0,1378723300.0,E:\o4a\1378304512\L1_1378722304_1378726400.hdf5,1378722304.0,1378726400.0,L1,O4a,0.09438811987638474,168
1378723332.0,1378723364.0,E:\o4a\1378304512\L1_1378722304_1378726400.hdf5,1378722304.0,1378726400.0,L1,O4a,0.06907520443201065,168
1378723396.0,1378723428.0,E:\o4a\1378304512\L1_1378722304_1378726400.hdf5,1378722304.0,1378726400.0,L1,O4a,0.058825183659791946,168
1378723460.0,1378723492.0,E:\o4a\1378304512\L1_1378722304_1378726400.hdf5,1378722304.0,1378726400.0,L1,O4a,0.06134313717484474,168
1378723524.0,1378723556.0,E:\o4a\1378304512\L1_1378722304_1378726400.hdf5,1378722304.0,1378726400.0,L1,O4a,0.05614122748374939,168
1378723588.0,1378723620.0,E:\o4a\1378304512\L1_1378722304_1378726400.hdf5,1378722304.0,1378726400.0,L1,O4a,0.05811033770442009,168
1378723652.0,1378723684.0,E:\o4a\1378304512\L1_1378722304_1378726400.hdf5,1378722304.0,1378726400.0,L1,O4a,0.059132106602191925,168
1378723716.0,1378723748.0,E:\o4a\1378304512\L1_1378722304_1378726400.hdf5,1378722304.0,1378726400.0,L1,O4a,0.05116529390215874,168
1378723780.0,1378723812.0,E:\o4a\1378304512\L1_1378722304_1378726400.hdf5,1378722304.0,1378726400.0,L1,O4a,0.06562257558107376,168
1378723844.0,1378723876.0,E:\o4a\1378304512\L1_1378722304_1378726400.hdf5,1378722304.0,1378726400.0,L1,O4a,0.06166699528694153,168
1378794308.0,1378794340.0,E:\o4a\1378304512\L1_1378791936_1378796032.hdf5,1378791936.0,1378796032.0,L1,O4a,0.06988999247550964,169
1378794372.0,1378794404.0,E:\o4a\1378304512\L1_1378791936_1378796032.hdf5,1378791936.0,1378796032.0,L1,O4a,0.07634985446929932,169
1378794436.0,1378794468.0,E:\o4a\1378304512\L1_1378791936_1378796032.hdf5,1378791936.0,1378796032.0,L1,O4a,0.05902126803994179,169
1378794500.0,1378794532.0,E:\o4a\1378304512\L1_1378791936_1378796032.hdf5,1378791936.0,1378796032.0,L1,O4a,0.056754689663648605,169
1378794564.0,1378794596.0,E:\o4a\1378304512\L1_1378791936_1378796032.hdf5,1378791936.0,1378796032.0,L1,O4a,0.05657421797513962,169
1378794628.0,1378794660.0,E:\o4a\1378304512\L1_1378791936_1378796032.hdf5,1378791936.0,1378796032.0,L1,O4a,0.059476256370544434,169
1378794692.0,1378794724.0,E:\o4a\1378304512\L1_1378791936_1378796032.hdf5,1378791936.0,1378796032.0,L1,O4a,0.057884179055690765,169
1378794756.0,1378794788.0,E:\o4a\1378304512\L1_1378791936_1378796032.hdf5,1378791936.0,1378796032.0,L1,O4a,0.0583333894610405,169
1378794820.0,1378794852.0,E:\o4a\1378304512\L1_1378791936_1378796032.hdf5,1378791936.0,1378796032.0,L1,O4a,0.05592063069343567,169
1378794884.0,1378794916.0,E:\o4a\1378304512\L1_1378791936_1378796032.hdf5,1378791936.0,1378796032.0,L1,O4a,0.05489671230316162,169
1378794948.0,1378794980.0,E:\o4a\1378304512\L1_1378791936_1378796032.hdf5,1378791936.0,1378796032.0,L1,O4a,0.059284012764692307,169
1378795012.0,1378795044.0,E:\o4a\1378304512\L1_1378791936_1378796032.hdf5,1378791936.0,1378796032.0,L1,O4a,0.0612940788269043,169
1378795076.0,1378795108.0,E:\o4a\1378304512\L1_1378791936_1378796032.hdf5,1378791936.0,1378796032.0,L1,O4a,0.06153646111488342,169
1378795140.0,1378795172.0,E:\o4a\1378304512\L1_1378791936_1378796032.hdf5,1378791936.0,1378796032.0,L1,O4a,0.06008949130773544,169
1378795204.0,1378795236.0,E:\o4a\1378304512\L1_1378791936_1378796032.hdf5,1378791936.0,1378796032.0,L1,O4a,0.06652382016181946,169
1378795268.0,1378795300.0,E:\o4a\1378304512\L1_1378791936_1378796032.hdf5,1378791936.0,1378796032.0,L1,O4a,0.057787466794252396,169
1378795332.0,1378795364.0,E:\o4a\1378304512\L1_1378791936_1378796032.hdf5,1378791936.0,1378796032.0,L1,O4a,0.07131568342447281,169
1378861700.0,1378861732.0,E:\o4a\1378822912\L1_1378859776_1378863872.hdf5,1378859776.0,1378863872.0,L1,O4a,0.07106874138116837,170
1378861764.0,1378861796.0,E:\o4a\1378822912\L1_1378859776_1378863872.hdf5,1378859776.0,1378863872.0,L1,O4a,0.08405181765556335,170
1378861828.0,1378861860.0,E:\o4a\1378822912\L1_1378859776_1378863872.hdf5,1378859776.0,1378863872.0,L1,O4a,0.07783031463623047,170
1378861892.0,1378861924.0,E:\o4a\1378822912\L1_1378859776_1378863872.hdf5,1378859776.0,1378863872.0,L1,O4a,0.05591228976845741,170
1378861956.0,1378861988.0,E:\o4a\1378822912\L1_1378859776_1378863872.hdf5,1378859776.0,1378863872.0,L1,O4a,0.05530660226941109,170
1378862020.0,1378862052.0,E:\o4a\1378822912\L1_1378859776_1378863872.hdf5,1378859776.0,1378863872.0,L1,O4a,0.08100903779268265,170
1378862084.0,1378862116.0,E:\o4a\1378822912\L1_1378859776_1378863872.hdf5,1378859776.0,1378863872.0,L1,O4a,0.06321773678064346,170
1378862148.0,1378862180.0,E:\o4a\1378822912\L1_1378859776_1378863872.hdf5,1378859776.0,1378863872.0,L1,O4a,0.06632699817419052,170
1378862212.0,1378862244.0,E:\o4a\1378822912\L1_1378859776_1378863872.hdf5,1378859776.0,1378863872.0,L1,O4a,0.06912913173437119,170
1378862276.0,1378862308.0,E:\o4a\1378822912\L1_1378859776_1378863872.hdf5,1378859776.0,1378863872.0,L1,O4a,0.05583082139492035,170
1378862340.0,1378862372.0,E:\o4a\1378822912\L1_1378859776_1378863872.hdf5,1378859776.0,1378863872.0,L1,O4a,0.05422916263341904,170
1378862404.0,1378862436.0,E:\o4a\1378822912\L1_1378859776_1378863872.hdf5,1378859776.0,1378863872.0,L1,O4a,0.07412498444318771,170
1378862468.0,1378862500.0,E:\o4a\1378822912\L1_1378859776_1378863872.hdf5,1378859776.0,1378863872.0,L1,O4a,0.06443117558956146,170
1378862532.0,1378862564.0,E:\o4a\1378822912\L1_1378859776_1378863872.hdf5,1378859776.0,1378863872.0,L1,O4a,0.06143447384238243,170
1378862596.0,1378862628.0,E:\o4a\1378822912\L1_1378859776_1378863872.hdf5,1378859776.0,1378863872.0,L1,O4a,0.05621065944433212,170
1378862660.0,1378862692.0,E:\o4a\1378822912\L1_1378859776_1378863872.hdf5,1378859776.0,1378863872.0,L1,O4a,0.05494542047381401,170
1378862724.0,1378862756.0,E:\o4a\1378822912\L1_1378859776_1378863872.hdf5,1378859776.0,1378863872.0,L1,O4a,0.0632568821310997,170
1378915716.0,1378915748.0,E:\o4a\1378822912\L1_1378913024_1378917120.hdf5,1378913024.0,1378917120.0,L1,O4a,0.053102634847164154,171
1378915780.0,1378915812.0,E:\o4a\1378822912\L1_1378913024_1378917120.hdf5,1378913024.0,1378917120.0,L1,O4a,0.10426313430070877,171
1378915844.0,1378915876.0,E:\o4a\1378822912\L1_1378913024_1378917120.hdf5,1378913024.0,1378917120.0,L1,O4a,0.09478209912776947,171
1378915908.0,1378915940.0,E:\o4a\1378822912\L1_1378913024_1378917120.hdf5,1378913024.0,1378917120.0,L1,O4a,0.08077283948659897,171
1378915972.0,1378916004.0,E:\o4a\1378822912\L1_1378913024_1378917120.hdf5,1378913024.0,1378917120.0,L1,O4a,0.08448620140552521,171
1378916036.0,1378916068.0,E:\o4a\1378822912\L1_1378913024_1378917120.hdf5,1378913024.0,1378917120.0,L1,O4a,0.05858825892210007,171
1378916100.0,1378916132.0,E:\o4a\1378822912\L1_1378913024_1378917120.hdf5,1378913024.0,1378917120.0,L1,O4a,0.09492980688810349,171
1378916164.0,1378916196.0,E:\o4a\1378822912\L1_1378913024_1378917120.hdf5,1378913024.0,1378917120.0,L1,O4a,0.0603443942964077,171
1378916228.0,1378916260.0,E:\o4a\1378822912\L1_1378913024_1378917120.hdf5,1378913024.0,1378917120.0,L1,O4a,0.07101146876811981,171
1378916292.0,1378916324.0,E:\o4a\1378822912\L1_1378913024_1378917120.hdf5,1378913024.0,1378917120.0,L1,O4a,0.060237057507038116,171
1378916356.0,1378916388.0,E:\o4a\1378822912\L1_1378913024_1378917120.hdf5,1378913024.0,1378917120.0,L1,O4a,0.08079762756824493,171
1378916420.0,1378916452.0,E:\o4a\1378822912\L1_1378913024_1378917120.hdf5,1378913024.0,1378917120.0,L1,O4a,0.06251924484968185,171
1378916484.0,1378916516.0,E:\o4a\1378822912\L1_1378913024_1378917120.hdf5,1378913024.0,1378917120.0,L1,O4a,0.05895071104168892,171
1378916548.0,1378916580.0,E:\o4a\1378822912\L1_1378913024_1378917120.hdf5,1378913024.0,1378917120.0,L1,O4a,0.059248846024274826,171
1378916612.0,1378916644.0,E:\o4a\1378822912\L1_1378913024_1378917120.hdf5,1378913024.0,1378917120.0,L1,O4a,0.05703878030180931,171
1378916676.0,1378916708.0,E:\o4a\1378822912\L1_1378913024_1378917120.hdf5,1378913024.0,1378917120.0,L1,O4a,0.05796340852975845,171
1378916740.0,1378916772.0,E:\o4a\1378822912\L1_1378913024_1378917120.hdf5,1378913024.0,1378917120.0,L1,O4a,0.06139411777257919,171
1378959492.0,1378959524.0,E:\o4a\1378822912\L1_1378958080_1378962176.hdf5,1378958080.0,1378962176.0,L1,O4a,0.05886373668909073,172
1378959556.0,1378959588.0,E:\o4a\1378822912\L1_1378958080_1378962176.hdf5,1378958080.0,1378962176.0,L1,O4a,0.061556313186883926,172
1378959620.0,1378959652.0,E:\o4a\1378822912\L1_1378958080_1378962176.hdf5,1378958080.0,1378962176.0,L1,O4a,0.06008925288915634,172
1378959684.0,1378959716.0,E:\o4a\1378822912\L1_1378958080_1378962176.hdf5,1378958080.0,1378962176.0,L1,O4a,0.08128700405359268,172
1378959748.0,1378959780.0,E:\o4a\1378822912\L1_1378958080_1378962176.hdf5,1378958080.0,1378962176.0,L1,O4a,0.061132971197366714,172
1378959812.0,1378959844.0,E:\o4a\1378822912\L1_1378958080_1378962176.hdf5,1378958080.0,1378962176.0,L1,O4a,0.05186992511153221,172
1378959876.0,1378959908.0,E:\o4a\1378822912\L1_1378958080_1378962176.hdf5,1378958080.0,1378962176.0,L1,O4a,0.0621715784072876,172
1378959940.0,1378959972.0,E:\o4a\1378822912\L1_1378958080_1378962176.hdf5,1378958080.0,1378962176.0,L1,O4a,0.05701041594147682,172
1378960004.0,1378960036.0,E:\o4a\1378822912\L1_1378958080_1378962176.hdf5,1378958080.0,1378962176.0,L1,O4a,0.05675400793552399,172
1378960068.0,1378960100.0,E:\o4a\1378822912\L1_1378958080_1378962176.hdf5,1378958080.0,1378962176.0,L1,O4a,0.05937924236059189,172
1378960132.0,1378960164.0,E:\o4a\1378822912\L1_1378958080_1378962176.hdf5,1378958080.0,1378962176.0,L1,O4a,0.061308853328228,172
1378960196.0,1378960228.0,E:\o4a\1378822912\L1_1378958080_1378962176.hdf5,1378958080.0,1378962176.0,L1,O4a,0.06364025920629501,172
1378960260.0,1378960292.0,E:\o4a\1378822912\L1_1378958080_1378962176.hdf5,1378958080.0,1378962176.0,L1,O4a,0.07681326568126678,172
1378960324.0,1378960356.0,E:\o4a\1378822912\L1_1378958080_1378962176.hdf5,1378958080.0,1378962176.0,L1,O4a,0.06110325828194618,172
1378960388.0,1378960420.0,E:\o4a\1378822912\L1_1378958080_1378962176.hdf5,1378958080.0,1378962176.0,L1,O4a,0.10974893718957901,172
1378960452.0,1378960484.0,E:\o4a\1378822912\L1_1378958080_1378962176.hdf5,1378958080.0,1378962176.0,L1,O4a,0.05934851989150047,172
1378960516.0,1378960548.0,E:\o4a\1378822912\L1_1378958080_1378962176.hdf5,1378958080.0,1378962176.0,L1,O4a,0.06149435043334961,172
1379011972.0,1379012004.0,E:\o4a\1378822912\L1_1379011328_1379015424.hdf5,1379011328.0,1379015424.0,L1,O4a,0.08397144824266434,173
1379012036.0,1379012068.0,E:\o4a\1378822912\L1_1379011328_1379015424.hdf5,1379011328.0,1379015424.0,L1,O4a,0.060268107801675797,173
1379012100.0,1379012132.0,E:\o4a\1378822912\L1_1379011328_1379015424.hdf5,1379011328.0,1379015424.0,L1,O4a,0.05890422686934471,173
1379012164.0,1379012196.0,E:\o4a\1378822912\L1_1379011328_1379015424.hdf5,1379011328.0,1379015424.0,L1,O4a,0.0830291286110878,173
1379012228.0,1379012260.0,E:\o4a\1378822912\L1_1379011328_1379015424.hdf5,1379011328.0,1379015424.0,L1,O4a,0.06298992037773132,173
1379012292.0,1379012324.0,E:\o4a\1378822912\L1_1379011328_1379015424.hdf5,1379011328.0,1379015424.0,L1,O4a,0.060895949602127075,173
1379012356.0,1379012388.0,E:\o4a\1378822912\L1_1379011328_1379015424.hdf5,1379011328.0,1379015424.0,L1,O4a,0.052115898579359055,173
1379012420.0,1379012452.0,E:\o4a\1378822912\L1_1379011328_1379015424.hdf5,1379011328.0,1379015424.0,L1,O4a,0.0608534961938858,173
1379012484.0,1379012516.0,E:\o4a\1378822912\L1_1379011328_1379015424.hdf5,1379011328.0,1379015424.0,L1,O4a,0.05609630048274994,173
1379012548.0,1379012580.0,E:\o4a\1378822912\L1_1379011328_1379015424.hdf5,1379011328.0,1379015424.0,L1,O4a,0.06315082311630249,173
1379012612.0,1379012644.0,E:\o4a\1378822912\L1_1379011328_1379015424.hdf5,1379011328.0,1379015424.0,L1,O4a,0.06144407391548157,173
1379012676.0,1379012708.0,E:\o4a\1378822912\L1_1379011328_1379015424.hdf5,1379011328.0,1379015424.0,L1,O4a,0.06094297394156456,173
1379012740.0,1379012772.0,E:\o4a\1378822912\L1_1379011328_1379015424.hdf5,1379011328.0,1379015424.0,L1,O4a,0.05909653380513191,173
1379012804.0,1379012836.0,E:\o4a\1378822912\L1_1379011328_1379015424.hdf5,1379011328.0,1379015424.0,L1,O4a,0.05603001266717911,173
1379012868.0,1379012900.0,E:\o4a\1378822912\L1_1379011328_1379015424.hdf5,1379011328.0,1379015424.0,L1,O4a,0.05602714791893959,173
1379012932.0,1379012964.0,E:\o4a\1378822912\L1_1379011328_1379015424.hdf5,1379011328.0,1379015424.0,L1,O4a,0.055798258632421494,173
1379012996.0,1379013028.0,E:\o4a\1378822912\L1_1379011328_1379015424.hdf5,1379011328.0,1379015424.0,L1,O4a,0.06262995302677155,173
1379058308.0,1379058340.0,E:\o4a\1378822912\L1_1379056384_1379060480.hdf5,1379056384.0,1379060480.0,L1,O4a,0.0924159362912178,174
1379058372.0,1379058404.0,E:\o4a\1378822912\L1_1379056384_1379060480.hdf5,1379056384.0,1379060480.0,L1,O4a,0.0707985907793045,174
1379058436.0,1379058468.0,E:\o4a\1378822912\L1_1379056384_1379060480.hdf5,1379056384.0,1379060480.0,L1,O4a,0.050666484981775284,174
1379058500.0,1379058532.0,E:\o4a\1378822912\L1_1379056384_1379060480.hdf5,1379056384.0,1379060480.0,L1,O4a,0.07740577310323715,174
1379058564.0,1379058596.0,E:\o4a\1378822912\L1_1379056384_1379060480.hdf5,1379056384.0,1379060480.0,L1,O4a,0.06093943864107132,174
1379058628.0,1379058660.0,E:\o4a\1378822912\L1_1379056384_1379060480.hdf5,1379056384.0,1379060480.0,L1,O4a,0.0984707698225975,174
1379058692.0,1379058724.0,E:\o4a\1378822912\L1_1379056384_1379060480.hdf5,1379056384.0,1379060480.0,L1,O4a,0.07800506055355072,174
1379058756.0,1379058788.0,E:\o4a\1378822912\L1_1379056384_1379060480.hdf5,1379056384.0,1379060480.0,L1,O4a,0.16142141819000244,174
1379058820.0,1379058852.0,E:\o4a\1378822912\L1_1379056384_1379060480.hdf5,1379056384.0,1379060480.0,L1,O4a,0.06677940487861633,174
1379058884.0,1379058916.0,E:\o4a\1378822912\L1_1379056384_1379060480.hdf5,1379056384.0,1379060480.0,L1,O4a,0.05321941524744034,174
1379058948.0,1379058980.0,E:\o4a\1378822912\L1_1379056384_1379060480.hdf5,1379056384.0,1379060480.0,L1,O4a,0.07364924997091293,174
1379059012.0,1379059044.0,E:\o4a\1378822912\L1_1379056384_1379060480.hdf5,1379056384.0,1379060480.0,L1,O4a,0.06798548251390457,174
1379059076.0,1379059108.0,E:\o4a\1378822912\L1_1379056384_1379060480.hdf5,1379056384.0,1379060480.0,L1,O4a,0.06470585614442825,174
1379059140.0,1379059172.0,E:\o4a\1378822912\L1_1379056384_1379060480.hdf5,1379056384.0,1379060480.0,L1,O4a,0.05668692663311958,174
1379059204.0,1379059236.0,E:\o4a\1378822912\L1_1379056384_1379060480.hdf5,1379056384.0,1379060480.0,L1,O4a,0.05730030685663223,174
1379059268.0,1379059300.0,E:\o4a\1378822912\L1_1379056384_1379060480.hdf5,1379056384.0,1379060480.0,L1,O4a,0.0634448379278183,174
1379059332.0,1379059364.0,E:\o4a\1378822912\L1_1379056384_1379060480.hdf5,1379056384.0,1379060480.0,L1,O4a,0.09095953404903412,174
1379118916.0,1379118948.0,E:\o4a\1378822912\L1_1379117824_1379121920.hdf5,1379117824.0,1379121920.0,L1,O4a,0.05877574533224106,175
1379118980.0,1379119012.0,E:\o4a\1378822912\L1_1379117824_1379121920.hdf5,1379117824.0,1379121920.0,L1,O4a,0.12872539460659027,175
1379119044.0,1379119076.0,E:\o4a\1378822912\L1_1379117824_1379121920.hdf5,1379117824.0,1379121920.0,L1,O4a,0.07155725359916687,175
1379119108.0,1379119140.0,E:\o4a\1378822912\L1_1379117824_1379121920.hdf5,1379117824.0,1379121920.0,L1,O4a,0.05885480344295502,175
1379119172.0,1379119204.0,E:\o4a\1378822912\L1_1379117824_1379121920.hdf5,1379117824.0,1379121920.0,L1,O4a,0.054344210773706436,175
1379119236.0,1379119268.0,E:\o4a\1378822912\L1_1379117824_1379121920.hdf5,1379117824.0,1379121920.0,L1,O4a,0.0691743865609169,175
1379119300.0,1379119332.0,E:\o4a\1378822912\L1_1379117824_1379121920.hdf5,1379117824.0,1379121920.0,L1,O4a,0.05497812479734421,175
1379119364.0,1379119396.0,E:\o4a\1378822912\L1_1379117824_1379121920.hdf5,1379117824.0,1379121920.0,L1,O4a,0.05896681174635887,175
1379119428.0,1379119460.0,E:\o4a\1378822912\L1_1379117824_1379121920.hdf5,1379117824.0,1379121920.0,L1,O4a,0.06379471719264984,175
1379119492.0,1379119524.0,E:\o4a\1378822912\L1_1379117824_1379121920.hdf5,1379117824.0,1379121920.0,L1,O4a,0.060820676386356354,175
1379119556.0,1379119588.0,E:\o4a\1378822912\L1_1379117824_1379121920.hdf5,1379117824.0,1379121920.0,L1,O4a,0.07152249664068222,175
1379119620.0,1379119652.0,E:\o4a\1378822912\L1_1379117824_1379121920.hdf5,1379117824.0,1379121920.0,L1,O4a,0.062656931579113,175
1379119684.0,1379119716.0,E:\o4a\1378822912\L1_1379117824_1379121920.hdf5,1379117824.0,1379121920.0,L1,O4a,0.10045687109231949,175
1379119748.0,1379119780.0,E:\o4a\1378822912\L1_1379117824_1379121920.hdf5,1379117824.0,1379121920.0,L1,O4a,0.06036682799458504,175
1379119812.0,1379119844.0,E:\o4a\1378822912\L1_1379117824_1379121920.hdf5,1379117824.0,1379121920.0,L1,O4a,0.07171151041984558,175
1379119876.0,1379119908.0,E:\o4a\1378822912\L1_1379117824_1379121920.hdf5,1379117824.0,1379121920.0,L1,O4a,0.05506827309727669,175
1379119940.0,1379119972.0,E:\o4a\1378822912\L1_1379117824_1379121920.hdf5,1379117824.0,1379121920.0,L1,O4a,0.05623893439769745,175
1379208772.0,1379208804.0,E:\o4a\1378822912\L1_1379207936_1379212032.hdf5,1379207936.0,1379212032.0,L1,O4a,0.05111601948738098,176
1379208836.0,1379208868.0,E:\o4a\1378822912\L1_1379207936_1379212032.hdf5,1379207936.0,1379212032.0,L1,O4a,0.05424797534942627,176
1379208900.0,1379208932.0,E:\o4a\1378822912\L1_1379207936_1379212032.hdf5,1379207936.0,1379212032.0,L1,O4a,0.06171038746833801,176
1379208964.0,1379208996.0,E:\o4a\1378822912\L1_1379207936_1379212032.hdf5,1379207936.0,1379212032.0,L1,O4a,0.4493711590766907,176
1379209028.0,1379209060.0,E:\o4a\1378822912\L1_1379207936_1379212032.hdf5,1379207936.0,1379212032.0,L1,O4a,0.06164403632283211,176
1379209092.0,1379209124.0,E:\o4a\1378822912\L1_1379207936_1379212032.hdf5,1379207936.0,1379212032.0,L1,O4a,0.05453690141439438,176
1379209156.0,1379209188.0,E:\o4a\1378822912\L1_1379207936_1379212032.hdf5,1379207936.0,1379212032.0,L1,O4a,0.06375966221094131,176
1379209220.0,1379209252.0,E:\o4a\1378822912\L1_1379207936_1379212032.hdf5,1379207936.0,1379212032.0,L1,O4a,0.05713419243693352,176
1379209284.0,1379209316.0,E:\o4a\1378822912\L1_1379207936_1379212032.hdf5,1379207936.0,1379212032.0,L1,O4a,0.05635159835219383,176
1379209348.0,1379209380.0,E:\o4a\1378822912\L1_1379207936_1379212032.hdf5,1379207936.0,1379212032.0,L1,O4a,0.07238749414682388,176
1379209412.0,1379209444.0,E:\o4a\1378822912\L1_1379207936_1379212032.hdf5,1379207936.0,1379212032.0,L1,O4a,0.06387494504451752,176
1379209476.0,1379209508.0,E:\o4a\1378822912\L1_1379207936_1379212032.hdf5,1379207936.0,1379212032.0,L1,O4a,0.06002519279718399,176
1379209540.0,1379209572.0,E:\o4a\1378822912\L1_1379207936_1379212032.hdf5,1379207936.0,1379212032.0,L1,O4a,0.05824211612343788,176
1379209604.0,1379209636.0,E:\o4a\1378822912\L1_1379207936_1379212032.hdf5,1379207936.0,1379212032.0,L1,O4a,0.07639417797327042,176
1379209668.0,1379209700.0,E:\o4a\1378822912\L1_1379207936_1379212032.hdf5,1379207936.0,1379212032.0,L1,O4a,0.05432746931910515,176
1379209732.0,1379209764.0,E:\o4a\1378822912\L1_1379207936_1379212032.hdf5,1379207936.0,1379212032.0,L1,O4a,0.05520416051149368,176
1379209796.0,1379209828.0,E:\o4a\1378822912\L1_1379207936_1379212032.hdf5,1379207936.0,1379212032.0,L1,O4a,0.055489253252744675,176
1379252996.0,1379253028.0,E:\o4a\1378822912\L1_1379252992_1379257088.hdf5,1379252992.0,1379257088.0,L1,O4a,0.058428458869457245,177
1379253060.0,1379253092.0,E:\o4a\1378822912\L1_1379252992_1379257088.hdf5,1379252992.0,1379257088.0,L1,O4a,0.06644108146429062,177
1379253124.0,1379253156.0,E:\o4a\1378822912\L1_1379252992_1379257088.hdf5,1379252992.0,1379257088.0,L1,O4a,0.06058994308114052,177
1379253188.0,1379253220.0,E:\o4a\1378822912\L1_1379252992_1379257088.hdf5,1379252992.0,1379257088.0,L1,O4a,0.0636133924126625,177
1379253252.0,1379253284.0,E:\o4a\1378822912\L1_1379252992_1379257088.hdf5,1379252992.0,1379257088.0,L1,O4a,0.05905291810631752,177
1379253316.0,1379253348.0,E:\o4a\1378822912\L1_1379252992_1379257088.hdf5,1379252992.0,1379257088.0,L1,O4a,0.0687914714217186,177
1379253380.0,1379253412.0,E:\o4a\1378822912\L1_1379252992_1379257088.hdf5,1379252992.0,1379257088.0,L1,O4a,0.0693921223282814,177
1379253444.0,1379253476.0,E:\o4a\1378822912\L1_1379252992_1379257088.hdf5,1379252992.0,1379257088.0,L1,O4a,0.057970814406871796,177
1379253508.0,1379253540.0,E:\o4a\1378822912\L1_1379252992_1379257088.hdf5,1379252992.0,1379257088.0,L1,O4a,0.05614937096834183,177
1379253572.0,1379253604.0,E:\o4a\1378822912\L1_1379252992_1379257088.hdf5,1379252992.0,1379257088.0,L1,O4a,0.07861632853746414,177
1379253636.0,1379253668.0,E:\o4a\1378822912\L1_1379252992_1379257088.hdf5,1379252992.0,1379257088.0,L1,O4a,0.06374649703502655,177
1379253700.0,1379253732.0,E:\o4a\1378822912\L1_1379252992_1379257088.hdf5,1379252992.0,1379257088.0,L1,O4a,0.05740010738372803,177
1379253764.0,1379253796.0,E:\o4a\1378822912\L1_1379252992_1379257088.hdf5,1379252992.0,1379257088.0,L1,O4a,0.07840050011873245,177
1379253828.0,1379253860.0,E:\o4a\1378822912\L1_1379252992_1379257088.hdf5,1379252992.0,1379257088.0,L1,O4a,0.05776774138212204,177
1379253892.0,1379253924.0,E:\o4a\1378822912\L1_1379252992_1379257088.hdf5,1379252992.0,1379257088.0,L1,O4a,0.059257060289382935,177
1379253956.0,1379253988.0,E:\o4a\1378822912\L1_1379252992_1379257088.hdf5,1379252992.0,1379257088.0,L1,O4a,0.068777896463871,177
1379254020.0,1379254052.0,E:\o4a\1378822912\L1_1379252992_1379257088.hdf5,1379252992.0,1379257088.0,L1,O4a,0.0573921762406826,177
1379317316.0,1379317348.0,E:\o4a\1378822912\L1_1379314432_1379318528.hdf5,1379314432.0,1379318528.0,L1,O4a,0.08237523585557938,178
1379317380.0,1379317412.0,E:\o4a\1378822912\L1_1379314432_1379318528.hdf5,1379314432.0,1379318528.0,L1,O4a,0.06033898890018463,178
1379317444.0,1379317476.0,E:\o4a\1378822912\L1_1379314432_1379318528.hdf5,1379314432.0,1379318528.0,L1,O4a,0.06559073179960251,178
1379317508.0,1379317540.0,E:\o4a\1378822912\L1_1379314432_1379318528.hdf5,1379314432.0,1379318528.0,L1,O4a,0.05783211439847946,178
1379317572.0,1379317604.0,E:\o4a\1378822912\L1_1379314432_1379318528.hdf5,1379314432.0,1379318528.0,L1,O4a,0.0630497932434082,178
1379317636.0,1379317668.0,E:\o4a\1378822912\L1_1379314432_1379318528.hdf5,1379314432.0,1379318528.0,L1,O4a,0.07188424468040466,178
1379317700.0,1379317732.0,E:\o4a\1378822912\L1_1379314432_1379318528.hdf5,1379314432.0,1379318528.0,L1,O4a,0.05776412785053253,178
1379317764.0,1379317796.0,E:\o4a\1378822912\L1_1379314432_1379318528.hdf5,1379314432.0,1379318528.0,L1,O4a,0.0807584747672081,178
1379317828.0,1379317860.0,E:\o4a\1378822912\L1_1379314432_1379318528.hdf5,1379314432.0,1379318528.0,L1,O4a,0.050968121737241745,178
1379317892.0,1379317924.0,E:\o4a\1378822912\L1_1379314432_1379318528.hdf5,1379314432.0,1379318528.0,L1,O4a,0.05934851989150047,178
1379317956.0,1379317988.0,E:\o4a\1378822912\L1_1379314432_1379318528.hdf5,1379314432.0,1379318528.0,L1,O4a,0.06714607775211334,178
1379318020.0,1379318052.0,E:\o4a\1378822912\L1_1379314432_1379318528.hdf5,1379314432.0,1379318528.0,L1,O4a,0.05817390978336334,178
1379318084.0,1379318116.0,E:\o4a\1378822912\L1_1379314432_1379318528.hdf5,1379314432.0,1379318528.0,L1,O4a,0.09770333021879196,178
1379318148.0,1379318180.0,E:\o4a\1378822912\L1_1379314432_1379318528.hdf5,1379314432.0,1379318528.0,L1,O4a,0.05452222749590874,178
1379318212.0,1379318244.0,E:\o4a\1378822912\L1_1379314432_1379318528.hdf5,1379314432.0,1379318528.0,L1,O4a,0.05509183183312416,178
1379318276.0,1379318308.0,E:\o4a\1378822912\L1_1379314432_1379318528.hdf5,1379314432.0,1379318528.0,L1,O4a,0.07190130650997162,178
1379318340.0,1379318372.0,E:\o4a\1378822912\L1_1379314432_1379318528.hdf5,1379314432.0,1379318528.0,L1,O4a,0.06033805012702942,178
1379416132.0,1379416164.0,E:\o4a\1379341312\L1_1379415040_1379419136.hdf5,1379415040.0,1379419136.0,L1,O4a,0.06161890923976898,180
1379416196.0,1379416228.0,E:\o4a\1379341312\L1_1379415040_1379419136.hdf5,1379415040.0,1379419136.0,L1,O4a,0.06846627593040466,180
1379416260.0,1379416292.0,E:\o4a\1379341312\L1_1379415040_1379419136.hdf5,1379415040.0,1379419136.0,L1,O4a,0.06648912280797958,180
1379416324.0,1379416356.0,E:\o4a\1379341312\L1_1379415040_1379419136.hdf5,1379415040.0,1379419136.0,L1,O4a,0.06254959106445312,180
1379416388.0,1379416420.0,E:\o4a\1379341312\L1_1379415040_1379419136.hdf5,1379415040.0,1379419136.0,L1,O4a,0.06618426740169525,180
1379416452.0,1379416484.0,E:\o4a\1379341312\L1_1379415040_1379419136.hdf5,1379415040.0,1379419136.0,L1,O4a,0.13912153244018555,180
1379416516.0,1379416548.0,E:\o4a\1379341312\L1_1379415040_1379419136.hdf5,1379415040.0,1379419136.0,L1,O4a,0.058338966220617294,180
1379416580.0,1379416612.0,E:\o4a\1379341312\L1_1379415040_1379419136.hdf5,1379415040.0,1379419136.0,L1,O4a,0.06411611288785934,180
1379416644.0,1379416676.0,E:\o4a\1379341312\L1_1379415040_1379419136.hdf5,1379415040.0,1379419136.0,L1,O4a,0.08030100911855698,180
1379416708.0,1379416740.0,E:\o4a\1379341312\L1_1379415040_1379419136.hdf5,1379415040.0,1379419136.0,L1,O4a,0.06347684562206268,180
1379416772.0,1379416804.0,E:\o4a\1379341312\L1_1379415040_1379419136.hdf5,1379415040.0,1379419136.0,L1,O4a,0.06112414225935936,180
1379416836.0,1379416868.0,E:\o4a\1379341312\L1_1379415040_1379419136.hdf5,1379415040.0,1379419136.0,L1,O4a,0.0640331283211708,180
1379416900.0,1379416932.0,E:\o4a\1379341312\L1_1379415040_1379419136.hdf5,1379415040.0,1379419136.0,L1,O4a,0.057608455419540405,180
1379416964.0,1379416996.0,E:\o4a\1379341312\L1_1379415040_1379419136.hdf5,1379415040.0,1379419136.0,L1,O4a,0.07116244733333588,180
1379417028.0,1379417060.0,E:\o4a\1379341312\L1_1379415040_1379419136.hdf5,1379415040.0,1379419136.0,L1,O4a,0.06133568286895752,180
1379417092.0,1379417124.0,E:\o4a\1379341312\L1_1379415040_1379419136.hdf5,1379415040.0,1379419136.0,L1,O4a,0.06266647577285767,180
1379417156.0,1379417188.0,E:\o4a\1379341312\L1_1379415040_1379419136.hdf5,1379415040.0,1379419136.0,L1,O4a,0.05683431774377823,180
1379469380.0,1379469412.0,E:\o4a\1379341312\L1_1379468288_1379472384.hdf5,1379468288.0,1379472384.0,L1,O4a,0.06157291680574417,181
1379469444.0,1379469476.0,E:\o4a\1379341312\L1_1379468288_1379472384.hdf5,1379468288.0,1379472384.0,L1,O4a,0.07046788930892944,181
1379469508.0,1379469540.0,E:\o4a\1379341312\L1_1379468288_1379472384.hdf5,1379468288.0,1379472384.0,L1,O4a,0.1279839426279068,181
1379469572.0,1379469604.0,E:\o4a\1379341312\L1_1379468288_1379472384.hdf5,1379468288.0,1379472384.0,L1,O4a,0.06100411340594292,181
1379469636.0,1379469668.0,E:\o4a\1379341312\L1_1379468288_1379472384.hdf5,1379468288.0,1379472384.0,L1,O4a,0.07648366689682007,181
1379469700.0,1379469732.0,E:\o4a\1379341312\L1_1379468288_1379472384.hdf5,1379468288.0,1379472384.0,L1,O4a,0.1309758871793747,181
1379469764.0,1379469796.0,E:\o4a\1379341312\L1_1379468288_1379472384.hdf5,1379468288.0,1379472384.0,L1,O4a,0.06491278111934662,181
1379469828.0,1379469860.0,E:\o4a\1379341312\L1_1379468288_1379472384.hdf5,1379468288.0,1379472384.0,L1,O4a,0.06747691333293915,181
1379469892.0,1379469924.0,E:\o4a\1379341312\L1_1379468288_1379472384.hdf5,1379468288.0,1379472384.0,L1,O4a,0.07524343580007553,181
1379469956.0,1379469988.0,E:\o4a\1379341312\L1_1379468288_1379472384.hdf5,1379468288.0,1379472384.0,L1,O4a,0.07262430340051651,181
1379470020.0,1379470052.0,E:\o4a\1379341312\L1_1379468288_1379472384.hdf5,1379468288.0,1379472384.0,L1,O4a,0.060124412178993225,181
1379470084.0,1379470116.0,E:\o4a\1379341312\L1_1379468288_1379472384.hdf5,1379468288.0,1379472384.0,L1,O4a,0.11987868696451187,181
1379470148.0,1379470180.0,E:\o4a\1379341312\L1_1379468288_1379472384.hdf5,1379468288.0,1379472384.0,L1,O4a,0.07344501465559006,181
1379470212.0,1379470244.0,E:\o4a\1379341312\L1_1379468288_1379472384.hdf5,1379468288.0,1379472384.0,L1,O4a,0.07874849438667297,181
1379470276.0,1379470308.0,E:\o4a\1379341312\L1_1379468288_1379472384.hdf5,1379468288.0,1379472384.0,L1,O4a,0.053675975650548935,181
1379470340.0,1379470372.0,E:\o4a\1379341312\L1_1379468288_1379472384.hdf5,1379468288.0,1379472384.0,L1,O4a,0.056609146296978,181
1379470404.0,1379470436.0,E:\o4a\1379341312\L1_1379468288_1379472384.hdf5,1379468288.0,1379472384.0,L1,O4a,0.0585794523358345,181
1379531076.0,1379531108.0,E:\o4a\1379341312\L1_1379529728_1379533824.hdf5,1379529728.0,1379533824.0,L1,O4a,0.07334895431995392,182
1379531140.0,1379531172.0,E:\o4a\1379341312\L1_1379529728_1379533824.hdf5,1379529728.0,1379533824.0,L1,O4a,0.07494141161441803,182
1379531204.0,1379531236.0,E:\o4a\1379341312\L1_1379529728_1379533824.hdf5,1379529728.0,1379533824.0,L1,O4a,0.08196007460355759,182
1379531268.0,1379531300.0,E:\o4a\1379341312\L1_1379529728_1379533824.hdf5,1379529728.0,1379533824.0,L1,O4a,0.07427467405796051,182
1379531332.0,1379531364.0,E:\o4a\1379341312\L1_1379529728_1379533824.hdf5,1379529728.0,1379533824.0,L1,O4a,0.06426403671503067,182
1379531396.0,1379531428.0,E:\o4a\1379341312\L1_1379529728_1379533824.hdf5,1379529728.0,1379533824.0,L1,O4a,0.0576835535466671,182
1379531460.0,1379531492.0,E:\o4a\1379341312\L1_1379529728_1379533824.hdf5,1379529728.0,1379533824.0,L1,O4a,0.0752834677696228,182
1379531524.0,1379531556.0,E:\o4a\1379341312\L1_1379529728_1379533824.hdf5,1379529728.0,1379533824.0,L1,O4a,0.06292527914047241,182
1379531588.0,1379531620.0,E:\o4a\1379341312\L1_1379529728_1379533824.hdf5,1379529728.0,1379533824.0,L1,O4a,0.058311909437179565,182
1379531652.0,1379531684.0,E:\o4a\1379341312\L1_1379529728_1379533824.hdf5,1379529728.0,1379533824.0,L1,O4a,0.07962235063314438,182
1379531716.0,1379531748.0,E:\o4a\1379341312\L1_1379529728_1379533824.hdf5,1379529728.0,1379533824.0,L1,O4a,0.11115608364343643,182
1379531780.0,1379531812.0,E:\o4a\1379341312\L1_1379529728_1379533824.hdf5,1379529728.0,1379533824.0,L1,O4a,0.06212618947029114,182
1379531844.0,1379531876.0,E:\o4a\1379341312\L1_1379529728_1379533824.hdf5,1379529728.0,1379533824.0,L1,O4a,0.06372707337141037,182
1379531908.0,1379531940.0,E:\o4a\1379341312\L1_1379529728_1379533824.hdf5,1379529728.0,1379533824.0,L1,O4a,0.06737023591995239,182
1379531972.0,1379532004.0,E:\o4a\1379341312\L1_1379529728_1379533824.hdf5,1379529728.0,1379533824.0,L1,O4a,0.09265502542257309,182
1379532036.0,1379532068.0,E:\o4a\1379341312\L1_1379529728_1379533824.hdf5,1379529728.0,1379533824.0,L1,O4a,0.069728322327137,182
1379532100.0,1379532132.0,E:\o4a\1379341312\L1_1379529728_1379533824.hdf5,1379529728.0,1379533824.0,L1,O4a,0.05327158421278,182
1379577412.0,1379577444.0,E:\o4a\1379341312\L1_1379574784_1379578880.hdf5,1379574784.0,1379578880.0,L1,O4a,0.05596175417304039,183
1379577476.0,1379577508.0,E:\o4a\1379341312\L1_1379574784_1379578880.hdf5,1379574784.0,1379578880.0,L1,O4a,0.06671277433633804,183
1379577540.0,1379577572.0,E:\o4a\1379341312\L1_1379574784_1379578880.hdf5,1379574784.0,1379578880.0,L1,O4a,0.06605267524719238,183
1379577604.0,1379577636.0,E:\o4a\1379341312\L1_1379574784_1379578880.hdf5,1379574784.0,1379578880.0,L1,O4a,0.05878937244415283,183
1379577668.0,1379577700.0,E:\o4a\1379341312\L1_1379574784_1379578880.hdf5,1379574784.0,1379578880.0,L1,O4a,0.05828166753053665,183
1379577732.0,1379577764.0,E:\o4a\1379341312\L1_1379574784_1379578880.hdf5,1379574784.0,1379578880.0,L1,O4a,0.0632629469037056,183
1379577796.0,1379577828.0,E:\o4a\1379341312\L1_1379574784_1379578880.hdf5,1379574784.0,1379578880.0,L1,O4a,0.05110536888241768,183
1379577860.0,1379577892.0,E:\o4a\1379341312\L1_1379574784_1379578880.hdf5,1379574784.0,1379578880.0,L1,O4a,0.06991827487945557,183
1379577924.0,1379577956.0,E:\o4a\1379341312\L1_1379574784_1379578880.hdf5,1379574784.0,1379578880.0,L1,O4a,0.060096826404333115,183
1379577988.0,1379578020.0,E:\o4a\1379341312\L1_1379574784_1379578880.hdf5,1379574784.0,1379578880.0,L1,O4a,0.07362859696149826,183
1379578052.0,1379578084.0,E:\o4a\1379341312\L1_1379574784_1379578880.hdf5,1379574784.0,1379578880.0,L1,O4a,0.06557471305131912,183
1379578116.0,1379578148.0,E:\o4a\1379341312\L1_1379574784_1379578880.hdf5,1379574784.0,1379578880.0,L1,O4a,0.06265682727098465,183
1379578180.0,1379578212.0,E:\o4a\1379341312\L1_1379574784_1379578880.hdf5,1379574784.0,1379578880.0,L1,O4a,0.056112296879291534,183
1379578244.0,1379578276.0,E:\o4a\1379341312\L1_1379574784_1379578880.hdf5,1379574784.0,1379578880.0,L1,O4a,0.06080836430191994,183
1379578308.0,1379578340.0,E:\o4a\1379341312\L1_1379574784_1379578880.hdf5,1379574784.0,1379578880.0,L1,O4a,0.05498881638050079,183
1379578372.0,1379578404.0,E:\o4a\1379341312\L1_1379574784_1379578880.hdf5,1379574784.0,1379578880.0,L1,O4a,0.07727677375078201,183
1379578436.0,1379578468.0,E:\o4a\1379341312\L1_1379574784_1379578880.hdf5,1379574784.0,1379578880.0,L1,O4a,0.06138841435313225,183
1379632516.0,1379632548.0,E:\o4a\1379341312\L1_1379632128_1379636224.hdf5,1379632128.0,1379636224.0,L1,O4a,0.07910013198852539,184
1379632580.0,1379632612.0,E:\o4a\1379341312\L1_1379632128_1379636224.hdf5,1379632128.0,1379636224.0,L1,O4a,0.08309350907802582,184
1379632644.0,1379632676.0,E:\o4a\1379341312\L1_1379632128_1379636224.hdf5,1379632128.0,1379636224.0,L1,O4a,0.057582177221775055,184
1379632708.0,1379632740.0,E:\o4a\1379341312\L1_1379632128_1379636224.hdf5,1379632128.0,1379636224.0,L1,O4a,0.05723075568675995,184
1379632772.0,1379632804.0,E:\o4a\1379341312\L1_1379632128_1379636224.hdf5,1379632128.0,1379636224.0,L1,O4a,0.058920565992593765,184
1379632836.0,1379632868.0,E:\o4a\1379341312\L1_1379632128_1379636224.hdf5,1379632128.0,1379636224.0,L1,O4a,0.06741824001073837,184
1379632900.0,1379632932.0,E:\o4a\1379341312\L1_1379632128_1379636224.hdf5,1379632128.0,1379636224.0,L1,O4a,0.06686746329069138,184
1379632964.0,1379632996.0,E:\o4a\1379341312\L1_1379632128_1379636224.hdf5,1379632128.0,1379636224.0,L1,O4a,0.05827271193265915,184
1379633028.0,1379633060.0,E:\o4a\1379341312\L1_1379632128_1379636224.hdf5,1379632128.0,1379636224.0,L1,O4a,0.06618232280015945,184
1379633092.0,1379633124.0,E:\o4a\1379341312\L1_1379632128_1379636224.hdf5,1379632128.0,1379636224.0,L1,O4a,0.0631825402379036,184
1379633156.0,1379633188.0,E:\o4a\1379341312\L1_1379632128_1379636224.hdf5,1379632128.0,1379636224.0,L1,O4a,0.07026204466819763,184
1379633220.0,1379633252.0,E:\o4a\1379341312\L1_1379632128_1379636224.hdf5,1379632128.0,1379636224.0,L1,O4a,0.06456564366817474,184
1379633284.0,1379633316.0,E:\o4a\1379341312\L1_1379632128_1379636224.hdf5,1379632128.0,1379636224.0,L1,O4a,0.06327823549509048,184
1379633348.0,1379633380.0,E:\o4a\1379341312\L1_1379632128_1379636224.hdf5,1379632128.0,1379636224.0,L1,O4a,0.06476466357707977,184
1379633412.0,1379633444.0,E:\o4a\1379341312\L1_1379632128_1379636224.hdf5,1379632128.0,1379636224.0,L1,O4a,0.06595227122306824,184
1379633476.0,1379633508.0,E:\o4a\1379341312\L1_1379632128_1379636224.hdf5,1379632128.0,1379636224.0,L1,O4a,0.06678274273872375,184
1379633540.0,1379633572.0,E:\o4a\1379341312\L1_1379632128_1379636224.hdf5,1379632128.0,1379636224.0,L1,O4a,0.06505457311868668,184
1379678276.0,1379678308.0,E:\o4a\1379341312\L1_1379677184_1379681280.hdf5,1379677184.0,1379681280.0,L1,O4a,0.05828212946653366,185
1379678340.0,1379678372.0,E:\o4a\1379341312\L1_1379677184_1379681280.hdf5,1379677184.0,1379681280.0,L1,O4a,0.05644973739981651,185
1379678404.0,1379678436.0,E:\o4a\1379341312\L1_1379677184_1379681280.hdf5,1379677184.0,1379681280.0,L1,O4a,0.06647993624210358,185
1379678468.0,1379678500.0,E:\o4a\1379341312\L1_1379677184_1379681280.hdf5,1379677184.0,1379681280.0,L1,O4a,0.06696497648954391,185
1379678532.0,1379678564.0,E:\o4a\1379341312\L1_1379677184_1379681280.hdf5,1379677184.0,1379681280.0,L1,O4a,0.0617186464369297,185
1379678596.0,1379678628.0,E:\o4a\1379341312\L1_1379677184_1379681280.hdf5,1379677184.0,1379681280.0,L1,O4a,0.05775197967886925,185
1379678660.0,1379678692.0,E:\o4a\1379341312\L1_1379677184_1379681280.hdf5,1379677184.0,1379681280.0,L1,O4a,0.06576245278120041,185
1379678724.0,1379678756.0,E:\o4a\1379341312\L1_1379677184_1379681280.hdf5,1379677184.0,1379681280.0,L1,O4a,0.06692123413085938,185
1379678788.0,1379678820.0,E:\o4a\1379341312\L1_1379677184_1379681280.hdf5,1379677184.0,1379681280.0,L1,O4a,0.07135375589132309,185
1379678852.0,1379678884.0,E:\o4a\1379341312\L1_1379677184_1379681280.hdf5,1379677184.0,1379681280.0,L1,O4a,0.07184020429849625,185
1379678916.0,1379678948.0,E:\o4a\1379341312\L1_1379677184_1379681280.hdf5,1379677184.0,1379681280.0,L1,O4a,0.05262785032391548,185
1379678980.0,1379679012.0,E:\o4a\1379341312\L1_1379677184_1379681280.hdf5,1379677184.0,1379681280.0,L1,O4a,0.0720272958278656,185
1379679044.0,1379679076.0,E:\o4a\1379341312\L1_1379677184_1379681280.hdf5,1379677184.0,1379681280.0,L1,O4a,0.057365406304597855,185
1379679108.0,1379679140.0,E:\o4a\1379341312\L1_1379677184_1379681280.hdf5,1379677184.0,1379681280.0,L1,O4a,0.06313587725162506,185
1379679172.0,1379679204.0,E:\o4a\1379341312\L1_1379677184_1379681280.hdf5,1379677184.0,1379681280.0,L1,O4a,0.06501258164644241,185
1379679236.0,1379679268.0,E:\o4a\1379341312\L1_1379677184_1379681280.hdf5,1379677184.0,1379681280.0,L1,O4a,0.07623793929815292,185
1379679300.0,1379679332.0,E:\o4a\1379341312\L1_1379677184_1379681280.hdf5,1379677184.0,1379681280.0,L1,O4a,0.055177491158246994,185
1379727428.0,1379727460.0,E:\o4a\1379341312\L1_1379726336_1379730432.hdf5,1379726336.0,1379730432.0,L1,O4a,0.06257281452417374,186
1379727492.0,1379727524.0,E:\o4a\1379341312\L1_1379726336_1379730432.hdf5,1379726336.0,1379730432.0,L1,O4a,0.06646561622619629,186
1379727556.0,1379727588.0,E:\o4a\1379341312\L1_1379726336_1379730432.hdf5,1379726336.0,1379730432.0,L1,O4a,0.06139964237809181,186
1379727620.0,1379727652.0,E:\o4a\1379341312\L1_1379726336_1379730432.hdf5,1379726336.0,1379730432.0,L1,O4a,0.058628980070352554,186
1379727684.0,1379727716.0,E:\o4a\1379341312\L1_1379726336_1379730432.hdf5,1379726336.0,1379730432.0,L1,O4a,0.07171054184436798,186
1379727748.0,1379727780.0,E:\o4a\1379341312\L1_1379726336_1379730432.hdf5,1379726336.0,1379730432.0,L1,O4a,0.06390687823295593,186
1379727812.0,1379727844.0,E:\o4a\1379341312\L1_1379726336_1379730432.hdf5,1379726336.0,1379730432.0,L1,O4a,0.0601174421608448,186
1379727876.0,1379727908.0,E:\o4a\1379341312\L1_1379726336_1379730432.hdf5,1379726336.0,1379730432.0,L1,O4a,0.10741465538740158,186
1379727940.0,1379727972.0,E:\o4a\1379341312\L1_1379726336_1379730432.hdf5,1379726336.0,1379730432.0,L1,O4a,0.06202800199389458,186
1379728004.0,1379728036.0,E:\o4a\1379341312\L1_1379726336_1379730432.hdf5,1379726336.0,1379730432.0,L1,O4a,0.0553518608212471,186
1379728068.0,1379728100.0,E:\o4a\1379341312\L1_1379726336_1379730432.hdf5,1379726336.0,1379730432.0,L1,O4a,0.07989698648452759,186
1379728132.0,1379728164.0,E:\o4a\1379341312\L1_1379726336_1379730432.hdf5,1379726336.0,1379730432.0,L1,O4a,0.0941435769200325,186
1379728196.0,1379728228.0,E:\o4a\1379341312\L1_1379726336_1379730432.hdf5,1379726336.0,1379730432.0,L1,O4a,0.06699436157941818,186
1379728260.0,1379728292.0,E:\o4a\1379341312\L1_1379726336_1379730432.hdf5,1379726336.0,1379730432.0,L1,O4a,0.062110353261232376,186
1379728324.0,1379728356.0,E:\o4a\1379341312\L1_1379726336_1379730432.hdf5,1379726336.0,1379730432.0,L1,O4a,0.06407684832811356,186
1379728388.0,1379728420.0,E:\o4a\1379341312\L1_1379726336_1379730432.hdf5,1379726336.0,1379730432.0,L1,O4a,0.05593448132276535,186
1379728452.0,1379728484.0,E:\o4a\1379341312\L1_1379726336_1379730432.hdf5,1379726336.0,1379730432.0,L1,O4a,0.05886418744921684,186
1379767300.0,1379767332.0,E:\o4a\1379341312\L1_1379767296_1379771392.hdf5,1379767296.0,1379771392.0,L1,O4a,0.05847010388970375,187
1379767364.0,1379767396.0,E:\o4a\1379341312\L1_1379767296_1379771392.hdf5,1379767296.0,1379771392.0,L1,O4a,0.08595644682645798,187
1379767428.0,1379767460.0,E:\o4a\1379341312\L1_1379767296_1379771392.hdf5,1379767296.0,1379771392.0,L1,O4a,0.07355265319347382,187
1379767492.0,1379767524.0,E:\o4a\1379341312\L1_1379767296_1379771392.hdf5,1379767296.0,1379771392.0,L1,O4a,0.05888163298368454,187
1379767556.0,1379767588.0,E:\o4a\1379341312\L1_1379767296_1379771392.hdf5,1379767296.0,1379771392.0,L1,O4a,0.06468848884105682,187
1379767620.0,1379767652.0,E:\o4a\1379341312\L1_1379767296_1379771392.hdf5,1379767296.0,1379771392.0,L1,O4a,0.07099851220846176,187
1379767684.0,1379767716.0,E:\o4a\1379341312\L1_1379767296_1379771392.hdf5,1379767296.0,1379771392.0,L1,O4a,0.07281626760959625,187
1379767748.0,1379767780.0,E:\o4a\1379341312\L1_1379767296_1379771392.hdf5,1379767296.0,1379771392.0,L1,O4a,0.06693436950445175,187
1379767812.0,1379767844.0,E:\o4a\1379341312\L1_1379767296_1379771392.hdf5,1379767296.0,1379771392.0,L1,O4a,0.0738111063838005,187
1379767876.0,1379767908.0,E:\o4a\1379341312\L1_1379767296_1379771392.hdf5,1379767296.0,1379771392.0,L1,O4a,0.057501327246427536,187
1379767940.0,1379767972.0,E:\o4a\1379341312\L1_1379767296_1379771392.hdf5,1379767296.0,1379771392.0,L1,O4a,0.09046154469251633,187
1379768004.0,1379768036.0,E:\o4a\1379341312\L1_1379767296_1379771392.hdf5,1379767296.0,1379771392.0,L1,O4a,0.07406295835971832,187
1379768068.0,1379768100.0,E:\o4a\1379341312\L1_1379767296_1379771392.hdf5,1379767296.0,1379771392.0,L1,O4a,0.056292638182640076,187
1379768132.0,1379768164.0,E:\o4a\1379341312\L1_1379767296_1379771392.hdf5,1379767296.0,1379771392.0,L1,O4a,0.05598284304141998,187
1379768196.0,1379768228.0,E:\o4a\1379341312\L1_1379767296_1379771392.hdf5,1379767296.0,1379771392.0,L1,O4a,0.07042580842971802,187
1379768260.0,1379768292.0,E:\o4a\1379341312\L1_1379767296_1379771392.hdf5,1379767296.0,1379771392.0,L1,O4a,0.05885417386889458,187
1379768324.0,1379768356.0,E:\o4a\1379341312\L1_1379767296_1379771392.hdf5,1379767296.0,1379771392.0,L1,O4a,0.05331418663263321,187
1379832836.0,1379832868.0,E:\o4a\1379341312\L1_1379832832_1379836928.hdf5,1379832832.0,1379836928.0,L1,O4a,0.054913636296987534,188
1379832900.0,1379832932.0,E:\o4a\1379341312\L1_1379832832_1379836928.hdf5,1379832832.0,1379836928.0,L1,O4a,0.06081726402044296,188
1379832964.0,1379832996.0,E:\o4a\1379341312\L1_1379832832_1379836928.hdf5,1379832832.0,1379836928.0,L1,O4a,0.060046181082725525,188
1379833028.0,1379833060.0,E:\o4a\1379341312\L1_1379832832_1379836928.hdf5,1379832832.0,1379836928.0,L1,O4a,0.060459066182374954,188
1379833092.0,1379833124.0,E:\o4a\1379341312\L1_1379832832_1379836928.hdf5,1379832832.0,1379836928.0,L1,O4a,0.10756998509168625,188
1379833156.0,1379833188.0,E:\o4a\1379341312\L1_1379832832_1379836928.hdf5,1379832832.0,1379836928.0,L1,O4a,0.06214217469096184,188
1379833220.0,1379833252.0,E:\o4a\1379341312\L1_1379832832_1379836928.hdf5,1379832832.0,1379836928.0,L1,O4a,0.06635286659002304,188
1379833284.0,1379833316.0,E:\o4a\1379341312\L1_1379832832_1379836928.hdf5,1379832832.0,1379836928.0,L1,O4a,0.06160205975174904,188
1379833348.0,1379833380.0,E:\o4a\1379341312\L1_1379832832_1379836928.hdf5,1379832832.0,1379836928.0,L1,O4a,0.06264082342386246,188
1379833412.0,1379833444.0,E:\o4a\1379341312\L1_1379832832_1379836928.hdf5,1379832832.0,1379836928.0,L1,O4a,0.07075020670890808,188
1379833476.0,1379833508.0,E:\o4a\1379341312\L1_1379832832_1379836928.hdf5,1379832832.0,1379836928.0,L1,O4a,0.06474635004997253,188
1379833540.0,1379833572.0,E:\o4a\1379341312\L1_1379832832_1379836928.hdf5,1379832832.0,1379836928.0,L1,O4a,0.0696035698056221,188
1379833604.0,1379833636.0,E:\o4a\1379341312\L1_1379832832_1379836928.hdf5,1379832832.0,1379836928.0,L1,O4a,0.06252333521842957,188
1379833668.0,1379833700.0,E:\o4a\1379341312\L1_1379832832_1379836928.hdf5,1379832832.0,1379836928.0,L1,O4a,0.06243608146905899,188
1379833732.0,1379833764.0,E:\o4a\1379341312\L1_1379832832_1379836928.hdf5,1379832832.0,1379836928.0,L1,O4a,0.06974110752344131,188
1379833796.0,1379833828.0,E:\o4a\1379341312\L1_1379832832_1379836928.hdf5,1379832832.0,1379836928.0,L1,O4a,0.08801934123039246,188
1379833860.0,1379833892.0,E:\o4a\1379341312\L1_1379832832_1379836928.hdf5,1379832832.0,1379836928.0,L1,O4a,0.05866161361336708,188
1379894660.0,1379894692.0,E:\o4a\1379859712\L1_1379892480_1379896576.hdf5,1379892480.0,1379896576.0,L1,O4a,0.07504871487617493,189
1379894724.0,1379894756.0,E:\o4a\1379859712\L1_1379892480_1379896576.hdf5,1379892480.0,1379896576.0,L1,O4a,0.0606398805975914,189
1379894788.0,1379894820.0,E:\o4a\1379859712\L1_1379892480_1379896576.hdf5,1379892480.0,1379896576.0,L1,O4a,0.083198182284832,189
1379894852.0,1379894884.0,E:\o4a\1379859712\L1_1379892480_1379896576.hdf5,1379892480.0,1379896576.0,L1,O4a,0.06781544536352158,189
1379894916.0,1379894948.0,E:\o4a\1379859712\L1_1379892480_1379896576.hdf5,1379892480.0,1379896576.0,L1,O4a,0.06636996567249298,189
1379894980.0,1379895012.0,E:\o4a\1379859712\L1_1379892480_1379896576.hdf5,1379892480.0,1379896576.0,L1,O4a,0.06705082207918167,189
1379895044.0,1379895076.0,E:\o4a\1379859712\L1_1379892480_1379896576.hdf5,1379892480.0,1379896576.0,L1,O4a,0.09966927766799927,189
1379895108.0,1379895140.0,E:\o4a\1379859712\L1_1379892480_1379896576.hdf5,1379892480.0,1379896576.0,L1,O4a,0.08891613036394119,189
1379895172.0,1379895204.0,E:\o4a\1379859712\L1_1379892480_1379896576.hdf5,1379892480.0,1379896576.0,L1,O4a,0.060102105140686035,189
1379895236.0,1379895268.0,E:\o4a\1379859712\L1_1379892480_1379896576.hdf5,1379892480.0,1379896576.0,L1,O4a,0.06951364874839783,189
1379895300.0,1379895332.0,E:\o4a\1379859712\L1_1379892480_1379896576.hdf5,1379892480.0,1379896576.0,L1,O4a,0.06804048269987106,189
1379895364.0,1379895396.0,E:\o4a\1379859712\L1_1379892480_1379896576.hdf5,1379892480.0,1379896576.0,L1,O4a,0.05545635148882866,189
1379895428.0,1379895460.0,E:\o4a\1379859712\L1_1379892480_1379896576.hdf5,1379892480.0,1379896576.0,L1,O4a,0.06372208893299103,189
1379895492.0,1379895524.0,E:\o4a\1379859712\L1_1379892480_1379896576.hdf5,1379892480.0,1379896576.0,L1,O4a,0.05928914621472359,189
1379895556.0,1379895588.0,E:\o4a\1379859712\L1_1379892480_1379896576.hdf5,1379892480.0,1379896576.0,L1,O4a,0.060440946370363235,189
1379895620.0,1379895652.0,E:\o4a\1379859712\L1_1379892480_1379896576.hdf5,1379892480.0,1379896576.0,L1,O4a,0.06450751423835754,189
1379895684.0,1379895716.0,E:\o4a\1379859712\L1_1379892480_1379896576.hdf5,1379892480.0,1379896576.0,L1,O4a,0.059516094624996185,189
1379950148.0,1379950180.0,E:\o4a\1379859712\L1_1379949824_1379953920.hdf5,1379949824.0,1379953920.0,L1,O4a,0.05583007261157036,190
1379950212.0,1379950244.0,E:\o4a\1379859712\L1_1379949824_1379953920.hdf5,1379949824.0,1379953920.0,L1,O4a,0.08143706619739532,190
1379950276.0,1379950308.0,E:\o4a\1379859712\L1_1379949824_1379953920.hdf5,1379949824.0,1379953920.0,L1,O4a,0.060948483645915985,190
1379950340.0,1379950372.0,E:\o4a\1379859712\L1_1379949824_1379953920.hdf5,1379949824.0,1379953920.0,L1,O4a,0.10085144639015198,190
1379950404.0,1379950436.0,E:\o4a\1379859712\L1_1379949824_1379953920.hdf5,1379949824.0,1379953920.0,L1,O4a,0.06345227360725403,190
1379950468.0,1379950500.0,E:\o4a\1379859712\L1_1379949824_1379953920.hdf5,1379949824.0,1379953920.0,L1,O4a,0.07546224445104599,190
1379950532.0,1379950564.0,E:\o4a\1379859712\L1_1379949824_1379953920.hdf5,1379949824.0,1379953920.0,L1,O4a,0.08758623152971268,190
1379950596.0,1379950628.0,E:\o4a\1379859712\L1_1379949824_1379953920.hdf5,1379949824.0,1379953920.0,L1,O4a,0.06272731721401215,190
1379950660.0,1379950692.0,E:\o4a\1379859712\L1_1379949824_1379953920.hdf5,1379949824.0,1379953920.0,L1,O4a,0.0571637861430645,190
1379950724.0,1379950756.0,E:\o4a\1379859712\L1_1379949824_1379953920.hdf5,1379949824.0,1379953920.0,L1,O4a,0.0630025565624237,190
1379950788.0,1379950820.0,E:\o4a\1379859712\L1_1379949824_1379953920.hdf5,1379949824.0,1379953920.0,L1,O4a,0.057697415351867676,190
1379950852.0,1379950884.0,E:\o4a\1379859712\L1_1379949824_1379953920.hdf5,1379949824.0,1379953920.0,L1,O4a,0.07200134545564651,190
1379950916.0,1379950948.0,E:\o4a\1379859712\L1_1379949824_1379953920.hdf5,1379949824.0,1379953920.0,L1,O4a,0.07237783074378967,190
1379950980.0,1379951012.0,E:\o4a\1379859712\L1_1379949824_1379953920.hdf5,1379949824.0,1379953920.0,L1,O4a,0.06781600415706635,190
1379951044.0,1379951076.0,E:\o4a\1379859712\L1_1379949824_1379953920.hdf5,1379949824.0,1379953920.0,L1,O4a,0.05353931337594986,190
1379951108.0,1379951140.0,E:\o4a\1379859712\L1_1379949824_1379953920.hdf5,1379949824.0,1379953920.0,L1,O4a,0.05816129222512245,190
1379951172.0,1379951204.0,E:\o4a\1379859712\L1_1379949824_1379953920.hdf5,1379949824.0,1379953920.0,L1,O4a,0.07609651982784271,190
1380029188.0,1380029220.0,E:\o4a\1379859712\L1_1380027648_1380031744.hdf5,1380027648.0,1380031744.0,L1,O4a,0.06680452078580856,191
1380029252.0,1380029284.0,E:\o4a\1379859712\L1_1380027648_1380031744.hdf5,1380027648.0,1380031744.0,L1,O4a,0.08288809657096863,191
1380029316.0,1380029348.0,E:\o4a\1379859712\L1_1380027648_1380031744.hdf5,1380027648.0,1380031744.0,L1,O4a,0.08616510778665543,191
1380029380.0,1380029412.0,E:\o4a\1379859712\L1_1380027648_1380031744.hdf5,1380027648.0,1380031744.0,L1,O4a,0.08331553637981415,191
1380029444.0,1380029476.0,E:\o4a\1379859712\L1_1380027648_1380031744.hdf5,1380027648.0,1380031744.0,L1,O4a,0.06501784920692444,191
1380029508.0,1380029540.0,E:\o4a\1379859712\L1_1380027648_1380031744.hdf5,1380027648.0,1380031744.0,L1,O4a,0.06079042702913284,191
1380029572.0,1380029604.0,E:\o4a\1379859712\L1_1380027648_1380031744.hdf5,1380027648.0,1380031744.0,L1,O4a,0.07202599197626114,191
1380029636.0,1380029668.0,E:\o4a\1379859712\L1_1380027648_1380031744.hdf5,1380027648.0,1380031744.0,L1,O4a,0.06068949028849602,191
1380029700.0,1380029732.0,E:\o4a\1379859712\L1_1380027648_1380031744.hdf5,1380027648.0,1380031744.0,L1,O4a,0.05401062220335007,191
1380029764.0,1380029796.0,E:\o4a\1379859712\L1_1380027648_1380031744.hdf5,1380027648.0,1380031744.0,L1,O4a,0.07169755548238754,191
1380029828.0,1380029860.0,E:\o4a\1379859712\L1_1380027648_1380031744.hdf5,1380027648.0,1380031744.0,L1,O4a,0.05891403183341026,191
1380029892.0,1380029924.0,E:\o4a\1379859712\L1_1380027648_1380031744.hdf5,1380027648.0,1380031744.0,L1,O4a,0.07288267463445663,191
1380029956.0,1380029988.0,E:\o4a\1379859712\L1_1380027648_1380031744.hdf5,1380027648.0,1380031744.0,L1,O4a,0.07873556017875671,191
1380030020.0,1380030052.0,E:\o4a\1379859712\L1_1380027648_1380031744.hdf5,1380027648.0,1380031744.0,L1,O4a,0.07267479598522186,191
1380030084.0,1380030116.0,E:\o4a\1379859712\L1_1380027648_1380031744.hdf5,1380027648.0,1380031744.0,L1,O4a,0.05863114818930626,191
1380030148.0,1380030180.0,E:\o4a\1379859712\L1_1380027648_1380031744.hdf5,1380027648.0,1380031744.0,L1,O4a,0.0658019408583641,191
1380030212.0,1380030244.0,E:\o4a\1379859712\L1_1380027648_1380031744.hdf5,1380027648.0,1380031744.0,L1,O4a,0.06157199665904045,191
1380077956.0,1380077988.0,E:\o4a\1379859712\L1_1380076800_1380080896.hdf5,1380076800.0,1380080896.0,L1,O4a,0.06312395632266998,192
1380078020.0,1380078052.0,E:\o4a\1379859712\L1_1380076800_1380080896.hdf5,1380076800.0,1380080896.0,L1,O4a,0.06945063173770905,192
1380078084.0,1380078116.0,E:\o4a\1379859712\L1_1380076800_1380080896.hdf5,1380076800.0,1380080896.0,L1,O4a,0.061147499829530716,192
1380078148.0,1380078180.0,E:\o4a\1379859712\L1_1380076800_1380080896.hdf5,1380076800.0,1380080896.0,L1,O4a,0.06034082546830177,192
1380078212.0,1380078244.0,E:\o4a\1379859712\L1_1380076800_1380080896.hdf5,1380076800.0,1380080896.0,L1,O4a,0.054767172783613205,192
1380078276.0,1380078308.0,E:\o4a\1379859712\L1_1380076800_1380080896.hdf5,1380076800.0,1380080896.0,L1,O4a,0.05667438358068466,192
1380078340.0,1380078372.0,E:\o4a\1379859712\L1_1380076800_1380080896.hdf5,1380076800.0,1380080896.0,L1,O4a,0.0580027736723423,192
1380078404.0,1380078436.0,E:\o4a\1379859712\L1_1380076800_1380080896.hdf5,1380076800.0,1380080896.0,L1,O4a,0.07859749346971512,192
1380078468.0,1380078500.0,E:\o4a\1379859712\L1_1380076800_1380080896.hdf5,1380076800.0,1380080896.0,L1,O4a,0.05934736877679825,192
1380078532.0,1380078564.0,E:\o4a\1379859712\L1_1380076800_1380080896.hdf5,1380076800.0,1380080896.0,L1,O4a,0.06642118841409683,192
1380078596.0,1380078628.0,E:\o4a\1379859712\L1_1380076800_1380080896.hdf5,1380076800.0,1380080896.0,L1,O4a,0.06331381946802139,192
1380078660.0,1380078692.0,E:\o4a\1379859712\L1_1380076800_1380080896.hdf5,1380076800.0,1380080896.0,L1,O4a,0.05955604836344719,192
1380078724.0,1380078756.0,E:\o4a\1379859712\L1_1380076800_1380080896.hdf5,1380076800.0,1380080896.0,L1,O4a,0.07088767737150192,192
1380078788.0,1380078820.0,E:\o4a\1379859712\L1_1380076800_1380080896.hdf5,1380076800.0,1380080896.0,L1,O4a,0.05361351743340492,192
1380078852.0,1380078884.0,E:\o4a\1379859712\L1_1380076800_1380080896.hdf5,1380076800.0,1380080896.0,L1,O4a,0.06913036853075027,192
1380078916.0,1380078948.0,E:\o4a\1379859712\L1_1380076800_1380080896.hdf5,1380076800.0,1380080896.0,L1,O4a,0.053208980709314346,192
1380078980.0,1380079012.0,E:\o4a\1379859712\L1_1380076800_1380080896.hdf5,1380076800.0,1380080896.0,L1,O4a,0.05239672586321831,192
1380127044.0,1380127076.0,E:\o4a\1379859712\L1_1380125952_1380130048.hdf5,1380125952.0,1380130048.0,L1,O4a,0.06127559393644333,193
1380127108.0,1380127140.0,E:\o4a\1379859712\L1_1380125952_1380130048.hdf5,1380125952.0,1380130048.0,L1,O4a,0.056292369961738586,193
1380127172.0,1380127204.0,E:\o4a\1379859712\L1_1380125952_1380130048.hdf5,1380125952.0,1380130048.0,L1,O4a,0.061810169368982315,193
1380127236.0,1380127268.0,E:\o4a\1379859712\L1_1380125952_1380130048.hdf5,1380125952.0,1380130048.0,L1,O4a,0.0646880492568016,193
1380127300.0,1380127332.0,E:\o4a\1379859712\L1_1380125952_1380130048.hdf5,1380125952.0,1380130048.0,L1,O4a,0.07574193179607391,193
1380127364.0,1380127396.0,E:\o4a\1379859712\L1_1380125952_1380130048.hdf5,1380125952.0,1380130048.0,L1,O4a,0.11393968015909195,193
1380127428.0,1380127460.0,E:\o4a\1379859712\L1_1380125952_1380130048.hdf5,1380125952.0,1380130048.0,L1,O4a,0.0561339408159256,193
1380127492.0,1380127524.0,E:\o4a\1379859712\L1_1380125952_1380130048.hdf5,1380125952.0,1380130048.0,L1,O4a,0.06269823759794235,193
1380127556.0,1380127588.0,E:\o4a\1379859712\L1_1380125952_1380130048.hdf5,1380125952.0,1380130048.0,L1,O4a,0.06883412599563599,193
1380127620.0,1380127652.0,E:\o4a\1379859712\L1_1380125952_1380130048.hdf5,1380125952.0,1380130048.0,L1,O4a,0.06160299852490425,193
1380127684.0,1380127716.0,E:\o4a\1379859712\L1_1380125952_1380130048.hdf5,1380125952.0,1380130048.0,L1,O4a,0.06408645212650299,193
1380127748.0,1380127780.0,E:\o4a\1379859712\L1_1380125952_1380130048.hdf5,1380125952.0,1380130048.0,L1,O4a,0.058185823261737823,193
1380127812.0,1380127844.0,E:\o4a\1379859712\L1_1380125952_1380130048.hdf5,1380125952.0,1380130048.0,L1,O4a,0.05957505479454994,193
1380127876.0,1380127908.0,E:\o4a\1379859712\L1_1380125952_1380130048.hdf5,1380125952.0,1380130048.0,L1,O4a,0.06259547919034958,193
1380127940.0,1380127972.0,E:\o4a\1379859712\L1_1380125952_1380130048.hdf5,1380125952.0,1380130048.0,L1,O4a,0.07339095324277878,193
1380128004.0,1380128036.0,E:\o4a\1379859712\L1_1380125952_1380130048.hdf5,1380125952.0,1380130048.0,L1,O4a,0.060580238699913025,193
1380128068.0,1380128100.0,E:\o4a\1379859712\L1_1380125952_1380130048.hdf5,1380125952.0,1380130048.0,L1,O4a,0.06406531482934952,193
1380257028.0,1380257060.0,E:\o4a\1379859712\L1_1380257024_1380261120.hdf5,1380257024.0,1380261120.0,L1,O4a,0.06049743667244911,195
1380257092.0,1380257124.0,E:\o4a\1379859712\L1_1380257024_1380261120.hdf5,1380257024.0,1380261120.0,L1,O4a,0.06199997290968895,195
1380257156.0,1380257188.0,E:\o4a\1379859712\L1_1380257024_1380261120.hdf5,1380257024.0,1380261120.0,L1,O4a,0.052213285118341446,195
1380257220.0,1380257252.0,E:\o4a\1379859712\L1_1380257024_1380261120.hdf5,1380257024.0,1380261120.0,L1,O4a,0.060818545520305634,195
1380257284.0,1380257316.0,E:\o4a\1379859712\L1_1380257024_1380261120.hdf5,1380257024.0,1380261120.0,L1,O4a,0.07394964247941971,195
1380257348.0,1380257380.0,E:\o4a\1379859712\L1_1380257024_1380261120.hdf5,1380257024.0,1380261120.0,L1,O4a,0.07154332846403122,195
1380257412.0,1380257444.0,E:\o4a\1379859712\L1_1380257024_1380261120.hdf5,1380257024.0,1380261120.0,L1,O4a,0.06924411654472351,195
1380257476.0,1380257508.0,E:\o4a\1379859712\L1_1380257024_1380261120.hdf5,1380257024.0,1380261120.0,L1,O4a,0.0702926442027092,195
1380257540.0,1380257572.0,E:\o4a\1379859712\L1_1380257024_1380261120.hdf5,1380257024.0,1380261120.0,L1,O4a,0.07828492671251297,195
1380257604.0,1380257636.0,E:\o4a\1379859712\L1_1380257024_1380261120.hdf5,1380257024.0,1380261120.0,L1,O4a,0.05868632346391678,195
1380257668.0,1380257700.0,E:\o4a\1379859712\L1_1380257024_1380261120.hdf5,1380257024.0,1380261120.0,L1,O4a,0.1069256141781807,195
1380257732.0,1380257764.0,E:\o4a\1379859712\L1_1380257024_1380261120.hdf5,1380257024.0,1380261120.0,L1,O4a,0.06860407441854477,195
1380257796.0,1380257828.0,E:\o4a\1379859712\L1_1380257024_1380261120.hdf5,1380257024.0,1380261120.0,L1,O4a,0.06553810089826584,195
1380257860.0,1380257892.0,E:\o4a\1379859712\L1_1380257024_1380261120.hdf5,1380257024.0,1380261120.0,L1,O4a,0.06977767497301102,195
1380257924.0,1380257956.0,E:\o4a\1379859712\L1_1380257024_1380261120.hdf5,1380257024.0,1380261120.0,L1,O4a,0.06363523751497269,195
1380257988.0,1380258020.0,E:\o4a\1379859712\L1_1380257024_1380261120.hdf5,1380257024.0,1380261120.0,L1,O4a,0.057857535779476166,195
1380258052.0,1380258084.0,E:\o4a\1379859712\L1_1380257024_1380261120.hdf5,1380257024.0,1380261120.0,L1,O4a,0.08478748053312302,195
1380519940.0,1380519972.0,E:\o4a\1380378112\L1_1380517376_1380521472.hdf5,1380517376.0,1380521472.0,L1,O4a,0.0607764795422554,199
1380520004.0,1380520036.0,E:\o4a\1380378112\L1_1380517376_1380521472.hdf5,1380517376.0,1380521472.0,L1,O4a,0.06348623335361481,199
1380520068.0,1380520100.0,E:\o4a\1380378112\L1_1380517376_1380521472.hdf5,1380517376.0,1380521472.0,L1,O4a,0.056837741285562515,199
1380520132.0,1380520164.0,E:\o4a\1380378112\L1_1380517376_1380521472.hdf5,1380517376.0,1380521472.0,L1,O4a,0.05230718478560448,199
1380520196.0,1380520228.0,E:\o4a\1380378112\L1_1380517376_1380521472.hdf5,1380517376.0,1380521472.0,L1,O4a,0.05924055352807045,199
1380520260.0,1380520292.0,E:\o4a\1380378112\L1_1380517376_1380521472.hdf5,1380517376.0,1380521472.0,L1,O4a,0.05963889881968498,199
1380520324.0,1380520356.0,E:\o4a\1380378112\L1_1380517376_1380521472.hdf5,1380517376.0,1380521472.0,L1,O4a,0.06374701112508774,199
1380520388.0,1380520420.0,E:\o4a\1380378112\L1_1380517376_1380521472.hdf5,1380517376.0,1380521472.0,L1,O4a,0.058130305260419846,199
1380520452.0,1380520484.0,E:\o4a\1380378112\L1_1380517376_1380521472.hdf5,1380517376.0,1380521472.0,L1,O4a,0.06662697345018387,199
1380520516.0,1380520548.0,E:\o4a\1380378112\L1_1380517376_1380521472.hdf5,1380517376.0,1380521472.0,L1,O4a,0.06954700499773026,199
1380520580.0,1380520612.0,E:\o4a\1380378112\L1_1380517376_1380521472.hdf5,1380517376.0,1380521472.0,L1,O4a,0.06843309104442596,199
1380520644.0,1380520676.0,E:\o4a\1380378112\L1_1380517376_1380521472.hdf5,1380517376.0,1380521472.0,L1,O4a,0.09491211920976639,199
1380520708.0,1380520740.0,E:\o4a\1380378112\L1_1380517376_1380521472.hdf5,1380517376.0,1380521472.0,L1,O4a,0.06356692314147949,199
1380520772.0,1380520804.0,E:\o4a\1380378112\L1_1380517376_1380521472.hdf5,1380517376.0,1380521472.0,L1,O4a,0.06292274594306946,199
1380520836.0,1380520868.0,E:\o4a\1380378112\L1_1380517376_1380521472.hdf5,1380517376.0,1380521472.0,L1,O4a,0.08657126873731613,199
1380520900.0,1380520932.0,E:\o4a\1380378112\L1_1380517376_1380521472.hdf5,1380517376.0,1380521472.0,L1,O4a,0.06047783046960831,199
1380520964.0,1380520996.0,E:\o4a\1380378112\L1_1380517376_1380521472.hdf5,1380517376.0,1380521472.0,L1,O4a,0.06422784179449081,199
1380558340.0,1380558372.0,E:\o4a\1380378112\L1_1380558336_1380562432.hdf5,1380558336.0,1380562432.0,L1,O4a,0.09164376556873322,200
1380558404.0,1380558436.0,E:\o4a\1380378112\L1_1380558336_1380562432.hdf5,1380558336.0,1380562432.0,L1,O4a,0.10481148958206177,200
1380558468.0,1380558500.0,E:\o4a\1380378112\L1_1380558336_1380562432.hdf5,1380558336.0,1380562432.0,L1,O4a,0.1371065080165863,200
1380558532.0,1380558564.0,E:\o4a\1380378112\L1_1380558336_1380562432.hdf5,1380558336.0,1380562432.0,L1,O4a,0.057885635644197464,200
1380558596.0,1380558628.0,E:\o4a\1380378112\L1_1380558336_1380562432.hdf5,1380558336.0,1380562432.0,L1,O4a,0.061699748039245605,200
1380558660.0,1380558692.0,E:\o4a\1380378112\L1_1380558336_1380562432.hdf5,1380558336.0,1380562432.0,L1,O4a,0.05908677726984024,200
1380558724.0,1380558756.0,E:\o4a\1380378112\L1_1380558336_1380562432.hdf5,1380558336.0,1380562432.0,L1,O4a,0.0575808621942997,200
1380558788.0,1380558820.0,E:\o4a\1380378112\L1_1380558336_1380562432.hdf5,1380558336.0,1380562432.0,L1,O4a,0.06044232100248337,200
1380558852.0,1380558884.0,E:\o4a\1380378112\L1_1380558336_1380562432.hdf5,1380558336.0,1380562432.0,L1,O4a,0.08640369027853012,200
1380558916.0,1380558948.0,E:\o4a\1380378112\L1_1380558336_1380562432.hdf5,1380558336.0,1380562432.0,L1,O4a,0.051786426454782486,200
1380558980.0,1380559012.0,E:\o4a\1380378112\L1_1380558336_1380562432.hdf5,1380558336.0,1380562432.0,L1,O4a,0.061620164662599564,200
1380559044.0,1380559076.0,E:\o4a\1380378112\L1_1380558336_1380562432.hdf5,1380558336.0,1380562432.0,L1,O4a,0.14473502337932587,200
1380559108.0,1380559140.0,E:\o4a\1380378112\L1_1380558336_1380562432.hdf5,1380558336.0,1380562432.0,L1,O4a,0.0726316049695015,200
1380559172.0,1380559204.0,E:\o4a\1380378112\L1_1380558336_1380562432.hdf5,1380558336.0,1380562432.0,L1,O4a,0.05912454053759575,200
1380559236.0,1380559268.0,E:\o4a\1380378112\L1_1380558336_1380562432.hdf5,1380558336.0,1380562432.0,L1,O4a,0.05993466451764107,200
1380559300.0,1380559332.0,E:\o4a\1380378112\L1_1380558336_1380562432.hdf5,1380558336.0,1380562432.0,L1,O4a,0.06941170990467072,200
1380559364.0,1380559396.0,E:\o4a\1380378112\L1_1380558336_1380562432.hdf5,1380558336.0,1380562432.0,L1,O4a,0.1384197622537613,200
1380616772.0,1380616804.0,E:\o4a\1380378112\L1_1380615680_1380619776.hdf5,1380615680.0,1380619776.0,L1,O4a,0.0585666261613369,201
1380616836.0,1380616868.0,E:\o4a\1380378112\L1_1380615680_1380619776.hdf5,1380615680.0,1380619776.0,L1,O4a,0.06381770968437195,201
1380616900.0,1380616932.0,E:\o4a\1380378112\L1_1380615680_1380619776.hdf5,1380615680.0,1380619776.0,L1,O4a,0.05686093121767044,201
1380616964.0,1380616996.0,E:\o4a\1380378112\L1_1380615680_1380619776.hdf5,1380615680.0,1380619776.0,L1,O4a,0.060828257352113724,201
1380617028.0,1380617060.0,E:\o4a\1380378112\L1_1380615680_1380619776.hdf5,1380615680.0,1380619776.0,L1,O4a,0.07253370434045792,201
1380617092.0,1380617124.0,E:\o4a\1380378112\L1_1380615680_1380619776.hdf5,1380615680.0,1380619776.0,L1,O4a,0.07006414979696274,201
1380617156.0,1380617188.0,E:\o4a\1380378112\L1_1380615680_1380619776.hdf5,1380615680.0,1380619776.0,L1,O4a,0.05983470380306244,201
1380617220.0,1380617252.0,E:\o4a\1380378112\L1_1380615680_1380619776.hdf5,1380615680.0,1380619776.0,L1,O4a,0.0626305490732193,201
1380617284.0,1380617316.0,E:\o4a\1380378112\L1_1380615680_1380619776.hdf5,1380615680.0,1380619776.0,L1,O4a,0.056779637932777405,201
1380617348.0,1380617380.0,E:\o4a\1380378112\L1_1380615680_1380619776.hdf5,1380615680.0,1380619776.0,L1,O4a,0.05808478221297264,201
1380617412.0,1380617444.0,E:\o4a\1380378112\L1_1380615680_1380619776.hdf5,1380615680.0,1380619776.0,L1,O4a,0.055536963045597076,201
1380617476.0,1380617508.0,E:\o4a\1380378112\L1_1380615680_1380619776.hdf5,1380615680.0,1380619776.0,L1,O4a,0.0648059993982315,201
1380617540.0,1380617572.0,E:\o4a\1380378112\L1_1380615680_1380619776.hdf5,1380615680.0,1380619776.0,L1,O4a,0.06859315186738968,201
1380617604.0,1380617636.0,E:\o4a\1380378112\L1_1380615680_1380619776.hdf5,1380615680.0,1380619776.0,L1,O4a,0.06404229253530502,201
1380617668.0,1380617700.0,E:\o4a\1380378112\L1_1380615680_1380619776.hdf5,1380615680.0,1380619776.0,L1,O4a,0.0716950073838234,201
1380617732.0,1380617764.0,E:\o4a\1380378112\L1_1380615680_1380619776.hdf5,1380615680.0,1380619776.0,L1,O4a,0.059330448508262634,201
1380617796.0,1380617828.0,E:\o4a\1380378112\L1_1380615680_1380619776.hdf5,1380615680.0,1380619776.0,L1,O4a,0.06634450703859329,201
1380665156.0,1380665188.0,E:\o4a\1380378112\L1_1380664832_1380668928.hdf5,1380664832.0,1380668928.0,L1,O4a,0.07031923532485962,202
1380665220.0,1380665252.0,E:\o4a\1380378112\L1_1380664832_1380668928.hdf5,1380664832.0,1380668928.0,L1,O4a,0.05757743865251541,202
1380665284.0,1380665316.0,E:\o4a\1380378112\L1_1380664832_1380668928.hdf5,1380664832.0,1380668928.0,L1,O4a,0.07969791442155838,202
1380665348.0,1380665380.0,E:\o4a\1380378112\L1_1380664832_1380668928.hdf5,1380664832.0,1380668928.0,L1,O4a,0.06476350873708725,202
1380665412.0,1380665444.0,E:\o4a\1380378112\L1_1380664832_1380668928.hdf5,1380664832.0,1380668928.0,L1,O4a,0.05971161648631096,202
1380665476.0,1380665508.0,E:\o4a\1380378112\L1_1380664832_1380668928.hdf5,1380664832.0,1380668928.0,L1,O4a,0.10763421654701233,202
1380665540.0,1380665572.0,E:\o4a\1380378112\L1_1380664832_1380668928.hdf5,1380664832.0,1380668928.0,L1,O4a,0.05410078540444374,202
1380665604.0,1380665636.0,E:\o4a\1380378112\L1_1380664832_1380668928.hdf5,1380664832.0,1380668928.0,L1,O4a,0.05469159409403801,202
1380665668.0,1380665700.0,E:\o4a\1380378112\L1_1380664832_1380668928.hdf5,1380664832.0,1380668928.0,L1,O4a,0.06476245075464249,202
1380665732.0,1380665764.0,E:\o4a\1380378112\L1_1380664832_1380668928.hdf5,1380664832.0,1380668928.0,L1,O4a,0.05738382413983345,202
1380665796.0,1380665828.0,E:\o4a\1380378112\L1_1380664832_1380668928.hdf5,1380664832.0,1380668928.0,L1,O4a,0.06356770545244217,202
1380665860.0,1380665892.0,E:\o4a\1380378112\L1_1380664832_1380668928.hdf5,1380664832.0,1380668928.0,L1,O4a,0.05984743312001228,202
1380665924.0,1380665956.0,E:\o4a\1380378112\L1_1380664832_1380668928.hdf5,1380664832.0,1380668928.0,L1,O4a,0.058703891932964325,202
1380665988.0,1380666020.0,E:\o4a\1380378112\L1_1380664832_1380668928.hdf5,1380664832.0,1380668928.0,L1,O4a,0.05599500983953476,202
1380666052.0,1380666084.0,E:\o4a\1380378112\L1_1380664832_1380668928.hdf5,1380664832.0,1380668928.0,L1,O4a,0.06388844549655914,202
1380666116.0,1380666148.0,E:\o4a\1380378112\L1_1380664832_1380668928.hdf5,1380664832.0,1380668928.0,L1,O4a,0.060178209096193314,202
1380666180.0,1380666212.0,E:\o4a\1380378112\L1_1380664832_1380668928.hdf5,1380664832.0,1380668928.0,L1,O4a,0.06169763579964638,202
1380732548.0,1380732580.0,E:\o4a\1380378112\L1_1380730368_1380734464.hdf5,1380730368.0,1380734464.0,L1,O4a,0.057955559343099594,203
1380732612.0,1380732644.0,E:\o4a\1380378112\L1_1380730368_1380734464.hdf5,1380730368.0,1380734464.0,L1,O4a,0.061638880521059036,203
1380732676.0,1380732708.0,E:\o4a\1380378112\L1_1380730368_1380734464.hdf5,1380730368.0,1380734464.0,L1,O4a,0.06823135912418365,203
1380732740.0,1380732772.0,E:\o4a\1380378112\L1_1380730368_1380734464.hdf5,1380730368.0,1380734464.0,L1,O4a,0.05606454983353615,203
1380732804.0,1380732836.0,E:\o4a\1380378112\L1_1380730368_1380734464.hdf5,1380730368.0,1380734464.0,L1,O4a,0.10281921178102493,203
1380732868.0,1380732900.0,E:\o4a\1380378112\L1_1380730368_1380734464.hdf5,1380730368.0,1380734464.0,L1,O4a,0.08047360926866531,203
1380732932.0,1380732964.0,E:\o4a\1380378112\L1_1380730368_1380734464.hdf5,1380730368.0,1380734464.0,L1,O4a,0.07914234697818756,203
1380732996.0,1380733028.0,E:\o4a\1380378112\L1_1380730368_1380734464.hdf5,1380730368.0,1380734464.0,L1,O4a,0.060046225786209106,203
1380733060.0,1380733092.0,E:\o4a\1380378112\L1_1380730368_1380734464.hdf5,1380730368.0,1380734464.0,L1,O4a,0.11287924647331238,203
1380733124.0,1380733156.0,E:\o4a\1380378112\L1_1380730368_1380734464.hdf5,1380730368.0,1380734464.0,L1,O4a,0.09912823140621185,203
1380733188.0,1380733220.0,E:\o4a\1380378112\L1_1380730368_1380734464.hdf5,1380730368.0,1380734464.0,L1,O4a,0.05452445149421692,203
1380733252.0,1380733284.0,E:\o4a\1380378112\L1_1380730368_1380734464.hdf5,1380730368.0,1380734464.0,L1,O4a,0.06111272796988487,203
1380733316.0,1380733348.0,E:\o4a\1380378112\L1_1380730368_1380734464.hdf5,1380730368.0,1380734464.0,L1,O4a,0.09110132604837418,203
1380733380.0,1380733412.0,E:\o4a\1380378112\L1_1380730368_1380734464.hdf5,1380730368.0,1380734464.0,L1,O4a,0.08575693517923355,203
1380733444.0,1380733476.0,E:\o4a\1380378112\L1_1380730368_1380734464.hdf5,1380730368.0,1380734464.0,L1,O4a,0.06610476225614548,203
1380733508.0,1380733540.0,E:\o4a\1380378112\L1_1380730368_1380734464.hdf5,1380730368.0,1380734464.0,L1,O4a,0.05682990327477455,203
1380733572.0,1380733604.0,E:\o4a\1380378112\L1_1380730368_1380734464.hdf5,1380730368.0,1380734464.0,L1,O4a,0.058489732444286346,203
1380804100.0,1380804132.0,E:\o4a\1380378112\L1_1380804096_1380808192.hdf5,1380804096.0,1380808192.0,L1,O4a,0.053877003490924835,204
1380804164.0,1380804196.0,E:\o4a\1380378112\L1_1380804096_1380808192.hdf5,1380804096.0,1380808192.0,L1,O4a,0.06425508856773376,204
1380804228.0,1380804260.0,E:\o4a\1380378112\L1_1380804096_1380808192.hdf5,1380804096.0,1380808192.0,L1,O4a,0.06945726275444031,204
1380804292.0,1380804324.0,E:\o4a\1380378112\L1_1380804096_1380808192.hdf5,1380804096.0,1380808192.0,L1,O4a,0.06073180213570595,204
1380804356.0,1380804388.0,E:\o4a\1380378112\L1_1380804096_1380808192.hdf5,1380804096.0,1380808192.0,L1,O4a,0.060729917138814926,204
1380804420.0,1380804452.0,E:\o4a\1380378112\L1_1380804096_1380808192.hdf5,1380804096.0,1380808192.0,L1,O4a,0.059684012085199356,204
1380804484.0,1380804516.0,E:\o4a\1380378112\L1_1380804096_1380808192.hdf5,1380804096.0,1380808192.0,L1,O4a,0.05573015287518501,204
1380804548.0,1380804580.0,E:\o4a\1380378112\L1_1380804096_1380808192.hdf5,1380804096.0,1380808192.0,L1,O4a,0.06265854835510254,204
1380804612.0,1380804644.0,E:\o4a\1380378112\L1_1380804096_1380808192.hdf5,1380804096.0,1380808192.0,L1,O4a,0.0648217499256134,204
1380804676.0,1380804708.0,E:\o4a\1380378112\L1_1380804096_1380808192.hdf5,1380804096.0,1380808192.0,L1,O4a,0.05798422545194626,204
1380804740.0,1380804772.0,E:\o4a\1380378112\L1_1380804096_1380808192.hdf5,1380804096.0,1380808192.0,L1,O4a,0.06763254851102829,204
1380804804.0,1380804836.0,E:\o4a\1380378112\L1_1380804096_1380808192.hdf5,1380804096.0,1380808192.0,L1,O4a,0.06301166117191315,204
1380804868.0,1380804900.0,E:\o4a\1380378112\L1_1380804096_1380808192.hdf5,1380804096.0,1380808192.0,L1,O4a,0.06101328507065773,204
1380804932.0,1380804964.0,E:\o4a\1380378112\L1_1380804096_1380808192.hdf5,1380804096.0,1380808192.0,L1,O4a,0.06128617003560066,204
1380804996.0,1380805028.0,E:\o4a\1380378112\L1_1380804096_1380808192.hdf5,1380804096.0,1380808192.0,L1,O4a,0.05813314765691757,204
1380805060.0,1380805092.0,E:\o4a\1380378112\L1_1380804096_1380808192.hdf5,1380804096.0,1380808192.0,L1,O4a,0.07015663385391235,204
1380805124.0,1380805156.0,E:\o4a\1380378112\L1_1380804096_1380808192.hdf5,1380804096.0,1380808192.0,L1,O4a,0.053792890161275864,204
1380850244.0,1380850276.0,E:\o4a\1380378112\L1_1380849152_1380853248.hdf5,1380849152.0,1380853248.0,L1,O4a,0.05465046688914299,205
1380850308.0,1380850340.0,E:\o4a\1380378112\L1_1380849152_1380853248.hdf5,1380849152.0,1380853248.0,L1,O4a,0.06056903302669525,205
1380850372.0,1380850404.0,E:\o4a\1380378112\L1_1380849152_1380853248.hdf5,1380849152.0,1380853248.0,L1,O4a,0.06227762624621391,205
1380850436.0,1380850468.0,E:\o4a\1380378112\L1_1380849152_1380853248.hdf5,1380849152.0,1380853248.0,L1,O4a,0.06253013014793396,205
1380850500.0,1380850532.0,E:\o4a\1380378112\L1_1380849152_1380853248.hdf5,1380849152.0,1380853248.0,L1,O4a,0.06981442123651505,205
1380850564.0,1380850596.0,E:\o4a\1380378112\L1_1380849152_1380853248.hdf5,1380849152.0,1380853248.0,L1,O4a,0.055042337626218796,205
1380850628.0,1380850660.0,E:\o4a\1380378112\L1_1380849152_1380853248.hdf5,1380849152.0,1380853248.0,L1,O4a,0.055171918123960495,205
1380850692.0,1380850724.0,E:\o4a\1380378112\L1_1380849152_1380853248.hdf5,1380849152.0,1380853248.0,L1,O4a,0.07249941676855087,205
1380850756.0,1380850788.0,E:\o4a\1380378112\L1_1380849152_1380853248.hdf5,1380849152.0,1380853248.0,L1,O4a,0.05723259598016739,205
1380850820.0,1380850852.0,E:\o4a\1380378112\L1_1380849152_1380853248.hdf5,1380849152.0,1380853248.0,L1,O4a,0.06079452112317085,205
1380850884.0,1380850916.0,E:\o4a\1380378112\L1_1380849152_1380853248.hdf5,1380849152.0,1380853248.0,L1,O4a,0.05905338004231453,205
1380850948.0,1380850980.0,E:\o4a\1380378112\L1_1380849152_1380853248.hdf5,1380849152.0,1380853248.0,L1,O4a,0.05486985296010971,205
1380851012.0,1380851044.0,E:\o4a\1380378112\L1_1380849152_1380853248.hdf5,1380849152.0,1380853248.0,L1,O4a,0.05685830116271973,205
1380851076.0,1380851108.0,E:\o4a\1380378112\L1_1380849152_1380853248.hdf5,1380849152.0,1380853248.0,L1,O4a,0.05748436972498894,205
1380851140.0,1380851172.0,E:\o4a\1380378112\L1_1380849152_1380853248.hdf5,1380849152.0,1380853248.0,L1,O4a,0.05672680586576462,205
1380851204.0,1380851236.0,E:\o4a\1380378112\L1_1380849152_1380853248.hdf5,1380849152.0,1380853248.0,L1,O4a,0.06709839403629303,205
1380851268.0,1380851300.0,E:\o4a\1380378112\L1_1380849152_1380853248.hdf5,1380849152.0,1380853248.0,L1,O4a,0.0680183693766594,205
1380930372.0,1380930404.0,E:\o4a\1380896512\L1_1380929280_1380933376.hdf5,1380929280.0,1380933376.0,L1,O4a,0.06288426369428635,206
1380930436.0,1380930468.0,E:\o4a\1380896512\L1_1380929280_1380933376.hdf5,1380929280.0,1380933376.0,L1,O4a,0.05616122484207153,206
1380930500.0,1380930532.0,E:\o4a\1380896512\L1_1380929280_1380933376.hdf5,1380929280.0,1380933376.0,L1,O4a,0.062486544251441956,206
1380930564.0,1380930596.0,E:\o4a\1380896512\L1_1380929280_1380933376.hdf5,1380929280.0,1380933376.0,L1,O4a,0.08313880115747452,206
1380930628.0,1380930660.0,E:\o4a\1380896512\L1_1380929280_1380933376.hdf5,1380929280.0,1380933376.0,L1,O4a,0.0560898520052433,206
1380930692.0,1380930724.0,E:\o4a\1380896512\L1_1380929280_1380933376.hdf5,1380929280.0,1380933376.0,L1,O4a,0.06808292120695114,206
1380930756.0,1380930788.0,E:\o4a\1380896512\L1_1380929280_1380933376.hdf5,1380929280.0,1380933376.0,L1,O4a,0.055728260427713394,206
1380930820.0,1380930852.0,E:\o4a\1380896512\L1_1380929280_1380933376.hdf5,1380929280.0,1380933376.0,L1,O4a,0.0595942959189415,206
1380930884.0,1380930916.0,E:\o4a\1380896512\L1_1380929280_1380933376.hdf5,1380929280.0,1380933376.0,L1,O4a,0.0549844391644001,206
1380930948.0,1380930980.0,E:\o4a\1380896512\L1_1380929280_1380933376.hdf5,1380929280.0,1380933376.0,L1,O4a,0.05987801402807236,206
1380931012.0,1380931044.0,E:\o4a\1380896512\L1_1380929280_1380933376.hdf5,1380929280.0,1380933376.0,L1,O4a,0.06857100874185562,206
1380931076.0,1380931108.0,E:\o4a\1380896512\L1_1380929280_1380933376.hdf5,1380929280.0,1380933376.0,L1,O4a,0.0626128688454628,206
1380931140.0,1380931172.0,E:\o4a\1380896512\L1_1380929280_1380933376.hdf5,1380929280.0,1380933376.0,L1,O4a,0.0663767158985138,206
1380931204.0,1380931236.0,E:\o4a\1380896512\L1_1380929280_1380933376.hdf5,1380929280.0,1380933376.0,L1,O4a,0.06268588453531265,206
1380931268.0,1380931300.0,E:\o4a\1380896512\L1_1380929280_1380933376.hdf5,1380929280.0,1380933376.0,L1,O4a,0.07328195124864578,206
1380931332.0,1380931364.0,E:\o4a\1380896512\L1_1380929280_1380933376.hdf5,1380929280.0,1380933376.0,L1,O4a,0.05685487762093544,206
1380931396.0,1380931428.0,E:\o4a\1380896512\L1_1380929280_1380933376.hdf5,1380929280.0,1380933376.0,L1,O4a,0.05649168789386749,206
1380975044.0,1380975076.0,E:\o4a\1380896512\L1_1380974336_1380978432.hdf5,1380974336.0,1380978432.0,L1,O4a,0.06799743324518204,207
1380975108.0,1380975140.0,E:\o4a\1380896512\L1_1380974336_1380978432.hdf5,1380974336.0,1380978432.0,L1,O4a,0.04939673840999603,207
1380975172.0,1380975204.0,E:\o4a\1380896512\L1_1380974336_1380978432.hdf5,1380974336.0,1380978432.0,L1,O4a,0.054317619651556015,207
1380975236.0,1380975268.0,E:\o4a\1380896512\L1_1380974336_1380978432.hdf5,1380974336.0,1380978432.0,L1,O4a,0.06275024265050888,207
1380975300.0,1380975332.0,E:\o4a\1380896512\L1_1380974336_1380978432.hdf5,1380974336.0,1380978432.0,L1,O4a,0.06086771562695503,207
1380975364.0,1380975396.0,E:\o4a\1380896512\L1_1380974336_1380978432.hdf5,1380974336.0,1380978432.0,L1,O4a,0.06652186065912247,207
1380975428.0,1380975460.0,E:\o4a\1380896512\L1_1380974336_1380978432.hdf5,1380974336.0,1380978432.0,L1,O4a,0.07310269773006439,207
1380975492.0,1380975524.0,E:\o4a\1380896512\L1_1380974336_1380978432.hdf5,1380974336.0,1380978432.0,L1,O4a,0.07004909962415695,207
1380975556.0,1380975588.0,E:\o4a\1380896512\L1_1380974336_1380978432.hdf5,1380974336.0,1380978432.0,L1,O4a,0.06983402371406555,207
1380975620.0,1380975652.0,E:\o4a\1380896512\L1_1380974336_1380978432.hdf5,1380974336.0,1380978432.0,L1,O4a,0.06317111849784851,207
1380975684.0,1380975716.0,E:\o4a\1380896512\L1_1380974336_1380978432.hdf5,1380974336.0,1380978432.0,L1,O4a,0.058975204825401306,207
1380975748.0,1380975780.0,E:\o4a\1380896512\L1_1380974336_1380978432.hdf5,1380974336.0,1380978432.0,L1,O4a,0.0632479339838028,207
1380975812.0,1380975844.0,E:\o4a\1380896512\L1_1380974336_1380978432.hdf5,1380974336.0,1380978432.0,L1,O4a,0.07445187121629715,207
1380975876.0,1380975908.0,E:\o4a\1380896512\L1_1380974336_1380978432.hdf5,1380974336.0,1380978432.0,L1,O4a,0.09177567064762115,207
1380975940.0,1380975972.0,E:\o4a\1380896512\L1_1380974336_1380978432.hdf5,1380974336.0,1380978432.0,L1,O4a,0.06342034041881561,207
1380976004.0,1380976036.0,E:\o4a\1380896512\L1_1380974336_1380978432.hdf5,1380974336.0,1380978432.0,L1,O4a,0.06619972735643387,207
1380976068.0,1380976100.0,E:\o4a\1380896512\L1_1380974336_1380978432.hdf5,1380974336.0,1380978432.0,L1,O4a,0.06440946459770203,207
1381043972.0,1381044004.0,E:\o4a\1380896512\L1_1381043968_1381048064.hdf5,1381043968.0,1381048064.0,L1,O4a,0.05786057934165001,208
1381044036.0,1381044068.0,E:\o4a\1380896512\L1_1381043968_1381048064.hdf5,1381043968.0,1381048064.0,L1,O4a,0.05901606008410454,208
1381044100.0,1381044132.0,E:\o4a\1380896512\L1_1381043968_1381048064.hdf5,1381043968.0,1381048064.0,L1,O4a,0.055984895676374435,208
1381044164.0,1381044196.0,E:\o4a\1380896512\L1_1381043968_1381048064.hdf5,1381043968.0,1381048064.0,L1,O4a,0.056936219334602356,208
1381044228.0,1381044260.0,E:\o4a\1380896512\L1_1381043968_1381048064.hdf5,1381043968.0,1381048064.0,L1,O4a,0.4148102402687073,208
1381044292.0,1381044324.0,E:\o4a\1380896512\L1_1381043968_1381048064.hdf5,1381043968.0,1381048064.0,L1,O4a,0.0692581906914711,208
1381044356.0,1381044388.0,E:\o4a\1380896512\L1_1381043968_1381048064.hdf5,1381043968.0,1381048064.0,L1,O4a,0.05920694023370743,208
1381044420.0,1381044452.0,E:\o4a\1380896512\L1_1381043968_1381048064.hdf5,1381043968.0,1381048064.0,L1,O4a,0.07041323930025101,208
1381044484.0,1381044516.0,E:\o4a\1380896512\L1_1381043968_1381048064.hdf5,1381043968.0,1381048064.0,L1,O4a,0.08572860062122345,208
1381044548.0,1381044580.0,E:\o4a\1380896512\L1_1381043968_1381048064.hdf5,1381043968.0,1381048064.0,L1,O4a,0.07614660263061523,208
1381044612.0,1381044644.0,E:\o4a\1380896512\L1_1381043968_1381048064.hdf5,1381043968.0,1381048064.0,L1,O4a,0.060320187360048294,208
1381044676.0,1381044708.0,E:\o4a\1380896512\L1_1381043968_1381048064.hdf5,1381043968.0,1381048064.0,L1,O4a,0.05773482099175453,208
1381044740.0,1381044772.0,E:\o4a\1380896512\L1_1381043968_1381048064.hdf5,1381043968.0,1381048064.0,L1,O4a,0.05933724343776703,208
1381044804.0,1381044836.0,E:\o4a\1380896512\L1_1381043968_1381048064.hdf5,1381043968.0,1381048064.0,L1,O4a,0.06306077539920807,208
1381044868.0,1381044900.0,E:\o4a\1380896512\L1_1381043968_1381048064.hdf5,1381043968.0,1381048064.0,L1,O4a,0.05979946628212929,208
1381044932.0,1381044964.0,E:\o4a\1380896512\L1_1381043968_1381048064.hdf5,1381043968.0,1381048064.0,L1,O4a,0.062139082700014114,208
1381044996.0,1381045028.0,E:\o4a\1380896512\L1_1381043968_1381048064.hdf5,1381043968.0,1381048064.0,L1,O4a,0.06070595607161522,208
1381209988.0,1381210020.0,E:\o4a\1380896512\L1_1381207808_1381211904.hdf5,1381207808.0,1381211904.0,L1,O4a,0.2159714549779892,209
1381210052.0,1381210084.0,E:\o4a\1380896512\L1_1381207808_1381211904.hdf5,1381207808.0,1381211904.0,L1,O4a,0.05852792039513588,209
1381210116.0,1381210148.0,E:\o4a\1380896512\L1_1381207808_1381211904.hdf5,1381207808.0,1381211904.0,L1,O4a,0.060329943895339966,209
1381210180.0,1381210212.0,E:\o4a\1380896512\L1_1381207808_1381211904.hdf5,1381207808.0,1381211904.0,L1,O4a,0.06986552476882935,209
1381210244.0,1381210276.0,E:\o4a\1380896512\L1_1381207808_1381211904.hdf5,1381207808.0,1381211904.0,L1,O4a,0.06989600509405136,209
1381210308.0,1381210340.0,E:\o4a\1380896512\L1_1381207808_1381211904.hdf5,1381207808.0,1381211904.0,L1,O4a,0.060504794120788574,209
1381210372.0,1381210404.0,E:\o4a\1380896512\L1_1381207808_1381211904.hdf5,1381207808.0,1381211904.0,L1,O4a,0.053156983107328415,209
1381210436.0,1381210468.0,E:\o4a\1380896512\L1_1381207808_1381211904.hdf5,1381207808.0,1381211904.0,L1,O4a,0.05111658200621605,209
1381210500.0,1381210532.0,E:\o4a\1380896512\L1_1381207808_1381211904.hdf5,1381207808.0,1381211904.0,L1,O4a,0.09081222116947174,209
1381210564.0,1381210596.0,E:\o4a\1380896512\L1_1381207808_1381211904.hdf5,1381207808.0,1381211904.0,L1,O4a,0.07382934540510178,209
1381210628.0,1381210660.0,E:\o4a\1380896512\L1_1381207808_1381211904.hdf5,1381207808.0,1381211904.0,L1,O4a,0.05499021336436272,209
1381210692.0,1381210724.0,E:\o4a\1380896512\L1_1381207808_1381211904.hdf5,1381207808.0,1381211904.0,L1,O4a,0.05819246545433998,209
1381210756.0,1381210788.0,E:\o4a\1380896512\L1_1381207808_1381211904.hdf5,1381207808.0,1381211904.0,L1,O4a,0.07077841460704803,209
1381210820.0,1381210852.0,E:\o4a\1380896512\L1_1381207808_1381211904.hdf5,1381207808.0,1381211904.0,L1,O4a,0.0644402876496315,209
1381210884.0,1381210916.0,E:\o4a\1380896512\L1_1381207808_1381211904.hdf5,1381207808.0,1381211904.0,L1,O4a,0.06438705325126648,209
1381210948.0,1381210980.0,E:\o4a\1380896512\L1_1381207808_1381211904.hdf5,1381207808.0,1381211904.0,L1,O4a,0.09133825451135635,209
1381211012.0,1381211044.0,E:\o4a\1380896512\L1_1381207808_1381211904.hdf5,1381207808.0,1381211904.0,L1,O4a,0.10280342400074005,209
1381246852.0,1381246884.0,E:\o4a\1380896512\L1_1381244672_1381248768.hdf5,1381244672.0,1381248768.0,L1,O4a,0.05583658814430237,210
1381246916.0,1381246948.0,E:\o4a\1380896512\L1_1381244672_1381248768.hdf5,1381244672.0,1381248768.0,L1,O4a,0.05971880629658699,210
1381246980.0,1381247012.0,E:\o4a\1380896512\L1_1381244672_1381248768.hdf5,1381244672.0,1381248768.0,L1,O4a,0.24900521337985992,210
1381247044.0,1381247076.0,E:\o4a\1380896512\L1_1381244672_1381248768.hdf5,1381244672.0,1381248768.0,L1,O4a,0.07751887291669846,210
1381247108.0,1381247140.0,E:\o4a\1380896512\L1_1381244672_1381248768.hdf5,1381244672.0,1381248768.0,L1,O4a,0.06256907433271408,210
1381247172.0,1381247204.0,E:\o4a\1380896512\L1_1381244672_1381248768.hdf5,1381244672.0,1381248768.0,L1,O4a,0.054558370262384415,210
1381247236.0,1381247268.0,E:\o4a\1380896512\L1_1381244672_1381248768.hdf5,1381244672.0,1381248768.0,L1,O4a,0.4164985716342926,210
1381247300.0,1381247332.0,E:\o4a\1380896512\L1_1381244672_1381248768.hdf5,1381244672.0,1381248768.0,L1,O4a,0.053602129220962524,210
1381247364.0,1381247396.0,E:\o4a\1380896512\L1_1381244672_1381248768.hdf5,1381244672.0,1381248768.0,L1,O4a,0.05298082157969475,210
1381247428.0,1381247460.0,E:\o4a\1380896512\L1_1381244672_1381248768.hdf5,1381244672.0,1381248768.0,L1,O4a,0.09125488996505737,210
1381247492.0,1381247524.0,E:\o4a\1380896512\L1_1381244672_1381248768.hdf5,1381244672.0,1381248768.0,L1,O4a,0.058583058416843414,210
1381247556.0,1381247588.0,E:\o4a\1380896512\L1_1381244672_1381248768.hdf5,1381244672.0,1381248768.0,L1,O4a,0.07076941430568695,210
1381247620.0,1381247652.0,E:\o4a\1380896512\L1_1381244672_1381248768.hdf5,1381244672.0,1381248768.0,L1,O4a,0.0944715365767479,210
1381247684.0,1381247716.0,E:\o4a\1380896512\L1_1381244672_1381248768.hdf5,1381244672.0,1381248768.0,L1,O4a,0.06359809637069702,210
1381247748.0,1381247780.0,E:\o4a\1380896512\L1_1381244672_1381248768.hdf5,1381244672.0,1381248768.0,L1,O4a,0.05642031878232956,210
1381247812.0,1381247844.0,E:\o4a\1380896512\L1_1381244672_1381248768.hdf5,1381244672.0,1381248768.0,L1,O4a,0.05087120458483696,210
1381247876.0,1381247908.0,E:\o4a\1380896512\L1_1381244672_1381248768.hdf5,1381244672.0,1381248768.0,L1,O4a,0.058399152010679245,210
1381291908.0,1381291940.0,E:\o4a\1380896512\L1_1381289728_1381293824.hdf5,1381289728.0,1381293824.0,L1,O4a,0.06540054082870483,211
1381291972.0,1381292004.0,E:\o4a\1380896512\L1_1381289728_1381293824.hdf5,1381289728.0,1381293824.0,L1,O4a,0.05835755541920662,211
1381292036.0,1381292068.0,E:\o4a\1380896512\L1_1381289728_1381293824.hdf5,1381289728.0,1381293824.0,L1,O4a,0.06233735755085945,211
1381292100.0,1381292132.0,E:\o4a\1380896512\L1_1381289728_1381293824.hdf5,1381289728.0,1381293824.0,L1,O4a,0.08044757694005966,211
1381292164.0,1381292196.0,E:\o4a\1380896512\L1_1381289728_1381293824.hdf5,1381289728.0,1381293824.0,L1,O4a,0.05883899703621864,211
1381292228.0,1381292260.0,E:\o4a\1380896512\L1_1381289728_1381293824.hdf5,1381289728.0,1381293824.0,L1,O4a,0.0573183074593544,211
1381292292.0,1381292324.0,E:\o4a\1380896512\L1_1381289728_1381293824.hdf5,1381289728.0,1381293824.0,L1,O4a,0.058878093957901,211
1381292356.0,1381292388.0,E:\o4a\1380896512\L1_1381289728_1381293824.hdf5,1381289728.0,1381293824.0,L1,O4a,0.056223105639219284,211
1381292420.0,1381292452.0,E:\o4a\1380896512\L1_1381289728_1381293824.hdf5,1381289728.0,1381293824.0,L1,O4a,0.05707089975476265,211
1381292484.0,1381292516.0,E:\o4a\1380896512\L1_1381289728_1381293824.hdf5,1381289728.0,1381293824.0,L1,O4a,0.05741073563694954,211
1381292548.0,1381292580.0,E:\o4a\1380896512\L1_1381289728_1381293824.hdf5,1381289728.0,1381293824.0,L1,O4a,0.074756920337677,211
1381292612.0,1381292644.0,E:\o4a\1380896512\L1_1381289728_1381293824.hdf5,1381289728.0,1381293824.0,L1,O4a,0.057753268629312515,211
1381292676.0,1381292708.0,E:\o4a\1380896512\L1_1381289728_1381293824.hdf5,1381289728.0,1381293824.0,L1,O4a,0.061573419719934464,211
1381292740.0,1381292772.0,E:\o4a\1380896512\L1_1381289728_1381293824.hdf5,1381289728.0,1381293824.0,L1,O4a,0.06590660661458969,211
1381292804.0,1381292836.0,E:\o4a\1380896512\L1_1381289728_1381293824.hdf5,1381289728.0,1381293824.0,L1,O4a,0.058709271252155304,211
1381292868.0,1381292900.0,E:\o4a\1380896512\L1_1381289728_1381293824.hdf5,1381289728.0,1381293824.0,L1,O4a,0.05935009941458702,211
1381292932.0,1381292964.0,E:\o4a\1380896512\L1_1381289728_1381293824.hdf5,1381289728.0,1381293824.0,L1,O4a,0.06038139760494232,211
1381331780.0,1381331812.0,E:\o4a\1380896512\L1_1381330688_1381334784.hdf5,1381330688.0,1381334784.0,L1,O4a,0.05617756396532059,212
1381331844.0,1381331876.0,E:\o4a\1380896512\L1_1381330688_1381334784.hdf5,1381330688.0,1381334784.0,L1,O4a,0.07626604288816452,212
1381331908.0,1381331940.0,E:\o4a\1380896512\L1_1381330688_1381334784.hdf5,1381330688.0,1381334784.0,L1,O4a,0.06337668001651764,212
1381331972.0,1381332004.0,E:\o4a\1380896512\L1_1381330688_1381334784.hdf5,1381330688.0,1381334784.0,L1,O4a,0.054306212812662125,212
1381332036.0,1381332068.0,E:\o4a\1380896512\L1_1381330688_1381334784.hdf5,1381330688.0,1381334784.0,L1,O4a,0.059571169316768646,212
1381332100.0,1381332132.0,E:\o4a\1380896512\L1_1381330688_1381334784.hdf5,1381330688.0,1381334784.0,L1,O4a,0.24400265514850616,212
1381332164.0,1381332196.0,E:\o4a\1380896512\L1_1381330688_1381334784.hdf5,1381330688.0,1381334784.0,L1,O4a,0.05767862871289253,212
1381332228.0,1381332260.0,E:\o4a\1380896512\L1_1381330688_1381334784.hdf5,1381330688.0,1381334784.0,L1,O4a,0.0673266276717186,212
1381332292.0,1381332324.0,E:\o4a\1380896512\L1_1381330688_1381334784.hdf5,1381330688.0,1381334784.0,L1,O4a,0.05401143804192543,212
1381332356.0,1381332388.0,E:\o4a\1380896512\L1_1381330688_1381334784.hdf5,1381330688.0,1381334784.0,L1,O4a,0.06485873460769653,212
1381332420.0,1381332452.0,E:\o4a\1380896512\L1_1381330688_1381334784.hdf5,1381330688.0,1381334784.0,L1,O4a,0.057698097079992294,212
1381332484.0,1381332516.0,E:\o4a\1380896512\L1_1381330688_1381334784.hdf5,1381330688.0,1381334784.0,L1,O4a,0.05705753341317177,212
1381332548.0,1381332580.0,E:\o4a\1380896512\L1_1381330688_1381334784.hdf5,1381330688.0,1381334784.0,L1,O4a,0.061443764716386795,212
1381332612.0,1381332644.0,E:\o4a\1380896512\L1_1381330688_1381334784.hdf5,1381330688.0,1381334784.0,L1,O4a,0.07829490303993225,212
1381332676.0,1381332708.0,E:\o4a\1380896512\L1_1381330688_1381334784.hdf5,1381330688.0,1381334784.0,L1,O4a,0.06302418559789658,212
1381332740.0,1381332772.0,E:\o4a\1380896512\L1_1381330688_1381334784.hdf5,1381330688.0,1381334784.0,L1,O4a,0.052683595567941666,212
1381332804.0,1381332836.0,E:\o4a\1380896512\L1_1381330688_1381334784.hdf5,1381330688.0,1381334784.0,L1,O4a,0.06532802432775497,212
1381369732.0,1381369764.0,E:\o4a\1380896512\L1_1381367552_1381371648.hdf5,1381367552.0,1381371648.0,L1,O4a,0.059215813875198364,213
1381369796.0,1381369828.0,E:\o4a\1380896512\L1_1381367552_1381371648.hdf5,1381367552.0,1381371648.0,L1,O4a,0.06056252494454384,213
1381369860.0,1381369892.0,E:\o4a\1380896512\L1_1381367552_1381371648.hdf5,1381367552.0,1381371648.0,L1,O4a,0.07672102004289627,213
1381369924.0,1381369956.0,E:\o4a\1380896512\L1_1381367552_1381371648.hdf5,1381367552.0,1381371648.0,L1,O4a,0.06645501405000687,213
1381369988.0,1381370020.0,E:\o4a\1380896512\L1_1381367552_1381371648.hdf5,1381367552.0,1381371648.0,L1,O4a,0.15189237892627716,213
1381370052.0,1381370084.0,E:\o4a\1380896512\L1_1381367552_1381371648.hdf5,1381367552.0,1381371648.0,L1,O4a,0.07021215558052063,213
1381370116.0,1381370148.0,E:\o4a\1380896512\L1_1381367552_1381371648.hdf5,1381367552.0,1381371648.0,L1,O4a,0.06496994942426682,213
1381370180.0,1381370212.0,E:\o4a\1380896512\L1_1381367552_1381371648.hdf5,1381367552.0,1381371648.0,L1,O4a,0.06489740312099457,213
1381370244.0,1381370276.0,E:\o4a\1380896512\L1_1381367552_1381371648.hdf5,1381367552.0,1381371648.0,L1,O4a,0.06673755496740341,213
1381370308.0,1381370340.0,E:\o4a\1380896512\L1_1381367552_1381371648.hdf5,1381367552.0,1381371648.0,L1,O4a,0.0720549076795578,213
1381370372.0,1381370404.0,E:\o4a\1380896512\L1_1381367552_1381371648.hdf5,1381367552.0,1381371648.0,L1,O4a,0.07287106662988663,213
1381370436.0,1381370468.0,E:\o4a\1380896512\L1_1381367552_1381371648.hdf5,1381367552.0,1381371648.0,L1,O4a,0.06823290139436722,213
1381370500.0,1381370532.0,E:\o4a\1380896512\L1_1381367552_1381371648.hdf5,1381367552.0,1381371648.0,L1,O4a,0.052552223205566406,213
1381370564.0,1381370596.0,E:\o4a\1380896512\L1_1381367552_1381371648.hdf5,1381367552.0,1381371648.0,L1,O4a,0.0670708566904068,213
1381370628.0,1381370660.0,E:\o4a\1380896512\L1_1381367552_1381371648.hdf5,1381367552.0,1381371648.0,L1,O4a,0.07017596065998077,213
1381370692.0,1381370724.0,E:\o4a\1380896512\L1_1381367552_1381371648.hdf5,1381367552.0,1381371648.0,L1,O4a,0.054717257618904114,213
1381370756.0,1381370788.0,E:\o4a\1380896512\L1_1381367552_1381371648.hdf5,1381367552.0,1381371648.0,L1,O4a,0.08173834532499313,213
1381436740.0,1381436772.0,E:\o4a\1381414912\L1_1381435392_1381439488.hdf5,1381435392.0,1381439488.0,L1,O4a,0.07858072221279144,214
1381436804.0,1381436836.0,E:\o4a\1381414912\L1_1381435392_1381439488.hdf5,1381435392.0,1381439488.0,L1,O4a,0.06559329479932785,214
1381436868.0,1381436900.0,E:\o4a\1381414912\L1_1381435392_1381439488.hdf5,1381435392.0,1381439488.0,L1,O4a,0.08056166768074036,214
1381436932.0,1381436964.0,E:\o4a\1381414912\L1_1381435392_1381439488.hdf5,1381435392.0,1381439488.0,L1,O4a,0.07272294908761978,214
1381436996.0,1381437028.0,E:\o4a\1381414912\L1_1381435392_1381439488.hdf5,1381435392.0,1381439488.0,L1,O4a,0.06562434136867523,214
1381437060.0,1381437092.0,E:\o4a\1381414912\L1_1381435392_1381439488.hdf5,1381435392.0,1381439488.0,L1,O4a,0.05804235860705376,214
1381437124.0,1381437156.0,E:\o4a\1381414912\L1_1381435392_1381439488.hdf5,1381435392.0,1381439488.0,L1,O4a,0.07989521324634552,214
1381437188.0,1381437220.0,E:\o4a\1381414912\L1_1381435392_1381439488.hdf5,1381435392.0,1381439488.0,L1,O4a,0.05446121469140053,214
1381437252.0,1381437284.0,E:\o4a\1381414912\L1_1381435392_1381439488.hdf5,1381435392.0,1381439488.0,L1,O4a,0.07551613450050354,214
1381437316.0,1381437348.0,E:\o4a\1381414912\L1_1381435392_1381439488.hdf5,1381435392.0,1381439488.0,L1,O4a,0.06185545772314072,214
1381437380.0,1381437412.0,E:\o4a\1381414912\L1_1381435392_1381439488.hdf5,1381435392.0,1381439488.0,L1,O4a,0.06917371600866318,214
1381437444.0,1381437476.0,E:\o4a\1381414912\L1_1381435392_1381439488.hdf5,1381435392.0,1381439488.0,L1,O4a,0.09863685071468353,214
1381437508.0,1381437540.0,E:\o4a\1381414912\L1_1381435392_1381439488.hdf5,1381435392.0,1381439488.0,L1,O4a,0.07451561093330383,214
1381437572.0,1381437604.0,E:\o4a\1381414912\L1_1381435392_1381439488.hdf5,1381435392.0,1381439488.0,L1,O4a,0.07869528979063034,214
1381437636.0,1381437668.0,E:\o4a\1381414912\L1_1381435392_1381439488.hdf5,1381435392.0,1381439488.0,L1,O4a,0.06265272200107574,214
1381437700.0,1381437732.0,E:\o4a\1381414912\L1_1381435392_1381439488.hdf5,1381435392.0,1381439488.0,L1,O4a,0.0777764618396759,214
1381437764.0,1381437796.0,E:\o4a\1381414912\L1_1381435392_1381439488.hdf5,1381435392.0,1381439488.0,L1,O4a,0.056862011551856995,214
1381486980.0,1381487012.0,E:\o4a\1381414912\L1_1381484544_1381488640.hdf5,1381484544.0,1381488640.0,L1,O4a,0.055982787162065506,215
1381487044.0,1381487076.0,E:\o4a\1381414912\L1_1381484544_1381488640.hdf5,1381484544.0,1381488640.0,L1,O4a,0.05689292401075363,215
1381487108.0,1381487140.0,E:\o4a\1381414912\L1_1381484544_1381488640.hdf5,1381484544.0,1381488640.0,L1,O4a,0.07381469756364822,215
1381487172.0,1381487204.0,E:\o4a\1381414912\L1_1381484544_1381488640.hdf5,1381484544.0,1381488640.0,L1,O4a,0.05322674289345741,215
1381487236.0,1381487268.0,E:\o4a\1381414912\L1_1381484544_1381488640.hdf5,1381484544.0,1381488640.0,L1,O4a,0.061005592346191406,215
1381487300.0,1381487332.0,E:\o4a\1381414912\L1_1381484544_1381488640.hdf5,1381484544.0,1381488640.0,L1,O4a,0.05346551537513733,215
1381487364.0,1381487396.0,E:\o4a\1381414912\L1_1381484544_1381488640.hdf5,1381484544.0,1381488640.0,L1,O4a,0.0993943065404892,215
1381487428.0,1381487460.0,E:\o4a\1381414912\L1_1381484544_1381488640.hdf5,1381484544.0,1381488640.0,L1,O4a,0.07149583101272583,215
1381487492.0,1381487524.0,E:\o4a\1381414912\L1_1381484544_1381488640.hdf5,1381484544.0,1381488640.0,L1,O4a,0.061736710369586945,215
1381487556.0,1381487588.0,E:\o4a\1381414912\L1_1381484544_1381488640.hdf5,1381484544.0,1381488640.0,L1,O4a,0.05684739723801613,215
1381487620.0,1381487652.0,E:\o4a\1381414912\L1_1381484544_1381488640.hdf5,1381484544.0,1381488640.0,L1,O4a,0.05839606747031212,215
1381487684.0,1381487716.0,E:\o4a\1381414912\L1_1381484544_1381488640.hdf5,1381484544.0,1381488640.0,L1,O4a,0.05653555318713188,215
1381487748.0,1381487780.0,E:\o4a\1381414912\L1_1381484544_1381488640.hdf5,1381484544.0,1381488640.0,L1,O4a,0.05906393378973007,215
1381487812.0,1381487844.0,E:\o4a\1381414912\L1_1381484544_1381488640.hdf5,1381484544.0,1381488640.0,L1,O4a,0.07333933562040329,215
1381487876.0,1381487908.0,E:\o4a\1381414912\L1_1381484544_1381488640.hdf5,1381484544.0,1381488640.0,L1,O4a,0.05813601613044739,215
1381487940.0,1381487972.0,E:\o4a\1381414912\L1_1381484544_1381488640.hdf5,1381484544.0,1381488640.0,L1,O4a,0.06358429789543152,215
1381488004.0,1381488036.0,E:\o4a\1381414912\L1_1381484544_1381488640.hdf5,1381484544.0,1381488640.0,L1,O4a,0.058201245963573456,215
1381546116.0,1381546148.0,E:\o4a\1381414912\L1_1381545984_1381550080.hdf5,1381545984.0,1381550080.0,L1,O4a,0.0693296417593956,216
1381546180.0,1381546212.0,E:\o4a\1381414912\L1_1381545984_1381550080.hdf5,1381545984.0,1381550080.0,L1,O4a,0.0561443492770195,216
1381546244.0,1381546276.0,E:\o4a\1381414912\L1_1381545984_1381550080.hdf5,1381545984.0,1381550080.0,L1,O4a,0.06776561588048935,216
1381546308.0,1381546340.0,E:\o4a\1381414912\L1_1381545984_1381550080.hdf5,1381545984.0,1381550080.0,L1,O4a,0.08077651262283325,216
1381546372.0,1381546404.0,E:\o4a\1381414912\L1_1381545984_1381550080.hdf5,1381545984.0,1381550080.0,L1,O4a,0.06282881647348404,216
1381546436.0,1381546468.0,E:\o4a\1381414912\L1_1381545984_1381550080.hdf5,1381545984.0,1381550080.0,L1,O4a,0.05724867060780525,216
1381546500.0,1381546532.0,E:\o4a\1381414912\L1_1381545984_1381550080.hdf5,1381545984.0,1381550080.0,L1,O4a,0.06459702551364899,216
1381546564.0,1381546596.0,E:\o4a\1381414912\L1_1381545984_1381550080.hdf5,1381545984.0,1381550080.0,L1,O4a,0.052704568952322006,216
1381546628.0,1381546660.0,E:\o4a\1381414912\L1_1381545984_1381550080.hdf5,1381545984.0,1381550080.0,L1,O4a,0.06366833299398422,216
1381546692.0,1381546724.0,E:\o4a\1381414912\L1_1381545984_1381550080.hdf5,1381545984.0,1381550080.0,L1,O4a,0.07239992171525955,216
1381546756.0,1381546788.0,E:\o4a\1381414912\L1_1381545984_1381550080.hdf5,1381545984.0,1381550080.0,L1,O4a,0.06589136272668839,216
1381546820.0,1381546852.0,E:\o4a\1381414912\L1_1381545984_1381550080.hdf5,1381545984.0,1381550080.0,L1,O4a,0.05868852511048317,216
1381546884.0,1381546916.0,E:\o4a\1381414912\L1_1381545984_1381550080.hdf5,1381545984.0,1381550080.0,L1,O4a,0.06703376770019531,216
1381546948.0,1381546980.0,E:\o4a\1381414912\L1_1381545984_1381550080.hdf5,1381545984.0,1381550080.0,L1,O4a,0.05723410099744797,216
1381547012.0,1381547044.0,E:\o4a\1381414912\L1_1381545984_1381550080.hdf5,1381545984.0,1381550080.0,L1,O4a,0.06818827241659164,216
1381547076.0,1381547108.0,E:\o4a\1381414912\L1_1381545984_1381550080.hdf5,1381545984.0,1381550080.0,L1,O4a,0.06861504167318344,216
1381547140.0,1381547172.0,E:\o4a\1381414912\L1_1381545984_1381550080.hdf5,1381545984.0,1381550080.0,L1,O4a,0.059640344232320786,216
1381611524.0,1381611556.0,E:\o4a\1381414912\L1_1381611520_1381615616.hdf5,1381611520.0,1381615616.0,L1,O4a,0.05760304629802704,217
1381611588.0,1381611620.0,E:\o4a\1381414912\L1_1381611520_1381615616.hdf5,1381611520.0,1381615616.0,L1,O4a,0.08545465022325516,217
1381611652.0,1381611684.0,E:\o4a\1381414912\L1_1381611520_1381615616.hdf5,1381611520.0,1381615616.0,L1,O4a,0.06007225438952446,217
1381611716.0,1381611748.0,E:\o4a\1381414912\L1_1381611520_1381615616.hdf5,1381611520.0,1381615616.0,L1,O4a,0.06498073041439056,217
1381611780.0,1381611812.0,E:\o4a\1381414912\L1_1381611520_1381615616.hdf5,1381611520.0,1381615616.0,L1,O4a,0.3218870759010315,217
1381611844.0,1381611876.0,E:\o4a\1381414912\L1_1381611520_1381615616.hdf5,1381611520.0,1381615616.0,L1,O4a,0.07917378842830658,217
1381611908.0,1381611940.0,E:\o4a\1381414912\L1_1381611520_1381615616.hdf5,1381611520.0,1381615616.0,L1,O4a,0.058380238711833954,217
1381611972.0,1381612004.0,E:\o4a\1381414912\L1_1381611520_1381615616.hdf5,1381611520.0,1381615616.0,L1,O4a,0.05655991658568382,217
1381612036.0,1381612068.0,E:\o4a\1381414912\L1_1381611520_1381615616.hdf5,1381611520.0,1381615616.0,L1,O4a,0.06517615169286728,217
1381612100.0,1381612132.0,E:\o4a\1381414912\L1_1381611520_1381615616.hdf5,1381611520.0,1381615616.0,L1,O4a,0.058642610907554626,217
1381612164.0,1381612196.0,E:\o4a\1381414912\L1_1381611520_1381615616.hdf5,1381611520.0,1381615616.0,L1,O4a,0.07137950509786606,217
1381612228.0,1381612260.0,E:\o4a\1381414912\L1_1381611520_1381615616.hdf5,1381611520.0,1381615616.0,L1,O4a,0.07731674611568451,217
1381612292.0,1381612324.0,E:\o4a\1381414912\L1_1381611520_1381615616.hdf5,1381611520.0,1381615616.0,L1,O4a,0.07159657031297684,217
1381612356.0,1381612388.0,E:\o4a\1381414912\L1_1381611520_1381615616.hdf5,1381611520.0,1381615616.0,L1,O4a,0.0728754773736,217
1381612420.0,1381612452.0,E:\o4a\1381414912\L1_1381611520_1381615616.hdf5,1381611520.0,1381615616.0,L1,O4a,0.05850014463067055,217
1381612484.0,1381612516.0,E:\o4a\1381414912\L1_1381611520_1381615616.hdf5,1381611520.0,1381615616.0,L1,O4a,0.08318263292312622,217
1381612548.0,1381612580.0,E:\o4a\1381414912\L1_1381611520_1381615616.hdf5,1381611520.0,1381615616.0,L1,O4a,0.0579853393137455,217
1381657668.0,1381657700.0,E:\o4a\1381414912\L1_1381656576_1381660672.hdf5,1381656576.0,1381660672.0,L1,O4a,0.05922338739037514,218
1381657732.0,1381657764.0,E:\o4a\1381414912\L1_1381656576_1381660672.hdf5,1381656576.0,1381660672.0,L1,O4a,0.06148280203342438,218
1381657796.0,1381657828.0,E:\o4a\1381414912\L1_1381656576_1381660672.hdf5,1381656576.0,1381660672.0,L1,O4a,0.0633474811911583,218
1381657860.0,1381657892.0,E:\o4a\1381414912\L1_1381656576_1381660672.hdf5,1381656576.0,1381660672.0,L1,O4a,0.0654650405049324,218
1381657924.0,1381657956.0,E:\o4a\1381414912\L1_1381656576_1381660672.hdf5,1381656576.0,1381660672.0,L1,O4a,0.08179669827222824,218
1381657988.0,1381658020.0,E:\o4a\1381414912\L1_1381656576_1381660672.hdf5,1381656576.0,1381660672.0,L1,O4a,0.1009339839220047,218
1381658052.0,1381658084.0,E:\o4a\1381414912\L1_1381656576_1381660672.hdf5,1381656576.0,1381660672.0,L1,O4a,0.06046999245882034,218
1381658116.0,1381658148.0,E:\o4a\1381414912\L1_1381656576_1381660672.hdf5,1381656576.0,1381660672.0,L1,O4a,0.06678124517202377,218
1381658180.0,1381658212.0,E:\o4a\1381414912\L1_1381656576_1381660672.hdf5,1381656576.0,1381660672.0,L1,O4a,0.06584245711565018,218
1381658244.0,1381658276.0,E:\o4a\1381414912\L1_1381656576_1381660672.hdf5,1381656576.0,1381660672.0,L1,O4a,0.0538095086812973,218
1381658308.0,1381658340.0,E:\o4a\1381414912\L1_1381656576_1381660672.hdf5,1381656576.0,1381660672.0,L1,O4a,0.05659766122698784,218
1381658372.0,1381658404.0,E:\o4a\1381414912\L1_1381656576_1381660672.hdf5,1381656576.0,1381660672.0,L1,O4a,0.06307578086853027,218
1381658436.0,1381658468.0,E:\o4a\1381414912\L1_1381656576_1381660672.hdf5,1381656576.0,1381660672.0,L1,O4a,0.0650164783000946,218
1381658500.0,1381658532.0,E:\o4a\1381414912\L1_1381656576_1381660672.hdf5,1381656576.0,1381660672.0,L1,O4a,0.060711298137903214,218
1381658564.0,1381658596.0,E:\o4a\1381414912\L1_1381656576_1381660672.hdf5,1381656576.0,1381660672.0,L1,O4a,0.06114517152309418,218
1381658628.0,1381658660.0,E:\o4a\1381414912\L1_1381656576_1381660672.hdf5,1381656576.0,1381660672.0,L1,O4a,0.05728764459490776,218
1381658692.0,1381658724.0,E:\o4a\1381414912\L1_1381656576_1381660672.hdf5,1381656576.0,1381660672.0,L1,O4a,0.06276757270097733,218
1381720196.0,1381720228.0,E:\o4a\1381414912\L1_1381718016_1381722112.hdf5,1381718016.0,1381722112.0,L1,O4a,0.17535698413848877,219
1381720260.0,1381720292.0,E:\o4a\1381414912\L1_1381718016_1381722112.hdf5,1381718016.0,1381722112.0,L1,O4a,0.06018461287021637,219
1381720324.0,1381720356.0,E:\o4a\1381414912\L1_1381718016_1381722112.hdf5,1381718016.0,1381722112.0,L1,O4a,0.09275336563587189,219
1381720388.0,1381720420.0,E:\o4a\1381414912\L1_1381718016_1381722112.hdf5,1381718016.0,1381722112.0,L1,O4a,0.0671314001083374,219
1381720452.0,1381720484.0,E:\o4a\1381414912\L1_1381718016_1381722112.hdf5,1381718016.0,1381722112.0,L1,O4a,0.06512558460235596,219
1381720516.0,1381720548.0,E:\o4a\1381414912\L1_1381718016_1381722112.hdf5,1381718016.0,1381722112.0,L1,O4a,0.07711745798587799,219
1381720580.0,1381720612.0,E:\o4a\1381414912\L1_1381718016_1381722112.hdf5,1381718016.0,1381722112.0,L1,O4a,0.07361887395381927,219
1381720644.0,1381720676.0,E:\o4a\1381414912\L1_1381718016_1381722112.hdf5,1381718016.0,1381722112.0,L1,O4a,0.06245708465576172,219
1381720708.0,1381720740.0,E:\o4a\1381414912\L1_1381718016_1381722112.hdf5,1381718016.0,1381722112.0,L1,O4a,0.06009531766176224,219
1381720772.0,1381720804.0,E:\o4a\1381414912\L1_1381718016_1381722112.hdf5,1381718016.0,1381722112.0,L1,O4a,0.055819205939769745,219
1381720836.0,1381720868.0,E:\o4a\1381414912\L1_1381718016_1381722112.hdf5,1381718016.0,1381722112.0,L1,O4a,0.06612871587276459,219
1381720900.0,1381720932.0,E:\o4a\1381414912\L1_1381718016_1381722112.hdf5,1381718016.0,1381722112.0,L1,O4a,0.06980058550834656,219
1381720964.0,1381720996.0,E:\o4a\1381414912\L1_1381718016_1381722112.hdf5,1381718016.0,1381722112.0,L1,O4a,0.053391050547361374,219
1381721028.0,1381721060.0,E:\o4a\1381414912\L1_1381718016_1381722112.hdf5,1381718016.0,1381722112.0,L1,O4a,0.07806060463190079,219
1381721092.0,1381721124.0,E:\o4a\1381414912\L1_1381718016_1381722112.hdf5,1381718016.0,1381722112.0,L1,O4a,0.059009719640016556,219
1381721156.0,1381721188.0,E:\o4a\1381414912\L1_1381718016_1381722112.hdf5,1381718016.0,1381722112.0,L1,O4a,0.06714025884866714,219
1381721220.0,1381721252.0,E:\o4a\1381414912\L1_1381718016_1381722112.hdf5,1381718016.0,1381722112.0,L1,O4a,0.06036202237010002,219
1381765252.0,1381765284.0,E:\o4a\1381414912\L1_1381763072_1381767168.hdf5,1381763072.0,1381767168.0,L1,O4a,0.0702364519238472,220
1381765316.0,1381765348.0,E:\o4a\1381414912\L1_1381763072_1381767168.hdf5,1381763072.0,1381767168.0,L1,O4a,0.0622483566403389,220
1381765380.0,1381765412.0,E:\o4a\1381414912\L1_1381763072_1381767168.hdf5,1381763072.0,1381767168.0,L1,O4a,0.08265994489192963,220
1381765444.0,1381765476.0,E:\o4a\1381414912\L1_1381763072_1381767168.hdf5,1381763072.0,1381767168.0,L1,O4a,0.06604097038507462,220
1381765508.0,1381765540.0,E:\o4a\1381414912\L1_1381763072_1381767168.hdf5,1381763072.0,1381767168.0,L1,O4a,0.061797238886356354,220
1381765572.0,1381765604.0,E:\o4a\1381414912\L1_1381763072_1381767168.hdf5,1381763072.0,1381767168.0,L1,O4a,0.056220922619104385,220
1381765636.0,1381765668.0,E:\o4a\1381414912\L1_1381763072_1381767168.hdf5,1381763072.0,1381767168.0,L1,O4a,0.0718565434217453,220
1381765700.0,1381765732.0,E:\o4a\1381414912\L1_1381763072_1381767168.hdf5,1381763072.0,1381767168.0,L1,O4a,0.07474615424871445,220
1381765764.0,1381765796.0,E:\o4a\1381414912\L1_1381763072_1381767168.hdf5,1381763072.0,1381767168.0,L1,O4a,0.06443417817354202,220
1381765828.0,1381765860.0,E:\o4a\1381414912\L1_1381763072_1381767168.hdf5,1381763072.0,1381767168.0,L1,O4a,0.06631037592887878,220
1381765892.0,1381765924.0,E:\o4a\1381414912\L1_1381763072_1381767168.hdf5,1381763072.0,1381767168.0,L1,O4a,0.06626580655574799,220
1381765956.0,1381765988.0,E:\o4a\1381414912\L1_1381763072_1381767168.hdf5,1381763072.0,1381767168.0,L1,O4a,0.10336409509181976,220
1381766020.0,1381766052.0,E:\o4a\1381414912\L1_1381763072_1381767168.hdf5,1381763072.0,1381767168.0,L1,O4a,0.07010982930660248,220
1381766084.0,1381766116.0,E:\o4a\1381414912\L1_1381763072_1381767168.hdf5,1381763072.0,1381767168.0,L1,O4a,0.057859551161527634,220
1381766148.0,1381766180.0,E:\o4a\1381414912\L1_1381763072_1381767168.hdf5,1381763072.0,1381767168.0,L1,O4a,0.06136271730065346,220
1381766212.0,1381766244.0,E:\o4a\1381414912\L1_1381763072_1381767168.hdf5,1381763072.0,1381767168.0,L1,O4a,0.08637049049139023,220
1381766276.0,1381766308.0,E:\o4a\1381414912\L1_1381763072_1381767168.hdf5,1381763072.0,1381767168.0,L1,O4a,0.06337741762399673,220
1381816580.0,1381816612.0,E:\o4a\1381414912\L1_1381816320_1381820416.hdf5,1381816320.0,1381820416.0,L1,O4a,0.05460497364401817,221
1381816644.0,1381816676.0,E:\o4a\1381414912\L1_1381816320_1381820416.hdf5,1381816320.0,1381820416.0,L1,O4a,0.07079420238733292,221
1381816708.0,1381816740.0,E:\o4a\1381414912\L1_1381816320_1381820416.hdf5,1381816320.0,1381820416.0,L1,O4a,0.05333000048995018,221
1381816772.0,1381816804.0,E:\o4a\1381414912\L1_1381816320_1381820416.hdf5,1381816320.0,1381820416.0,L1,O4a,0.05750814452767372,221
1381816836.0,1381816868.0,E:\o4a\1381414912\L1_1381816320_1381820416.hdf5,1381816320.0,1381820416.0,L1,O4a,0.09448736160993576,221
1381816900.0,1381816932.0,E:\o4a\1381414912\L1_1381816320_1381820416.hdf5,1381816320.0,1381820416.0,L1,O4a,0.06639260798692703,221
1381816964.0,1381816996.0,E:\o4a\1381414912\L1_1381816320_1381820416.hdf5,1381816320.0,1381820416.0,L1,O4a,0.059996794909238815,221
1381817028.0,1381817060.0,E:\o4a\1381414912\L1_1381816320_1381820416.hdf5,1381816320.0,1381820416.0,L1,O4a,0.06540245562791824,221
1381817092.0,1381817124.0,E:\o4a\1381414912\L1_1381816320_1381820416.hdf5,1381816320.0,1381820416.0,L1,O4a,0.059215180575847626,221
1381817156.0,1381817188.0,E:\o4a\1381414912\L1_1381816320_1381820416.hdf5,1381816320.0,1381820416.0,L1,O4a,0.06058671325445175,221
1381817220.0,1381817252.0,E:\o4a\1381414912\L1_1381816320_1381820416.hdf5,1381816320.0,1381820416.0,L1,O4a,0.06612850725650787,221
1381817284.0,1381817316.0,E:\o4a\1381414912\L1_1381816320_1381820416.hdf5,1381816320.0,1381820416.0,L1,O4a,0.060747988522052765,221
1381817348.0,1381817380.0,E:\o4a\1381414912\L1_1381816320_1381820416.hdf5,1381816320.0,1381820416.0,L1,O4a,0.060931116342544556,221
1381817412.0,1381817444.0,E:\o4a\1381414912\L1_1381816320_1381820416.hdf5,1381816320.0,1381820416.0,L1,O4a,0.058486152440309525,221
1381817476.0,1381817508.0,E:\o4a\1381414912\L1_1381816320_1381820416.hdf5,1381816320.0,1381820416.0,L1,O4a,0.05697211995720863,221
1381817540.0,1381817572.0,E:\o4a\1381414912\L1_1381816320_1381820416.hdf5,1381816320.0,1381820416.0,L1,O4a,0.051817622035741806,221
1381817604.0,1381817636.0,E:\o4a\1381414912\L1_1381816320_1381820416.hdf5,1381816320.0,1381820416.0,L1,O4a,0.05172281339764595,221
1381865476.0,1381865508.0,E:\o4a\1381414912\L1_1381865472_1381869568.hdf5,1381865472.0,1381869568.0,L1,O4a,0.08149809390306473,222
1381865540.0,1381865572.0,E:\o4a\1381414912\L1_1381865472_1381869568.hdf5,1381865472.0,1381869568.0,L1,O4a,0.058694154024124146,222
1381865604.0,1381865636.0,E:\o4a\1381414912\L1_1381865472_1381869568.hdf5,1381865472.0,1381869568.0,L1,O4a,0.06994052976369858,222
1381865668.0,1381865700.0,E:\o4a\1381414912\L1_1381865472_1381869568.hdf5,1381865472.0,1381869568.0,L1,O4a,0.06602123379707336,222
1381865732.0,1381865764.0,E:\o4a\1381414912\L1_1381865472_1381869568.hdf5,1381865472.0,1381869568.0,L1,O4a,0.07034523785114288,222
1381865796.0,1381865828.0,E:\o4a\1381414912\L1_1381865472_1381869568.hdf5,1381865472.0,1381869568.0,L1,O4a,0.059165701270103455,222
1381865860.0,1381865892.0,E:\o4a\1381414912\L1_1381865472_1381869568.hdf5,1381865472.0,1381869568.0,L1,O4a,0.05923391878604889,222
1381865924.0,1381865956.0,E:\o4a\1381414912\L1_1381865472_1381869568.hdf5,1381865472.0,1381869568.0,L1,O4a,0.06423451751470566,222
1381865988.0,1381866020.0,E:\o4a\1381414912\L1_1381865472_1381869568.hdf5,1381865472.0,1381869568.0,L1,O4a,0.06753170490264893,222
1381866052.0,1381866084.0,E:\o4a\1381414912\L1_1381865472_1381869568.hdf5,1381865472.0,1381869568.0,L1,O4a,0.06441947817802429,222
1381866116.0,1381866148.0,E:\o4a\1381414912\L1_1381865472_1381869568.hdf5,1381865472.0,1381869568.0,L1,O4a,0.06595663726329803,222
1381866180.0,1381866212.0,E:\o4a\1381414912\L1_1381865472_1381869568.hdf5,1381865472.0,1381869568.0,L1,O4a,0.05846405401825905,222
1381866244.0,1381866276.0,E:\o4a\1381414912\L1_1381865472_1381869568.hdf5,1381865472.0,1381869568.0,L1,O4a,0.056064777076244354,222
1381866308.0,1381866340.0,E:\o4a\1381414912\L1_1381865472_1381869568.hdf5,1381865472.0,1381869568.0,L1,O4a,0.06194338947534561,222
1381866372.0,1381866404.0,E:\o4a\1381414912\L1_1381865472_1381869568.hdf5,1381865472.0,1381869568.0,L1,O4a,0.07176880538463593,222
1381866436.0,1381866468.0,E:\o4a\1381414912\L1_1381865472_1381869568.hdf5,1381865472.0,1381869568.0,L1,O4a,0.09081259369850159,222
1381866500.0,1381866532.0,E:\o4a\1381414912\L1_1381865472_1381869568.hdf5,1381865472.0,1381869568.0,L1,O4a,0.059582240879535675,222
1381927556.0,1381927588.0,E:\o4a\1381414912\L1_1381926912_1381931008.hdf5,1381926912.0,1381931008.0,L1,O4a,0.09626338630914688,223
1381927620.0,1381927652.0,E:\o4a\1381414912\L1_1381926912_1381931008.hdf5,1381926912.0,1381931008.0,L1,O4a,0.04912649095058441,223
1381927684.0,1381927716.0,E:\o4a\1381414912\L1_1381926912_1381931008.hdf5,1381926912.0,1381931008.0,L1,O4a,0.06867387145757675,223
1381927748.0,1381927780.0,E:\o4a\1381414912\L1_1381926912_1381931008.hdf5,1381926912.0,1381931008.0,L1,O4a,0.053274430334568024,223
1381927812.0,1381927844.0,E:\o4a\1381414912\L1_1381926912_1381931008.hdf5,1381926912.0,1381931008.0,L1,O4a,0.06551062315702438,223
1381927876.0,1381927908.0,E:\o4a\1381414912\L1_1381926912_1381931008.hdf5,1381926912.0,1381931008.0,L1,O4a,0.06303946673870087,223
1381927940.0,1381927972.0,E:\o4a\1381414912\L1_1381926912_1381931008.hdf5,1381926912.0,1381931008.0,L1,O4a,0.06380324810743332,223
1381928004.0,1381928036.0,E:\o4a\1381414912\L1_1381926912_1381931008.hdf5,1381926912.0,1381931008.0,L1,O4a,0.07684773951768875,223
1381928068.0,1381928100.0,E:\o4a\1381414912\L1_1381926912_1381931008.hdf5,1381926912.0,1381931008.0,L1,O4a,0.06248405575752258,223
1381928132.0,1381928164.0,E:\o4a\1381414912\L1_1381926912_1381931008.hdf5,1381926912.0,1381931008.0,L1,O4a,0.056224022060632706,223
1381928196.0,1381928228.0,E:\o4a\1381414912\L1_1381926912_1381931008.hdf5,1381926912.0,1381931008.0,L1,O4a,0.06800759583711624,223
1381928260.0,1381928292.0,E:\o4a\1381414912\L1_1381926912_1381931008.hdf5,1381926912.0,1381931008.0,L1,O4a,0.05751845985651016,223
1381928324.0,1381928356.0,E:\o4a\1381414912\L1_1381926912_1381931008.hdf5,1381926912.0,1381931008.0,L1,O4a,0.08540087193250656,223
1381928388.0,1381928420.0,E:\o4a\1381414912\L1_1381926912_1381931008.hdf5,1381926912.0,1381931008.0,L1,O4a,0.054332755506038666,223
1381928452.0,1381928484.0,E:\o4a\1381414912\L1_1381926912_1381931008.hdf5,1381926912.0,1381931008.0,L1,O4a,0.055040400475263596,223
1381928516.0,1381928548.0,E:\o4a\1381414912\L1_1381926912_1381931008.hdf5,1381926912.0,1381931008.0,L1,O4a,0.055170442909002304,223
1381928580.0,1381928612.0,E:\o4a\1381414912\L1_1381926912_1381931008.hdf5,1381926912.0,1381931008.0,L1,O4a,0.07481855899095535,223
1381972804.0,1381972836.0,E:\o4a\1381933312\L1_1381970176_1381974272.hdf5,1381970176.0,1381974272.0,L1,O4a,0.06603778153657913,224
1381972868.0,1381972900.0,E:\o4a\1381933312\L1_1381970176_1381974272.hdf5,1381970176.0,1381974272.0,L1,O4a,0.060198307037353516,224
1381972932.0,1381972964.0,E:\o4a\1381933312\L1_1381970176_1381974272.hdf5,1381970176.0,1381974272.0,L1,O4a,0.0594109371304512,224
1381972996.0,1381973028.0,E:\o4a\1381933312\L1_1381970176_1381974272.hdf5,1381970176.0,1381974272.0,L1,O4a,0.06830181181430817,224
1381973060.0,1381973092.0,E:\o4a\1381933312\L1_1381970176_1381974272.hdf5,1381970176.0,1381974272.0,L1,O4a,0.056509390473365784,224
1381973124.0,1381973156.0,E:\o4a\1381933312\L1_1381970176_1381974272.hdf5,1381970176.0,1381974272.0,L1,O4a,0.06349807977676392,224
1381973188.0,1381973220.0,E:\o4a\1381933312\L1_1381970176_1381974272.hdf5,1381970176.0,1381974272.0,L1,O4a,0.08305641263723373,224
1381973252.0,1381973284.0,E:\o4a\1381933312\L1_1381970176_1381974272.hdf5,1381970176.0,1381974272.0,L1,O4a,0.08744359016418457,224
1381973316.0,1381973348.0,E:\o4a\1381933312\L1_1381970176_1381974272.hdf5,1381970176.0,1381974272.0,L1,O4a,0.08124003559350967,224
1381973380.0,1381973412.0,E:\o4a\1381933312\L1_1381970176_1381974272.hdf5,1381970176.0,1381974272.0,L1,O4a,0.07971394807100296,224
1381973444.0,1381973476.0,E:\o4a\1381933312\L1_1381970176_1381974272.hdf5,1381970176.0,1381974272.0,L1,O4a,0.053095508366823196,224
1381973508.0,1381973540.0,E:\o4a\1381933312\L1_1381970176_1381974272.hdf5,1381970176.0,1381974272.0,L1,O4a,0.05945920944213867,224
1381973572.0,1381973604.0,E:\o4a\1381933312\L1_1381970176_1381974272.hdf5,1381970176.0,1381974272.0,L1,O4a,0.062439680099487305,224
1381973636.0,1381973668.0,E:\o4a\1381933312\L1_1381970176_1381974272.hdf5,1381970176.0,1381974272.0,L1,O4a,0.05651695281267166,224
1381973700.0,1381973732.0,E:\o4a\1381933312\L1_1381970176_1381974272.hdf5,1381970176.0,1381974272.0,L1,O4a,0.13286668062210083,224
1381973764.0,1381973796.0,E:\o4a\1381933312\L1_1381970176_1381974272.hdf5,1381970176.0,1381974272.0,L1,O4a,0.06184980645775795,224
1381973828.0,1381973860.0,E:\o4a\1381933312\L1_1381970176_1381974272.hdf5,1381970176.0,1381974272.0,L1,O4a,0.06396014988422394,224
1382036804.0,1382036836.0,E:\o4a\1381933312\L1_1382035712_1382039808.hdf5,1382035712.0,1382039808.0,L1,O4a,0.05988892540335655,225
1382036868.0,1382036900.0,E:\o4a\1381933312\L1_1382035712_1382039808.hdf5,1382035712.0,1382039808.0,L1,O4a,0.06430276483297348,225
1382036932.0,1382036964.0,E:\o4a\1381933312\L1_1382035712_1382039808.hdf5,1382035712.0,1382039808.0,L1,O4a,0.05808189511299133,225
1382036996.0,1382037028.0,E:\o4a\1381933312\L1_1382035712_1382039808.hdf5,1382035712.0,1382039808.0,L1,O4a,0.08091031759977341,225
1382037060.0,1382037092.0,E:\o4a\1381933312\L1_1382035712_1382039808.hdf5,1382035712.0,1382039808.0,L1,O4a,0.06360432505607605,225
1382037124.0,1382037156.0,E:\o4a\1381933312\L1_1382035712_1382039808.hdf5,1382035712.0,1382039808.0,L1,O4a,0.049154799431562424,225
1382037188.0,1382037220.0,E:\o4a\1381933312\L1_1382035712_1382039808.hdf5,1382035712.0,1382039808.0,L1,O4a,0.0715939849615097,225
1382037252.0,1382037284.0,E:\o4a\1381933312\L1_1382035712_1382039808.hdf5,1382035712.0,1382039808.0,L1,O4a,0.058421533554792404,225
1382037316.0,1382037348.0,E:\o4a\1381933312\L1_1382035712_1382039808.hdf5,1382035712.0,1382039808.0,L1,O4a,0.0611296109855175,225
1382037380.0,1382037412.0,E:\o4a\1381933312\L1_1382035712_1382039808.hdf5,1382035712.0,1382039808.0,L1,O4a,0.10139616578817368,225
1382037444.0,1382037476.0,E:\o4a\1381933312\L1_1382035712_1382039808.hdf5,1382035712.0,1382039808.0,L1,O4a,0.06314250826835632,225
1382037508.0,1382037540.0,E:\o4a\1381933312\L1_1382035712_1382039808.hdf5,1382035712.0,1382039808.0,L1,O4a,0.06134258955717087,225
1382037572.0,1382037604.0,E:\o4a\1381933312\L1_1382035712_1382039808.hdf5,1382035712.0,1382039808.0,L1,O4a,0.05540285259485245,225
1382037636.0,1382037668.0,E:\o4a\1381933312\L1_1382035712_1382039808.hdf5,1382035712.0,1382039808.0,L1,O4a,0.12205244600772858,225
1382037700.0,1382037732.0,E:\o4a\1381933312\L1_1382035712_1382039808.hdf5,1382035712.0,1382039808.0,L1,O4a,0.08268407732248306,225
1382037764.0,1382037796.0,E:\o4a\1381933312\L1_1382035712_1382039808.hdf5,1382035712.0,1382039808.0,L1,O4a,0.0822191834449768,225
1382037828.0,1382037860.0,E:\o4a\1381933312\L1_1382035712_1382039808.hdf5,1382035712.0,1382039808.0,L1,O4a,0.15189550817012787,225
1382228676.0,1382228708.0,E:\o4a\1381933312\L1_1382228224_1382232320.hdf5,1382228224.0,1382232320.0,L1,O4a,0.07188170403242111,226
1382228740.0,1382228772.0,E:\o4a\1381933312\L1_1382228224_1382232320.hdf5,1382228224.0,1382232320.0,L1,O4a,0.0879313126206398,226
1382228804.0,1382228836.0,E:\o4a\1381933312\L1_1382228224_1382232320.hdf5,1382228224.0,1382232320.0,L1,O4a,0.1760484129190445,226
1382228868.0,1382228900.0,E:\o4a\1381933312\L1_1382228224_1382232320.hdf5,1382228224.0,1382232320.0,L1,O4a,0.07510290294885635,226
1382228932.0,1382228964.0,E:\o4a\1381933312\L1_1382228224_1382232320.hdf5,1382228224.0,1382232320.0,L1,O4a,0.059053778648376465,226
1382228996.0,1382229028.0,E:\o4a\1381933312\L1_1382228224_1382232320.hdf5,1382228224.0,1382232320.0,L1,O4a,0.05536242201924324,226
1382229060.0,1382229092.0,E:\o4a\1381933312\L1_1382228224_1382232320.hdf5,1382228224.0,1382232320.0,L1,O4a,0.08082839846611023,226
1382229124.0,1382229156.0,E:\o4a\1381933312\L1_1382228224_1382232320.hdf5,1382228224.0,1382232320.0,L1,O4a,0.059411000460386276,226
1382229188.0,1382229220.0,E:\o4a\1381933312\L1_1382228224_1382232320.hdf5,1382228224.0,1382232320.0,L1,O4a,0.06040937826037407,226
1382229252.0,1382229284.0,E:\o4a\1381933312\L1_1382228224_1382232320.hdf5,1382228224.0,1382232320.0,L1,O4a,0.05470278486609459,226
1382229316.0,1382229348.0,E:\o4a\1381933312\L1_1382228224_1382232320.hdf5,1382228224.0,1382232320.0,L1,O4a,0.055984385311603546,226
1382229380.0,1382229412.0,E:\o4a\1381933312\L1_1382228224_1382232320.hdf5,1382228224.0,1382232320.0,L1,O4a,0.06305248290300369,226
1382229444.0,1382229476.0,E:\o4a\1381933312\L1_1382228224_1382232320.hdf5,1382228224.0,1382232320.0,L1,O4a,0.10354220867156982,226
1382229508.0,1382229540.0,E:\o4a\1381933312\L1_1382228224_1382232320.hdf5,1382228224.0,1382232320.0,L1,O4a,0.06814736872911453,226
1382229572.0,1382229604.0,E:\o4a\1381933312\L1_1382228224_1382232320.hdf5,1382228224.0,1382232320.0,L1,O4a,0.057511717081069946,226
1382229636.0,1382229668.0,E:\o4a\1381933312\L1_1382228224_1382232320.hdf5,1382228224.0,1382232320.0,L1,O4a,0.08117351680994034,226
1382229700.0,1382229732.0,E:\o4a\1381933312\L1_1382228224_1382232320.hdf5,1382228224.0,1382232320.0,L1,O4a,0.08538718521595001,226
1382275460.0,1382275492.0,E:\o4a\1381933312\L1_1382273280_1382277376.hdf5,1382273280.0,1382277376.0,L1,O4a,0.057418759912252426,227
1382275524.0,1382275556.0,E:\o4a\1381933312\L1_1382273280_1382277376.hdf5,1382273280.0,1382277376.0,L1,O4a,0.06780627369880676,227
1382275588.0,1382275620.0,E:\o4a\1381933312\L1_1382273280_1382277376.hdf5,1382273280.0,1382277376.0,L1,O4a,0.05748816952109337,227
1382275652.0,1382275684.0,E:\o4a\1381933312\L1_1382273280_1382277376.hdf5,1382273280.0,1382277376.0,L1,O4a,0.07208096235990524,227
1382275716.0,1382275748.0,E:\o4a\1381933312\L1_1382273280_1382277376.hdf5,1382273280.0,1382277376.0,L1,O4a,0.05911968648433685,227
1382275780.0,1382275812.0,E:\o4a\1381933312\L1_1382273280_1382277376.hdf5,1382273280.0,1382277376.0,L1,O4a,0.07583725452423096,227
1382275844.0,1382275876.0,E:\o4a\1381933312\L1_1382273280_1382277376.hdf5,1382273280.0,1382277376.0,L1,O4a,0.06472188979387283,227
1382275908.0,1382275940.0,E:\o4a\1381933312\L1_1382273280_1382277376.hdf5,1382273280.0,1382277376.0,L1,O4a,0.06268706172704697,227
1382275972.0,1382276004.0,E:\o4a\1381933312\L1_1382273280_1382277376.hdf5,1382273280.0,1382277376.0,L1,O4a,0.06240848824381828,227
1382276036.0,1382276068.0,E:\o4a\1381933312\L1_1382273280_1382277376.hdf5,1382273280.0,1382277376.0,L1,O4a,0.05784299969673157,227
1382276100.0,1382276132.0,E:\o4a\1381933312\L1_1382273280_1382277376.hdf5,1382273280.0,1382277376.0,L1,O4a,0.0944119244813919,227
1382276164.0,1382276196.0,E:\o4a\1381933312\L1_1382273280_1382277376.hdf5,1382273280.0,1382277376.0,L1,O4a,0.057054102420806885,227
1382276228.0,1382276260.0,E:\o4a\1381933312\L1_1382273280_1382277376.hdf5,1382273280.0,1382277376.0,L1,O4a,0.08124841004610062,227
1382276292.0,1382276324.0,E:\o4a\1381933312\L1_1382273280_1382277376.hdf5,1382273280.0,1382277376.0,L1,O4a,0.06805050373077393,227
1382276356.0,1382276388.0,E:\o4a\1381933312\L1_1382273280_1382277376.hdf5,1382273280.0,1382277376.0,L1,O4a,0.24966321885585785,227
1382276420.0,1382276452.0,E:\o4a\1381933312\L1_1382273280_1382277376.hdf5,1382273280.0,1382277376.0,L1,O4a,0.05888330191373825,227
1382276484.0,1382276516.0,E:\o4a\1381933312\L1_1382273280_1382277376.hdf5,1382273280.0,1382277376.0,L1,O4a,0.05759242922067642,227
1382333252.0,1382333284.0,E:\o4a\1381933312\L1_1382330624_1382334720.hdf5,1382330624.0,1382334720.0,L1,O4a,0.06979987025260925,228
1382333316.0,1382333348.0,E:\o4a\1381933312\L1_1382330624_1382334720.hdf5,1382330624.0,1382334720.0,L1,O4a,0.07603020966053009,228
1382333380.0,1382333412.0,E:\o4a\1381933312\L1_1382330624_1382334720.hdf5,1382330624.0,1382334720.0,L1,O4a,0.06595639884471893,228
1382333444.0,1382333476.0,E:\o4a\1381933312\L1_1382330624_1382334720.hdf5,1382330624.0,1382334720.0,L1,O4a,0.07355520129203796,228
1382333508.0,1382333540.0,E:\o4a\1381933312\L1_1382330624_1382334720.hdf5,1382330624.0,1382334720.0,L1,O4a,0.067499078810215,228
1382333572.0,1382333604.0,E:\o4a\1381933312\L1_1382330624_1382334720.hdf5,1382330624.0,1382334720.0,L1,O4a,0.057035792618989944,228
1382333636.0,1382333668.0,E:\o4a\1381933312\L1_1382330624_1382334720.hdf5,1382330624.0,1382334720.0,L1,O4a,0.055094096809625626,228
1382333700.0,1382333732.0,E:\o4a\1381933312\L1_1382330624_1382334720.hdf5,1382330624.0,1382334720.0,L1,O4a,0.06934702396392822,228
1382333764.0,1382333796.0,E:\o4a\1381933312\L1_1382330624_1382334720.hdf5,1382330624.0,1382334720.0,L1,O4a,0.0582006610929966,228
1382333828.0,1382333860.0,E:\o4a\1381933312\L1_1382330624_1382334720.hdf5,1382330624.0,1382334720.0,L1,O4a,0.06365752965211868,228
1382333892.0,1382333924.0,E:\o4a\1381933312\L1_1382330624_1382334720.hdf5,1382330624.0,1382334720.0,L1,O4a,0.060346394777297974,228
1382333956.0,1382333988.0,E:\o4a\1381933312\L1_1382330624_1382334720.hdf5,1382330624.0,1382334720.0,L1,O4a,0.07485044747591019,228
1382334020.0,1382334052.0,E:\o4a\1381933312\L1_1382330624_1382334720.hdf5,1382330624.0,1382334720.0,L1,O4a,0.05693057179450989,228
1382334084.0,1382334116.0,E:\o4a\1381933312\L1_1382330624_1382334720.hdf5,1382330624.0,1382334720.0,L1,O4a,0.06774120032787323,228
1382334148.0,1382334180.0,E:\o4a\1381933312\L1_1382330624_1382334720.hdf5,1382330624.0,1382334720.0,L1,O4a,0.059431228786706924,228
1382334212.0,1382334244.0,E:\o4a\1381933312\L1_1382330624_1382334720.hdf5,1382330624.0,1382334720.0,L1,O4a,0.06007037311792374,228
1382334276.0,1382334308.0,E:\o4a\1381933312\L1_1382330624_1382334720.hdf5,1382330624.0,1382334720.0,L1,O4a,0.05763939768075943,228
1382491204.0,1382491236.0,E:\o4a\1382451712\L1_1382488576_1382492672.hdf5,1382488576.0,1382492672.0,L1,O4a,0.06339878588914871,231
1382491268.0,1382491300.0,E:\o4a\1382451712\L1_1382488576_1382492672.hdf5,1382488576.0,1382492672.0,L1,O4a,0.06532936543226242,231
1382491332.0,1382491364.0,E:\o4a\1382451712\L1_1382488576_1382492672.hdf5,1382488576.0,1382492672.0,L1,O4a,0.05893479287624359,231
1382491396.0,1382491428.0,E:\o4a\1382451712\L1_1382488576_1382492672.hdf5,1382488576.0,1382492672.0,L1,O4a,0.05398378521203995,231
1382491460.0,1382491492.0,E:\o4a\1382451712\L1_1382488576_1382492672.hdf5,1382488576.0,1382492672.0,L1,O4a,0.07203907519578934,231
1382491524.0,1382491556.0,E:\o4a\1382451712\L1_1382488576_1382492672.hdf5,1382488576.0,1382492672.0,L1,O4a,0.05809808149933815,231
1382491588.0,1382491620.0,E:\o4a\1382451712\L1_1382488576_1382492672.hdf5,1382488576.0,1382492672.0,L1,O4a,0.06659979373216629,231
1382491652.0,1382491684.0,E:\o4a\1382451712\L1_1382488576_1382492672.hdf5,1382488576.0,1382492672.0,L1,O4a,0.05753925442695618,231
1382491716.0,1382491748.0,E:\o4a\1382451712\L1_1382488576_1382492672.hdf5,1382488576.0,1382492672.0,L1,O4a,0.055345743894577026,231
1382491780.0,1382491812.0,E:\o4a\1382451712\L1_1382488576_1382492672.hdf5,1382488576.0,1382492672.0,L1,O4a,0.07010015100240707,231
1382491844.0,1382491876.0,E:\o4a\1382451712\L1_1382488576_1382492672.hdf5,1382488576.0,1382492672.0,L1,O4a,0.058802805840969086,231
1382491908.0,1382491940.0,E:\o4a\1382451712\L1_1382488576_1382492672.hdf5,1382488576.0,1382492672.0,L1,O4a,0.05378929153084755,231
1382491972.0,1382492004.0,E:\o4a\1382451712\L1_1382488576_1382492672.hdf5,1382488576.0,1382492672.0,L1,O4a,0.0744853988289833,231
1382492036.0,1382492068.0,E:\o4a\1382451712\L1_1382488576_1382492672.hdf5,1382488576.0,1382492672.0,L1,O4a,0.07079548388719559,231
1382492100.0,1382492132.0,E:\o4a\1382451712\L1_1382488576_1382492672.hdf5,1382488576.0,1382492672.0,L1,O4a,0.05447687208652496,231
1382492164.0,1382492196.0,E:\o4a\1382451712\L1_1382488576_1382492672.hdf5,1382488576.0,1382492672.0,L1,O4a,0.06702076643705368,231
1382492228.0,1382492260.0,E:\o4a\1382451712\L1_1382488576_1382492672.hdf5,1382488576.0,1382492672.0,L1,O4a,0.05653969198465347,231
1382527620.0,1382527652.0,E:\o4a\1382451712\L1_1382525440_1382529536.hdf5,1382525440.0,1382529536.0,L1,O4a,0.06526006758213043,232
1382527684.0,1382527716.0,E:\o4a\1382451712\L1_1382525440_1382529536.hdf5,1382525440.0,1382529536.0,L1,O4a,0.08077903836965561,232
1382527748.0,1382527780.0,E:\o4a\1382451712\L1_1382525440_1382529536.hdf5,1382525440.0,1382529536.0,L1,O4a,0.06179370731115341,232
1382527812.0,1382527844.0,E:\o4a\1382451712\L1_1382525440_1382529536.hdf5,1382525440.0,1382529536.0,L1,O4a,0.06461195647716522,232
1382527876.0,1382527908.0,E:\o4a\1382451712\L1_1382525440_1382529536.hdf5,1382525440.0,1382529536.0,L1,O4a,0.07735022157430649,232
1382527940.0,1382527972.0,E:\o4a\1382451712\L1_1382525440_1382529536.hdf5,1382525440.0,1382529536.0,L1,O4a,0.05622635781764984,232
1382528004.0,1382528036.0,E:\o4a\1382451712\L1_1382525440_1382529536.hdf5,1382525440.0,1382529536.0,L1,O4a,0.055038563907146454,232
1382528068.0,1382528100.0,E:\o4a\1382451712\L1_1382525440_1382529536.hdf5,1382525440.0,1382529536.0,L1,O4a,0.06456095725297928,232
1382528132.0,1382528164.0,E:\o4a\1382451712\L1_1382525440_1382529536.hdf5,1382525440.0,1382529536.0,L1,O4a,0.07005662471055984,232
1382528196.0,1382528228.0,E:\o4a\1382451712\L1_1382525440_1382529536.hdf5,1382525440.0,1382529536.0,L1,O4a,0.0603548139333725,232
1382528260.0,1382528292.0,E:\o4a\1382451712\L1_1382525440_1382529536.hdf5,1382525440.0,1382529536.0,L1,O4a,0.0632624626159668,232
1382528324.0,1382528356.0,E:\o4a\1382451712\L1_1382525440_1382529536.hdf5,1382525440.0,1382529536.0,L1,O4a,0.060526344925165176,232
1382528388.0,1382528420.0,E:\o4a\1382451712\L1_1382525440_1382529536.hdf5,1382525440.0,1382529536.0,L1,O4a,0.05969281867146492,232
1382528452.0,1382528484.0,E:\o4a\1382451712\L1_1382525440_1382529536.hdf5,1382525440.0,1382529536.0,L1,O4a,0.056196220219135284,232
1382528516.0,1382528548.0,E:\o4a\1382451712\L1_1382525440_1382529536.hdf5,1382525440.0,1382529536.0,L1,O4a,0.06358278542757034,232
1382528580.0,1382528612.0,E:\o4a\1382451712\L1_1382525440_1382529536.hdf5,1382525440.0,1382529536.0,L1,O4a,0.062431249767541885,232
1382528644.0,1382528676.0,E:\o4a\1382451712\L1_1382525440_1382529536.hdf5,1382525440.0,1382529536.0,L1,O4a,0.0609867088496685,232
1382566404.0,1382566436.0,E:\o4a\1382451712\L1_1382566400_1382570496.hdf5,1382566400.0,1382570496.0,L1,O4a,0.06895025819540024,233
1382566468.0,1382566500.0,E:\o4a\1382451712\L1_1382566400_1382570496.hdf5,1382566400.0,1382570496.0,L1,O4a,0.0571722574532032,233
1382566532.0,1382566564.0,E:\o4a\1382451712\L1_1382566400_1382570496.hdf5,1382566400.0,1382570496.0,L1,O4a,0.07478303462266922,233
1382566596.0,1382566628.0,E:\o4a\1382451712\L1_1382566400_1382570496.hdf5,1382566400.0,1382570496.0,L1,O4a,0.061719391494989395,233
1382566660.0,1382566692.0,E:\o4a\1382451712\L1_1382566400_1382570496.hdf5,1382566400.0,1382570496.0,L1,O4a,0.13848842680454254,233
1382566724.0,1382566756.0,E:\o4a\1382451712\L1_1382566400_1382570496.hdf5,1382566400.0,1382570496.0,L1,O4a,0.061642106622457504,233
1382566788.0,1382566820.0,E:\o4a\1382451712\L1_1382566400_1382570496.hdf5,1382566400.0,1382570496.0,L1,O4a,0.0667170062661171,233
1382566852.0,1382566884.0,E:\o4a\1382451712\L1_1382566400_1382570496.hdf5,1382566400.0,1382570496.0,L1,O4a,0.05560192093253136,233
1382566916.0,1382566948.0,E:\o4a\1382451712\L1_1382566400_1382570496.hdf5,1382566400.0,1382570496.0,L1,O4a,0.07249146699905396,233
1382566980.0,1382567012.0,E:\o4a\1382451712\L1_1382566400_1382570496.hdf5,1382566400.0,1382570496.0,L1,O4a,0.07365899533033371,233
1382567044.0,1382567076.0,E:\o4a\1382451712\L1_1382566400_1382570496.hdf5,1382566400.0,1382570496.0,L1,O4a,0.07026857882738113,233
1382567108.0,1382567140.0,E:\o4a\1382451712\L1_1382566400_1382570496.hdf5,1382566400.0,1382570496.0,L1,O4a,0.053922031074762344,233
1382567172.0,1382567204.0,E:\o4a\1382451712\L1_1382566400_1382570496.hdf5,1382566400.0,1382570496.0,L1,O4a,0.0647164136171341,233
1382567236.0,1382567268.0,E:\o4a\1382451712\L1_1382566400_1382570496.hdf5,1382566400.0,1382570496.0,L1,O4a,0.06464599072933197,233
1382567300.0,1382567332.0,E:\o4a\1382451712\L1_1382566400_1382570496.hdf5,1382566400.0,1382570496.0,L1,O4a,0.06028909608721733,233
1382567364.0,1382567396.0,E:\o4a\1382451712\L1_1382566400_1382570496.hdf5,1382566400.0,1382570496.0,L1,O4a,0.08493747562170029,233
1382567428.0,1382567460.0,E:\o4a\1382451712\L1_1382566400_1382570496.hdf5,1382566400.0,1382570496.0,L1,O4a,0.0675271674990654,233
1382609732.0,1382609764.0,E:\o4a\1382451712\L1_1382607360_1382611456.hdf5,1382607360.0,1382611456.0,L1,O4a,0.05362533777952194,234
1382609796.0,1382609828.0,E:\o4a\1382451712\L1_1382607360_1382611456.hdf5,1382607360.0,1382611456.0,L1,O4a,0.05275121331214905,234
1382609860.0,1382609892.0,E:\o4a\1382451712\L1_1382607360_1382611456.hdf5,1382607360.0,1382611456.0,L1,O4a,0.06422198563814163,234
1382609924.0,1382609956.0,E:\o4a\1382451712\L1_1382607360_1382611456.hdf5,1382607360.0,1382611456.0,L1,O4a,0.08304586261510849,234
1382609988.0,1382610020.0,E:\o4a\1382451712\L1_1382607360_1382611456.hdf5,1382607360.0,1382611456.0,L1,O4a,0.06568703800439835,234
1382610052.0,1382610084.0,E:\o4a\1382451712\L1_1382607360_1382611456.hdf5,1382607360.0,1382611456.0,L1,O4a,0.06213822215795517,234
1382610116.0,1382610148.0,E:\o4a\1382451712\L1_1382607360_1382611456.hdf5,1382607360.0,1382611456.0,L1,O4a,0.0722421184182167,234
1382610180.0,1382610212.0,E:\o4a\1382451712\L1_1382607360_1382611456.hdf5,1382607360.0,1382611456.0,L1,O4a,0.17100223898887634,234
1382610244.0,1382610276.0,E:\o4a\1382451712\L1_1382607360_1382611456.hdf5,1382607360.0,1382611456.0,L1,O4a,0.056992292404174805,234
1382610308.0,1382610340.0,E:\o4a\1382451712\L1_1382607360_1382611456.hdf5,1382607360.0,1382611456.0,L1,O4a,0.07129742205142975,234
1382610372.0,1382610404.0,E:\o4a\1382451712\L1_1382607360_1382611456.hdf5,1382607360.0,1382611456.0,L1,O4a,0.05815901234745979,234
1382610436.0,1382610468.0,E:\o4a\1382451712\L1_1382607360_1382611456.hdf5,1382607360.0,1382611456.0,L1,O4a,0.06234331056475639,234
1382610500.0,1382610532.0,E:\o4a\1382451712\L1_1382607360_1382611456.hdf5,1382607360.0,1382611456.0,L1,O4a,0.05692392960190773,234
1382610564.0,1382610596.0,E:\o4a\1382451712\L1_1382607360_1382611456.hdf5,1382607360.0,1382611456.0,L1,O4a,0.07547778636217117,234
1382610628.0,1382610660.0,E:\o4a\1382451712\L1_1382607360_1382611456.hdf5,1382607360.0,1382611456.0,L1,O4a,0.05892495438456535,234
1382610692.0,1382610724.0,E:\o4a\1382451712\L1_1382607360_1382611456.hdf5,1382607360.0,1382611456.0,L1,O4a,0.05665256083011627,234
1382610756.0,1382610788.0,E:\o4a\1382451712\L1_1382607360_1382611456.hdf5,1382607360.0,1382611456.0,L1,O4a,0.07727762311697006,234
1382658884.0,1382658916.0,E:\o4a\1382451712\L1_1382656512_1382660608.hdf5,1382656512.0,1382660608.0,L1,O4a,0.0667901486158371,235
1382658948.0,1382658980.0,E:\o4a\1382451712\L1_1382656512_1382660608.hdf5,1382656512.0,1382660608.0,L1,O4a,0.1174326241016388,235
1382659012.0,1382659044.0,E:\o4a\1382451712\L1_1382656512_1382660608.hdf5,1382656512.0,1382660608.0,L1,O4a,0.07246706634759903,235
1382659076.0,1382659108.0,E:\o4a\1382451712\L1_1382656512_1382660608.hdf5,1382656512.0,1382660608.0,L1,O4a,0.0559387281537056,235
1382659140.0,1382659172.0,E:\o4a\1382451712\L1_1382656512_1382660608.hdf5,1382656512.0,1382660608.0,L1,O4a,0.08090104907751083,235
1382659204.0,1382659236.0,E:\o4a\1382451712\L1_1382656512_1382660608.hdf5,1382656512.0,1382660608.0,L1,O4a,0.08356397598981857,235
1382659268.0,1382659300.0,E:\o4a\1382451712\L1_1382656512_1382660608.hdf5,1382656512.0,1382660608.0,L1,O4a,0.061740692704916,235
1382659332.0,1382659364.0,E:\o4a\1382451712\L1_1382656512_1382660608.hdf5,1382656512.0,1382660608.0,L1,O4a,0.08725176006555557,235
1382659396.0,1382659428.0,E:\o4a\1382451712\L1_1382656512_1382660608.hdf5,1382656512.0,1382660608.0,L1,O4a,0.14545875787734985,235
1382659460.0,1382659492.0,E:\o4a\1382451712\L1_1382656512_1382660608.hdf5,1382656512.0,1382660608.0,L1,O4a,0.07725740224123001,235
1382659524.0,1382659556.0,E:\o4a\1382451712\L1_1382656512_1382660608.hdf5,1382656512.0,1382660608.0,L1,O4a,0.0665544643998146,235
1382659588.0,1382659620.0,E:\o4a\1382451712\L1_1382656512_1382660608.hdf5,1382656512.0,1382660608.0,L1,O4a,0.060960110276937485,235
1382659652.0,1382659684.0,E:\o4a\1382451712\L1_1382656512_1382660608.hdf5,1382656512.0,1382660608.0,L1,O4a,0.058028750121593475,235
1382659716.0,1382659748.0,E:\o4a\1382451712\L1_1382656512_1382660608.hdf5,1382656512.0,1382660608.0,L1,O4a,0.1648588478565216,235
1382659780.0,1382659812.0,E:\o4a\1382451712\L1_1382656512_1382660608.hdf5,1382656512.0,1382660608.0,L1,O4a,0.068475641310215,235
1382659844.0,1382659876.0,E:\o4a\1382451712\L1_1382656512_1382660608.hdf5,1382656512.0,1382660608.0,L1,O4a,0.05802774056792259,235
1382659908.0,1382659940.0,E:\o4a\1382451712\L1_1382656512_1382660608.hdf5,1382656512.0,1382660608.0,L1,O4a,0.09063218533992767,235
1382939140.0,1382939172.0,E:\o4a\1382451712\L1_1382939136_1382943232.hdf5,1382939136.0,1382943232.0,L1,O4a,0.05979309231042862,236
1382939204.0,1382939236.0,E:\o4a\1382451712\L1_1382939136_1382943232.hdf5,1382939136.0,1382943232.0,L1,O4a,0.05988483503460884,236
1382939268.0,1382939300.0,E:\o4a\1382451712\L1_1382939136_1382943232.hdf5,1382939136.0,1382943232.0,L1,O4a,0.05874166637659073,236
1382939332.0,1382939364.0,E:\o4a\1382451712\L1_1382939136_1382943232.hdf5,1382939136.0,1382943232.0,L1,O4a,0.0618797205388546,236
1382939396.0,1382939428.0,E:\o4a\1382451712\L1_1382939136_1382943232.hdf5,1382939136.0,1382943232.0,L1,O4a,0.05788463354110718,236
1382939460.0,1382939492.0,E:\o4a\1382451712\L1_1382939136_1382943232.hdf5,1382939136.0,1382943232.0,L1,O4a,0.06428083032369614,236
1382939524.0,1382939556.0,E:\o4a\1382451712\L1_1382939136_1382943232.hdf5,1382939136.0,1382943232.0,L1,O4a,0.05252646654844284,236
1382939588.0,1382939620.0,E:\o4a\1382451712\L1_1382939136_1382943232.hdf5,1382939136.0,1382943232.0,L1,O4a,0.062088511884212494,236
1382939652.0,1382939684.0,E:\o4a\1382451712\L1_1382939136_1382943232.hdf5,1382939136.0,1382943232.0,L1,O4a,0.07112923264503479,236
1382939716.0,1382939748.0,E:\o4a\1382451712\L1_1382939136_1382943232.hdf5,1382939136.0,1382943232.0,L1,O4a,0.057677287608385086,236
1382939780.0,1382939812.0,E:\o4a\1382451712\L1_1382939136_1382943232.hdf5,1382939136.0,1382943232.0,L1,O4a,0.05708599463105202,236
1382939844.0,1382939876.0,E:\o4a\1382451712\L1_1382939136_1382943232.hdf5,1382939136.0,1382943232.0,L1,O4a,0.07872018218040466,236
1382939908.0,1382939940.0,E:\o4a\1382451712\L1_1382939136_1382943232.hdf5,1382939136.0,1382943232.0,L1,O4a,0.0640726387500763,236
1382939972.0,1382940004.0,E:\o4a\1382451712\L1_1382939136_1382943232.hdf5,1382939136.0,1382943232.0,L1,O4a,0.0785604864358902,236
1382940036.0,1382940068.0,E:\o4a\1382451712\L1_1382939136_1382943232.hdf5,1382939136.0,1382943232.0,L1,O4a,0.06419482827186584,236
1382940100.0,1382940132.0,E:\o4a\1382451712\L1_1382939136_1382943232.hdf5,1382939136.0,1382943232.0,L1,O4a,0.054861150681972504,236
1382940164.0,1382940196.0,E:\o4a\1382451712\L1_1382939136_1382943232.hdf5,1382939136.0,1382943232.0,L1,O4a,0.0684930682182312,236
1382993284.0,1382993316.0,E:\o4a\1382970112\L1_1382990592_1382994688.hdf5,1382990592.0,1382994688.0,L1,O4a,0.07373256236314774,237
1382993348.0,1382993380.0,E:\o4a\1382970112\L1_1382990592_1382994688.hdf5,1382990592.0,1382994688.0,L1,O4a,0.05906302109360695,237
1382993412.0,1382993444.0,E:\o4a\1382970112\L1_1382990592_1382994688.hdf5,1382990592.0,1382994688.0,L1,O4a,0.06881339848041534,237
1382993476.0,1382993508.0,E:\o4a\1382970112\L1_1382990592_1382994688.hdf5,1382990592.0,1382994688.0,L1,O4a,0.054810721427202225,237
1382993540.0,1382993572.0,E:\o4a\1382970112\L1_1382990592_1382994688.hdf5,1382990592.0,1382994688.0,L1,O4a,0.05687321349978447,237
1382993604.0,1382993636.0,E:\o4a\1382970112\L1_1382990592_1382994688.hdf5,1382990592.0,1382994688.0,L1,O4a,0.09124235808849335,237
1382993668.0,1382993700.0,E:\o4a\1382970112\L1_1382990592_1382994688.hdf5,1382990592.0,1382994688.0,L1,O4a,0.06326280534267426,237
1382993732.0,1382993764.0,E:\o4a\1382970112\L1_1382990592_1382994688.hdf5,1382990592.0,1382994688.0,L1,O4a,0.06828270852565765,237
1382993796.0,1382993828.0,E:\o4a\1382970112\L1_1382990592_1382994688.hdf5,1382990592.0,1382994688.0,L1,O4a,0.060662172734737396,237
1382993860.0,1382993892.0,E:\o4a\1382970112\L1_1382990592_1382994688.hdf5,1382990592.0,1382994688.0,L1,O4a,0.05925412103533745,237
1382993924.0,1382993956.0,E:\o4a\1382970112\L1_1382990592_1382994688.hdf5,1382990592.0,1382994688.0,L1,O4a,0.07218430936336517,237
1382993988.0,1382994020.0,E:\o4a\1382970112\L1_1382990592_1382994688.hdf5,1382990592.0,1382994688.0,L1,O4a,0.06755814701318741,237
1382994052.0,1382994084.0,E:\o4a\1382970112\L1_1382990592_1382994688.hdf5,1382990592.0,1382994688.0,L1,O4a,0.06192142888903618,237
1382994116.0,1382994148.0,E:\o4a\1382970112\L1_1382990592_1382994688.hdf5,1382990592.0,1382994688.0,L1,O4a,0.05796467512845993,237
1382994180.0,1382994212.0,E:\o4a\1382970112\L1_1382990592_1382994688.hdf5,1382990592.0,1382994688.0,L1,O4a,0.06030290946364403,237
1382994244.0,1382994276.0,E:\o4a\1382970112\L1_1382990592_1382994688.hdf5,1382990592.0,1382994688.0,L1,O4a,0.057407014071941376,237
1382994308.0,1382994340.0,E:\o4a\1382970112\L1_1382990592_1382994688.hdf5,1382990592.0,1382994688.0,L1,O4a,0.06607084721326828,237
1383060228.0,1383060260.0,E:\o4a\1382970112\L1_1383060224_1383064320.hdf5,1383060224.0,1383064320.0,L1,O4a,0.061661943793296814,238
1383060292.0,1383060324.0,E:\o4a\1382970112\L1_1383060224_1383064320.hdf5,1383060224.0,1383064320.0,L1,O4a,0.06993310898542404,238
1383060356.0,1383060388.0,E:\o4a\1382970112\L1_1383060224_1383064320.hdf5,1383060224.0,1383064320.0,L1,O4a,0.0794789046049118,238
1383060420.0,1383060452.0,E:\o4a\1382970112\L1_1383060224_1383064320.hdf5,1383060224.0,1383064320.0,L1,O4a,0.08280620723962784,238
1383060484.0,1383060516.0,E:\o4a\1382970112\L1_1383060224_1383064320.hdf5,1383060224.0,1383064320.0,L1,O4a,0.05727507174015045,238
1383060548.0,1383060580.0,E:\o4a\1382970112\L1_1383060224_1383064320.hdf5,1383060224.0,1383064320.0,L1,O4a,0.06988471001386642,238
1383060612.0,1383060644.0,E:\o4a\1382970112\L1_1383060224_1383064320.hdf5,1383060224.0,1383064320.0,L1,O4a,0.06317652016878128,238
1383060676.0,1383060708.0,E:\o4a\1382970112\L1_1383060224_1383064320.hdf5,1383060224.0,1383064320.0,L1,O4a,0.0686231479048729,238
1383060740.0,1383060772.0,E:\o4a\1382970112\L1_1383060224_1383064320.hdf5,1383060224.0,1383064320.0,L1,O4a,0.06370124965906143,238
1383060804.0,1383060836.0,E:\o4a\1382970112\L1_1383060224_1383064320.hdf5,1383060224.0,1383064320.0,L1,O4a,0.06500782817602158,238
1383060868.0,1383060900.0,E:\o4a\1382970112\L1_1383060224_1383064320.hdf5,1383060224.0,1383064320.0,L1,O4a,0.06758009642362595,238
1383060932.0,1383060964.0,E:\o4a\1382970112\L1_1383060224_1383064320.hdf5,1383060224.0,1383064320.0,L1,O4a,0.07373924553394318,238
1383060996.0,1383061028.0,E:\o4a\1382970112\L1_1383060224_1383064320.hdf5,1383060224.0,1383064320.0,L1,O4a,0.062351249158382416,238
1383061060.0,1383061092.0,E:\o4a\1382970112\L1_1383060224_1383064320.hdf5,1383060224.0,1383064320.0,L1,O4a,0.10531643033027649,238
1383061124.0,1383061156.0,E:\o4a\1382970112\L1_1383060224_1383064320.hdf5,1383060224.0,1383064320.0,L1,O4a,0.07279939204454422,238
1383061188.0,1383061220.0,E:\o4a\1382970112\L1_1383060224_1383064320.hdf5,1383060224.0,1383064320.0,L1,O4a,0.053489379584789276,238
1383061252.0,1383061284.0,E:\o4a\1382970112\L1_1383060224_1383064320.hdf5,1383060224.0,1383064320.0,L1,O4a,0.06905470043420792,238
1383119748.0,1383119780.0,E:\o4a\1382970112\L1_1383117568_1383121664.hdf5,1383117568.0,1383121664.0,L1,O4a,0.057520605623722076,239
1383119812.0,1383119844.0,E:\o4a\1382970112\L1_1383117568_1383121664.hdf5,1383117568.0,1383121664.0,L1,O4a,0.05684563145041466,239
1383119876.0,1383119908.0,E:\o4a\1382970112\L1_1383117568_1383121664.hdf5,1383117568.0,1383121664.0,L1,O4a,0.05792791396379471,239
1383119940.0,1383119972.0,E:\o4a\1382970112\L1_1383117568_1383121664.hdf5,1383117568.0,1383121664.0,L1,O4a,0.05793674662709236,239
1383120004.0,1383120036.0,E:\o4a\1382970112\L1_1383117568_1383121664.hdf5,1383117568.0,1383121664.0,L1,O4a,0.05679906904697418,239
1383120068.0,1383120100.0,E:\o4a\1382970112\L1_1383117568_1383121664.hdf5,1383117568.0,1383121664.0,L1,O4a,0.05536911264061928,239
1383120132.0,1383120164.0,E:\o4a\1382970112\L1_1383117568_1383121664.hdf5,1383117568.0,1383121664.0,L1,O4a,0.06888391077518463,239
1383120196.0,1383120228.0,E:\o4a\1382970112\L1_1383117568_1383121664.hdf5,1383117568.0,1383121664.0,L1,O4a,0.058746449649333954,239
1383120260.0,1383120292.0,E:\o4a\1382970112\L1_1383117568_1383121664.hdf5,1383117568.0,1383121664.0,L1,O4a,0.06819269061088562,239
1383120324.0,1383120356.0,E:\o4a\1382970112\L1_1383117568_1383121664.hdf5,1383117568.0,1383121664.0,L1,O4a,0.0616588331758976,239
1383120388.0,1383120420.0,E:\o4a\1382970112\L1_1383117568_1383121664.hdf5,1383117568.0,1383121664.0,L1,O4a,0.06709212064743042,239
1383120452.0,1383120484.0,E:\o4a\1382970112\L1_1383117568_1383121664.hdf5,1383117568.0,1383121664.0,L1,O4a,0.0674375668168068,239
1383120516.0,1383120548.0,E:\o4a\1382970112\L1_1383117568_1383121664.hdf5,1383117568.0,1383121664.0,L1,O4a,0.06362012773752213,239
1383120580.0,1383120612.0,E:\o4a\1382970112\L1_1383117568_1383121664.hdf5,1383117568.0,1383121664.0,L1,O4a,0.06302053481340408,239
1383120644.0,1383120676.0,E:\o4a\1382970112\L1_1383117568_1383121664.hdf5,1383117568.0,1383121664.0,L1,O4a,0.059290479868650436,239
1383120708.0,1383120740.0,E:\o4a\1382970112\L1_1383117568_1383121664.hdf5,1383117568.0,1383121664.0,L1,O4a,0.0613713413476944,239
1383120772.0,1383120804.0,E:\o4a\1382970112\L1_1383117568_1383121664.hdf5,1383117568.0,1383121664.0,L1,O4a,0.06462198495864868,239
1383162628.0,1383162660.0,E:\o4a\1382970112\L1_1383162624_1383166720.hdf5,1383162624.0,1383166720.0,L1,O4a,0.06529070436954498,240
1383162692.0,1383162724.0,E:\o4a\1382970112\L1_1383162624_1383166720.hdf5,1383162624.0,1383166720.0,L1,O4a,0.0658826008439064,240
1383162756.0,1383162788.0,E:\o4a\1382970112\L1_1383162624_1383166720.hdf5,1383162624.0,1383166720.0,L1,O4a,0.0658426433801651,240
1383162820.0,1383162852.0,E:\o4a\1382970112\L1_1383162624_1383166720.hdf5,1383162624.0,1383166720.0,L1,O4a,0.06289206445217133,240
1383162884.0,1383162916.0,E:\o4a\1382970112\L1_1383162624_1383166720.hdf5,1383162624.0,1383166720.0,L1,O4a,0.0561770536005497,240
1383162948.0,1383162980.0,E:\o4a\1382970112\L1_1383162624_1383166720.hdf5,1383162624.0,1383166720.0,L1,O4a,0.054316435009241104,240
1383163012.0,1383163044.0,E:\o4a\1382970112\L1_1383162624_1383166720.hdf5,1383162624.0,1383166720.0,L1,O4a,0.09304708987474442,240
1383163076.0,1383163108.0,E:\o4a\1382970112\L1_1383162624_1383166720.hdf5,1383162624.0,1383166720.0,L1,O4a,0.132479727268219,240
1383163140.0,1383163172.0,E:\o4a\1382970112\L1_1383162624_1383166720.hdf5,1383162624.0,1383166720.0,L1,O4a,0.0540115088224411,240
1383163204.0,1383163236.0,E:\o4a\1382970112\L1_1383162624_1383166720.hdf5,1383162624.0,1383166720.0,L1,O4a,0.07404378056526184,240
1383163268.0,1383163300.0,E:\o4a\1382970112\L1_1383162624_1383166720.hdf5,1383162624.0,1383166720.0,L1,O4a,0.06521105766296387,240
1383163332.0,1383163364.0,E:\o4a\1382970112\L1_1383162624_1383166720.hdf5,1383162624.0,1383166720.0,L1,O4a,0.06025995314121246,240
1383163396.0,1383163428.0,E:\o4a\1382970112\L1_1383162624_1383166720.hdf5,1383162624.0,1383166720.0,L1,O4a,0.05849669873714447,240
1383163460.0,1383163492.0,E:\o4a\1382970112\L1_1383162624_1383166720.hdf5,1383162624.0,1383166720.0,L1,O4a,0.0584438294172287,240
1383163524.0,1383163556.0,E:\o4a\1382970112\L1_1383162624_1383166720.hdf5,1383162624.0,1383166720.0,L1,O4a,0.06137196347117424,240
1383163588.0,1383163620.0,E:\o4a\1382970112\L1_1383162624_1383166720.hdf5,1383162624.0,1383166720.0,L1,O4a,0.062380727380514145,240
1383163652.0,1383163684.0,E:\o4a\1382970112\L1_1383162624_1383166720.hdf5,1383162624.0,1383166720.0,L1,O4a,0.06919322162866592,240
1383221060.0,1383221092.0,E:\o4a\1382970112\L1_1383219968_1383224064.hdf5,1383219968.0,1383224064.0,L1,O4a,0.05821381136775017,241
1383221124.0,1383221156.0,E:\o4a\1382970112\L1_1383219968_1383224064.hdf5,1383219968.0,1383224064.0,L1,O4a,0.05542472377419472,241
1383221188.0,1383221220.0,E:\o4a\1382970112\L1_1383219968_1383224064.hdf5,1383219968.0,1383224064.0,L1,O4a,0.06265996396541595,241
1383221252.0,1383221284.0,E:\o4a\1382970112\L1_1383219968_1383224064.hdf5,1383219968.0,1383224064.0,L1,O4a,0.05950602516531944,241
1383221316.0,1383221348.0,E:\o4a\1382970112\L1_1383219968_1383224064.hdf5,1383219968.0,1383224064.0,L1,O4a,0.06149552762508392,241
1383221380.0,1383221412.0,E:\o4a\1382970112\L1_1383219968_1383224064.hdf5,1383219968.0,1383224064.0,L1,O4a,0.06493277102708817,241
1383221444.0,1383221476.0,E:\o4a\1382970112\L1_1383219968_1383224064.hdf5,1383219968.0,1383224064.0,L1,O4a,0.0683252364397049,241
1383221508.0,1383221540.0,E:\o4a\1382970112\L1_1383219968_1383224064.hdf5,1383219968.0,1383224064.0,L1,O4a,0.07250642776489258,241
1383221572.0,1383221604.0,E:\o4a\1382970112\L1_1383219968_1383224064.hdf5,1383219968.0,1383224064.0,L1,O4a,0.0869867280125618,241
1383221636.0,1383221668.0,E:\o4a\1382970112\L1_1383219968_1383224064.hdf5,1383219968.0,1383224064.0,L1,O4a,0.06665468215942383,241
1383221700.0,1383221732.0,E:\o4a\1382970112\L1_1383219968_1383224064.hdf5,1383219968.0,1383224064.0,L1,O4a,0.06146599352359772,241
1383221764.0,1383221796.0,E:\o4a\1382970112\L1_1383219968_1383224064.hdf5,1383219968.0,1383224064.0,L1,O4a,0.0841657817363739,241
1383221828.0,1383221860.0,E:\o4a\1382970112\L1_1383219968_1383224064.hdf5,1383219968.0,1383224064.0,L1,O4a,0.06868670880794525,241
1383221892.0,1383221924.0,E:\o4a\1382970112\L1_1383219968_1383224064.hdf5,1383219968.0,1383224064.0,L1,O4a,0.059662461280822754,241
1383221956.0,1383221988.0,E:\o4a\1382970112\L1_1383219968_1383224064.hdf5,1383219968.0,1383224064.0,L1,O4a,0.06015896797180176,241
1383222020.0,1383222052.0,E:\o4a\1382970112\L1_1383219968_1383224064.hdf5,1383219968.0,1383224064.0,L1,O4a,0.055507149547338486,241
1383222084.0,1383222116.0,E:\o4a\1382970112\L1_1383219968_1383224064.hdf5,1383219968.0,1383224064.0,L1,O4a,0.06936405599117279,241
1383282500.0,1383282532.0,E:\o4a\1382970112\L1_1383281408_1383285504.hdf5,1383281408.0,1383285504.0,L1,O4a,0.06282921135425568,242
1383282564.0,1383282596.0,E:\o4a\1382970112\L1_1383281408_1383285504.hdf5,1383281408.0,1383285504.0,L1,O4a,0.07281947135925293,242
1383282628.0,1383282660.0,E:\o4a\1382970112\L1_1383281408_1383285504.hdf5,1383281408.0,1383285504.0,L1,O4a,0.06050674244761467,242
1383282692.0,1383282724.0,E:\o4a\1382970112\L1_1383281408_1383285504.hdf5,1383281408.0,1383285504.0,L1,O4a,0.06401873379945755,242
1383282756.0,1383282788.0,E:\o4a\1382970112\L1_1383281408_1383285504.hdf5,1383281408.0,1383285504.0,L1,O4a,0.06006988510489464,242
1383282820.0,1383282852.0,E:\o4a\1382970112\L1_1383281408_1383285504.hdf5,1383281408.0,1383285504.0,L1,O4a,0.056391675025224686,242
1383282884.0,1383282916.0,E:\o4a\1382970112\L1_1383281408_1383285504.hdf5,1383281408.0,1383285504.0,L1,O4a,0.08484549075365067,242
1383282948.0,1383282980.0,E:\o4a\1382970112\L1_1383281408_1383285504.hdf5,1383281408.0,1383285504.0,L1,O4a,0.05649515241384506,242
1383283012.0,1383283044.0,E:\o4a\1382970112\L1_1383281408_1383285504.hdf5,1383281408.0,1383285504.0,L1,O4a,0.07268179208040237,242
1383283076.0,1383283108.0,E:\o4a\1382970112\L1_1383281408_1383285504.hdf5,1383281408.0,1383285504.0,L1,O4a,0.06568390876054764,242
1383283140.0,1383283172.0,E:\o4a\1382970112\L1_1383281408_1383285504.hdf5,1383281408.0,1383285504.0,L1,O4a,0.06433282047510147,242
1383283204.0,1383283236.0,E:\o4a\1382970112\L1_1383281408_1383285504.hdf5,1383281408.0,1383285504.0,L1,O4a,0.07195259630680084,242
1383283268.0,1383283300.0,E:\o4a\1382970112\L1_1383281408_1383285504.hdf5,1383281408.0,1383285504.0,L1,O4a,0.0605752058327198,242
1383283332.0,1383283364.0,E:\o4a\1382970112\L1_1383281408_1383285504.hdf5,1383281408.0,1383285504.0,L1,O4a,0.0576416477560997,242
1383283396.0,1383283428.0,E:\o4a\1382970112\L1_1383281408_1383285504.hdf5,1383281408.0,1383285504.0,L1,O4a,0.08095402270555496,242
1383283460.0,1383283492.0,E:\o4a\1382970112\L1_1383281408_1383285504.hdf5,1383281408.0,1383285504.0,L1,O4a,0.06015924736857414,242
1383283524.0,1383283556.0,E:\o4a\1382970112\L1_1383281408_1383285504.hdf5,1383281408.0,1383285504.0,L1,O4a,0.06146874278783798,242
1383326468.0,1383326500.0,E:\o4a\1382970112\L1_1383326464_1383330560.hdf5,1383326464.0,1383330560.0,L1,O4a,0.05363808572292328,243
1383326532.0,1383326564.0,E:\o4a\1382970112\L1_1383326464_1383330560.hdf5,1383326464.0,1383330560.0,L1,O4a,0.05910259857773781,243
1383326596.0,1383326628.0,E:\o4a\1382970112\L1_1383326464_1383330560.hdf5,1383326464.0,1383330560.0,L1,O4a,0.05766913294792175,243
1383326660.0,1383326692.0,E:\o4a\1382970112\L1_1383326464_1383330560.hdf5,1383326464.0,1383330560.0,L1,O4a,0.0759730339050293,243
1383326724.0,1383326756.0,E:\o4a\1382970112\L1_1383326464_1383330560.hdf5,1383326464.0,1383330560.0,L1,O4a,0.055156316608190536,243
1383326788.0,1383326820.0,E:\o4a\1382970112\L1_1383326464_1383330560.hdf5,1383326464.0,1383330560.0,L1,O4a,0.06498149037361145,243
1383326852.0,1383326884.0,E:\o4a\1382970112\L1_1383326464_1383330560.hdf5,1383326464.0,1383330560.0,L1,O4a,0.05551089346408844,243
1383326916.0,1383326948.0,E:\o4a\1382970112\L1_1383326464_1383330560.hdf5,1383326464.0,1383330560.0,L1,O4a,0.07413196563720703,243
1383326980.0,1383327012.0,E:\o4a\1382970112\L1_1383326464_1383330560.hdf5,1383326464.0,1383330560.0,L1,O4a,0.05295119062066078,243
1383327044.0,1383327076.0,E:\o4a\1382970112\L1_1383326464_1383330560.hdf5,1383326464.0,1383330560.0,L1,O4a,0.05977717414498329,243
1383327108.0,1383327140.0,E:\o4a\1382970112\L1_1383326464_1383330560.hdf5,1383326464.0,1383330560.0,L1,O4a,0.08912978321313858,243
1383327172.0,1383327204.0,E:\o4a\1382970112\L1_1383326464_1383330560.hdf5,1383326464.0,1383330560.0,L1,O4a,0.055630844086408615,243
1383327236.0,1383327268.0,E:\o4a\1382970112\L1_1383326464_1383330560.hdf5,1383326464.0,1383330560.0,L1,O4a,0.056614771485328674,243
1383327300.0,1383327332.0,E:\o4a\1382970112\L1_1383326464_1383330560.hdf5,1383326464.0,1383330560.0,L1,O4a,0.05863022059202194,243
1383327364.0,1383327396.0,E:\o4a\1382970112\L1_1383326464_1383330560.hdf5,1383326464.0,1383330560.0,L1,O4a,0.05405716970562935,243
1383327428.0,1383327460.0,E:\o4a\1382970112\L1_1383326464_1383330560.hdf5,1383326464.0,1383330560.0,L1,O4a,0.0597979761660099,243
1383327492.0,1383327524.0,E:\o4a\1382970112\L1_1383326464_1383330560.hdf5,1383326464.0,1383330560.0,L1,O4a,0.43521207571029663,243
1383372612.0,1383372644.0,E:\o4a\1382970112\L1_1383371520_1383375616.hdf5,1383371520.0,1383375616.0,L1,O4a,0.06168616563081741,244
1383372676.0,1383372708.0,E:\o4a\1382970112\L1_1383371520_1383375616.hdf5,1383371520.0,1383375616.0,L1,O4a,0.05480227619409561,244
1383372740.0,1383372772.0,E:\o4a\1382970112\L1_1383371520_1383375616.hdf5,1383371520.0,1383375616.0,L1,O4a,0.06619029492139816,244
1383372804.0,1383372836.0,E:\o4a\1382970112\L1_1383371520_1383375616.hdf5,1383371520.0,1383375616.0,L1,O4a,0.0636507049202919,244
1383372868.0,1383372900.0,E:\o4a\1382970112\L1_1383371520_1383375616.hdf5,1383371520.0,1383375616.0,L1,O4a,0.06553206592798233,244
1383372932.0,1383372964.0,E:\o4a\1382970112\L1_1383371520_1383375616.hdf5,1383371520.0,1383375616.0,L1,O4a,0.06418795138597488,244
1383372996.0,1383373028.0,E:\o4a\1382970112\L1_1383371520_1383375616.hdf5,1383371520.0,1383375616.0,L1,O4a,0.05619250610470772,244
1383373060.0,1383373092.0,E:\o4a\1382970112\L1_1383371520_1383375616.hdf5,1383371520.0,1383375616.0,L1,O4a,0.06568501889705658,244
1383373124.0,1383373156.0,E:\o4a\1382970112\L1_1383371520_1383375616.hdf5,1383371520.0,1383375616.0,L1,O4a,0.06491617858409882,244
1383373188.0,1383373220.0,E:\o4a\1382970112\L1_1383371520_1383375616.hdf5,1383371520.0,1383375616.0,L1,O4a,0.05733224004507065,244
1383373252.0,1383373284.0,E:\o4a\1382970112\L1_1383371520_1383375616.hdf5,1383371520.0,1383375616.0,L1,O4a,0.06691534072160721,244
1383373316.0,1383373348.0,E:\o4a\1382970112\L1_1383371520_1383375616.hdf5,1383371520.0,1383375616.0,L1,O4a,0.06216081604361534,244
1383373380.0,1383373412.0,E:\o4a\1382970112\L1_1383371520_1383375616.hdf5,1383371520.0,1383375616.0,L1,O4a,0.06231749802827835,244
1383373444.0,1383373476.0,E:\o4a\1382970112\L1_1383371520_1383375616.hdf5,1383371520.0,1383375616.0,L1,O4a,0.05817502737045288,244
1383373508.0,1383373540.0,E:\o4a\1382970112\L1_1383371520_1383375616.hdf5,1383371520.0,1383375616.0,L1,O4a,0.053033702075481415,244
1383373572.0,1383373604.0,E:\o4a\1382970112\L1_1383371520_1383375616.hdf5,1383371520.0,1383375616.0,L1,O4a,0.05008275434374809,244
1383373636.0,1383373668.0,E:\o4a\1382970112\L1_1383371520_1383375616.hdf5,1383371520.0,1383375616.0,L1,O4a,0.06907376646995544,244
1383507268.0,1383507300.0,E:\o4a\1383488512\L1_1383504896_1383508992.hdf5,1383504896.0,1383508992.0,L1,O4a,0.058163050562143326,245
1383507332.0,1383507364.0,E:\o4a\1383488512\L1_1383504896_1383508992.hdf5,1383504896.0,1383508992.0,L1,O4a,0.06444309651851654,245
1383507396.0,1383507428.0,E:\o4a\1383488512\L1_1383504896_1383508992.hdf5,1383504896.0,1383508992.0,L1,O4a,0.0558926984667778,245
1383507460.0,1383507492.0,E:\o4a\1383488512\L1_1383504896_1383508992.hdf5,1383504896.0,1383508992.0,L1,O4a,0.05742904916405678,245
1383507524.0,1383507556.0,E:\o4a\1383488512\L1_1383504896_1383508992.hdf5,1383504896.0,1383508992.0,L1,O4a,0.06030372157692909,245
1383507588.0,1383507620.0,E:\o4a\1383488512\L1_1383504896_1383508992.hdf5,1383504896.0,1383508992.0,L1,O4a,0.06288927048444748,245
1383507652.0,1383507684.0,E:\o4a\1383488512\L1_1383504896_1383508992.hdf5,1383504896.0,1383508992.0,L1,O4a,0.09321004152297974,245
1383507716.0,1383507748.0,E:\o4a\1383488512\L1_1383504896_1383508992.hdf5,1383504896.0,1383508992.0,L1,O4a,0.060241881757974625,245
1383507780.0,1383507812.0,E:\o4a\1383488512\L1_1383504896_1383508992.hdf5,1383504896.0,1383508992.0,L1,O4a,0.06514175981283188,245
1383507844.0,1383507876.0,E:\o4a\1383488512\L1_1383504896_1383508992.hdf5,1383504896.0,1383508992.0,L1,O4a,0.054660942405462265,245
1383507908.0,1383507940.0,E:\o4a\1383488512\L1_1383504896_1383508992.hdf5,1383504896.0,1383508992.0,L1,O4a,0.062057748436927795,245
1383507972.0,1383508004.0,E:\o4a\1383488512\L1_1383504896_1383508992.hdf5,1383504896.0,1383508992.0,L1,O4a,0.0728394165635109,245
1383508036.0,1383508068.0,E:\o4a\1383488512\L1_1383504896_1383508992.hdf5,1383504896.0,1383508992.0,L1,O4a,0.05490716174244881,245
1383508100.0,1383508132.0,E:\o4a\1383488512\L1_1383504896_1383508992.hdf5,1383504896.0,1383508992.0,L1,O4a,0.06385591626167297,245
1383508164.0,1383508196.0,E:\o4a\1383488512\L1_1383504896_1383508992.hdf5,1383504896.0,1383508992.0,L1,O4a,0.09511132538318634,245
1383508228.0,1383508260.0,E:\o4a\1383488512\L1_1383504896_1383508992.hdf5,1383504896.0,1383508992.0,L1,O4a,0.06474148482084274,245
1383508292.0,1383508324.0,E:\o4a\1383488512\L1_1383504896_1383508992.hdf5,1383504896.0,1383508992.0,L1,O4a,0.05809451639652252,245
1383575364.0,1383575396.0,E:\o4a\1383488512\L1_1383574528_1383578624.hdf5,1383574528.0,1383578624.0,L1,O4a,0.05932195857167244,246
1383575428.0,1383575460.0,E:\o4a\1383488512\L1_1383574528_1383578624.hdf5,1383574528.0,1383578624.0,L1,O4a,0.06310753524303436,246
1383575492.0,1383575524.0,E:\o4a\1383488512\L1_1383574528_1383578624.hdf5,1383574528.0,1383578624.0,L1,O4a,0.06347981095314026,246
1383575556.0,1383575588.0,E:\o4a\1383488512\L1_1383574528_1383578624.hdf5,1383574528.0,1383578624.0,L1,O4a,0.06504389643669128,246
1383575620.0,1383575652.0,E:\o4a\1383488512\L1_1383574528_1383578624.hdf5,1383574528.0,1383578624.0,L1,O4a,0.059229809790849686,246
1383575684.0,1383575716.0,E:\o4a\1383488512\L1_1383574528_1383578624.hdf5,1383574528.0,1383578624.0,L1,O4a,0.05480263754725456,246
1383575748.0,1383575780.0,E:\o4a\1383488512\L1_1383574528_1383578624.hdf5,1383574528.0,1383578624.0,L1,O4a,0.060094211250543594,246
1383575812.0,1383575844.0,E:\o4a\1383488512\L1_1383574528_1383578624.hdf5,1383574528.0,1383578624.0,L1,O4a,0.06341950595378876,246
1383575876.0,1383575908.0,E:\o4a\1383488512\L1_1383574528_1383578624.hdf5,1383574528.0,1383578624.0,L1,O4a,0.06656347960233688,246
1383575940.0,1383575972.0,E:\o4a\1383488512\L1_1383574528_1383578624.hdf5,1383574528.0,1383578624.0,L1,O4a,0.05796966701745987,246
1383576004.0,1383576036.0,E:\o4a\1383488512\L1_1383574528_1383578624.hdf5,1383574528.0,1383578624.0,L1,O4a,0.054197829216718674,246
1383576068.0,1383576100.0,E:\o4a\1383488512\L1_1383574528_1383578624.hdf5,1383574528.0,1383578624.0,L1,O4a,0.06941056251525879,246
1383576132.0,1383576164.0,E:\o4a\1383488512\L1_1383574528_1383578624.hdf5,1383574528.0,1383578624.0,L1,O4a,0.0683954730629921,246
1383576196.0,1383576228.0,E:\o4a\1383488512\L1_1383574528_1383578624.hdf5,1383574528.0,1383578624.0,L1,O4a,0.055370528250932693,246
1383576260.0,1383576292.0,E:\o4a\1383488512\L1_1383574528_1383578624.hdf5,1383574528.0,1383578624.0,L1,O4a,0.08019980788230896,246
1383576324.0,1383576356.0,E:\o4a\1383488512\L1_1383574528_1383578624.hdf5,1383574528.0,1383578624.0,L1,O4a,0.06384819000959396,246
1383576388.0,1383576420.0,E:\o4a\1383488512\L1_1383574528_1383578624.hdf5,1383574528.0,1383578624.0,L1,O4a,0.06866523623466492,246
1383641668.0,1383641700.0,E:\o4a\1383488512\L1_1383640064_1383644160.hdf5,1383640064.0,1383644160.0,L1,O4a,0.0569123774766922,247
1383641732.0,1383641764.0,E:\o4a\1383488512\L1_1383640064_1383644160.hdf5,1383640064.0,1383644160.0,L1,O4a,0.0699944794178009,247
1383641796.0,1383641828.0,E:\o4a\1383488512\L1_1383640064_1383644160.hdf5,1383640064.0,1383644160.0,L1,O4a,0.0665476992726326,247
1383641860.0,1383641892.0,E:\o4a\1383488512\L1_1383640064_1383644160.hdf5,1383640064.0,1383644160.0,L1,O4a,0.07898937910795212,247
1383641924.0,1383641956.0,E:\o4a\1383488512\L1_1383640064_1383644160.hdf5,1383640064.0,1383644160.0,L1,O4a,0.06261484324932098,247
1383641988.0,1383642020.0,E:\o4a\1383488512\L1_1383640064_1383644160.hdf5,1383640064.0,1383644160.0,L1,O4a,0.06770722568035126,247
1383642052.0,1383642084.0,E:\o4a\1383488512\L1_1383640064_1383644160.hdf5,1383640064.0,1383644160.0,L1,O4a,0.06142241135239601,247
1383642116.0,1383642148.0,E:\o4a\1383488512\L1_1383640064_1383644160.hdf5,1383640064.0,1383644160.0,L1,O4a,0.07230228930711746,247
1383642180.0,1383642212.0,E:\o4a\1383488512\L1_1383640064_1383644160.hdf5,1383640064.0,1383644160.0,L1,O4a,0.05960363522171974,247
1383642244.0,1383642276.0,E:\o4a\1383488512\L1_1383640064_1383644160.hdf5,1383640064.0,1383644160.0,L1,O4a,0.05658191069960594,247
1383642308.0,1383642340.0,E:\o4a\1383488512\L1_1383640064_1383644160.hdf5,1383640064.0,1383644160.0,L1,O4a,0.057950686663389206,247
1383642372.0,1383642404.0,E:\o4a\1383488512\L1_1383640064_1383644160.hdf5,1383640064.0,1383644160.0,L1,O4a,0.05808327719569206,247
1383642436.0,1383642468.0,E:\o4a\1383488512\L1_1383640064_1383644160.hdf5,1383640064.0,1383644160.0,L1,O4a,0.055768031626939774,247
1383642500.0,1383642532.0,E:\o4a\1383488512\L1_1383640064_1383644160.hdf5,1383640064.0,1383644160.0,L1,O4a,0.06051838397979736,247
1383642564.0,1383642596.0,E:\o4a\1383488512\L1_1383640064_1383644160.hdf5,1383640064.0,1383644160.0,L1,O4a,0.07214193046092987,247
1383642628.0,1383642660.0,E:\o4a\1383488512\L1_1383640064_1383644160.hdf5,1383640064.0,1383644160.0,L1,O4a,0.06324834376573563,247
1383642692.0,1383642724.0,E:\o4a\1383488512\L1_1383640064_1383644160.hdf5,1383640064.0,1383644160.0,L1,O4a,0.055630192160606384,247
1383715588.0,1383715620.0,E:\o4a\1383488512\L1_1383713792_1383717888.hdf5,1383713792.0,1383717888.0,L1,O4a,0.06222917139530182,248
1383715652.0,1383715684.0,E:\o4a\1383488512\L1_1383713792_1383717888.hdf5,1383713792.0,1383717888.0,L1,O4a,0.06119060516357422,248
1383715716.0,1383715748.0,E:\o4a\1383488512\L1_1383713792_1383717888.hdf5,1383713792.0,1383717888.0,L1,O4a,0.0595218800008297,248
1383715780.0,1383715812.0,E:\o4a\1383488512\L1_1383713792_1383717888.hdf5,1383713792.0,1383717888.0,L1,O4a,0.060118891298770905,248
1383715844.0,1383715876.0,E:\o4a\1383488512\L1_1383713792_1383717888.hdf5,1383713792.0,1383717888.0,L1,O4a,0.05483974516391754,248
1383715908.0,1383715940.0,E:\o4a\1383488512\L1_1383713792_1383717888.hdf5,1383713792.0,1383717888.0,L1,O4a,0.0587204284965992,248
1383715972.0,1383716004.0,E:\o4a\1383488512\L1_1383713792_1383717888.hdf5,1383713792.0,1383717888.0,L1,O4a,0.05215613916516304,248
1383716036.0,1383716068.0,E:\o4a\1383488512\L1_1383713792_1383717888.hdf5,1383713792.0,1383717888.0,L1,O4a,0.05435001105070114,248
1383716100.0,1383716132.0,E:\o4a\1383488512\L1_1383713792_1383717888.hdf5,1383713792.0,1383717888.0,L1,O4a,0.0625825822353363,248
1383716164.0,1383716196.0,E:\o4a\1383488512\L1_1383713792_1383717888.hdf5,1383713792.0,1383717888.0,L1,O4a,0.06353741139173508,248
1383716228.0,1383716260.0,E:\o4a\1383488512\L1_1383713792_1383717888.hdf5,1383713792.0,1383717888.0,L1,O4a,0.06390292197465897,248
1383716292.0,1383716324.0,E:\o4a\1383488512\L1_1383713792_1383717888.hdf5,1383713792.0,1383717888.0,L1,O4a,0.06563384085893631,248
1383716356.0,1383716388.0,E:\o4a\1383488512\L1_1383713792_1383717888.hdf5,1383713792.0,1383717888.0,L1,O4a,0.053863637149333954,248
1383716420.0,1383716452.0,E:\o4a\1383488512\L1_1383713792_1383717888.hdf5,1383713792.0,1383717888.0,L1,O4a,0.0604647621512413,248
1383716484.0,1383716516.0,E:\o4a\1383488512\L1_1383713792_1383717888.hdf5,1383713792.0,1383717888.0,L1,O4a,0.06660161167383194,248
1383716548.0,1383716580.0,E:\o4a\1383488512\L1_1383713792_1383717888.hdf5,1383713792.0,1383717888.0,L1,O4a,0.06032609939575195,248
1383716612.0,1383716644.0,E:\o4a\1383488512\L1_1383713792_1383717888.hdf5,1383713792.0,1383717888.0,L1,O4a,0.053117021918296814,248
1383769796.0,1383769828.0,E:\o4a\1383488512\L1_1383767040_1383771136.hdf5,1383767040.0,1383771136.0,L1,O4a,0.06737913936376572,249
1383769860.0,1383769892.0,E:\o4a\1383488512\L1_1383767040_1383771136.hdf5,1383767040.0,1383771136.0,L1,O4a,0.05536986514925957,249
1383769924.0,1383769956.0,E:\o4a\1383488512\L1_1383767040_1383771136.hdf5,1383767040.0,1383771136.0,L1,O4a,0.07547496259212494,249
1383769988.0,1383770020.0,E:\o4a\1383488512\L1_1383767040_1383771136.hdf5,1383767040.0,1383771136.0,L1,O4a,0.1041405200958252,249
1383770052.0,1383770084.0,E:\o4a\1383488512\L1_1383767040_1383771136.hdf5,1383767040.0,1383771136.0,L1,O4a,0.05917297303676605,249
1383770116.0,1383770148.0,E:\o4a\1383488512\L1_1383767040_1383771136.hdf5,1383767040.0,1383771136.0,L1,O4a,0.06494437158107758,249
1383770180.0,1383770212.0,E:\o4a\1383488512\L1_1383767040_1383771136.hdf5,1383767040.0,1383771136.0,L1,O4a,0.06120777130126953,249
1383770244.0,1383770276.0,E:\o4a\1383488512\L1_1383767040_1383771136.hdf5,1383767040.0,1383771136.0,L1,O4a,0.055446259677410126,249
1383770308.0,1383770340.0,E:\o4a\1383488512\L1_1383767040_1383771136.hdf5,1383767040.0,1383771136.0,L1,O4a,0.07821384072303772,249
1383770372.0,1383770404.0,E:\o4a\1383488512\L1_1383767040_1383771136.hdf5,1383767040.0,1383771136.0,L1,O4a,0.05873071029782295,249
1383770436.0,1383770468.0,E:\o4a\1383488512\L1_1383767040_1383771136.hdf5,1383767040.0,1383771136.0,L1,O4a,0.057938702404499054,249
1383770500.0,1383770532.0,E:\o4a\1383488512\L1_1383767040_1383771136.hdf5,1383767040.0,1383771136.0,L1,O4a,0.06905035674571991,249
1383770564.0,1383770596.0,E:\o4a\1383488512\L1_1383767040_1383771136.hdf5,1383767040.0,1383771136.0,L1,O4a,0.05616626515984535,249
1383770628.0,1383770660.0,E:\o4a\1383488512\L1_1383767040_1383771136.hdf5,1383767040.0,1383771136.0,L1,O4a,0.05766381695866585,249
1383770692.0,1383770724.0,E:\o4a\1383488512\L1_1383767040_1383771136.hdf5,1383767040.0,1383771136.0,L1,O4a,0.05167661979794502,249
1383770756.0,1383770788.0,E:\o4a\1383488512\L1_1383767040_1383771136.hdf5,1383767040.0,1383771136.0,L1,O4a,0.056903064250946045,249
1383770820.0,1383770852.0,E:\o4a\1383488512\L1_1383767040_1383771136.hdf5,1383767040.0,1383771136.0,L1,O4a,0.07095258682966232,249
1383829572.0,1383829604.0,E:\o4a\1383488512\L1_1383828480_1383832576.hdf5,1383828480.0,1383832576.0,L1,O4a,0.07799908518791199,250
1383829636.0,1383829668.0,E:\o4a\1383488512\L1_1383828480_1383832576.hdf5,1383828480.0,1383832576.0,L1,O4a,0.051543522626161575,250
1383829700.0,1383829732.0,E:\o4a\1383488512\L1_1383828480_1383832576.hdf5,1383828480.0,1383832576.0,L1,O4a,0.05477119982242584,250
1383829764.0,1383829796.0,E:\o4a\1383488512\L1_1383828480_1383832576.hdf5,1383828480.0,1383832576.0,L1,O4a,0.062493063509464264,250
1383829828.0,1383829860.0,E:\o4a\1383488512\L1_1383828480_1383832576.hdf5,1383828480.0,1383832576.0,L1,O4a,0.055039182305336,250
1383829892.0,1383829924.0,E:\o4a\1383488512\L1_1383828480_1383832576.hdf5,1383828480.0,1383832576.0,L1,O4a,0.06343426555395126,250
1383829956.0,1383829988.0,E:\o4a\1383488512\L1_1383828480_1383832576.hdf5,1383828480.0,1383832576.0,L1,O4a,0.0651228129863739,250
1383830020.0,1383830052.0,E:\o4a\1383488512\L1_1383828480_1383832576.hdf5,1383828480.0,1383832576.0,L1,O4a,0.07174897938966751,250
1383830084.0,1383830116.0,E:\o4a\1383488512\L1_1383828480_1383832576.hdf5,1383828480.0,1383832576.0,L1,O4a,0.06050212308764458,250
1383830148.0,1383830180.0,E:\o4a\1383488512\L1_1383828480_1383832576.hdf5,1383828480.0,1383832576.0,L1,O4a,0.06621511280536652,250
1383830212.0,1383830244.0,E:\o4a\1383488512\L1_1383828480_1383832576.hdf5,1383828480.0,1383832576.0,L1,O4a,0.06085171550512314,250
1383830276.0,1383830308.0,E:\o4a\1383488512\L1_1383828480_1383832576.hdf5,1383828480.0,1383832576.0,L1,O4a,0.05881215259432793,250
1383830340.0,1383830372.0,E:\o4a\1383488512\L1_1383828480_1383832576.hdf5,1383828480.0,1383832576.0,L1,O4a,0.07142870873212814,250
1383830404.0,1383830436.0,E:\o4a\1383488512\L1_1383828480_1383832576.hdf5,1383828480.0,1383832576.0,L1,O4a,0.057535022497177124,250
1383830468.0,1383830500.0,E:\o4a\1383488512\L1_1383828480_1383832576.hdf5,1383828480.0,1383832576.0,L1,O4a,0.060645174235105515,250
1383830532.0,1383830564.0,E:\o4a\1383488512\L1_1383828480_1383832576.hdf5,1383828480.0,1383832576.0,L1,O4a,0.05756479501724243,250
1383830596.0,1383830628.0,E:\o4a\1383488512\L1_1383828480_1383832576.hdf5,1383828480.0,1383832576.0,L1,O4a,0.0649111270904541,250
1383879492.0,1383879524.0,E:\o4a\1383488512\L1_1383877632_1383881728.hdf5,1383877632.0,1383881728.0,L1,O4a,0.061863597482442856,251
1383879556.0,1383879588.0,E:\o4a\1383488512\L1_1383877632_1383881728.hdf5,1383877632.0,1383881728.0,L1,O4a,0.06152842193841934,251
1383879620.0,1383879652.0,E:\o4a\1383488512\L1_1383877632_1383881728.hdf5,1383877632.0,1383881728.0,L1,O4a,0.058506954461336136,251
1383879684.0,1383879716.0,E:\o4a\1383488512\L1_1383877632_1383881728.hdf5,1383877632.0,1383881728.0,L1,O4a,0.057611770927906036,251
1383879748.0,1383879780.0,E:\o4a\1383488512\L1_1383877632_1383881728.hdf5,1383877632.0,1383881728.0,L1,O4a,0.06069497391581535,251
1383879812.0,1383879844.0,E:\o4a\1383488512\L1_1383877632_1383881728.hdf5,1383877632.0,1383881728.0,L1,O4a,0.06734687089920044,251
1383879876.0,1383879908.0,E:\o4a\1383488512\L1_1383877632_1383881728.hdf5,1383877632.0,1383881728.0,L1,O4a,0.0630236491560936,251
1383879940.0,1383879972.0,E:\o4a\1383488512\L1_1383877632_1383881728.hdf5,1383877632.0,1383881728.0,L1,O4a,0.07196301966905594,251
1383880004.0,1383880036.0,E:\o4a\1383488512\L1_1383877632_1383881728.hdf5,1383877632.0,1383881728.0,L1,O4a,0.06385451555252075,251
1383880068.0,1383880100.0,E:\o4a\1383488512\L1_1383877632_1383881728.hdf5,1383877632.0,1383881728.0,L1,O4a,0.05088203772902489,251
1383880132.0,1383880164.0,E:\o4a\1383488512\L1_1383877632_1383881728.hdf5,1383877632.0,1383881728.0,L1,O4a,0.05730310082435608,251
1383880196.0,1383880228.0,E:\o4a\1383488512\L1_1383877632_1383881728.hdf5,1383877632.0,1383881728.0,L1,O4a,0.06761778146028519,251
1383880260.0,1383880292.0,E:\o4a\1383488512\L1_1383877632_1383881728.hdf5,1383877632.0,1383881728.0,L1,O4a,0.05384860932826996,251
1383880324.0,1383880356.0,E:\o4a\1383488512\L1_1383877632_1383881728.hdf5,1383877632.0,1383881728.0,L1,O4a,0.061078689992427826,251
1383880388.0,1383880420.0,E:\o4a\1383488512\L1_1383877632_1383881728.hdf5,1383877632.0,1383881728.0,L1,O4a,0.07158465683460236,251
1383880452.0,1383880484.0,E:\o4a\1383488512\L1_1383877632_1383881728.hdf5,1383877632.0,1383881728.0,L1,O4a,0.06820204854011536,251
1383880516.0,1383880548.0,E:\o4a\1383488512\L1_1383877632_1383881728.hdf5,1383877632.0,1383881728.0,L1,O4a,0.0612361840903759,251
1383941380.0,1383941412.0,E:\o4a\1383488512\L1_1383939072_1383943168.hdf5,1383939072.0,1383943168.0,L1,O4a,0.061363235116004944,252
1383941444.0,1383941476.0,E:\o4a\1383488512\L1_1383939072_1383943168.hdf5,1383939072.0,1383943168.0,L1,O4a,0.06557606160640717,252
1383941508.0,1383941540.0,E:\o4a\1383488512\L1_1383939072_1383943168.hdf5,1383939072.0,1383943168.0,L1,O4a,0.05836854130029678,252
1383941572.0,1383941604.0,E:\o4a\1383488512\L1_1383939072_1383943168.hdf5,1383939072.0,1383943168.0,L1,O4a,0.058323029428720474,252
1383941636.0,1383941668.0,E:\o4a\1383488512\L1_1383939072_1383943168.hdf5,1383939072.0,1383943168.0,L1,O4a,0.0745682567358017,252
1383941700.0,1383941732.0,E:\o4a\1383488512\L1_1383939072_1383943168.hdf5,1383939072.0,1383943168.0,L1,O4a,0.05154228210449219,252
1383941764.0,1383941796.0,E:\o4a\1383488512\L1_1383939072_1383943168.hdf5,1383939072.0,1383943168.0,L1,O4a,0.062215812504291534,252
1383941828.0,1383941860.0,E:\o4a\1383488512\L1_1383939072_1383943168.hdf5,1383939072.0,1383943168.0,L1,O4a,0.06356198340654373,252
1383941892.0,1383941924.0,E:\o4a\1383488512\L1_1383939072_1383943168.hdf5,1383939072.0,1383943168.0,L1,O4a,0.0633041113615036,252
1383941956.0,1383941988.0,E:\o4a\1383488512\L1_1383939072_1383943168.hdf5,1383939072.0,1383943168.0,L1,O4a,0.05330057814717293,252
1383942020.0,1383942052.0,E:\o4a\1383488512\L1_1383939072_1383943168.hdf5,1383939072.0,1383943168.0,L1,O4a,0.05381651595234871,252
1383942084.0,1383942116.0,E:\o4a\1383488512\L1_1383939072_1383943168.hdf5,1383939072.0,1383943168.0,L1,O4a,0.06847459822893143,252
1383942148.0,1383942180.0,E:\o4a\1383488512\L1_1383939072_1383943168.hdf5,1383939072.0,1383943168.0,L1,O4a,0.06144724041223526,252
1383942212.0,1383942244.0,E:\o4a\1383488512\L1_1383939072_1383943168.hdf5,1383939072.0,1383943168.0,L1,O4a,0.05693083629012108,252
1383942276.0,1383942308.0,E:\o4a\1383488512\L1_1383939072_1383943168.hdf5,1383939072.0,1383943168.0,L1,O4a,0.06419318169355392,252
1383942340.0,1383942372.0,E:\o4a\1383488512\L1_1383939072_1383943168.hdf5,1383939072.0,1383943168.0,L1,O4a,0.08119601756334305,252
1383942404.0,1383942436.0,E:\o4a\1383488512\L1_1383939072_1383943168.hdf5,1383939072.0,1383943168.0,L1,O4a,0.053698327392339706,252
1384240388.0,1384240420.0,E:\o4a\1384006912\L1_1384240384_1384244480.hdf5,1384240384.0,1384244480.0,L1,O4a,0.060277629643678665,253
1384240452.0,1384240484.0,E:\o4a\1384006912\L1_1384240384_1384244480.hdf5,1384240384.0,1384244480.0,L1,O4a,0.43802759051322937,253
1384240516.0,1384240548.0,E:\o4a\1384006912\L1_1384240384_1384244480.hdf5,1384240384.0,1384244480.0,L1,O4a,0.07173585891723633,253
1384240580.0,1384240612.0,E:\o4a\1384006912\L1_1384240384_1384244480.hdf5,1384240384.0,1384244480.0,L1,O4a,0.06509219855070114,253
1384240644.0,1384240676.0,E:\o4a\1384006912\L1_1384240384_1384244480.hdf5,1384240384.0,1384244480.0,L1,O4a,0.05767365172505379,253
1384240708.0,1384240740.0,E:\o4a\1384006912\L1_1384240384_1384244480.hdf5,1384240384.0,1384244480.0,L1,O4a,0.06345874071121216,253
1384240772.0,1384240804.0,E:\o4a\1384006912\L1_1384240384_1384244480.hdf5,1384240384.0,1384244480.0,L1,O4a,0.05524354800581932,253
1384240836.0,1384240868.0,E:\o4a\1384006912\L1_1384240384_1384244480.hdf5,1384240384.0,1384244480.0,L1,O4a,0.06903991848230362,253
1384240900.0,1384240932.0,E:\o4a\1384006912\L1_1384240384_1384244480.hdf5,1384240384.0,1384244480.0,L1,O4a,0.060582611709833145,253
1384240964.0,1384240996.0,E:\o4a\1384006912\L1_1384240384_1384244480.hdf5,1384240384.0,1384244480.0,L1,O4a,0.05930780619382858,253
1384241028.0,1384241060.0,E:\o4a\1384006912\L1_1384240384_1384244480.hdf5,1384240384.0,1384244480.0,L1,O4a,0.05540792644023895,253
1384241092.0,1384241124.0,E:\o4a\1384006912\L1_1384240384_1384244480.hdf5,1384240384.0,1384244480.0,L1,O4a,0.05994018539786339,253
1384241156.0,1384241188.0,E:\o4a\1384006912\L1_1384240384_1384244480.hdf5,1384240384.0,1384244480.0,L1,O4a,0.07769036293029785,253
1384241220.0,1384241252.0,E:\o4a\1384006912\L1_1384240384_1384244480.hdf5,1384240384.0,1384244480.0,L1,O4a,0.06558966636657715,253
1384241284.0,1384241316.0,E:\o4a\1384006912\L1_1384240384_1384244480.hdf5,1384240384.0,1384244480.0,L1,O4a,0.05901545658707619,253
1384241348.0,1384241380.0,E:\o4a\1384006912\L1_1384240384_1384244480.hdf5,1384240384.0,1384244480.0,L1,O4a,0.06935970485210419,253
1384241412.0,1384241444.0,E:\o4a\1384006912\L1_1384240384_1384244480.hdf5,1384240384.0,1384244480.0,L1,O4a,0.059953417629003525,253
1384304004.0,1384304036.0,E:\o4a\1384006912\L1_1384301824_1384305920.hdf5,1384301824.0,1384305920.0,L1,O4a,0.06711120903491974,254
1384304068.0,1384304100.0,E:\o4a\1384006912\L1_1384301824_1384305920.hdf5,1384301824.0,1384305920.0,L1,O4a,0.060129012912511826,254
1384304132.0,1384304164.0,E:\o4a\1384006912\L1_1384301824_1384305920.hdf5,1384301824.0,1384305920.0,L1,O4a,0.20373180508613586,254
1384304196.0,1384304228.0,E:\o4a\1384006912\L1_1384301824_1384305920.hdf5,1384301824.0,1384305920.0,L1,O4a,0.06529814749956131,254
1384304260.0,1384304292.0,E:\o4a\1384006912\L1_1384301824_1384305920.hdf5,1384301824.0,1384305920.0,L1,O4a,0.05969978868961334,254
1384304324.0,1384304356.0,E:\o4a\1384006912\L1_1384301824_1384305920.hdf5,1384301824.0,1384305920.0,L1,O4a,0.05819109454751015,254
1384304388.0,1384304420.0,E:\o4a\1384006912\L1_1384301824_1384305920.hdf5,1384301824.0,1384305920.0,L1,O4a,0.056744031608104706,254
1384304452.0,1384304484.0,E:\o4a\1384006912\L1_1384301824_1384305920.hdf5,1384301824.0,1384305920.0,L1,O4a,0.056558284908533096,254
1384304516.0,1384304548.0,E:\o4a\1384006912\L1_1384301824_1384305920.hdf5,1384301824.0,1384305920.0,L1,O4a,0.06704846024513245,254
1384304580.0,1384304612.0,E:\o4a\1384006912\L1_1384301824_1384305920.hdf5,1384301824.0,1384305920.0,L1,O4a,0.06090502068400383,254
1384304644.0,1384304676.0,E:\o4a\1384006912\L1_1384301824_1384305920.hdf5,1384301824.0,1384305920.0,L1,O4a,0.06487768143415451,254
1384304708.0,1384304740.0,E:\o4a\1384006912\L1_1384301824_1384305920.hdf5,1384301824.0,1384305920.0,L1,O4a,0.06251014769077301,254
1384304772.0,1384304804.0,E:\o4a\1384006912\L1_1384301824_1384305920.hdf5,1384301824.0,1384305920.0,L1,O4a,0.060123711824417114,254
1384304836.0,1384304868.0,E:\o4a\1384006912\L1_1384301824_1384305920.hdf5,1384301824.0,1384305920.0,L1,O4a,0.08359486609697342,254
1384304900.0,1384304932.0,E:\o4a\1384006912\L1_1384301824_1384305920.hdf5,1384301824.0,1384305920.0,L1,O4a,0.0545944906771183,254
1384304964.0,1384304996.0,E:\o4a\1384006912\L1_1384301824_1384305920.hdf5,1384301824.0,1384305920.0,L1,O4a,0.0739123672246933,254
1384305028.0,1384305060.0,E:\o4a\1384006912\L1_1384301824_1384305920.hdf5,1384301824.0,1384305920.0,L1,O4a,0.06447435915470123,254
1384348292.0,1384348324.0,E:\o4a\1384006912\L1_1384346880_1384350976.hdf5,1384346880.0,1384350976.0,L1,O4a,0.05745650827884674,255
1384348356.0,1384348388.0,E:\o4a\1384006912\L1_1384346880_1384350976.hdf5,1384346880.0,1384350976.0,L1,O4a,0.058108940720558167,255
1384348420.0,1384348452.0,E:\o4a\1384006912\L1_1384346880_1384350976.hdf5,1384346880.0,1384350976.0,L1,O4a,0.05414795130491257,255
1384348484.0,1384348516.0,E:\o4a\1384006912\L1_1384346880_1384350976.hdf5,1384346880.0,1384350976.0,L1,O4a,0.06479094922542572,255
1384348548.0,1384348580.0,E:\o4a\1384006912\L1_1384346880_1384350976.hdf5,1384346880.0,1384350976.0,L1,O4a,0.06191276013851166,255
1384348612.0,1384348644.0,E:\o4a\1384006912\L1_1384346880_1384350976.hdf5,1384346880.0,1384350976.0,L1,O4a,0.06823667138814926,255
1384348676.0,1384348708.0,E:\o4a\1384006912\L1_1384346880_1384350976.hdf5,1384346880.0,1384350976.0,L1,O4a,0.05687594413757324,255
1384348740.0,1384348772.0,E:\o4a\1384006912\L1_1384346880_1384350976.hdf5,1384346880.0,1384350976.0,L1,O4a,0.06503534317016602,255
1384348804.0,1384348836.0,E:\o4a\1384006912\L1_1384346880_1384350976.hdf5,1384346880.0,1384350976.0,L1,O4a,0.08575877547264099,255
1384348868.0,1384348900.0,E:\o4a\1384006912\L1_1384346880_1384350976.hdf5,1384346880.0,1384350976.0,L1,O4a,0.07106923311948776,255
1384348932.0,1384348964.0,E:\o4a\1384006912\L1_1384346880_1384350976.hdf5,1384346880.0,1384350976.0,L1,O4a,0.06080887094140053,255
1384348996.0,1384349028.0,E:\o4a\1384006912\L1_1384346880_1384350976.hdf5,1384346880.0,1384350976.0,L1,O4a,0.05726116895675659,255
1384349060.0,1384349092.0,E:\o4a\1384006912\L1_1384346880_1384350976.hdf5,1384346880.0,1384350976.0,L1,O4a,0.08636054396629333,255
1384349124.0,1384349156.0,E:\o4a\1384006912\L1_1384346880_1384350976.hdf5,1384346880.0,1384350976.0,L1,O4a,0.05608842149376869,255
1384349188.0,1384349220.0,E:\o4a\1384006912\L1_1384346880_1384350976.hdf5,1384346880.0,1384350976.0,L1,O4a,0.10198439657688141,255
1384349252.0,1384349284.0,E:\o4a\1384006912\L1_1384346880_1384350976.hdf5,1384346880.0,1384350976.0,L1,O4a,0.05677999556064606,255
1384349316.0,1384349348.0,E:\o4a\1384006912\L1_1384346880_1384350976.hdf5,1384346880.0,1384350976.0,L1,O4a,0.08034742623567581,255
1384396036.0,1384396068.0,E:\o4a\1384006912\L1_1384396032_1384400128.hdf5,1384396032.0,1384400128.0,L1,O4a,0.05468765273690224,256
1384396100.0,1384396132.0,E:\o4a\1384006912\L1_1384396032_1384400128.hdf5,1384396032.0,1384400128.0,L1,O4a,0.06381435692310333,256
1384396164.0,1384396196.0,E:\o4a\1384006912\L1_1384396032_1384400128.hdf5,1384396032.0,1384400128.0,L1,O4a,0.064769446849823,256
1384396228.0,1384396260.0,E:\o4a\1384006912\L1_1384396032_1384400128.hdf5,1384396032.0,1384400128.0,L1,O4a,0.05880344659090042,256
1384396292.0,1384396324.0,E:\o4a\1384006912\L1_1384396032_1384400128.hdf5,1384396032.0,1384400128.0,L1,O4a,0.06270578503608704,256
1384396356.0,1384396388.0,E:\o4a\1384006912\L1_1384396032_1384400128.hdf5,1384396032.0,1384400128.0,L1,O4a,0.05976235866546631,256
1384396420.0,1384396452.0,E:\o4a\1384006912\L1_1384396032_1384400128.hdf5,1384396032.0,1384400128.0,L1,O4a,0.05654289945960045,256
1384396484.0,1384396516.0,E:\o4a\1384006912\L1_1384396032_1384400128.hdf5,1384396032.0,1384400128.0,L1,O4a,0.057384148240089417,256
1384396548.0,1384396580.0,E:\o4a\1384006912\L1_1384396032_1384400128.hdf5,1384396032.0,1384400128.0,L1,O4a,0.054140105843544006,256
1384396612.0,1384396644.0,E:\o4a\1384006912\L1_1384396032_1384400128.hdf5,1384396032.0,1384400128.0,L1,O4a,0.06317093968391418,256
1384396676.0,1384396708.0,E:\o4a\1384006912\L1_1384396032_1384400128.hdf5,1384396032.0,1384400128.0,L1,O4a,0.05437703803181648,256
1384396740.0,1384396772.0,E:\o4a\1384006912\L1_1384396032_1384400128.hdf5,1384396032.0,1384400128.0,L1,O4a,0.05983089655637741,256
1384396804.0,1384396836.0,E:\o4a\1384006912\L1_1384396032_1384400128.hdf5,1384396032.0,1384400128.0,L1,O4a,0.05952320992946625,256
1384396868.0,1384396900.0,E:\o4a\1384006912\L1_1384396032_1384400128.hdf5,1384396032.0,1384400128.0,L1,O4a,0.058851663023233414,256
1384396932.0,1384396964.0,E:\o4a\1384006912\L1_1384396032_1384400128.hdf5,1384396032.0,1384400128.0,L1,O4a,0.06546305119991302,256
1384396996.0,1384397028.0,E:\o4a\1384006912\L1_1384396032_1384400128.hdf5,1384396032.0,1384400128.0,L1,O4a,0.06306034326553345,256
1384397060.0,1384397092.0,E:\o4a\1384006912\L1_1384396032_1384400128.hdf5,1384396032.0,1384400128.0,L1,O4a,0.061669666320085526,256
1384445188.0,1384445220.0,E:\o4a\1384006912\L1_1384445184_1384449280.hdf5,1384445184.0,1384449280.0,L1,O4a,0.23048868775367737,257
1384445252.0,1384445284.0,E:\o4a\1384006912\L1_1384445184_1384449280.hdf5,1384445184.0,1384449280.0,L1,O4a,0.055912334471940994,257
1384445316.0,1384445348.0,E:\o4a\1384006912\L1_1384445184_1384449280.hdf5,1384445184.0,1384449280.0,L1,O4a,0.05596885457634926,257
1384445380.0,1384445412.0,E:\o4a\1384006912\L1_1384445184_1384449280.hdf5,1384445184.0,1384449280.0,L1,O4a,0.05726223066449165,257
1384445444.0,1384445476.0,E:\o4a\1384006912\L1_1384445184_1384449280.hdf5,1384445184.0,1384449280.0,L1,O4a,0.06814687699079514,257
1384445508.0,1384445540.0,E:\o4a\1384006912\L1_1384445184_1384449280.hdf5,1384445184.0,1384449280.0,L1,O4a,0.05356559529900551,257
1384445572.0,1384445604.0,E:\o4a\1384006912\L1_1384445184_1384449280.hdf5,1384445184.0,1384449280.0,L1,O4a,0.06193196028470993,257
1384445636.0,1384445668.0,E:\o4a\1384006912\L1_1384445184_1384449280.hdf5,1384445184.0,1384449280.0,L1,O4a,0.06782051920890808,257
1384445700.0,1384445732.0,E:\o4a\1384006912\L1_1384445184_1384449280.hdf5,1384445184.0,1384449280.0,L1,O4a,0.06750667095184326,257
1384445764.0,1384445796.0,E:\o4a\1384006912\L1_1384445184_1384449280.hdf5,1384445184.0,1384449280.0,L1,O4a,0.06550127267837524,257
1384445828.0,1384445860.0,E:\o4a\1384006912\L1_1384445184_1384449280.hdf5,1384445184.0,1384449280.0,L1,O4a,0.07650364190340042,257
1384445892.0,1384445924.0,E:\o4a\1384006912\L1_1384445184_1384449280.hdf5,1384445184.0,1384449280.0,L1,O4a,0.05787504091858864,257
1384445956.0,1384445988.0,E:\o4a\1384006912\L1_1384445184_1384449280.hdf5,1384445184.0,1384449280.0,L1,O4a,0.05847965180873871,257
1384446020.0,1384446052.0,E:\o4a\1384006912\L1_1384445184_1384449280.hdf5,1384445184.0,1384449280.0,L1,O4a,0.055799540132284164,257
1384446084.0,1384446116.0,E:\o4a\1384006912\L1_1384445184_1384449280.hdf5,1384445184.0,1384449280.0,L1,O4a,0.05898158624768257,257
1384446148.0,1384446180.0,E:\o4a\1384006912\L1_1384445184_1384449280.hdf5,1384445184.0,1384449280.0,L1,O4a,0.053660549223423004,257
1384446212.0,1384446244.0,E:\o4a\1384006912\L1_1384445184_1384449280.hdf5,1384445184.0,1384449280.0,L1,O4a,0.05042264237999916,257
1384559428.0,1384559460.0,E:\o4a\1384525312\L1_1384558080_1384562176.hdf5,1384558080.0,1384562176.0,L1,O4a,0.0837370827794075,258
1384559492.0,1384559524.0,E:\o4a\1384525312\L1_1384558080_1384562176.hdf5,1384558080.0,1384562176.0,L1,O4a,0.10724449902772903,258
1384559556.0,1384559588.0,E:\o4a\1384525312\L1_1384558080_1384562176.hdf5,1384558080.0,1384562176.0,L1,O4a,0.07925265282392502,258
1384559620.0,1384559652.0,E:\o4a\1384525312\L1_1384558080_1384562176.hdf5,1384558080.0,1384562176.0,L1,O4a,0.08643841743469238,258
1384559684.0,1384559716.0,E:\o4a\1384525312\L1_1384558080_1384562176.hdf5,1384558080.0,1384562176.0,L1,O4a,0.06997828185558319,258
1384559748.0,1384559780.0,E:\o4a\1384525312\L1_1384558080_1384562176.hdf5,1384558080.0,1384562176.0,L1,O4a,0.08774833381175995,258
1384559812.0,1384559844.0,E:\o4a\1384525312\L1_1384558080_1384562176.hdf5,1384558080.0,1384562176.0,L1,O4a,0.0778261050581932,258
1384559876.0,1384559908.0,E:\o4a\1384525312\L1_1384558080_1384562176.hdf5,1384558080.0,1384562176.0,L1,O4a,0.06826651841402054,258
1384559940.0,1384559972.0,E:\o4a\1384525312\L1_1384558080_1384562176.hdf5,1384558080.0,1384562176.0,L1,O4a,0.06960292160511017,258
1384560004.0,1384560036.0,E:\o4a\1384525312\L1_1384558080_1384562176.hdf5,1384558080.0,1384562176.0,L1,O4a,0.06037783622741699,258
1384560068.0,1384560100.0,E:\o4a\1384525312\L1_1384558080_1384562176.hdf5,1384558080.0,1384562176.0,L1,O4a,0.0800277516245842,258
1384560132.0,1384560164.0,E:\o4a\1384525312\L1_1384558080_1384562176.hdf5,1384558080.0,1384562176.0,L1,O4a,0.06948110461235046,258
1384560196.0,1384560228.0,E:\o4a\1384525312\L1_1384558080_1384562176.hdf5,1384558080.0,1384562176.0,L1,O4a,0.08592483401298523,258
1384560260.0,1384560292.0,E:\o4a\1384525312\L1_1384558080_1384562176.hdf5,1384558080.0,1384562176.0,L1,O4a,0.05671771243214607,258
1384560324.0,1384560356.0,E:\o4a\1384525312\L1_1384558080_1384562176.hdf5,1384558080.0,1384562176.0,L1,O4a,0.06356797367334366,258
1384560388.0,1384560420.0,E:\o4a\1384525312\L1_1384558080_1384562176.hdf5,1384558080.0,1384562176.0,L1,O4a,0.0811571255326271,258
1384560452.0,1384560484.0,E:\o4a\1384525312\L1_1384558080_1384562176.hdf5,1384558080.0,1384562176.0,L1,O4a,0.07967685163021088,258
1384771076.0,1384771108.0,E:\o4a\1384525312\L1_1384771072_1384775168.hdf5,1384771072.0,1384775168.0,L1,O4a,0.07112143933773041,259
1384771140.0,1384771172.0,E:\o4a\1384525312\L1_1384771072_1384775168.hdf5,1384771072.0,1384775168.0,L1,O4a,0.08978050202131271,259
1384771204.0,1384771236.0,E:\o4a\1384525312\L1_1384771072_1384775168.hdf5,1384771072.0,1384775168.0,L1,O4a,0.05500935763120651,259
1384771268.0,1384771300.0,E:\o4a\1384525312\L1_1384771072_1384775168.hdf5,1384771072.0,1384775168.0,L1,O4a,0.07557744532823563,259
1384771332.0,1384771364.0,E:\o4a\1384525312\L1_1384771072_1384775168.hdf5,1384771072.0,1384775168.0,L1,O4a,0.07337690889835358,259
1384771396.0,1384771428.0,E:\o4a\1384525312\L1_1384771072_1384775168.hdf5,1384771072.0,1384775168.0,L1,O4a,0.05963447690010071,259
1384771460.0,1384771492.0,E:\o4a\1384525312\L1_1384771072_1384775168.hdf5,1384771072.0,1384775168.0,L1,O4a,0.06864076852798462,259
1384771524.0,1384771556.0,E:\o4a\1384525312\L1_1384771072_1384775168.hdf5,1384771072.0,1384775168.0,L1,O4a,0.0589517280459404,259
1384771588.0,1384771620.0,E:\o4a\1384525312\L1_1384771072_1384775168.hdf5,1384771072.0,1384775168.0,L1,O4a,0.06691081076860428,259
1384771652.0,1384771684.0,E:\o4a\1384525312\L1_1384771072_1384775168.hdf5,1384771072.0,1384775168.0,L1,O4a,0.0624641478061676,259
1384771716.0,1384771748.0,E:\o4a\1384525312\L1_1384771072_1384775168.hdf5,1384771072.0,1384775168.0,L1,O4a,0.06120375171303749,259
1384771780.0,1384771812.0,E:\o4a\1384525312\L1_1384771072_1384775168.hdf5,1384771072.0,1384775168.0,L1,O4a,0.06641187518835068,259
1384771844.0,1384771876.0,E:\o4a\1384525312\L1_1384771072_1384775168.hdf5,1384771072.0,1384775168.0,L1,O4a,0.06892026960849762,259
1384771908.0,1384771940.0,E:\o4a\1384525312\L1_1384771072_1384775168.hdf5,1384771072.0,1384775168.0,L1,O4a,0.05639428645372391,259
1384771972.0,1384772004.0,E:\o4a\1384525312\L1_1384771072_1384775168.hdf5,1384771072.0,1384775168.0,L1,O4a,0.07305391877889633,259
1384772036.0,1384772068.0,E:\o4a\1384525312\L1_1384771072_1384775168.hdf5,1384771072.0,1384775168.0,L1,O4a,0.06498689949512482,259
1384772100.0,1384772132.0,E:\o4a\1384525312\L1_1384771072_1384775168.hdf5,1384771072.0,1384775168.0,L1,O4a,0.07365205883979797,259
1384809796.0,1384809828.0,E:\o4a\1384525312\L1_1384807936_1384812032.hdf5,1384807936.0,1384812032.0,L1,O4a,0.0648307353258133,260
1384809860.0,1384809892.0,E:\o4a\1384525312\L1_1384807936_1384812032.hdf5,1384807936.0,1384812032.0,L1,O4a,0.05779820680618286,260
1384809924.0,1384809956.0,E:\o4a\1384525312\L1_1384807936_1384812032.hdf5,1384807936.0,1384812032.0,L1,O4a,0.06003464013338089,260
1384809988.0,1384810020.0,E:\o4a\1384525312\L1_1384807936_1384812032.hdf5,1384807936.0,1384812032.0,L1,O4a,0.06002144142985344,260
1384810052.0,1384810084.0,E:\o4a\1384525312\L1_1384807936_1384812032.hdf5,1384807936.0,1384812032.0,L1,O4a,0.06413934379816055,260
1384810116.0,1384810148.0,E:\o4a\1384525312\L1_1384807936_1384812032.hdf5,1384807936.0,1384812032.0,L1,O4a,0.08052729070186615,260
1384810180.0,1384810212.0,E:\o4a\1384525312\L1_1384807936_1384812032.hdf5,1384807936.0,1384812032.0,L1,O4a,0.058672208338975906,260
1384810244.0,1384810276.0,E:\o4a\1384525312\L1_1384807936_1384812032.hdf5,1384807936.0,1384812032.0,L1,O4a,0.07980948686599731,260
1384810308.0,1384810340.0,E:\o4a\1384525312\L1_1384807936_1384812032.hdf5,1384807936.0,1384812032.0,L1,O4a,0.05388324335217476,260
1384810372.0,1384810404.0,E:\o4a\1384525312\L1_1384807936_1384812032.hdf5,1384807936.0,1384812032.0,L1,O4a,0.05388081446290016,260
1384810436.0,1384810468.0,E:\o4a\1384525312\L1_1384807936_1384812032.hdf5,1384807936.0,1384812032.0,L1,O4a,0.06304288655519485,260
1384810500.0,1384810532.0,E:\o4a\1384525312\L1_1384807936_1384812032.hdf5,1384807936.0,1384812032.0,L1,O4a,0.06370600312948227,260
1384810564.0,1384810596.0,E:\o4a\1384525312\L1_1384807936_1384812032.hdf5,1384807936.0,1384812032.0,L1,O4a,0.0607735849916935,260
1384810628.0,1384810660.0,E:\o4a\1384525312\L1_1384807936_1384812032.hdf5,1384807936.0,1384812032.0,L1,O4a,0.05976784974336624,260
1384810692.0,1384810724.0,E:\o4a\1384525312\L1_1384807936_1384812032.hdf5,1384807936.0,1384812032.0,L1,O4a,0.06138315051794052,260
1384810756.0,1384810788.0,E:\o4a\1384525312\L1_1384807936_1384812032.hdf5,1384807936.0,1384812032.0,L1,O4a,0.07502926886081696,260
1384810820.0,1384810852.0,E:\o4a\1384525312\L1_1384807936_1384812032.hdf5,1384807936.0,1384812032.0,L1,O4a,0.059500597417354584,260
1384883844.0,1384883876.0,E:\o4a\1384525312\L1_1384881664_1384885760.hdf5,1384881664.0,1384885760.0,L1,O4a,0.07806549221277237,261
1384883908.0,1384883940.0,E:\o4a\1384525312\L1_1384881664_1384885760.hdf5,1384881664.0,1384885760.0,L1,O4a,0.07340230792760849,261
1384883972.0,1384884004.0,E:\o4a\1384525312\L1_1384881664_1384885760.hdf5,1384881664.0,1384885760.0,L1,O4a,0.06480873376131058,261
1384884036.0,1384884068.0,E:\o4a\1384525312\L1_1384881664_1384885760.hdf5,1384881664.0,1384885760.0,L1,O4a,0.05812105908989906,261
1384884100.0,1384884132.0,E:\o4a\1384525312\L1_1384881664_1384885760.hdf5,1384881664.0,1384885760.0,L1,O4a,0.0660487487912178,261
1384884164.0,1384884196.0,E:\o4a\1384525312\L1_1384881664_1384885760.hdf5,1384881664.0,1384885760.0,L1,O4a,0.11499469727277756,261
1384884228.0,1384884260.0,E:\o4a\1384525312\L1_1384881664_1384885760.hdf5,1384881664.0,1384885760.0,L1,O4a,0.053021784871816635,261
1384884292.0,1384884324.0,E:\o4a\1384525312\L1_1384881664_1384885760.hdf5,1384881664.0,1384885760.0,L1,O4a,0.06279930472373962,261
1384884356.0,1384884388.0,E:\o4a\1384525312\L1_1384881664_1384885760.hdf5,1384881664.0,1384885760.0,L1,O4a,0.075630322098732,261
1384884420.0,1384884452.0,E:\o4a\1384525312\L1_1384881664_1384885760.hdf5,1384881664.0,1384885760.0,L1,O4a,0.05755739286541939,261
1384884484.0,1384884516.0,E:\o4a\1384525312\L1_1384881664_1384885760.hdf5,1384881664.0,1384885760.0,L1,O4a,0.060041896998882294,261
1384884548.0,1384884580.0,E:\o4a\1384525312\L1_1384881664_1384885760.hdf5,1384881664.0,1384885760.0,L1,O4a,0.06324349343776703,261
1384884612.0,1384884644.0,E:\o4a\1384525312\L1_1384881664_1384885760.hdf5,1384881664.0,1384885760.0,L1,O4a,0.07250875979661942,261
1384884676.0,1384884708.0,E:\o4a\1384525312\L1_1384881664_1384885760.hdf5,1384881664.0,1384885760.0,L1,O4a,0.05543864890933037,261
1384884740.0,1384884772.0,E:\o4a\1384525312\L1_1384881664_1384885760.hdf5,1384881664.0,1384885760.0,L1,O4a,0.06058014929294586,261
1384884804.0,1384884836.0,E:\o4a\1384525312\L1_1384881664_1384885760.hdf5,1384881664.0,1384885760.0,L1,O4a,0.06166209280490875,261
1384884868.0,1384884900.0,E:\o4a\1384525312\L1_1384881664_1384885760.hdf5,1384881664.0,1384885760.0,L1,O4a,0.06261822581291199,261
1384951300.0,1384951332.0,E:\o4a\1384525312\L1_1384951296_1384955392.hdf5,1384951296.0,1384955392.0,L1,O4a,0.10598281025886536,262
1384951364.0,1384951396.0,E:\o4a\1384525312\L1_1384951296_1384955392.hdf5,1384951296.0,1384955392.0,L1,O4a,0.08876538276672363,262
1384951428.0,1384951460.0,E:\o4a\1384525312\L1_1384951296_1384955392.hdf5,1384951296.0,1384955392.0,L1,O4a,0.08575490862131119,262
1384951492.0,1384951524.0,E:\o4a\1384525312\L1_1384951296_1384955392.hdf5,1384951296.0,1384955392.0,L1,O4a,0.0855836421251297,262
1384951556.0,1384951588.0,E:\o4a\1384525312\L1_1384951296_1384955392.hdf5,1384951296.0,1384955392.0,L1,O4a,0.08572743088006973,262
1384951620.0,1384951652.0,E:\o4a\1384525312\L1_1384951296_1384955392.hdf5,1384951296.0,1384955392.0,L1,O4a,0.08702276647090912,262
1384951684.0,1384951716.0,E:\o4a\1384525312\L1_1384951296_1384955392.hdf5,1384951296.0,1384955392.0,L1,O4a,0.06818439811468124,262
1384951748.0,1384951780.0,E:\o4a\1384525312\L1_1384951296_1384955392.hdf5,1384951296.0,1384955392.0,L1,O4a,0.0664990022778511,262
1384951812.0,1384951844.0,E:\o4a\1384525312\L1_1384951296_1384955392.hdf5,1384951296.0,1384955392.0,L1,O4a,0.05322903022170067,262
1384951876.0,1384951908.0,E:\o4a\1384525312\L1_1384951296_1384955392.hdf5,1384951296.0,1384955392.0,L1,O4a,0.059011172503232956,262
1384951940.0,1384951972.0,E:\o4a\1384525312\L1_1384951296_1384955392.hdf5,1384951296.0,1384955392.0,L1,O4a,0.05923423916101456,262
1384952004.0,1384952036.0,E:\o4a\1384525312\L1_1384951296_1384955392.hdf5,1384951296.0,1384955392.0,L1,O4a,0.05492774024605751,262
1384952068.0,1384952100.0,E:\o4a\1384525312\L1_1384951296_1384955392.hdf5,1384951296.0,1384955392.0,L1,O4a,0.05864105373620987,262
1384952132.0,1384952164.0,E:\o4a\1384525312\L1_1384951296_1384955392.hdf5,1384951296.0,1384955392.0,L1,O4a,0.0744340717792511,262
1384952196.0,1384952228.0,E:\o4a\1384525312\L1_1384951296_1384955392.hdf5,1384951296.0,1384955392.0,L1,O4a,0.07032252848148346,262
1384952260.0,1384952292.0,E:\o4a\1384525312\L1_1384951296_1384955392.hdf5,1384951296.0,1384955392.0,L1,O4a,0.19115857779979706,262
1384952324.0,1384952356.0,E:\o4a\1384525312\L1_1384951296_1384955392.hdf5,1384951296.0,1384955392.0,L1,O4a,0.06224140152335167,262
1385009732.0,1385009764.0,E:\o4a\1384525312\L1_1385008640_1385012736.hdf5,1385008640.0,1385012736.0,L1,O4a,0.07272548228502274,263
1385009796.0,1385009828.0,E:\o4a\1384525312\L1_1385008640_1385012736.hdf5,1385008640.0,1385012736.0,L1,O4a,0.06309173256158829,263
1385009860.0,1385009892.0,E:\o4a\1384525312\L1_1385008640_1385012736.hdf5,1385008640.0,1385012736.0,L1,O4a,0.0723821297287941,263
1385009924.0,1385009956.0,E:\o4a\1384525312\L1_1385008640_1385012736.hdf5,1385008640.0,1385012736.0,L1,O4a,0.07102729380130768,263
1385009988.0,1385010020.0,E:\o4a\1384525312\L1_1385008640_1385012736.hdf5,1385008640.0,1385012736.0,L1,O4a,0.054085519164800644,263
1385010052.0,1385010084.0,E:\o4a\1384525312\L1_1385008640_1385012736.hdf5,1385008640.0,1385012736.0,L1,O4a,0.06018323078751564,263
1385010116.0,1385010148.0,E:\o4a\1384525312\L1_1385008640_1385012736.hdf5,1385008640.0,1385012736.0,L1,O4a,0.06714228540658951,263
1385010180.0,1385010212.0,E:\o4a\1384525312\L1_1385008640_1385012736.hdf5,1385008640.0,1385012736.0,L1,O4a,0.06879924237728119,263
1385010244.0,1385010276.0,E:\o4a\1384525312\L1_1385008640_1385012736.hdf5,1385008640.0,1385012736.0,L1,O4a,0.05299147963523865,263
1385010308.0,1385010340.0,E:\o4a\1384525312\L1_1385008640_1385012736.hdf5,1385008640.0,1385012736.0,L1,O4a,0.058184001594781876,263
1385010372.0,1385010404.0,E:\o4a\1384525312\L1_1385008640_1385012736.hdf5,1385008640.0,1385012736.0,L1,O4a,0.0797218307852745,263
1385010436.0,1385010468.0,E:\o4a\1384525312\L1_1385008640_1385012736.hdf5,1385008640.0,1385012736.0,L1,O4a,0.06396932154893875,263
1385010500.0,1385010532.0,E:\o4a\1384525312\L1_1385008640_1385012736.hdf5,1385008640.0,1385012736.0,L1,O4a,0.061198893934488297,263
1385010564.0,1385010596.0,E:\o4a\1384525312\L1_1385008640_1385012736.hdf5,1385008640.0,1385012736.0,L1,O4a,0.05652916803956032,263
1385010628.0,1385010660.0,E:\o4a\1384525312\L1_1385008640_1385012736.hdf5,1385008640.0,1385012736.0,L1,O4a,0.09796034544706345,263
1385010692.0,1385010724.0,E:\o4a\1384525312\L1_1385008640_1385012736.hdf5,1385008640.0,1385012736.0,L1,O4a,0.07426252961158752,263
1385010756.0,1385010788.0,E:\o4a\1384525312\L1_1385008640_1385012736.hdf5,1385008640.0,1385012736.0,L1,O4a,0.062001150101423264,263
1385172868.0,1385172900.0,E:\o4a\1385043712\L1_1385170688_1385174784.hdf5,1385170688.0,1385174784.0,L1,O4a,0.07173571735620499,265
1385172932.0,1385172964.0,E:\o4a\1385043712\L1_1385170688_1385174784.hdf5,1385170688.0,1385174784.0,L1,O4a,0.4498930275440216,265
1385172996.0,1385173028.0,E:\o4a\1385043712\L1_1385170688_1385174784.hdf5,1385170688.0,1385174784.0,L1,O4a,0.05710491165518761,265
1385173060.0,1385173092.0,E:\o4a\1385043712\L1_1385170688_1385174784.hdf5,1385170688.0,1385174784.0,L1,O4a,0.0664483979344368,265
1385173124.0,1385173156.0,E:\o4a\1385043712\L1_1385170688_1385174784.hdf5,1385170688.0,1385174784.0,L1,O4a,0.07960301637649536,265
1385173188.0,1385173220.0,E:\o4a\1385043712\L1_1385170688_1385174784.hdf5,1385170688.0,1385174784.0,L1,O4a,0.06734274327754974,265
1385173252.0,1385173284.0,E:\o4a\1385043712\L1_1385170688_1385174784.hdf5,1385170688.0,1385174784.0,L1,O4a,0.05891917645931244,265
1385173316.0,1385173348.0,E:\o4a\1385043712\L1_1385170688_1385174784.hdf5,1385170688.0,1385174784.0,L1,O4a,0.05834905430674553,265
1385173380.0,1385173412.0,E:\o4a\1385043712\L1_1385170688_1385174784.hdf5,1385170688.0,1385174784.0,L1,O4a,0.05900854244828224,265
1385173444.0,1385173476.0,E:\o4a\1385043712\L1_1385170688_1385174784.hdf5,1385170688.0,1385174784.0,L1,O4a,0.05822576582431793,265
1385173508.0,1385173540.0,E:\o4a\1385043712\L1_1385170688_1385174784.hdf5,1385170688.0,1385174784.0,L1,O4a,0.05643109977245331,265
1385173572.0,1385173604.0,E:\o4a\1385043712\L1_1385170688_1385174784.hdf5,1385170688.0,1385174784.0,L1,O4a,0.07758304476737976,265
1385173636.0,1385173668.0,E:\o4a\1385043712\L1_1385170688_1385174784.hdf5,1385170688.0,1385174784.0,L1,O4a,0.08898882567882538,265
1385173700.0,1385173732.0,E:\o4a\1385043712\L1_1385170688_1385174784.hdf5,1385170688.0,1385174784.0,L1,O4a,0.058386802673339844,265
1385173764.0,1385173796.0,E:\o4a\1385043712\L1_1385170688_1385174784.hdf5,1385170688.0,1385174784.0,L1,O4a,0.09215757250785828,265
1385173828.0,1385173860.0,E:\o4a\1385043712\L1_1385170688_1385174784.hdf5,1385170688.0,1385174784.0,L1,O4a,0.06636891514062881,265
1385173892.0,1385173924.0,E:\o4a\1385043712\L1_1385170688_1385174784.hdf5,1385170688.0,1385174784.0,L1,O4a,0.05723356455564499,265
1385211652.0,1385211684.0,E:\o4a\1385043712\L1_1385211648_1385215744.hdf5,1385211648.0,1385215744.0,L1,O4a,0.06854385882616043,266
1385211716.0,1385211748.0,E:\o4a\1385043712\L1_1385211648_1385215744.hdf5,1385211648.0,1385215744.0,L1,O4a,0.0622086375951767,266
1385211780.0,1385211812.0,E:\o4a\1385043712\L1_1385211648_1385215744.hdf5,1385211648.0,1385215744.0,L1,O4a,0.09307665377855301,266
1385211844.0,1385211876.0,E:\o4a\1385043712\L1_1385211648_1385215744.hdf5,1385211648.0,1385215744.0,L1,O4a,0.06647948920726776,266
1385211908.0,1385211940.0,E:\o4a\1385043712\L1_1385211648_1385215744.hdf5,1385211648.0,1385215744.0,L1,O4a,0.05470062792301178,266
1385211972.0,1385212004.0,E:\o4a\1385043712\L1_1385211648_1385215744.hdf5,1385211648.0,1385215744.0,L1,O4a,0.06347481906414032,266
1385212036.0,1385212068.0,E:\o4a\1385043712\L1_1385211648_1385215744.hdf5,1385211648.0,1385215744.0,L1,O4a,0.0686018168926239,266
1385212100.0,1385212132.0,E:\o4a\1385043712\L1_1385211648_1385215744.hdf5,1385211648.0,1385215744.0,L1,O4a,0.06066284328699112,266
1385212164.0,1385212196.0,E:\o4a\1385043712\L1_1385211648_1385215744.hdf5,1385211648.0,1385215744.0,L1,O4a,0.07612625509500504,266
1385212228.0,1385212260.0,E:\o4a\1385043712\L1_1385211648_1385215744.hdf5,1385211648.0,1385215744.0,L1,O4a,0.06566057354211807,266
1385212292.0,1385212324.0,E:\o4a\1385043712\L1_1385211648_1385215744.hdf5,1385211648.0,1385215744.0,L1,O4a,0.06946932524442673,266
1385212356.0,1385212388.0,E:\o4a\1385043712\L1_1385211648_1385215744.hdf5,1385211648.0,1385215744.0,L1,O4a,0.07227928191423416,266
1385212420.0,1385212452.0,E:\o4a\1385043712\L1_1385211648_1385215744.hdf5,1385211648.0,1385215744.0,L1,O4a,0.08020466566085815,266
1385212484.0,1385212516.0,E:\o4a\1385043712\L1_1385211648_1385215744.hdf5,1385211648.0,1385215744.0,L1,O4a,0.059902373701334,266
1385212548.0,1385212580.0,E:\o4a\1385043712\L1_1385211648_1385215744.hdf5,1385211648.0,1385215744.0,L1,O4a,0.13480719923973083,266
1385212612.0,1385212644.0,E:\o4a\1385043712\L1_1385211648_1385215744.hdf5,1385211648.0,1385215744.0,L1,O4a,0.0867040827870369,266
1385212676.0,1385212708.0,E:\o4a\1385043712\L1_1385211648_1385215744.hdf5,1385211648.0,1385215744.0,L1,O4a,0.07294127345085144,266
1385277188.0,1385277220.0,E:\o4a\1385043712\L1_1385277184_1385281280.hdf5,1385277184.0,1385281280.0,L1,O4a,0.0912477970123291,267
1385277252.0,1385277284.0,E:\o4a\1385043712\L1_1385277184_1385281280.hdf5,1385277184.0,1385281280.0,L1,O4a,0.058577679097652435,267
1385277316.0,1385277348.0,E:\o4a\1385043712\L1_1385277184_1385281280.hdf5,1385277184.0,1385281280.0,L1,O4a,0.08232847601175308,267
1385277380.0,1385277412.0,E:\o4a\1385043712\L1_1385277184_1385281280.hdf5,1385277184.0,1385281280.0,L1,O4a,0.08250152319669724,267
1385277444.0,1385277476.0,E:\o4a\1385043712\L1_1385277184_1385281280.hdf5,1385277184.0,1385281280.0,L1,O4a,0.07621916383504868,267
1385277508.0,1385277540.0,E:\o4a\1385043712\L1_1385277184_1385281280.hdf5,1385277184.0,1385281280.0,L1,O4a,0.06635290384292603,267
1385277572.0,1385277604.0,E:\o4a\1385043712\L1_1385277184_1385281280.hdf5,1385277184.0,1385281280.0,L1,O4a,0.08166886866092682,267
1385277636.0,1385277668.0,E:\o4a\1385043712\L1_1385277184_1385281280.hdf5,1385277184.0,1385281280.0,L1,O4a,0.05757268890738487,267
1385277700.0,1385277732.0,E:\o4a\1385043712\L1_1385277184_1385281280.hdf5,1385277184.0,1385281280.0,L1,O4a,0.08376079797744751,267
1385277764.0,1385277796.0,E:\o4a\1385043712\L1_1385277184_1385281280.hdf5,1385277184.0,1385281280.0,L1,O4a,0.07929299771785736,267
1385277828.0,1385277860.0,E:\o4a\1385043712\L1_1385277184_1385281280.hdf5,1385277184.0,1385281280.0,L1,O4a,0.05727825686335564,267
1385277892.0,1385277924.0,E:\o4a\1385043712\L1_1385277184_1385281280.hdf5,1385277184.0,1385281280.0,L1,O4a,0.07973965257406235,267
1385277956.0,1385277988.0,E:\o4a\1385043712\L1_1385277184_1385281280.hdf5,1385277184.0,1385281280.0,L1,O4a,0.06655889004468918,267
1385278020.0,1385278052.0,E:\o4a\1385043712\L1_1385277184_1385281280.hdf5,1385277184.0,1385281280.0,L1,O4a,0.10601997375488281,267
1385278084.0,1385278116.0,E:\o4a\1385043712\L1_1385277184_1385281280.hdf5,1385277184.0,1385281280.0,L1,O4a,0.07366515696048737,267
1385278148.0,1385278180.0,E:\o4a\1385043712\L1_1385277184_1385281280.hdf5,1385277184.0,1385281280.0,L1,O4a,0.06421895325183868,267
1385278212.0,1385278244.0,E:\o4a\1385043712\L1_1385277184_1385281280.hdf5,1385277184.0,1385281280.0,L1,O4a,0.0880066305398941,267
1385718596.0,1385718628.0,E:\o4a\1385562112\L1_1385717760_1385721856.hdf5,1385717760.0,1385721856.0,L1,O4a,0.0640077143907547,270
1385718660.0,1385718692.0,E:\o4a\1385562112\L1_1385717760_1385721856.hdf5,1385717760.0,1385721856.0,L1,O4a,0.06102026253938675,270
1385718724.0,1385718756.0,E:\o4a\1385562112\L1_1385717760_1385721856.hdf5,1385717760.0,1385721856.0,L1,O4a,0.07390601933002472,270
1385718788.0,1385718820.0,E:\o4a\1385562112\L1_1385717760_1385721856.hdf5,1385717760.0,1385721856.0,L1,O4a,0.08111743628978729,270
1385718852.0,1385718884.0,E:\o4a\1385562112\L1_1385717760_1385721856.hdf5,1385717760.0,1385721856.0,L1,O4a,0.06116630136966705,270
1385718916.0,1385718948.0,E:\o4a\1385562112\L1_1385717760_1385721856.hdf5,1385717760.0,1385721856.0,L1,O4a,0.05821292847394943,270
1385718980.0,1385719012.0,E:\o4a\1385562112\L1_1385717760_1385721856.hdf5,1385717760.0,1385721856.0,L1,O4a,0.07621404528617859,270
1385719044.0,1385719076.0,E:\o4a\1385562112\L1_1385717760_1385721856.hdf5,1385717760.0,1385721856.0,L1,O4a,0.06501604616641998,270
1385719108.0,1385719140.0,E:\o4a\1385562112\L1_1385717760_1385721856.hdf5,1385717760.0,1385721856.0,L1,O4a,0.08634673058986664,270
1385719172.0,1385719204.0,E:\o4a\1385562112\L1_1385717760_1385721856.hdf5,1385717760.0,1385721856.0,L1,O4a,0.05753016471862793,270
1385719236.0,1385719268.0,E:\o4a\1385562112\L1_1385717760_1385721856.hdf5,1385717760.0,1385721856.0,L1,O4a,0.08260596543550491,270
1385719300.0,1385719332.0,E:\o4a\1385562112\L1_1385717760_1385721856.hdf5,1385717760.0,1385721856.0,L1,O4a,0.05843237414956093,270
1385719364.0,1385719396.0,E:\o4a\1385562112\L1_1385717760_1385721856.hdf5,1385717760.0,1385721856.0,L1,O4a,0.06302034109830856,270
1385719428.0,1385719460.0,E:\o4a\1385562112\L1_1385717760_1385721856.hdf5,1385717760.0,1385721856.0,L1,O4a,0.05523981899023056,270
1385719492.0,1385719524.0,E:\o4a\1385562112\L1_1385717760_1385721856.hdf5,1385717760.0,1385721856.0,L1,O4a,0.07504007965326309,270
1385719556.0,1385719588.0,E:\o4a\1385562112\L1_1385717760_1385721856.hdf5,1385717760.0,1385721856.0,L1,O4a,0.05841556936502457,270
1385719620.0,1385719652.0,E:\o4a\1385562112\L1_1385717760_1385721856.hdf5,1385717760.0,1385721856.0,L1,O4a,0.07504614442586899,270
1385776196.0,1385776228.0,E:\o4a\1385562112\L1_1385775104_1385779200.hdf5,1385775104.0,1385779200.0,L1,O4a,0.06168637424707413,271
1385776260.0,1385776292.0,E:\o4a\1385562112\L1_1385775104_1385779200.hdf5,1385775104.0,1385779200.0,L1,O4a,0.08218998461961746,271
1385776324.0,1385776356.0,E:\o4a\1385562112\L1_1385775104_1385779200.hdf5,1385775104.0,1385779200.0,L1,O4a,0.05824374407529831,271
1385776388.0,1385776420.0,E:\o4a\1385562112\L1_1385775104_1385779200.hdf5,1385775104.0,1385779200.0,L1,O4a,0.12272701412439346,271
1385776452.0,1385776484.0,E:\o4a\1385562112\L1_1385775104_1385779200.hdf5,1385775104.0,1385779200.0,L1,O4a,0.06395785510540009,271
1385776516.0,1385776548.0,E:\o4a\1385562112\L1_1385775104_1385779200.hdf5,1385775104.0,1385779200.0,L1,O4a,0.0649697482585907,271
1385776580.0,1385776612.0,E:\o4a\1385562112\L1_1385775104_1385779200.hdf5,1385775104.0,1385779200.0,L1,O4a,0.05999105051159859,271
1385776644.0,1385776676.0,E:\o4a\1385562112\L1_1385775104_1385779200.hdf5,1385775104.0,1385779200.0,L1,O4a,0.06498945504426956,271
1385776708.0,1385776740.0,E:\o4a\1385562112\L1_1385775104_1385779200.hdf5,1385775104.0,1385779200.0,L1,O4a,0.06204305589199066,271
1385776772.0,1385776804.0,E:\o4a\1385562112\L1_1385775104_1385779200.hdf5,1385775104.0,1385779200.0,L1,O4a,0.0625353455543518,271
1385776836.0,1385776868.0,E:\o4a\1385562112\L1_1385775104_1385779200.hdf5,1385775104.0,1385779200.0,L1,O4a,0.06200083717703819,271
1385776900.0,1385776932.0,E:\o4a\1385562112\L1_1385775104_1385779200.hdf5,1385775104.0,1385779200.0,L1,O4a,0.08388084173202515,271
1385776964.0,1385776996.0,E:\o4a\1385562112\L1_1385775104_1385779200.hdf5,1385775104.0,1385779200.0,L1,O4a,0.061876676976680756,271
1385777028.0,1385777060.0,E:\o4a\1385562112\L1_1385775104_1385779200.hdf5,1385775104.0,1385779200.0,L1,O4a,0.0764097347855568,271
1385777092.0,1385777124.0,E:\o4a\1385562112\L1_1385775104_1385779200.hdf5,1385775104.0,1385779200.0,L1,O4a,0.08157547563314438,271
1385777156.0,1385777188.0,E:\o4a\1385562112\L1_1385775104_1385779200.hdf5,1385775104.0,1385779200.0,L1,O4a,0.06949715316295624,271
1385777220.0,1385777252.0,E:\o4a\1385562112\L1_1385775104_1385779200.hdf5,1385775104.0,1385779200.0,L1,O4a,0.06732513010501862,271
1385918468.0,1385918500.0,E:\o4a\1385562112\L1_1385918464_1385922560.hdf5,1385918464.0,1385922560.0,L1,O4a,0.06504862010478973,273
1385918532.0,1385918564.0,E:\o4a\1385562112\L1_1385918464_1385922560.hdf5,1385918464.0,1385922560.0,L1,O4a,0.08576370775699615,273
1385918596.0,1385918628.0,E:\o4a\1385562112\L1_1385918464_1385922560.hdf5,1385918464.0,1385922560.0,L1,O4a,0.06218232959508896,273
1385918660.0,1385918692.0,E:\o4a\1385562112\L1_1385918464_1385922560.hdf5,1385918464.0,1385922560.0,L1,O4a,0.07443924248218536,273
1385918724.0,1385918756.0,E:\o4a\1385562112\L1_1385918464_1385922560.hdf5,1385918464.0,1385922560.0,L1,O4a,0.06170239299535751,273
1385918788.0,1385918820.0,E:\o4a\1385562112\L1_1385918464_1385922560.hdf5,1385918464.0,1385922560.0,L1,O4a,0.05979687348008156,273
1385918852.0,1385918884.0,E:\o4a\1385562112\L1_1385918464_1385922560.hdf5,1385918464.0,1385922560.0,L1,O4a,0.08911814540624619,273
1385918916.0,1385918948.0,E:\o4a\1385562112\L1_1385918464_1385922560.hdf5,1385918464.0,1385922560.0,L1,O4a,0.06133053079247475,273
1385918980.0,1385919012.0,E:\o4a\1385562112\L1_1385918464_1385922560.hdf5,1385918464.0,1385922560.0,L1,O4a,0.0695972591638565,273
1385919044.0,1385919076.0,E:\o4a\1385562112\L1_1385918464_1385922560.hdf5,1385918464.0,1385922560.0,L1,O4a,0.09679734706878662,273
1385919108.0,1385919140.0,E:\o4a\1385562112\L1_1385918464_1385922560.hdf5,1385918464.0,1385922560.0,L1,O4a,0.1316196471452713,273
1385919172.0,1385919204.0,E:\o4a\1385562112\L1_1385918464_1385922560.hdf5,1385918464.0,1385922560.0,L1,O4a,0.06326006352901459,273
1385919236.0,1385919268.0,E:\o4a\1385562112\L1_1385918464_1385922560.hdf5,1385918464.0,1385922560.0,L1,O4a,0.12415703386068344,273
1385919300.0,1385919332.0,E:\o4a\1385562112\L1_1385918464_1385922560.hdf5,1385918464.0,1385922560.0,L1,O4a,0.08529428392648697,273
1385919364.0,1385919396.0,E:\o4a\1385562112\L1_1385918464_1385922560.hdf5,1385918464.0,1385922560.0,L1,O4a,0.07792749255895615,273
1385919428.0,1385919460.0,E:\o4a\1385562112\L1_1385918464_1385922560.hdf5,1385918464.0,1385922560.0,L1,O4a,0.11291984468698502,273
1385919492.0,1385919524.0,E:\o4a\1385562112\L1_1385918464_1385922560.hdf5,1385918464.0,1385922560.0,L1,O4a,0.0869995728135109,273
1386492292.0,1386492324.0,E:\o4a\1386080512\L1_1386490112_1386494208.hdf5,1386490112.0,1386494208.0,L1,O4a,0.16754181683063507,275
1386492356.0,1386492388.0,E:\o4a\1386080512\L1_1386490112_1386494208.hdf5,1386490112.0,1386494208.0,L1,O4a,0.08141018450260162,275
1386492420.0,1386492452.0,E:\o4a\1386080512\L1_1386490112_1386494208.hdf5,1386490112.0,1386494208.0,L1,O4a,0.063199982047081,275
1386492484.0,1386492516.0,E:\o4a\1386080512\L1_1386490112_1386494208.hdf5,1386490112.0,1386494208.0,L1,O4a,0.05552700161933899,275
1386492548.0,1386492580.0,E:\o4a\1386080512\L1_1386490112_1386494208.hdf5,1386490112.0,1386494208.0,L1,O4a,0.08224117010831833,275
1386492612.0,1386492644.0,E:\o4a\1386080512\L1_1386490112_1386494208.hdf5,1386490112.0,1386494208.0,L1,O4a,0.060992900282144547,275
1386492676.0,1386492708.0,E:\o4a\1386080512\L1_1386490112_1386494208.hdf5,1386490112.0,1386494208.0,L1,O4a,0.07453721761703491,275
1386492740.0,1386492772.0,E:\o4a\1386080512\L1_1386490112_1386494208.hdf5,1386490112.0,1386494208.0,L1,O4a,0.055273931473493576,275
1386492804.0,1386492836.0,E:\o4a\1386080512\L1_1386490112_1386494208.hdf5,1386490112.0,1386494208.0,L1,O4a,0.05418942868709564,275
1386492868.0,1386492900.0,E:\o4a\1386080512\L1_1386490112_1386494208.hdf5,1386490112.0,1386494208.0,L1,O4a,0.06640702486038208,275
1386492932.0,1386492964.0,E:\o4a\1386080512\L1_1386490112_1386494208.hdf5,1386490112.0,1386494208.0,L1,O4a,0.07770096510648727,275
1386492996.0,1386493028.0,E:\o4a\1386080512\L1_1386490112_1386494208.hdf5,1386490112.0,1386494208.0,L1,O4a,0.07644137740135193,275
1386493060.0,1386493092.0,E:\o4a\1386080512\L1_1386490112_1386494208.hdf5,1386490112.0,1386494208.0,L1,O4a,0.0573977455496788,275
1386493124.0,1386493156.0,E:\o4a\1386080512\L1_1386490112_1386494208.hdf5,1386490112.0,1386494208.0,L1,O4a,0.055879510939121246,275
1386493188.0,1386493220.0,E:\o4a\1386080512\L1_1386490112_1386494208.hdf5,1386490112.0,1386494208.0,L1,O4a,0.06141699105501175,275
1386493252.0,1386493284.0,E:\o4a\1386080512\L1_1386490112_1386494208.hdf5,1386490112.0,1386494208.0,L1,O4a,0.06033774092793465,275
1386493316.0,1386493348.0,E:\o4a\1386080512\L1_1386490112_1386494208.hdf5,1386490112.0,1386494208.0,L1,O4a,0.056896865367889404,275
1386548548.0,1386548580.0,E:\o4a\1386080512\L1_1386547456_1386551552.hdf5,1386547456.0,1386551552.0,L1,O4a,0.07026740908622742,276
1386548612.0,1386548644.0,E:\o4a\1386080512\L1_1386547456_1386551552.hdf5,1386547456.0,1386551552.0,L1,O4a,0.05901440605521202,276
1386548676.0,1386548708.0,E:\o4a\1386080512\L1_1386547456_1386551552.hdf5,1386547456.0,1386551552.0,L1,O4a,0.06056172028183937,276
1386548740.0,1386548772.0,E:\o4a\1386080512\L1_1386547456_1386551552.hdf5,1386547456.0,1386551552.0,L1,O4a,0.06480587273836136,276
1386548804.0,1386548836.0,E:\o4a\1386080512\L1_1386547456_1386551552.hdf5,1386547456.0,1386551552.0,L1,O4a,0.08196492493152618,276
1386548868.0,1386548900.0,E:\o4a\1386080512\L1_1386547456_1386551552.hdf5,1386547456.0,1386551552.0,L1,O4a,0.05528823658823967,276
1386548932.0,1386548964.0,E:\o4a\1386080512\L1_1386547456_1386551552.hdf5,1386547456.0,1386551552.0,L1,O4a,0.08567017316818237,276
1386548996.0,1386549028.0,E:\o4a\1386080512\L1_1386547456_1386551552.hdf5,1386547456.0,1386551552.0,L1,O4a,0.12152069061994553,276
1386549060.0,1386549092.0,E:\o4a\1386080512\L1_1386547456_1386551552.hdf5,1386547456.0,1386551552.0,L1,O4a,0.06556224077939987,276
1386549124.0,1386549156.0,E:\o4a\1386080512\L1_1386547456_1386551552.hdf5,1386547456.0,1386551552.0,L1,O4a,0.07499904930591583,276
1386549188.0,1386549220.0,E:\o4a\1386080512\L1_1386547456_1386551552.hdf5,1386547456.0,1386551552.0,L1,O4a,0.08296316117048264,276
1386549252.0,1386549284.0,E:\o4a\1386080512\L1_1386547456_1386551552.hdf5,1386547456.0,1386551552.0,L1,O4a,0.07380945235490799,276
1386549316.0,1386549348.0,E:\o4a\1386080512\L1_1386547456_1386551552.hdf5,1386547456.0,1386551552.0,L1,O4a,0.0874984934926033,276
1386549380.0,1386549412.0,E:\o4a\1386080512\L1_1386547456_1386551552.hdf5,1386547456.0,1386551552.0,L1,O4a,0.06385772675275803,276
1386549444.0,1386549476.0,E:\o4a\1386080512\L1_1386547456_1386551552.hdf5,1386547456.0,1386551552.0,L1,O4a,0.060350727289915085,276
1386549508.0,1386549540.0,E:\o4a\1386080512\L1_1386547456_1386551552.hdf5,1386547456.0,1386551552.0,L1,O4a,0.1502707451581955,276
1386549572.0,1386549604.0,E:\o4a\1386080512\L1_1386547456_1386551552.hdf5,1386547456.0,1386551552.0,L1,O4a,0.12713250517845154,276
1386684932.0,1386684964.0,E:\o4a\1386598912\L1_1386684928_1386689024.hdf5,1386684928.0,1386689024.0,L1,O4a,0.09681563824415207,278
1386684996.0,1386685028.0,E:\o4a\1386598912\L1_1386684928_1386689024.hdf5,1386684928.0,1386689024.0,L1,O4a,0.11525646597146988,278
1386685060.0,1386685092.0,E:\o4a\1386598912\L1_1386684928_1386689024.hdf5,1386684928.0,1386689024.0,L1,O4a,0.07574022561311722,278
1386685124.0,1386685156.0,E:\o4a\1386598912\L1_1386684928_1386689024.hdf5,1386684928.0,1386689024.0,L1,O4a,0.07721228897571564,278
1386685188.0,1386685220.0,E:\o4a\1386598912\L1_1386684928_1386689024.hdf5,1386684928.0,1386689024.0,L1,O4a,0.07004787772893906,278
1386685252.0,1386685284.0,E:\o4a\1386598912\L1_1386684928_1386689024.hdf5,1386684928.0,1386689024.0,L1,O4a,0.1498291939496994,278
1386685316.0,1386685348.0,E:\o4a\1386598912\L1_1386684928_1386689024.hdf5,1386684928.0,1386689024.0,L1,O4a,0.061899635940790176,278
1386685380.0,1386685412.0,E:\o4a\1386598912\L1_1386684928_1386689024.hdf5,1386684928.0,1386689024.0,L1,O4a,0.42665600776672363,278
1386685444.0,1386685476.0,E:\o4a\1386598912\L1_1386684928_1386689024.hdf5,1386684928.0,1386689024.0,L1,O4a,0.10865583270788193,278
1386685508.0,1386685540.0,E:\o4a\1386598912\L1_1386684928_1386689024.hdf5,1386684928.0,1386689024.0,L1,O4a,0.0721818134188652,278
1386685572.0,1386685604.0,E:\o4a\1386598912\L1_1386684928_1386689024.hdf5,1386684928.0,1386689024.0,L1,O4a,0.3734993040561676,278
1386685636.0,1386685668.0,E:\o4a\1386598912\L1_1386684928_1386689024.hdf5,1386684928.0,1386689024.0,L1,O4a,0.0941343605518341,278
1386685700.0,1386685732.0,E:\o4a\1386598912\L1_1386684928_1386689024.hdf5,1386684928.0,1386689024.0,L1,O4a,0.09585268050432205,278
1386685764.0,1386685796.0,E:\o4a\1386598912\L1_1386684928_1386689024.hdf5,1386684928.0,1386689024.0,L1,O4a,0.07047330588102341,278
1386685828.0,1386685860.0,E:\o4a\1386598912\L1_1386684928_1386689024.hdf5,1386684928.0,1386689024.0,L1,O4a,0.13440291583538055,278
1386685892.0,1386685924.0,E:\o4a\1386598912\L1_1386684928_1386689024.hdf5,1386684928.0,1386689024.0,L1,O4a,0.08271355926990509,278
1386685956.0,1386685988.0,E:\o4a\1386598912\L1_1386684928_1386689024.hdf5,1386684928.0,1386689024.0,L1,O4a,0.10316991806030273,278
1386735172.0,1386735204.0,E:\o4a\1386598912\L1_1386734080_1386738176.hdf5,1386734080.0,1386738176.0,L1,O4a,0.09625670313835144,279
1386735236.0,1386735268.0,E:\o4a\1386598912\L1_1386734080_1386738176.hdf5,1386734080.0,1386738176.0,L1,O4a,0.09159016609191895,279
1386735300.0,1386735332.0,E:\o4a\1386598912\L1_1386734080_1386738176.hdf5,1386734080.0,1386738176.0,L1,O4a,0.08222980797290802,279
1386735364.0,1386735396.0,E:\o4a\1386598912\L1_1386734080_1386738176.hdf5,1386734080.0,1386738176.0,L1,O4a,0.06568421423435211,279
1386735428.0,1386735460.0,E:\o4a\1386598912\L1_1386734080_1386738176.hdf5,1386734080.0,1386738176.0,L1,O4a,0.06407338380813599,279
1386735492.0,1386735524.0,E:\o4a\1386598912\L1_1386734080_1386738176.hdf5,1386734080.0,1386738176.0,L1,O4a,0.09741800278425217,279
1386735556.0,1386735588.0,E:\o4a\1386598912\L1_1386734080_1386738176.hdf5,1386734080.0,1386738176.0,L1,O4a,0.06779659539461136,279
1386735620.0,1386735652.0,E:\o4a\1386598912\L1_1386734080_1386738176.hdf5,1386734080.0,1386738176.0,L1,O4a,0.06467153131961823,279
1386735684.0,1386735716.0,E:\o4a\1386598912\L1_1386734080_1386738176.hdf5,1386734080.0,1386738176.0,L1,O4a,0.11956211924552917,279
1386735748.0,1386735780.0,E:\o4a\1386598912\L1_1386734080_1386738176.hdf5,1386734080.0,1386738176.0,L1,O4a,0.07666652649641037,279
1386735812.0,1386735844.0,E:\o4a\1386598912\L1_1386734080_1386738176.hdf5,1386734080.0,1386738176.0,L1,O4a,0.13861824572086334,279
1386735876.0,1386735908.0,E:\o4a\1386598912\L1_1386734080_1386738176.hdf5,1386734080.0,1386738176.0,L1,O4a,0.07678720355033875,279
1386735940.0,1386735972.0,E:\o4a\1386598912\L1_1386734080_1386738176.hdf5,1386734080.0,1386738176.0,L1,O4a,0.060145020484924316,279
1386736004.0,1386736036.0,E:\o4a\1386598912\L1_1386734080_1386738176.hdf5,1386734080.0,1386738176.0,L1,O4a,0.06584496796131134,279
1386736068.0,1386736100.0,E:\o4a\1386598912\L1_1386734080_1386738176.hdf5,1386734080.0,1386738176.0,L1,O4a,0.08198375999927521,279
1386736132.0,1386736164.0,E:\o4a\1386598912\L1_1386734080_1386738176.hdf5,1386734080.0,1386738176.0,L1,O4a,0.055958960205316544,279
1386736196.0,1386736228.0,E:\o4a\1386598912\L1_1386734080_1386738176.hdf5,1386734080.0,1386738176.0,L1,O4a,0.0680614784359932,279
1386775044.0,1386775076.0,E:\o4a\1386598912\L1_1386775040_1386779136.hdf5,1386775040.0,1386779136.0,L1,O4a,0.055245909839868546,280
1386775108.0,1386775140.0,E:\o4a\1386598912\L1_1386775040_1386779136.hdf5,1386775040.0,1386779136.0,L1,O4a,0.06010616570711136,280
1386775172.0,1386775204.0,E:\o4a\1386598912\L1_1386775040_1386779136.hdf5,1386775040.0,1386779136.0,L1,O4a,0.3398435413837433,280
1386775236.0,1386775268.0,E:\o4a\1386598912\L1_1386775040_1386779136.hdf5,1386775040.0,1386779136.0,L1,O4a,0.06641021370887756,280
1386775300.0,1386775332.0,E:\o4a\1386598912\L1_1386775040_1386779136.hdf5,1386775040.0,1386779136.0,L1,O4a,0.08437430113554001,280
1386775364.0,1386775396.0,E:\o4a\1386598912\L1_1386775040_1386779136.hdf5,1386775040.0,1386779136.0,L1,O4a,0.06817571818828583,280
1386775428.0,1386775460.0,E:\o4a\1386598912\L1_1386775040_1386779136.hdf5,1386775040.0,1386779136.0,L1,O4a,0.12569913268089294,280
1386775492.0,1386775524.0,E:\o4a\1386598912\L1_1386775040_1386779136.hdf5,1386775040.0,1386779136.0,L1,O4a,0.08397209644317627,280
1386775556.0,1386775588.0,E:\o4a\1386598912\L1_1386775040_1386779136.hdf5,1386775040.0,1386779136.0,L1,O4a,0.057951971888542175,280
1386775620.0,1386775652.0,E:\o4a\1386598912\L1_1386775040_1386779136.hdf5,1386775040.0,1386779136.0,L1,O4a,0.07120604813098907,280
1386775684.0,1386775716.0,E:\o4a\1386598912\L1_1386775040_1386779136.hdf5,1386775040.0,1386779136.0,L1,O4a,0.06030366197228432,280
1386775748.0,1386775780.0,E:\o4a\1386598912\L1_1386775040_1386779136.hdf5,1386775040.0,1386779136.0,L1,O4a,0.06403785943984985,280
1386775812.0,1386775844.0,E:\o4a\1386598912\L1_1386775040_1386779136.hdf5,1386775040.0,1386779136.0,L1,O4a,0.08027108758687973,280
1386775876.0,1386775908.0,E:\o4a\1386598912\L1_1386775040_1386779136.hdf5,1386775040.0,1386779136.0,L1,O4a,0.07004135102033615,280
1386775940.0,1386775972.0,E:\o4a\1386598912\L1_1386775040_1386779136.hdf5,1386775040.0,1386779136.0,L1,O4a,0.4182344973087311,280
1386776004.0,1386776036.0,E:\o4a\1386598912\L1_1386775040_1386779136.hdf5,1386775040.0,1386779136.0,L1,O4a,0.08863651752471924,280
1386776068.0,1386776100.0,E:\o4a\1386598912\L1_1386775040_1386779136.hdf5,1386775040.0,1386779136.0,L1,O4a,0.060857128351926804,280
1387082244.0,1387082276.0,E:\o4a\1386598912\L1_1387082240_1387086336.hdf5,1387082240.0,1387086336.0,L1,O4a,0.06584208458662033,282
1387082308.0,1387082340.0,E:\o4a\1386598912\L1_1387082240_1387086336.hdf5,1387082240.0,1387086336.0,L1,O4a,0.06457654386758804,282
1387082372.0,1387082404.0,E:\o4a\1386598912\L1_1387082240_1387086336.hdf5,1387082240.0,1387086336.0,L1,O4a,0.06868553161621094,282
1387082436.0,1387082468.0,E:\o4a\1386598912\L1_1387082240_1387086336.hdf5,1387082240.0,1387086336.0,L1,O4a,0.07590541988611221,282
1387082500.0,1387082532.0,E:\o4a\1386598912\L1_1387082240_1387086336.hdf5,1387082240.0,1387086336.0,L1,O4a,0.0768914595246315,282
1387082564.0,1387082596.0,E:\o4a\1386598912\L1_1387082240_1387086336.hdf5,1387082240.0,1387086336.0,L1,O4a,0.06797275692224503,282
1387082628.0,1387082660.0,E:\o4a\1386598912\L1_1387082240_1387086336.hdf5,1387082240.0,1387086336.0,L1,O4a,0.08565707504749298,282
1387082692.0,1387082724.0,E:\o4a\1386598912\L1_1387082240_1387086336.hdf5,1387082240.0,1387086336.0,L1,O4a,0.06259158998727798,282
1387082756.0,1387082788.0,E:\o4a\1386598912\L1_1387082240_1387086336.hdf5,1387082240.0,1387086336.0,L1,O4a,0.06142372265458107,282
1387082820.0,1387082852.0,E:\o4a\1386598912\L1_1387082240_1387086336.hdf5,1387082240.0,1387086336.0,L1,O4a,0.07997947931289673,282
1387082884.0,1387082916.0,E:\o4a\1386598912\L1_1387082240_1387086336.hdf5,1387082240.0,1387086336.0,L1,O4a,0.06851910054683685,282
1387082948.0,1387082980.0,E:\o4a\1386598912\L1_1387082240_1387086336.hdf5,1387082240.0,1387086336.0,L1,O4a,0.057516396045684814,282
1387083012.0,1387083044.0,E:\o4a\1386598912\L1_1387082240_1387086336.hdf5,1387082240.0,1387086336.0,L1,O4a,0.05609120428562164,282
1387083076.0,1387083108.0,E:\o4a\1386598912\L1_1387082240_1387086336.hdf5,1387082240.0,1387086336.0,L1,O4a,0.05938367918133736,282
1387083140.0,1387083172.0,E:\o4a\1386598912\L1_1387082240_1387086336.hdf5,1387082240.0,1387086336.0,L1,O4a,0.06753414869308472,282
1387083204.0,1387083236.0,E:\o4a\1386598912\L1_1387082240_1387086336.hdf5,1387082240.0,1387086336.0,L1,O4a,0.061307597905397415,282
1387083268.0,1387083300.0,E:\o4a\1386598912\L1_1387082240_1387086336.hdf5,1387082240.0,1387086336.0,L1,O4a,0.1208171397447586,282
1388195076.0,1388195108.0,E:\o4a\1388154112\L1_1388195072_1388199168.hdf5,1388195072.0,1388199168.0,L1,O4a,0.05983861908316612,284
1388195140.0,1388195172.0,E:\o4a\1388154112\L1_1388195072_1388199168.hdf5,1388195072.0,1388199168.0,L1,O4a,0.06933624297380447,284
1388195204.0,1388195236.0,E:\o4a\1388154112\L1_1388195072_1388199168.hdf5,1388195072.0,1388199168.0,L1,O4a,0.05715016648173332,284
1388195268.0,1388195300.0,E:\o4a\1388154112\L1_1388195072_1388199168.hdf5,1388195072.0,1388199168.0,L1,O4a,0.07764241099357605,284
1388195332.0,1388195364.0,E:\o4a\1388154112\L1_1388195072_1388199168.hdf5,1388195072.0,1388199168.0,L1,O4a,0.06864596158266068,284
1388195396.0,1388195428.0,E:\o4a\1388154112\L1_1388195072_1388199168.hdf5,1388195072.0,1388199168.0,L1,O4a,0.06221938878297806,284
1388195460.0,1388195492.0,E:\o4a\1388154112\L1_1388195072_1388199168.hdf5,1388195072.0,1388199168.0,L1,O4a,0.06469833105802536,284
1388195524.0,1388195556.0,E:\o4a\1388154112\L1_1388195072_1388199168.hdf5,1388195072.0,1388199168.0,L1,O4a,0.07179692387580872,284
1388195588.0,1388195620.0,E:\o4a\1388154112\L1_1388195072_1388199168.hdf5,1388195072.0,1388199168.0,L1,O4a,0.07594488561153412,284
1388195652.0,1388195684.0,E:\o4a\1388154112\L1_1388195072_1388199168.hdf5,1388195072.0,1388199168.0,L1,O4a,0.05486700311303139,284
1388195716.0,1388195748.0,E:\o4a\1388154112\L1_1388195072_1388199168.hdf5,1388195072.0,1388199168.0,L1,O4a,0.05675836652517319,284
1388195780.0,1388195812.0,E:\o4a\1388154112\L1_1388195072_1388199168.hdf5,1388195072.0,1388199168.0,L1,O4a,0.06619966775178909,284
1388195844.0,1388195876.0,E:\o4a\1388154112\L1_1388195072_1388199168.hdf5,1388195072.0,1388199168.0,L1,O4a,0.05480203032493591,284
1388195908.0,1388195940.0,E:\o4a\1388154112\L1_1388195072_1388199168.hdf5,1388195072.0,1388199168.0,L1,O4a,0.06460156291723251,284
1388195972.0,1388196004.0,E:\o4a\1388154112\L1_1388195072_1388199168.hdf5,1388195072.0,1388199168.0,L1,O4a,0.06400621682405472,284
1388196036.0,1388196068.0,E:\o4a\1388154112\L1_1388195072_1388199168.hdf5,1388195072.0,1388199168.0,L1,O4a,0.055179428309202194,284
1388196100.0,1388196132.0,E:\o4a\1388154112\L1_1388195072_1388199168.hdf5,1388195072.0,1388199168.0,L1,O4a,0.06037760525941849,284
1388268804.0,1388268836.0,E:\o4a\1388154112\L1_1388268800_1388272896.hdf5,1388268800.0,1388272896.0,L1,O4a,0.061032090336084366,285
1388268868.0,1388268900.0,E:\o4a\1388154112\L1_1388268800_1388272896.hdf5,1388268800.0,1388272896.0,L1,O4a,0.057896677404642105,285
1388268932.0,1388268964.0,E:\o4a\1388154112\L1_1388268800_1388272896.hdf5,1388268800.0,1388272896.0,L1,O4a,0.21531960368156433,285
1388268996.0,1388269028.0,E:\o4a\1388154112\L1_1388268800_1388272896.hdf5,1388268800.0,1388272896.0,L1,O4a,0.06854530423879623,285
1388269060.0,1388269092.0,E:\o4a\1388154112\L1_1388268800_1388272896.hdf5,1388268800.0,1388272896.0,L1,O4a,0.13847950100898743,285
1388269124.0,1388269156.0,E:\o4a\1388154112\L1_1388268800_1388272896.hdf5,1388268800.0,1388272896.0,L1,O4a,0.05812568590044975,285
1388269188.0,1388269220.0,E:\o4a\1388154112\L1_1388268800_1388272896.hdf5,1388268800.0,1388272896.0,L1,O4a,0.06020599231123924,285
1388269252.0,1388269284.0,E:\o4a\1388154112\L1_1388268800_1388272896.hdf5,1388268800.0,1388272896.0,L1,O4a,0.06665859371423721,285
1388269316.0,1388269348.0,E:\o4a\1388154112\L1_1388268800_1388272896.hdf5,1388268800.0,1388272896.0,L1,O4a,0.06129740923643112,285
1388269380.0,1388269412.0,E:\o4a\1388154112\L1_1388268800_1388272896.hdf5,1388268800.0,1388272896.0,L1,O4a,0.0688605010509491,285
1388269444.0,1388269476.0,E:\o4a\1388154112\L1_1388268800_1388272896.hdf5,1388268800.0,1388272896.0,L1,O4a,0.06572447717189789,285
1388269508.0,1388269540.0,E:\o4a\1388154112\L1_1388268800_1388272896.hdf5,1388268800.0,1388272896.0,L1,O4a,0.062220558524131775,285
1388269572.0,1388269604.0,E:\o4a\1388154112\L1_1388268800_1388272896.hdf5,1388268800.0,1388272896.0,L1,O4a,0.07027807086706161,285
1388269636.0,1388269668.0,E:\o4a\1388154112\L1_1388268800_1388272896.hdf5,1388268800.0,1388272896.0,L1,O4a,0.06315603852272034,285
1388269700.0,1388269732.0,E:\o4a\1388154112\L1_1388268800_1388272896.hdf5,1388268800.0,1388272896.0,L1,O4a,0.08865375071763992,285
1388269764.0,1388269796.0,E:\o4a\1388154112\L1_1388268800_1388272896.hdf5,1388268800.0,1388272896.0,L1,O4a,0.07872026413679123,285
1388269828.0,1388269860.0,E:\o4a\1388154112\L1_1388268800_1388272896.hdf5,1388268800.0,1388272896.0,L1,O4a,0.054617635905742645,285
1388313860.0,1388313892.0,E:\o4a\1388154112\L1_1388313856_1388317952.hdf5,1388313856.0,1388317952.0,L1,O4a,0.053776513785123825,286
1388313924.0,1388313956.0,E:\o4a\1388154112\L1_1388313856_1388317952.hdf5,1388313856.0,1388317952.0,L1,O4a,0.058060843497514725,286
1388313988.0,1388314020.0,E:\o4a\1388154112\L1_1388313856_1388317952.hdf5,1388313856.0,1388317952.0,L1,O4a,0.076469287276268,286
1388314052.0,1388314084.0,E:\o4a\1388154112\L1_1388313856_1388317952.hdf5,1388313856.0,1388317952.0,L1,O4a,0.0608723945915699,286
1388314116.0,1388314148.0,E:\o4a\1388154112\L1_1388313856_1388317952.hdf5,1388313856.0,1388317952.0,L1,O4a,0.05925128236413002,286
1388314180.0,1388314212.0,E:\o4a\1388154112\L1_1388313856_1388317952.hdf5,1388313856.0,1388317952.0,L1,O4a,0.059013985097408295,286
1388314244.0,1388314276.0,E:\o4a\1388154112\L1_1388313856_1388317952.hdf5,1388313856.0,1388317952.0,L1,O4a,0.09957946091890335,286
1388314308.0,1388314340.0,E:\o4a\1388154112\L1_1388313856_1388317952.hdf5,1388313856.0,1388317952.0,L1,O4a,0.07147712260484695,286
1388314372.0,1388314404.0,E:\o4a\1388154112\L1_1388313856_1388317952.hdf5,1388313856.0,1388317952.0,L1,O4a,0.06487364321947098,286
1388314436.0,1388314468.0,E:\o4a\1388154112\L1_1388313856_1388317952.hdf5,1388313856.0,1388317952.0,L1,O4a,0.06300800293684006,286
1388314500.0,1388314532.0,E:\o4a\1388154112\L1_1388313856_1388317952.hdf5,1388313856.0,1388317952.0,L1,O4a,0.07582075148820877,286
1388314564.0,1388314596.0,E:\o4a\1388154112\L1_1388313856_1388317952.hdf5,1388313856.0,1388317952.0,L1,O4a,0.07984565198421478,286
1388314628.0,1388314660.0,E:\o4a\1388154112\L1_1388313856_1388317952.hdf5,1388313856.0,1388317952.0,L1,O4a,0.053255680948495865,286
1388314692.0,1388314724.0,E:\o4a\1388154112\L1_1388313856_1388317952.hdf5,1388313856.0,1388317952.0,L1,O4a,0.17209888994693756,286
1388314756.0,1388314788.0,E:\o4a\1388154112\L1_1388313856_1388317952.hdf5,1388313856.0,1388317952.0,L1,O4a,0.06857692450284958,286
1388314820.0,1388314852.0,E:\o4a\1388154112\L1_1388313856_1388317952.hdf5,1388313856.0,1388317952.0,L1,O4a,0.0685739666223526,286
1388314884.0,1388314916.0,E:\o4a\1388154112\L1_1388313856_1388317952.hdf5,1388313856.0,1388317952.0,L1,O4a,0.08256044238805771,286
1388387588.0,1388387620.0,E:\o4a\1388154112\L1_1388387584_1388391680.hdf5,1388387584.0,1388391680.0,L1,O4a,0.05954630300402641,287
1388387652.0,1388387684.0,E:\o4a\1388154112\L1_1388387584_1388391680.hdf5,1388387584.0,1388391680.0,L1,O4a,0.0696704089641571,287
1388387716.0,1388387748.0,E:\o4a\1388154112\L1_1388387584_1388391680.hdf5,1388387584.0,1388391680.0,L1,O4a,0.06973383575677872,287
1388387780.0,1388387812.0,E:\o4a\1388154112\L1_1388387584_1388391680.hdf5,1388387584.0,1388391680.0,L1,O4a,0.05414368212223053,287
1388387844.0,1388387876.0,E:\o4a\1388154112\L1_1388387584_1388391680.hdf5,1388387584.0,1388391680.0,L1,O4a,0.06695914268493652,287
1388387908.0,1388387940.0,E:\o4a\1388154112\L1_1388387584_1388391680.hdf5,1388387584.0,1388391680.0,L1,O4a,0.057192977517843246,287
1388387972.0,1388388004.0,E:\o4a\1388154112\L1_1388387584_1388391680.hdf5,1388387584.0,1388391680.0,L1,O4a,0.06459321826696396,287
1388388036.0,1388388068.0,E:\o4a\1388154112\L1_1388387584_1388391680.hdf5,1388387584.0,1388391680.0,L1,O4a,0.05579809471964836,287
1388388100.0,1388388132.0,E:\o4a\1388154112\L1_1388387584_1388391680.hdf5,1388387584.0,1388391680.0,L1,O4a,0.0998317301273346,287
1388388164.0,1388388196.0,E:\o4a\1388154112\L1_1388387584_1388391680.hdf5,1388387584.0,1388391680.0,L1,O4a,0.05748384818434715,287
1388388228.0,1388388260.0,E:\o4a\1388154112\L1_1388387584_1388391680.hdf5,1388387584.0,1388391680.0,L1,O4a,0.2425597757101059,287
1388388292.0,1388388324.0,E:\o4a\1388154112\L1_1388387584_1388391680.hdf5,1388387584.0,1388391680.0,L1,O4a,0.06196010857820511,287
1388388356.0,1388388388.0,E:\o4a\1388154112\L1_1388387584_1388391680.hdf5,1388387584.0,1388391680.0,L1,O4a,0.06345148384571075,287
1388388420.0,1388388452.0,E:\o4a\1388154112\L1_1388387584_1388391680.hdf5,1388387584.0,1388391680.0,L1,O4a,0.05680595338344574,287
1388388484.0,1388388516.0,E:\o4a\1388154112\L1_1388387584_1388391680.hdf5,1388387584.0,1388391680.0,L1,O4a,0.06096882000565529,287
1388388548.0,1388388580.0,E:\o4a\1388154112\L1_1388387584_1388391680.hdf5,1388387584.0,1388391680.0,L1,O4a,0.055405739694833755,287
1388388612.0,1388388644.0,E:\o4a\1388154112\L1_1388387584_1388391680.hdf5,1388387584.0,1388391680.0,L1,O4a,0.06556379050016403,287
1389028868.0,1389028900.0,E:\o4a\1388672512\L1_1389028864_1389032960.hdf5,1389028864.0,1389032960.0,L1,O4a,0.07258176058530807,289
1389028932.0,1389028964.0,E:\o4a\1388672512\L1_1389028864_1389032960.hdf5,1389028864.0,1389032960.0,L1,O4a,0.05681326240301132,289
1389028996.0,1389029028.0,E:\o4a\1388672512\L1_1389028864_1389032960.hdf5,1389028864.0,1389032960.0,L1,O4a,0.07985040545463562,289
1389029060.0,1389029092.0,E:\o4a\1388672512\L1_1389028864_1389032960.hdf5,1389028864.0,1389032960.0,L1,O4a,0.07063641399145126,289
1389029124.0,1389029156.0,E:\o4a\1388672512\L1_1389028864_1389032960.hdf5,1389028864.0,1389032960.0,L1,O4a,0.05462612584233284,289
1389029188.0,1389029220.0,E:\o4a\1388672512\L1_1389028864_1389032960.hdf5,1389028864.0,1389032960.0,L1,O4a,0.06448303908109665,289
1389029252.0,1389029284.0,E:\o4a\1388672512\L1_1389028864_1389032960.hdf5,1389028864.0,1389032960.0,L1,O4a,0.0720754936337471,289
1389029316.0,1389029348.0,E:\o4a\1388672512\L1_1389028864_1389032960.hdf5,1389028864.0,1389032960.0,L1,O4a,0.06224309653043747,289
1389029380.0,1389029412.0,E:\o4a\1388672512\L1_1389028864_1389032960.hdf5,1389028864.0,1389032960.0,L1,O4a,0.06165312975645065,289
1389029444.0,1389029476.0,E:\o4a\1388672512\L1_1389028864_1389032960.hdf5,1389028864.0,1389032960.0,L1,O4a,0.0632636547088623,289
1389029508.0,1389029540.0,E:\o4a\1388672512\L1_1389028864_1389032960.hdf5,1389028864.0,1389032960.0,L1,O4a,0.10858845710754395,289
1389029572.0,1389029604.0,E:\o4a\1388672512\L1_1389028864_1389032960.hdf5,1389028864.0,1389032960.0,L1,O4a,0.07264602184295654,289
1389029636.0,1389029668.0,E:\o4a\1388672512\L1_1389028864_1389032960.hdf5,1389028864.0,1389032960.0,L1,O4a,0.0641760528087616,289
1389029700.0,1389029732.0,E:\o4a\1388672512\L1_1389028864_1389032960.hdf5,1389028864.0,1389032960.0,L1,O4a,0.060478899627923965,289
1389029764.0,1389029796.0,E:\o4a\1388672512\L1_1389028864_1389032960.hdf5,1389028864.0,1389032960.0,L1,O4a,0.055383842438459396,289
1389029828.0,1389029860.0,E:\o4a\1388672512\L1_1389028864_1389032960.hdf5,1389028864.0,1389032960.0,L1,O4a,0.06302334368228912,289
1389029892.0,1389029924.0,E:\o4a\1388672512\L1_1389028864_1389032960.hdf5,1389028864.0,1389032960.0,L1,O4a,0.07723123580217361,289
1389071492.0,1389071524.0,E:\o4a\1388672512\L1_1389069824_1389073920.hdf5,1389069824.0,1389073920.0,L1,O4a,0.07195322960615158,290
1389071556.0,1389071588.0,E:\o4a\1388672512\L1_1389069824_1389073920.hdf5,1389069824.0,1389073920.0,L1,O4a,0.4334004819393158,290
1389071620.0,1389071652.0,E:\o4a\1388672512\L1_1389069824_1389073920.hdf5,1389069824.0,1389073920.0,L1,O4a,0.06034412980079651,290
1389071684.0,1389071716.0,E:\o4a\1388672512\L1_1389069824_1389073920.hdf5,1389069824.0,1389073920.0,L1,O4a,0.05643651634454727,290
1389071748.0,1389071780.0,E:\o4a\1388672512\L1_1389069824_1389073920.hdf5,1389069824.0,1389073920.0,L1,O4a,0.07667286694049835,290
1389071812.0,1389071844.0,E:\o4a\1388672512\L1_1389069824_1389073920.hdf5,1389069824.0,1389073920.0,L1,O4a,0.057812586426734924,290
1389071876.0,1389071908.0,E:\o4a\1388672512\L1_1389069824_1389073920.hdf5,1389069824.0,1389073920.0,L1,O4a,0.06195737421512604,290
1389071940.0,1389071972.0,E:\o4a\1388672512\L1_1389069824_1389073920.hdf5,1389069824.0,1389073920.0,L1,O4a,0.05766678601503372,290
1389072004.0,1389072036.0,E:\o4a\1388672512\L1_1389069824_1389073920.hdf5,1389069824.0,1389073920.0,L1,O4a,0.06631851196289062,290
1389072068.0,1389072100.0,E:\o4a\1388672512\L1_1389069824_1389073920.hdf5,1389069824.0,1389073920.0,L1,O4a,0.06201733648777008,290
1389072132.0,1389072164.0,E:\o4a\1388672512\L1_1389069824_1389073920.hdf5,1389069824.0,1389073920.0,L1,O4a,0.07037027925252914,290
1389072196.0,1389072228.0,E:\o4a\1388672512\L1_1389069824_1389073920.hdf5,1389069824.0,1389073920.0,L1,O4a,0.057854533195495605,290
1389072260.0,1389072292.0,E:\o4a\1388672512\L1_1389069824_1389073920.hdf5,1389069824.0,1389073920.0,L1,O4a,0.10296197235584259,290
1389072324.0,1389072356.0,E:\o4a\1388672512\L1_1389069824_1389073920.hdf5,1389069824.0,1389073920.0,L1,O4a,0.05591970682144165,290
1389072388.0,1389072420.0,E:\o4a\1388672512\L1_1389069824_1389073920.hdf5,1389069824.0,1389073920.0,L1,O4a,0.08271069079637527,290
1389072452.0,1389072484.0,E:\o4a\1388672512\L1_1389069824_1389073920.hdf5,1389069824.0,1389073920.0,L1,O4a,0.06328658014535904,290
1389072516.0,1389072548.0,E:\o4a\1388672512\L1_1389069824_1389073920.hdf5,1389069824.0,1389073920.0,L1,O4a,0.0602860301733017,290
1389248260.0,1389248292.0,E:\o4a\1389190912\L1_1389248256_1389252352.hdf5,1389248256.0,1389252352.0,L1,O4a,0.06013720855116844,291
1389248324.0,1389248356.0,E:\o4a\1389190912\L1_1389248256_1389252352.hdf5,1389248256.0,1389252352.0,L1,O4a,0.061281394213438034,291
1389248388.0,1389248420.0,E:\o4a\1389190912\L1_1389248256_1389252352.hdf5,1389248256.0,1389252352.0,L1,O4a,0.062341079115867615,291
1389248452.0,1389248484.0,E:\o4a\1389190912\L1_1389248256_1389252352.hdf5,1389248256.0,1389252352.0,L1,O4a,0.07412489503622055,291
1389248516.0,1389248548.0,E:\o4a\1389190912\L1_1389248256_1389252352.hdf5,1389248256.0,1389252352.0,L1,O4a,0.06967642903327942,291
1389248580.0,1389248612.0,E:\o4a\1389190912\L1_1389248256_1389252352.hdf5,1389248256.0,1389252352.0,L1,O4a,0.07196620106697083,291
1389248644.0,1389248676.0,E:\o4a\1389190912\L1_1389248256_1389252352.hdf5,1389248256.0,1389252352.0,L1,O4a,0.06201915815472603,291
1389248708.0,1389248740.0,E:\o4a\1389190912\L1_1389248256_1389252352.hdf5,1389248256.0,1389252352.0,L1,O4a,0.05642976611852646,291
1389248772.0,1389248804.0,E:\o4a\1389190912\L1_1389248256_1389252352.hdf5,1389248256.0,1389252352.0,L1,O4a,0.05418017506599426,291
1389248836.0,1389248868.0,E:\o4a\1389190912\L1_1389248256_1389252352.hdf5,1389248256.0,1389252352.0,L1,O4a,0.06595810502767563,291
1389248900.0,1389248932.0,E:\o4a\1389190912\L1_1389248256_1389252352.hdf5,1389248256.0,1389252352.0,L1,O4a,0.06777351349592209,291
1389248964.0,1389248996.0,E:\o4a\1389190912\L1_1389248256_1389252352.hdf5,1389248256.0,1389252352.0,L1,O4a,0.0641145408153534,291
1389249028.0,1389249060.0,E:\o4a\1389190912\L1_1389248256_1389252352.hdf5,1389248256.0,1389252352.0,L1,O4a,0.05433104932308197,291
1389249092.0,1389249124.0,E:\o4a\1389190912\L1_1389248256_1389252352.hdf5,1389248256.0,1389252352.0,L1,O4a,0.06367353349924088,291
1389249156.0,1389249188.0,E:\o4a\1389190912\L1_1389248256_1389252352.hdf5,1389248256.0,1389252352.0,L1,O4a,0.05963840335607529,291
1389249220.0,1389249252.0,E:\o4a\1389190912\L1_1389248256_1389252352.hdf5,1389248256.0,1389252352.0,L1,O4a,0.06576386094093323,291
1389249284.0,1389249316.0,E:\o4a\1389190912\L1_1389248256_1389252352.hdf5,1389248256.0,1389252352.0,L1,O4a,0.06668395549058914,291
1389294404.0,1389294436.0,E:\o4a\1389190912\L1_1389293312_1389297408.hdf5,1389293312.0,1389297408.0,L1,O4a,0.05579386651515961,292
1389294468.0,1389294500.0,E:\o4a\1389190912\L1_1389293312_1389297408.hdf5,1389293312.0,1389297408.0,L1,O4a,0.06765566021203995,292
1389294532.0,1389294564.0,E:\o4a\1389190912\L1_1389293312_1389297408.hdf5,1389293312.0,1389297408.0,L1,O4a,0.057845037430524826,292
1389294596.0,1389294628.0,E:\o4a\1389190912\L1_1389293312_1389297408.hdf5,1389293312.0,1389297408.0,L1,O4a,0.05856885015964508,292
1389294660.0,1389294692.0,E:\o4a\1389190912\L1_1389293312_1389297408.hdf5,1389293312.0,1389297408.0,L1,O4a,0.06277456134557724,292
1389294724.0,1389294756.0,E:\o4a\1389190912\L1_1389293312_1389297408.hdf5,1389293312.0,1389297408.0,L1,O4a,0.06701631098985672,292
1389294788.0,1389294820.0,E:\o4a\1389190912\L1_1389293312_1389297408.hdf5,1389293312.0,1389297408.0,L1,O4a,0.06451471149921417,292
1389294852.0,1389294884.0,E:\o4a\1389190912\L1_1389293312_1389297408.hdf5,1389293312.0,1389297408.0,L1,O4a,0.05906781181693077,292
1389294916.0,1389294948.0,E:\o4a\1389190912\L1_1389293312_1389297408.hdf5,1389293312.0,1389297408.0,L1,O4a,0.0895356833934784,292
1389294980.0,1389295012.0,E:\o4a\1389190912\L1_1389293312_1389297408.hdf5,1389293312.0,1389297408.0,L1,O4a,0.11041697859764099,292
1389295044.0,1389295076.0,E:\o4a\1389190912\L1_1389293312_1389297408.hdf5,1389293312.0,1389297408.0,L1,O4a,0.05512268468737602,292
1389295108.0,1389295140.0,E:\o4a\1389190912\L1_1389293312_1389297408.hdf5,1389293312.0,1389297408.0,L1,O4a,0.06210367754101753,292
1389295172.0,1389295204.0,E:\o4a\1389190912\L1_1389293312_1389297408.hdf5,1389293312.0,1389297408.0,L1,O4a,0.07519739866256714,292
1389295236.0,1389295268.0,E:\o4a\1389190912\L1_1389293312_1389297408.hdf5,1389293312.0,1389297408.0,L1,O4a,0.09878073632717133,292
1389295300.0,1389295332.0,E:\o4a\1389190912\L1_1389293312_1389297408.hdf5,1389293312.0,1389297408.0,L1,O4a,0.07421856373548508,292
1389295364.0,1389295396.0,E:\o4a\1389190912\L1_1389293312_1389297408.hdf5,1389293312.0,1389297408.0,L1,O4a,0.07184237241744995,292
1389295428.0,1389295460.0,E:\o4a\1389190912\L1_1389293312_1389297408.hdf5,1389293312.0,1389297408.0,L1,O4a,0.06539193540811539,292
1389345220.0,1389345252.0,E:\o4a\1389190912\L1_1389342464_1389346560.hdf5,1389342464.0,1389346560.0,L1,O4a,0.0628938227891922,293
1389345284.0,1389345316.0,E:\o4a\1389190912\L1_1389342464_1389346560.hdf5,1389342464.0,1389346560.0,L1,O4a,0.05342969298362732,293
1389345348.0,1389345380.0,E:\o4a\1389190912\L1_1389342464_1389346560.hdf5,1389342464.0,1389346560.0,L1,O4a,0.09012028574943542,293
1389345412.0,1389345444.0,E:\o4a\1389190912\L1_1389342464_1389346560.hdf5,1389342464.0,1389346560.0,L1,O4a,0.06600333750247955,293
1389345476.0,1389345508.0,E:\o4a\1389190912\L1_1389342464_1389346560.hdf5,1389342464.0,1389346560.0,L1,O4a,0.0601833276450634,293
1389345540.0,1389345572.0,E:\o4a\1389190912\L1_1389342464_1389346560.hdf5,1389342464.0,1389346560.0,L1,O4a,0.05815170332789421,293
1389345604.0,1389345636.0,E:\o4a\1389190912\L1_1389342464_1389346560.hdf5,1389342464.0,1389346560.0,L1,O4a,0.05681060999631882,293
1389345668.0,1389345700.0,E:\o4a\1389190912\L1_1389342464_1389346560.hdf5,1389342464.0,1389346560.0,L1,O4a,0.05929439142346382,293
1389345732.0,1389345764.0,E:\o4a\1389190912\L1_1389342464_1389346560.hdf5,1389342464.0,1389346560.0,L1,O4a,0.06756613403558731,293
1389345796.0,1389345828.0,E:\o4a\1389190912\L1_1389342464_1389346560.hdf5,1389342464.0,1389346560.0,L1,O4a,0.06054070591926575,293
1389345860.0,1389345892.0,E:\o4a\1389190912\L1_1389342464_1389346560.hdf5,1389342464.0,1389346560.0,L1,O4a,0.0597367137670517,293
1389345924.0,1389345956.0,E:\o4a\1389190912\L1_1389342464_1389346560.hdf5,1389342464.0,1389346560.0,L1,O4a,0.06891483813524246,293
1389345988.0,1389346020.0,E:\o4a\1389190912\L1_1389342464_1389346560.hdf5,1389342464.0,1389346560.0,L1,O4a,0.08255766332149506,293
1389346052.0,1389346084.0,E:\o4a\1389190912\L1_1389342464_1389346560.hdf5,1389342464.0,1389346560.0,L1,O4a,0.05769720673561096,293
1389346116.0,1389346148.0,E:\o4a\1389190912\L1_1389342464_1389346560.hdf5,1389342464.0,1389346560.0,L1,O4a,0.06404897570610046,293
1389346180.0,1389346212.0,E:\o4a\1389190912\L1_1389342464_1389346560.hdf5,1389342464.0,1389346560.0,L1,O4a,0.05711396411061287,293
1389346244.0,1389346276.0,E:\o4a\1389190912\L1_1389342464_1389346560.hdf5,1389342464.0,1389346560.0,L1,O4a,0.058437492698431015,293
1389389956.0,1389389988.0,E:\o4a\1389190912\L1_1389387520_1389391616.hdf5,1389387520.0,1389391616.0,L1,O4a,0.08830713480710983,294
1389390020.0,1389390052.0,E:\o4a\1389190912\L1_1389387520_1389391616.hdf5,1389387520.0,1389391616.0,L1,O4a,0.06442895531654358,294
