gps_start,gps_end,source_path,source_start,source_end,detector,run,calibration_score,bootstrap_block_index
1368980356.0,1368980388.0,E:\o4a\1368977408\H1_1368977408_1368981504.hdf5,1368977408.0,1368981504.0,H1,O4a,0.05547073855996132,296
1368980420.0,1368980452.0,E:\o4a\1368977408\H1_1368977408_1368981504.hdf5,1368977408.0,1368981504.0,H1,O4a,0.058770887553691864,296
1368980484.0,1368980516.0,E:\o4a\1368977408\H1_1368977408_1368981504.hdf5,1368977408.0,1368981504.0,H1,O4a,0.054957348853349686,296
1368980548.0,1368980580.0,E:\o4a\1368977408\H1_1368977408_1368981504.hdf5,1368977408.0,1368981504.0,H1,O4a,0.06352036446332932,296
1368980612.0,1368980644.0,E:\o4a\1368977408\H1_1368977408_1368981504.hdf5,1368977408.0,1368981504.0,H1,O4a,0.07987666130065918,296
1368980676.0,1368980708.0,E:\o4a\1368977408\H1_1368977408_1368981504.hdf5,1368977408.0,1368981504.0,H1,O4a,0.07075071334838867,296
1368980740.0,1368980772.0,E:\o4a\1368977408\H1_1368977408_1368981504.hdf5,1368977408.0,1368981504.0,H1,O4a,0.07042450457811356,296
1368980804.0,1368980836.0,E:\o4a\1368977408\H1_1368977408_1368981504.hdf5,1368977408.0,1368981504.0,H1,O4a,0.061965733766555786,296
1368980868.0,1368980900.0,E:\o4a\1368977408\H1_1368977408_1368981504.hdf5,1368977408.0,1368981504.0,H1,O4a,0.05956849083304405,296
1368980932.0,1368980964.0,E:\o4a\1368977408\H1_1368977408_1368981504.hdf5,1368977408.0,1368981504.0,H1,O4a,0.06931763887405396,296
1368980996.0,1368981028.0,E:\o4a\1368977408\H1_1368977408_1368981504.hdf5,1368977408.0,1368981504.0,H1,O4a,0.059605423361063004,296
1368981060.0,1368981092.0,E:\o4a\1368977408\H1_1368977408_1368981504.hdf5,1368977408.0,1368981504.0,H1,O4a,0.07553941756486893,296
1368981124.0,1368981156.0,E:\o4a\1368977408\H1_1368977408_1368981504.hdf5,1368977408.0,1368981504.0,H1,O4a,0.06381018459796906,296
1368981188.0,1368981220.0,E:\o4a\1368977408\H1_1368977408_1368981504.hdf5,1368977408.0,1368981504.0,H1,O4a,0.07957391440868378,296
1368981252.0,1368981284.0,E:\o4a\1368977408\H1_1368977408_1368981504.hdf5,1368977408.0,1368981504.0,H1,O4a,0.05908675864338875,296
1368981316.0,1368981348.0,E:\o4a\1368977408\H1_1368977408_1368981504.hdf5,1368977408.0,1368981504.0,H1,O4a,0.42589130997657776,296
1368981380.0,1368981412.0,E:\o4a\1368977408\H1_1368977408_1368981504.hdf5,1368977408.0,1368981504.0,H1,O4a,0.058512695133686066,296
1368981508.0,1368981540.0,E:\o4a\1368973312\H1_1368981504_1368985600.hdf5,1368981504.0,1368985600.0,H1,O4a,0.09854798018932343,297
1368981572.0,1368981604.0,E:\o4a\1368973312\H1_1368981504_1368985600.hdf5,1368981504.0,1368985600.0,H1,O4a,0.061301637440919876,297
1368981636.0,1368981668.0,E:\o4a\1368973312\H1_1368981504_1368985600.hdf5,1368981504.0,1368985600.0,H1,O4a,0.060249846428632736,297
1368981700.0,1368981732.0,E:\o4a\1368973312\H1_1368981504_1368985600.hdf5,1368981504.0,1368985600.0,H1,O4a,0.0684289038181305,297
1368981764.0,1368981796.0,E:\o4a\1368973312\H1_1368981504_1368985600.hdf5,1368981504.0,1368985600.0,H1,O4a,0.057674963027238846,297
1368981828.0,1368981860.0,E:\o4a\1368973312\H1_1368981504_1368985600.hdf5,1368981504.0,1368985600.0,H1,O4a,0.06304485350847244,297
1368981892.0,1368981924.0,E:\o4a\1368973312\H1_1368981504_1368985600.hdf5,1368981504.0,1368985600.0,H1,O4a,0.061060722917318344,297
1368981956.0,1368981988.0,E:\o4a\1368973312\H1_1368981504_1368985600.hdf5,1368981504.0,1368985600.0,H1,O4a,0.05811218544840813,297
1368982020.0,1368982052.0,E:\o4a\1368973312\H1_1368981504_1368985600.hdf5,1368981504.0,1368985600.0,H1,O4a,0.07189556956291199,297
1368982084.0,1368982116.0,E:\o4a\1368973312\H1_1368981504_1368985600.hdf5,1368981504.0,1368985600.0,H1,O4a,0.06726781278848648,297
1368982148.0,1368982180.0,E:\o4a\1368973312\H1_1368981504_1368985600.hdf5,1368981504.0,1368985600.0,H1,O4a,0.06320782005786896,297
1368982212.0,1368982244.0,E:\o4a\1368973312\H1_1368981504_1368985600.hdf5,1368981504.0,1368985600.0,H1,O4a,0.07599825412034988,297
1368982276.0,1368982308.0,E:\o4a\1368973312\H1_1368981504_1368985600.hdf5,1368981504.0,1368985600.0,H1,O4a,0.05897730961441994,297
1368982340.0,1368982372.0,E:\o4a\1368973312\H1_1368981504_1368985600.hdf5,1368981504.0,1368985600.0,H1,O4a,0.05374618619680405,297
1368982404.0,1368982436.0,E:\o4a\1368973312\H1_1368981504_1368985600.hdf5,1368981504.0,1368985600.0,H1,O4a,0.06423629075288773,297
1368982468.0,1368982500.0,E:\o4a\1368973312\H1_1368981504_1368985600.hdf5,1368981504.0,1368985600.0,H1,O4a,0.06271027773618698,297
1368982532.0,1368982564.0,E:\o4a\1368973312\H1_1368981504_1368985600.hdf5,1368981504.0,1368985600.0,H1,O4a,0.08165675401687622,297
1368983108.0,1368983140.0,E:\o4a\1368973312\H1_1368981504_1368985600.hdf5,1368981504.0,1368985600.0,H1,O4a,0.0672844871878624,298
1368983172.0,1368983204.0,E:\o4a\1368973312\H1_1368981504_1368985600.hdf5,1368981504.0,1368985600.0,H1,O4a,0.08986739814281464,298
1368983236.0,1368983268.0,E:\o4a\1368973312\H1_1368981504_1368985600.hdf5,1368981504.0,1368985600.0,H1,O4a,0.0616440623998642,298
1368983300.0,1368983332.0,E:\o4a\1368973312\H1_1368981504_1368985600.hdf5,1368981504.0,1368985600.0,H1,O4a,0.06795119494199753,298
1368983364.0,1368983396.0,E:\o4a\1368973312\H1_1368981504_1368985600.hdf5,1368981504.0,1368985600.0,H1,O4a,0.06077964976429939,298
1368983428.0,1368983460.0,E:\o4a\1368973312\H1_1368981504_1368985600.hdf5,1368981504.0,1368985600.0,H1,O4a,0.07111141085624695,298
1368983492.0,1368983524.0,E:\o4a\1368973312\H1_1368981504_1368985600.hdf5,1368981504.0,1368985600.0,H1,O4a,0.04983891546726227,298
1368983556.0,1368983588.0,E:\o4a\1368973312\H1_1368981504_1368985600.hdf5,1368981504.0,1368985600.0,H1,O4a,0.05905202031135559,298
1368983620.0,1368983652.0,E:\o4a\1368973312\H1_1368981504_1368985600.hdf5,1368981504.0,1368985600.0,H1,O4a,0.059875909239053726,298
1368983684.0,1368983716.0,E:\o4a\1368973312\H1_1368981504_1368985600.hdf5,1368981504.0,1368985600.0,H1,O4a,0.054392535239458084,298
1368983748.0,1368983780.0,E:\o4a\1368973312\H1_1368981504_1368985600.hdf5,1368981504.0,1368985600.0,H1,O4a,0.06500690430402756,298
1368983812.0,1368983844.0,E:\o4a\1368973312\H1_1368981504_1368985600.hdf5,1368981504.0,1368985600.0,H1,O4a,0.05911603942513466,298
1368983876.0,1368983908.0,E:\o4a\1368973312\H1_1368981504_1368985600.hdf5,1368981504.0,1368985600.0,H1,O4a,0.06792955100536346,298
1368983940.0,1368983972.0,E:\o4a\1368973312\H1_1368981504_1368985600.hdf5,1368981504.0,1368985600.0,H1,O4a,0.06211245059967041,298
1368984004.0,1368984036.0,E:\o4a\1368973312\H1_1368981504_1368985600.hdf5,1368981504.0,1368985600.0,H1,O4a,0.07077113538980484,298
1368984068.0,1368984100.0,E:\o4a\1368973312\H1_1368981504_1368985600.hdf5,1368981504.0,1368985600.0,H1,O4a,0.05990400165319443,298
1368984132.0,1368984164.0,E:\o4a\1368973312\H1_1368981504_1368985600.hdf5,1368981504.0,1368985600.0,H1,O4a,0.05614375323057175,298
1368984196.0,1368984228.0,E:\o4a\1368973312\H1_1368981504_1368985600.hdf5,1368981504.0,1368985600.0,H1,O4a,0.07087361067533493,299
1368984260.0,1368984292.0,E:\o4a\1368973312\H1_1368981504_1368985600.hdf5,1368981504.0,1368985600.0,H1,O4a,0.05900472775101662,299
1368984324.0,1368984356.0,E:\o4a\1368973312\H1_1368981504_1368985600.hdf5,1368981504.0,1368985600.0,H1,O4a,0.05874590575695038,299
1368984388.0,1368984420.0,E:\o4a\1368973312\H1_1368981504_1368985600.hdf5,1368981504.0,1368985600.0,H1,O4a,0.06552796065807343,299
1368984452.0,1368984484.0,E:\o4a\1368973312\H1_1368981504_1368985600.hdf5,1368981504.0,1368985600.0,H1,O4a,0.13970330357551575,299
1368984516.0,1368984548.0,E:\o4a\1368973312\H1_1368981504_1368985600.hdf5,1368981504.0,1368985600.0,H1,O4a,0.07403319329023361,299
1368984580.0,1368984612.0,E:\o4a\1368973312\H1_1368981504_1368985600.hdf5,1368981504.0,1368985600.0,H1,O4a,0.06408733874559402,299
1368984644.0,1368984676.0,E:\o4a\1368973312\H1_1368981504_1368985600.hdf5,1368981504.0,1368985600.0,H1,O4a,0.057718291878700256,299
1368984708.0,1368984740.0,E:\o4a\1368973312\H1_1368981504_1368985600.hdf5,1368981504.0,1368985600.0,H1,O4a,0.09154997020959854,299
1368984772.0,1368984804.0,E:\o4a\1368973312\H1_1368981504_1368985600.hdf5,1368981504.0,1368985600.0,H1,O4a,0.05579996481537819,299
1368984836.0,1368984868.0,E:\o4a\1368973312\H1_1368981504_1368985600.hdf5,1368981504.0,1368985600.0,H1,O4a,0.0817524865269661,299
1368984900.0,1368984932.0,E:\o4a\1368973312\H1_1368981504_1368985600.hdf5,1368981504.0,1368985600.0,H1,O4a,0.06730133295059204,299
1368984964.0,1368984996.0,E:\o4a\1368973312\H1_1368981504_1368985600.hdf5,1368981504.0,1368985600.0,H1,O4a,0.40057864785194397,299
1368985028.0,1368985060.0,E:\o4a\1368973312\H1_1368981504_1368985600.hdf5,1368981504.0,1368985600.0,H1,O4a,0.06213782727718353,299
1368985092.0,1368985124.0,E:\o4a\1368973312\H1_1368981504_1368985600.hdf5,1368981504.0,1368985600.0,H1,O4a,0.06798326969146729,299
1368985156.0,1368985188.0,E:\o4a\1368973312\H1_1368981504_1368985600.hdf5,1368981504.0,1368985600.0,H1,O4a,0.09311999380588531,299
1368985220.0,1368985252.0,E:\o4a\1368973312\H1_1368981504_1368985600.hdf5,1368981504.0,1368985600.0,H1,O4a,0.07101810723543167,299
1368988356.0,1368988388.0,E:\o4a\1368973312\H1_1368985600_1368989696.hdf5,1368985600.0,1368989696.0,H1,O4a,0.058345191180706024,300
1368988420.0,1368988452.0,E:\o4a\1368973312\H1_1368985600_1368989696.hdf5,1368985600.0,1368989696.0,H1,O4a,0.05764177441596985,300
1368988484.0,1368988516.0,E:\o4a\1368973312\H1_1368985600_1368989696.hdf5,1368985600.0,1368989696.0,H1,O4a,0.05731522664427757,300
1368988548.0,1368988580.0,E:\o4a\1368973312\H1_1368985600_1368989696.hdf5,1368985600.0,1368989696.0,H1,O4a,0.06224469467997551,300
1368988612.0,1368988644.0,E:\o4a\1368973312\H1_1368985600_1368989696.hdf5,1368985600.0,1368989696.0,H1,O4a,0.06584811210632324,300
1368988676.0,1368988708.0,E:\o4a\1368973312\H1_1368985600_1368989696.hdf5,1368985600.0,1368989696.0,H1,O4a,0.07868114113807678,300
1368988740.0,1368988772.0,E:\o4a\1368973312\H1_1368985600_1368989696.hdf5,1368985600.0,1368989696.0,H1,O4a,0.0586169995367527,300
1368988804.0,1368988836.0,E:\o4a\1368973312\H1_1368985600_1368989696.hdf5,1368985600.0,1368989696.0,H1,O4a,0.0631791278719902,300
1368988868.0,1368988900.0,E:\o4a\1368973312\H1_1368985600_1368989696.hdf5,1368985600.0,1368989696.0,H1,O4a,0.06381292641162872,300
1368988932.0,1368988964.0,E:\o4a\1368973312\H1_1368985600_1368989696.hdf5,1368985600.0,1368989696.0,H1,O4a,0.05634712800383568,300
1368988996.0,1368989028.0,E:\o4a\1368973312\H1_1368985600_1368989696.hdf5,1368985600.0,1368989696.0,H1,O4a,0.0578041635453701,300
1368989060.0,1368989092.0,E:\o4a\1368973312\H1_1368985600_1368989696.hdf5,1368985600.0,1368989696.0,H1,O4a,0.060448143631219864,300
1368989124.0,1368989156.0,E:\o4a\1368973312\H1_1368985600_1368989696.hdf5,1368985600.0,1368989696.0,H1,O4a,0.0921698585152626,300
1368989188.0,1368989220.0,E:\o4a\1368973312\H1_1368985600_1368989696.hdf5,1368985600.0,1368989696.0,H1,O4a,0.057582177221775055,300
1368989252.0,1368989284.0,E:\o4a\1368973312\H1_1368985600_1368989696.hdf5,1368985600.0,1368989696.0,H1,O4a,0.09701749682426453,300
1368989316.0,1368989348.0,E:\o4a\1368973312\H1_1368985600_1368989696.hdf5,1368985600.0,1368989696.0,H1,O4a,0.0687548816204071,300
1368989380.0,1368989412.0,E:\o4a\1368973312\H1_1368985600_1368989696.hdf5,1368985600.0,1368989696.0,H1,O4a,0.06250680238008499,300
1368989700.0,1368989732.0,E:\o4a\1368973312\H1_1368989696_1368993792.hdf5,1368989696.0,1368993792.0,H1,O4a,0.0569637306034565,301
1368989764.0,1368989796.0,E:\o4a\1368973312\H1_1368989696_1368993792.hdf5,1368989696.0,1368993792.0,H1,O4a,0.057221680879592896,301
1368989828.0,1368989860.0,E:\o4a\1368973312\H1_1368989696_1368993792.hdf5,1368989696.0,1368993792.0,H1,O4a,0.06608164310455322,301
1368989892.0,1368989924.0,E:\o4a\1368973312\H1_1368989696_1368993792.hdf5,1368989696.0,1368993792.0,H1,O4a,0.0670982152223587,301
1368989956.0,1368989988.0,E:\o4a\1368973312\H1_1368989696_1368993792.hdf5,1368989696.0,1368993792.0,H1,O4a,0.055643290281295776,301
1368990020.0,1368990052.0,E:\o4a\1368973312\H1_1368989696_1368993792.hdf5,1368989696.0,1368993792.0,H1,O4a,0.07556355744600296,301
1368990084.0,1368990116.0,E:\o4a\1368973312\H1_1368989696_1368993792.hdf5,1368989696.0,1368993792.0,H1,O4a,0.056351855397224426,301
1368990148.0,1368990180.0,E:\o4a\1368973312\H1_1368989696_1368993792.hdf5,1368989696.0,1368993792.0,H1,O4a,0.060158099979162216,301
1368990212.0,1368990244.0,E:\o4a\1368973312\H1_1368989696_1368993792.hdf5,1368989696.0,1368993792.0,H1,O4a,0.06644397974014282,301
1368990276.0,1368990308.0,E:\o4a\1368973312\H1_1368989696_1368993792.hdf5,1368989696.0,1368993792.0,H1,O4a,0.07047928124666214,301
1368990340.0,1368990372.0,E:\o4a\1368973312\H1_1368989696_1368993792.hdf5,1368989696.0,1368993792.0,H1,O4a,0.06238802894949913,301
1368990404.0,1368990436.0,E:\o4a\1368973312\H1_1368989696_1368993792.hdf5,1368989696.0,1368993792.0,H1,O4a,0.0685867965221405,301
1368990468.0,1368990500.0,E:\o4a\1368973312\H1_1368989696_1368993792.hdf5,1368989696.0,1368993792.0,H1,O4a,0.055428266525268555,301
1368990532.0,1368990564.0,E:\o4a\1368973312\H1_1368989696_1368993792.hdf5,1368989696.0,1368993792.0,H1,O4a,0.0707004964351654,301
1368990596.0,1368990628.0,E:\o4a\1368973312\H1_1368989696_1368993792.hdf5,1368989696.0,1368993792.0,H1,O4a,0.059659574180841446,301
1368990660.0,1368990692.0,E:\o4a\1368973312\H1_1368989696_1368993792.hdf5,1368989696.0,1368993792.0,H1,O4a,0.06810350716114044,301
1368990724.0,1368990756.0,E:\o4a\1368973312\H1_1368989696_1368993792.hdf5,1368989696.0,1368993792.0,H1,O4a,0.06818228960037231,301
1368990788.0,1368990820.0,E:\o4a\1368973312\H1_1368989696_1368993792.hdf5,1368989696.0,1368993792.0,H1,O4a,0.0677526667714119,302
1368990852.0,1368990884.0,E:\o4a\1368973312\H1_1368989696_1368993792.hdf5,1368989696.0,1368993792.0,H1,O4a,0.06451115012168884,302
1368990916.0,1368990948.0,E:\o4a\1368973312\H1_1368989696_1368993792.hdf5,1368989696.0,1368993792.0,H1,O4a,0.0579514242708683,302
1368990980.0,1368991012.0,E:\o4a\1368973312\H1_1368989696_1368993792.hdf5,1368989696.0,1368993792.0,H1,O4a,0.06022127345204353,302
1368991044.0,1368991076.0,E:\o4a\1368973312\H1_1368989696_1368993792.hdf5,1368989696.0,1368993792.0,H1,O4a,0.06477218866348267,302
1368991108.0,1368991140.0,E:\o4a\1368973312\H1_1368989696_1368993792.hdf5,1368989696.0,1368993792.0,H1,O4a,0.0711575299501419,302
1368991172.0,1368991204.0,E:\o4a\1368973312\H1_1368989696_1368993792.hdf5,1368989696.0,1368993792.0,H1,O4a,0.06394302099943161,302
1368991236.0,1368991268.0,E:\o4a\1368973312\H1_1368989696_1368993792.hdf5,1368989696.0,1368993792.0,H1,O4a,0.07305841147899628,302
1368991300.0,1368991332.0,E:\o4a\1368973312\H1_1368989696_1368993792.hdf5,1368989696.0,1368993792.0,H1,O4a,0.05369575694203377,302
1368991364.0,1368991396.0,E:\o4a\1368973312\H1_1368989696_1368993792.hdf5,1368989696.0,1368993792.0,H1,O4a,0.058831214904785156,302
1368991428.0,1368991460.0,E:\o4a\1368973312\H1_1368989696_1368993792.hdf5,1368989696.0,1368993792.0,H1,O4a,0.06102333217859268,302
1368991492.0,1368991524.0,E:\o4a\1368973312\H1_1368989696_1368993792.hdf5,1368989696.0,1368993792.0,H1,O4a,0.10845420509576797,302
1368991556.0,1368991588.0,E:\o4a\1368973312\H1_1368989696_1368993792.hdf5,1368989696.0,1368993792.0,H1,O4a,0.06445860862731934,302
1368991620.0,1368991652.0,E:\o4a\1368973312\H1_1368989696_1368993792.hdf5,1368989696.0,1368993792.0,H1,O4a,0.06409136950969696,302
1368991684.0,1368991716.0,E:\o4a\1368973312\H1_1368989696_1368993792.hdf5,1368989696.0,1368993792.0,H1,O4a,0.06602003425359726,302
1368991748.0,1368991780.0,E:\o4a\1368973312\H1_1368989696_1368993792.hdf5,1368989696.0,1368993792.0,H1,O4a,0.06714028865098953,302
1368991812.0,1368991844.0,E:\o4a\1368973312\H1_1368989696_1368993792.hdf5,1368989696.0,1368993792.0,H1,O4a,0.05977340415120125,302
1368994948.0,1368994980.0,E:\o4a\1368973312\H1_1368993792_1368997888.hdf5,1368993792.0,1368997888.0,H1,O4a,0.05840633064508438,304
1368995012.0,1368995044.0,E:\o4a\1368973312\H1_1368993792_1368997888.hdf5,1368993792.0,1368997888.0,H1,O4a,0.07579714059829712,304
1368995076.0,1368995108.0,E:\o4a\1368973312\H1_1368993792_1368997888.hdf5,1368993792.0,1368997888.0,H1,O4a,0.06244232505559921,304
1368995140.0,1368995172.0,E:\o4a\1368973312\H1_1368993792_1368997888.hdf5,1368993792.0,1368997888.0,H1,O4a,0.06093297153711319,304
1368995204.0,1368995236.0,E:\o4a\1368973312\H1_1368993792_1368997888.hdf5,1368993792.0,1368997888.0,H1,O4a,0.05596263334155083,304
1368995268.0,1368995300.0,E:\o4a\1368973312\H1_1368993792_1368997888.hdf5,1368993792.0,1368997888.0,H1,O4a,0.05830813944339752,304
1368995332.0,1368995364.0,E:\o4a\1368973312\H1_1368993792_1368997888.hdf5,1368993792.0,1368997888.0,H1,O4a,0.08242268115282059,304
1368995396.0,1368995428.0,E:\o4a\1368973312\H1_1368993792_1368997888.hdf5,1368993792.0,1368997888.0,H1,O4a,0.05830759182572365,304
1368995460.0,1368995492.0,E:\o4a\1368973312\H1_1368993792_1368997888.hdf5,1368993792.0,1368997888.0,H1,O4a,0.06048568710684776,304
1368995524.0,1368995556.0,E:\o4a\1368973312\H1_1368993792_1368997888.hdf5,1368993792.0,1368997888.0,H1,O4a,0.06701309233903885,304
1368995588.0,1368995620.0,E:\o4a\1368973312\H1_1368993792_1368997888.hdf5,1368993792.0,1368997888.0,H1,O4a,0.06122788414359093,304
1368995652.0,1368995684.0,E:\o4a\1368973312\H1_1368993792_1368997888.hdf5,1368993792.0,1368997888.0,H1,O4a,0.06484612077474594,304
1368995716.0,1368995748.0,E:\o4a\1368973312\H1_1368993792_1368997888.hdf5,1368993792.0,1368997888.0,H1,O4a,0.0535878986120224,304
1368995780.0,1368995812.0,E:\o4a\1368973312\H1_1368993792_1368997888.hdf5,1368993792.0,1368997888.0,H1,O4a,0.06987816840410233,304
1368995844.0,1368995876.0,E:\o4a\1368973312\H1_1368993792_1368997888.hdf5,1368993792.0,1368997888.0,H1,O4a,0.06145205348730087,304
1368995908.0,1368995940.0,E:\o4a\1368973312\H1_1368993792_1368997888.hdf5,1368993792.0,1368997888.0,H1,O4a,0.05988461151719093,304
1368995972.0,1368996004.0,E:\o4a\1368973312\H1_1368993792_1368997888.hdf5,1368993792.0,1368997888.0,H1,O4a,0.0611889511346817,304
1369186308.0,1369186340.0,E:\o4a\1368973312\H1_1369186304_1369190400.hdf5,1369186304.0,1369190400.0,H1,O4a,0.0668688639998436,311
1369186372.0,1369186404.0,E:\o4a\1368973312\H1_1369186304_1369190400.hdf5,1369186304.0,1369190400.0,H1,O4a,0.07173718512058258,311
1369186436.0,1369186468.0,E:\o4a\1368973312\H1_1369186304_1369190400.hdf5,1369186304.0,1369190400.0,H1,O4a,0.05489954724907875,311
1369186500.0,1369186532.0,E:\o4a\1368973312\H1_1369186304_1369190400.hdf5,1369186304.0,1369190400.0,H1,O4a,0.08457858115434647,311
1369186564.0,1369186596.0,E:\o4a\1368973312\H1_1369186304_1369190400.hdf5,1369186304.0,1369190400.0,H1,O4a,0.0822034403681755,311
1369186628.0,1369186660.0,E:\o4a\1368973312\H1_1369186304_1369190400.hdf5,1369186304.0,1369190400.0,H1,O4a,0.07086417078971863,311
1369186692.0,1369186724.0,E:\o4a\1368973312\H1_1369186304_1369190400.hdf5,1369186304.0,1369190400.0,H1,O4a,0.06681162118911743,311
1369186756.0,1369186788.0,E:\o4a\1368973312\H1_1369186304_1369190400.hdf5,1369186304.0,1369190400.0,H1,O4a,0.0541825033724308,311
1369186820.0,1369186852.0,E:\o4a\1368973312\H1_1369186304_1369190400.hdf5,1369186304.0,1369190400.0,H1,O4a,0.08247203379869461,311
1369186884.0,1369186916.0,E:\o4a\1368973312\H1_1369186304_1369190400.hdf5,1369186304.0,1369190400.0,H1,O4a,0.058686722069978714,311
1369186948.0,1369186980.0,E:\o4a\1368973312\H1_1369186304_1369190400.hdf5,1369186304.0,1369190400.0,H1,O4a,0.056420065462589264,311
1369187012.0,1369187044.0,E:\o4a\1368973312\H1_1369186304_1369190400.hdf5,1369186304.0,1369190400.0,H1,O4a,0.060874175280332565,311
1369187076.0,1369187108.0,E:\o4a\1368973312\H1_1369186304_1369190400.hdf5,1369186304.0,1369190400.0,H1,O4a,0.06779412180185318,311
1369187140.0,1369187172.0,E:\o4a\1368973312\H1_1369186304_1369190400.hdf5,1369186304.0,1369190400.0,H1,O4a,0.05975151062011719,311
1369187204.0,1369187236.0,E:\o4a\1368973312\H1_1369186304_1369190400.hdf5,1369186304.0,1369190400.0,H1,O4a,0.05879978463053703,311
1369187268.0,1369187300.0,E:\o4a\1368973312\H1_1369186304_1369190400.hdf5,1369186304.0,1369190400.0,H1,O4a,0.07183870673179626,311
1369187332.0,1369187364.0,E:\o4a\1368973312\H1_1369186304_1369190400.hdf5,1369186304.0,1369190400.0,H1,O4a,0.07542229443788528,311
1369187396.0,1369187428.0,E:\o4a\1368973312\H1_1369186304_1369190400.hdf5,1369186304.0,1369190400.0,H1,O4a,0.06652919203042984,312
1369187460.0,1369187492.0,E:\o4a\1368973312\H1_1369186304_1369190400.hdf5,1369186304.0,1369190400.0,H1,O4a,0.07986698299646378,312
1369187524.0,1369187556.0,E:\o4a\1368973312\H1_1369186304_1369190400.hdf5,1369186304.0,1369190400.0,H1,O4a,0.060008540749549866,312
1369187588.0,1369187620.0,E:\o4a\1368973312\H1_1369186304_1369190400.hdf5,1369186304.0,1369190400.0,H1,O4a,0.06333541870117188,312
1369187652.0,1369187684.0,E:\o4a\1368973312\H1_1369186304_1369190400.hdf5,1369186304.0,1369190400.0,H1,O4a,0.05927123874425888,312
1369187716.0,1369187748.0,E:\o4a\1368973312\H1_1369186304_1369190400.hdf5,1369186304.0,1369190400.0,H1,O4a,0.058428213000297546,312
1369187780.0,1369187812.0,E:\o4a\1368973312\H1_1369186304_1369190400.hdf5,1369186304.0,1369190400.0,H1,O4a,0.05588046461343765,312
1369187844.0,1369187876.0,E:\o4a\1368973312\H1_1369186304_1369190400.hdf5,1369186304.0,1369190400.0,H1,O4a,0.05929044261574745,312
1369187908.0,1369187940.0,E:\o4a\1368973312\H1_1369186304_1369190400.hdf5,1369186304.0,1369190400.0,H1,O4a,0.07184325903654099,312
1369187972.0,1369188004.0,E:\o4a\1368973312\H1_1369186304_1369190400.hdf5,1369186304.0,1369190400.0,H1,O4a,0.06310553848743439,312
1369188036.0,1369188068.0,E:\o4a\1368973312\H1_1369186304_1369190400.hdf5,1369186304.0,1369190400.0,H1,O4a,0.05451248586177826,312
1369188100.0,1369188132.0,E:\o4a\1368973312\H1_1369186304_1369190400.hdf5,1369186304.0,1369190400.0,H1,O4a,0.05610964447259903,312
1369188164.0,1369188196.0,E:\o4a\1368973312\H1_1369186304_1369190400.hdf5,1369186304.0,1369190400.0,H1,O4a,0.05423255264759064,312
1369188228.0,1369188260.0,E:\o4a\1368973312\H1_1369186304_1369190400.hdf5,1369186304.0,1369190400.0,H1,O4a,0.06415244191884995,312
1369188292.0,1369188324.0,E:\o4a\1368973312\H1_1369186304_1369190400.hdf5,1369186304.0,1369190400.0,H1,O4a,0.06083989143371582,312
1369188356.0,1369188388.0,E:\o4a\1368973312\H1_1369186304_1369190400.hdf5,1369186304.0,1369190400.0,H1,O4a,0.05819030478596687,312
1369188420.0,1369188452.0,E:\o4a\1368973312\H1_1369186304_1369190400.hdf5,1369186304.0,1369190400.0,H1,O4a,0.06023457646369934,312
1369191556.0,1369191588.0,E:\o4a\1368973312\H1_1369190400_1369194496.hdf5,1369190400.0,1369194496.0,H1,O4a,0.052237022668123245,313
1369191620.0,1369191652.0,E:\o4a\1368973312\H1_1369190400_1369194496.hdf5,1369190400.0,1369194496.0,H1,O4a,0.06436959654092789,313
1369191684.0,1369191716.0,E:\o4a\1368973312\H1_1369190400_1369194496.hdf5,1369190400.0,1369194496.0,H1,O4a,0.059629131108522415,313
1369191748.0,1369191780.0,E:\o4a\1368973312\H1_1369190400_1369194496.hdf5,1369190400.0,1369194496.0,H1,O4a,0.05544700473546982,313
1369191812.0,1369191844.0,E:\o4a\1368973312\H1_1369190400_1369194496.hdf5,1369190400.0,1369194496.0,H1,O4a,0.05930535867810249,313
1369191876.0,1369191908.0,E:\o4a\1368973312\H1_1369190400_1369194496.hdf5,1369190400.0,1369194496.0,H1,O4a,0.05337737128138542,313
1369191940.0,1369191972.0,E:\o4a\1368973312\H1_1369190400_1369194496.hdf5,1369190400.0,1369194496.0,H1,O4a,0.06260539591312408,313
1369192004.0,1369192036.0,E:\o4a\1368973312\H1_1369190400_1369194496.hdf5,1369190400.0,1369194496.0,H1,O4a,0.060287896543741226,313
1369192068.0,1369192100.0,E:\o4a\1368973312\H1_1369190400_1369194496.hdf5,1369190400.0,1369194496.0,H1,O4a,0.06250453740358353,313
1369192132.0,1369192164.0,E:\o4a\1368973312\H1_1369190400_1369194496.hdf5,1369190400.0,1369194496.0,H1,O4a,0.08401352167129517,313
1369192196.0,1369192228.0,E:\o4a\1368973312\H1_1369190400_1369194496.hdf5,1369190400.0,1369194496.0,H1,O4a,0.05824238061904907,313
1369192260.0,1369192292.0,E:\o4a\1368973312\H1_1369190400_1369194496.hdf5,1369190400.0,1369194496.0,H1,O4a,0.07454993575811386,313
1369192324.0,1369192356.0,E:\o4a\1368973312\H1_1369190400_1369194496.hdf5,1369190400.0,1369194496.0,H1,O4a,0.06318709254264832,313
1369192388.0,1369192420.0,E:\o4a\1368973312\H1_1369190400_1369194496.hdf5,1369190400.0,1369194496.0,H1,O4a,0.0606912299990654,313
1369192452.0,1369192484.0,E:\o4a\1368973312\H1_1369190400_1369194496.hdf5,1369190400.0,1369194496.0,H1,O4a,0.10742375999689102,313
1369192516.0,1369192548.0,E:\o4a\1368973312\H1_1369190400_1369194496.hdf5,1369190400.0,1369194496.0,H1,O4a,0.08672311902046204,313
1369192580.0,1369192612.0,E:\o4a\1368973312\H1_1369190400_1369194496.hdf5,1369190400.0,1369194496.0,H1,O4a,0.06281770020723343,313
1369192644.0,1369192676.0,E:\o4a\1368973312\H1_1369190400_1369194496.hdf5,1369190400.0,1369194496.0,H1,O4a,0.058454323559999466,314
1369192708.0,1369192740.0,E:\o4a\1368973312\H1_1369190400_1369194496.hdf5,1369190400.0,1369194496.0,H1,O4a,0.06400604546070099,314
1369192772.0,1369192804.0,E:\o4a\1368973312\H1_1369190400_1369194496.hdf5,1369190400.0,1369194496.0,H1,O4a,0.0583048090338707,314
1369192836.0,1369192868.0,E:\o4a\1368973312\H1_1369190400_1369194496.hdf5,1369190400.0,1369194496.0,H1,O4a,0.05821356922388077,314
1369192900.0,1369192932.0,E:\o4a\1368973312\H1_1369190400_1369194496.hdf5,1369190400.0,1369194496.0,H1,O4a,0.06560385972261429,314
1369192964.0,1369192996.0,E:\o4a\1368973312\H1_1369190400_1369194496.hdf5,1369190400.0,1369194496.0,H1,O4a,0.06209501251578331,314
1369193028.0,1369193060.0,E:\o4a\1368973312\H1_1369190400_1369194496.hdf5,1369190400.0,1369194496.0,H1,O4a,0.0599837452173233,314
1369193092.0,1369193124.0,E:\o4a\1368973312\H1_1369190400_1369194496.hdf5,1369190400.0,1369194496.0,H1,O4a,0.058753568679094315,314
1369193156.0,1369193188.0,E:\o4a\1368973312\H1_1369190400_1369194496.hdf5,1369190400.0,1369194496.0,H1,O4a,0.05637690797448158,314
1369193220.0,1369193252.0,E:\o4a\1368973312\H1_1369190400_1369194496.hdf5,1369190400.0,1369194496.0,H1,O4a,0.06806247681379318,314
1369193284.0,1369193316.0,E:\o4a\1368973312\H1_1369190400_1369194496.hdf5,1369190400.0,1369194496.0,H1,O4a,0.06083740293979645,314
1369193348.0,1369193380.0,E:\o4a\1368973312\H1_1369190400_1369194496.hdf5,1369190400.0,1369194496.0,H1,O4a,0.06091143190860748,314
1369193412.0,1369193444.0,E:\o4a\1368973312\H1_1369190400_1369194496.hdf5,1369190400.0,1369194496.0,H1,O4a,0.09517213702201843,314
1369193476.0,1369193508.0,E:\o4a\1368973312\H1_1369190400_1369194496.hdf5,1369190400.0,1369194496.0,H1,O4a,0.058500442653894424,314
1369193540.0,1369193572.0,E:\o4a\1368973312\H1_1369190400_1369194496.hdf5,1369190400.0,1369194496.0,H1,O4a,0.05559168756008148,314
1369193604.0,1369193636.0,E:\o4a\1368973312\H1_1369190400_1369194496.hdf5,1369190400.0,1369194496.0,H1,O4a,0.062324412167072296,314
1369193668.0,1369193700.0,E:\o4a\1368973312\H1_1369190400_1369194496.hdf5,1369190400.0,1369194496.0,H1,O4a,0.060155875980854034,314
1369194500.0,1369194532.0,E:\o4a\1368973312\H1_1369194496_1369198592.hdf5,1369194496.0,1369198592.0,H1,O4a,0.06249138340353966,315
1369194564.0,1369194596.0,E:\o4a\1368973312\H1_1369194496_1369198592.hdf5,1369194496.0,1369198592.0,H1,O4a,0.05621473118662834,315
1369194628.0,1369194660.0,E:\o4a\1368973312\H1_1369194496_1369198592.hdf5,1369194496.0,1369198592.0,H1,O4a,0.06785492599010468,315
1369194692.0,1369194724.0,E:\o4a\1368973312\H1_1369194496_1369198592.hdf5,1369194496.0,1369198592.0,H1,O4a,0.06387690454721451,315
1369194756.0,1369194788.0,E:\o4a\1368973312\H1_1369194496_1369198592.hdf5,1369194496.0,1369198592.0,H1,O4a,0.0563160739839077,315
1369194820.0,1369194852.0,E:\o4a\1368973312\H1_1369194496_1369198592.hdf5,1369194496.0,1369198592.0,H1,O4a,0.061655569821596146,315
1369194884.0,1369194916.0,E:\o4a\1368973312\H1_1369194496_1369198592.hdf5,1369194496.0,1369198592.0,H1,O4a,0.06351803243160248,315
1369194948.0,1369194980.0,E:\o4a\1368973312\H1_1369194496_1369198592.hdf5,1369194496.0,1369198592.0,H1,O4a,0.054357126355171204,315
1369195012.0,1369195044.0,E:\o4a\1368973312\H1_1369194496_1369198592.hdf5,1369194496.0,1369198592.0,H1,O4a,0.07511080801486969,315
1369195076.0,1369195108.0,E:\o4a\1368973312\H1_1369194496_1369198592.hdf5,1369194496.0,1369198592.0,H1,O4a,0.05443546548485756,315
1369195140.0,1369195172.0,E:\o4a\1368973312\H1_1369194496_1369198592.hdf5,1369194496.0,1369198592.0,H1,O4a,0.07047683745622635,315
1369195204.0,1369195236.0,E:\o4a\1368973312\H1_1369194496_1369198592.hdf5,1369194496.0,1369198592.0,H1,O4a,0.06177346780896187,315
1369195268.0,1369195300.0,E:\o4a\1368973312\H1_1369194496_1369198592.hdf5,1369194496.0,1369198592.0,H1,O4a,0.06033308431506157,315
1369195332.0,1369195364.0,E:\o4a\1368973312\H1_1369194496_1369198592.hdf5,1369194496.0,1369198592.0,H1,O4a,0.06318248808383942,315
1369195396.0,1369195428.0,E:\o4a\1368973312\H1_1369194496_1369198592.hdf5,1369194496.0,1369198592.0,H1,O4a,0.08044920116662979,315
1369195460.0,1369195492.0,E:\o4a\1368973312\H1_1369194496_1369198592.hdf5,1369194496.0,1369198592.0,H1,O4a,0.05810641497373581,315
1369195524.0,1369195556.0,E:\o4a\1368973312\H1_1369194496_1369198592.hdf5,1369194496.0,1369198592.0,H1,O4a,0.05332654342055321,315
1369196164.0,1369196196.0,E:\o4a\1368973312\H1_1369194496_1369198592.hdf5,1369194496.0,1369198592.0,H1,O4a,0.07438282668590546,316
1369196228.0,1369196260.0,E:\o4a\1368973312\H1_1369194496_1369198592.hdf5,1369194496.0,1369198592.0,H1,O4a,0.07344908267259598,316
1369196292.0,1369196324.0,E:\o4a\1368973312\H1_1369194496_1369198592.hdf5,1369194496.0,1369198592.0,H1,O4a,0.06336342543363571,316
1369196356.0,1369196388.0,E:\o4a\1368973312\H1_1369194496_1369198592.hdf5,1369194496.0,1369198592.0,H1,O4a,0.05769629776477814,316
1369196420.0,1369196452.0,E:\o4a\1368973312\H1_1369194496_1369198592.hdf5,1369194496.0,1369198592.0,H1,O4a,0.06412189453840256,316
1369196484.0,1369196516.0,E:\o4a\1368973312\H1_1369194496_1369198592.hdf5,1369194496.0,1369198592.0,H1,O4a,0.06118449196219444,316
1369196548.0,1369196580.0,E:\o4a\1368973312\H1_1369194496_1369198592.hdf5,1369194496.0,1369198592.0,H1,O4a,0.06152850016951561,316
1369196612.0,1369196644.0,E:\o4a\1368973312\H1_1369194496_1369198592.hdf5,1369194496.0,1369198592.0,H1,O4a,0.05629025399684906,316
1369196676.0,1369196708.0,E:\o4a\1368973312\H1_1369194496_1369198592.hdf5,1369194496.0,1369198592.0,H1,O4a,0.07987767457962036,316
1369196740.0,1369196772.0,E:\o4a\1368973312\H1_1369194496_1369198592.hdf5,1369194496.0,1369198592.0,H1,O4a,0.07406806200742722,316
1369196804.0,1369196836.0,E:\o4a\1368973312\H1_1369194496_1369198592.hdf5,1369194496.0,1369198592.0,H1,O4a,0.08035162091255188,316
1369196868.0,1369196900.0,E:\o4a\1368973312\H1_1369194496_1369198592.hdf5,1369194496.0,1369198592.0,H1,O4a,0.058552466332912445,316
1369196932.0,1369196964.0,E:\o4a\1368973312\H1_1369194496_1369198592.hdf5,1369194496.0,1369198592.0,H1,O4a,0.11494794487953186,316
1369196996.0,1369197028.0,E:\o4a\1368973312\H1_1369194496_1369198592.hdf5,1369194496.0,1369198592.0,H1,O4a,0.05994029715657234,316
1369197060.0,1369197092.0,E:\o4a\1368973312\H1_1369194496_1369198592.hdf5,1369194496.0,1369198592.0,H1,O4a,0.06747610867023468,316
1369197124.0,1369197156.0,E:\o4a\1368973312\H1_1369194496_1369198592.hdf5,1369194496.0,1369198592.0,H1,O4a,0.07189563661813736,316
1369197188.0,1369197220.0,E:\o4a\1368973312\H1_1369194496_1369198592.hdf5,1369194496.0,1369198592.0,H1,O4a,0.060928136110305786,316
1369198724.0,1369198756.0,E:\o4a\1368973312\H1_1369198592_1369202688.hdf5,1369198592.0,1369202688.0,H1,O4a,0.06331779062747955,317
1369198788.0,1369198820.0,E:\o4a\1368973312\H1_1369198592_1369202688.hdf5,1369198592.0,1369202688.0,H1,O4a,0.05452826991677284,317
1369198852.0,1369198884.0,E:\o4a\1368973312\H1_1369198592_1369202688.hdf5,1369198592.0,1369202688.0,H1,O4a,0.05487309396266937,317
1369198916.0,1369198948.0,E:\o4a\1368973312\H1_1369198592_1369202688.hdf5,1369198592.0,1369202688.0,H1,O4a,0.06352981179952621,317
1369198980.0,1369199012.0,E:\o4a\1368973312\H1_1369198592_1369202688.hdf5,1369198592.0,1369202688.0,H1,O4a,0.06150021404027939,317
1369199044.0,1369199076.0,E:\o4a\1368973312\H1_1369198592_1369202688.hdf5,1369198592.0,1369202688.0,H1,O4a,0.07155615091323853,317
1369199108.0,1369199140.0,E:\o4a\1368973312\H1_1369198592_1369202688.hdf5,1369198592.0,1369202688.0,H1,O4a,0.0637020543217659,317
1369199172.0,1369199204.0,E:\o4a\1368973312\H1_1369198592_1369202688.hdf5,1369198592.0,1369202688.0,H1,O4a,0.06430277228355408,317
1369199236.0,1369199268.0,E:\o4a\1368973312\H1_1369198592_1369202688.hdf5,1369198592.0,1369202688.0,H1,O4a,0.05851125344634056,317
1369199300.0,1369199332.0,E:\o4a\1368973312\H1_1369198592_1369202688.hdf5,1369198592.0,1369202688.0,H1,O4a,0.06444138288497925,317
1369199364.0,1369199396.0,E:\o4a\1368973312\H1_1369198592_1369202688.hdf5,1369198592.0,1369202688.0,H1,O4a,0.07063455879688263,317
1369199428.0,1369199460.0,E:\o4a\1368973312\H1_1369198592_1369202688.hdf5,1369198592.0,1369202688.0,H1,O4a,0.06195405125617981,317
1369199492.0,1369199524.0,E:\o4a\1368973312\H1_1369198592_1369202688.hdf5,1369198592.0,1369202688.0,H1,O4a,0.08775873482227325,317
1369199556.0,1369199588.0,E:\o4a\1368973312\H1_1369198592_1369202688.hdf5,1369198592.0,1369202688.0,H1,O4a,0.053102727979421616,317
1369199620.0,1369199652.0,E:\o4a\1368973312\H1_1369198592_1369202688.hdf5,1369198592.0,1369202688.0,H1,O4a,0.11285682767629623,317
1369199684.0,1369199716.0,E:\o4a\1368973312\H1_1369198592_1369202688.hdf5,1369198592.0,1369202688.0,H1,O4a,0.05840586870908737,317
1369199748.0,1369199780.0,E:\o4a\1368973312\H1_1369198592_1369202688.hdf5,1369198592.0,1369202688.0,H1,O4a,0.060047633945941925,317
1369207684.0,1369207716.0,E:\o4a\1368973312\H1_1369206784_1369210880.hdf5,1369206784.0,1369210880.0,H1,O4a,0.07009410858154297,322
1369207748.0,1369207780.0,E:\o4a\1368973312\H1_1369206784_1369210880.hdf5,1369206784.0,1369210880.0,H1,O4a,0.058462683111429214,322
1369207812.0,1369207844.0,E:\o4a\1368973312\H1_1369206784_1369210880.hdf5,1369206784.0,1369210880.0,H1,O4a,0.05792871490120888,322
1369207876.0,1369207908.0,E:\o4a\1368973312\H1_1369206784_1369210880.hdf5,1369206784.0,1369210880.0,H1,O4a,0.05494702234864235,322
1369207940.0,1369207972.0,E:\o4a\1368973312\H1_1369206784_1369210880.hdf5,1369206784.0,1369210880.0,H1,O4a,0.07392089813947678,322
1369208004.0,1369208036.0,E:\o4a\1368973312\H1_1369206784_1369210880.hdf5,1369206784.0,1369210880.0,H1,O4a,0.060399364680051804,322
1369208068.0,1369208100.0,E:\o4a\1368973312\H1_1369206784_1369210880.hdf5,1369206784.0,1369210880.0,H1,O4a,0.057534702122211456,322
1369208132.0,1369208164.0,E:\o4a\1368973312\H1_1369206784_1369210880.hdf5,1369206784.0,1369210880.0,H1,O4a,0.053860992193222046,322
1369208196.0,1369208228.0,E:\o4a\1368973312\H1_1369206784_1369210880.hdf5,1369206784.0,1369210880.0,H1,O4a,0.0746624767780304,322
1369208260.0,1369208292.0,E:\o4a\1368973312\H1_1369206784_1369210880.hdf5,1369206784.0,1369210880.0,H1,O4a,0.07025022059679031,322
1369208324.0,1369208356.0,E:\o4a\1368973312\H1_1369206784_1369210880.hdf5,1369206784.0,1369210880.0,H1,O4a,0.059217896312475204,322
1369208388.0,1369208420.0,E:\o4a\1368973312\H1_1369206784_1369210880.hdf5,1369206784.0,1369210880.0,H1,O4a,0.06195490434765816,322
1369208452.0,1369208484.0,E:\o4a\1368973312\H1_1369206784_1369210880.hdf5,1369206784.0,1369210880.0,H1,O4a,0.06961209326982498,322
1369208516.0,1369208548.0,E:\o4a\1368973312\H1_1369206784_1369210880.hdf5,1369206784.0,1369210880.0,H1,O4a,0.06109176576137543,322
1369208580.0,1369208612.0,E:\o4a\1368973312\H1_1369206784_1369210880.hdf5,1369206784.0,1369210880.0,H1,O4a,0.060197193175554276,322
1369208644.0,1369208676.0,E:\o4a\1368973312\H1_1369206784_1369210880.hdf5,1369206784.0,1369210880.0,H1,O4a,0.06464271992444992,322
1369208708.0,1369208740.0,E:\o4a\1368973312\H1_1369206784_1369210880.hdf5,1369206784.0,1369210880.0,H1,O4a,0.06377455592155457,322
1369208772.0,1369208804.0,E:\o4a\1368973312\H1_1369206784_1369210880.hdf5,1369206784.0,1369210880.0,H1,O4a,0.05882638320326805,323
1369208836.0,1369208868.0,E:\o4a\1368973312\H1_1369206784_1369210880.hdf5,1369206784.0,1369210880.0,H1,O4a,0.06640089303255081,323
1369208900.0,1369208932.0,E:\o4a\1368973312\H1_1369206784_1369210880.hdf5,1369206784.0,1369210880.0,H1,O4a,0.057965923100709915,323
1369208964.0,1369208996.0,E:\o4a\1368973312\H1_1369206784_1369210880.hdf5,1369206784.0,1369210880.0,H1,O4a,0.05619054660201073,323
1369209028.0,1369209060.0,E:\o4a\1368973312\H1_1369206784_1369210880.hdf5,1369206784.0,1369210880.0,H1,O4a,0.06492634117603302,323
1369209092.0,1369209124.0,E:\o4a\1368973312\H1_1369206784_1369210880.hdf5,1369206784.0,1369210880.0,H1,O4a,0.05094132199883461,323
1369209156.0,1369209188.0,E:\o4a\1368973312\H1_1369206784_1369210880.hdf5,1369206784.0,1369210880.0,H1,O4a,0.06423166394233704,323
1369209220.0,1369209252.0,E:\o4a\1368973312\H1_1369206784_1369210880.hdf5,1369206784.0,1369210880.0,H1,O4a,0.05351574346423149,323
1369209284.0,1369209316.0,E:\o4a\1368973312\H1_1369206784_1369210880.hdf5,1369206784.0,1369210880.0,H1,O4a,0.07367388159036636,323
1369209348.0,1369209380.0,E:\o4a\1368973312\H1_1369206784_1369210880.hdf5,1369206784.0,1369210880.0,H1,O4a,0.06091335415840149,323
1369209412.0,1369209444.0,E:\o4a\1368973312\H1_1369206784_1369210880.hdf5,1369206784.0,1369210880.0,H1,O4a,0.060915134847164154,323
1369209476.0,1369209508.0,E:\o4a\1368973312\H1_1369206784_1369210880.hdf5,1369206784.0,1369210880.0,H1,O4a,0.0710565522313118,323
1369209540.0,1369209572.0,E:\o4a\1368973312\H1_1369206784_1369210880.hdf5,1369206784.0,1369210880.0,H1,O4a,0.06263761967420578,323
1369209604.0,1369209636.0,E:\o4a\1368973312\H1_1369206784_1369210880.hdf5,1369206784.0,1369210880.0,H1,O4a,0.06052134931087494,323
1369209668.0,1369209700.0,E:\o4a\1368973312\H1_1369206784_1369210880.hdf5,1369206784.0,1369210880.0,H1,O4a,0.09057874232530594,323
1369209732.0,1369209764.0,E:\o4a\1368973312\H1_1369206784_1369210880.hdf5,1369206784.0,1369210880.0,H1,O4a,0.0800708755850792,323
1369209796.0,1369209828.0,E:\o4a\1368973312\H1_1369206784_1369210880.hdf5,1369206784.0,1369210880.0,H1,O4a,0.0800604298710823,323
1369210884.0,1369210916.0,E:\o4a\1368973312\H1_1369210880_1369214976.hdf5,1369210880.0,1369214976.0,H1,O4a,0.06874002516269684,324
1369210948.0,1369210980.0,E:\o4a\1368973312\H1_1369210880_1369214976.hdf5,1369210880.0,1369214976.0,H1,O4a,0.06991173326969147,324
1369211012.0,1369211044.0,E:\o4a\1368973312\H1_1369210880_1369214976.hdf5,1369210880.0,1369214976.0,H1,O4a,0.07108309864997864,324
1369211076.0,1369211108.0,E:\o4a\1368973312\H1_1369210880_1369214976.hdf5,1369210880.0,1369214976.0,H1,O4a,0.06144101545214653,324
1369211140.0,1369211172.0,E:\o4a\1368973312\H1_1369210880_1369214976.hdf5,1369210880.0,1369214976.0,H1,O4a,0.06306810677051544,324
1369211204.0,1369211236.0,E:\o4a\1368973312\H1_1369210880_1369214976.hdf5,1369210880.0,1369214976.0,H1,O4a,0.060728151351213455,324
1369211268.0,1369211300.0,E:\o4a\1368973312\H1_1369210880_1369214976.hdf5,1369210880.0,1369214976.0,H1,O4a,0.07920806109905243,324
1369211332.0,1369211364.0,E:\o4a\1368973312\H1_1369210880_1369214976.hdf5,1369210880.0,1369214976.0,H1,O4a,0.061250314116477966,324
1369211396.0,1369211428.0,E:\o4a\1368973312\H1_1369210880_1369214976.hdf5,1369210880.0,1369214976.0,H1,O4a,0.06474507600069046,324
1369211460.0,1369211492.0,E:\o4a\1368973312\H1_1369210880_1369214976.hdf5,1369210880.0,1369214976.0,H1,O4a,0.07254794239997864,324
1369211524.0,1369211556.0,E:\o4a\1368973312\H1_1369210880_1369214976.hdf5,1369210880.0,1369214976.0,H1,O4a,0.060014303773641586,324
1369211588.0,1369211620.0,E:\o4a\1368973312\H1_1369210880_1369214976.hdf5,1369210880.0,1369214976.0,H1,O4a,0.0628712847828865,324
1369211652.0,1369211684.0,E:\o4a\1368973312\H1_1369210880_1369214976.hdf5,1369210880.0,1369214976.0,H1,O4a,0.05541776865720749,324
1369211716.0,1369211748.0,E:\o4a\1368973312\H1_1369210880_1369214976.hdf5,1369210880.0,1369214976.0,H1,O4a,0.05713599920272827,324
1369211780.0,1369211812.0,E:\o4a\1368973312\H1_1369210880_1369214976.hdf5,1369210880.0,1369214976.0,H1,O4a,0.06109826639294624,324
1369211844.0,1369211876.0,E:\o4a\1368973312\H1_1369210880_1369214976.hdf5,1369210880.0,1369214976.0,H1,O4a,0.0644969791173935,324
1369211908.0,1369211940.0,E:\o4a\1368973312\H1_1369210880_1369214976.hdf5,1369210880.0,1369214976.0,H1,O4a,0.05723737180233002,324
1369212228.0,1369212260.0,E:\o4a\1368973312\H1_1369210880_1369214976.hdf5,1369210880.0,1369214976.0,H1,O4a,0.0630984902381897,325
1369212292.0,1369212324.0,E:\o4a\1368973312\H1_1369210880_1369214976.hdf5,1369210880.0,1369214976.0,H1,O4a,0.06393672525882721,325
1369212356.0,1369212388.0,E:\o4a\1368973312\H1_1369210880_1369214976.hdf5,1369210880.0,1369214976.0,H1,O4a,0.06003737449645996,325
1369212420.0,1369212452.0,E:\o4a\1368973312\H1_1369210880_1369214976.hdf5,1369210880.0,1369214976.0,H1,O4a,0.06394550949335098,325
1369212484.0,1369212516.0,E:\o4a\1368973312\H1_1369210880_1369214976.hdf5,1369210880.0,1369214976.0,H1,O4a,0.06151951849460602,325
1369212548.0,1369212580.0,E:\o4a\1368973312\H1_1369210880_1369214976.hdf5,1369210880.0,1369214976.0,H1,O4a,0.07351638376712799,325
1369212612.0,1369212644.0,E:\o4a\1368973312\H1_1369210880_1369214976.hdf5,1369210880.0,1369214976.0,H1,O4a,0.0653354600071907,325
1369212676.0,1369212708.0,E:\o4a\1368973312\H1_1369210880_1369214976.hdf5,1369210880.0,1369214976.0,H1,O4a,0.06713669747114182,325
1369212740.0,1369212772.0,E:\o4a\1368973312\H1_1369210880_1369214976.hdf5,1369210880.0,1369214976.0,H1,O4a,0.0586254820227623,325
1369212804.0,1369212836.0,E:\o4a\1368973312\H1_1369210880_1369214976.hdf5,1369210880.0,1369214976.0,H1,O4a,0.06301959604024887,325
1369212868.0,1369212900.0,E:\o4a\1368973312\H1_1369210880_1369214976.hdf5,1369210880.0,1369214976.0,H1,O4a,0.058392420411109924,325
1369212932.0,1369212964.0,E:\o4a\1368973312\H1_1369210880_1369214976.hdf5,1369210880.0,1369214976.0,H1,O4a,0.05976221337914467,325
1369212996.0,1369213028.0,E:\o4a\1368973312\H1_1369210880_1369214976.hdf5,1369210880.0,1369214976.0,H1,O4a,0.07042150944471359,325
1369213060.0,1369213092.0,E:\o4a\1368973312\H1_1369210880_1369214976.hdf5,1369210880.0,1369214976.0,H1,O4a,0.058452360332012177,325
1369213124.0,1369213156.0,E:\o4a\1368973312\H1_1369210880_1369214976.hdf5,1369210880.0,1369214976.0,H1,O4a,0.05075714737176895,325
1369213188.0,1369213220.0,E:\o4a\1368973312\H1_1369210880_1369214976.hdf5,1369210880.0,1369214976.0,H1,O4a,0.06458400934934616,325
1369213252.0,1369213284.0,E:\o4a\1368973312\H1_1369210880_1369214976.hdf5,1369210880.0,1369214976.0,H1,O4a,0.05592915788292885,325
1369213700.0,1369213732.0,E:\o4a\1368973312\H1_1369210880_1369214976.hdf5,1369210880.0,1369214976.0,H1,O4a,0.0629512146115303,326
1369213764.0,1369213796.0,E:\o4a\1368973312\H1_1369210880_1369214976.hdf5,1369210880.0,1369214976.0,H1,O4a,0.06793911755084991,326
1369213828.0,1369213860.0,E:\o4a\1368973312\H1_1369210880_1369214976.hdf5,1369210880.0,1369214976.0,H1,O4a,0.05963847413659096,326
1369213892.0,1369213924.0,E:\o4a\1368973312\H1_1369210880_1369214976.hdf5,1369210880.0,1369214976.0,H1,O4a,0.06809218972921371,326
1369213956.0,1369213988.0,E:\o4a\1368973312\H1_1369210880_1369214976.hdf5,1369210880.0,1369214976.0,H1,O4a,0.06954731792211533,326
1369214020.0,1369214052.0,E:\o4a\1368973312\H1_1369210880_1369214976.hdf5,1369210880.0,1369214976.0,H1,O4a,0.07221191376447678,326
1369214084.0,1369214116.0,E:\o4a\1368973312\H1_1369210880_1369214976.hdf5,1369210880.0,1369214976.0,H1,O4a,0.07449569553136826,326
1369214148.0,1369214180.0,E:\o4a\1368973312\H1_1369210880_1369214976.hdf5,1369210880.0,1369214976.0,H1,O4a,0.05341595783829689,326
1369214212.0,1369214244.0,E:\o4a\1368973312\H1_1369210880_1369214976.hdf5,1369210880.0,1369214976.0,H1,O4a,0.06665399670600891,326
1369214276.0,1369214308.0,E:\o4a\1368973312\H1_1369210880_1369214976.hdf5,1369210880.0,1369214976.0,H1,O4a,0.05760551989078522,326
1369214340.0,1369214372.0,E:\o4a\1368973312\H1_1369210880_1369214976.hdf5,1369210880.0,1369214976.0,H1,O4a,0.05785003677010536,326
1369214404.0,1369214436.0,E:\o4a\1368973312\H1_1369210880_1369214976.hdf5,1369210880.0,1369214976.0,H1,O4a,0.06317025423049927,326
1369214468.0,1369214500.0,E:\o4a\1368973312\H1_1369210880_1369214976.hdf5,1369210880.0,1369214976.0,H1,O4a,0.05928331986069679,326
1369214532.0,1369214564.0,E:\o4a\1368973312\H1_1369210880_1369214976.hdf5,1369210880.0,1369214976.0,H1,O4a,0.06602044403553009,326
1369214596.0,1369214628.0,E:\o4a\1368973312\H1_1369210880_1369214976.hdf5,1369210880.0,1369214976.0,H1,O4a,0.06018240377306938,326
1369214660.0,1369214692.0,E:\o4a\1368973312\H1_1369210880_1369214976.hdf5,1369210880.0,1369214976.0,H1,O4a,0.06256953626871109,326
1369214724.0,1369214756.0,E:\o4a\1368973312\H1_1369210880_1369214976.hdf5,1369210880.0,1369214976.0,H1,O4a,0.050138358026742935,326
1369214980.0,1369215012.0,E:\o4a\1368973312\H1_1369214976_1369219072.hdf5,1369214976.0,1369219072.0,H1,O4a,0.05294206738471985,327
1369215044.0,1369215076.0,E:\o4a\1368973312\H1_1369214976_1369219072.hdf5,1369214976.0,1369219072.0,H1,O4a,0.06292112916707993,327
1369215108.0,1369215140.0,E:\o4a\1368973312\H1_1369214976_1369219072.hdf5,1369214976.0,1369219072.0,H1,O4a,0.04946168512105942,327
1369215172.0,1369215204.0,E:\o4a\1368973312\H1_1369214976_1369219072.hdf5,1369214976.0,1369219072.0,H1,O4a,0.0643845871090889,327
1369215236.0,1369215268.0,E:\o4a\1368973312\H1_1369214976_1369219072.hdf5,1369214976.0,1369219072.0,H1,O4a,0.07413113117218018,327
1369215300.0,1369215332.0,E:\o4a\1368973312\H1_1369214976_1369219072.hdf5,1369214976.0,1369219072.0,H1,O4a,0.07291153818368912,327
1369215364.0,1369215396.0,E:\o4a\1368973312\H1_1369214976_1369219072.hdf5,1369214976.0,1369219072.0,H1,O4a,0.05909319594502449,327
1369215428.0,1369215460.0,E:\o4a\1368973312\H1_1369214976_1369219072.hdf5,1369214976.0,1369219072.0,H1,O4a,0.06222414970397949,327
1369215492.0,1369215524.0,E:\o4a\1368973312\H1_1369214976_1369219072.hdf5,1369214976.0,1369219072.0,H1,O4a,0.09275974333286285,327
1369215556.0,1369215588.0,E:\o4a\1368973312\H1_1369214976_1369219072.hdf5,1369214976.0,1369219072.0,H1,O4a,0.06401897966861725,327
1369215620.0,1369215652.0,E:\o4a\1368973312\H1_1369214976_1369219072.hdf5,1369214976.0,1369219072.0,H1,O4a,0.07057551294565201,327
1369215684.0,1369215716.0,E:\o4a\1368973312\H1_1369214976_1369219072.hdf5,1369214976.0,1369219072.0,H1,O4a,0.07224226742982864,327
1369215748.0,1369215780.0,E:\o4a\1368973312\H1_1369214976_1369219072.hdf5,1369214976.0,1369219072.0,H1,O4a,0.06954039633274078,327
1369215812.0,1369215844.0,E:\o4a\1368973312\H1_1369214976_1369219072.hdf5,1369214976.0,1369219072.0,H1,O4a,0.06780091673135757,327
1369215876.0,1369215908.0,E:\o4a\1368973312\H1_1369214976_1369219072.hdf5,1369214976.0,1369219072.0,H1,O4a,0.06452492624521255,327
1369215940.0,1369215972.0,E:\o4a\1368973312\H1_1369214976_1369219072.hdf5,1369214976.0,1369219072.0,H1,O4a,0.06025754660367966,327
1369216004.0,1369216036.0,E:\o4a\1368973312\H1_1369214976_1369219072.hdf5,1369214976.0,1369219072.0,H1,O4a,0.07201814651489258,327
1369217028.0,1369217060.0,E:\o4a\1368973312\H1_1369214976_1369219072.hdf5,1369214976.0,1369219072.0,H1,O4a,0.05925776809453964,328
1369217092.0,1369217124.0,E:\o4a\1368973312\H1_1369214976_1369219072.hdf5,1369214976.0,1369219072.0,H1,O4a,0.05640798434615135,328
1369217156.0,1369217188.0,E:\o4a\1368973312\H1_1369214976_1369219072.hdf5,1369214976.0,1369219072.0,H1,O4a,0.06293047219514847,328
1369217220.0,1369217252.0,E:\o4a\1368973312\H1_1369214976_1369219072.hdf5,1369214976.0,1369219072.0,H1,O4a,0.05574117600917816,328
1369217284.0,1369217316.0,E:\o4a\1368973312\H1_1369214976_1369219072.hdf5,1369214976.0,1369219072.0,H1,O4a,0.05665047839283943,328
1369217348.0,1369217380.0,E:\o4a\1368973312\H1_1369214976_1369219072.hdf5,1369214976.0,1369219072.0,H1,O4a,0.0641368106007576,328
1369217412.0,1369217444.0,E:\o4a\1368973312\H1_1369214976_1369219072.hdf5,1369214976.0,1369219072.0,H1,O4a,0.07655873894691467,328
1369217476.0,1369217508.0,E:\o4a\1368973312\H1_1369214976_1369219072.hdf5,1369214976.0,1369219072.0,H1,O4a,0.05822485312819481,328
1369217540.0,1369217572.0,E:\o4a\1368973312\H1_1369214976_1369219072.hdf5,1369214976.0,1369219072.0,H1,O4a,0.06194346025586128,328
1369217604.0,1369217636.0,E:\o4a\1368973312\H1_1369214976_1369219072.hdf5,1369214976.0,1369219072.0,H1,O4a,0.05782903730869293,328
1369217668.0,1369217700.0,E:\o4a\1368973312\H1_1369214976_1369219072.hdf5,1369214976.0,1369219072.0,H1,O4a,0.06100353226065636,328
1369217732.0,1369217764.0,E:\o4a\1368973312\H1_1369214976_1369219072.hdf5,1369214976.0,1369219072.0,H1,O4a,0.07127998769283295,328
1369217796.0,1369217828.0,E:\o4a\1368973312\H1_1369214976_1369219072.hdf5,1369214976.0,1369219072.0,H1,O4a,0.05590375140309334,328
1369217860.0,1369217892.0,E:\o4a\1368973312\H1_1369214976_1369219072.hdf5,1369214976.0,1369219072.0,H1,O4a,0.07097527384757996,328
1369217924.0,1369217956.0,E:\o4a\1368973312\H1_1369214976_1369219072.hdf5,1369214976.0,1369219072.0,H1,O4a,0.05882124975323677,328
1369217988.0,1369218020.0,E:\o4a\1368973312\H1_1369214976_1369219072.hdf5,1369214976.0,1369219072.0,H1,O4a,0.0598258338868618,328
1369218052.0,1369218084.0,E:\o4a\1368973312\H1_1369214976_1369219072.hdf5,1369214976.0,1369219072.0,H1,O4a,0.06889071315526962,328
1369219396.0,1369219428.0,E:\o4a\1368973312\H1_1369219072_1369223168.hdf5,1369219072.0,1369223168.0,H1,O4a,0.05991750583052635,329
1369219460.0,1369219492.0,E:\o4a\1368973312\H1_1369219072_1369223168.hdf5,1369219072.0,1369223168.0,H1,O4a,0.07555601745843887,329
1369219524.0,1369219556.0,E:\o4a\1368973312\H1_1369219072_1369223168.hdf5,1369219072.0,1369223168.0,H1,O4a,0.06163202226161957,329
1369219588.0,1369219620.0,E:\o4a\1368973312\H1_1369219072_1369223168.hdf5,1369219072.0,1369223168.0,H1,O4a,0.0559089258313179,329
1369219652.0,1369219684.0,E:\o4a\1368973312\H1_1369219072_1369223168.hdf5,1369219072.0,1369223168.0,H1,O4a,0.0662420466542244,329
1369219716.0,1369219748.0,E:\o4a\1368973312\H1_1369219072_1369223168.hdf5,1369219072.0,1369223168.0,H1,O4a,0.05223237723112106,329
1369219780.0,1369219812.0,E:\o4a\1368973312\H1_1369219072_1369223168.hdf5,1369219072.0,1369223168.0,H1,O4a,0.05532994866371155,329
1369219844.0,1369219876.0,E:\o4a\1368973312\H1_1369219072_1369223168.hdf5,1369219072.0,1369223168.0,H1,O4a,0.06084589287638664,329
1369219908.0,1369219940.0,E:\o4a\1368973312\H1_1369219072_1369223168.hdf5,1369219072.0,1369223168.0,H1,O4a,0.05827690288424492,329
1369219972.0,1369220004.0,E:\o4a\1368973312\H1_1369219072_1369223168.hdf5,1369219072.0,1369223168.0,H1,O4a,0.07145504653453827,329
1369220036.0,1369220068.0,E:\o4a\1368973312\H1_1369219072_1369223168.hdf5,1369219072.0,1369223168.0,H1,O4a,0.06168409064412117,329
1369220100.0,1369220132.0,E:\o4a\1368973312\H1_1369219072_1369223168.hdf5,1369219072.0,1369223168.0,H1,O4a,0.058092474937438965,329
1369220164.0,1369220196.0,E:\o4a\1368973312\H1_1369219072_1369223168.hdf5,1369219072.0,1369223168.0,H1,O4a,0.06858164817094803,329
1369220228.0,1369220260.0,E:\o4a\1368973312\H1_1369219072_1369223168.hdf5,1369219072.0,1369223168.0,H1,O4a,0.06732947379350662,329
1369220292.0,1369220324.0,E:\o4a\1368973312\H1_1369219072_1369223168.hdf5,1369219072.0,1369223168.0,H1,O4a,0.064332515001297,329
1369220356.0,1369220388.0,E:\o4a\1368973312\H1_1369219072_1369223168.hdf5,1369219072.0,1369223168.0,H1,O4a,0.07033275067806244,329
1369220420.0,1369220452.0,E:\o4a\1368973312\H1_1369219072_1369223168.hdf5,1369219072.0,1369223168.0,H1,O4a,0.06294716149568558,329
1369220484.0,1369220516.0,E:\o4a\1368973312\H1_1369219072_1369223168.hdf5,1369219072.0,1369223168.0,H1,O4a,0.0677499771118164,330
1369220548.0,1369220580.0,E:\o4a\1368973312\H1_1369219072_1369223168.hdf5,1369219072.0,1369223168.0,H1,O4a,0.0598129965364933,330
1369220612.0,1369220644.0,E:\o4a\1368973312\H1_1369219072_1369223168.hdf5,1369219072.0,1369223168.0,H1,O4a,0.0614633709192276,330
1369220676.0,1369220708.0,E:\o4a\1368973312\H1_1369219072_1369223168.hdf5,1369219072.0,1369223168.0,H1,O4a,0.05726810172200203,330
1369220740.0,1369220772.0,E:\o4a\1368973312\H1_1369219072_1369223168.hdf5,1369219072.0,1369223168.0,H1,O4a,0.06095631793141365,330
1369220804.0,1369220836.0,E:\o4a\1368973312\H1_1369219072_1369223168.hdf5,1369219072.0,1369223168.0,H1,O4a,0.06053856015205383,330
1369220868.0,1369220900.0,E:\o4a\1368973312\H1_1369219072_1369223168.hdf5,1369219072.0,1369223168.0,H1,O4a,0.06873352080583572,330
1369220932.0,1369220964.0,E:\o4a\1368973312\H1_1369219072_1369223168.hdf5,1369219072.0,1369223168.0,H1,O4a,0.056822363287210464,330
1369220996.0,1369221028.0,E:\o4a\1368973312\H1_1369219072_1369223168.hdf5,1369219072.0,1369223168.0,H1,O4a,0.06583888083696365,330
1369221060.0,1369221092.0,E:\o4a\1368973312\H1_1369219072_1369223168.hdf5,1369219072.0,1369223168.0,H1,O4a,0.06343435496091843,330
1369221124.0,1369221156.0,E:\o4a\1368973312\H1_1369219072_1369223168.hdf5,1369219072.0,1369223168.0,H1,O4a,0.060511596500873566,330
1369221188.0,1369221220.0,E:\o4a\1368973312\H1_1369219072_1369223168.hdf5,1369219072.0,1369223168.0,H1,O4a,0.05989538133144379,330
1369221252.0,1369221284.0,E:\o4a\1368973312\H1_1369219072_1369223168.hdf5,1369219072.0,1369223168.0,H1,O4a,0.0643138661980629,330
1369221316.0,1369221348.0,E:\o4a\1368973312\H1_1369219072_1369223168.hdf5,1369219072.0,1369223168.0,H1,O4a,0.07790414243936539,330
1369221380.0,1369221412.0,E:\o4a\1368973312\H1_1369219072_1369223168.hdf5,1369219072.0,1369223168.0,H1,O4a,0.0635833665728569,330
1369221444.0,1369221476.0,E:\o4a\1368973312\H1_1369219072_1369223168.hdf5,1369219072.0,1369223168.0,H1,O4a,0.055284224450588226,330
1369221508.0,1369221540.0,E:\o4a\1368973312\H1_1369219072_1369223168.hdf5,1369219072.0,1369223168.0,H1,O4a,0.06962258368730545,330
1369221572.0,1369221604.0,E:\o4a\1368973312\H1_1369219072_1369223168.hdf5,1369219072.0,1369223168.0,H1,O4a,0.0648198053240776,331
1369221636.0,1369221668.0,E:\o4a\1368973312\H1_1369219072_1369223168.hdf5,1369219072.0,1369223168.0,H1,O4a,0.06206943094730377,331
1369221700.0,1369221732.0,E:\o4a\1368973312\H1_1369219072_1369223168.hdf5,1369219072.0,1369223168.0,H1,O4a,0.07672273367643356,331
1369221764.0,1369221796.0,E:\o4a\1368973312\H1_1369219072_1369223168.hdf5,1369219072.0,1369223168.0,H1,O4a,0.06238318979740143,331
1369221828.0,1369221860.0,E:\o4a\1368973312\H1_1369219072_1369223168.hdf5,1369219072.0,1369223168.0,H1,O4a,0.09997198730707169,331
1369221892.0,1369221924.0,E:\o4a\1368973312\H1_1369219072_1369223168.hdf5,1369219072.0,1369223168.0,H1,O4a,0.05735165998339653,331
1369221956.0,1369221988.0,E:\o4a\1368973312\H1_1369219072_1369223168.hdf5,1369219072.0,1369223168.0,H1,O4a,0.05068490654230118,331
1369222020.0,1369222052.0,E:\o4a\1368973312\H1_1369219072_1369223168.hdf5,1369219072.0,1369223168.0,H1,O4a,0.05125224590301514,331
1369222084.0,1369222116.0,E:\o4a\1368973312\H1_1369219072_1369223168.hdf5,1369219072.0,1369223168.0,H1,O4a,0.060021303594112396,331
1369222148.0,1369222180.0,E:\o4a\1368973312\H1_1369219072_1369223168.hdf5,1369219072.0,1369223168.0,H1,O4a,0.06754803657531738,331
1369222212.0,1369222244.0,E:\o4a\1368973312\H1_1369219072_1369223168.hdf5,1369219072.0,1369223168.0,H1,O4a,0.06413532793521881,331
1369222276.0,1369222308.0,E:\o4a\1368973312\H1_1369219072_1369223168.hdf5,1369219072.0,1369223168.0,H1,O4a,0.06919347494840622,331
1369222340.0,1369222372.0,E:\o4a\1368973312\H1_1369219072_1369223168.hdf5,1369219072.0,1369223168.0,H1,O4a,0.055628497153520584,331
1369222404.0,1369222436.0,E:\o4a\1368973312\H1_1369219072_1369223168.hdf5,1369219072.0,1369223168.0,H1,O4a,0.05592244490981102,331
1369222468.0,1369222500.0,E:\o4a\1368973312\H1_1369219072_1369223168.hdf5,1369219072.0,1369223168.0,H1,O4a,0.06759851425886154,331
1369222532.0,1369222564.0,E:\o4a\1368973312\H1_1369219072_1369223168.hdf5,1369219072.0,1369223168.0,H1,O4a,0.06716609001159668,331
1369222596.0,1369222628.0,E:\o4a\1368973312\H1_1369219072_1369223168.hdf5,1369219072.0,1369223168.0,H1,O4a,0.06328539550304413,331
1369224004.0,1369224036.0,E:\o4a\1368973312\H1_1369223168_1369227264.hdf5,1369223168.0,1369227264.0,H1,O4a,0.05654993653297424,332
1369224068.0,1369224100.0,E:\o4a\1368973312\H1_1369223168_1369227264.hdf5,1369223168.0,1369227264.0,H1,O4a,0.07668740302324295,332
1369224132.0,1369224164.0,E:\o4a\1368973312\H1_1369223168_1369227264.hdf5,1369223168.0,1369227264.0,H1,O4a,0.05937736853957176,332
1369224196.0,1369224228.0,E:\o4a\1368973312\H1_1369223168_1369227264.hdf5,1369223168.0,1369227264.0,H1,O4a,0.05733450874686241,332
1369224260.0,1369224292.0,E:\o4a\1368973312\H1_1369223168_1369227264.hdf5,1369223168.0,1369227264.0,H1,O4a,0.06160243973135948,332
1369224324.0,1369224356.0,E:\o4a\1368973312\H1_1369223168_1369227264.hdf5,1369223168.0,1369227264.0,H1,O4a,0.06013282760977745,332
1369224388.0,1369224420.0,E:\o4a\1368973312\H1_1369223168_1369227264.hdf5,1369223168.0,1369227264.0,H1,O4a,0.055353593081235886,332
1369224452.0,1369224484.0,E:\o4a\1368973312\H1_1369223168_1369227264.hdf5,1369223168.0,1369227264.0,H1,O4a,0.06331033259630203,332
1369224516.0,1369224548.0,E:\o4a\1368973312\H1_1369223168_1369227264.hdf5,1369223168.0,1369227264.0,H1,O4a,0.05624200031161308,332
1369224580.0,1369224612.0,E:\o4a\1368973312\H1_1369223168_1369227264.hdf5,1369223168.0,1369227264.0,H1,O4a,0.10328295826911926,332
1369224644.0,1369224676.0,E:\o4a\1368973312\H1_1369223168_1369227264.hdf5,1369223168.0,1369227264.0,H1,O4a,0.0590994656085968,332
1369224708.0,1369224740.0,E:\o4a\1368973312\H1_1369223168_1369227264.hdf5,1369223168.0,1369227264.0,H1,O4a,0.056811705231666565,332
1369224772.0,1369224804.0,E:\o4a\1368973312\H1_1369223168_1369227264.hdf5,1369223168.0,1369227264.0,H1,O4a,0.07053390145301819,332
1369224836.0,1369224868.0,E:\o4a\1368973312\H1_1369223168_1369227264.hdf5,1369223168.0,1369227264.0,H1,O4a,0.05274453014135361,332
1369224900.0,1369224932.0,E:\o4a\1368973312\H1_1369223168_1369227264.hdf5,1369223168.0,1369227264.0,H1,O4a,0.06704117357730865,332
1369224964.0,1369224996.0,E:\o4a\1368973312\H1_1369223168_1369227264.hdf5,1369223168.0,1369227264.0,H1,O4a,0.07375935465097427,332
1369225028.0,1369225060.0,E:\o4a\1368973312\H1_1369223168_1369227264.hdf5,1369223168.0,1369227264.0,H1,O4a,0.06625808030366898,332
1369225860.0,1369225892.0,E:\o4a\1368973312\H1_1369223168_1369227264.hdf5,1369223168.0,1369227264.0,H1,O4a,0.06479852646589279,333
1369225924.0,1369225956.0,E:\o4a\1368973312\H1_1369223168_1369227264.hdf5,1369223168.0,1369227264.0,H1,O4a,0.05796604976058006,333
1369225988.0,1369226020.0,E:\o4a\1368973312\H1_1369223168_1369227264.hdf5,1369223168.0,1369227264.0,H1,O4a,0.05707445740699768,333
1369226052.0,1369226084.0,E:\o4a\1368973312\H1_1369223168_1369227264.hdf5,1369223168.0,1369227264.0,H1,O4a,0.053791143000125885,333
1369226116.0,1369226148.0,E:\o4a\1368973312\H1_1369223168_1369227264.hdf5,1369223168.0,1369227264.0,H1,O4a,0.062285520136356354,333
1369226180.0,1369226212.0,E:\o4a\1368973312\H1_1369223168_1369227264.hdf5,1369223168.0,1369227264.0,H1,O4a,0.07005172222852707,333
1369226244.0,1369226276.0,E:\o4a\1368973312\H1_1369223168_1369227264.hdf5,1369223168.0,1369227264.0,H1,O4a,0.05766107887029648,333
1369226308.0,1369226340.0,E:\o4a\1368973312\H1_1369223168_1369227264.hdf5,1369223168.0,1369227264.0,H1,O4a,0.08968944847583771,333
1369226372.0,1369226404.0,E:\o4a\1368973312\H1_1369223168_1369227264.hdf5,1369223168.0,1369227264.0,H1,O4a,0.054650284349918365,333
1369226436.0,1369226468.0,E:\o4a\1368973312\H1_1369223168_1369227264.hdf5,1369223168.0,1369227264.0,H1,O4a,0.054570626467466354,333
1369226500.0,1369226532.0,E:\o4a\1368973312\H1_1369223168_1369227264.hdf5,1369223168.0,1369227264.0,H1,O4a,0.44442933797836304,333
1369226564.0,1369226596.0,E:\o4a\1368973312\H1_1369223168_1369227264.hdf5,1369223168.0,1369227264.0,H1,O4a,0.06175081804394722,333
1369226628.0,1369226660.0,E:\o4a\1368973312\H1_1369223168_1369227264.hdf5,1369223168.0,1369227264.0,H1,O4a,0.06943894177675247,333
1369226692.0,1369226724.0,E:\o4a\1368973312\H1_1369223168_1369227264.hdf5,1369223168.0,1369227264.0,H1,O4a,0.07280941307544708,333
1369226756.0,1369226788.0,E:\o4a\1368973312\H1_1369223168_1369227264.hdf5,1369223168.0,1369227264.0,H1,O4a,0.0892169252038002,333
1369226820.0,1369226852.0,E:\o4a\1368973312\H1_1369223168_1369227264.hdf5,1369223168.0,1369227264.0,H1,O4a,0.0862647071480751,333
1369226884.0,1369226916.0,E:\o4a\1368973312\H1_1369223168_1369227264.hdf5,1369223168.0,1369227264.0,H1,O4a,0.06552014499902725,333
1369227268.0,1369227300.0,E:\o4a\1368973312\H1_1369227264_1369231360.hdf5,1369227264.0,1369231360.0,H1,O4a,0.05115583911538124,334
1369227332.0,1369227364.0,E:\o4a\1368973312\H1_1369227264_1369231360.hdf5,1369227264.0,1369231360.0,H1,O4a,0.06656286120414734,334
1369227396.0,1369227428.0,E:\o4a\1368973312\H1_1369227264_1369231360.hdf5,1369227264.0,1369231360.0,H1,O4a,0.06940917670726776,334
1369227460.0,1369227492.0,E:\o4a\1368973312\H1_1369227264_1369231360.hdf5,1369227264.0,1369231360.0,H1,O4a,0.07705718278884888,334
1369227524.0,1369227556.0,E:\o4a\1368973312\H1_1369227264_1369231360.hdf5,1369227264.0,1369231360.0,H1,O4a,0.06658436357975006,334
1369227588.0,1369227620.0,E:\o4a\1368973312\H1_1369227264_1369231360.hdf5,1369227264.0,1369231360.0,H1,O4a,0.08691351860761642,334
1369227652.0,1369227684.0,E:\o4a\1368973312\H1_1369227264_1369231360.hdf5,1369227264.0,1369231360.0,H1,O4a,0.0726451724767685,334
1369227716.0,1369227748.0,E:\o4a\1368973312\H1_1369227264_1369231360.hdf5,1369227264.0,1369231360.0,H1,O4a,0.05751735344529152,334
1369227780.0,1369227812.0,E:\o4a\1368973312\H1_1369227264_1369231360.hdf5,1369227264.0,1369231360.0,H1,O4a,0.0555170513689518,334
1369227844.0,1369227876.0,E:\o4a\1368973312\H1_1369227264_1369231360.hdf5,1369227264.0,1369231360.0,H1,O4a,0.057340655475854874,334
1369227908.0,1369227940.0,E:\o4a\1368973312\H1_1369227264_1369231360.hdf5,1369227264.0,1369231360.0,H1,O4a,0.06288506835699081,334
1369227972.0,1369228004.0,E:\o4a\1368973312\H1_1369227264_1369231360.hdf5,1369227264.0,1369231360.0,H1,O4a,0.06385872513055801,334
1369228036.0,1369228068.0,E:\o4a\1368973312\H1_1369227264_1369231360.hdf5,1369227264.0,1369231360.0,H1,O4a,0.0628499835729599,334
1369228100.0,1369228132.0,E:\o4a\1368973312\H1_1369227264_1369231360.hdf5,1369227264.0,1369231360.0,H1,O4a,0.05578501895070076,334
1369228164.0,1369228196.0,E:\o4a\1368973312\H1_1369227264_1369231360.hdf5,1369227264.0,1369231360.0,H1,O4a,0.07147544622421265,334
1369228228.0,1369228260.0,E:\o4a\1368973312\H1_1369227264_1369231360.hdf5,1369227264.0,1369231360.0,H1,O4a,0.07310023158788681,334
1369228292.0,1369228324.0,E:\o4a\1368973312\H1_1369227264_1369231360.hdf5,1369227264.0,1369231360.0,H1,O4a,0.07591243088245392,334
1369229252.0,1369229284.0,E:\o4a\1368973312\H1_1369227264_1369231360.hdf5,1369227264.0,1369231360.0,H1,O4a,0.06184116005897522,335
1369229316.0,1369229348.0,E:\o4a\1368973312\H1_1369227264_1369231360.hdf5,1369227264.0,1369231360.0,H1,O4a,0.05751318484544754,335
1369229380.0,1369229412.0,E:\o4a\1368973312\H1_1369227264_1369231360.hdf5,1369227264.0,1369231360.0,H1,O4a,0.06956762075424194,335
1369229444.0,1369229476.0,E:\o4a\1368973312\H1_1369227264_1369231360.hdf5,1369227264.0,1369231360.0,H1,O4a,0.05837519094347954,335
1369229508.0,1369229540.0,E:\o4a\1368973312\H1_1369227264_1369231360.hdf5,1369227264.0,1369231360.0,H1,O4a,0.06609854102134705,335
1369229572.0,1369229604.0,E:\o4a\1368973312\H1_1369227264_1369231360.hdf5,1369227264.0,1369231360.0,H1,O4a,0.0853433609008789,335
1369229636.0,1369229668.0,E:\o4a\1368973312\H1_1369227264_1369231360.hdf5,1369227264.0,1369231360.0,H1,O4a,0.06611037254333496,335
1369229700.0,1369229732.0,E:\o4a\1368973312\H1_1369227264_1369231360.hdf5,1369227264.0,1369231360.0,H1,O4a,0.06528760492801666,335
1369229764.0,1369229796.0,E:\o4a\1368973312\H1_1369227264_1369231360.hdf5,1369227264.0,1369231360.0,H1,O4a,0.06050795689225197,335
1369229828.0,1369229860.0,E:\o4a\1368973312\H1_1369227264_1369231360.hdf5,1369227264.0,1369231360.0,H1,O4a,0.05419159308075905,335
1369229892.0,1369229924.0,E:\o4a\1368973312\H1_1369227264_1369231360.hdf5,1369227264.0,1369231360.0,H1,O4a,0.06594668328762054,335
1369229956.0,1369229988.0,E:\o4a\1368973312\H1_1369227264_1369231360.hdf5,1369227264.0,1369231360.0,H1,O4a,0.06209316849708557,335
1369230020.0,1369230052.0,E:\o4a\1368973312\H1_1369227264_1369231360.hdf5,1369227264.0,1369231360.0,H1,O4a,0.054473597556352615,335
1369230084.0,1369230116.0,E:\o4a\1368973312\H1_1369227264_1369231360.hdf5,1369227264.0,1369231360.0,H1,O4a,0.05790076032280922,335
1369230148.0,1369230180.0,E:\o4a\1368973312\H1_1369227264_1369231360.hdf5,1369227264.0,1369231360.0,H1,O4a,0.05363067239522934,335
1369230212.0,1369230244.0,E:\o4a\1368973312\H1_1369227264_1369231360.hdf5,1369227264.0,1369231360.0,H1,O4a,0.05827053263783455,335
1369230276.0,1369230308.0,E:\o4a\1368973312\H1_1369227264_1369231360.hdf5,1369227264.0,1369231360.0,H1,O4a,0.053650662302970886,335
1369243652.0,1369243684.0,E:\o4a\1368973312\H1_1369243648_1369247744.hdf5,1369243648.0,1369247744.0,H1,O4a,0.06643722951412201,337
1369243716.0,1369243748.0,E:\o4a\1368973312\H1_1369243648_1369247744.hdf5,1369243648.0,1369247744.0,H1,O4a,0.08104140311479568,337
1369243780.0,1369243812.0,E:\o4a\1368973312\H1_1369243648_1369247744.hdf5,1369243648.0,1369247744.0,H1,O4a,0.06583419442176819,337
1369243844.0,1369243876.0,E:\o4a\1368973312\H1_1369243648_1369247744.hdf5,1369243648.0,1369247744.0,H1,O4a,0.2034151405096054,337
1369243908.0,1369243940.0,E:\o4a\1368973312\H1_1369243648_1369247744.hdf5,1369243648.0,1369247744.0,H1,O4a,0.07257440686225891,337
1369243972.0,1369244004.0,E:\o4a\1368973312\H1_1369243648_1369247744.hdf5,1369243648.0,1369247744.0,H1,O4a,0.09559804946184158,337
1369244036.0,1369244068.0,E:\o4a\1368973312\H1_1369243648_1369247744.hdf5,1369243648.0,1369247744.0,H1,O4a,0.06090380251407623,337
1369244100.0,1369244132.0,E:\o4a\1368973312\H1_1369243648_1369247744.hdf5,1369243648.0,1369247744.0,H1,O4a,0.07183998078107834,337
1369244164.0,1369244196.0,E:\o4a\1368973312\H1_1369243648_1369247744.hdf5,1369243648.0,1369247744.0,H1,O4a,0.07116866856813431,337
1369244228.0,1369244260.0,E:\o4a\1368973312\H1_1369243648_1369247744.hdf5,1369243648.0,1369247744.0,H1,O4a,0.059681329876184464,337
1369244292.0,1369244324.0,E:\o4a\1368973312\H1_1369243648_1369247744.hdf5,1369243648.0,1369247744.0,H1,O4a,0.06296170502901077,337
1369244356.0,1369244388.0,E:\o4a\1368973312\H1_1369243648_1369247744.hdf5,1369243648.0,1369247744.0,H1,O4a,0.05598846450448036,337
1369244420.0,1369244452.0,E:\o4a\1368973312\H1_1369243648_1369247744.hdf5,1369243648.0,1369247744.0,H1,O4a,0.05490962043404579,337
1369244484.0,1369244516.0,E:\o4a\1368973312\H1_1369243648_1369247744.hdf5,1369243648.0,1369247744.0,H1,O4a,0.05539023131132126,337
1369244548.0,1369244580.0,E:\o4a\1368973312\H1_1369243648_1369247744.hdf5,1369243648.0,1369247744.0,H1,O4a,0.06416470557451248,337
1369244612.0,1369244644.0,E:\o4a\1368973312\H1_1369243648_1369247744.hdf5,1369243648.0,1369247744.0,H1,O4a,0.08918784558773041,337
1369244676.0,1369244708.0,E:\o4a\1368973312\H1_1369243648_1369247744.hdf5,1369243648.0,1369247744.0,H1,O4a,0.05653810128569603,337
1369245316.0,1369245348.0,E:\o4a\1368973312\H1_1369243648_1369247744.hdf5,1369243648.0,1369247744.0,H1,O4a,0.05203583091497421,338
1369245380.0,1369245412.0,E:\o4a\1368973312\H1_1369243648_1369247744.hdf5,1369243648.0,1369247744.0,H1,O4a,0.061990220099687576,338
1369245444.0,1369245476.0,E:\o4a\1368973312\H1_1369243648_1369247744.hdf5,1369243648.0,1369247744.0,H1,O4a,0.06297246366739273,338
1369245508.0,1369245540.0,E:\o4a\1368973312\H1_1369243648_1369247744.hdf5,1369243648.0,1369247744.0,H1,O4a,0.05465127155184746,338
1369245572.0,1369245604.0,E:\o4a\1368973312\H1_1369243648_1369247744.hdf5,1369243648.0,1369247744.0,H1,O4a,0.05902555584907532,338
1369245636.0,1369245668.0,E:\o4a\1368973312\H1_1369243648_1369247744.hdf5,1369243648.0,1369247744.0,H1,O4a,0.08733229339122772,338
1369245700.0,1369245732.0,E:\o4a\1368973312\H1_1369243648_1369247744.hdf5,1369243648.0,1369247744.0,H1,O4a,0.05714840441942215,338
1369245764.0,1369245796.0,E:\o4a\1368973312\H1_1369243648_1369247744.hdf5,1369243648.0,1369247744.0,H1,O4a,0.05656078830361366,338
1369245828.0,1369245860.0,E:\o4a\1368973312\H1_1369243648_1369247744.hdf5,1369243648.0,1369247744.0,H1,O4a,0.06411266326904297,338
1369245892.0,1369245924.0,E:\o4a\1368973312\H1_1369243648_1369247744.hdf5,1369243648.0,1369247744.0,H1,O4a,0.05998653545975685,338
1369245956.0,1369245988.0,E:\o4a\1368973312\H1_1369243648_1369247744.hdf5,1369243648.0,1369247744.0,H1,O4a,0.05294068530201912,338
1369246020.0,1369246052.0,E:\o4a\1368973312\H1_1369243648_1369247744.hdf5,1369243648.0,1369247744.0,H1,O4a,0.06423398852348328,338
1369246084.0,1369246116.0,E:\o4a\1368973312\H1_1369243648_1369247744.hdf5,1369243648.0,1369247744.0,H1,O4a,0.06648913770914078,338
1369246148.0,1369246180.0,E:\o4a\1368973312\H1_1369243648_1369247744.hdf5,1369243648.0,1369247744.0,H1,O4a,0.06760305911302567,338
1369246212.0,1369246244.0,E:\o4a\1368973312\H1_1369243648_1369247744.hdf5,1369243648.0,1369247744.0,H1,O4a,0.06877303868532181,338
1369246276.0,1369246308.0,E:\o4a\1368973312\H1_1369243648_1369247744.hdf5,1369243648.0,1369247744.0,H1,O4a,0.06091569364070892,338
1369246340.0,1369246372.0,E:\o4a\1368973312\H1_1369243648_1369247744.hdf5,1369243648.0,1369247744.0,H1,O4a,0.06787436455488205,338
1369254276.0,1369254308.0,E:\o4a\1368973312\H1_1369251840_1369255936.hdf5,1369251840.0,1369255936.0,H1,O4a,0.05920659750699997,342
1369254340.0,1369254372.0,E:\o4a\1368973312\H1_1369251840_1369255936.hdf5,1369251840.0,1369255936.0,H1,O4a,0.051114946603775024,342
1369254404.0,1369254436.0,E:\o4a\1368973312\H1_1369251840_1369255936.hdf5,1369251840.0,1369255936.0,H1,O4a,0.06433434039354324,342
1369254468.0,1369254500.0,E:\o4a\1368973312\H1_1369251840_1369255936.hdf5,1369251840.0,1369255936.0,H1,O4a,0.061197973787784576,342
1369254532.0,1369254564.0,E:\o4a\1368973312\H1_1369251840_1369255936.hdf5,1369251840.0,1369255936.0,H1,O4a,0.06192086637020111,342
1369254596.0,1369254628.0,E:\o4a\1368973312\H1_1369251840_1369255936.hdf5,1369251840.0,1369255936.0,H1,O4a,0.08499306440353394,342
1369254660.0,1369254692.0,E:\o4a\1368973312\H1_1369251840_1369255936.hdf5,1369251840.0,1369255936.0,H1,O4a,0.05905354768037796,342
1369254724.0,1369254756.0,E:\o4a\1368973312\H1_1369251840_1369255936.hdf5,1369251840.0,1369255936.0,H1,O4a,0.06443904340267181,342
1369254788.0,1369254820.0,E:\o4a\1368973312\H1_1369251840_1369255936.hdf5,1369251840.0,1369255936.0,H1,O4a,0.05786639079451561,342
1369254852.0,1369254884.0,E:\o4a\1368973312\H1_1369251840_1369255936.hdf5,1369251840.0,1369255936.0,H1,O4a,0.11769329756498337,342
1369254916.0,1369254948.0,E:\o4a\1368973312\H1_1369251840_1369255936.hdf5,1369251840.0,1369255936.0,H1,O4a,0.05437471717596054,342
1369254980.0,1369255012.0,E:\o4a\1368973312\H1_1369251840_1369255936.hdf5,1369251840.0,1369255936.0,H1,O4a,0.06702855974435806,342
1369255044.0,1369255076.0,E:\o4a\1368973312\H1_1369251840_1369255936.hdf5,1369251840.0,1369255936.0,H1,O4a,0.08677326142787933,342
1369255108.0,1369255140.0,E:\o4a\1368973312\H1_1369251840_1369255936.hdf5,1369251840.0,1369255936.0,H1,O4a,0.06280221790075302,342
1369255172.0,1369255204.0,E:\o4a\1368973312\H1_1369251840_1369255936.hdf5,1369251840.0,1369255936.0,H1,O4a,0.05872716009616852,342
1369255236.0,1369255268.0,E:\o4a\1368973312\H1_1369251840_1369255936.hdf5,1369251840.0,1369255936.0,H1,O4a,0.06130081042647362,342
1369255300.0,1369255332.0,E:\o4a\1368973312\H1_1369251840_1369255936.hdf5,1369251840.0,1369255936.0,H1,O4a,0.059930648654699326,342
1369256708.0,1369256740.0,E:\o4a\1368973312\H1_1369255936_1369260032.hdf5,1369255936.0,1369260032.0,H1,O4a,0.07743226736783981,343
1369256772.0,1369256804.0,E:\o4a\1368973312\H1_1369255936_1369260032.hdf5,1369255936.0,1369260032.0,H1,O4a,0.06335876882076263,343
1369256836.0,1369256868.0,E:\o4a\1368973312\H1_1369255936_1369260032.hdf5,1369255936.0,1369260032.0,H1,O4a,0.05921189859509468,343
1369256900.0,1369256932.0,E:\o4a\1368973312\H1_1369255936_1369260032.hdf5,1369255936.0,1369260032.0,H1,O4a,0.06976838409900665,343
1369256964.0,1369256996.0,E:\o4a\1368973312\H1_1369255936_1369260032.hdf5,1369255936.0,1369260032.0,H1,O4a,0.05899899825453758,343
1369257028.0,1369257060.0,E:\o4a\1368973312\H1_1369255936_1369260032.hdf5,1369255936.0,1369260032.0,H1,O4a,0.05779499560594559,343
1369257092.0,1369257124.0,E:\o4a\1368973312\H1_1369255936_1369260032.hdf5,1369255936.0,1369260032.0,H1,O4a,0.050670165568590164,343
1369257156.0,1369257188.0,E:\o4a\1368973312\H1_1369255936_1369260032.hdf5,1369255936.0,1369260032.0,H1,O4a,0.05003969743847847,343
1369257220.0,1369257252.0,E:\o4a\1368973312\H1_1369255936_1369260032.hdf5,1369255936.0,1369260032.0,H1,O4a,0.059505898505449295,343
1369257284.0,1369257316.0,E:\o4a\1368973312\H1_1369255936_1369260032.hdf5,1369255936.0,1369260032.0,H1,O4a,0.06121841445565224,343
1369257348.0,1369257380.0,E:\o4a\1368973312\H1_1369255936_1369260032.hdf5,1369255936.0,1369260032.0,H1,O4a,0.06118091568350792,343
1369257412.0,1369257444.0,E:\o4a\1368973312\H1_1369255936_1369260032.hdf5,1369255936.0,1369260032.0,H1,O4a,0.060862213373184204,343
1369257476.0,1369257508.0,E:\o4a\1368973312\H1_1369255936_1369260032.hdf5,1369255936.0,1369260032.0,H1,O4a,0.05770755931735039,343
1369257540.0,1369257572.0,E:\o4a\1368973312\H1_1369255936_1369260032.hdf5,1369255936.0,1369260032.0,H1,O4a,0.07137424498796463,343
1369257604.0,1369257636.0,E:\o4a\1368973312\H1_1369255936_1369260032.hdf5,1369255936.0,1369260032.0,H1,O4a,0.05593976750969887,343
1369257668.0,1369257700.0,E:\o4a\1368973312\H1_1369255936_1369260032.hdf5,1369255936.0,1369260032.0,H1,O4a,0.06127095967531204,343
1369257732.0,1369257764.0,E:\o4a\1368973312\H1_1369255936_1369260032.hdf5,1369255936.0,1369260032.0,H1,O4a,0.05674950033426285,343
1369258308.0,1369258340.0,E:\o4a\1368973312\H1_1369255936_1369260032.hdf5,1369255936.0,1369260032.0,H1,O4a,0.06900676339864731,344
1369258372.0,1369258404.0,E:\o4a\1368973312\H1_1369255936_1369260032.hdf5,1369255936.0,1369260032.0,H1,O4a,0.06206977367401123,344
1369258436.0,1369258468.0,E:\o4a\1368973312\H1_1369255936_1369260032.hdf5,1369255936.0,1369260032.0,H1,O4a,0.0629177913069725,344
1369258500.0,1369258532.0,E:\o4a\1368973312\H1_1369255936_1369260032.hdf5,1369255936.0,1369260032.0,H1,O4a,0.07400166988372803,344
1369258564.0,1369258596.0,E:\o4a\1368973312\H1_1369255936_1369260032.hdf5,1369255936.0,1369260032.0,H1,O4a,0.06718851625919342,344
1369258628.0,1369258660.0,E:\o4a\1368973312\H1_1369255936_1369260032.hdf5,1369255936.0,1369260032.0,H1,O4a,0.06615245342254639,344
1369258692.0,1369258724.0,E:\o4a\1368973312\H1_1369255936_1369260032.hdf5,1369255936.0,1369260032.0,H1,O4a,0.05534586310386658,344
1369258756.0,1369258788.0,E:\o4a\1368973312\H1_1369255936_1369260032.hdf5,1369255936.0,1369260032.0,H1,O4a,0.06451135873794556,344
1369258820.0,1369258852.0,E:\o4a\1368973312\H1_1369255936_1369260032.hdf5,1369255936.0,1369260032.0,H1,O4a,0.07041522860527039,344
1369258884.0,1369258916.0,E:\o4a\1368973312\H1_1369255936_1369260032.hdf5,1369255936.0,1369260032.0,H1,O4a,0.053567610681056976,344
1369258948.0,1369258980.0,E:\o4a\1368973312\H1_1369255936_1369260032.hdf5,1369255936.0,1369260032.0,H1,O4a,0.07097876816987991,344
1369259012.0,1369259044.0,E:\o4a\1368973312\H1_1369255936_1369260032.hdf5,1369255936.0,1369260032.0,H1,O4a,0.06273450702428818,344
1369259076.0,1369259108.0,E:\o4a\1368973312\H1_1369255936_1369260032.hdf5,1369255936.0,1369260032.0,H1,O4a,0.07189351320266724,344
1369259140.0,1369259172.0,E:\o4a\1368973312\H1_1369255936_1369260032.hdf5,1369255936.0,1369260032.0,H1,O4a,0.06812562793493271,344
1369259204.0,1369259236.0,E:\o4a\1368973312\H1_1369255936_1369260032.hdf5,1369255936.0,1369260032.0,H1,O4a,0.06844113022089005,344
1369259268.0,1369259300.0,E:\o4a\1368973312\H1_1369255936_1369260032.hdf5,1369255936.0,1369260032.0,H1,O4a,0.06437233090400696,344
1369259332.0,1369259364.0,E:\o4a\1368973312\H1_1369255936_1369260032.hdf5,1369255936.0,1369260032.0,H1,O4a,0.06499110907316208,344
1369262020.0,1369262052.0,E:\o4a\1368973312\H1_1369260032_1369264128.hdf5,1369260032.0,1369264128.0,H1,O4a,0.058851201087236404,345
1369262084.0,1369262116.0,E:\o4a\1368973312\H1_1369260032_1369264128.hdf5,1369260032.0,1369264128.0,H1,O4a,0.05450865253806114,345
1369262148.0,1369262180.0,E:\o4a\1368973312\H1_1369260032_1369264128.hdf5,1369260032.0,1369264128.0,H1,O4a,0.053644631057977676,345
1369262212.0,1369262244.0,E:\o4a\1368973312\H1_1369260032_1369264128.hdf5,1369260032.0,1369264128.0,H1,O4a,0.06810630112886429,345
1369262276.0,1369262308.0,E:\o4a\1368973312\H1_1369260032_1369264128.hdf5,1369260032.0,1369264128.0,H1,O4a,0.05670572817325592,345
1369262340.0,1369262372.0,E:\o4a\1368973312\H1_1369260032_1369264128.hdf5,1369260032.0,1369264128.0,H1,O4a,0.07643907517194748,345
1369262404.0,1369262436.0,E:\o4a\1368973312\H1_1369260032_1369264128.hdf5,1369260032.0,1369264128.0,H1,O4a,0.05879607051610947,345
1369262468.0,1369262500.0,E:\o4a\1368973312\H1_1369260032_1369264128.hdf5,1369260032.0,1369264128.0,H1,O4a,0.06030232831835747,345
1369262532.0,1369262564.0,E:\o4a\1368973312\H1_1369260032_1369264128.hdf5,1369260032.0,1369264128.0,H1,O4a,0.10936998575925827,345
1369262596.0,1369262628.0,E:\o4a\1368973312\H1_1369260032_1369264128.hdf5,1369260032.0,1369264128.0,H1,O4a,0.06638859212398529,345
1369262660.0,1369262692.0,E:\o4a\1368973312\H1_1369260032_1369264128.hdf5,1369260032.0,1369264128.0,H1,O4a,0.05769745633006096,345
1369262724.0,1369262756.0,E:\o4a\1368973312\H1_1369260032_1369264128.hdf5,1369260032.0,1369264128.0,H1,O4a,0.060830388218164444,345
1369262788.0,1369262820.0,E:\o4a\1368973312\H1_1369260032_1369264128.hdf5,1369260032.0,1369264128.0,H1,O4a,0.06031813472509384,345
1369262852.0,1369262884.0,E:\o4a\1368973312\H1_1369260032_1369264128.hdf5,1369260032.0,1369264128.0,H1,O4a,0.05744989588856697,345
1369262916.0,1369262948.0,E:\o4a\1368973312\H1_1369260032_1369264128.hdf5,1369260032.0,1369264128.0,H1,O4a,0.05938210338354111,345
1369262980.0,1369263012.0,E:\o4a\1368973312\H1_1369260032_1369264128.hdf5,1369260032.0,1369264128.0,H1,O4a,0.058804456144571304,345
1369263044.0,1369263076.0,E:\o4a\1368973312\H1_1369260032_1369264128.hdf5,1369260032.0,1369264128.0,H1,O4a,0.0714264065027237,345
1369276996.0,1369277028.0,E:\o4a\1368973312\H1_1369276416_1369280512.hdf5,1369276416.0,1369280512.0,H1,O4a,0.4490096867084503,348
1369277060.0,1369277092.0,E:\o4a\1368973312\H1_1369276416_1369280512.hdf5,1369276416.0,1369280512.0,H1,O4a,0.06606456637382507,348
1369277124.0,1369277156.0,E:\o4a\1368973312\H1_1369276416_1369280512.hdf5,1369276416.0,1369280512.0,H1,O4a,0.10668814182281494,348
1369277188.0,1369277220.0,E:\o4a\1368973312\H1_1369276416_1369280512.hdf5,1369276416.0,1369280512.0,H1,O4a,0.06001492217183113,348
1369277252.0,1369277284.0,E:\o4a\1368973312\H1_1369276416_1369280512.hdf5,1369276416.0,1369280512.0,H1,O4a,0.05424347519874573,348
1369277316.0,1369277348.0,E:\o4a\1368973312\H1_1369276416_1369280512.hdf5,1369276416.0,1369280512.0,H1,O4a,0.057338420301675797,348
1369277380.0,1369277412.0,E:\o4a\1368973312\H1_1369276416_1369280512.hdf5,1369276416.0,1369280512.0,H1,O4a,0.06213918700814247,348
1369277444.0,1369277476.0,E:\o4a\1368973312\H1_1369276416_1369280512.hdf5,1369276416.0,1369280512.0,H1,O4a,0.06461192667484283,348
1369277508.0,1369277540.0,E:\o4a\1368973312\H1_1369276416_1369280512.hdf5,1369276416.0,1369280512.0,H1,O4a,0.061212945729494095,348
1369277572.0,1369277604.0,E:\o4a\1368973312\H1_1369276416_1369280512.hdf5,1369276416.0,1369280512.0,H1,O4a,0.054354745894670486,348
1369277636.0,1369277668.0,E:\o4a\1368973312\H1_1369276416_1369280512.hdf5,1369276416.0,1369280512.0,H1,O4a,0.07453308254480362,348
1369277700.0,1369277732.0,E:\o4a\1368973312\H1_1369276416_1369280512.hdf5,1369276416.0,1369280512.0,H1,O4a,0.06370911002159119,348
1369277764.0,1369277796.0,E:\o4a\1368973312\H1_1369276416_1369280512.hdf5,1369276416.0,1369280512.0,H1,O4a,0.06144877150654793,348
1369277828.0,1369277860.0,E:\o4a\1368973312\H1_1369276416_1369280512.hdf5,1369276416.0,1369280512.0,H1,O4a,0.053630731999874115,348
1369277892.0,1369277924.0,E:\o4a\1368973312\H1_1369276416_1369280512.hdf5,1369276416.0,1369280512.0,H1,O4a,0.06237845495343208,348
1369277956.0,1369277988.0,E:\o4a\1368973312\H1_1369276416_1369280512.hdf5,1369276416.0,1369280512.0,H1,O4a,0.06857652217149734,348
1369278020.0,1369278052.0,E:\o4a\1368973312\H1_1369276416_1369280512.hdf5,1369276416.0,1369280512.0,H1,O4a,0.05478741228580475,348
1369278084.0,1369278116.0,E:\o4a\1368973312\H1_1369276416_1369280512.hdf5,1369276416.0,1369280512.0,H1,O4a,0.05712621286511421,349
1369278148.0,1369278180.0,E:\o4a\1368973312\H1_1369276416_1369280512.hdf5,1369276416.0,1369280512.0,H1,O4a,0.059699926525354385,349
1369278212.0,1369278244.0,E:\o4a\1368973312\H1_1369276416_1369280512.hdf5,1369276416.0,1369280512.0,H1,O4a,0.0657767802476883,349
1369278276.0,1369278308.0,E:\o4a\1368973312\H1_1369276416_1369280512.hdf5,1369276416.0,1369280512.0,H1,O4a,0.06301970034837723,349
1369278340.0,1369278372.0,E:\o4a\1368973312\H1_1369276416_1369280512.hdf5,1369276416.0,1369280512.0,H1,O4a,0.05722520872950554,349
1369278404.0,1369278436.0,E:\o4a\1368973312\H1_1369276416_1369280512.hdf5,1369276416.0,1369280512.0,H1,O4a,0.05537552759051323,349
1369278468.0,1369278500.0,E:\o4a\1368973312\H1_1369276416_1369280512.hdf5,1369276416.0,1369280512.0,H1,O4a,0.058706942945718765,349
1369278532.0,1369278564.0,E:\o4a\1368973312\H1_1369276416_1369280512.hdf5,1369276416.0,1369280512.0,H1,O4a,0.058630261570215225,349
1369278596.0,1369278628.0,E:\o4a\1368973312\H1_1369276416_1369280512.hdf5,1369276416.0,1369280512.0,H1,O4a,0.06887824088335037,349
1369278660.0,1369278692.0,E:\o4a\1368973312\H1_1369276416_1369280512.hdf5,1369276416.0,1369280512.0,H1,O4a,0.06705237925052643,349
1369278724.0,1369278756.0,E:\o4a\1368973312\H1_1369276416_1369280512.hdf5,1369276416.0,1369280512.0,H1,O4a,0.06100434437394142,349
1369278788.0,1369278820.0,E:\o4a\1368973312\H1_1369276416_1369280512.hdf5,1369276416.0,1369280512.0,H1,O4a,0.18675357103347778,349
1369278852.0,1369278884.0,E:\o4a\1368973312\H1_1369276416_1369280512.hdf5,1369276416.0,1369280512.0,H1,O4a,0.05947410315275192,349
1369278916.0,1369278948.0,E:\o4a\1368973312\H1_1369276416_1369280512.hdf5,1369276416.0,1369280512.0,H1,O4a,0.06834511458873749,349
1369278980.0,1369279012.0,E:\o4a\1368973312\H1_1369276416_1369280512.hdf5,1369276416.0,1369280512.0,H1,O4a,0.0625513568520546,349
1369279044.0,1369279076.0,E:\o4a\1368973312\H1_1369276416_1369280512.hdf5,1369276416.0,1369280512.0,H1,O4a,0.07097259908914566,349
1369279108.0,1369279140.0,E:\o4a\1368973312\H1_1369276416_1369280512.hdf5,1369276416.0,1369280512.0,H1,O4a,0.07122290879487991,349
1369279172.0,1369279204.0,E:\o4a\1368973312\H1_1369276416_1369280512.hdf5,1369276416.0,1369280512.0,H1,O4a,0.0603768564760685,350
1369279236.0,1369279268.0,E:\o4a\1368973312\H1_1369276416_1369280512.hdf5,1369276416.0,1369280512.0,H1,O4a,0.06457280367612839,350
1369279300.0,1369279332.0,E:\o4a\1368973312\H1_1369276416_1369280512.hdf5,1369276416.0,1369280512.0,H1,O4a,0.05327996984124184,350
1369279364.0,1369279396.0,E:\o4a\1368973312\H1_1369276416_1369280512.hdf5,1369276416.0,1369280512.0,H1,O4a,0.05884082242846489,350
1369279428.0,1369279460.0,E:\o4a\1368973312\H1_1369276416_1369280512.hdf5,1369276416.0,1369280512.0,H1,O4a,0.05859629437327385,350
1369279492.0,1369279524.0,E:\o4a\1368973312\H1_1369276416_1369280512.hdf5,1369276416.0,1369280512.0,H1,O4a,0.07146112620830536,350
1369279556.0,1369279588.0,E:\o4a\1368973312\H1_1369276416_1369280512.hdf5,1369276416.0,1369280512.0,H1,O4a,0.07835932075977325,350
1369279620.0,1369279652.0,E:\o4a\1368973312\H1_1369276416_1369280512.hdf5,1369276416.0,1369280512.0,H1,O4a,0.06997346132993698,350
1369279684.0,1369279716.0,E:\o4a\1368973312\H1_1369276416_1369280512.hdf5,1369276416.0,1369280512.0,H1,O4a,0.08624088019132614,350
1369279748.0,1369279780.0,E:\o4a\1368973312\H1_1369276416_1369280512.hdf5,1369276416.0,1369280512.0,H1,O4a,0.059711288660764694,350
1369279812.0,1369279844.0,E:\o4a\1368973312\H1_1369276416_1369280512.hdf5,1369276416.0,1369280512.0,H1,O4a,0.05661195144057274,350
1369279876.0,1369279908.0,E:\o4a\1368973312\H1_1369276416_1369280512.hdf5,1369276416.0,1369280512.0,H1,O4a,0.0755368173122406,350
1369279940.0,1369279972.0,E:\o4a\1368973312\H1_1369276416_1369280512.hdf5,1369276416.0,1369280512.0,H1,O4a,0.06410293281078339,350
1369280004.0,1369280036.0,E:\o4a\1368973312\H1_1369276416_1369280512.hdf5,1369276416.0,1369280512.0,H1,O4a,0.07396311312913895,350
1369280068.0,1369280100.0,E:\o4a\1368973312\H1_1369276416_1369280512.hdf5,1369276416.0,1369280512.0,H1,O4a,0.05753318592905998,350
1369280132.0,1369280164.0,E:\o4a\1368973312\H1_1369276416_1369280512.hdf5,1369276416.0,1369280512.0,H1,O4a,0.08469779044389725,350
1369280196.0,1369280228.0,E:\o4a\1368973312\H1_1369276416_1369280512.hdf5,1369276416.0,1369280512.0,H1,O4a,0.051783736795186996,350
1369282500.0,1369282532.0,E:\o4a\1368973312\H1_1369280512_1369284608.hdf5,1369280512.0,1369284608.0,H1,O4a,0.06619780510663986,351
1369282564.0,1369282596.0,E:\o4a\1368973312\H1_1369280512_1369284608.hdf5,1369280512.0,1369284608.0,H1,O4a,0.06496209651231766,351
1369282628.0,1369282660.0,E:\o4a\1368973312\H1_1369280512_1369284608.hdf5,1369280512.0,1369284608.0,H1,O4a,0.06266031414270401,351
1369282692.0,1369282724.0,E:\o4a\1368973312\H1_1369280512_1369284608.hdf5,1369280512.0,1369284608.0,H1,O4a,0.0747901126742363,351
1369282756.0,1369282788.0,E:\o4a\1368973312\H1_1369280512_1369284608.hdf5,1369280512.0,1369284608.0,H1,O4a,0.07017610967159271,351
1369282820.0,1369282852.0,E:\o4a\1368973312\H1_1369280512_1369284608.hdf5,1369280512.0,1369284608.0,H1,O4a,0.05679524317383766,351
1369282884.0,1369282916.0,E:\o4a\1368973312\H1_1369280512_1369284608.hdf5,1369280512.0,1369284608.0,H1,O4a,0.07251084595918655,351
1369282948.0,1369282980.0,E:\o4a\1368973312\H1_1369280512_1369284608.hdf5,1369280512.0,1369284608.0,H1,O4a,0.06475847214460373,351
1369283012.0,1369283044.0,E:\o4a\1368973312\H1_1369280512_1369284608.hdf5,1369280512.0,1369284608.0,H1,O4a,0.07955604791641235,351
1369283076.0,1369283108.0,E:\o4a\1368973312\H1_1369280512_1369284608.hdf5,1369280512.0,1369284608.0,H1,O4a,0.06336554139852524,351
1369283140.0,1369283172.0,E:\o4a\1368973312\H1_1369280512_1369284608.hdf5,1369280512.0,1369284608.0,H1,O4a,0.05809342488646507,351
1369283204.0,1369283236.0,E:\o4a\1368973312\H1_1369280512_1369284608.hdf5,1369280512.0,1369284608.0,H1,O4a,0.06189893186092377,351
1369283268.0,1369283300.0,E:\o4a\1368973312\H1_1369280512_1369284608.hdf5,1369280512.0,1369284608.0,H1,O4a,0.05825882777571678,351
1369283332.0,1369283364.0,E:\o4a\1368973312\H1_1369280512_1369284608.hdf5,1369280512.0,1369284608.0,H1,O4a,0.05629444867372513,351
1369283396.0,1369283428.0,E:\o4a\1368973312\H1_1369280512_1369284608.hdf5,1369280512.0,1369284608.0,H1,O4a,0.08701375871896744,351
1369283460.0,1369283492.0,E:\o4a\1368973312\H1_1369280512_1369284608.hdf5,1369280512.0,1369284608.0,H1,O4a,0.0666295662522316,351
1369283524.0,1369283556.0,E:\o4a\1368973312\H1_1369280512_1369284608.hdf5,1369280512.0,1369284608.0,H1,O4a,0.06541282683610916,351
1369284740.0,1369284772.0,E:\o4a\1368973312\H1_1369284608_1369288704.hdf5,1369284608.0,1369288704.0,H1,O4a,0.06216691434383392,352
1369284804.0,1369284836.0,E:\o4a\1368973312\H1_1369284608_1369288704.hdf5,1369284608.0,1369288704.0,H1,O4a,0.05844748020172119,352
1369284868.0,1369284900.0,E:\o4a\1368973312\H1_1369284608_1369288704.hdf5,1369284608.0,1369288704.0,H1,O4a,0.06499847024679184,352
1369284932.0,1369284964.0,E:\o4a\1368973312\H1_1369284608_1369288704.hdf5,1369284608.0,1369288704.0,H1,O4a,0.06324482709169388,352
1369284996.0,1369285028.0,E:\o4a\1368973312\H1_1369284608_1369288704.hdf5,1369284608.0,1369288704.0,H1,O4a,0.06763553619384766,352
1369285060.0,1369285092.0,E:\o4a\1368973312\H1_1369284608_1369288704.hdf5,1369284608.0,1369288704.0,H1,O4a,0.05828753486275673,352
1369285124.0,1369285156.0,E:\o4a\1368973312\H1_1369284608_1369288704.hdf5,1369284608.0,1369288704.0,H1,O4a,0.06345873326063156,352
1369285188.0,1369285220.0,E:\o4a\1368973312\H1_1369284608_1369288704.hdf5,1369284608.0,1369288704.0,H1,O4a,0.06547009199857712,352
1369285252.0,1369285284.0,E:\o4a\1368973312\H1_1369284608_1369288704.hdf5,1369284608.0,1369288704.0,H1,O4a,0.05546402186155319,352
1369285316.0,1369285348.0,E:\o4a\1368973312\H1_1369284608_1369288704.hdf5,1369284608.0,1369288704.0,H1,O4a,0.06356557458639145,352
1369285380.0,1369285412.0,E:\o4a\1368973312\H1_1369284608_1369288704.hdf5,1369284608.0,1369288704.0,H1,O4a,0.05528578534722328,352
1369285444.0,1369285476.0,E:\o4a\1368973312\H1_1369284608_1369288704.hdf5,1369284608.0,1369288704.0,H1,O4a,0.058287445455789566,352
1369285508.0,1369285540.0,E:\o4a\1368973312\H1_1369284608_1369288704.hdf5,1369284608.0,1369288704.0,H1,O4a,0.062329959124326706,352
1369285572.0,1369285604.0,E:\o4a\1368973312\H1_1369284608_1369288704.hdf5,1369284608.0,1369288704.0,H1,O4a,0.0678088515996933,352
1369285636.0,1369285668.0,E:\o4a\1368973312\H1_1369284608_1369288704.hdf5,1369284608.0,1369288704.0,H1,O4a,0.06451480835676193,352
1369285700.0,1369285732.0,E:\o4a\1368973312\H1_1369284608_1369288704.hdf5,1369284608.0,1369288704.0,H1,O4a,0.05953144282102585,352
1369285764.0,1369285796.0,E:\o4a\1368973312\H1_1369284608_1369288704.hdf5,1369284608.0,1369288704.0,H1,O4a,0.0685606598854065,352
1369302532.0,1369302564.0,E:\o4a\1368973312\H1_1369300992_1369305088.hdf5,1369300992.0,1369305088.0,H1,O4a,0.06073060631752014,356
1369302596.0,1369302628.0,E:\o4a\1368973312\H1_1369300992_1369305088.hdf5,1369300992.0,1369305088.0,H1,O4a,0.06856834143400192,356
1369302660.0,1369302692.0,E:\o4a\1368973312\H1_1369300992_1369305088.hdf5,1369300992.0,1369305088.0,H1,O4a,0.06599698215723038,356
1369302724.0,1369302756.0,E:\o4a\1368973312\H1_1369300992_1369305088.hdf5,1369300992.0,1369305088.0,H1,O4a,0.05956915020942688,356
1369302788.0,1369302820.0,E:\o4a\1368973312\H1_1369300992_1369305088.hdf5,1369300992.0,1369305088.0,H1,O4a,0.08259507268667221,356
1369302852.0,1369302884.0,E:\o4a\1368973312\H1_1369300992_1369305088.hdf5,1369300992.0,1369305088.0,H1,O4a,0.05615038797259331,356
1369302916.0,1369302948.0,E:\o4a\1368973312\H1_1369300992_1369305088.hdf5,1369300992.0,1369305088.0,H1,O4a,0.05966830253601074,356
1369302980.0,1369303012.0,E:\o4a\1368973312\H1_1369300992_1369305088.hdf5,1369300992.0,1369305088.0,H1,O4a,0.07004283368587494,356
1369303044.0,1369303076.0,E:\o4a\1368973312\H1_1369300992_1369305088.hdf5,1369300992.0,1369305088.0,H1,O4a,0.45352572202682495,356
1369303108.0,1369303140.0,E:\o4a\1368973312\H1_1369300992_1369305088.hdf5,1369300992.0,1369305088.0,H1,O4a,0.06264686584472656,356
1369303172.0,1369303204.0,E:\o4a\1368973312\H1_1369300992_1369305088.hdf5,1369300992.0,1369305088.0,H1,O4a,0.06323849409818649,356
1369303236.0,1369303268.0,E:\o4a\1368973312\H1_1369300992_1369305088.hdf5,1369300992.0,1369305088.0,H1,O4a,0.05654339864850044,356
1369303300.0,1369303332.0,E:\o4a\1368973312\H1_1369300992_1369305088.hdf5,1369300992.0,1369305088.0,H1,O4a,0.05889829620718956,356
1369303364.0,1369303396.0,E:\o4a\1368973312\H1_1369300992_1369305088.hdf5,1369300992.0,1369305088.0,H1,O4a,0.08310888707637787,356
1369303428.0,1369303460.0,E:\o4a\1368973312\H1_1369300992_1369305088.hdf5,1369300992.0,1369305088.0,H1,O4a,0.06299972534179688,356
1369303492.0,1369303524.0,E:\o4a\1368973312\H1_1369300992_1369305088.hdf5,1369300992.0,1369305088.0,H1,O4a,0.07187826186418533,356
1369303556.0,1369303588.0,E:\o4a\1368973312\H1_1369300992_1369305088.hdf5,1369300992.0,1369305088.0,H1,O4a,0.05830700322985649,356
1369303620.0,1369303652.0,E:\o4a\1368973312\H1_1369300992_1369305088.hdf5,1369300992.0,1369305088.0,H1,O4a,0.05585145577788353,357
1369303684.0,1369303716.0,E:\o4a\1368973312\H1_1369300992_1369305088.hdf5,1369300992.0,1369305088.0,H1,O4a,0.058958206325769424,357
1369303748.0,1369303780.0,E:\o4a\1368973312\H1_1369300992_1369305088.hdf5,1369300992.0,1369305088.0,H1,O4a,0.0660635456442833,357
1369303812.0,1369303844.0,E:\o4a\1368973312\H1_1369300992_1369305088.hdf5,1369300992.0,1369305088.0,H1,O4a,0.08079313486814499,357
1369303876.0,1369303908.0,E:\o4a\1368973312\H1_1369300992_1369305088.hdf5,1369300992.0,1369305088.0,H1,O4a,0.06599166989326477,357
1369303940.0,1369303972.0,E:\o4a\1368973312\H1_1369300992_1369305088.hdf5,1369300992.0,1369305088.0,H1,O4a,0.06309127807617188,357
1369304004.0,1369304036.0,E:\o4a\1368973312\H1_1369300992_1369305088.hdf5,1369300992.0,1369305088.0,H1,O4a,0.05684623494744301,357
1369304068.0,1369304100.0,E:\o4a\1368973312\H1_1369300992_1369305088.hdf5,1369300992.0,1369305088.0,H1,O4a,0.06213683262467384,357
1369304132.0,1369304164.0,E:\o4a\1368973312\H1_1369300992_1369305088.hdf5,1369300992.0,1369305088.0,H1,O4a,0.06589266657829285,357
1369304196.0,1369304228.0,E:\o4a\1368973312\H1_1369300992_1369305088.hdf5,1369300992.0,1369305088.0,H1,O4a,0.05821165814995766,357
1369304260.0,1369304292.0,E:\o4a\1368973312\H1_1369300992_1369305088.hdf5,1369300992.0,1369305088.0,H1,O4a,0.049645569175481796,357
1369304324.0,1369304356.0,E:\o4a\1368973312\H1_1369300992_1369305088.hdf5,1369300992.0,1369305088.0,H1,O4a,0.058986227959394455,357
1369304388.0,1369304420.0,E:\o4a\1368973312\H1_1369300992_1369305088.hdf5,1369300992.0,1369305088.0,H1,O4a,0.06383277475833893,357
1369304452.0,1369304484.0,E:\o4a\1368973312\H1_1369300992_1369305088.hdf5,1369300992.0,1369305088.0,H1,O4a,0.07275044918060303,357
1369304516.0,1369304548.0,E:\o4a\1368973312\H1_1369300992_1369305088.hdf5,1369300992.0,1369305088.0,H1,O4a,0.058379512280225754,357
1369304580.0,1369304612.0,E:\o4a\1368973312\H1_1369300992_1369305088.hdf5,1369300992.0,1369305088.0,H1,O4a,0.059055812656879425,357
1369304644.0,1369304676.0,E:\o4a\1368973312\H1_1369300992_1369305088.hdf5,1369300992.0,1369305088.0,H1,O4a,0.07421760261058807,357
1369306756.0,1369306788.0,E:\o4a\1368973312\H1_1369305088_1369309184.hdf5,1369305088.0,1369309184.0,H1,O4a,0.05736815929412842,358
1369306820.0,1369306852.0,E:\o4a\1368973312\H1_1369305088_1369309184.hdf5,1369305088.0,1369309184.0,H1,O4a,0.05955962464213371,358
1369306884.0,1369306916.0,E:\o4a\1368973312\H1_1369305088_1369309184.hdf5,1369305088.0,1369309184.0,H1,O4a,0.0636250302195549,358
1369306948.0,1369306980.0,E:\o4a\1368973312\H1_1369305088_1369309184.hdf5,1369305088.0,1369309184.0,H1,O4a,0.05807414650917053,358
1369307012.0,1369307044.0,E:\o4a\1368973312\H1_1369305088_1369309184.hdf5,1369305088.0,1369309184.0,H1,O4a,0.06482841074466705,358
1369307076.0,1369307108.0,E:\o4a\1368973312\H1_1369305088_1369309184.hdf5,1369305088.0,1369309184.0,H1,O4a,0.05257398262619972,358
1369307140.0,1369307172.0,E:\o4a\1368973312\H1_1369305088_1369309184.hdf5,1369305088.0,1369309184.0,H1,O4a,0.0638442188501358,358
1369307204.0,1369307236.0,E:\o4a\1368973312\H1_1369305088_1369309184.hdf5,1369305088.0,1369309184.0,H1,O4a,0.08704835921525955,358
1369307268.0,1369307300.0,E:\o4a\1368973312\H1_1369305088_1369309184.hdf5,1369305088.0,1369309184.0,H1,O4a,0.06102956086397171,358
1369307332.0,1369307364.0,E:\o4a\1368973312\H1_1369305088_1369309184.hdf5,1369305088.0,1369309184.0,H1,O4a,0.058691851794719696,358
1369307396.0,1369307428.0,E:\o4a\1368973312\H1_1369305088_1369309184.hdf5,1369305088.0,1369309184.0,H1,O4a,0.08331448584794998,358
1369307460.0,1369307492.0,E:\o4a\1368973312\H1_1369305088_1369309184.hdf5,1369305088.0,1369309184.0,H1,O4a,0.05790388956665993,358
1369307524.0,1369307556.0,E:\o4a\1368973312\H1_1369305088_1369309184.hdf5,1369305088.0,1369309184.0,H1,O4a,0.08807782828807831,358
1369307588.0,1369307620.0,E:\o4a\1368973312\H1_1369305088_1369309184.hdf5,1369305088.0,1369309184.0,H1,O4a,0.06939195096492767,358
1369307652.0,1369307684.0,E:\o4a\1368973312\H1_1369305088_1369309184.hdf5,1369305088.0,1369309184.0,H1,O4a,0.06274832040071487,358
1369307716.0,1369307748.0,E:\o4a\1368973312\H1_1369305088_1369309184.hdf5,1369305088.0,1369309184.0,H1,O4a,0.09737731516361237,358
1369307780.0,1369307812.0,E:\o4a\1368973312\H1_1369305088_1369309184.hdf5,1369305088.0,1369309184.0,H1,O4a,0.06102367863059044,358
1369307844.0,1369307876.0,E:\o4a\1368973312\H1_1369305088_1369309184.hdf5,1369305088.0,1369309184.0,H1,O4a,0.05602989345788956,359
1369307908.0,1369307940.0,E:\o4a\1368973312\H1_1369305088_1369309184.hdf5,1369305088.0,1369309184.0,H1,O4a,0.07269711047410965,359
1369307972.0,1369308004.0,E:\o4a\1368973312\H1_1369305088_1369309184.hdf5,1369305088.0,1369309184.0,H1,O4a,0.055584028363227844,359
1369308036.0,1369308068.0,E:\o4a\1368973312\H1_1369305088_1369309184.hdf5,1369305088.0,1369309184.0,H1,O4a,0.08110813796520233,359
1369308100.0,1369308132.0,E:\o4a\1368973312\H1_1369305088_1369309184.hdf5,1369305088.0,1369309184.0,H1,O4a,0.09492190182209015,359
1369308164.0,1369308196.0,E:\o4a\1368973312\H1_1369305088_1369309184.hdf5,1369305088.0,1369309184.0,H1,O4a,0.05672120675444603,359
1369308228.0,1369308260.0,E:\o4a\1368973312\H1_1369305088_1369309184.hdf5,1369305088.0,1369309184.0,H1,O4a,0.06164909154176712,359
1369308292.0,1369308324.0,E:\o4a\1368973312\H1_1369305088_1369309184.hdf5,1369305088.0,1369309184.0,H1,O4a,0.06008637696504593,359
1369308356.0,1369308388.0,E:\o4a\1368973312\H1_1369305088_1369309184.hdf5,1369305088.0,1369309184.0,H1,O4a,0.06712600588798523,359
1369308420.0,1369308452.0,E:\o4a\1368973312\H1_1369305088_1369309184.hdf5,1369305088.0,1369309184.0,H1,O4a,0.06543979793787003,359
1369308484.0,1369308516.0,E:\o4a\1368973312\H1_1369305088_1369309184.hdf5,1369305088.0,1369309184.0,H1,O4a,0.05467846244573593,359
1369308548.0,1369308580.0,E:\o4a\1368973312\H1_1369305088_1369309184.hdf5,1369305088.0,1369309184.0,H1,O4a,0.058684948831796646,359
1369308612.0,1369308644.0,E:\o4a\1368973312\H1_1369305088_1369309184.hdf5,1369305088.0,1369309184.0,H1,O4a,0.05731643736362457,359
1369308676.0,1369308708.0,E:\o4a\1368973312\H1_1369305088_1369309184.hdf5,1369305088.0,1369309184.0,H1,O4a,0.05640022084116936,359
1369308740.0,1369308772.0,E:\o4a\1368973312\H1_1369305088_1369309184.hdf5,1369305088.0,1369309184.0,H1,O4a,0.060190536081790924,359
1369308804.0,1369308836.0,E:\o4a\1368973312\H1_1369305088_1369309184.hdf5,1369305088.0,1369309184.0,H1,O4a,0.06590504199266434,359
1369308868.0,1369308900.0,E:\o4a\1368973312\H1_1369305088_1369309184.hdf5,1369305088.0,1369309184.0,H1,O4a,0.05954428389668465,359
1369309316.0,1369309348.0,E:\o4a\1368973312\H1_1369309184_1369313280.hdf5,1369309184.0,1369313280.0,H1,O4a,0.06773833930492401,360
1369309380.0,1369309412.0,E:\o4a\1368973312\H1_1369309184_1369313280.hdf5,1369309184.0,1369313280.0,H1,O4a,0.058474186807870865,360
1369309444.0,1369309476.0,E:\o4a\1368973312\H1_1369309184_1369313280.hdf5,1369309184.0,1369313280.0,H1,O4a,0.062096308916807175,360
1369309508.0,1369309540.0,E:\o4a\1368973312\H1_1369309184_1369313280.hdf5,1369309184.0,1369313280.0,H1,O4a,0.0611184760928154,360
1369309572.0,1369309604.0,E:\o4a\1368973312\H1_1369309184_1369313280.hdf5,1369309184.0,1369313280.0,H1,O4a,0.06353055685758591,360
1369309636.0,1369309668.0,E:\o4a\1368973312\H1_1369309184_1369313280.hdf5,1369309184.0,1369313280.0,H1,O4a,0.06149031221866608,360
1369309700.0,1369309732.0,E:\o4a\1368973312\H1_1369309184_1369313280.hdf5,1369309184.0,1369313280.0,H1,O4a,0.06691055744886398,360
1369309764.0,1369309796.0,E:\o4a\1368973312\H1_1369309184_1369313280.hdf5,1369309184.0,1369313280.0,H1,O4a,0.05544613301753998,360
1369309828.0,1369309860.0,E:\o4a\1368973312\H1_1369309184_1369313280.hdf5,1369309184.0,1369313280.0,H1,O4a,0.06190038472414017,360
1369309892.0,1369309924.0,E:\o4a\1368973312\H1_1369309184_1369313280.hdf5,1369309184.0,1369313280.0,H1,O4a,0.06010005623102188,360
1369309956.0,1369309988.0,E:\o4a\1368973312\H1_1369309184_1369313280.hdf5,1369309184.0,1369313280.0,H1,O4a,0.05960443988442421,360
1369310020.0,1369310052.0,E:\o4a\1368973312\H1_1369309184_1369313280.hdf5,1369309184.0,1369313280.0,H1,O4a,0.05663143843412399,360
1369310084.0,1369310116.0,E:\o4a\1368973312\H1_1369309184_1369313280.hdf5,1369309184.0,1369313280.0,H1,O4a,0.06558074802160263,360
1369310148.0,1369310180.0,E:\o4a\1368973312\H1_1369309184_1369313280.hdf5,1369309184.0,1369313280.0,H1,O4a,0.06237452104687691,360
1369310212.0,1369310244.0,E:\o4a\1368973312\H1_1369309184_1369313280.hdf5,1369309184.0,1369313280.0,H1,O4a,0.07341669499874115,360
1369310276.0,1369310308.0,E:\o4a\1368973312\H1_1369309184_1369313280.hdf5,1369309184.0,1369313280.0,H1,O4a,0.05824432894587517,360
1369310340.0,1369310372.0,E:\o4a\1368973312\H1_1369309184_1369313280.hdf5,1369309184.0,1369313280.0,H1,O4a,0.059427253901958466,360
1369310724.0,1369310756.0,E:\o4a\1368973312\H1_1369309184_1369313280.hdf5,1369309184.0,1369313280.0,H1,O4a,0.057784050703048706,361
1369310788.0,1369310820.0,E:\o4a\1368973312\H1_1369309184_1369313280.hdf5,1369309184.0,1369313280.0,H1,O4a,0.06504695117473602,361
1369310852.0,1369310884.0,E:\o4a\1368973312\H1_1369309184_1369313280.hdf5,1369309184.0,1369313280.0,H1,O4a,0.062171570956707,361
1369310916.0,1369310948.0,E:\o4a\1368973312\H1_1369309184_1369313280.hdf5,1369309184.0,1369313280.0,H1,O4a,0.07081981003284454,361
1369310980.0,1369311012.0,E:\o4a\1368973312\H1_1369309184_1369313280.hdf5,1369309184.0,1369313280.0,H1,O4a,0.05927910655736923,361
1369311044.0,1369311076.0,E:\o4a\1368973312\H1_1369309184_1369313280.hdf5,1369309184.0,1369313280.0,H1,O4a,0.06279607117176056,361
1369311108.0,1369311140.0,E:\o4a\1368973312\H1_1369309184_1369313280.hdf5,1369309184.0,1369313280.0,H1,O4a,0.0627591609954834,361
1369311172.0,1369311204.0,E:\o4a\1368973312\H1_1369309184_1369313280.hdf5,1369309184.0,1369313280.0,H1,O4a,0.05966819077730179,361
1369311236.0,1369311268.0,E:\o4a\1368973312\H1_1369309184_1369313280.hdf5,1369309184.0,1369313280.0,H1,O4a,0.05928432196378708,361
1369311300.0,1369311332.0,E:\o4a\1368973312\H1_1369309184_1369313280.hdf5,1369309184.0,1369313280.0,H1,O4a,0.05901099741458893,361
1369311364.0,1369311396.0,E:\o4a\1368973312\H1_1369309184_1369313280.hdf5,1369309184.0,1369313280.0,H1,O4a,0.0662708431482315,361
1369311428.0,1369311460.0,E:\o4a\1368973312\H1_1369309184_1369313280.hdf5,1369309184.0,1369313280.0,H1,O4a,0.07431308925151825,361
1369311492.0,1369311524.0,E:\o4a\1368973312\H1_1369309184_1369313280.hdf5,1369309184.0,1369313280.0,H1,O4a,0.061780087649822235,361
1369311556.0,1369311588.0,E:\o4a\1368973312\H1_1369309184_1369313280.hdf5,1369309184.0,1369313280.0,H1,O4a,0.05850091949105263,361
1369311620.0,1369311652.0,E:\o4a\1368973312\H1_1369309184_1369313280.hdf5,1369309184.0,1369313280.0,H1,O4a,0.06310278922319412,361
1369311684.0,1369311716.0,E:\o4a\1368973312\H1_1369309184_1369313280.hdf5,1369309184.0,1369313280.0,H1,O4a,0.058557406067848206,361
1369311748.0,1369311780.0,E:\o4a\1368973312\H1_1369309184_1369313280.hdf5,1369309184.0,1369313280.0,H1,O4a,0.06508877873420715,361
1369313284.0,1369313316.0,E:\o4a\1368973312\H1_1369313280_1369317376.hdf5,1369313280.0,1369317376.0,H1,O4a,0.07238120585680008,362
1369313348.0,1369313380.0,E:\o4a\1368973312\H1_1369313280_1369317376.hdf5,1369313280.0,1369317376.0,H1,O4a,0.054020386189222336,362
1369313412.0,1369313444.0,E:\o4a\1368973312\H1_1369313280_1369317376.hdf5,1369313280.0,1369317376.0,H1,O4a,0.07030380517244339,362
1369313476.0,1369313508.0,E:\o4a\1368973312\H1_1369313280_1369317376.hdf5,1369313280.0,1369317376.0,H1,O4a,0.0541524738073349,362
1369313540.0,1369313572.0,E:\o4a\1368973312\H1_1369313280_1369317376.hdf5,1369313280.0,1369317376.0,H1,O4a,0.06471936404705048,362
1369313604.0,1369313636.0,E:\o4a\1368973312\H1_1369313280_1369317376.hdf5,1369313280.0,1369317376.0,H1,O4a,0.05405500903725624,362
1369313668.0,1369313700.0,E:\o4a\1368973312\H1_1369313280_1369317376.hdf5,1369313280.0,1369317376.0,H1,O4a,0.0664643943309784,362
1369313732.0,1369313764.0,E:\o4a\1368973312\H1_1369313280_1369317376.hdf5,1369313280.0,1369317376.0,H1,O4a,0.06561592221260071,362
1369313796.0,1369313828.0,E:\o4a\1368973312\H1_1369313280_1369317376.hdf5,1369313280.0,1369317376.0,H1,O4a,0.19831258058547974,362
1369313860.0,1369313892.0,E:\o4a\1368973312\H1_1369313280_1369317376.hdf5,1369313280.0,1369317376.0,H1,O4a,0.05447152256965637,362
1369313924.0,1369313956.0,E:\o4a\1368973312\H1_1369313280_1369317376.hdf5,1369313280.0,1369317376.0,H1,O4a,0.05671665444970131,362
1369313988.0,1369314020.0,E:\o4a\1368973312\H1_1369313280_1369317376.hdf5,1369313280.0,1369317376.0,H1,O4a,0.06649331748485565,362
1369314052.0,1369314084.0,E:\o4a\1368973312\H1_1369313280_1369317376.hdf5,1369313280.0,1369317376.0,H1,O4a,0.05945294722914696,362
1369314116.0,1369314148.0,E:\o4a\1368973312\H1_1369313280_1369317376.hdf5,1369313280.0,1369317376.0,H1,O4a,0.10727683454751968,362
1369314180.0,1369314212.0,E:\o4a\1368973312\H1_1369313280_1369317376.hdf5,1369313280.0,1369317376.0,H1,O4a,0.058572083711624146,362
1369314244.0,1369314276.0,E:\o4a\1368973312\H1_1369313280_1369317376.hdf5,1369313280.0,1369317376.0,H1,O4a,0.06737479567527771,362
1369314308.0,1369314340.0,E:\o4a\1368973312\H1_1369313280_1369317376.hdf5,1369313280.0,1369317376.0,H1,O4a,0.062449779361486435,362
1369379908.0,1369379940.0,E:\o4a\1368973312\H1_1369378816_1369382912.hdf5,1369378816.0,1369382912.0,H1,O4a,0.06738723069429398,3
1369379972.0,1369380004.0,E:\o4a\1368973312\H1_1369378816_1369382912.hdf5,1369378816.0,1369382912.0,H1,O4a,0.06894692033529282,3
1369380036.0,1369380068.0,E:\o4a\1368973312\H1_1369378816_1369382912.hdf5,1369378816.0,1369382912.0,H1,O4a,0.062095556408166885,3
1369380100.0,1369380132.0,E:\o4a\1368973312\H1_1369378816_1369382912.hdf5,1369378816.0,1369382912.0,H1,O4a,0.06309539079666138,3
1369380164.0,1369380196.0,E:\o4a\1368973312\H1_1369378816_1369382912.hdf5,1369378816.0,1369382912.0,H1,O4a,0.06547398120164871,3
1369380228.0,1369380260.0,E:\o4a\1368973312\H1_1369378816_1369382912.hdf5,1369378816.0,1369382912.0,H1,O4a,0.05454375594854355,3
1369380292.0,1369380324.0,E:\o4a\1368973312\H1_1369378816_1369382912.hdf5,1369378816.0,1369382912.0,H1,O4a,0.06432203948497772,3
1369380356.0,1369380388.0,E:\o4a\1368973312\H1_1369378816_1369382912.hdf5,1369378816.0,1369382912.0,H1,O4a,0.05265064164996147,3
1369380420.0,1369380452.0,E:\o4a\1368973312\H1_1369378816_1369382912.hdf5,1369378816.0,1369382912.0,H1,O4a,0.05111275240778923,3
1369380484.0,1369380516.0,E:\o4a\1368973312\H1_1369378816_1369382912.hdf5,1369378816.0,1369382912.0,H1,O4a,0.05304447561502457,3
1369380548.0,1369380580.0,E:\o4a\1368973312\H1_1369378816_1369382912.hdf5,1369378816.0,1369382912.0,H1,O4a,0.05744141340255737,3
1369380612.0,1369380644.0,E:\o4a\1368973312\H1_1369378816_1369382912.hdf5,1369378816.0,1369382912.0,H1,O4a,0.05631834641098976,3
1369380676.0,1369380708.0,E:\o4a\1368973312\H1_1369378816_1369382912.hdf5,1369378816.0,1369382912.0,H1,O4a,0.06759295612573624,3
1369380740.0,1369380772.0,E:\o4a\1368973312\H1_1369378816_1369382912.hdf5,1369378816.0,1369382912.0,H1,O4a,0.08329251408576965,3
1369380804.0,1369380836.0,E:\o4a\1368973312\H1_1369378816_1369382912.hdf5,1369378816.0,1369382912.0,H1,O4a,0.44603654742240906,3
1369380868.0,1369380900.0,E:\o4a\1368973312\H1_1369378816_1369382912.hdf5,1369378816.0,1369382912.0,H1,O4a,0.056185949593782425,3
1369380932.0,1369380964.0,E:\o4a\1368973312\H1_1369378816_1369382912.hdf5,1369378816.0,1369382912.0,H1,O4a,0.060485925525426865,3
1369453636.0,1369453668.0,E:\o4a\1368973312\H1_1369452544_1369456640.hdf5,1369452544.0,1369456640.0,H1,O4a,0.05844826251268387,4
1369453700.0,1369453732.0,E:\o4a\1368973312\H1_1369452544_1369456640.hdf5,1369452544.0,1369456640.0,H1,O4a,0.05685741826891899,4
1369453764.0,1369453796.0,E:\o4a\1368973312\H1_1369452544_1369456640.hdf5,1369452544.0,1369456640.0,H1,O4a,0.06970568001270294,4
1369453828.0,1369453860.0,E:\o4a\1368973312\H1_1369452544_1369456640.hdf5,1369452544.0,1369456640.0,H1,O4a,0.05757831037044525,4
1369453892.0,1369453924.0,E:\o4a\1368973312\H1_1369452544_1369456640.hdf5,1369452544.0,1369456640.0,H1,O4a,0.06900626420974731,4
1369453956.0,1369453988.0,E:\o4a\1368973312\H1_1369452544_1369456640.hdf5,1369452544.0,1369456640.0,H1,O4a,0.05817952752113342,4
1369454020.0,1369454052.0,E:\o4a\1368973312\H1_1369452544_1369456640.hdf5,1369452544.0,1369456640.0,H1,O4a,0.06168271601200104,4
1369454084.0,1369454116.0,E:\o4a\1368973312\H1_1369452544_1369456640.hdf5,1369452544.0,1369456640.0,H1,O4a,0.05435847491025925,4
1369454148.0,1369454180.0,E:\o4a\1368973312\H1_1369452544_1369456640.hdf5,1369452544.0,1369456640.0,H1,O4a,0.06021355092525482,4
1369454212.0,1369454244.0,E:\o4a\1368973312\H1_1369452544_1369456640.hdf5,1369452544.0,1369456640.0,H1,O4a,0.06372202187776566,4
1369454276.0,1369454308.0,E:\o4a\1368973312\H1_1369452544_1369456640.hdf5,1369452544.0,1369456640.0,H1,O4a,0.06574542075395584,4
1369454340.0,1369454372.0,E:\o4a\1368973312\H1_1369452544_1369456640.hdf5,1369452544.0,1369456640.0,H1,O4a,0.05761939287185669,4
1369454404.0,1369454436.0,E:\o4a\1368973312\H1_1369452544_1369456640.hdf5,1369452544.0,1369456640.0,H1,O4a,0.062305085361003876,4
1369454468.0,1369454500.0,E:\o4a\1368973312\H1_1369452544_1369456640.hdf5,1369452544.0,1369456640.0,H1,O4a,0.0598360076546669,4
1369454532.0,1369454564.0,E:\o4a\1368973312\H1_1369452544_1369456640.hdf5,1369452544.0,1369456640.0,H1,O4a,0.09530565142631531,4
1369454596.0,1369454628.0,E:\o4a\1368973312\H1_1369452544_1369456640.hdf5,1369452544.0,1369456640.0,H1,O4a,0.06087017059326172,4
1369454660.0,1369454692.0,E:\o4a\1368973312\H1_1369452544_1369456640.hdf5,1369452544.0,1369456640.0,H1,O4a,0.058030515909194946,4
1369551556.0,1369551588.0,E:\o4a\1369491712\H1_1369549056_1369553152.hdf5,1369549056.0,1369553152.0,H1,O4a,0.05338114872574806,5
1369551620.0,1369551652.0,E:\o4a\1369491712\H1_1369549056_1369553152.hdf5,1369549056.0,1369553152.0,H1,O4a,0.05736217275261879,5
1369551684.0,1369551716.0,E:\o4a\1369491712\H1_1369549056_1369553152.hdf5,1369549056.0,1369553152.0,H1,O4a,0.06022283807396889,5
1369551748.0,1369551780.0,E:\o4a\1369491712\H1_1369549056_1369553152.hdf5,1369549056.0,1369553152.0,H1,O4a,0.0807562842965126,5
1369551812.0,1369551844.0,E:\o4a\1369491712\H1_1369549056_1369553152.hdf5,1369549056.0,1369553152.0,H1,O4a,0.055603522807359695,5
1369551876.0,1369551908.0,E:\o4a\1369491712\H1_1369549056_1369553152.hdf5,1369549056.0,1369553152.0,H1,O4a,0.07049234956502914,5
1369551940.0,1369551972.0,E:\o4a\1369491712\H1_1369549056_1369553152.hdf5,1369549056.0,1369553152.0,H1,O4a,0.062172435224056244,5
1369552004.0,1369552036.0,E:\o4a\1369491712\H1_1369549056_1369553152.hdf5,1369549056.0,1369553152.0,H1,O4a,0.06273388862609863,5
1369552068.0,1369552100.0,E:\o4a\1369491712\H1_1369549056_1369553152.hdf5,1369549056.0,1369553152.0,H1,O4a,0.05775122717022896,5
1369552132.0,1369552164.0,E:\o4a\1369491712\H1_1369549056_1369553152.hdf5,1369549056.0,1369553152.0,H1,O4a,0.07548931241035461,5
1369552196.0,1369552228.0,E:\o4a\1369491712\H1_1369549056_1369553152.hdf5,1369549056.0,1369553152.0,H1,O4a,0.09555128961801529,5
1369552260.0,1369552292.0,E:\o4a\1369491712\H1_1369549056_1369553152.hdf5,1369549056.0,1369553152.0,H1,O4a,0.05429694429039955,5
1369552324.0,1369552356.0,E:\o4a\1369491712\H1_1369549056_1369553152.hdf5,1369549056.0,1369553152.0,H1,O4a,0.08155873417854309,5
1369552388.0,1369552420.0,E:\o4a\1369491712\H1_1369549056_1369553152.hdf5,1369549056.0,1369553152.0,H1,O4a,0.06436657905578613,5
1369552452.0,1369552484.0,E:\o4a\1369491712\H1_1369549056_1369553152.hdf5,1369549056.0,1369553152.0,H1,O4a,0.06824874132871628,5
1369552516.0,1369552548.0,E:\o4a\1369491712\H1_1369549056_1369553152.hdf5,1369549056.0,1369553152.0,H1,O4a,0.06362134963274002,5
1369552580.0,1369552612.0,E:\o4a\1369491712\H1_1369549056_1369553152.hdf5,1369549056.0,1369553152.0,H1,O4a,0.06522537767887115,5
1369655556.0,1369655588.0,E:\o4a\1369491712\H1_1369655552_1369659648.hdf5,1369655552.0,1369659648.0,H1,O4a,0.05623718723654747,6
1369655620.0,1369655652.0,E:\o4a\1369491712\H1_1369655552_1369659648.hdf5,1369655552.0,1369659648.0,H1,O4a,0.06120147556066513,6
1369655684.0,1369655716.0,E:\o4a\1369491712\H1_1369655552_1369659648.hdf5,1369655552.0,1369659648.0,H1,O4a,0.05494937673211098,6
1369655748.0,1369655780.0,E:\o4a\1369491712\H1_1369655552_1369659648.hdf5,1369655552.0,1369659648.0,H1,O4a,0.05225931107997894,6
1369655812.0,1369655844.0,E:\o4a\1369491712\H1_1369655552_1369659648.hdf5,1369655552.0,1369659648.0,H1,O4a,0.06564749032258987,6
1369655876.0,1369655908.0,E:\o4a\1369491712\H1_1369655552_1369659648.hdf5,1369655552.0,1369659648.0,H1,O4a,0.05597110837697983,6
1369655940.0,1369655972.0,E:\o4a\1369491712\H1_1369655552_1369659648.hdf5,1369655552.0,1369659648.0,H1,O4a,0.06614796817302704,6
1369656004.0,1369656036.0,E:\o4a\1369491712\H1_1369655552_1369659648.hdf5,1369655552.0,1369659648.0,H1,O4a,0.07990901917219162,6
1369656068.0,1369656100.0,E:\o4a\1369491712\H1_1369655552_1369659648.hdf5,1369655552.0,1369659648.0,H1,O4a,0.07654998451471329,6
1369656132.0,1369656164.0,E:\o4a\1369491712\H1_1369655552_1369659648.hdf5,1369655552.0,1369659648.0,H1,O4a,0.05875232443213463,6
1369656196.0,1369656228.0,E:\o4a\1369491712\H1_1369655552_1369659648.hdf5,1369655552.0,1369659648.0,H1,O4a,0.06680745631456375,6
1369656260.0,1369656292.0,E:\o4a\1369491712\H1_1369655552_1369659648.hdf5,1369655552.0,1369659648.0,H1,O4a,0.06031409278512001,6
1369656324.0,1369656356.0,E:\o4a\1369491712\H1_1369655552_1369659648.hdf5,1369655552.0,1369659648.0,H1,O4a,0.0544845275580883,6
1369656388.0,1369656420.0,E:\o4a\1369491712\H1_1369655552_1369659648.hdf5,1369655552.0,1369659648.0,H1,O4a,0.06465916335582733,6
1369656452.0,1369656484.0,E:\o4a\1369491712\H1_1369655552_1369659648.hdf5,1369655552.0,1369659648.0,H1,O4a,0.063243567943573,6
1369656516.0,1369656548.0,E:\o4a\1369491712\H1_1369655552_1369659648.hdf5,1369655552.0,1369659648.0,H1,O4a,0.06501039862632751,6
1369656580.0,1369656612.0,E:\o4a\1369491712\H1_1369655552_1369659648.hdf5,1369655552.0,1369659648.0,H1,O4a,0.07317981123924255,6
1369846020.0,1369846052.0,E:\o4a\1369491712\H1_1369843968_1369848064.hdf5,1369843968.0,1369848064.0,H1,O4a,0.05806529521942139,8
1369846084.0,1369846116.0,E:\o4a\1369491712\H1_1369843968_1369848064.hdf5,1369843968.0,1369848064.0,H1,O4a,0.06452725827693939,8
1369846148.0,1369846180.0,E:\o4a\1369491712\H1_1369843968_1369848064.hdf5,1369843968.0,1369848064.0,H1,O4a,0.05848840996623039,8
1369846212.0,1369846244.0,E:\o4a\1369491712\H1_1369843968_1369848064.hdf5,1369843968.0,1369848064.0,H1,O4a,0.06899623572826385,8
1369846276.0,1369846308.0,E:\o4a\1369491712\H1_1369843968_1369848064.hdf5,1369843968.0,1369848064.0,H1,O4a,0.05730058252811432,8
1369846340.0,1369846372.0,E:\o4a\1369491712\H1_1369843968_1369848064.hdf5,1369843968.0,1369848064.0,H1,O4a,0.060141731053590775,8
1369846404.0,1369846436.0,E:\o4a\1369491712\H1_1369843968_1369848064.hdf5,1369843968.0,1369848064.0,H1,O4a,0.06925763934850693,8
1369846468.0,1369846500.0,E:\o4a\1369491712\H1_1369843968_1369848064.hdf5,1369843968.0,1369848064.0,H1,O4a,0.05965406820178032,8
1369846532.0,1369846564.0,E:\o4a\1369491712\H1_1369843968_1369848064.hdf5,1369843968.0,1369848064.0,H1,O4a,0.10353677719831467,8
1369846596.0,1369846628.0,E:\o4a\1369491712\H1_1369843968_1369848064.hdf5,1369843968.0,1369848064.0,H1,O4a,0.05737759917974472,8
1369846660.0,1369846692.0,E:\o4a\1369491712\H1_1369843968_1369848064.hdf5,1369843968.0,1369848064.0,H1,O4a,0.07812181860208511,8
1369846724.0,1369846756.0,E:\o4a\1369491712\H1_1369843968_1369848064.hdf5,1369843968.0,1369848064.0,H1,O4a,0.08207051455974579,8
1369846788.0,1369846820.0,E:\o4a\1369491712\H1_1369843968_1369848064.hdf5,1369843968.0,1369848064.0,H1,O4a,0.06108265742659569,8
1369846852.0,1369846884.0,E:\o4a\1369491712\H1_1369843968_1369848064.hdf5,1369843968.0,1369848064.0,H1,O4a,0.061169371008872986,8
1369846916.0,1369846948.0,E:\o4a\1369491712\H1_1369843968_1369848064.hdf5,1369843968.0,1369848064.0,H1,O4a,0.05739231035113335,8
1369846980.0,1369847012.0,E:\o4a\1369491712\H1_1369843968_1369848064.hdf5,1369843968.0,1369848064.0,H1,O4a,0.06942726671695709,8
1369847044.0,1369847076.0,E:\o4a\1369491712\H1_1369843968_1369848064.hdf5,1369843968.0,1369848064.0,H1,O4a,0.06816820055246353,8
1369913604.0,1369913636.0,E:\o4a\1369491712\H1_1369913600_1369917696.hdf5,1369913600.0,1369917696.0,H1,O4a,0.06236677244305611,9
1369913668.0,1369913700.0,E:\o4a\1369491712\H1_1369913600_1369917696.hdf5,1369913600.0,1369917696.0,H1,O4a,0.05765518918633461,9
1369913732.0,1369913764.0,E:\o4a\1369491712\H1_1369913600_1369917696.hdf5,1369913600.0,1369917696.0,H1,O4a,0.06727900356054306,9
1369913796.0,1369913828.0,E:\o4a\1369491712\H1_1369913600_1369917696.hdf5,1369913600.0,1369917696.0,H1,O4a,0.07000727206468582,9
1369913860.0,1369913892.0,E:\o4a\1369491712\H1_1369913600_1369917696.hdf5,1369913600.0,1369917696.0,H1,O4a,0.06646512448787689,9
1369913924.0,1369913956.0,E:\o4a\1369491712\H1_1369913600_1369917696.hdf5,1369913600.0,1369917696.0,H1,O4a,0.057329945266246796,9
1369913988.0,1369914020.0,E:\o4a\1369491712\H1_1369913600_1369917696.hdf5,1369913600.0,1369917696.0,H1,O4a,0.056757304817438126,9
1369914052.0,1369914084.0,E:\o4a\1369491712\H1_1369913600_1369917696.hdf5,1369913600.0,1369917696.0,H1,O4a,0.06962203979492188,9
1369914116.0,1369914148.0,E:\o4a\1369491712\H1_1369913600_1369917696.hdf5,1369913600.0,1369917696.0,H1,O4a,0.0651838406920433,9
1369914180.0,1369914212.0,E:\o4a\1369491712\H1_1369913600_1369917696.hdf5,1369913600.0,1369917696.0,H1,O4a,0.05757976323366165,9
1369914244.0,1369914276.0,E:\o4a\1369491712\H1_1369913600_1369917696.hdf5,1369913600.0,1369917696.0,H1,O4a,0.05500619485974312,9
1369914308.0,1369914340.0,E:\o4a\1369491712\H1_1369913600_1369917696.hdf5,1369913600.0,1369917696.0,H1,O4a,0.06182228773832321,9
1369914372.0,1369914404.0,E:\o4a\1369491712\H1_1369913600_1369917696.hdf5,1369913600.0,1369917696.0,H1,O4a,0.05723315477371216,9
1369914436.0,1369914468.0,E:\o4a\1369491712\H1_1369913600_1369917696.hdf5,1369913600.0,1369917696.0,H1,O4a,0.05975855141878128,9
1369914500.0,1369914532.0,E:\o4a\1369491712\H1_1369913600_1369917696.hdf5,1369913600.0,1369917696.0,H1,O4a,0.07224520295858383,9
1369914564.0,1369914596.0,E:\o4a\1369491712\H1_1369913600_1369917696.hdf5,1369913600.0,1369917696.0,H1,O4a,0.05567061901092529,9
1369914628.0,1369914660.0,E:\o4a\1369491712\H1_1369913600_1369917696.hdf5,1369913600.0,1369917696.0,H1,O4a,0.0632811039686203,9
1369989060.0,1369989092.0,E:\o4a\1369491712\H1_1369987328_1369991424.hdf5,1369987328.0,1369991424.0,H1,O4a,0.06618716567754745,10
1369989124.0,1369989156.0,E:\o4a\1369491712\H1_1369987328_1369991424.hdf5,1369987328.0,1369991424.0,H1,O4a,0.06735896319150925,10
1369989188.0,1369989220.0,E:\o4a\1369491712\H1_1369987328_1369991424.hdf5,1369987328.0,1369991424.0,H1,O4a,0.05955635756254196,10
1369989252.0,1369989284.0,E:\o4a\1369491712\H1_1369987328_1369991424.hdf5,1369987328.0,1369991424.0,H1,O4a,0.10160485655069351,10
1369989316.0,1369989348.0,E:\o4a\1369491712\H1_1369987328_1369991424.hdf5,1369987328.0,1369991424.0,H1,O4a,0.062123410403728485,10
1369989380.0,1369989412.0,E:\o4a\1369491712\H1_1369987328_1369991424.hdf5,1369987328.0,1369991424.0,H1,O4a,0.06544936448335648,10
1369989444.0,1369989476.0,E:\o4a\1369491712\H1_1369987328_1369991424.hdf5,1369987328.0,1369991424.0,H1,O4a,0.07009753584861755,10
1369989508.0,1369989540.0,E:\o4a\1369491712\H1_1369987328_1369991424.hdf5,1369987328.0,1369991424.0,H1,O4a,0.05660174787044525,10
1369989572.0,1369989604.0,E:\o4a\1369491712\H1_1369987328_1369991424.hdf5,1369987328.0,1369991424.0,H1,O4a,0.059835076332092285,10
1369989636.0,1369989668.0,E:\o4a\1369491712\H1_1369987328_1369991424.hdf5,1369987328.0,1369991424.0,H1,O4a,0.06330620497465134,10
1369989700.0,1369989732.0,E:\o4a\1369491712\H1_1369987328_1369991424.hdf5,1369987328.0,1369991424.0,H1,O4a,0.05090392008423805,10
1369989764.0,1369989796.0,E:\o4a\1369491712\H1_1369987328_1369991424.hdf5,1369987328.0,1369991424.0,H1,O4a,0.06736914068460464,10
1369989828.0,1369989860.0,E:\o4a\1369491712\H1_1369987328_1369991424.hdf5,1369987328.0,1369991424.0,H1,O4a,0.05631466954946518,10
1369989892.0,1369989924.0,E:\o4a\1369491712\H1_1369987328_1369991424.hdf5,1369987328.0,1369991424.0,H1,O4a,0.06362798810005188,10
1369989956.0,1369989988.0,E:\o4a\1369491712\H1_1369987328_1369991424.hdf5,1369987328.0,1369991424.0,H1,O4a,0.05761903151869774,10
1369990020.0,1369990052.0,E:\o4a\1369491712\H1_1369987328_1369991424.hdf5,1369987328.0,1369991424.0,H1,O4a,0.061428580433130264,10
1369990084.0,1369990116.0,E:\o4a\1369491712\H1_1369987328_1369991424.hdf5,1369987328.0,1369991424.0,H1,O4a,0.07551711797714233,10
1370059908.0,1370059940.0,E:\o4a\1370010112\H1_1370059264_1370063360.hdf5,1370059264.0,1370063360.0,H1,O4a,0.06096642091870308,11
1370059972.0,1370060004.0,E:\o4a\1370010112\H1_1370059264_1370063360.hdf5,1370059264.0,1370063360.0,H1,O4a,0.0610620342195034,11
1370060036.0,1370060068.0,E:\o4a\1370010112\H1_1370059264_1370063360.hdf5,1370059264.0,1370063360.0,H1,O4a,0.05806346610188484,11
1370060100.0,1370060132.0,E:\o4a\1370010112\H1_1370059264_1370063360.hdf5,1370059264.0,1370063360.0,H1,O4a,0.058571942150592804,11
1370060164.0,1370060196.0,E:\o4a\1370010112\H1_1370059264_1370063360.hdf5,1370059264.0,1370063360.0,H1,O4a,0.06283361464738846,11
1370060228.0,1370060260.0,E:\o4a\1370010112\H1_1370059264_1370063360.hdf5,1370059264.0,1370063360.0,H1,O4a,0.05691904574632645,11
1370060292.0,1370060324.0,E:\o4a\1370010112\H1_1370059264_1370063360.hdf5,1370059264.0,1370063360.0,H1,O4a,0.06857127696275711,11
1370060356.0,1370060388.0,E:\o4a\1370010112\H1_1370059264_1370063360.hdf5,1370059264.0,1370063360.0,H1,O4a,0.05962108075618744,11
1370060420.0,1370060452.0,E:\o4a\1370010112\H1_1370059264_1370063360.hdf5,1370059264.0,1370063360.0,H1,O4a,0.07384034246206284,11
1370060484.0,1370060516.0,E:\o4a\1370010112\H1_1370059264_1370063360.hdf5,1370059264.0,1370063360.0,H1,O4a,0.06552787125110626,11
1370060548.0,1370060580.0,E:\o4a\1370010112\H1_1370059264_1370063360.hdf5,1370059264.0,1370063360.0,H1,O4a,0.06544974446296692,11
1370060612.0,1370060644.0,E:\o4a\1370010112\H1_1370059264_1370063360.hdf5,1370059264.0,1370063360.0,H1,O4a,0.05609090253710747,11
1370060676.0,1370060708.0,E:\o4a\1370010112\H1_1370059264_1370063360.hdf5,1370059264.0,1370063360.0,H1,O4a,0.06957048922777176,11
1370060740.0,1370060772.0,E:\o4a\1370010112\H1_1370059264_1370063360.hdf5,1370059264.0,1370063360.0,H1,O4a,0.05872639641165733,11
1370060804.0,1370060836.0,E:\o4a\1370010112\H1_1370059264_1370063360.hdf5,1370059264.0,1370063360.0,H1,O4a,0.06678592413663864,11
1370060868.0,1370060900.0,E:\o4a\1370010112\H1_1370059264_1370063360.hdf5,1370059264.0,1370063360.0,H1,O4a,0.0642135813832283,11
1370060932.0,1370060964.0,E:\o4a\1370010112\H1_1370059264_1370063360.hdf5,1370059264.0,1370063360.0,H1,O4a,0.06288576126098633,11
1370137092.0,1370137124.0,E:\o4a\1370010112\H1_1370137088_1370141184.hdf5,1370137088.0,1370141184.0,H1,O4a,0.06700406223535538,12
1370137156.0,1370137188.0,E:\o4a\1370010112\H1_1370137088_1370141184.hdf5,1370137088.0,1370141184.0,H1,O4a,0.11342588812112808,12
1370137220.0,1370137252.0,E:\o4a\1370010112\H1_1370137088_1370141184.hdf5,1370137088.0,1370141184.0,H1,O4a,0.06723348796367645,12
1370137284.0,1370137316.0,E:\o4a\1370010112\H1_1370137088_1370141184.hdf5,1370137088.0,1370141184.0,H1,O4a,0.055938635021448135,12
1370137348.0,1370137380.0,E:\o4a\1370010112\H1_1370137088_1370141184.hdf5,1370137088.0,1370141184.0,H1,O4a,0.0664711445569992,12
1370137412.0,1370137444.0,E:\o4a\1370010112\H1_1370137088_1370141184.hdf5,1370137088.0,1370141184.0,H1,O4a,0.06292832642793655,12
1370137476.0,1370137508.0,E:\o4a\1370010112\H1_1370137088_1370141184.hdf5,1370137088.0,1370141184.0,H1,O4a,0.06229570880532265,12
1370137540.0,1370137572.0,E:\o4a\1370010112\H1_1370137088_1370141184.hdf5,1370137088.0,1370141184.0,H1,O4a,0.057971686124801636,12
1370137604.0,1370137636.0,E:\o4a\1370010112\H1_1370137088_1370141184.hdf5,1370137088.0,1370141184.0,H1,O4a,0.05690566077828407,12
1370137668.0,1370137700.0,E:\o4a\1370010112\H1_1370137088_1370141184.hdf5,1370137088.0,1370141184.0,H1,O4a,0.07022064924240112,12
1370137732.0,1370137764.0,E:\o4a\1370010112\H1_1370137088_1370141184.hdf5,1370137088.0,1370141184.0,H1,O4a,0.0528489388525486,12
1370137796.0,1370137828.0,E:\o4a\1370010112\H1_1370137088_1370141184.hdf5,1370137088.0,1370141184.0,H1,O4a,0.05564827099442482,12
1370137860.0,1370137892.0,E:\o4a\1370010112\H1_1370137088_1370141184.hdf5,1370137088.0,1370141184.0,H1,O4a,0.08021070063114166,12
1370137924.0,1370137956.0,E:\o4a\1370010112\H1_1370137088_1370141184.hdf5,1370137088.0,1370141184.0,H1,O4a,0.06154767796397209,12
1370137988.0,1370138020.0,E:\o4a\1370010112\H1_1370137088_1370141184.hdf5,1370137088.0,1370141184.0,H1,O4a,0.058761656284332275,12
1370138052.0,1370138084.0,E:\o4a\1370010112\H1_1370137088_1370141184.hdf5,1370137088.0,1370141184.0,H1,O4a,0.07762760668992996,12
1370138116.0,1370138148.0,E:\o4a\1370010112\H1_1370137088_1370141184.hdf5,1370137088.0,1370141184.0,H1,O4a,0.06506536155939102,12
1370187332.0,1370187364.0,E:\o4a\1370010112\H1_1370186240_1370190336.hdf5,1370186240.0,1370190336.0,H1,O4a,0.08439396321773529,13
1370187396.0,1370187428.0,E:\o4a\1370010112\H1_1370186240_1370190336.hdf5,1370186240.0,1370190336.0,H1,O4a,0.06189378723502159,13
1370187460.0,1370187492.0,E:\o4a\1370010112\H1_1370186240_1370190336.hdf5,1370186240.0,1370190336.0,H1,O4a,0.06441249698400497,13
1370187524.0,1370187556.0,E:\o4a\1370010112\H1_1370186240_1370190336.hdf5,1370186240.0,1370190336.0,H1,O4a,0.06364302337169647,13
1370187588.0,1370187620.0,E:\o4a\1370010112\H1_1370186240_1370190336.hdf5,1370186240.0,1370190336.0,H1,O4a,0.06872716546058655,13
1370187652.0,1370187684.0,E:\o4a\1370010112\H1_1370186240_1370190336.hdf5,1370186240.0,1370190336.0,H1,O4a,0.07188262790441513,13
1370187716.0,1370187748.0,E:\o4a\1370010112\H1_1370186240_1370190336.hdf5,1370186240.0,1370190336.0,H1,O4a,0.08578583598136902,13
1370187780.0,1370187812.0,E:\o4a\1370010112\H1_1370186240_1370190336.hdf5,1370186240.0,1370190336.0,H1,O4a,0.059654027223587036,13
1370187844.0,1370187876.0,E:\o4a\1370010112\H1_1370186240_1370190336.hdf5,1370186240.0,1370190336.0,H1,O4a,0.06872038543224335,13
1370187908.0,1370187940.0,E:\o4a\1370010112\H1_1370186240_1370190336.hdf5,1370186240.0,1370190336.0,H1,O4a,0.07024309784173965,13
1370187972.0,1370188004.0,E:\o4a\1370010112\H1_1370186240_1370190336.hdf5,1370186240.0,1370190336.0,H1,O4a,0.08139099925756454,13
1370188036.0,1370188068.0,E:\o4a\1370010112\H1_1370186240_1370190336.hdf5,1370186240.0,1370190336.0,H1,O4a,0.06620129197835922,13
1370188100.0,1370188132.0,E:\o4a\1370010112\H1_1370186240_1370190336.hdf5,1370186240.0,1370190336.0,H1,O4a,0.07676731795072556,13
1370188164.0,1370188196.0,E:\o4a\1370010112\H1_1370186240_1370190336.hdf5,1370186240.0,1370190336.0,H1,O4a,0.06414666771888733,13
1370188228.0,1370188260.0,E:\o4a\1370010112\H1_1370186240_1370190336.hdf5,1370186240.0,1370190336.0,H1,O4a,0.42081043124198914,13
1370188292.0,1370188324.0,E:\o4a\1370010112\H1_1370186240_1370190336.hdf5,1370186240.0,1370190336.0,H1,O4a,0.06350331008434296,13
1370188356.0,1370188388.0,E:\o4a\1370010112\H1_1370186240_1370190336.hdf5,1370186240.0,1370190336.0,H1,O4a,0.07266790419816971,13
1370309124.0,1370309156.0,E:\o4a\1370010112\H1_1370309120_1370313216.hdf5,1370309120.0,1370313216.0,H1,O4a,0.06386177241802216,15
1370309188.0,1370309220.0,E:\o4a\1370010112\H1_1370309120_1370313216.hdf5,1370309120.0,1370313216.0,H1,O4a,0.06163430213928223,15
1370309252.0,1370309284.0,E:\o4a\1370010112\H1_1370309120_1370313216.hdf5,1370309120.0,1370313216.0,H1,O4a,0.0664387196302414,15
1370309316.0,1370309348.0,E:\o4a\1370010112\H1_1370309120_1370313216.hdf5,1370309120.0,1370313216.0,H1,O4a,0.06879029422998428,15
1370309380.0,1370309412.0,E:\o4a\1370010112\H1_1370309120_1370313216.hdf5,1370309120.0,1370313216.0,H1,O4a,0.055970292538404465,15
1370309444.0,1370309476.0,E:\o4a\1370010112\H1_1370309120_1370313216.hdf5,1370309120.0,1370313216.0,H1,O4a,0.05810484662652016,15
1370309508.0,1370309540.0,E:\o4a\1370010112\H1_1370309120_1370313216.hdf5,1370309120.0,1370313216.0,H1,O4a,0.06585994362831116,15
1370309572.0,1370309604.0,E:\o4a\1370010112\H1_1370309120_1370313216.hdf5,1370309120.0,1370313216.0,H1,O4a,0.06309443712234497,15
1370309636.0,1370309668.0,E:\o4a\1370010112\H1_1370309120_1370313216.hdf5,1370309120.0,1370313216.0,H1,O4a,0.06610225141048431,15
1370309700.0,1370309732.0,E:\o4a\1370010112\H1_1370309120_1370313216.hdf5,1370309120.0,1370313216.0,H1,O4a,0.07654321938753128,15
1370309764.0,1370309796.0,E:\o4a\1370010112\H1_1370309120_1370313216.hdf5,1370309120.0,1370313216.0,H1,O4a,0.06184428557753563,15
1370309828.0,1370309860.0,E:\o4a\1370010112\H1_1370309120_1370313216.hdf5,1370309120.0,1370313216.0,H1,O4a,0.06028751656413078,15
1370309892.0,1370309924.0,E:\o4a\1370010112\H1_1370309120_1370313216.hdf5,1370309120.0,1370313216.0,H1,O4a,0.07080387324094772,15
1370309956.0,1370309988.0,E:\o4a\1370010112\H1_1370309120_1370313216.hdf5,1370309120.0,1370313216.0,H1,O4a,0.061742402613162994,15
1370310020.0,1370310052.0,E:\o4a\1370010112\H1_1370309120_1370313216.hdf5,1370309120.0,1370313216.0,H1,O4a,0.09769418835639954,15
1370310084.0,1370310116.0,E:\o4a\1370010112\H1_1370309120_1370313216.hdf5,1370309120.0,1370313216.0,H1,O4a,0.06286152452230453,15
1370310148.0,1370310180.0,E:\o4a\1370010112\H1_1370309120_1370313216.hdf5,1370309120.0,1370313216.0,H1,O4a,0.056787922978401184,15
1370351172.0,1370351204.0,E:\o4a\1370010112\H1_1370350080_1370354176.hdf5,1370350080.0,1370354176.0,H1,O4a,0.06740638613700867,16
1370351236.0,1370351268.0,E:\o4a\1370010112\H1_1370350080_1370354176.hdf5,1370350080.0,1370354176.0,H1,O4a,0.07006974518299103,16
1370351300.0,1370351332.0,E:\o4a\1370010112\H1_1370350080_1370354176.hdf5,1370350080.0,1370354176.0,H1,O4a,0.058318838477134705,16
1370351364.0,1370351396.0,E:\o4a\1370010112\H1_1370350080_1370354176.hdf5,1370350080.0,1370354176.0,H1,O4a,0.09455420076847076,16
1370351428.0,1370351460.0,E:\o4a\1370010112\H1_1370350080_1370354176.hdf5,1370350080.0,1370354176.0,H1,O4a,0.05476498603820801,16
1370351492.0,1370351524.0,E:\o4a\1370010112\H1_1370350080_1370354176.hdf5,1370350080.0,1370354176.0,H1,O4a,0.05975949019193649,16
1370351556.0,1370351588.0,E:\o4a\1370010112\H1_1370350080_1370354176.hdf5,1370350080.0,1370354176.0,H1,O4a,0.0674816444516182,16
1370351620.0,1370351652.0,E:\o4a\1370010112\H1_1370350080_1370354176.hdf5,1370350080.0,1370354176.0,H1,O4a,0.06739480048418045,16
1370351684.0,1370351716.0,E:\o4a\1370010112\H1_1370350080_1370354176.hdf5,1370350080.0,1370354176.0,H1,O4a,0.06802365183830261,16
1370351748.0,1370351780.0,E:\o4a\1370010112\H1_1370350080_1370354176.hdf5,1370350080.0,1370354176.0,H1,O4a,0.07752339541912079,16
1370351812.0,1370351844.0,E:\o4a\1370010112\H1_1370350080_1370354176.hdf5,1370350080.0,1370354176.0,H1,O4a,0.08479022979736328,16
1370351876.0,1370351908.0,E:\o4a\1370010112\H1_1370350080_1370354176.hdf5,1370350080.0,1370354176.0,H1,O4a,0.06620165705680847,16
1370351940.0,1370351972.0,E:\o4a\1370010112\H1_1370350080_1370354176.hdf5,1370350080.0,1370354176.0,H1,O4a,0.062145765870809555,16
1370352004.0,1370352036.0,E:\o4a\1370010112\H1_1370350080_1370354176.hdf5,1370350080.0,1370354176.0,H1,O4a,0.06008787825703621,16
1370352068.0,1370352100.0,E:\o4a\1370010112\H1_1370350080_1370354176.hdf5,1370350080.0,1370354176.0,H1,O4a,0.07648005336523056,16
1370352132.0,1370352164.0,E:\o4a\1370010112\H1_1370350080_1370354176.hdf5,1370350080.0,1370354176.0,H1,O4a,0.07578063011169434,16
1370352196.0,1370352228.0,E:\o4a\1370010112\H1_1370350080_1370354176.hdf5,1370350080.0,1370354176.0,H1,O4a,0.10329089313745499,16
1370403332.0,1370403364.0,E:\o4a\1370010112\H1_1370403328_1370407424.hdf5,1370403328.0,1370407424.0,H1,O4a,0.05881181359291077,17
1370403396.0,1370403428.0,E:\o4a\1370010112\H1_1370403328_1370407424.hdf5,1370403328.0,1370407424.0,H1,O4a,0.05723925307393074,17
1370403460.0,1370403492.0,E:\o4a\1370010112\H1_1370403328_1370407424.hdf5,1370403328.0,1370407424.0,H1,O4a,0.22585764527320862,17
1370403524.0,1370403556.0,E:\o4a\1370010112\H1_1370403328_1370407424.hdf5,1370403328.0,1370407424.0,H1,O4a,0.06324510276317596,17
1370403588.0,1370403620.0,E:\o4a\1370010112\H1_1370403328_1370407424.hdf5,1370403328.0,1370407424.0,H1,O4a,0.05724773183465004,17
1370403652.0,1370403684.0,E:\o4a\1370010112\H1_1370403328_1370407424.hdf5,1370403328.0,1370407424.0,H1,O4a,0.0652795061469078,17
1370403716.0,1370403748.0,E:\o4a\1370010112\H1_1370403328_1370407424.hdf5,1370403328.0,1370407424.0,H1,O4a,0.0646851435303688,17
1370403780.0,1370403812.0,E:\o4a\1370010112\H1_1370403328_1370407424.hdf5,1370403328.0,1370407424.0,H1,O4a,0.060006849467754364,17
1370403844.0,1370403876.0,E:\o4a\1370010112\H1_1370403328_1370407424.hdf5,1370403328.0,1370407424.0,H1,O4a,0.06992913782596588,17
1370403908.0,1370403940.0,E:\o4a\1370010112\H1_1370403328_1370407424.hdf5,1370403328.0,1370407424.0,H1,O4a,0.06054067611694336,17
1370403972.0,1370404004.0,E:\o4a\1370010112\H1_1370403328_1370407424.hdf5,1370403328.0,1370407424.0,H1,O4a,0.06603048741817474,17
1370404036.0,1370404068.0,E:\o4a\1370010112\H1_1370403328_1370407424.hdf5,1370403328.0,1370407424.0,H1,O4a,0.08007162064313889,17
1370404100.0,1370404132.0,E:\o4a\1370010112\H1_1370403328_1370407424.hdf5,1370403328.0,1370407424.0,H1,O4a,0.06187428534030914,17
1370404164.0,1370404196.0,E:\o4a\1370010112\H1_1370403328_1370407424.hdf5,1370403328.0,1370407424.0,H1,O4a,0.05823211744427681,17
1370404228.0,1370404260.0,E:\o4a\1370010112\H1_1370403328_1370407424.hdf5,1370403328.0,1370407424.0,H1,O4a,0.05658656731247902,17
1370404292.0,1370404324.0,E:\o4a\1370010112\H1_1370403328_1370407424.hdf5,1370403328.0,1370407424.0,H1,O4a,0.0568644218146801,17
1370404356.0,1370404388.0,E:\o4a\1370010112\H1_1370403328_1370407424.hdf5,1370403328.0,1370407424.0,H1,O4a,0.11876947432756424,17
1370452484.0,1370452516.0,E:\o4a\1370010112\H1_1370452480_1370456576.hdf5,1370452480.0,1370456576.0,H1,O4a,0.060390010476112366,18
1370452548.0,1370452580.0,E:\o4a\1370010112\H1_1370452480_1370456576.hdf5,1370452480.0,1370456576.0,H1,O4a,0.06340854614973068,18
1370452612.0,1370452644.0,E:\o4a\1370010112\H1_1370452480_1370456576.hdf5,1370452480.0,1370456576.0,H1,O4a,0.05771879851818085,18
1370452676.0,1370452708.0,E:\o4a\1370010112\H1_1370452480_1370456576.hdf5,1370452480.0,1370456576.0,H1,O4a,0.05484839901328087,18
1370452740.0,1370452772.0,E:\o4a\1370010112\H1_1370452480_1370456576.hdf5,1370452480.0,1370456576.0,H1,O4a,0.06030253693461418,18
1370452804.0,1370452836.0,E:\o4a\1370010112\H1_1370452480_1370456576.hdf5,1370452480.0,1370456576.0,H1,O4a,0.06262294203042984,18
1370452868.0,1370452900.0,E:\o4a\1370010112\H1_1370452480_1370456576.hdf5,1370452480.0,1370456576.0,H1,O4a,0.06401050835847855,18
1370452932.0,1370452964.0,E:\o4a\1370010112\H1_1370452480_1370456576.hdf5,1370452480.0,1370456576.0,H1,O4a,0.06966115534305573,18
1370452996.0,1370453028.0,E:\o4a\1370010112\H1_1370452480_1370456576.hdf5,1370452480.0,1370456576.0,H1,O4a,0.06123265251517296,18
1370453060.0,1370453092.0,E:\o4a\1370010112\H1_1370452480_1370456576.hdf5,1370452480.0,1370456576.0,H1,O4a,0.07596483081579208,18
1370453124.0,1370453156.0,E:\o4a\1370010112\H1_1370452480_1370456576.hdf5,1370452480.0,1370456576.0,H1,O4a,0.06176576390862465,18
1370453188.0,1370453220.0,E:\o4a\1370010112\H1_1370452480_1370456576.hdf5,1370452480.0,1370456576.0,H1,O4a,0.06581277400255203,18
1370453252.0,1370453284.0,E:\o4a\1370010112\H1_1370452480_1370456576.hdf5,1370452480.0,1370456576.0,H1,O4a,0.05660833790898323,18
1370453316.0,1370453348.0,E:\o4a\1370010112\H1_1370452480_1370456576.hdf5,1370452480.0,1370456576.0,H1,O4a,0.05977986752986908,18
1370453380.0,1370453412.0,E:\o4a\1370010112\H1_1370452480_1370456576.hdf5,1370452480.0,1370456576.0,H1,O4a,0.06359842419624329,18
1370453444.0,1370453476.0,E:\o4a\1370010112\H1_1370452480_1370456576.hdf5,1370452480.0,1370456576.0,H1,O4a,0.09074721485376358,18
1370453508.0,1370453540.0,E:\o4a\1370010112\H1_1370452480_1370456576.hdf5,1370452480.0,1370456576.0,H1,O4a,0.07192666083574295,18
1370497540.0,1370497572.0,E:\o4a\1370010112\H1_1370497536_1370501632.hdf5,1370497536.0,1370501632.0,H1,O4a,0.06953217089176178,19
1370497604.0,1370497636.0,E:\o4a\1370010112\H1_1370497536_1370501632.hdf5,1370497536.0,1370501632.0,H1,O4a,0.06845397502183914,19
1370497668.0,1370497700.0,E:\o4a\1370010112\H1_1370497536_1370501632.hdf5,1370497536.0,1370501632.0,H1,O4a,0.06780555099248886,19
1370497732.0,1370497764.0,E:\o4a\1370010112\H1_1370497536_1370501632.hdf5,1370497536.0,1370501632.0,H1,O4a,0.07358597218990326,19
1370497796.0,1370497828.0,E:\o4a\1370010112\H1_1370497536_1370501632.hdf5,1370497536.0,1370501632.0,H1,O4a,0.06943958252668381,19
1370497860.0,1370497892.0,E:\o4a\1370010112\H1_1370497536_1370501632.hdf5,1370497536.0,1370501632.0,H1,O4a,0.051942430436611176,19
1370497924.0,1370497956.0,E:\o4a\1370010112\H1_1370497536_1370501632.hdf5,1370497536.0,1370501632.0,H1,O4a,0.06616777926683426,19
1370497988.0,1370498020.0,E:\o4a\1370010112\H1_1370497536_1370501632.hdf5,1370497536.0,1370501632.0,H1,O4a,0.0658150389790535,19
1370498052.0,1370498084.0,E:\o4a\1370010112\H1_1370497536_1370501632.hdf5,1370497536.0,1370501632.0,H1,O4a,0.06787343323230743,19
1370498116.0,1370498148.0,E:\o4a\1370010112\H1_1370497536_1370501632.hdf5,1370497536.0,1370501632.0,H1,O4a,0.07045207172632217,19
1370498180.0,1370498212.0,E:\o4a\1370010112\H1_1370497536_1370501632.hdf5,1370497536.0,1370501632.0,H1,O4a,0.05314440652728081,19
1370498244.0,1370498276.0,E:\o4a\1370010112\H1_1370497536_1370501632.hdf5,1370497536.0,1370501632.0,H1,O4a,0.07399076223373413,19
1370498308.0,1370498340.0,E:\o4a\1370010112\H1_1370497536_1370501632.hdf5,1370497536.0,1370501632.0,H1,O4a,0.06546573340892792,19
1370498372.0,1370498404.0,E:\o4a\1370010112\H1_1370497536_1370501632.hdf5,1370497536.0,1370501632.0,H1,O4a,0.05595351755619049,19
1370498436.0,1370498468.0,E:\o4a\1370010112\H1_1370497536_1370501632.hdf5,1370497536.0,1370501632.0,H1,O4a,0.08144725859165192,19
1370498500.0,1370498532.0,E:\o4a\1370010112\H1_1370497536_1370501632.hdf5,1370497536.0,1370501632.0,H1,O4a,0.06300762295722961,19
1370498564.0,1370498596.0,E:\o4a\1370010112\H1_1370497536_1370501632.hdf5,1370497536.0,1370501632.0,H1,O4a,0.05888540670275688,19
1370678148.0,1370678180.0,E:\o4a\1370528512\H1_1370675968_1370680064.hdf5,1370675968.0,1370680064.0,H1,O4a,0.05800332874059677,22
1370678212.0,1370678244.0,E:\o4a\1370528512\H1_1370675968_1370680064.hdf5,1370675968.0,1370680064.0,H1,O4a,0.05740014463663101,22
1370678276.0,1370678308.0,E:\o4a\1370528512\H1_1370675968_1370680064.hdf5,1370675968.0,1370680064.0,H1,O4a,0.05527239292860031,22
1370678340.0,1370678372.0,E:\o4a\1370528512\H1_1370675968_1370680064.hdf5,1370675968.0,1370680064.0,H1,O4a,0.0725955069065094,22
1370678404.0,1370678436.0,E:\o4a\1370528512\H1_1370675968_1370680064.hdf5,1370675968.0,1370680064.0,H1,O4a,0.05676446110010147,22
1370678468.0,1370678500.0,E:\o4a\1370528512\H1_1370675968_1370680064.hdf5,1370675968.0,1370680064.0,H1,O4a,0.07345807552337646,22
1370678532.0,1370678564.0,E:\o4a\1370528512\H1_1370675968_1370680064.hdf5,1370675968.0,1370680064.0,H1,O4a,0.06347360461950302,22
1370678596.0,1370678628.0,E:\o4a\1370528512\H1_1370675968_1370680064.hdf5,1370675968.0,1370680064.0,H1,O4a,0.05626322701573372,22
1370678660.0,1370678692.0,E:\o4a\1370528512\H1_1370675968_1370680064.hdf5,1370675968.0,1370680064.0,H1,O4a,0.05771060660481453,22
1370678724.0,1370678756.0,E:\o4a\1370528512\H1_1370675968_1370680064.hdf5,1370675968.0,1370680064.0,H1,O4a,0.05884439870715141,22
1370678788.0,1370678820.0,E:\o4a\1370528512\H1_1370675968_1370680064.hdf5,1370675968.0,1370680064.0,H1,O4a,0.06201375275850296,22
1370678852.0,1370678884.0,E:\o4a\1370528512\H1_1370675968_1370680064.hdf5,1370675968.0,1370680064.0,H1,O4a,0.062386393547058105,22
1370678916.0,1370678948.0,E:\o4a\1370528512\H1_1370675968_1370680064.hdf5,1370675968.0,1370680064.0,H1,O4a,0.07461463660001755,22
1370678980.0,1370679012.0,E:\o4a\1370528512\H1_1370675968_1370680064.hdf5,1370675968.0,1370680064.0,H1,O4a,0.06495658308267593,22
1370679044.0,1370679076.0,E:\o4a\1370528512\H1_1370675968_1370680064.hdf5,1370675968.0,1370680064.0,H1,O4a,0.05978313088417053,22
1370679108.0,1370679140.0,E:\o4a\1370528512\H1_1370675968_1370680064.hdf5,1370675968.0,1370680064.0,H1,O4a,0.06398330628871918,22
1370679172.0,1370679204.0,E:\o4a\1370528512\H1_1370675968_1370680064.hdf5,1370675968.0,1370680064.0,H1,O4a,0.06133009493350983,22
1370778436.0,1370778468.0,E:\o4a\1370528512\H1_1370778368_1370782464.hdf5,1370778368.0,1370782464.0,H1,O4a,0.06997888535261154,23
1370778500.0,1370778532.0,E:\o4a\1370528512\H1_1370778368_1370782464.hdf5,1370778368.0,1370782464.0,H1,O4a,0.06492321193218231,23
1370778564.0,1370778596.0,E:\o4a\1370528512\H1_1370778368_1370782464.hdf5,1370778368.0,1370782464.0,H1,O4a,0.058332476764917374,23
1370778628.0,1370778660.0,E:\o4a\1370528512\H1_1370778368_1370782464.hdf5,1370778368.0,1370782464.0,H1,O4a,0.07420045882463455,23
1370778692.0,1370778724.0,E:\o4a\1370528512\H1_1370778368_1370782464.hdf5,1370778368.0,1370782464.0,H1,O4a,0.06438718736171722,23
1370778756.0,1370778788.0,E:\o4a\1370528512\H1_1370778368_1370782464.hdf5,1370778368.0,1370782464.0,H1,O4a,0.05635834485292435,23
1370778820.0,1370778852.0,E:\o4a\1370528512\H1_1370778368_1370782464.hdf5,1370778368.0,1370782464.0,H1,O4a,0.057047247886657715,23
1370778884.0,1370778916.0,E:\o4a\1370528512\H1_1370778368_1370782464.hdf5,1370778368.0,1370782464.0,H1,O4a,0.055935416370630264,23
1370778948.0,1370778980.0,E:\o4a\1370528512\H1_1370778368_1370782464.hdf5,1370778368.0,1370782464.0,H1,O4a,0.052719347178936005,23
1370779012.0,1370779044.0,E:\o4a\1370528512\H1_1370778368_1370782464.hdf5,1370778368.0,1370782464.0,H1,O4a,0.06442166864871979,23
1370779076.0,1370779108.0,E:\o4a\1370528512\H1_1370778368_1370782464.hdf5,1370778368.0,1370782464.0,H1,O4a,0.06714903563261032,23
1370779140.0,1370779172.0,E:\o4a\1370528512\H1_1370778368_1370782464.hdf5,1370778368.0,1370782464.0,H1,O4a,0.055190570652484894,23
1370779204.0,1370779236.0,E:\o4a\1370528512\H1_1370778368_1370782464.hdf5,1370778368.0,1370782464.0,H1,O4a,0.06216326728463173,23
1370779268.0,1370779300.0,E:\o4a\1370528512\H1_1370778368_1370782464.hdf5,1370778368.0,1370782464.0,H1,O4a,0.057262446731328964,23
1370779332.0,1370779364.0,E:\o4a\1370528512\H1_1370778368_1370782464.hdf5,1370778368.0,1370782464.0,H1,O4a,0.06913552433252335,23
1370779396.0,1370779428.0,E:\o4a\1370528512\H1_1370778368_1370782464.hdf5,1370778368.0,1370782464.0,H1,O4a,0.06991356611251831,23
1370779460.0,1370779492.0,E:\o4a\1370528512\H1_1370778368_1370782464.hdf5,1370778368.0,1370782464.0,H1,O4a,0.056439340114593506,23
1371179972.0,1371180004.0,E:\o4a\1371046912\H1_1371177984_1371182080.hdf5,1371177984.0,1371182080.0,H1,O4a,0.054266322404146194,29
1371180036.0,1371180068.0,E:\o4a\1371046912\H1_1371177984_1371182080.hdf5,1371177984.0,1371182080.0,H1,O4a,0.07839513570070267,29
1371180100.0,1371180132.0,E:\o4a\1371046912\H1_1371177984_1371182080.hdf5,1371177984.0,1371182080.0,H1,O4a,0.05849849432706833,29
1371180164.0,1371180196.0,E:\o4a\1371046912\H1_1371177984_1371182080.hdf5,1371177984.0,1371182080.0,H1,O4a,0.05948145315051079,29
1371180228.0,1371180260.0,E:\o4a\1371046912\H1_1371177984_1371182080.hdf5,1371177984.0,1371182080.0,H1,O4a,0.08328010886907578,29
1371180292.0,1371180324.0,E:\o4a\1371046912\H1_1371177984_1371182080.hdf5,1371177984.0,1371182080.0,H1,O4a,0.06808530539274216,29
1371180356.0,1371180388.0,E:\o4a\1371046912\H1_1371177984_1371182080.hdf5,1371177984.0,1371182080.0,H1,O4a,0.05997553467750549,29
1371180420.0,1371180452.0,E:\o4a\1371046912\H1_1371177984_1371182080.hdf5,1371177984.0,1371182080.0,H1,O4a,0.0564018078148365,29
1371180484.0,1371180516.0,E:\o4a\1371046912\H1_1371177984_1371182080.hdf5,1371177984.0,1371182080.0,H1,O4a,0.07515891641378403,29
1371180548.0,1371180580.0,E:\o4a\1371046912\H1_1371177984_1371182080.hdf5,1371177984.0,1371182080.0,H1,O4a,0.06539684534072876,29
1371180612.0,1371180644.0,E:\o4a\1371046912\H1_1371177984_1371182080.hdf5,1371177984.0,1371182080.0,H1,O4a,0.0968598797917366,29
1371180676.0,1371180708.0,E:\o4a\1371046912\H1_1371177984_1371182080.hdf5,1371177984.0,1371182080.0,H1,O4a,0.06435130536556244,29
1371180740.0,1371180772.0,E:\o4a\1371046912\H1_1371177984_1371182080.hdf5,1371177984.0,1371182080.0,H1,O4a,0.06466784328222275,29
1371180804.0,1371180836.0,E:\o4a\1371046912\H1_1371177984_1371182080.hdf5,1371177984.0,1371182080.0,H1,O4a,0.06295591592788696,29
1371180868.0,1371180900.0,E:\o4a\1371046912\H1_1371177984_1371182080.hdf5,1371177984.0,1371182080.0,H1,O4a,0.05512359365820885,29
1371180932.0,1371180964.0,E:\o4a\1371046912\H1_1371177984_1371182080.hdf5,1371177984.0,1371182080.0,H1,O4a,0.06600398570299149,29
1371180996.0,1371181028.0,E:\o4a\1371046912\H1_1371177984_1371182080.hdf5,1371177984.0,1371182080.0,H1,O4a,0.051360633224248886,29
1371260996.0,1371261028.0,E:\o4a\1371046912\H1_1371259904_1371264000.hdf5,1371259904.0,1371264000.0,H1,O4a,0.058834049850702286,30
1371261060.0,1371261092.0,E:\o4a\1371046912\H1_1371259904_1371264000.hdf5,1371259904.0,1371264000.0,H1,O4a,0.06454016268253326,30
1371261124.0,1371261156.0,E:\o4a\1371046912\H1_1371259904_1371264000.hdf5,1371259904.0,1371264000.0,H1,O4a,0.0604119598865509,30
1371261188.0,1371261220.0,E:\o4a\1371046912\H1_1371259904_1371264000.hdf5,1371259904.0,1371264000.0,H1,O4a,0.06138407438993454,30
1371261252.0,1371261284.0,E:\o4a\1371046912\H1_1371259904_1371264000.hdf5,1371259904.0,1371264000.0,H1,O4a,0.06585972756147385,30
1371261316.0,1371261348.0,E:\o4a\1371046912\H1_1371259904_1371264000.hdf5,1371259904.0,1371264000.0,H1,O4a,0.06609927862882614,30
1371261380.0,1371261412.0,E:\o4a\1371046912\H1_1371259904_1371264000.hdf5,1371259904.0,1371264000.0,H1,O4a,0.06644455343484879,30
1371261444.0,1371261476.0,E:\o4a\1371046912\H1_1371259904_1371264000.hdf5,1371259904.0,1371264000.0,H1,O4a,0.05917932093143463,30
1371261508.0,1371261540.0,E:\o4a\1371046912\H1_1371259904_1371264000.hdf5,1371259904.0,1371264000.0,H1,O4a,0.06511644273996353,30
1371261572.0,1371261604.0,E:\o4a\1371046912\H1_1371259904_1371264000.hdf5,1371259904.0,1371264000.0,H1,O4a,0.05355280265212059,30
1371261636.0,1371261668.0,E:\o4a\1371046912\H1_1371259904_1371264000.hdf5,1371259904.0,1371264000.0,H1,O4a,0.06779594719409943,30
1371261700.0,1371261732.0,E:\o4a\1371046912\H1_1371259904_1371264000.hdf5,1371259904.0,1371264000.0,H1,O4a,0.06452860683202744,30
1371261764.0,1371261796.0,E:\o4a\1371046912\H1_1371259904_1371264000.hdf5,1371259904.0,1371264000.0,H1,O4a,0.06443120539188385,30
1371261828.0,1371261860.0,E:\o4a\1371046912\H1_1371259904_1371264000.hdf5,1371259904.0,1371264000.0,H1,O4a,0.06307045370340347,30
1371261892.0,1371261924.0,E:\o4a\1371046912\H1_1371259904_1371264000.hdf5,1371259904.0,1371264000.0,H1,O4a,0.05563398078083992,30
1371261956.0,1371261988.0,E:\o4a\1371046912\H1_1371259904_1371264000.hdf5,1371259904.0,1371264000.0,H1,O4a,0.06607025116682053,30
1371262020.0,1371262052.0,E:\o4a\1371046912\H1_1371259904_1371264000.hdf5,1371259904.0,1371264000.0,H1,O4a,0.07056785374879837,30
1371355204.0,1371355236.0,E:\o4a\1371046912\H1_1371354112_1371358208.hdf5,1371354112.0,1371358208.0,H1,O4a,0.05439063534140587,31
1371355268.0,1371355300.0,E:\o4a\1371046912\H1_1371354112_1371358208.hdf5,1371354112.0,1371358208.0,H1,O4a,0.08877748250961304,31
1371355332.0,1371355364.0,E:\o4a\1371046912\H1_1371354112_1371358208.hdf5,1371354112.0,1371358208.0,H1,O4a,0.06146111339330673,31
1371355396.0,1371355428.0,E:\o4a\1371046912\H1_1371354112_1371358208.hdf5,1371354112.0,1371358208.0,H1,O4a,0.06122391298413277,31
1371355460.0,1371355492.0,E:\o4a\1371046912\H1_1371354112_1371358208.hdf5,1371354112.0,1371358208.0,H1,O4a,0.07240209728479385,31
1371355524.0,1371355556.0,E:\o4a\1371046912\H1_1371354112_1371358208.hdf5,1371354112.0,1371358208.0,H1,O4a,0.05692746490240097,31
1371355588.0,1371355620.0,E:\o4a\1371046912\H1_1371354112_1371358208.hdf5,1371354112.0,1371358208.0,H1,O4a,0.06285430490970612,31
1371355652.0,1371355684.0,E:\o4a\1371046912\H1_1371354112_1371358208.hdf5,1371354112.0,1371358208.0,H1,O4a,0.07056201994419098,31
1371355716.0,1371355748.0,E:\o4a\1371046912\H1_1371354112_1371358208.hdf5,1371354112.0,1371358208.0,H1,O4a,0.07008828222751617,31
1371355780.0,1371355812.0,E:\o4a\1371046912\H1_1371354112_1371358208.hdf5,1371354112.0,1371358208.0,H1,O4a,0.06300481408834457,31
1371355844.0,1371355876.0,E:\o4a\1371046912\H1_1371354112_1371358208.hdf5,1371354112.0,1371358208.0,H1,O4a,0.05688949301838875,31
1371355908.0,1371355940.0,E:\o4a\1371046912\H1_1371354112_1371358208.hdf5,1371354112.0,1371358208.0,H1,O4a,0.08052784204483032,31
1371355972.0,1371356004.0,E:\o4a\1371046912\H1_1371354112_1371358208.hdf5,1371354112.0,1371358208.0,H1,O4a,0.058562032878398895,31
1371356036.0,1371356068.0,E:\o4a\1371046912\H1_1371354112_1371358208.hdf5,1371354112.0,1371358208.0,H1,O4a,0.06452286243438721,31
1371356100.0,1371356132.0,E:\o4a\1371046912\H1_1371354112_1371358208.hdf5,1371354112.0,1371358208.0,H1,O4a,0.08689824491739273,31
1371356164.0,1371356196.0,E:\o4a\1371046912\H1_1371354112_1371358208.hdf5,1371354112.0,1371358208.0,H1,O4a,0.06819865852594376,31
1371356228.0,1371356260.0,E:\o4a\1371046912\H1_1371354112_1371358208.hdf5,1371354112.0,1371358208.0,H1,O4a,0.0684695839881897,31
1371425924.0,1371425956.0,E:\o4a\1371046912\H1_1371423744_1371427840.hdf5,1371423744.0,1371427840.0,H1,O4a,0.06672246009111404,32
1371425988.0,1371426020.0,E:\o4a\1371046912\H1_1371423744_1371427840.hdf5,1371423744.0,1371427840.0,H1,O4a,0.06499610096216202,32
1371426052.0,1371426084.0,E:\o4a\1371046912\H1_1371423744_1371427840.hdf5,1371423744.0,1371427840.0,H1,O4a,0.06552645564079285,32
1371426116.0,1371426148.0,E:\o4a\1371046912\H1_1371423744_1371427840.hdf5,1371423744.0,1371427840.0,H1,O4a,0.06271716952323914,32
1371426180.0,1371426212.0,E:\o4a\1371046912\H1_1371423744_1371427840.hdf5,1371423744.0,1371427840.0,H1,O4a,0.058133307844400406,32
1371426244.0,1371426276.0,E:\o4a\1371046912\H1_1371423744_1371427840.hdf5,1371423744.0,1371427840.0,H1,O4a,0.10080476105213165,32
1371426308.0,1371426340.0,E:\o4a\1371046912\H1_1371423744_1371427840.hdf5,1371423744.0,1371427840.0,H1,O4a,0.053496018052101135,32
1371426372.0,1371426404.0,E:\o4a\1371046912\H1_1371423744_1371427840.hdf5,1371423744.0,1371427840.0,H1,O4a,0.0672837346792221,32
1371426436.0,1371426468.0,E:\o4a\1371046912\H1_1371423744_1371427840.hdf5,1371423744.0,1371427840.0,H1,O4a,0.056423258036375046,32
1371426500.0,1371426532.0,E:\o4a\1371046912\H1_1371423744_1371427840.hdf5,1371423744.0,1371427840.0,H1,O4a,0.06809201091527939,32
1371426564.0,1371426596.0,E:\o4a\1371046912\H1_1371423744_1371427840.hdf5,1371423744.0,1371427840.0,H1,O4a,0.06126493588089943,32
1371426628.0,1371426660.0,E:\o4a\1371046912\H1_1371423744_1371427840.hdf5,1371423744.0,1371427840.0,H1,O4a,0.05148100480437279,32
1371426692.0,1371426724.0,E:\o4a\1371046912\H1_1371423744_1371427840.hdf5,1371423744.0,1371427840.0,H1,O4a,0.062432851642370224,32
1371426756.0,1371426788.0,E:\o4a\1371046912\H1_1371423744_1371427840.hdf5,1371423744.0,1371427840.0,H1,O4a,0.0660400390625,32
1371426820.0,1371426852.0,E:\o4a\1371046912\H1_1371423744_1371427840.hdf5,1371423744.0,1371427840.0,H1,O4a,0.08200488239526749,32
1371426884.0,1371426916.0,E:\o4a\1371046912\H1_1371423744_1371427840.hdf5,1371423744.0,1371427840.0,H1,O4a,0.0671277567744255,32
1371426948.0,1371426980.0,E:\o4a\1371046912\H1_1371423744_1371427840.hdf5,1371423744.0,1371427840.0,H1,O4a,0.07455114275217056,32
1371468804.0,1371468836.0,E:\o4a\1371046912\H1_1371468800_1371472896.hdf5,1371468800.0,1371472896.0,H1,O4a,0.059977516531944275,33
1371468868.0,1371468900.0,E:\o4a\1371046912\H1_1371468800_1371472896.hdf5,1371468800.0,1371472896.0,H1,O4a,0.05510154739022255,33
1371468932.0,1371468964.0,E:\o4a\1371046912\H1_1371468800_1371472896.hdf5,1371468800.0,1371472896.0,H1,O4a,0.08036220073699951,33
1371468996.0,1371469028.0,E:\o4a\1371046912\H1_1371468800_1371472896.hdf5,1371468800.0,1371472896.0,H1,O4a,0.05550394579768181,33
1371469060.0,1371469092.0,E:\o4a\1371046912\H1_1371468800_1371472896.hdf5,1371468800.0,1371472896.0,H1,O4a,0.0789254680275917,33
1371469124.0,1371469156.0,E:\o4a\1371046912\H1_1371468800_1371472896.hdf5,1371468800.0,1371472896.0,H1,O4a,0.059365931898355484,33
1371469188.0,1371469220.0,E:\o4a\1371046912\H1_1371468800_1371472896.hdf5,1371468800.0,1371472896.0,H1,O4a,0.063234344124794,33
1371469252.0,1371469284.0,E:\o4a\1371046912\H1_1371468800_1371472896.hdf5,1371468800.0,1371472896.0,H1,O4a,0.09783298522233963,33
1371469316.0,1371469348.0,E:\o4a\1371046912\H1_1371468800_1371472896.hdf5,1371468800.0,1371472896.0,H1,O4a,0.058055780827999115,33
1371469380.0,1371469412.0,E:\o4a\1371046912\H1_1371468800_1371472896.hdf5,1371468800.0,1371472896.0,H1,O4a,0.05960395187139511,33
1371469444.0,1371469476.0,E:\o4a\1371046912\H1_1371468800_1371472896.hdf5,1371468800.0,1371472896.0,H1,O4a,0.06011040136218071,33
1371469508.0,1371469540.0,E:\o4a\1371046912\H1_1371468800_1371472896.hdf5,1371468800.0,1371472896.0,H1,O4a,0.053274016827344894,33
1371469572.0,1371469604.0,E:\o4a\1371046912\H1_1371468800_1371472896.hdf5,1371468800.0,1371472896.0,H1,O4a,0.0572860985994339,33
1371469636.0,1371469668.0,E:\o4a\1371046912\H1_1371468800_1371472896.hdf5,1371468800.0,1371472896.0,H1,O4a,0.06445370614528656,33
1371469700.0,1371469732.0,E:\o4a\1371046912\H1_1371468800_1371472896.hdf5,1371468800.0,1371472896.0,H1,O4a,0.06620548665523529,33
1371469764.0,1371469796.0,E:\o4a\1371046912\H1_1371468800_1371472896.hdf5,1371468800.0,1371472896.0,H1,O4a,0.05813099071383476,33
1371469828.0,1371469860.0,E:\o4a\1371046912\H1_1371468800_1371472896.hdf5,1371468800.0,1371472896.0,H1,O4a,0.060752805322408676,33
1371523140.0,1371523172.0,E:\o4a\1371046912\H1_1371522048_1371526144.hdf5,1371522048.0,1371526144.0,H1,O4a,0.09664216637611389,34
1371523204.0,1371523236.0,E:\o4a\1371046912\H1_1371522048_1371526144.hdf5,1371522048.0,1371526144.0,H1,O4a,0.057388655841350555,34
1371523268.0,1371523300.0,E:\o4a\1371046912\H1_1371522048_1371526144.hdf5,1371522048.0,1371526144.0,H1,O4a,0.0673961490392685,34
1371523332.0,1371523364.0,E:\o4a\1371046912\H1_1371522048_1371526144.hdf5,1371522048.0,1371526144.0,H1,O4a,0.058761149644851685,34
1371523396.0,1371523428.0,E:\o4a\1371046912\H1_1371522048_1371526144.hdf5,1371522048.0,1371526144.0,H1,O4a,0.05680179223418236,34
1371523460.0,1371523492.0,E:\o4a\1371046912\H1_1371522048_1371526144.hdf5,1371522048.0,1371526144.0,H1,O4a,0.06305968016386032,34
1371523524.0,1371523556.0,E:\o4a\1371046912\H1_1371522048_1371526144.hdf5,1371522048.0,1371526144.0,H1,O4a,0.07576849311590195,34
1371523588.0,1371523620.0,E:\o4a\1371046912\H1_1371522048_1371526144.hdf5,1371522048.0,1371526144.0,H1,O4a,0.05959106981754303,34
1371523652.0,1371523684.0,E:\o4a\1371046912\H1_1371522048_1371526144.hdf5,1371522048.0,1371526144.0,H1,O4a,0.05768447741866112,34
1371523716.0,1371523748.0,E:\o4a\1371046912\H1_1371522048_1371526144.hdf5,1371522048.0,1371526144.0,H1,O4a,0.06420616805553436,34
1371523780.0,1371523812.0,E:\o4a\1371046912\H1_1371522048_1371526144.hdf5,1371522048.0,1371526144.0,H1,O4a,0.05926177278161049,34
1371523844.0,1371523876.0,E:\o4a\1371046912\H1_1371522048_1371526144.hdf5,1371522048.0,1371526144.0,H1,O4a,0.06012100353837013,34
1371523908.0,1371523940.0,E:\o4a\1371046912\H1_1371522048_1371526144.hdf5,1371522048.0,1371526144.0,H1,O4a,0.06852386891841888,34
1371523972.0,1371524004.0,E:\o4a\1371046912\H1_1371522048_1371526144.hdf5,1371522048.0,1371526144.0,H1,O4a,0.06324022263288498,34
1371524036.0,1371524068.0,E:\o4a\1371046912\H1_1371522048_1371526144.hdf5,1371522048.0,1371526144.0,H1,O4a,0.051735419780015945,34
1371524100.0,1371524132.0,E:\o4a\1371046912\H1_1371522048_1371526144.hdf5,1371522048.0,1371526144.0,H1,O4a,0.06343407928943634,34
1371524164.0,1371524196.0,E:\o4a\1371046912\H1_1371522048_1371526144.hdf5,1371522048.0,1371526144.0,H1,O4a,0.060609664767980576,34
1371589892.0,1371589924.0,E:\o4a\1371565312\H1_1371589888_1371593984.hdf5,1371589888.0,1371593984.0,H1,O4a,0.06003956124186516,35
1371589956.0,1371589988.0,E:\o4a\1371565312\H1_1371589888_1371593984.hdf5,1371589888.0,1371593984.0,H1,O4a,0.06303809583187103,35
1371590020.0,1371590052.0,E:\o4a\1371565312\H1_1371589888_1371593984.hdf5,1371589888.0,1371593984.0,H1,O4a,0.0644201785326004,35
1371590084.0,1371590116.0,E:\o4a\1371565312\H1_1371589888_1371593984.hdf5,1371589888.0,1371593984.0,H1,O4a,0.06330491602420807,35
1371590148.0,1371590180.0,E:\o4a\1371565312\H1_1371589888_1371593984.hdf5,1371589888.0,1371593984.0,H1,O4a,0.06951333582401276,35
1371590212.0,1371590244.0,E:\o4a\1371565312\H1_1371589888_1371593984.hdf5,1371589888.0,1371593984.0,H1,O4a,0.06070651859045029,35
1371590276.0,1371590308.0,E:\o4a\1371565312\H1_1371589888_1371593984.hdf5,1371589888.0,1371593984.0,H1,O4a,0.08065036684274673,35
1371590340.0,1371590372.0,E:\o4a\1371565312\H1_1371589888_1371593984.hdf5,1371589888.0,1371593984.0,H1,O4a,0.06716722995042801,35
1371590404.0,1371590436.0,E:\o4a\1371565312\H1_1371589888_1371593984.hdf5,1371589888.0,1371593984.0,H1,O4a,0.07018838077783585,35
1371590468.0,1371590500.0,E:\o4a\1371565312\H1_1371589888_1371593984.hdf5,1371589888.0,1371593984.0,H1,O4a,0.06032312661409378,35
1371590532.0,1371590564.0,E:\o4a\1371565312\H1_1371589888_1371593984.hdf5,1371589888.0,1371593984.0,H1,O4a,0.05788958817720413,35
1371590596.0,1371590628.0,E:\o4a\1371565312\H1_1371589888_1371593984.hdf5,1371589888.0,1371593984.0,H1,O4a,0.06074899807572365,35
1371590660.0,1371590692.0,E:\o4a\1371565312\H1_1371589888_1371593984.hdf5,1371589888.0,1371593984.0,H1,O4a,0.07402118295431137,35
1371590724.0,1371590756.0,E:\o4a\1371565312\H1_1371589888_1371593984.hdf5,1371589888.0,1371593984.0,H1,O4a,0.07123392075300217,35
1371590788.0,1371590820.0,E:\o4a\1371565312\H1_1371589888_1371593984.hdf5,1371589888.0,1371593984.0,H1,O4a,0.07203053683042526,35
1371590852.0,1371590884.0,E:\o4a\1371565312\H1_1371589888_1371593984.hdf5,1371589888.0,1371593984.0,H1,O4a,0.06139109283685684,35
1371590916.0,1371590948.0,E:\o4a\1371565312\H1_1371589888_1371593984.hdf5,1371589888.0,1371593984.0,H1,O4a,0.09415022283792496,35
1371627844.0,1371627876.0,E:\o4a\1371565312\H1_1371626752_1371630848.hdf5,1371626752.0,1371630848.0,H1,O4a,0.06776373833417892,36
1371627908.0,1371627940.0,E:\o4a\1371565312\H1_1371626752_1371630848.hdf5,1371626752.0,1371630848.0,H1,O4a,0.058098744601011276,36
1371627972.0,1371628004.0,E:\o4a\1371565312\H1_1371626752_1371630848.hdf5,1371626752.0,1371630848.0,H1,O4a,0.06650368124246597,36
1371628036.0,1371628068.0,E:\o4a\1371565312\H1_1371626752_1371630848.hdf5,1371626752.0,1371630848.0,H1,O4a,0.07377713173627853,36
1371628100.0,1371628132.0,E:\o4a\1371565312\H1_1371626752_1371630848.hdf5,1371626752.0,1371630848.0,H1,O4a,0.06441081315279007,36
1371628164.0,1371628196.0,E:\o4a\1371565312\H1_1371626752_1371630848.hdf5,1371626752.0,1371630848.0,H1,O4a,0.06349705159664154,36
1371628228.0,1371628260.0,E:\o4a\1371565312\H1_1371626752_1371630848.hdf5,1371626752.0,1371630848.0,H1,O4a,0.049408964812755585,36
1371628292.0,1371628324.0,E:\o4a\1371565312\H1_1371626752_1371630848.hdf5,1371626752.0,1371630848.0,H1,O4a,0.06014806404709816,36
1371628356.0,1371628388.0,E:\o4a\1371565312\H1_1371626752_1371630848.hdf5,1371626752.0,1371630848.0,H1,O4a,0.06496208161115646,36
1371628420.0,1371628452.0,E:\o4a\1371565312\H1_1371626752_1371630848.hdf5,1371626752.0,1371630848.0,H1,O4a,0.07388311624526978,36
1371628484.0,1371628516.0,E:\o4a\1371565312\H1_1371626752_1371630848.hdf5,1371626752.0,1371630848.0,H1,O4a,0.06382559984922409,36
1371628548.0,1371628580.0,E:\o4a\1371565312\H1_1371626752_1371630848.hdf5,1371626752.0,1371630848.0,H1,O4a,0.05591088533401489,36
1371628612.0,1371628644.0,E:\o4a\1371565312\H1_1371626752_1371630848.hdf5,1371626752.0,1371630848.0,H1,O4a,0.06991734355688095,36
1371628676.0,1371628708.0,E:\o4a\1371565312\H1_1371626752_1371630848.hdf5,1371626752.0,1371630848.0,H1,O4a,0.07077700644731522,36
1371628740.0,1371628772.0,E:\o4a\1371565312\H1_1371626752_1371630848.hdf5,1371626752.0,1371630848.0,H1,O4a,0.06613855063915253,36
1371628804.0,1371628836.0,E:\o4a\1371565312\H1_1371626752_1371630848.hdf5,1371626752.0,1371630848.0,H1,O4a,0.06537570059299469,36
1371628868.0,1371628900.0,E:\o4a\1371565312\H1_1371626752_1371630848.hdf5,1371626752.0,1371630848.0,H1,O4a,0.07278110086917877,36
1371669892.0,1371669924.0,E:\o4a\1371565312\H1_1371667712_1371671808.hdf5,1371667712.0,1371671808.0,H1,O4a,0.12364163249731064,37
1371669956.0,1371669988.0,E:\o4a\1371565312\H1_1371667712_1371671808.hdf5,1371667712.0,1371671808.0,H1,O4a,0.08491987735033035,37
1371670020.0,1371670052.0,E:\o4a\1371565312\H1_1371667712_1371671808.hdf5,1371667712.0,1371671808.0,H1,O4a,0.06231230869889259,37
1371670084.0,1371670116.0,E:\o4a\1371565312\H1_1371667712_1371671808.hdf5,1371667712.0,1371671808.0,H1,O4a,0.06466261297464371,37
1371670148.0,1371670180.0,E:\o4a\1371565312\H1_1371667712_1371671808.hdf5,1371667712.0,1371671808.0,H1,O4a,0.057376060634851456,37
1371670212.0,1371670244.0,E:\o4a\1371565312\H1_1371667712_1371671808.hdf5,1371667712.0,1371671808.0,H1,O4a,0.08301261067390442,37
1371670276.0,1371670308.0,E:\o4a\1371565312\H1_1371667712_1371671808.hdf5,1371667712.0,1371671808.0,H1,O4a,0.11536185443401337,37
1371670340.0,1371670372.0,E:\o4a\1371565312\H1_1371667712_1371671808.hdf5,1371667712.0,1371671808.0,H1,O4a,0.06144852563738823,37
1371670404.0,1371670436.0,E:\o4a\1371565312\H1_1371667712_1371671808.hdf5,1371667712.0,1371671808.0,H1,O4a,0.05659377574920654,37
1371670468.0,1371670500.0,E:\o4a\1371565312\H1_1371667712_1371671808.hdf5,1371667712.0,1371671808.0,H1,O4a,0.07184410840272903,37
1371670532.0,1371670564.0,E:\o4a\1371565312\H1_1371667712_1371671808.hdf5,1371667712.0,1371671808.0,H1,O4a,0.06919682770967484,37
1371670596.0,1371670628.0,E:\o4a\1371565312\H1_1371667712_1371671808.hdf5,1371667712.0,1371671808.0,H1,O4a,0.056904781609773636,37
1371670660.0,1371670692.0,E:\o4a\1371565312\H1_1371667712_1371671808.hdf5,1371667712.0,1371671808.0,H1,O4a,0.05806386098265648,37
1371670724.0,1371670756.0,E:\o4a\1371565312\H1_1371667712_1371671808.hdf5,1371667712.0,1371671808.0,H1,O4a,0.058821581304073334,37
1371670788.0,1371670820.0,E:\o4a\1371565312\H1_1371667712_1371671808.hdf5,1371667712.0,1371671808.0,H1,O4a,0.09670915454626083,37
1371670852.0,1371670884.0,E:\o4a\1371565312\H1_1371667712_1371671808.hdf5,1371667712.0,1371671808.0,H1,O4a,0.06400842219591141,37
1371670916.0,1371670948.0,E:\o4a\1371565312\H1_1371667712_1371671808.hdf5,1371667712.0,1371671808.0,H1,O4a,0.06657709181308746,37
1371738692.0,1371738724.0,E:\o4a\1371565312\H1_1371737344_1371741440.hdf5,1371737344.0,1371741440.0,H1,O4a,0.058210961520671844,38
1371738756.0,1371738788.0,E:\o4a\1371565312\H1_1371737344_1371741440.hdf5,1371737344.0,1371741440.0,H1,O4a,0.07572569698095322,38
1371738820.0,1371738852.0,E:\o4a\1371565312\H1_1371737344_1371741440.hdf5,1371737344.0,1371741440.0,H1,O4a,0.059464916586875916,38
1371738884.0,1371738916.0,E:\o4a\1371565312\H1_1371737344_1371741440.hdf5,1371737344.0,1371741440.0,H1,O4a,0.06499233096837997,38
1371738948.0,1371738980.0,E:\o4a\1371565312\H1_1371737344_1371741440.hdf5,1371737344.0,1371741440.0,H1,O4a,0.06574148684740067,38
1371739012.0,1371739044.0,E:\o4a\1371565312\H1_1371737344_1371741440.hdf5,1371737344.0,1371741440.0,H1,O4a,0.0623633936047554,38
1371739076.0,1371739108.0,E:\o4a\1371565312\H1_1371737344_1371741440.hdf5,1371737344.0,1371741440.0,H1,O4a,0.06319290399551392,38
1371739140.0,1371739172.0,E:\o4a\1371565312\H1_1371737344_1371741440.hdf5,1371737344.0,1371741440.0,H1,O4a,0.0593336746096611,38
1371739204.0,1371739236.0,E:\o4a\1371565312\H1_1371737344_1371741440.hdf5,1371737344.0,1371741440.0,H1,O4a,0.05973915383219719,38
1371739268.0,1371739300.0,E:\o4a\1371565312\H1_1371737344_1371741440.hdf5,1371737344.0,1371741440.0,H1,O4a,0.052071426063776016,38
1371739332.0,1371739364.0,E:\o4a\1371565312\H1_1371737344_1371741440.hdf5,1371737344.0,1371741440.0,H1,O4a,0.06117338314652443,38
1371739396.0,1371739428.0,E:\o4a\1371565312\H1_1371737344_1371741440.hdf5,1371737344.0,1371741440.0,H1,O4a,0.06345374137163162,38
1371739460.0,1371739492.0,E:\o4a\1371565312\H1_1371737344_1371741440.hdf5,1371737344.0,1371741440.0,H1,O4a,0.06720399856567383,38
1371739524.0,1371739556.0,E:\o4a\1371565312\H1_1371737344_1371741440.hdf5,1371737344.0,1371741440.0,H1,O4a,0.061076972633600235,38
1371739588.0,1371739620.0,E:\o4a\1371565312\H1_1371737344_1371741440.hdf5,1371737344.0,1371741440.0,H1,O4a,0.052875880151987076,38
1371739652.0,1371739684.0,E:\o4a\1371565312\H1_1371737344_1371741440.hdf5,1371737344.0,1371741440.0,H1,O4a,0.06969289481639862,38
1371739716.0,1371739748.0,E:\o4a\1371565312\H1_1371737344_1371741440.hdf5,1371737344.0,1371741440.0,H1,O4a,0.0602581724524498,38
1371782788.0,1371782820.0,E:\o4a\1371565312\H1_1371782400_1371786496.hdf5,1371782400.0,1371786496.0,H1,O4a,0.055865328758955,39
1371782852.0,1371782884.0,E:\o4a\1371565312\H1_1371782400_1371786496.hdf5,1371782400.0,1371786496.0,H1,O4a,0.08295764774084091,39
1371782916.0,1371782948.0,E:\o4a\1371565312\H1_1371782400_1371786496.hdf5,1371782400.0,1371786496.0,H1,O4a,0.052322689443826675,39
1371782980.0,1371783012.0,E:\o4a\1371565312\H1_1371782400_1371786496.hdf5,1371782400.0,1371786496.0,H1,O4a,0.4337964355945587,39
1371783044.0,1371783076.0,E:\o4a\1371565312\H1_1371782400_1371786496.hdf5,1371782400.0,1371786496.0,H1,O4a,0.08094489574432373,39
1371783108.0,1371783140.0,E:\o4a\1371565312\H1_1371782400_1371786496.hdf5,1371782400.0,1371786496.0,H1,O4a,0.06850957125425339,39
1371783172.0,1371783204.0,E:\o4a\1371565312\H1_1371782400_1371786496.hdf5,1371782400.0,1371786496.0,H1,O4a,0.05803589150309563,39
1371783236.0,1371783268.0,E:\o4a\1371565312\H1_1371782400_1371786496.hdf5,1371782400.0,1371786496.0,H1,O4a,0.08235985785722733,39
1371783300.0,1371783332.0,E:\o4a\1371565312\H1_1371782400_1371786496.hdf5,1371782400.0,1371786496.0,H1,O4a,0.06261776387691498,39
1371783364.0,1371783396.0,E:\o4a\1371565312\H1_1371782400_1371786496.hdf5,1371782400.0,1371786496.0,H1,O4a,0.06110112741589546,39
1371783428.0,1371783460.0,E:\o4a\1371565312\H1_1371782400_1371786496.hdf5,1371782400.0,1371786496.0,H1,O4a,0.06361658126115799,39
1371783492.0,1371783524.0,E:\o4a\1371565312\H1_1371782400_1371786496.hdf5,1371782400.0,1371786496.0,H1,O4a,0.06001490727066994,39
1371783556.0,1371783588.0,E:\o4a\1371565312\H1_1371782400_1371786496.hdf5,1371782400.0,1371786496.0,H1,O4a,0.07305879890918732,39
1371783620.0,1371783652.0,E:\o4a\1371565312\H1_1371782400_1371786496.hdf5,1371782400.0,1371786496.0,H1,O4a,0.06957415491342545,39
1371783684.0,1371783716.0,E:\o4a\1371565312\H1_1371782400_1371786496.hdf5,1371782400.0,1371786496.0,H1,O4a,0.06428126990795135,39
1371783748.0,1371783780.0,E:\o4a\1371565312\H1_1371782400_1371786496.hdf5,1371782400.0,1371786496.0,H1,O4a,0.05541949346661568,39
1371783812.0,1371783844.0,E:\o4a\1371565312\H1_1371782400_1371786496.hdf5,1371782400.0,1371786496.0,H1,O4a,0.06690589338541031,39
1371828548.0,1371828580.0,E:\o4a\1371565312\H1_1371827456_1371831552.hdf5,1371827456.0,1371831552.0,H1,O4a,0.06312737613916397,40
1371828612.0,1371828644.0,E:\o4a\1371565312\H1_1371827456_1371831552.hdf5,1371827456.0,1371831552.0,H1,O4a,0.05751415342092514,40
1371828676.0,1371828708.0,E:\o4a\1371565312\H1_1371827456_1371831552.hdf5,1371827456.0,1371831552.0,H1,O4a,0.059385769069194794,40
1371828740.0,1371828772.0,E:\o4a\1371565312\H1_1371827456_1371831552.hdf5,1371827456.0,1371831552.0,H1,O4a,0.07117242366075516,40
1371828804.0,1371828836.0,E:\o4a\1371565312\H1_1371827456_1371831552.hdf5,1371827456.0,1371831552.0,H1,O4a,0.06271284073591232,40
1371828868.0,1371828900.0,E:\o4a\1371565312\H1_1371827456_1371831552.hdf5,1371827456.0,1371831552.0,H1,O4a,0.06030363216996193,40
1371828932.0,1371828964.0,E:\o4a\1371565312\H1_1371827456_1371831552.hdf5,1371827456.0,1371831552.0,H1,O4a,0.07088784873485565,40
1371828996.0,1371829028.0,E:\o4a\1371565312\H1_1371827456_1371831552.hdf5,1371827456.0,1371831552.0,H1,O4a,0.05608439818024635,40
1371829060.0,1371829092.0,E:\o4a\1371565312\H1_1371827456_1371831552.hdf5,1371827456.0,1371831552.0,H1,O4a,0.06538308411836624,40
1371829124.0,1371829156.0,E:\o4a\1371565312\H1_1371827456_1371831552.hdf5,1371827456.0,1371831552.0,H1,O4a,0.05663224682211876,40
1371829188.0,1371829220.0,E:\o4a\1371565312\H1_1371827456_1371831552.hdf5,1371827456.0,1371831552.0,H1,O4a,0.06259090453386307,40
1371829252.0,1371829284.0,E:\o4a\1371565312\H1_1371827456_1371831552.hdf5,1371827456.0,1371831552.0,H1,O4a,0.06868965178728104,40
1371829316.0,1371829348.0,E:\o4a\1371565312\H1_1371827456_1371831552.hdf5,1371827456.0,1371831552.0,H1,O4a,0.08828563243150711,40
1371829380.0,1371829412.0,E:\o4a\1371565312\H1_1371827456_1371831552.hdf5,1371827456.0,1371831552.0,H1,O4a,0.062004510313272476,40
1371829444.0,1371829476.0,E:\o4a\1371565312\H1_1371827456_1371831552.hdf5,1371827456.0,1371831552.0,H1,O4a,0.05997553840279579,40
1371829508.0,1371829540.0,E:\o4a\1371565312\H1_1371827456_1371831552.hdf5,1371827456.0,1371831552.0,H1,O4a,0.08320263773202896,40
1371829572.0,1371829604.0,E:\o4a\1371565312\H1_1371827456_1371831552.hdf5,1371827456.0,1371831552.0,H1,O4a,0.07013360410928726,40
1371881796.0,1371881828.0,E:\o4a\1371565312\H1_1371880704_1371884800.hdf5,1371880704.0,1371884800.0,H1,O4a,0.07327652722597122,41
1371881860.0,1371881892.0,E:\o4a\1371565312\H1_1371880704_1371884800.hdf5,1371880704.0,1371884800.0,H1,O4a,0.06237291544675827,41
1371881924.0,1371881956.0,E:\o4a\1371565312\H1_1371880704_1371884800.hdf5,1371880704.0,1371884800.0,H1,O4a,0.06781060248613358,41
1371881988.0,1371882020.0,E:\o4a\1371565312\H1_1371880704_1371884800.hdf5,1371880704.0,1371884800.0,H1,O4a,0.06185126304626465,41
1371882052.0,1371882084.0,E:\o4a\1371565312\H1_1371880704_1371884800.hdf5,1371880704.0,1371884800.0,H1,O4a,0.06421452760696411,41
1371882116.0,1371882148.0,E:\o4a\1371565312\H1_1371880704_1371884800.hdf5,1371880704.0,1371884800.0,H1,O4a,0.07256931811571121,41
1371882180.0,1371882212.0,E:\o4a\1371565312\H1_1371880704_1371884800.hdf5,1371880704.0,1371884800.0,H1,O4a,0.05990597978234291,41
1371882244.0,1371882276.0,E:\o4a\1371565312\H1_1371880704_1371884800.hdf5,1371880704.0,1371884800.0,H1,O4a,0.06512869894504547,41
1371882308.0,1371882340.0,E:\o4a\1371565312\H1_1371880704_1371884800.hdf5,1371880704.0,1371884800.0,H1,O4a,0.07989225536584854,41
1371882372.0,1371882404.0,E:\o4a\1371565312\H1_1371880704_1371884800.hdf5,1371880704.0,1371884800.0,H1,O4a,0.08132365345954895,41
1371882436.0,1371882468.0,E:\o4a\1371565312\H1_1371880704_1371884800.hdf5,1371880704.0,1371884800.0,H1,O4a,0.07268363237380981,41
1371882500.0,1371882532.0,E:\o4a\1371565312\H1_1371880704_1371884800.hdf5,1371880704.0,1371884800.0,H1,O4a,0.06118377670645714,41
1371882564.0,1371882596.0,E:\o4a\1371565312\H1_1371880704_1371884800.hdf5,1371880704.0,1371884800.0,H1,O4a,0.07840669900178909,41
1371882628.0,1371882660.0,E:\o4a\1371565312\H1_1371880704_1371884800.hdf5,1371880704.0,1371884800.0,H1,O4a,0.17745326459407806,41
1371882692.0,1371882724.0,E:\o4a\1371565312\H1_1371880704_1371884800.hdf5,1371880704.0,1371884800.0,H1,O4a,0.06585531681776047,41
1371882756.0,1371882788.0,E:\o4a\1371565312\H1_1371880704_1371884800.hdf5,1371880704.0,1371884800.0,H1,O4a,0.06403518468141556,41
1371882820.0,1371882852.0,E:\o4a\1371565312\H1_1371880704_1371884800.hdf5,1371880704.0,1371884800.0,H1,O4a,0.05688352882862091,41
1371948420.0,1371948452.0,E:\o4a\1371565312\H1_1371946240_1371950336.hdf5,1371946240.0,1371950336.0,H1,O4a,0.05820707604289055,42
1371948484.0,1371948516.0,E:\o4a\1371565312\H1_1371946240_1371950336.hdf5,1371946240.0,1371950336.0,H1,O4a,0.058787472546100616,42
1371948548.0,1371948580.0,E:\o4a\1371565312\H1_1371946240_1371950336.hdf5,1371946240.0,1371950336.0,H1,O4a,0.06010326370596886,42
1371948612.0,1371948644.0,E:\o4a\1371565312\H1_1371946240_1371950336.hdf5,1371946240.0,1371950336.0,H1,O4a,0.0750749409198761,42
1371948676.0,1371948708.0,E:\o4a\1371565312\H1_1371946240_1371950336.hdf5,1371946240.0,1371950336.0,H1,O4a,0.053917571902275085,42
1371948740.0,1371948772.0,E:\o4a\1371565312\H1_1371946240_1371950336.hdf5,1371946240.0,1371950336.0,H1,O4a,0.06500239670276642,42
1371948804.0,1371948836.0,E:\o4a\1371565312\H1_1371946240_1371950336.hdf5,1371946240.0,1371950336.0,H1,O4a,0.083255335688591,42
1371948868.0,1371948900.0,E:\o4a\1371565312\H1_1371946240_1371950336.hdf5,1371946240.0,1371950336.0,H1,O4a,0.07333158701658249,42
1371948932.0,1371948964.0,E:\o4a\1371565312\H1_1371946240_1371950336.hdf5,1371946240.0,1371950336.0,H1,O4a,0.05947815626859665,42
1371948996.0,1371949028.0,E:\o4a\1371565312\H1_1371946240_1371950336.hdf5,1371946240.0,1371950336.0,H1,O4a,0.061321139335632324,42
1371949060.0,1371949092.0,E:\o4a\1371565312\H1_1371946240_1371950336.hdf5,1371946240.0,1371950336.0,H1,O4a,0.06901542097330093,42
1371949124.0,1371949156.0,E:\o4a\1371565312\H1_1371946240_1371950336.hdf5,1371946240.0,1371950336.0,H1,O4a,0.06345891952514648,42
1371949188.0,1371949220.0,E:\o4a\1371565312\H1_1371946240_1371950336.hdf5,1371946240.0,1371950336.0,H1,O4a,0.06493616104125977,42
1371949252.0,1371949284.0,E:\o4a\1371565312\H1_1371946240_1371950336.hdf5,1371946240.0,1371950336.0,H1,O4a,0.07940637320280075,42
1371949316.0,1371949348.0,E:\o4a\1371565312\H1_1371946240_1371950336.hdf5,1371946240.0,1371950336.0,H1,O4a,0.06106821075081825,42
1371949380.0,1371949412.0,E:\o4a\1371565312\H1_1371946240_1371950336.hdf5,1371946240.0,1371950336.0,H1,O4a,0.06900051236152649,42
1371949444.0,1371949476.0,E:\o4a\1371565312\H1_1371946240_1371950336.hdf5,1371946240.0,1371950336.0,H1,O4a,0.07023351639509201,42
1371992388.0,1371992420.0,E:\o4a\1371565312\H1_1371991296_1371995392.hdf5,1371991296.0,1371995392.0,H1,O4a,0.07667498290538788,43
1371992452.0,1371992484.0,E:\o4a\1371565312\H1_1371991296_1371995392.hdf5,1371991296.0,1371995392.0,H1,O4a,0.07835280895233154,43
1371992516.0,1371992548.0,E:\o4a\1371565312\H1_1371991296_1371995392.hdf5,1371991296.0,1371995392.0,H1,O4a,0.06274725496768951,43
1371992580.0,1371992612.0,E:\o4a\1371565312\H1_1371991296_1371995392.hdf5,1371991296.0,1371995392.0,H1,O4a,0.06304339319467545,43
1371992644.0,1371992676.0,E:\o4a\1371565312\H1_1371991296_1371995392.hdf5,1371991296.0,1371995392.0,H1,O4a,0.07131808251142502,43
1371992708.0,1371992740.0,E:\o4a\1371565312\H1_1371991296_1371995392.hdf5,1371991296.0,1371995392.0,H1,O4a,0.06424498558044434,43
1371992772.0,1371992804.0,E:\o4a\1371565312\H1_1371991296_1371995392.hdf5,1371991296.0,1371995392.0,H1,O4a,0.05499730259180069,43
1371992836.0,1371992868.0,E:\o4a\1371565312\H1_1371991296_1371995392.hdf5,1371991296.0,1371995392.0,H1,O4a,0.06081746518611908,43
1371992900.0,1371992932.0,E:\o4a\1371565312\H1_1371991296_1371995392.hdf5,1371991296.0,1371995392.0,H1,O4a,0.05935511738061905,43
1371992964.0,1371992996.0,E:\o4a\1371565312\H1_1371991296_1371995392.hdf5,1371991296.0,1371995392.0,H1,O4a,0.05990917608141899,43
1371993028.0,1371993060.0,E:\o4a\1371565312\H1_1371991296_1371995392.hdf5,1371991296.0,1371995392.0,H1,O4a,0.06410817801952362,43
1371993092.0,1371993124.0,E:\o4a\1371565312\H1_1371991296_1371995392.hdf5,1371991296.0,1371995392.0,H1,O4a,0.08475438505411148,43
1371993156.0,1371993188.0,E:\o4a\1371565312\H1_1371991296_1371995392.hdf5,1371991296.0,1371995392.0,H1,O4a,0.06324034929275513,43
1371993220.0,1371993252.0,E:\o4a\1371565312\H1_1371991296_1371995392.hdf5,1371991296.0,1371995392.0,H1,O4a,0.08360674977302551,43
1371993284.0,1371993316.0,E:\o4a\1371565312\H1_1371991296_1371995392.hdf5,1371991296.0,1371995392.0,H1,O4a,0.055565278977155685,43
1371993348.0,1371993380.0,E:\o4a\1371565312\H1_1371991296_1371995392.hdf5,1371991296.0,1371995392.0,H1,O4a,0.0697864294052124,43
1371993412.0,1371993444.0,E:\o4a\1371565312\H1_1371991296_1371995392.hdf5,1371991296.0,1371995392.0,H1,O4a,0.08457531034946442,43
1372045636.0,1372045668.0,E:\o4a\1371565312\H1_1372044544_1372048640.hdf5,1372044544.0,1372048640.0,H1,O4a,0.056391775608062744,44
1372045700.0,1372045732.0,E:\o4a\1371565312\H1_1372044544_1372048640.hdf5,1372044544.0,1372048640.0,H1,O4a,0.058426372706890106,44
1372045764.0,1372045796.0,E:\o4a\1371565312\H1_1372044544_1372048640.hdf5,1372044544.0,1372048640.0,H1,O4a,0.06535179913043976,44
1372045828.0,1372045860.0,E:\o4a\1371565312\H1_1372044544_1372048640.hdf5,1372044544.0,1372048640.0,H1,O4a,0.06865987926721573,44
1372045892.0,1372045924.0,E:\o4a\1371565312\H1_1372044544_1372048640.hdf5,1372044544.0,1372048640.0,H1,O4a,0.06129731982946396,44
1372045956.0,1372045988.0,E:\o4a\1371565312\H1_1372044544_1372048640.hdf5,1372044544.0,1372048640.0,H1,O4a,0.07786772400140762,44
1372046020.0,1372046052.0,E:\o4a\1371565312\H1_1372044544_1372048640.hdf5,1372044544.0,1372048640.0,H1,O4a,0.06442905217409134,44
1372046084.0,1372046116.0,E:\o4a\1371565312\H1_1372044544_1372048640.hdf5,1372044544.0,1372048640.0,H1,O4a,0.07091137021780014,44
1372046148.0,1372046180.0,E:\o4a\1371565312\H1_1372044544_1372048640.hdf5,1372044544.0,1372048640.0,H1,O4a,0.08712496608495712,44
1372046212.0,1372046244.0,E:\o4a\1371565312\H1_1372044544_1372048640.hdf5,1372044544.0,1372048640.0,H1,O4a,0.058839645236730576,44
1372046276.0,1372046308.0,E:\o4a\1371565312\H1_1372044544_1372048640.hdf5,1372044544.0,1372048640.0,H1,O4a,0.06794102489948273,44
1372046340.0,1372046372.0,E:\o4a\1371565312\H1_1372044544_1372048640.hdf5,1372044544.0,1372048640.0,H1,O4a,0.072586290538311,44
1372046404.0,1372046436.0,E:\o4a\1371565312\H1_1372044544_1372048640.hdf5,1372044544.0,1372048640.0,H1,O4a,0.09635685384273529,44
1372046468.0,1372046500.0,E:\o4a\1371565312\H1_1372044544_1372048640.hdf5,1372044544.0,1372048640.0,H1,O4a,0.057868026196956635,44
1372046532.0,1372046564.0,E:\o4a\1371565312\H1_1372044544_1372048640.hdf5,1372044544.0,1372048640.0,H1,O4a,0.09027387201786041,44
1372046596.0,1372046628.0,E:\o4a\1371565312\H1_1372044544_1372048640.hdf5,1372044544.0,1372048640.0,H1,O4a,0.06268125027418137,44
1372046660.0,1372046692.0,E:\o4a\1371565312\H1_1372044544_1372048640.hdf5,1372044544.0,1372048640.0,H1,O4a,0.05472391098737717,44
1372084804.0,1372084836.0,E:\o4a\1372083712\H1_1372083712_1372087808.hdf5,1372083712.0,1372087808.0,H1,O4a,0.06504002958536148,45
1372084868.0,1372084900.0,E:\o4a\1372083712\H1_1372083712_1372087808.hdf5,1372083712.0,1372087808.0,H1,O4a,0.06791751831769943,45
1372084932.0,1372084964.0,E:\o4a\1372083712\H1_1372083712_1372087808.hdf5,1372083712.0,1372087808.0,H1,O4a,0.06221591681241989,45
1372084996.0,1372085028.0,E:\o4a\1372083712\H1_1372083712_1372087808.hdf5,1372083712.0,1372087808.0,H1,O4a,0.07300355285406113,45
1372085060.0,1372085092.0,E:\o4a\1372083712\H1_1372083712_1372087808.hdf5,1372083712.0,1372087808.0,H1,O4a,0.05729803815484047,45
1372085124.0,1372085156.0,E:\o4a\1372083712\H1_1372083712_1372087808.hdf5,1372083712.0,1372087808.0,H1,O4a,0.05425534024834633,45
1372085188.0,1372085220.0,E:\o4a\1372083712\H1_1372083712_1372087808.hdf5,1372083712.0,1372087808.0,H1,O4a,0.07200171053409576,45
1372085252.0,1372085284.0,E:\o4a\1372083712\H1_1372083712_1372087808.hdf5,1372083712.0,1372087808.0,H1,O4a,0.07360368967056274,45
1372085316.0,1372085348.0,E:\o4a\1372083712\H1_1372083712_1372087808.hdf5,1372083712.0,1372087808.0,H1,O4a,0.058130692690610886,45
1372085380.0,1372085412.0,E:\o4a\1372083712\H1_1372083712_1372087808.hdf5,1372083712.0,1372087808.0,H1,O4a,0.06627554446458817,45
1372085444.0,1372085476.0,E:\o4a\1372083712\H1_1372083712_1372087808.hdf5,1372083712.0,1372087808.0,H1,O4a,0.07845742255449295,45
1372085508.0,1372085540.0,E:\o4a\1372083712\H1_1372083712_1372087808.hdf5,1372083712.0,1372087808.0,H1,O4a,0.06531441956758499,45
1372085572.0,1372085604.0,E:\o4a\1372083712\H1_1372083712_1372087808.hdf5,1372083712.0,1372087808.0,H1,O4a,0.05971723422408104,45
1372085636.0,1372085668.0,E:\o4a\1372083712\H1_1372083712_1372087808.hdf5,1372083712.0,1372087808.0,H1,O4a,0.09192875772714615,45
1372085700.0,1372085732.0,E:\o4a\1372083712\H1_1372083712_1372087808.hdf5,1372083712.0,1372087808.0,H1,O4a,0.06571725010871887,45
1372085764.0,1372085796.0,E:\o4a\1372083712\H1_1372083712_1372087808.hdf5,1372083712.0,1372087808.0,H1,O4a,0.07239991426467896,45
1372085828.0,1372085860.0,E:\o4a\1372083712\H1_1372083712_1372087808.hdf5,1372083712.0,1372087808.0,H1,O4a,0.07930232584476471,45
1372175620.0,1372175652.0,E:\o4a\1372083712\H1_1372173824_1372177920.hdf5,1372173824.0,1372177920.0,H1,O4a,0.09003501385450363,46
1372175684.0,1372175716.0,E:\o4a\1372083712\H1_1372173824_1372177920.hdf5,1372173824.0,1372177920.0,H1,O4a,0.06760793924331665,46
1372175748.0,1372175780.0,E:\o4a\1372083712\H1_1372173824_1372177920.hdf5,1372173824.0,1372177920.0,H1,O4a,0.07034189254045486,46
1372175812.0,1372175844.0,E:\o4a\1372083712\H1_1372173824_1372177920.hdf5,1372173824.0,1372177920.0,H1,O4a,0.06719085574150085,46
1372175876.0,1372175908.0,E:\o4a\1372083712\H1_1372173824_1372177920.hdf5,1372173824.0,1372177920.0,H1,O4a,0.07318641245365143,46
1372175940.0,1372175972.0,E:\o4a\1372083712\H1_1372173824_1372177920.hdf5,1372173824.0,1372177920.0,H1,O4a,0.05700400844216347,46
1372176004.0,1372176036.0,E:\o4a\1372083712\H1_1372173824_1372177920.hdf5,1372173824.0,1372177920.0,H1,O4a,0.06339839845895767,46
1372176068.0,1372176100.0,E:\o4a\1372083712\H1_1372173824_1372177920.hdf5,1372173824.0,1372177920.0,H1,O4a,0.07262977212667465,46
1372176132.0,1372176164.0,E:\o4a\1372083712\H1_1372173824_1372177920.hdf5,1372173824.0,1372177920.0,H1,O4a,0.05940750241279602,46
1372176196.0,1372176228.0,E:\o4a\1372083712\H1_1372173824_1372177920.hdf5,1372173824.0,1372177920.0,H1,O4a,0.05759428068995476,46
1372176260.0,1372176292.0,E:\o4a\1372083712\H1_1372173824_1372177920.hdf5,1372173824.0,1372177920.0,H1,O4a,0.09100000560283661,46
1372176324.0,1372176356.0,E:\o4a\1372083712\H1_1372173824_1372177920.hdf5,1372173824.0,1372177920.0,H1,O4a,0.07170522212982178,46
1372176388.0,1372176420.0,E:\o4a\1372083712\H1_1372173824_1372177920.hdf5,1372173824.0,1372177920.0,H1,O4a,0.07595334947109222,46
1372176452.0,1372176484.0,E:\o4a\1372083712\H1_1372173824_1372177920.hdf5,1372173824.0,1372177920.0,H1,O4a,0.08243118971586227,46
1372176516.0,1372176548.0,E:\o4a\1372083712\H1_1372173824_1372177920.hdf5,1372173824.0,1372177920.0,H1,O4a,0.09739602357149124,46
1372176580.0,1372176612.0,E:\o4a\1372083712\H1_1372173824_1372177920.hdf5,1372173824.0,1372177920.0,H1,O4a,0.07060065865516663,46
1372176644.0,1372176676.0,E:\o4a\1372083712\H1_1372173824_1372177920.hdf5,1372173824.0,1372177920.0,H1,O4a,0.07125435024499893,46
1372252548.0,1372252580.0,E:\o4a\1372083712\H1_1372251648_1372255744.hdf5,1372251648.0,1372255744.0,H1,O4a,0.05311125889420509,47
1372252612.0,1372252644.0,E:\o4a\1372083712\H1_1372251648_1372255744.hdf5,1372251648.0,1372255744.0,H1,O4a,0.06974048167467117,47
1372252676.0,1372252708.0,E:\o4a\1372083712\H1_1372251648_1372255744.hdf5,1372251648.0,1372255744.0,H1,O4a,0.06277301162481308,47
1372252740.0,1372252772.0,E:\o4a\1372083712\H1_1372251648_1372255744.hdf5,1372251648.0,1372255744.0,H1,O4a,0.06149465963244438,47
1372252804.0,1372252836.0,E:\o4a\1372083712\H1_1372251648_1372255744.hdf5,1372251648.0,1372255744.0,H1,O4a,0.06277171522378922,47
1372252868.0,1372252900.0,E:\o4a\1372083712\H1_1372251648_1372255744.hdf5,1372251648.0,1372255744.0,H1,O4a,0.09409906715154648,47
1372252932.0,1372252964.0,E:\o4a\1372083712\H1_1372251648_1372255744.hdf5,1372251648.0,1372255744.0,H1,O4a,0.06261453777551651,47
1372252996.0,1372253028.0,E:\o4a\1372083712\H1_1372251648_1372255744.hdf5,1372251648.0,1372255744.0,H1,O4a,0.06379880756139755,47
1372253060.0,1372253092.0,E:\o4a\1372083712\H1_1372251648_1372255744.hdf5,1372251648.0,1372255744.0,H1,O4a,0.061395756900310516,47
1372253124.0,1372253156.0,E:\o4a\1372083712\H1_1372251648_1372255744.hdf5,1372251648.0,1372255744.0,H1,O4a,0.08695702254772186,47
1372253188.0,1372253220.0,E:\o4a\1372083712\H1_1372251648_1372255744.hdf5,1372251648.0,1372255744.0,H1,O4a,0.06807489693164825,47
1372253252.0,1372253284.0,E:\o4a\1372083712\H1_1372251648_1372255744.hdf5,1372251648.0,1372255744.0,H1,O4a,0.0742269977927208,47
1372253316.0,1372253348.0,E:\o4a\1372083712\H1_1372251648_1372255744.hdf5,1372251648.0,1372255744.0,H1,O4a,0.08265537768602371,47
1372253380.0,1372253412.0,E:\o4a\1372083712\H1_1372251648_1372255744.hdf5,1372251648.0,1372255744.0,H1,O4a,0.05655619502067566,47
1372253444.0,1372253476.0,E:\o4a\1372083712\H1_1372251648_1372255744.hdf5,1372251648.0,1372255744.0,H1,O4a,0.06425238400697708,47
1372253508.0,1372253540.0,E:\o4a\1372083712\H1_1372251648_1372255744.hdf5,1372251648.0,1372255744.0,H1,O4a,0.0620058998465538,47
1372253572.0,1372253604.0,E:\o4a\1372083712\H1_1372251648_1372255744.hdf5,1372251648.0,1372255744.0,H1,O4a,0.0818418338894844,47
1372368516.0,1372368548.0,E:\o4a\1372083712\H1_1372366336_1372370432.hdf5,1372366336.0,1372370432.0,H1,O4a,0.06164848804473877,48
1372368580.0,1372368612.0,E:\o4a\1372083712\H1_1372366336_1372370432.hdf5,1372366336.0,1372370432.0,H1,O4a,0.06916196644306183,48
1372368644.0,1372368676.0,E:\o4a\1372083712\H1_1372366336_1372370432.hdf5,1372366336.0,1372370432.0,H1,O4a,0.0655001625418663,48
1372368708.0,1372368740.0,E:\o4a\1372083712\H1_1372366336_1372370432.hdf5,1372366336.0,1372370432.0,H1,O4a,0.06583935022354126,48
1372368772.0,1372368804.0,E:\o4a\1372083712\H1_1372366336_1372370432.hdf5,1372366336.0,1372370432.0,H1,O4a,0.058714911341667175,48
1372368836.0,1372368868.0,E:\o4a\1372083712\H1_1372366336_1372370432.hdf5,1372366336.0,1372370432.0,H1,O4a,0.05994359031319618,48
1372368900.0,1372368932.0,E:\o4a\1372083712\H1_1372366336_1372370432.hdf5,1372366336.0,1372370432.0,H1,O4a,0.05789951607584953,48
1372368964.0,1372368996.0,E:\o4a\1372083712\H1_1372366336_1372370432.hdf5,1372366336.0,1372370432.0,H1,O4a,0.07107069343328476,48
1372369028.0,1372369060.0,E:\o4a\1372083712\H1_1372366336_1372370432.hdf5,1372366336.0,1372370432.0,H1,O4a,0.06753141433000565,48
1372369092.0,1372369124.0,E:\o4a\1372083712\H1_1372366336_1372370432.hdf5,1372366336.0,1372370432.0,H1,O4a,0.07743863761425018,48
1372369156.0,1372369188.0,E:\o4a\1372083712\H1_1372366336_1372370432.hdf5,1372366336.0,1372370432.0,H1,O4a,0.07174449414014816,48
1372369220.0,1372369252.0,E:\o4a\1372083712\H1_1372366336_1372370432.hdf5,1372366336.0,1372370432.0,H1,O4a,0.07098598778247833,48
1372369284.0,1372369316.0,E:\o4a\1372083712\H1_1372366336_1372370432.hdf5,1372366336.0,1372370432.0,H1,O4a,0.05781590938568115,48
1372369348.0,1372369380.0,E:\o4a\1372083712\H1_1372366336_1372370432.hdf5,1372366336.0,1372370432.0,H1,O4a,0.0541519820690155,48
1372369412.0,1372369444.0,E:\o4a\1372083712\H1_1372366336_1372370432.hdf5,1372366336.0,1372370432.0,H1,O4a,0.06842445582151413,48
1372369476.0,1372369508.0,E:\o4a\1372083712\H1_1372366336_1372370432.hdf5,1372366336.0,1372370432.0,H1,O4a,0.05967454984784126,48
1372369540.0,1372369572.0,E:\o4a\1372083712\H1_1372366336_1372370432.hdf5,1372366336.0,1372370432.0,H1,O4a,0.05927564948797226,48
1372434052.0,1372434084.0,E:\o4a\1372083712\H1_1372431872_1372435968.hdf5,1372431872.0,1372435968.0,H1,O4a,0.06233830377459526,49
1372434116.0,1372434148.0,E:\o4a\1372083712\H1_1372431872_1372435968.hdf5,1372431872.0,1372435968.0,H1,O4a,0.05998695641756058,49
1372434180.0,1372434212.0,E:\o4a\1372083712\H1_1372431872_1372435968.hdf5,1372431872.0,1372435968.0,H1,O4a,0.08294518291950226,49
1372434244.0,1372434276.0,E:\o4a\1372083712\H1_1372431872_1372435968.hdf5,1372431872.0,1372435968.0,H1,O4a,0.06809493154287338,49
1372434308.0,1372434340.0,E:\o4a\1372083712\H1_1372431872_1372435968.hdf5,1372431872.0,1372435968.0,H1,O4a,0.0694078877568245,49
1372434372.0,1372434404.0,E:\o4a\1372083712\H1_1372431872_1372435968.hdf5,1372431872.0,1372435968.0,H1,O4a,0.058797385543584824,49
1372434436.0,1372434468.0,E:\o4a\1372083712\H1_1372431872_1372435968.hdf5,1372431872.0,1372435968.0,H1,O4a,0.059277575463056564,49
1372434500.0,1372434532.0,E:\o4a\1372083712\H1_1372431872_1372435968.hdf5,1372431872.0,1372435968.0,H1,O4a,0.06516951322555542,49
1372434564.0,1372434596.0,E:\o4a\1372083712\H1_1372431872_1372435968.hdf5,1372431872.0,1372435968.0,H1,O4a,0.05870150774717331,49
1372434628.0,1372434660.0,E:\o4a\1372083712\H1_1372431872_1372435968.hdf5,1372431872.0,1372435968.0,H1,O4a,0.0544460192322731,49
1372434692.0,1372434724.0,E:\o4a\1372083712\H1_1372431872_1372435968.hdf5,1372431872.0,1372435968.0,H1,O4a,0.06397520750761032,49
1372434756.0,1372434788.0,E:\o4a\1372083712\H1_1372431872_1372435968.hdf5,1372431872.0,1372435968.0,H1,O4a,0.06792173534631729,49
1372434820.0,1372434852.0,E:\o4a\1372083712\H1_1372431872_1372435968.hdf5,1372431872.0,1372435968.0,H1,O4a,0.06952203065156937,49
1372434884.0,1372434916.0,E:\o4a\1372083712\H1_1372431872_1372435968.hdf5,1372431872.0,1372435968.0,H1,O4a,0.06954462826251984,49
1372434948.0,1372434980.0,E:\o4a\1372083712\H1_1372431872_1372435968.hdf5,1372431872.0,1372435968.0,H1,O4a,0.068208709359169,49
1372435012.0,1372435044.0,E:\o4a\1372083712\H1_1372431872_1372435968.hdf5,1372431872.0,1372435968.0,H1,O4a,0.053852107375860214,49
1372435076.0,1372435108.0,E:\o4a\1372083712\H1_1372431872_1372435968.hdf5,1372431872.0,1372435968.0,H1,O4a,0.060518406331539154,49
1372509700.0,1372509732.0,E:\o4a\1372083712\H1_1372509696_1372513792.hdf5,1372509696.0,1372513792.0,H1,O4a,0.06323543936014175,50
1372509764.0,1372509796.0,E:\o4a\1372083712\H1_1372509696_1372513792.hdf5,1372509696.0,1372513792.0,H1,O4a,0.07621166110038757,50
1372509828.0,1372509860.0,E:\o4a\1372083712\H1_1372509696_1372513792.hdf5,1372509696.0,1372513792.0,H1,O4a,0.08100167661905289,50
1372509892.0,1372509924.0,E:\o4a\1372083712\H1_1372509696_1372513792.hdf5,1372509696.0,1372513792.0,H1,O4a,0.06471441686153412,50
1372509956.0,1372509988.0,E:\o4a\1372083712\H1_1372509696_1372513792.hdf5,1372509696.0,1372513792.0,H1,O4a,0.06856343150138855,50
1372510020.0,1372510052.0,E:\o4a\1372083712\H1_1372509696_1372513792.hdf5,1372509696.0,1372513792.0,H1,O4a,0.064161017537117,50
1372510084.0,1372510116.0,E:\o4a\1372083712\H1_1372509696_1372513792.hdf5,1372509696.0,1372513792.0,H1,O4a,0.07317855209112167,50
1372510148.0,1372510180.0,E:\o4a\1372083712\H1_1372509696_1372513792.hdf5,1372509696.0,1372513792.0,H1,O4a,0.06785465031862259,50
1372510212.0,1372510244.0,E:\o4a\1372083712\H1_1372509696_1372513792.hdf5,1372509696.0,1372513792.0,H1,O4a,0.061794646084308624,50
1372510276.0,1372510308.0,E:\o4a\1372083712\H1_1372509696_1372513792.hdf5,1372509696.0,1372513792.0,H1,O4a,0.06304974853992462,50
1372510340.0,1372510372.0,E:\o4a\1372083712\H1_1372509696_1372513792.hdf5,1372509696.0,1372513792.0,H1,O4a,0.07576142251491547,50
1372510404.0,1372510436.0,E:\o4a\1372083712\H1_1372509696_1372513792.hdf5,1372509696.0,1372513792.0,H1,O4a,0.058949023485183716,50
1372510468.0,1372510500.0,E:\o4a\1372083712\H1_1372509696_1372513792.hdf5,1372509696.0,1372513792.0,H1,O4a,0.05480407923460007,50
1372510532.0,1372510564.0,E:\o4a\1372083712\H1_1372509696_1372513792.hdf5,1372509696.0,1372513792.0,H1,O4a,0.06685349345207214,50
1372510596.0,1372510628.0,E:\o4a\1372083712\H1_1372509696_1372513792.hdf5,1372509696.0,1372513792.0,H1,O4a,0.1084292083978653,50
1372510660.0,1372510692.0,E:\o4a\1372083712\H1_1372509696_1372513792.hdf5,1372509696.0,1372513792.0,H1,O4a,0.05682743340730667,50
1372510724.0,1372510756.0,E:\o4a\1372083712\H1_1372509696_1372513792.hdf5,1372509696.0,1372513792.0,H1,O4a,0.05644180625677109,50
1372603332.0,1372603364.0,E:\o4a\1372602112\H1_1372602112_1372606208.hdf5,1372602112.0,1372606208.0,H1,O4a,0.0836729183793068,51
1372603396.0,1372603428.0,E:\o4a\1372602112\H1_1372602112_1372606208.hdf5,1372602112.0,1372606208.0,H1,O4a,0.051663726568222046,51
1372603460.0,1372603492.0,E:\o4a\1372602112\H1_1372602112_1372606208.hdf5,1372602112.0,1372606208.0,H1,O4a,0.09192059189081192,51
1372603524.0,1372603556.0,E:\o4a\1372602112\H1_1372602112_1372606208.hdf5,1372602112.0,1372606208.0,H1,O4a,0.06369907408952713,51
1372603588.0,1372603620.0,E:\o4a\1372602112\H1_1372602112_1372606208.hdf5,1372602112.0,1372606208.0,H1,O4a,0.06409014761447906,51
1372603652.0,1372603684.0,E:\o4a\1372602112\H1_1372602112_1372606208.hdf5,1372602112.0,1372606208.0,H1,O4a,0.06929236650466919,51
1372603716.0,1372603748.0,E:\o4a\1372602112\H1_1372602112_1372606208.hdf5,1372602112.0,1372606208.0,H1,O4a,0.06837203353643417,51
1372603780.0,1372603812.0,E:\o4a\1372602112\H1_1372602112_1372606208.hdf5,1372602112.0,1372606208.0,H1,O4a,0.0682298019528389,51
1372603844.0,1372603876.0,E:\o4a\1372602112\H1_1372602112_1372606208.hdf5,1372602112.0,1372606208.0,H1,O4a,0.0642039030790329,51
1372603908.0,1372603940.0,E:\o4a\1372602112\H1_1372602112_1372606208.hdf5,1372602112.0,1372606208.0,H1,O4a,0.06391509622335434,51
1372603972.0,1372604004.0,E:\o4a\1372602112\H1_1372602112_1372606208.hdf5,1372602112.0,1372606208.0,H1,O4a,0.05902889743447304,51
1372604036.0,1372604068.0,E:\o4a\1372602112\H1_1372602112_1372606208.hdf5,1372602112.0,1372606208.0,H1,O4a,0.06748134642839432,51
1372604100.0,1372604132.0,E:\o4a\1372602112\H1_1372602112_1372606208.hdf5,1372602112.0,1372606208.0,H1,O4a,0.06351389735937119,51
1372604164.0,1372604196.0,E:\o4a\1372602112\H1_1372602112_1372606208.hdf5,1372602112.0,1372606208.0,H1,O4a,0.06296341121196747,51
1372604228.0,1372604260.0,E:\o4a\1372602112\H1_1372602112_1372606208.hdf5,1372602112.0,1372606208.0,H1,O4a,0.06126869469881058,51
1372604292.0,1372604324.0,E:\o4a\1372602112\H1_1372602112_1372606208.hdf5,1372602112.0,1372606208.0,H1,O4a,0.06974709779024124,51
1372604356.0,1372604388.0,E:\o4a\1372602112\H1_1372602112_1372606208.hdf5,1372602112.0,1372606208.0,H1,O4a,0.06016988679766655,51
1372675844.0,1372675876.0,E:\o4a\1372602112\H1_1372675840_1372679936.hdf5,1372675840.0,1372679936.0,H1,O4a,0.16157548129558563,52
1372675908.0,1372675940.0,E:\o4a\1372602112\H1_1372675840_1372679936.hdf5,1372675840.0,1372679936.0,H1,O4a,0.06717068701982498,52
1372675972.0,1372676004.0,E:\o4a\1372602112\H1_1372675840_1372679936.hdf5,1372675840.0,1372679936.0,H1,O4a,0.06368597596883774,52
1372676036.0,1372676068.0,E:\o4a\1372602112\H1_1372675840_1372679936.hdf5,1372675840.0,1372679936.0,H1,O4a,0.06433262676000595,52
1372676100.0,1372676132.0,E:\o4a\1372602112\H1_1372675840_1372679936.hdf5,1372675840.0,1372679936.0,H1,O4a,0.0992141142487526,52
1372676164.0,1372676196.0,E:\o4a\1372602112\H1_1372675840_1372679936.hdf5,1372675840.0,1372679936.0,H1,O4a,0.0697641670703888,52
1372676228.0,1372676260.0,E:\o4a\1372602112\H1_1372675840_1372679936.hdf5,1372675840.0,1372679936.0,H1,O4a,0.06398091465234756,52
1372676292.0,1372676324.0,E:\o4a\1372602112\H1_1372675840_1372679936.hdf5,1372675840.0,1372679936.0,H1,O4a,0.08020801097154617,52
1372676356.0,1372676388.0,E:\o4a\1372602112\H1_1372675840_1372679936.hdf5,1372675840.0,1372679936.0,H1,O4a,0.06646774709224701,52
1372676420.0,1372676452.0,E:\o4a\1372602112\H1_1372675840_1372679936.hdf5,1372675840.0,1372679936.0,H1,O4a,0.07128102332353592,52
1372676484.0,1372676516.0,E:\o4a\1372602112\H1_1372675840_1372679936.hdf5,1372675840.0,1372679936.0,H1,O4a,0.0636463463306427,52
1372676548.0,1372676580.0,E:\o4a\1372602112\H1_1372675840_1372679936.hdf5,1372675840.0,1372679936.0,H1,O4a,0.06680348515510559,52
1372676612.0,1372676644.0,E:\o4a\1372602112\H1_1372675840_1372679936.hdf5,1372675840.0,1372679936.0,H1,O4a,0.06575573980808258,52
1372676676.0,1372676708.0,E:\o4a\1372602112\H1_1372675840_1372679936.hdf5,1372675840.0,1372679936.0,H1,O4a,0.07217159122228622,52
1372676740.0,1372676772.0,E:\o4a\1372602112\H1_1372675840_1372679936.hdf5,1372675840.0,1372679936.0,H1,O4a,0.07849365472793579,52
1372676804.0,1372676836.0,E:\o4a\1372602112\H1_1372675840_1372679936.hdf5,1372675840.0,1372679936.0,H1,O4a,0.07197055965662003,52
1372676868.0,1372676900.0,E:\o4a\1372602112\H1_1372675840_1372679936.hdf5,1372675840.0,1372679936.0,H1,O4a,0.06213897839188576,52
1372813444.0,1372813476.0,E:\o4a\1372602112\H1_1372811008_1372815104.hdf5,1372811008.0,1372815104.0,H1,O4a,0.10770474374294281,54
1372813508.0,1372813540.0,E:\o4a\1372602112\H1_1372811008_1372815104.hdf5,1372811008.0,1372815104.0,H1,O4a,0.058167506009340286,54
1372813572.0,1372813604.0,E:\o4a\1372602112\H1_1372811008_1372815104.hdf5,1372811008.0,1372815104.0,H1,O4a,0.06850042194128036,54
1372813636.0,1372813668.0,E:\o4a\1372602112\H1_1372811008_1372815104.hdf5,1372811008.0,1372815104.0,H1,O4a,0.05625050887465477,54
1372813700.0,1372813732.0,E:\o4a\1372602112\H1_1372811008_1372815104.hdf5,1372811008.0,1372815104.0,H1,O4a,0.08201722800731659,54
1372813764.0,1372813796.0,E:\o4a\1372602112\H1_1372811008_1372815104.hdf5,1372811008.0,1372815104.0,H1,O4a,0.054970744997262955,54
1372813828.0,1372813860.0,E:\o4a\1372602112\H1_1372811008_1372815104.hdf5,1372811008.0,1372815104.0,H1,O4a,0.055984947830438614,54
1372813892.0,1372813924.0,E:\o4a\1372602112\H1_1372811008_1372815104.hdf5,1372811008.0,1372815104.0,H1,O4a,0.1328083723783493,54
1372813956.0,1372813988.0,E:\o4a\1372602112\H1_1372811008_1372815104.hdf5,1372811008.0,1372815104.0,H1,O4a,0.07915579527616501,54
1372814020.0,1372814052.0,E:\o4a\1372602112\H1_1372811008_1372815104.hdf5,1372811008.0,1372815104.0,H1,O4a,0.06346327811479568,54
1372814084.0,1372814116.0,E:\o4a\1372602112\H1_1372811008_1372815104.hdf5,1372811008.0,1372815104.0,H1,O4a,0.06672849506139755,54
1372814148.0,1372814180.0,E:\o4a\1372602112\H1_1372811008_1372815104.hdf5,1372811008.0,1372815104.0,H1,O4a,0.06942612677812576,54
1372814212.0,1372814244.0,E:\o4a\1372602112\H1_1372811008_1372815104.hdf5,1372811008.0,1372815104.0,H1,O4a,0.06254131346940994,54
1372814276.0,1372814308.0,E:\o4a\1372602112\H1_1372811008_1372815104.hdf5,1372811008.0,1372815104.0,H1,O4a,0.05967370793223381,54
1372814340.0,1372814372.0,E:\o4a\1372602112\H1_1372811008_1372815104.hdf5,1372811008.0,1372815104.0,H1,O4a,0.06121092662215233,54
1372814404.0,1372814436.0,E:\o4a\1372602112\H1_1372811008_1372815104.hdf5,1372811008.0,1372815104.0,H1,O4a,0.06892833858728409,54
1372814468.0,1372814500.0,E:\o4a\1372602112\H1_1372811008_1372815104.hdf5,1372811008.0,1372815104.0,H1,O4a,0.061727412045001984,54
1372874244.0,1372874276.0,E:\o4a\1372602112\H1_1372872448_1372876544.hdf5,1372872448.0,1372876544.0,H1,O4a,0.05910496041178703,55
1372874308.0,1372874340.0,E:\o4a\1372602112\H1_1372872448_1372876544.hdf5,1372872448.0,1372876544.0,H1,O4a,0.06255440413951874,55
1372874372.0,1372874404.0,E:\o4a\1372602112\H1_1372872448_1372876544.hdf5,1372872448.0,1372876544.0,H1,O4a,0.063358373939991,55
1372874436.0,1372874468.0,E:\o4a\1372602112\H1_1372872448_1372876544.hdf5,1372872448.0,1372876544.0,H1,O4a,0.06609287112951279,55
1372874500.0,1372874532.0,E:\o4a\1372602112\H1_1372872448_1372876544.hdf5,1372872448.0,1372876544.0,H1,O4a,0.06292464584112167,55
1372874564.0,1372874596.0,E:\o4a\1372602112\H1_1372872448_1372876544.hdf5,1372872448.0,1372876544.0,H1,O4a,0.06742780655622482,55
1372874628.0,1372874660.0,E:\o4a\1372602112\H1_1372872448_1372876544.hdf5,1372872448.0,1372876544.0,H1,O4a,0.07450488209724426,55
1372874692.0,1372874724.0,E:\o4a\1372602112\H1_1372872448_1372876544.hdf5,1372872448.0,1372876544.0,H1,O4a,0.0682072788476944,55
1372874756.0,1372874788.0,E:\o4a\1372602112\H1_1372872448_1372876544.hdf5,1372872448.0,1372876544.0,H1,O4a,0.05873282253742218,55
1372874820.0,1372874852.0,E:\o4a\1372602112\H1_1372872448_1372876544.hdf5,1372872448.0,1372876544.0,H1,O4a,0.0674690380692482,55
1372874884.0,1372874916.0,E:\o4a\1372602112\H1_1372872448_1372876544.hdf5,1372872448.0,1372876544.0,H1,O4a,0.06933000683784485,55
1372874948.0,1372874980.0,E:\o4a\1372602112\H1_1372872448_1372876544.hdf5,1372872448.0,1372876544.0,H1,O4a,0.06842343509197235,55
1372875012.0,1372875044.0,E:\o4a\1372602112\H1_1372872448_1372876544.hdf5,1372872448.0,1372876544.0,H1,O4a,0.054895780980587006,55
1372875076.0,1372875108.0,E:\o4a\1372602112\H1_1372872448_1372876544.hdf5,1372872448.0,1372876544.0,H1,O4a,0.07229237258434296,55
1372875140.0,1372875172.0,E:\o4a\1372602112\H1_1372872448_1372876544.hdf5,1372872448.0,1372876544.0,H1,O4a,0.17418624460697174,55
1372875204.0,1372875236.0,E:\o4a\1372602112\H1_1372872448_1372876544.hdf5,1372872448.0,1372876544.0,H1,O4a,0.07086502760648727,55
1372875268.0,1372875300.0,E:\o4a\1372602112\H1_1372872448_1372876544.hdf5,1372872448.0,1372876544.0,H1,O4a,0.057708121836185455,55
1372929796.0,1372929828.0,E:\o4a\1372602112\H1_1372929792_1372933888.hdf5,1372929792.0,1372933888.0,H1,O4a,0.06889981776475906,56
1372929860.0,1372929892.0,E:\o4a\1372602112\H1_1372929792_1372933888.hdf5,1372929792.0,1372933888.0,H1,O4a,0.06113174930214882,56
1372929924.0,1372929956.0,E:\o4a\1372602112\H1_1372929792_1372933888.hdf5,1372929792.0,1372933888.0,H1,O4a,0.07018058747053146,56
1372929988.0,1372930020.0,E:\o4a\1372602112\H1_1372929792_1372933888.hdf5,1372929792.0,1372933888.0,H1,O4a,0.07507473975419998,56
1372930052.0,1372930084.0,E:\o4a\1372602112\H1_1372929792_1372933888.hdf5,1372929792.0,1372933888.0,H1,O4a,0.0849858820438385,56
1372930116.0,1372930148.0,E:\o4a\1372602112\H1_1372929792_1372933888.hdf5,1372929792.0,1372933888.0,H1,O4a,0.0589623749256134,56
1372930180.0,1372930212.0,E:\o4a\1372602112\H1_1372929792_1372933888.hdf5,1372929792.0,1372933888.0,H1,O4a,0.07979850471019745,56
1372930244.0,1372930276.0,E:\o4a\1372602112\H1_1372929792_1372933888.hdf5,1372929792.0,1372933888.0,H1,O4a,0.061743441969156265,56
1372930308.0,1372930340.0,E:\o4a\1372602112\H1_1372929792_1372933888.hdf5,1372929792.0,1372933888.0,H1,O4a,0.08709675818681717,56
1372930372.0,1372930404.0,E:\o4a\1372602112\H1_1372929792_1372933888.hdf5,1372929792.0,1372933888.0,H1,O4a,0.06196412816643715,56
1372930436.0,1372930468.0,E:\o4a\1372602112\H1_1372929792_1372933888.hdf5,1372929792.0,1372933888.0,H1,O4a,0.24433761835098267,56
1372930500.0,1372930532.0,E:\o4a\1372602112\H1_1372929792_1372933888.hdf5,1372929792.0,1372933888.0,H1,O4a,0.059276025742292404,56
1372930564.0,1372930596.0,E:\o4a\1372602112\H1_1372929792_1372933888.hdf5,1372929792.0,1372933888.0,H1,O4a,0.06838769465684891,56
1372930628.0,1372930660.0,E:\o4a\1372602112\H1_1372929792_1372933888.hdf5,1372929792.0,1372933888.0,H1,O4a,0.058100756257772446,56
1372930692.0,1372930724.0,E:\o4a\1372602112\H1_1372929792_1372933888.hdf5,1372929792.0,1372933888.0,H1,O4a,0.057079847902059555,56
1372930756.0,1372930788.0,E:\o4a\1372602112\H1_1372929792_1372933888.hdf5,1372929792.0,1372933888.0,H1,O4a,0.08571074157953262,56
1372930820.0,1372930852.0,E:\o4a\1372602112\H1_1372929792_1372933888.hdf5,1372929792.0,1372933888.0,H1,O4a,0.062199171632528305,56
1373147268.0,1373147300.0,E:\o4a\1373120512\H1_1373145088_1373149184.hdf5,1373145088.0,1373149184.0,H1,O4a,0.067138671875,58
1373147332.0,1373147364.0,E:\o4a\1373120512\H1_1373145088_1373149184.hdf5,1373145088.0,1373149184.0,H1,O4a,0.06428736448287964,58
1373147396.0,1373147428.0,E:\o4a\1373120512\H1_1373145088_1373149184.hdf5,1373145088.0,1373149184.0,H1,O4a,0.07024812698364258,58
1373147460.0,1373147492.0,E:\o4a\1373120512\H1_1373145088_1373149184.hdf5,1373145088.0,1373149184.0,H1,O4a,0.0697546973824501,58
1373147524.0,1373147556.0,E:\o4a\1373120512\H1_1373145088_1373149184.hdf5,1373145088.0,1373149184.0,H1,O4a,0.06821177154779434,58
1373147588.0,1373147620.0,E:\o4a\1373120512\H1_1373145088_1373149184.hdf5,1373145088.0,1373149184.0,H1,O4a,0.05681729316711426,58
1373147652.0,1373147684.0,E:\o4a\1373120512\H1_1373145088_1373149184.hdf5,1373145088.0,1373149184.0,H1,O4a,0.07646296918392181,58
1373147716.0,1373147748.0,E:\o4a\1373120512\H1_1373145088_1373149184.hdf5,1373145088.0,1373149184.0,H1,O4a,0.060843825340270996,58
1373147780.0,1373147812.0,E:\o4a\1373120512\H1_1373145088_1373149184.hdf5,1373145088.0,1373149184.0,H1,O4a,0.07430476695299149,58
1373147844.0,1373147876.0,E:\o4a\1373120512\H1_1373145088_1373149184.hdf5,1373145088.0,1373149184.0,H1,O4a,0.061787255108356476,58
1373147908.0,1373147940.0,E:\o4a\1373120512\H1_1373145088_1373149184.hdf5,1373145088.0,1373149184.0,H1,O4a,0.07520068436861038,58
1373147972.0,1373148004.0,E:\o4a\1373120512\H1_1373145088_1373149184.hdf5,1373145088.0,1373149184.0,H1,O4a,0.06073795258998871,58
1373148036.0,1373148068.0,E:\o4a\1373120512\H1_1373145088_1373149184.hdf5,1373145088.0,1373149184.0,H1,O4a,0.059592947363853455,58
1373148100.0,1373148132.0,E:\o4a\1373120512\H1_1373145088_1373149184.hdf5,1373145088.0,1373149184.0,H1,O4a,0.06983236968517303,58
1373148164.0,1373148196.0,E:\o4a\1373120512\H1_1373145088_1373149184.hdf5,1373145088.0,1373149184.0,H1,O4a,0.054994843900203705,58
1373148228.0,1373148260.0,E:\o4a\1373120512\H1_1373145088_1373149184.hdf5,1373145088.0,1373149184.0,H1,O4a,0.05753539875149727,58
1373148292.0,1373148324.0,E:\o4a\1373120512\H1_1373145088_1373149184.hdf5,1373145088.0,1373149184.0,H1,O4a,0.0665649026632309,58
1373203588.0,1373203620.0,E:\o4a\1373120512\H1_1373202432_1373206528.hdf5,1373202432.0,1373206528.0,H1,O4a,0.07141418009996414,59
1373203652.0,1373203684.0,E:\o4a\1373120512\H1_1373202432_1373206528.hdf5,1373202432.0,1373206528.0,H1,O4a,0.07004663348197937,59
1373203716.0,1373203748.0,E:\o4a\1373120512\H1_1373202432_1373206528.hdf5,1373202432.0,1373206528.0,H1,O4a,0.061127208173274994,59
1373203780.0,1373203812.0,E:\o4a\1373120512\H1_1373202432_1373206528.hdf5,1373202432.0,1373206528.0,H1,O4a,0.05281064286828041,59
1373203844.0,1373203876.0,E:\o4a\1373120512\H1_1373202432_1373206528.hdf5,1373202432.0,1373206528.0,H1,O4a,0.05937172472476959,59
1373203908.0,1373203940.0,E:\o4a\1373120512\H1_1373202432_1373206528.hdf5,1373202432.0,1373206528.0,H1,O4a,0.06698082387447357,59
1373203972.0,1373204004.0,E:\o4a\1373120512\H1_1373202432_1373206528.hdf5,1373202432.0,1373206528.0,H1,O4a,0.06153545528650284,59
1373204036.0,1373204068.0,E:\o4a\1373120512\H1_1373202432_1373206528.hdf5,1373202432.0,1373206528.0,H1,O4a,0.0676211342215538,59
1373204100.0,1373204132.0,E:\o4a\1373120512\H1_1373202432_1373206528.hdf5,1373202432.0,1373206528.0,H1,O4a,0.07190234214067459,59
1373204164.0,1373204196.0,E:\o4a\1373120512\H1_1373202432_1373206528.hdf5,1373202432.0,1373206528.0,H1,O4a,0.060816917568445206,59
1373204228.0,1373204260.0,E:\o4a\1373120512\H1_1373202432_1373206528.hdf5,1373202432.0,1373206528.0,H1,O4a,0.06478489190340042,59
1373204292.0,1373204324.0,E:\o4a\1373120512\H1_1373202432_1373206528.hdf5,1373202432.0,1373206528.0,H1,O4a,0.06635909527540207,59
1373204356.0,1373204388.0,E:\o4a\1373120512\H1_1373202432_1373206528.hdf5,1373202432.0,1373206528.0,H1,O4a,0.06217162683606148,59
1373204420.0,1373204452.0,E:\o4a\1373120512\H1_1373202432_1373206528.hdf5,1373202432.0,1373206528.0,H1,O4a,0.07719960063695908,59
1373204484.0,1373204516.0,E:\o4a\1373120512\H1_1373202432_1373206528.hdf5,1373202432.0,1373206528.0,H1,O4a,0.06855548173189163,59
1373204548.0,1373204580.0,E:\o4a\1373120512\H1_1373202432_1373206528.hdf5,1373202432.0,1373206528.0,H1,O4a,0.0800422877073288,59
1373204612.0,1373204644.0,E:\o4a\1373120512\H1_1373202432_1373206528.hdf5,1373202432.0,1373206528.0,H1,O4a,0.05448215827345848,59
1373294724.0,1373294756.0,E:\o4a\1373120512\H1_1373292544_1373296640.hdf5,1373292544.0,1373296640.0,H1,O4a,0.06533889472484589,60
1373294788.0,1373294820.0,E:\o4a\1373120512\H1_1373292544_1373296640.hdf5,1373292544.0,1373296640.0,H1,O4a,0.09859219938516617,60
1373294852.0,1373294884.0,E:\o4a\1373120512\H1_1373292544_1373296640.hdf5,1373292544.0,1373296640.0,H1,O4a,0.060945939272642136,60
1373294916.0,1373294948.0,E:\o4a\1373120512\H1_1373292544_1373296640.hdf5,1373292544.0,1373296640.0,H1,O4a,0.07020527869462967,60
1373294980.0,1373295012.0,E:\o4a\1373120512\H1_1373292544_1373296640.hdf5,1373292544.0,1373296640.0,H1,O4a,0.07462294399738312,60
1373295044.0,1373295076.0,E:\o4a\1373120512\H1_1373292544_1373296640.hdf5,1373292544.0,1373296640.0,H1,O4a,0.06617038697004318,60
1373295108.0,1373295140.0,E:\o4a\1373120512\H1_1373292544_1373296640.hdf5,1373292544.0,1373296640.0,H1,O4a,0.06946925818920135,60
1373295172.0,1373295204.0,E:\o4a\1373120512\H1_1373292544_1373296640.hdf5,1373292544.0,1373296640.0,H1,O4a,0.06500142812728882,60
1373295236.0,1373295268.0,E:\o4a\1373120512\H1_1373292544_1373296640.hdf5,1373292544.0,1373296640.0,H1,O4a,0.06755737215280533,60
1373295300.0,1373295332.0,E:\o4a\1373120512\H1_1373292544_1373296640.hdf5,1373292544.0,1373296640.0,H1,O4a,0.06063133105635643,60
1373295364.0,1373295396.0,E:\o4a\1373120512\H1_1373292544_1373296640.hdf5,1373292544.0,1373296640.0,H1,O4a,0.0664796307682991,60
1373295428.0,1373295460.0,E:\o4a\1373120512\H1_1373292544_1373296640.hdf5,1373292544.0,1373296640.0,H1,O4a,0.06933364272117615,60
1373295492.0,1373295524.0,E:\o4a\1373120512\H1_1373292544_1373296640.hdf5,1373292544.0,1373296640.0,H1,O4a,0.061448924243450165,60
1373295556.0,1373295588.0,E:\o4a\1373120512\H1_1373292544_1373296640.hdf5,1373292544.0,1373296640.0,H1,O4a,0.060286544263362885,60
1373295620.0,1373295652.0,E:\o4a\1373120512\H1_1373292544_1373296640.hdf5,1373292544.0,1373296640.0,H1,O4a,0.06041145324707031,60
1373295684.0,1373295716.0,E:\o4a\1373120512\H1_1373292544_1373296640.hdf5,1373292544.0,1373296640.0,H1,O4a,0.06510432064533234,60
1373295748.0,1373295780.0,E:\o4a\1373120512\H1_1373292544_1373296640.hdf5,1373292544.0,1373296640.0,H1,O4a,0.055235106498003006,60
1373350980.0,1373351012.0,E:\o4a\1373120512\H1_1373349888_1373353984.hdf5,1373349888.0,1373353984.0,H1,O4a,0.05445288121700287,61
1373351044.0,1373351076.0,E:\o4a\1373120512\H1_1373349888_1373353984.hdf5,1373349888.0,1373353984.0,H1,O4a,0.06714404374361038,61
1373351108.0,1373351140.0,E:\o4a\1373120512\H1_1373349888_1373353984.hdf5,1373349888.0,1373353984.0,H1,O4a,0.06505601853132248,61
1373351172.0,1373351204.0,E:\o4a\1373120512\H1_1373349888_1373353984.hdf5,1373349888.0,1373353984.0,H1,O4a,0.059340573847293854,61
1373351236.0,1373351268.0,E:\o4a\1373120512\H1_1373349888_1373353984.hdf5,1373349888.0,1373353984.0,H1,O4a,0.059786710888147354,61
1373351300.0,1373351332.0,E:\o4a\1373120512\H1_1373349888_1373353984.hdf5,1373349888.0,1373353984.0,H1,O4a,0.05956532061100006,61
1373351364.0,1373351396.0,E:\o4a\1373120512\H1_1373349888_1373353984.hdf5,1373349888.0,1373353984.0,H1,O4a,0.07709459215402603,61
1373351428.0,1373351460.0,E:\o4a\1373120512\H1_1373349888_1373353984.hdf5,1373349888.0,1373353984.0,H1,O4a,0.07773452997207642,61
1373351492.0,1373351524.0,E:\o4a\1373120512\H1_1373349888_1373353984.hdf5,1373349888.0,1373353984.0,H1,O4a,0.07005936652421951,61
1373351556.0,1373351588.0,E:\o4a\1373120512\H1_1373349888_1373353984.hdf5,1373349888.0,1373353984.0,H1,O4a,0.058090560138225555,61
1373351620.0,1373351652.0,E:\o4a\1373120512\H1_1373349888_1373353984.hdf5,1373349888.0,1373353984.0,H1,O4a,0.07568638026714325,61
1373351684.0,1373351716.0,E:\o4a\1373120512\H1_1373349888_1373353984.hdf5,1373349888.0,1373353984.0,H1,O4a,0.05521341413259506,61
1373351748.0,1373351780.0,E:\o4a\1373120512\H1_1373349888_1373353984.hdf5,1373349888.0,1373353984.0,H1,O4a,0.07065869867801666,61
1373351812.0,1373351844.0,E:\o4a\1373120512\H1_1373349888_1373353984.hdf5,1373349888.0,1373353984.0,H1,O4a,0.07345200330018997,61
1373351876.0,1373351908.0,E:\o4a\1373120512\H1_1373349888_1373353984.hdf5,1373349888.0,1373353984.0,H1,O4a,0.08260294795036316,61
1373351940.0,1373351972.0,E:\o4a\1373120512\H1_1373349888_1373353984.hdf5,1373349888.0,1373353984.0,H1,O4a,0.05750678479671478,61
1373352004.0,1373352036.0,E:\o4a\1373120512\H1_1373349888_1373353984.hdf5,1373349888.0,1373353984.0,H1,O4a,0.0642843171954155,61
1373429380.0,1373429412.0,E:\o4a\1373120512\H1_1373427712_1373431808.hdf5,1373427712.0,1373431808.0,H1,O4a,0.064515121281147,62
1373429444.0,1373429476.0,E:\o4a\1373120512\H1_1373427712_1373431808.hdf5,1373427712.0,1373431808.0,H1,O4a,0.05770331993699074,62
1373429508.0,1373429540.0,E:\o4a\1373120512\H1_1373427712_1373431808.hdf5,1373427712.0,1373431808.0,H1,O4a,0.058933075517416,62
1373429572.0,1373429604.0,E:\o4a\1373120512\H1_1373427712_1373431808.hdf5,1373427712.0,1373431808.0,H1,O4a,0.06687623262405396,62
1373429636.0,1373429668.0,E:\o4a\1373120512\H1_1373427712_1373431808.hdf5,1373427712.0,1373431808.0,H1,O4a,0.05596843734383583,62
1373429700.0,1373429732.0,E:\o4a\1373120512\H1_1373427712_1373431808.hdf5,1373427712.0,1373431808.0,H1,O4a,0.07331870496273041,62
1373429764.0,1373429796.0,E:\o4a\1373120512\H1_1373427712_1373431808.hdf5,1373427712.0,1373431808.0,H1,O4a,0.06729663163423538,62
1373429828.0,1373429860.0,E:\o4a\1373120512\H1_1373427712_1373431808.hdf5,1373427712.0,1373431808.0,H1,O4a,0.06823806464672089,62
1373429892.0,1373429924.0,E:\o4a\1373120512\H1_1373427712_1373431808.hdf5,1373427712.0,1373431808.0,H1,O4a,0.06857981532812119,62
1373429956.0,1373429988.0,E:\o4a\1373120512\H1_1373427712_1373431808.hdf5,1373427712.0,1373431808.0,H1,O4a,0.06994988769292831,62
1373430020.0,1373430052.0,E:\o4a\1373120512\H1_1373427712_1373431808.hdf5,1373427712.0,1373431808.0,H1,O4a,0.05789250507950783,62
1373430084.0,1373430116.0,E:\o4a\1373120512\H1_1373427712_1373431808.hdf5,1373427712.0,1373431808.0,H1,O4a,0.06887990236282349,62
1373430148.0,1373430180.0,E:\o4a\1373120512\H1_1373427712_1373431808.hdf5,1373427712.0,1373431808.0,H1,O4a,0.0951886847615242,62
1373430212.0,1373430244.0,E:\o4a\1373120512\H1_1373427712_1373431808.hdf5,1373427712.0,1373431808.0,H1,O4a,0.08462117612361908,62
1373430276.0,1373430308.0,E:\o4a\1373120512\H1_1373427712_1373431808.hdf5,1373427712.0,1373431808.0,H1,O4a,0.05951758101582527,62
1373430340.0,1373430372.0,E:\o4a\1373120512\H1_1373427712_1373431808.hdf5,1373427712.0,1373431808.0,H1,O4a,0.08084195107221603,62
1373430404.0,1373430436.0,E:\o4a\1373120512\H1_1373427712_1373431808.hdf5,1373427712.0,1373431808.0,H1,O4a,0.061100125312805176,62
1373471492.0,1373471524.0,E:\o4a\1373120512\H1_1373468672_1373472768.hdf5,1373468672.0,1373472768.0,H1,O4a,0.0628868117928505,63
1373471556.0,1373471588.0,E:\o4a\1373120512\H1_1373468672_1373472768.hdf5,1373468672.0,1373472768.0,H1,O4a,0.05961446836590767,63
1373471620.0,1373471652.0,E:\o4a\1373120512\H1_1373468672_1373472768.hdf5,1373468672.0,1373472768.0,H1,O4a,0.0691901221871376,63
1373471684.0,1373471716.0,E:\o4a\1373120512\H1_1373468672_1373472768.hdf5,1373468672.0,1373472768.0,H1,O4a,0.0656406432390213,63
1373471748.0,1373471780.0,E:\o4a\1373120512\H1_1373468672_1373472768.hdf5,1373468672.0,1373472768.0,H1,O4a,0.09840299934148788,63
1373471812.0,1373471844.0,E:\o4a\1373120512\H1_1373468672_1373472768.hdf5,1373468672.0,1373472768.0,H1,O4a,0.07282643020153046,63
1373471876.0,1373471908.0,E:\o4a\1373120512\H1_1373468672_1373472768.hdf5,1373468672.0,1373472768.0,H1,O4a,0.06919965893030167,63
1373471940.0,1373471972.0,E:\o4a\1373120512\H1_1373468672_1373472768.hdf5,1373468672.0,1373472768.0,H1,O4a,0.05611135810613632,63
1373472004.0,1373472036.0,E:\o4a\1373120512\H1_1373468672_1373472768.hdf5,1373468672.0,1373472768.0,H1,O4a,0.06870123744010925,63
1373472068.0,1373472100.0,E:\o4a\1373120512\H1_1373468672_1373472768.hdf5,1373468672.0,1373472768.0,H1,O4a,0.06912994384765625,63
1373472132.0,1373472164.0,E:\o4a\1373120512\H1_1373468672_1373472768.hdf5,1373468672.0,1373472768.0,H1,O4a,0.05686058849096298,63
1373472196.0,1373472228.0,E:\o4a\1373120512\H1_1373468672_1373472768.hdf5,1373468672.0,1373472768.0,H1,O4a,0.06260330229997635,63
1373472260.0,1373472292.0,E:\o4a\1373120512\H1_1373468672_1373472768.hdf5,1373468672.0,1373472768.0,H1,O4a,0.0894056037068367,63
1373472324.0,1373472356.0,E:\o4a\1373120512\H1_1373468672_1373472768.hdf5,1373468672.0,1373472768.0,H1,O4a,0.06053248420357704,63
1373472388.0,1373472420.0,E:\o4a\1373120512\H1_1373468672_1373472768.hdf5,1373468672.0,1373472768.0,H1,O4a,0.05736115202307701,63
1373472452.0,1373472484.0,E:\o4a\1373120512\H1_1373468672_1373472768.hdf5,1373468672.0,1373472768.0,H1,O4a,0.0619959682226181,63
1373472516.0,1373472548.0,E:\o4a\1373120512\H1_1373468672_1373472768.hdf5,1373468672.0,1373472768.0,H1,O4a,0.059543173760175705,63
1373520324.0,1373520356.0,E:\o4a\1373120512\H1_1373517824_1373521920.hdf5,1373517824.0,1373521920.0,H1,O4a,0.06500657647848129,64
1373520388.0,1373520420.0,E:\o4a\1373120512\H1_1373517824_1373521920.hdf5,1373517824.0,1373521920.0,H1,O4a,0.06848635524511337,64
1373520452.0,1373520484.0,E:\o4a\1373120512\H1_1373517824_1373521920.hdf5,1373517824.0,1373521920.0,H1,O4a,0.06268060952425003,64
1373520516.0,1373520548.0,E:\o4a\1373120512\H1_1373517824_1373521920.hdf5,1373517824.0,1373521920.0,H1,O4a,0.08722543716430664,64
1373520580.0,1373520612.0,E:\o4a\1373120512\H1_1373517824_1373521920.hdf5,1373517824.0,1373521920.0,H1,O4a,0.06085473671555519,64
1373520644.0,1373520676.0,E:\o4a\1373120512\H1_1373517824_1373521920.hdf5,1373517824.0,1373521920.0,H1,O4a,0.07384179532527924,64
1373520708.0,1373520740.0,E:\o4a\1373120512\H1_1373517824_1373521920.hdf5,1373517824.0,1373521920.0,H1,O4a,0.06259452551603317,64
1373520772.0,1373520804.0,E:\o4a\1373120512\H1_1373517824_1373521920.hdf5,1373517824.0,1373521920.0,H1,O4a,0.06148809567093849,64
1373520836.0,1373520868.0,E:\o4a\1373120512\H1_1373517824_1373521920.hdf5,1373517824.0,1373521920.0,H1,O4a,0.08994172513484955,64
1373520900.0,1373520932.0,E:\o4a\1373120512\H1_1373517824_1373521920.hdf5,1373517824.0,1373521920.0,H1,O4a,0.06855713576078415,64
1373520964.0,1373520996.0,E:\o4a\1373120512\H1_1373517824_1373521920.hdf5,1373517824.0,1373521920.0,H1,O4a,0.05416780337691307,64
1373521028.0,1373521060.0,E:\o4a\1373120512\H1_1373517824_1373521920.hdf5,1373517824.0,1373521920.0,H1,O4a,0.07808049768209457,64
1373521092.0,1373521124.0,E:\o4a\1373120512\H1_1373517824_1373521920.hdf5,1373517824.0,1373521920.0,H1,O4a,0.06643444299697876,64
1373521156.0,1373521188.0,E:\o4a\1373120512\H1_1373517824_1373521920.hdf5,1373517824.0,1373521920.0,H1,O4a,0.08286044746637344,64
1373521220.0,1373521252.0,E:\o4a\1373120512\H1_1373517824_1373521920.hdf5,1373517824.0,1373521920.0,H1,O4a,0.07277920842170715,64
1373521284.0,1373521316.0,E:\o4a\1373120512\H1_1373517824_1373521920.hdf5,1373517824.0,1373521920.0,H1,O4a,0.09131689369678497,64
1373521348.0,1373521380.0,E:\o4a\1373120512\H1_1373517824_1373521920.hdf5,1373517824.0,1373521920.0,H1,O4a,0.07275797426700592,64
1373616132.0,1373616164.0,E:\o4a\1373120512\H1_1373616128_1373620224.hdf5,1373616128.0,1373620224.0,H1,O4a,0.08507797122001648,65
1373616196.0,1373616228.0,E:\o4a\1373120512\H1_1373616128_1373620224.hdf5,1373616128.0,1373620224.0,H1,O4a,0.06737913936376572,65
1373616260.0,1373616292.0,E:\o4a\1373120512\H1_1373616128_1373620224.hdf5,1373616128.0,1373620224.0,H1,O4a,0.0554184652864933,65
1373616324.0,1373616356.0,E:\o4a\1373120512\H1_1373616128_1373620224.hdf5,1373616128.0,1373620224.0,H1,O4a,0.0659087523818016,65
1373616388.0,1373616420.0,E:\o4a\1373120512\H1_1373616128_1373620224.hdf5,1373616128.0,1373620224.0,H1,O4a,0.07372067868709564,65
1373616452.0,1373616484.0,E:\o4a\1373120512\H1_1373616128_1373620224.hdf5,1373616128.0,1373620224.0,H1,O4a,0.05883588641881943,65
1373616516.0,1373616548.0,E:\o4a\1373120512\H1_1373616128_1373620224.hdf5,1373616128.0,1373620224.0,H1,O4a,0.07906793802976608,65
1373616580.0,1373616612.0,E:\o4a\1373120512\H1_1373616128_1373620224.hdf5,1373616128.0,1373620224.0,H1,O4a,0.0593474879860878,65
1373616644.0,1373616676.0,E:\o4a\1373120512\H1_1373616128_1373620224.hdf5,1373616128.0,1373620224.0,H1,O4a,0.07905766367912292,65
1373616708.0,1373616740.0,E:\o4a\1373120512\H1_1373616128_1373620224.hdf5,1373616128.0,1373620224.0,H1,O4a,0.062030576169490814,65
1373616772.0,1373616804.0,E:\o4a\1373120512\H1_1373616128_1373620224.hdf5,1373616128.0,1373620224.0,H1,O4a,0.06648498773574829,65
1373616836.0,1373616868.0,E:\o4a\1373120512\H1_1373616128_1373620224.hdf5,1373616128.0,1373620224.0,H1,O4a,0.06881646811962128,65
1373616900.0,1373616932.0,E:\o4a\1373120512\H1_1373616128_1373620224.hdf5,1373616128.0,1373620224.0,H1,O4a,0.06512913852930069,65
1373616964.0,1373616996.0,E:\o4a\1373120512\H1_1373616128_1373620224.hdf5,1373616128.0,1373620224.0,H1,O4a,0.0711941197514534,65
1373617028.0,1373617060.0,E:\o4a\1373120512\H1_1373616128_1373620224.hdf5,1373616128.0,1373620224.0,H1,O4a,0.06693970412015915,65
1373617092.0,1373617124.0,E:\o4a\1373120512\H1_1373616128_1373620224.hdf5,1373616128.0,1373620224.0,H1,O4a,0.06836254149675369,65
1373617156.0,1373617188.0,E:\o4a\1373120512\H1_1373616128_1373620224.hdf5,1373616128.0,1373620224.0,H1,O4a,0.06828723102807999,65
1373824196.0,1373824228.0,E:\o4a\1373638912\H1_1373823232_1373827328.hdf5,1373823232.0,1373827328.0,H1,O4a,0.0687377080321312,68
1373824260.0,1373824292.0,E:\o4a\1373638912\H1_1373823232_1373827328.hdf5,1373823232.0,1373827328.0,H1,O4a,0.06258471310138702,68
1373824324.0,1373824356.0,E:\o4a\1373638912\H1_1373823232_1373827328.hdf5,1373823232.0,1373827328.0,H1,O4a,0.08076567202806473,68
1373824388.0,1373824420.0,E:\o4a\1373638912\H1_1373823232_1373827328.hdf5,1373823232.0,1373827328.0,H1,O4a,0.06480804830789566,68
1373824452.0,1373824484.0,E:\o4a\1373638912\H1_1373823232_1373827328.hdf5,1373823232.0,1373827328.0,H1,O4a,0.07512079924345016,68
1373824516.0,1373824548.0,E:\o4a\1373638912\H1_1373823232_1373827328.hdf5,1373823232.0,1373827328.0,H1,O4a,0.07357820123434067,68
1373824580.0,1373824612.0,E:\o4a\1373638912\H1_1373823232_1373827328.hdf5,1373823232.0,1373827328.0,H1,O4a,0.0685562789440155,68
1373824644.0,1373824676.0,E:\o4a\1373638912\H1_1373823232_1373827328.hdf5,1373823232.0,1373827328.0,H1,O4a,0.14311917126178741,68
1373824708.0,1373824740.0,E:\o4a\1373638912\H1_1373823232_1373827328.hdf5,1373823232.0,1373827328.0,H1,O4a,0.0832110047340393,68
1373824772.0,1373824804.0,E:\o4a\1373638912\H1_1373823232_1373827328.hdf5,1373823232.0,1373827328.0,H1,O4a,0.07009293138980865,68
1373824836.0,1373824868.0,E:\o4a\1373638912\H1_1373823232_1373827328.hdf5,1373823232.0,1373827328.0,H1,O4a,0.054189227521419525,68
1373824900.0,1373824932.0,E:\o4a\1373638912\H1_1373823232_1373827328.hdf5,1373823232.0,1373827328.0,H1,O4a,0.11273796111345291,68
1373824964.0,1373824996.0,E:\o4a\1373638912\H1_1373823232_1373827328.hdf5,1373823232.0,1373827328.0,H1,O4a,0.07162746042013168,68
1373825028.0,1373825060.0,E:\o4a\1373638912\H1_1373823232_1373827328.hdf5,1373823232.0,1373827328.0,H1,O4a,0.08977752923965454,68
1373825092.0,1373825124.0,E:\o4a\1373638912\H1_1373823232_1373827328.hdf5,1373823232.0,1373827328.0,H1,O4a,0.0696374922990799,68
1373825156.0,1373825188.0,E:\o4a\1373638912\H1_1373823232_1373827328.hdf5,1373823232.0,1373827328.0,H1,O4a,0.09424373507499695,68
1373825220.0,1373825252.0,E:\o4a\1373638912\H1_1373823232_1373827328.hdf5,1373823232.0,1373827328.0,H1,O4a,0.06739029288291931,68
1373901060.0,1373901092.0,E:\o4a\1373638912\H1_1373901056_1373905152.hdf5,1373901056.0,1373905152.0,H1,O4a,0.0709359347820282,69
1373901124.0,1373901156.0,E:\o4a\1373638912\H1_1373901056_1373905152.hdf5,1373901056.0,1373905152.0,H1,O4a,0.060743991285562515,69
1373901188.0,1373901220.0,E:\o4a\1373638912\H1_1373901056_1373905152.hdf5,1373901056.0,1373905152.0,H1,O4a,0.08741092681884766,69
1373901252.0,1373901284.0,E:\o4a\1373638912\H1_1373901056_1373905152.hdf5,1373901056.0,1373905152.0,H1,O4a,0.05492196977138519,69
1373901316.0,1373901348.0,E:\o4a\1373638912\H1_1373901056_1373905152.hdf5,1373901056.0,1373905152.0,H1,O4a,0.06411261856555939,69
1373901380.0,1373901412.0,E:\o4a\1373638912\H1_1373901056_1373905152.hdf5,1373901056.0,1373905152.0,H1,O4a,0.07174427807331085,69
1373901444.0,1373901476.0,E:\o4a\1373638912\H1_1373901056_1373905152.hdf5,1373901056.0,1373905152.0,H1,O4a,0.07062679529190063,69
1373901508.0,1373901540.0,E:\o4a\1373638912\H1_1373901056_1373905152.hdf5,1373901056.0,1373905152.0,H1,O4a,0.05840671434998512,69
1373901572.0,1373901604.0,E:\o4a\1373638912\H1_1373901056_1373905152.hdf5,1373901056.0,1373905152.0,H1,O4a,0.06315627694129944,69
1373901636.0,1373901668.0,E:\o4a\1373638912\H1_1373901056_1373905152.hdf5,1373901056.0,1373905152.0,H1,O4a,0.06855026632547379,69
1373901700.0,1373901732.0,E:\o4a\1373638912\H1_1373901056_1373905152.hdf5,1373901056.0,1373905152.0,H1,O4a,0.06881196051836014,69
1373901764.0,1373901796.0,E:\o4a\1373638912\H1_1373901056_1373905152.hdf5,1373901056.0,1373905152.0,H1,O4a,0.08316110074520111,69
1373901828.0,1373901860.0,E:\o4a\1373638912\H1_1373901056_1373905152.hdf5,1373901056.0,1373905152.0,H1,O4a,0.0686802789568901,69
1373901892.0,1373901924.0,E:\o4a\1373638912\H1_1373901056_1373905152.hdf5,1373901056.0,1373905152.0,H1,O4a,0.06837690621614456,69
1373901956.0,1373901988.0,E:\o4a\1373638912\H1_1373901056_1373905152.hdf5,1373901056.0,1373905152.0,H1,O4a,0.06516201049089432,69
1373902020.0,1373902052.0,E:\o4a\1373638912\H1_1373901056_1373905152.hdf5,1373901056.0,1373905152.0,H1,O4a,0.05888955667614937,69
1373902084.0,1373902116.0,E:\o4a\1373638912\H1_1373901056_1373905152.hdf5,1373901056.0,1373905152.0,H1,O4a,0.05163124203681946,69
1373974788.0,1373974820.0,E:\o4a\1373638912\H1_1373974784_1373978880.hdf5,1373974784.0,1373978880.0,H1,O4a,0.05808168277144432,70
1373974852.0,1373974884.0,E:\o4a\1373638912\H1_1373974784_1373978880.hdf5,1373974784.0,1373978880.0,H1,O4a,0.07573263347148895,70
1373974916.0,1373974948.0,E:\o4a\1373638912\H1_1373974784_1373978880.hdf5,1373974784.0,1373978880.0,H1,O4a,0.4311363995075226,70
1373974980.0,1373975012.0,E:\o4a\1373638912\H1_1373974784_1373978880.hdf5,1373974784.0,1373978880.0,H1,O4a,0.13923682272434235,70
1373975044.0,1373975076.0,E:\o4a\1373638912\H1_1373974784_1373978880.hdf5,1373974784.0,1373978880.0,H1,O4a,0.07353229820728302,70
1373975108.0,1373975140.0,E:\o4a\1373638912\H1_1373974784_1373978880.hdf5,1373974784.0,1373978880.0,H1,O4a,0.0649348720908165,70
1373975172.0,1373975204.0,E:\o4a\1373638912\H1_1373974784_1373978880.hdf5,1373974784.0,1373978880.0,H1,O4a,0.05584392696619034,70
1373975236.0,1373975268.0,E:\o4a\1373638912\H1_1373974784_1373978880.hdf5,1373974784.0,1373978880.0,H1,O4a,0.05404791608452797,70
1373975300.0,1373975332.0,E:\o4a\1373638912\H1_1373974784_1373978880.hdf5,1373974784.0,1373978880.0,H1,O4a,0.06013443320989609,70
1373975364.0,1373975396.0,E:\o4a\1373638912\H1_1373974784_1373978880.hdf5,1373974784.0,1373978880.0,H1,O4a,0.07617393881082535,70
1373975428.0,1373975460.0,E:\o4a\1373638912\H1_1373974784_1373978880.hdf5,1373974784.0,1373978880.0,H1,O4a,0.0609135776758194,70
1373975492.0,1373975524.0,E:\o4a\1373638912\H1_1373974784_1373978880.hdf5,1373974784.0,1373978880.0,H1,O4a,0.059183694422245026,70
1373975556.0,1373975588.0,E:\o4a\1373638912\H1_1373974784_1373978880.hdf5,1373974784.0,1373978880.0,H1,O4a,0.06520552933216095,70
1373975620.0,1373975652.0,E:\o4a\1373638912\H1_1373974784_1373978880.hdf5,1373974784.0,1373978880.0,H1,O4a,0.07513672858476639,70
1373975684.0,1373975716.0,E:\o4a\1373638912\H1_1373974784_1373978880.hdf5,1373974784.0,1373978880.0,H1,O4a,0.06599016487598419,70
1373975748.0,1373975780.0,E:\o4a\1373638912\H1_1373974784_1373978880.hdf5,1373974784.0,1373978880.0,H1,O4a,0.06797151267528534,70
1373975812.0,1373975844.0,E:\o4a\1373638912\H1_1373974784_1373978880.hdf5,1373974784.0,1373978880.0,H1,O4a,0.056940868496894836,70
1374044420.0,1374044452.0,E:\o4a\1373638912\H1_1374044416_1374048512.hdf5,1374044416.0,1374048512.0,H1,O4a,0.0757908895611763,71
1374044484.0,1374044516.0,E:\o4a\1373638912\H1_1374044416_1374048512.hdf5,1374044416.0,1374048512.0,H1,O4a,0.06420351564884186,71
1374044548.0,1374044580.0,E:\o4a\1373638912\H1_1374044416_1374048512.hdf5,1374044416.0,1374048512.0,H1,O4a,0.06491611897945404,71
1374044612.0,1374044644.0,E:\o4a\1373638912\H1_1374044416_1374048512.hdf5,1374044416.0,1374048512.0,H1,O4a,0.06490666419267654,71
1374044676.0,1374044708.0,E:\o4a\1373638912\H1_1374044416_1374048512.hdf5,1374044416.0,1374048512.0,H1,O4a,0.06256900727748871,71
1374044740.0,1374044772.0,E:\o4a\1373638912\H1_1374044416_1374048512.hdf5,1374044416.0,1374048512.0,H1,O4a,0.059474729001522064,71
1374044804.0,1374044836.0,E:\o4a\1373638912\H1_1374044416_1374048512.hdf5,1374044416.0,1374048512.0,H1,O4a,0.06592375785112381,71
1374044868.0,1374044900.0,E:\o4a\1373638912\H1_1374044416_1374048512.hdf5,1374044416.0,1374048512.0,H1,O4a,0.059433966875076294,71
1374044932.0,1374044964.0,E:\o4a\1373638912\H1_1374044416_1374048512.hdf5,1374044416.0,1374048512.0,H1,O4a,0.07445596903562546,71
1374044996.0,1374045028.0,E:\o4a\1373638912\H1_1374044416_1374048512.hdf5,1374044416.0,1374048512.0,H1,O4a,0.0970144271850586,71
1374045060.0,1374045092.0,E:\o4a\1373638912\H1_1374044416_1374048512.hdf5,1374044416.0,1374048512.0,H1,O4a,0.075958251953125,71
1374045124.0,1374045156.0,E:\o4a\1373638912\H1_1374044416_1374048512.hdf5,1374044416.0,1374048512.0,H1,O4a,0.05398000031709671,71
1374045188.0,1374045220.0,E:\o4a\1373638912\H1_1374044416_1374048512.hdf5,1374044416.0,1374048512.0,H1,O4a,0.062353190034627914,71
1374045252.0,1374045284.0,E:\o4a\1373638912\H1_1374044416_1374048512.hdf5,1374044416.0,1374048512.0,H1,O4a,0.09109079092741013,71
1374045316.0,1374045348.0,E:\o4a\1373638912\H1_1374044416_1374048512.hdf5,1374044416.0,1374048512.0,H1,O4a,0.06847509741783142,71
1374045380.0,1374045412.0,E:\o4a\1373638912\H1_1374044416_1374048512.hdf5,1374044416.0,1374048512.0,H1,O4a,0.08910622447729111,71
1374045444.0,1374045476.0,E:\o4a\1373638912\H1_1374044416_1374048512.hdf5,1374044416.0,1374048512.0,H1,O4a,0.06849654018878937,71
1374095748.0,1374095780.0,E:\o4a\1373638912\H1_1374093568_1374097664.hdf5,1374093568.0,1374097664.0,H1,O4a,0.08098666369915009,72
1374095812.0,1374095844.0,E:\o4a\1373638912\H1_1374093568_1374097664.hdf5,1374093568.0,1374097664.0,H1,O4a,0.07598687708377838,72
1374095876.0,1374095908.0,E:\o4a\1373638912\H1_1374093568_1374097664.hdf5,1374093568.0,1374097664.0,H1,O4a,0.06726989895105362,72
1374095940.0,1374095972.0,E:\o4a\1373638912\H1_1374093568_1374097664.hdf5,1374093568.0,1374097664.0,H1,O4a,0.06090894341468811,72
1374096004.0,1374096036.0,E:\o4a\1373638912\H1_1374093568_1374097664.hdf5,1374093568.0,1374097664.0,H1,O4a,0.0765659511089325,72
1374096068.0,1374096100.0,E:\o4a\1373638912\H1_1374093568_1374097664.hdf5,1374093568.0,1374097664.0,H1,O4a,0.07857250422239304,72
1374096132.0,1374096164.0,E:\o4a\1373638912\H1_1374093568_1374097664.hdf5,1374093568.0,1374097664.0,H1,O4a,0.06886995583772659,72
1374096196.0,1374096228.0,E:\o4a\1373638912\H1_1374093568_1374097664.hdf5,1374093568.0,1374097664.0,H1,O4a,0.07543577998876572,72
1374096260.0,1374096292.0,E:\o4a\1373638912\H1_1374093568_1374097664.hdf5,1374093568.0,1374097664.0,H1,O4a,0.066964291036129,72
1374096324.0,1374096356.0,E:\o4a\1373638912\H1_1374093568_1374097664.hdf5,1374093568.0,1374097664.0,H1,O4a,0.09546275436878204,72
1374096388.0,1374096420.0,E:\o4a\1373638912\H1_1374093568_1374097664.hdf5,1374093568.0,1374097664.0,H1,O4a,0.06044873222708702,72
1374096452.0,1374096484.0,E:\o4a\1373638912\H1_1374093568_1374097664.hdf5,1374093568.0,1374097664.0,H1,O4a,0.062152061611413956,72
1374096516.0,1374096548.0,E:\o4a\1373638912\H1_1374093568_1374097664.hdf5,1374093568.0,1374097664.0,H1,O4a,0.06517782807350159,72
1374096580.0,1374096612.0,E:\o4a\1373638912\H1_1374093568_1374097664.hdf5,1374093568.0,1374097664.0,H1,O4a,0.057474661618471146,72
1374096644.0,1374096676.0,E:\o4a\1373638912\H1_1374093568_1374097664.hdf5,1374093568.0,1374097664.0,H1,O4a,0.05959973484277725,72
1374096708.0,1374096740.0,E:\o4a\1373638912\H1_1374093568_1374097664.hdf5,1374093568.0,1374097664.0,H1,O4a,0.07408040761947632,72
1374096772.0,1374096804.0,E:\o4a\1373638912\H1_1374093568_1374097664.hdf5,1374093568.0,1374097664.0,H1,O4a,0.07358301430940628,72
1374184196.0,1374184228.0,E:\o4a\1374157312\H1_1374181888_1374185984.hdf5,1374181888.0,1374185984.0,H1,O4a,0.09187323600053787,73
1374184260.0,1374184292.0,E:\o4a\1374157312\H1_1374181888_1374185984.hdf5,1374181888.0,1374185984.0,H1,O4a,0.0665409192442894,73
1374184324.0,1374184356.0,E:\o4a\1374157312\H1_1374181888_1374185984.hdf5,1374181888.0,1374185984.0,H1,O4a,0.07569333910942078,73
1374184388.0,1374184420.0,E:\o4a\1374157312\H1_1374181888_1374185984.hdf5,1374181888.0,1374185984.0,H1,O4a,0.06329742819070816,73
1374184452.0,1374184484.0,E:\o4a\1374157312\H1_1374181888_1374185984.hdf5,1374181888.0,1374185984.0,H1,O4a,0.07509404420852661,73
1374184516.0,1374184548.0,E:\o4a\1374157312\H1_1374181888_1374185984.hdf5,1374181888.0,1374185984.0,H1,O4a,0.058096010237932205,73
1374184580.0,1374184612.0,E:\o4a\1374157312\H1_1374181888_1374185984.hdf5,1374181888.0,1374185984.0,H1,O4a,0.09744814783334732,73
1374184644.0,1374184676.0,E:\o4a\1374157312\H1_1374181888_1374185984.hdf5,1374181888.0,1374185984.0,H1,O4a,0.07467076927423477,73
1374184708.0,1374184740.0,E:\o4a\1374157312\H1_1374181888_1374185984.hdf5,1374181888.0,1374185984.0,H1,O4a,0.06812729686498642,73
1374184772.0,1374184804.0,E:\o4a\1374157312\H1_1374181888_1374185984.hdf5,1374181888.0,1374185984.0,H1,O4a,0.07860669493675232,73
1374184836.0,1374184868.0,E:\o4a\1374157312\H1_1374181888_1374185984.hdf5,1374181888.0,1374185984.0,H1,O4a,0.06102360039949417,73
1374184900.0,1374184932.0,E:\o4a\1374157312\H1_1374181888_1374185984.hdf5,1374181888.0,1374185984.0,H1,O4a,0.06599879264831543,73
1374184964.0,1374184996.0,E:\o4a\1374157312\H1_1374181888_1374185984.hdf5,1374181888.0,1374185984.0,H1,O4a,0.06380421668291092,73
1374185028.0,1374185060.0,E:\o4a\1374157312\H1_1374181888_1374185984.hdf5,1374181888.0,1374185984.0,H1,O4a,0.06178155541419983,73
1374185092.0,1374185124.0,E:\o4a\1374157312\H1_1374181888_1374185984.hdf5,1374181888.0,1374185984.0,H1,O4a,0.07428441196680069,73
1374185156.0,1374185188.0,E:\o4a\1374157312\H1_1374181888_1374185984.hdf5,1374181888.0,1374185984.0,H1,O4a,0.07200083136558533,73
1374185220.0,1374185252.0,E:\o4a\1374157312\H1_1374181888_1374185984.hdf5,1374181888.0,1374185984.0,H1,O4a,0.05715066194534302,73
1374387972.0,1374388004.0,E:\o4a\1374157312\H1_1374386688_1374390784.hdf5,1374386688.0,1374390784.0,H1,O4a,0.05651096627116203,75
1374388036.0,1374388068.0,E:\o4a\1374157312\H1_1374386688_1374390784.hdf5,1374386688.0,1374390784.0,H1,O4a,0.07160623371601105,75
1374388100.0,1374388132.0,E:\o4a\1374157312\H1_1374386688_1374390784.hdf5,1374386688.0,1374390784.0,H1,O4a,0.05931378901004791,75
1374388164.0,1374388196.0,E:\o4a\1374157312\H1_1374386688_1374390784.hdf5,1374386688.0,1374390784.0,H1,O4a,0.0765952542424202,75
1374388228.0,1374388260.0,E:\o4a\1374157312\H1_1374386688_1374390784.hdf5,1374386688.0,1374390784.0,H1,O4a,0.0790010616183281,75
1374388292.0,1374388324.0,E:\o4a\1374157312\H1_1374386688_1374390784.hdf5,1374386688.0,1374390784.0,H1,O4a,0.0652633011341095,75
1374388356.0,1374388388.0,E:\o4a\1374157312\H1_1374386688_1374390784.hdf5,1374386688.0,1374390784.0,H1,O4a,0.059846431016922,75
1374388420.0,1374388452.0,E:\o4a\1374157312\H1_1374386688_1374390784.hdf5,1374386688.0,1374390784.0,H1,O4a,0.05488160252571106,75
1374388484.0,1374388516.0,E:\o4a\1374157312\H1_1374386688_1374390784.hdf5,1374386688.0,1374390784.0,H1,O4a,0.05968422070145607,75
1374388548.0,1374388580.0,E:\o4a\1374157312\H1_1374386688_1374390784.hdf5,1374386688.0,1374390784.0,H1,O4a,0.0693393424153328,75
1374388612.0,1374388644.0,E:\o4a\1374157312\H1_1374386688_1374390784.hdf5,1374386688.0,1374390784.0,H1,O4a,0.07155334949493408,75
1374388676.0,1374388708.0,E:\o4a\1374157312\H1_1374386688_1374390784.hdf5,1374386688.0,1374390784.0,H1,O4a,0.0567578561604023,75
1374388740.0,1374388772.0,E:\o4a\1374157312\H1_1374386688_1374390784.hdf5,1374386688.0,1374390784.0,H1,O4a,0.08441848307847977,75
1374388804.0,1374388836.0,E:\o4a\1374157312\H1_1374386688_1374390784.hdf5,1374386688.0,1374390784.0,H1,O4a,0.07096350193023682,75
1374388868.0,1374388900.0,E:\o4a\1374157312\H1_1374386688_1374390784.hdf5,1374386688.0,1374390784.0,H1,O4a,0.056450437754392624,75
1374388932.0,1374388964.0,E:\o4a\1374157312\H1_1374386688_1374390784.hdf5,1374386688.0,1374390784.0,H1,O4a,0.07145165652036667,75
1374388996.0,1374389028.0,E:\o4a\1374157312\H1_1374386688_1374390784.hdf5,1374386688.0,1374390784.0,H1,O4a,0.05270808935165405,75
1374491204.0,1374491236.0,E:\o4a\1374157312\H1_1374489088_1374493184.hdf5,1374489088.0,1374493184.0,H1,O4a,0.09809166193008423,76
1374491268.0,1374491300.0,E:\o4a\1374157312\H1_1374489088_1374493184.hdf5,1374489088.0,1374493184.0,H1,O4a,0.06267739832401276,76
1374491332.0,1374491364.0,E:\o4a\1374157312\H1_1374489088_1374493184.hdf5,1374489088.0,1374493184.0,H1,O4a,0.060820069164037704,76
1374491396.0,1374491428.0,E:\o4a\1374157312\H1_1374489088_1374493184.hdf5,1374489088.0,1374493184.0,H1,O4a,0.08621325343847275,76
1374491460.0,1374491492.0,E:\o4a\1374157312\H1_1374489088_1374493184.hdf5,1374489088.0,1374493184.0,H1,O4a,0.07318396866321564,76
1374491524.0,1374491556.0,E:\o4a\1374157312\H1_1374489088_1374493184.hdf5,1374489088.0,1374493184.0,H1,O4a,0.089311882853508,76
1374491588.0,1374491620.0,E:\o4a\1374157312\H1_1374489088_1374493184.hdf5,1374489088.0,1374493184.0,H1,O4a,0.06318575888872147,76
1374491652.0,1374491684.0,E:\o4a\1374157312\H1_1374489088_1374493184.hdf5,1374489088.0,1374493184.0,H1,O4a,0.06875604391098022,76
1374491716.0,1374491748.0,E:\o4a\1374157312\H1_1374489088_1374493184.hdf5,1374489088.0,1374493184.0,H1,O4a,0.07552345842123032,76
1374491780.0,1374491812.0,E:\o4a\1374157312\H1_1374489088_1374493184.hdf5,1374489088.0,1374493184.0,H1,O4a,0.0749858096241951,76
1374491844.0,1374491876.0,E:\o4a\1374157312\H1_1374489088_1374493184.hdf5,1374489088.0,1374493184.0,H1,O4a,0.06561797857284546,76
1374491908.0,1374491940.0,E:\o4a\1374157312\H1_1374489088_1374493184.hdf5,1374489088.0,1374493184.0,H1,O4a,0.06880637258291245,76
1374491972.0,1374492004.0,E:\o4a\1374157312\H1_1374489088_1374493184.hdf5,1374489088.0,1374493184.0,H1,O4a,0.06840795278549194,76
1374492036.0,1374492068.0,E:\o4a\1374157312\H1_1374489088_1374493184.hdf5,1374489088.0,1374493184.0,H1,O4a,0.07032746821641922,76
1374492100.0,1374492132.0,E:\o4a\1374157312\H1_1374489088_1374493184.hdf5,1374489088.0,1374493184.0,H1,O4a,0.07185354083776474,76
1374492164.0,1374492196.0,E:\o4a\1374157312\H1_1374489088_1374493184.hdf5,1374489088.0,1374493184.0,H1,O4a,0.05976289138197899,76
1374492228.0,1374492260.0,E:\o4a\1374157312\H1_1374489088_1374493184.hdf5,1374489088.0,1374493184.0,H1,O4a,0.0705643817782402,76
1374575556.0,1374575588.0,E:\o4a\1374157312\H1_1374575104_1374579200.hdf5,1374575104.0,1374579200.0,H1,O4a,0.0827828124165535,77
1374575620.0,1374575652.0,E:\o4a\1374157312\H1_1374575104_1374579200.hdf5,1374575104.0,1374579200.0,H1,O4a,0.061182696372270584,77
1374575684.0,1374575716.0,E:\o4a\1374157312\H1_1374575104_1374579200.hdf5,1374575104.0,1374579200.0,H1,O4a,0.06396244466304779,77
1374575748.0,1374575780.0,E:\o4a\1374157312\H1_1374575104_1374579200.hdf5,1374575104.0,1374579200.0,H1,O4a,0.09173870086669922,77
1374575812.0,1374575844.0,E:\o4a\1374157312\H1_1374575104_1374579200.hdf5,1374575104.0,1374579200.0,H1,O4a,0.06858497112989426,77
1374575876.0,1374575908.0,E:\o4a\1374157312\H1_1374575104_1374579200.hdf5,1374575104.0,1374579200.0,H1,O4a,0.0729442611336708,77
1374575940.0,1374575972.0,E:\o4a\1374157312\H1_1374575104_1374579200.hdf5,1374575104.0,1374579200.0,H1,O4a,0.06121719628572464,77
1374576004.0,1374576036.0,E:\o4a\1374157312\H1_1374575104_1374579200.hdf5,1374575104.0,1374579200.0,H1,O4a,0.0704462006688118,77
1374576068.0,1374576100.0,E:\o4a\1374157312\H1_1374575104_1374579200.hdf5,1374575104.0,1374579200.0,H1,O4a,0.08783955872058868,77
1374576132.0,1374576164.0,E:\o4a\1374157312\H1_1374575104_1374579200.hdf5,1374575104.0,1374579200.0,H1,O4a,0.07576373964548111,77
1374576196.0,1374576228.0,E:\o4a\1374157312\H1_1374575104_1374579200.hdf5,1374575104.0,1374579200.0,H1,O4a,0.06548590958118439,77
1374576260.0,1374576292.0,E:\o4a\1374157312\H1_1374575104_1374579200.hdf5,1374575104.0,1374579200.0,H1,O4a,0.07672876864671707,77
1374576324.0,1374576356.0,E:\o4a\1374157312\H1_1374575104_1374579200.hdf5,1374575104.0,1374579200.0,H1,O4a,0.06063767895102501,77
1374576388.0,1374576420.0,E:\o4a\1374157312\H1_1374575104_1374579200.hdf5,1374575104.0,1374579200.0,H1,O4a,0.07700085639953613,77
1374576452.0,1374576484.0,E:\o4a\1374157312\H1_1374575104_1374579200.hdf5,1374575104.0,1374579200.0,H1,O4a,0.10658164322376251,77
1374576516.0,1374576548.0,E:\o4a\1374157312\H1_1374575104_1374579200.hdf5,1374575104.0,1374579200.0,H1,O4a,0.08378655463457108,77
1374576580.0,1374576612.0,E:\o4a\1374157312\H1_1374575104_1374579200.hdf5,1374575104.0,1374579200.0,H1,O4a,0.07816126942634583,77
1374674500.0,1374674532.0,E:\o4a\1374157312\H1_1374673408_1374675712.hdf5,1374673408.0,1374675712.0,H1,O4a,0.05611974373459816,78
1374674564.0,1374674596.0,E:\o4a\1374157312\H1_1374673408_1374675712.hdf5,1374673408.0,1374675712.0,H1,O4a,0.07325128465890884,78
1374674628.0,1374674660.0,E:\o4a\1374157312\H1_1374673408_1374675712.hdf5,1374673408.0,1374675712.0,H1,O4a,0.06061360612511635,78
1374674692.0,1374674724.0,E:\o4a\1374157312\H1_1374673408_1374675712.hdf5,1374673408.0,1374675712.0,H1,O4a,0.07266180962324142,78
1374674756.0,1374674788.0,E:\o4a\1374157312\H1_1374673408_1374675712.hdf5,1374673408.0,1374675712.0,H1,O4a,0.08099610358476639,78
1374674820.0,1374674852.0,E:\o4a\1374157312\H1_1374673408_1374675712.hdf5,1374673408.0,1374675712.0,H1,O4a,0.058662813156843185,78
1374674884.0,1374674916.0,E:\o4a\1374157312\H1_1374673408_1374675712.hdf5,1374673408.0,1374675712.0,H1,O4a,0.06688768416643143,78
1374674948.0,1374674980.0,E:\o4a\1374157312\H1_1374673408_1374675712.hdf5,1374673408.0,1374675712.0,H1,O4a,0.07304665446281433,78
1374675012.0,1374675044.0,E:\o4a\1374157312\H1_1374673408_1374675712.hdf5,1374673408.0,1374675712.0,H1,O4a,0.07496144622564316,78
1374675076.0,1374675108.0,E:\o4a\1374157312\H1_1374673408_1374675712.hdf5,1374673408.0,1374675712.0,H1,O4a,0.06258752942085266,78
1374675140.0,1374675172.0,E:\o4a\1374157312\H1_1374673408_1374675712.hdf5,1374673408.0,1374675712.0,H1,O4a,0.06740536540746689,78
1374675204.0,1374675236.0,E:\o4a\1374157312\H1_1374673408_1374675712.hdf5,1374673408.0,1374675712.0,H1,O4a,0.07372044026851654,78
1374675268.0,1374675300.0,E:\o4a\1374157312\H1_1374673408_1374675712.hdf5,1374673408.0,1374675712.0,H1,O4a,0.054908785969018936,78
1374675332.0,1374675364.0,E:\o4a\1374157312\H1_1374673408_1374675712.hdf5,1374673408.0,1374675712.0,H1,O4a,0.07050050050020218,78
1374675396.0,1374675428.0,E:\o4a\1374157312\H1_1374673408_1374675712.hdf5,1374673408.0,1374675712.0,H1,O4a,0.05490127205848694,78
1374675460.0,1374675492.0,E:\o4a\1374157312\H1_1374673408_1374675712.hdf5,1374673408.0,1374675712.0,H1,O4a,0.05694055184721947,78
1374675524.0,1374675556.0,E:\o4a\1374157312\H1_1374673408_1374675712.hdf5,1374673408.0,1374675712.0,H1,O4a,0.06578504294157028,78
1374762820.0,1374762852.0,E:\o4a\1374675712\H1_1374761728_1374765824.hdf5,1374761728.0,1374765824.0,H1,O4a,0.07167081534862518,80
1374762884.0,1374762916.0,E:\o4a\1374675712\H1_1374761728_1374765824.hdf5,1374761728.0,1374765824.0,H1,O4a,0.06502752751111984,80
1374762948.0,1374762980.0,E:\o4a\1374675712\H1_1374761728_1374765824.hdf5,1374761728.0,1374765824.0,H1,O4a,0.07353217899799347,80
1374763012.0,1374763044.0,E:\o4a\1374675712\H1_1374761728_1374765824.hdf5,1374761728.0,1374765824.0,H1,O4a,0.0786261111497879,80
1374763076.0,1374763108.0,E:\o4a\1374675712\H1_1374761728_1374765824.hdf5,1374761728.0,1374765824.0,H1,O4a,0.07876008003950119,80
1374763140.0,1374763172.0,E:\o4a\1374675712\H1_1374761728_1374765824.hdf5,1374761728.0,1374765824.0,H1,O4a,0.06814906001091003,80
1374763204.0,1374763236.0,E:\o4a\1374675712\H1_1374761728_1374765824.hdf5,1374761728.0,1374765824.0,H1,O4a,0.06561744958162308,80
1374763268.0,1374763300.0,E:\o4a\1374675712\H1_1374761728_1374765824.hdf5,1374761728.0,1374765824.0,H1,O4a,0.05868019536137581,80
1374763332.0,1374763364.0,E:\o4a\1374675712\H1_1374761728_1374765824.hdf5,1374761728.0,1374765824.0,H1,O4a,0.06881804764270782,80
1374763396.0,1374763428.0,E:\o4a\1374675712\H1_1374761728_1374765824.hdf5,1374761728.0,1374765824.0,H1,O4a,0.07558854669332504,80
1374763460.0,1374763492.0,E:\o4a\1374675712\H1_1374761728_1374765824.hdf5,1374761728.0,1374765824.0,H1,O4a,0.07658619433641434,80
1374763524.0,1374763556.0,E:\o4a\1374675712\H1_1374761728_1374765824.hdf5,1374761728.0,1374765824.0,H1,O4a,0.09624093770980835,80
1374763588.0,1374763620.0,E:\o4a\1374675712\H1_1374761728_1374765824.hdf5,1374761728.0,1374765824.0,H1,O4a,0.06062657758593559,80
1374763652.0,1374763684.0,E:\o4a\1374675712\H1_1374761728_1374765824.hdf5,1374761728.0,1374765824.0,H1,O4a,0.08956190943717957,80
1374763716.0,1374763748.0,E:\o4a\1374675712\H1_1374761728_1374765824.hdf5,1374761728.0,1374765824.0,H1,O4a,0.05540819093585014,80
1374763780.0,1374763812.0,E:\o4a\1374675712\H1_1374761728_1374765824.hdf5,1374761728.0,1374765824.0,H1,O4a,0.0663849487900734,80
1374763844.0,1374763876.0,E:\o4a\1374675712\H1_1374761728_1374765824.hdf5,1374761728.0,1374765824.0,H1,O4a,0.0735461413860321,80
1374802692.0,1374802724.0,E:\o4a\1374675712\H1_1374802688_1374806784.hdf5,1374802688.0,1374806784.0,H1,O4a,0.07772370427846909,81
1374802756.0,1374802788.0,E:\o4a\1374675712\H1_1374802688_1374806784.hdf5,1374802688.0,1374806784.0,H1,O4a,0.07894118130207062,81
1374802820.0,1374802852.0,E:\o4a\1374675712\H1_1374802688_1374806784.hdf5,1374802688.0,1374806784.0,H1,O4a,0.06848712265491486,81
1374802884.0,1374802916.0,E:\o4a\1374675712\H1_1374802688_1374806784.hdf5,1374802688.0,1374806784.0,H1,O4a,0.09003238379955292,81
1374802948.0,1374802980.0,E:\o4a\1374675712\H1_1374802688_1374806784.hdf5,1374802688.0,1374806784.0,H1,O4a,0.08214426040649414,81
1374803012.0,1374803044.0,E:\o4a\1374675712\H1_1374802688_1374806784.hdf5,1374802688.0,1374806784.0,H1,O4a,0.0569441020488739,81
1374803076.0,1374803108.0,E:\o4a\1374675712\H1_1374802688_1374806784.hdf5,1374802688.0,1374806784.0,H1,O4a,0.11857888102531433,81
1374803140.0,1374803172.0,E:\o4a\1374675712\H1_1374802688_1374806784.hdf5,1374802688.0,1374806784.0,H1,O4a,0.06664342433214188,81
1374803204.0,1374803236.0,E:\o4a\1374675712\H1_1374802688_1374806784.hdf5,1374802688.0,1374806784.0,H1,O4a,0.06761033087968826,81
1374803268.0,1374803300.0,E:\o4a\1374675712\H1_1374802688_1374806784.hdf5,1374802688.0,1374806784.0,H1,O4a,0.07165800780057907,81
1374803332.0,1374803364.0,E:\o4a\1374675712\H1_1374802688_1374806784.hdf5,1374802688.0,1374806784.0,H1,O4a,0.07178220897912979,81
1374803396.0,1374803428.0,E:\o4a\1374675712\H1_1374802688_1374806784.hdf5,1374802688.0,1374806784.0,H1,O4a,0.07235824316740036,81
1374803460.0,1374803492.0,E:\o4a\1374675712\H1_1374802688_1374806784.hdf5,1374802688.0,1374806784.0,H1,O4a,0.07037283480167389,81
1374803524.0,1374803556.0,E:\o4a\1374675712\H1_1374802688_1374806784.hdf5,1374802688.0,1374806784.0,H1,O4a,0.06359869986772537,81
1374803588.0,1374803620.0,E:\o4a\1374675712\H1_1374802688_1374806784.hdf5,1374802688.0,1374806784.0,H1,O4a,0.08153387904167175,81
1374803652.0,1374803684.0,E:\o4a\1374675712\H1_1374802688_1374806784.hdf5,1374802688.0,1374806784.0,H1,O4a,0.07404984533786774,81
1374803716.0,1374803748.0,E:\o4a\1374675712\H1_1374802688_1374806784.hdf5,1374802688.0,1374806784.0,H1,O4a,0.0751049742102623,81
1374873604.0,1374873636.0,E:\o4a\1374675712\H1_1374872320_1374876416.hdf5,1374872320.0,1374876416.0,H1,O4a,0.07973029464483261,82
1374873668.0,1374873700.0,E:\o4a\1374675712\H1_1374872320_1374876416.hdf5,1374872320.0,1374876416.0,H1,O4a,0.05723954737186432,82
1374873732.0,1374873764.0,E:\o4a\1374675712\H1_1374872320_1374876416.hdf5,1374872320.0,1374876416.0,H1,O4a,0.06615449488162994,82
1374873796.0,1374873828.0,E:\o4a\1374675712\H1_1374872320_1374876416.hdf5,1374872320.0,1374876416.0,H1,O4a,0.062304042279720306,82
1374873860.0,1374873892.0,E:\o4a\1374675712\H1_1374872320_1374876416.hdf5,1374872320.0,1374876416.0,H1,O4a,0.1146571934223175,82
1374873924.0,1374873956.0,E:\o4a\1374675712\H1_1374872320_1374876416.hdf5,1374872320.0,1374876416.0,H1,O4a,0.06124374642968178,82
1374873988.0,1374874020.0,E:\o4a\1374675712\H1_1374872320_1374876416.hdf5,1374872320.0,1374876416.0,H1,O4a,0.05761156231164932,82
1374874052.0,1374874084.0,E:\o4a\1374675712\H1_1374872320_1374876416.hdf5,1374872320.0,1374876416.0,H1,O4a,0.07274400442838669,82
1374874116.0,1374874148.0,E:\o4a\1374675712\H1_1374872320_1374876416.hdf5,1374872320.0,1374876416.0,H1,O4a,0.07024164497852325,82
1374874180.0,1374874212.0,E:\o4a\1374675712\H1_1374872320_1374876416.hdf5,1374872320.0,1374876416.0,H1,O4a,0.10362214595079422,82
1374874244.0,1374874276.0,E:\o4a\1374675712\H1_1374872320_1374876416.hdf5,1374872320.0,1374876416.0,H1,O4a,0.06834747642278671,82
1374874308.0,1374874340.0,E:\o4a\1374675712\H1_1374872320_1374876416.hdf5,1374872320.0,1374876416.0,H1,O4a,0.06298870593309402,82
1374874372.0,1374874404.0,E:\o4a\1374675712\H1_1374872320_1374876416.hdf5,1374872320.0,1374876416.0,H1,O4a,0.0561971552670002,82
1374874436.0,1374874468.0,E:\o4a\1374675712\H1_1374872320_1374876416.hdf5,1374872320.0,1374876416.0,H1,O4a,0.12321484833955765,82
1374874500.0,1374874532.0,E:\o4a\1374675712\H1_1374872320_1374876416.hdf5,1374872320.0,1374876416.0,H1,O4a,0.10094773769378662,82
1374874564.0,1374874596.0,E:\o4a\1374675712\H1_1374872320_1374876416.hdf5,1374872320.0,1374876416.0,H1,O4a,0.15421071648597717,82
1374874628.0,1374874660.0,E:\o4a\1374675712\H1_1374872320_1374876416.hdf5,1374872320.0,1374876416.0,H1,O4a,0.062039248645305634,82
1374917380.0,1374917412.0,E:\o4a\1374675712\H1_1374917376_1374921472.hdf5,1374917376.0,1374921472.0,H1,O4a,0.057912006974220276,83
1374917444.0,1374917476.0,E:\o4a\1374675712\H1_1374917376_1374921472.hdf5,1374917376.0,1374921472.0,H1,O4a,0.05848992243409157,83
1374917508.0,1374917540.0,E:\o4a\1374675712\H1_1374917376_1374921472.hdf5,1374917376.0,1374921472.0,H1,O4a,0.05800963193178177,83
1374917572.0,1374917604.0,E:\o4a\1374675712\H1_1374917376_1374921472.hdf5,1374917376.0,1374921472.0,H1,O4a,0.06662876158952713,83
1374917636.0,1374917668.0,E:\o4a\1374675712\H1_1374917376_1374921472.hdf5,1374917376.0,1374921472.0,H1,O4a,0.09074543416500092,83
1374917700.0,1374917732.0,E:\o4a\1374675712\H1_1374917376_1374921472.hdf5,1374917376.0,1374921472.0,H1,O4a,0.11810632050037384,83
1374917764.0,1374917796.0,E:\o4a\1374675712\H1_1374917376_1374921472.hdf5,1374917376.0,1374921472.0,H1,O4a,0.07477151602506638,83
1374917828.0,1374917860.0,E:\o4a\1374675712\H1_1374917376_1374921472.hdf5,1374917376.0,1374921472.0,H1,O4a,0.0717933177947998,83
1374917892.0,1374917924.0,E:\o4a\1374675712\H1_1374917376_1374921472.hdf5,1374917376.0,1374921472.0,H1,O4a,0.05906187742948532,83
1374917956.0,1374917988.0,E:\o4a\1374675712\H1_1374917376_1374921472.hdf5,1374917376.0,1374921472.0,H1,O4a,0.05895724892616272,83
1374918020.0,1374918052.0,E:\o4a\1374675712\H1_1374917376_1374921472.hdf5,1374917376.0,1374921472.0,H1,O4a,0.07625644654035568,83
1374918084.0,1374918116.0,E:\o4a\1374675712\H1_1374917376_1374921472.hdf5,1374917376.0,1374921472.0,H1,O4a,0.07686862349510193,83
1374918148.0,1374918180.0,E:\o4a\1374675712\H1_1374917376_1374921472.hdf5,1374917376.0,1374921472.0,H1,O4a,0.05724607780575752,83
1374918212.0,1374918244.0,E:\o4a\1374675712\H1_1374917376_1374921472.hdf5,1374917376.0,1374921472.0,H1,O4a,0.1080717220902443,83
1374918276.0,1374918308.0,E:\o4a\1374675712\H1_1374917376_1374921472.hdf5,1374917376.0,1374921472.0,H1,O4a,0.06852919608354568,83
1374918340.0,1374918372.0,E:\o4a\1374675712\H1_1374917376_1374921472.hdf5,1374917376.0,1374921472.0,H1,O4a,0.06721577793359756,83
1374918404.0,1374918436.0,E:\o4a\1374675712\H1_1374917376_1374921472.hdf5,1374917376.0,1374921472.0,H1,O4a,0.07769141346216202,83
1375004484.0,1375004516.0,E:\o4a\1374675712\H1_1375003392_1375007488.hdf5,1375003392.0,1375007488.0,H1,O4a,0.08020508289337158,84
1375004548.0,1375004580.0,E:\o4a\1374675712\H1_1375003392_1375007488.hdf5,1375003392.0,1375007488.0,H1,O4a,0.06780257076025009,84
1375004612.0,1375004644.0,E:\o4a\1374675712\H1_1375003392_1375007488.hdf5,1375003392.0,1375007488.0,H1,O4a,0.061627499759197235,84
1375004676.0,1375004708.0,E:\o4a\1374675712\H1_1375003392_1375007488.hdf5,1375003392.0,1375007488.0,H1,O4a,0.4532034695148468,84
1375004740.0,1375004772.0,E:\o4a\1374675712\H1_1375003392_1375007488.hdf5,1375003392.0,1375007488.0,H1,O4a,0.06536204367876053,84
1375004804.0,1375004836.0,E:\o4a\1374675712\H1_1375003392_1375007488.hdf5,1375003392.0,1375007488.0,H1,O4a,0.08396527171134949,84
1375004868.0,1375004900.0,E:\o4a\1374675712\H1_1375003392_1375007488.hdf5,1375003392.0,1375007488.0,H1,O4a,0.0997978076338768,84
1375004932.0,1375004964.0,E:\o4a\1374675712\H1_1375003392_1375007488.hdf5,1375003392.0,1375007488.0,H1,O4a,0.057231441140174866,84
1375004996.0,1375005028.0,E:\o4a\1374675712\H1_1375003392_1375007488.hdf5,1375003392.0,1375007488.0,H1,O4a,0.0659593716263771,84
1375005060.0,1375005092.0,E:\o4a\1374675712\H1_1375003392_1375007488.hdf5,1375003392.0,1375007488.0,H1,O4a,0.07066595554351807,84
1375005124.0,1375005156.0,E:\o4a\1374675712\H1_1375003392_1375007488.hdf5,1375003392.0,1375007488.0,H1,O4a,0.06998495757579803,84
1375005188.0,1375005220.0,E:\o4a\1374675712\H1_1375003392_1375007488.hdf5,1375003392.0,1375007488.0,H1,O4a,0.06754293292760849,84
1375005252.0,1375005284.0,E:\o4a\1374675712\H1_1375003392_1375007488.hdf5,1375003392.0,1375007488.0,H1,O4a,0.06070472300052643,84
1375005316.0,1375005348.0,E:\o4a\1374675712\H1_1375003392_1375007488.hdf5,1375003392.0,1375007488.0,H1,O4a,0.057322461158037186,84
1375005380.0,1375005412.0,E:\o4a\1374675712\H1_1375003392_1375007488.hdf5,1375003392.0,1375007488.0,H1,O4a,0.05965198576450348,84
1375005444.0,1375005476.0,E:\o4a\1374675712\H1_1375003392_1375007488.hdf5,1375003392.0,1375007488.0,H1,O4a,0.06001347675919533,84
1375005508.0,1375005540.0,E:\o4a\1374675712\H1_1375003392_1375007488.hdf5,1375003392.0,1375007488.0,H1,O4a,0.07536827772855759,84
1375070020.0,1375070052.0,E:\o4a\1374675712\H1_1375068928_1375073024.hdf5,1375068928.0,1375073024.0,H1,O4a,0.059166233986616135,85
1375070084.0,1375070116.0,E:\o4a\1374675712\H1_1375068928_1375073024.hdf5,1375068928.0,1375073024.0,H1,O4a,0.07123661041259766,85
1375070148.0,1375070180.0,E:\o4a\1374675712\H1_1375068928_1375073024.hdf5,1375068928.0,1375073024.0,H1,O4a,0.10754910856485367,85
1375070212.0,1375070244.0,E:\o4a\1374675712\H1_1375068928_1375073024.hdf5,1375068928.0,1375073024.0,H1,O4a,0.061713751405477524,85
1375070276.0,1375070308.0,E:\o4a\1374675712\H1_1375068928_1375073024.hdf5,1375068928.0,1375073024.0,H1,O4a,0.05767692252993584,85
1375070340.0,1375070372.0,E:\o4a\1374675712\H1_1375068928_1375073024.hdf5,1375068928.0,1375073024.0,H1,O4a,0.05827596038579941,85
1375070404.0,1375070436.0,E:\o4a\1374675712\H1_1375068928_1375073024.hdf5,1375068928.0,1375073024.0,H1,O4a,0.060509245842695236,85
1375070468.0,1375070500.0,E:\o4a\1374675712\H1_1375068928_1375073024.hdf5,1375068928.0,1375073024.0,H1,O4a,0.08213900029659271,85
1375070532.0,1375070564.0,E:\o4a\1374675712\H1_1375068928_1375073024.hdf5,1375068928.0,1375073024.0,H1,O4a,0.06937646865844727,85
1375070596.0,1375070628.0,E:\o4a\1374675712\H1_1375068928_1375073024.hdf5,1375068928.0,1375073024.0,H1,O4a,0.0601007379591465,85
1375070660.0,1375070692.0,E:\o4a\1374675712\H1_1375068928_1375073024.hdf5,1375068928.0,1375073024.0,H1,O4a,0.06713081896305084,85
1375070724.0,1375070756.0,E:\o4a\1374675712\H1_1375068928_1375073024.hdf5,1375068928.0,1375073024.0,H1,O4a,0.07216104865074158,85
1375070788.0,1375070820.0,E:\o4a\1374675712\H1_1375068928_1375073024.hdf5,1375068928.0,1375073024.0,H1,O4a,0.11856824159622192,85
1375070852.0,1375070884.0,E:\o4a\1374675712\H1_1375068928_1375073024.hdf5,1375068928.0,1375073024.0,H1,O4a,0.06851283460855484,85
1375070916.0,1375070948.0,E:\o4a\1374675712\H1_1375068928_1375073024.hdf5,1375068928.0,1375073024.0,H1,O4a,0.06084561347961426,85
1375070980.0,1375071012.0,E:\o4a\1374675712\H1_1375068928_1375073024.hdf5,1375068928.0,1375073024.0,H1,O4a,0.06153193488717079,85
1375071044.0,1375071076.0,E:\o4a\1374675712\H1_1375068928_1375073024.hdf5,1375068928.0,1375073024.0,H1,O4a,0.06582312285900116,85
1375113988.0,1375114020.0,E:\o4a\1374675712\H1_1375113984_1375118080.hdf5,1375113984.0,1375118080.0,H1,O4a,0.07167885452508926,86
1375114052.0,1375114084.0,E:\o4a\1374675712\H1_1375113984_1375118080.hdf5,1375113984.0,1375118080.0,H1,O4a,0.06617432832717896,86
1375114116.0,1375114148.0,E:\o4a\1374675712\H1_1375113984_1375118080.hdf5,1375113984.0,1375118080.0,H1,O4a,0.06208430230617523,86
1375114180.0,1375114212.0,E:\o4a\1374675712\H1_1375113984_1375118080.hdf5,1375113984.0,1375118080.0,H1,O4a,0.062167081981897354,86
1375114244.0,1375114276.0,E:\o4a\1374675712\H1_1375113984_1375118080.hdf5,1375113984.0,1375118080.0,H1,O4a,0.06420152634382248,86
1375114308.0,1375114340.0,E:\o4a\1374675712\H1_1375113984_1375118080.hdf5,1375113984.0,1375118080.0,H1,O4a,0.06819824874401093,86
1375114372.0,1375114404.0,E:\o4a\1374675712\H1_1375113984_1375118080.hdf5,1375113984.0,1375118080.0,H1,O4a,0.05984119698405266,86
1375114436.0,1375114468.0,E:\o4a\1374675712\H1_1375113984_1375118080.hdf5,1375113984.0,1375118080.0,H1,O4a,0.06983871012926102,86
1375114500.0,1375114532.0,E:\o4a\1374675712\H1_1375113984_1375118080.hdf5,1375113984.0,1375118080.0,H1,O4a,0.41533130407333374,86
1375114564.0,1375114596.0,E:\o4a\1374675712\H1_1375113984_1375118080.hdf5,1375113984.0,1375118080.0,H1,O4a,0.0665946677327156,86
1375114628.0,1375114660.0,E:\o4a\1374675712\H1_1375113984_1375118080.hdf5,1375113984.0,1375118080.0,H1,O4a,0.06824345886707306,86
1375114692.0,1375114724.0,E:\o4a\1374675712\H1_1375113984_1375118080.hdf5,1375113984.0,1375118080.0,H1,O4a,0.09025391191244125,86
1375114756.0,1375114788.0,E:\o4a\1374675712\H1_1375113984_1375118080.hdf5,1375113984.0,1375118080.0,H1,O4a,0.07473661005496979,86
1375114820.0,1375114852.0,E:\o4a\1374675712\H1_1375113984_1375118080.hdf5,1375113984.0,1375118080.0,H1,O4a,0.0634249821305275,86
1375114884.0,1375114916.0,E:\o4a\1374675712\H1_1375113984_1375118080.hdf5,1375113984.0,1375118080.0,H1,O4a,0.07974716275930405,86
1375114948.0,1375114980.0,E:\o4a\1374675712\H1_1375113984_1375118080.hdf5,1375113984.0,1375118080.0,H1,O4a,0.07374782115221024,86
1375115012.0,1375115044.0,E:\o4a\1374675712\H1_1375113984_1375118080.hdf5,1375113984.0,1375118080.0,H1,O4a,0.05637755244970322,86
1375180612.0,1375180644.0,E:\o4a\1374675712\H1_1375179520_1375183616.hdf5,1375179520.0,1375183616.0,H1,O4a,0.4253131151199341,87
1375180676.0,1375180708.0,E:\o4a\1374675712\H1_1375179520_1375183616.hdf5,1375179520.0,1375183616.0,H1,O4a,0.058611612766981125,87
1375180740.0,1375180772.0,E:\o4a\1374675712\H1_1375179520_1375183616.hdf5,1375179520.0,1375183616.0,H1,O4a,0.06952057033777237,87
1375180804.0,1375180836.0,E:\o4a\1374675712\H1_1375179520_1375183616.hdf5,1375179520.0,1375183616.0,H1,O4a,0.059238251298666,87
1375180868.0,1375180900.0,E:\o4a\1374675712\H1_1375179520_1375183616.hdf5,1375179520.0,1375183616.0,H1,O4a,0.06738018244504929,87
1375180932.0,1375180964.0,E:\o4a\1374675712\H1_1375179520_1375183616.hdf5,1375179520.0,1375183616.0,H1,O4a,0.06758315116167068,87
1375180996.0,1375181028.0,E:\o4a\1374675712\H1_1375179520_1375183616.hdf5,1375179520.0,1375183616.0,H1,O4a,0.053246431052684784,87
1375181060.0,1375181092.0,E:\o4a\1374675712\H1_1375179520_1375183616.hdf5,1375179520.0,1375183616.0,H1,O4a,0.05950648710131645,87
1375181124.0,1375181156.0,E:\o4a\1374675712\H1_1375179520_1375183616.hdf5,1375179520.0,1375183616.0,H1,O4a,0.06771785020828247,87
1375181188.0,1375181220.0,E:\o4a\1374675712\H1_1375179520_1375183616.hdf5,1375179520.0,1375183616.0,H1,O4a,0.0653989389538765,87
1375181252.0,1375181284.0,E:\o4a\1374675712\H1_1375179520_1375183616.hdf5,1375179520.0,1375183616.0,H1,O4a,0.054457273334264755,87
1375181316.0,1375181348.0,E:\o4a\1374675712\H1_1375179520_1375183616.hdf5,1375179520.0,1375183616.0,H1,O4a,0.08066187053918839,87
1375181380.0,1375181412.0,E:\o4a\1374675712\H1_1375179520_1375183616.hdf5,1375179520.0,1375183616.0,H1,O4a,0.056504156440496445,87
1375181444.0,1375181476.0,E:\o4a\1374675712\H1_1375179520_1375183616.hdf5,1375179520.0,1375183616.0,H1,O4a,0.05681456997990608,87
1375181508.0,1375181540.0,E:\o4a\1374675712\H1_1375179520_1375183616.hdf5,1375179520.0,1375183616.0,H1,O4a,0.05563170835375786,87
1375181572.0,1375181604.0,E:\o4a\1374675712\H1_1375179520_1375183616.hdf5,1375179520.0,1375183616.0,H1,O4a,0.05451980233192444,87
1375181636.0,1375181668.0,E:\o4a\1374675712\H1_1375179520_1375183616.hdf5,1375179520.0,1375183616.0,H1,O4a,0.06055516377091408,87
1375220868.0,1375220900.0,E:\o4a\1375194112\H1_1375218688_1375222784.hdf5,1375218688.0,1375222784.0,H1,O4a,0.06669706106185913,88
1375220932.0,1375220964.0,E:\o4a\1375194112\H1_1375218688_1375222784.hdf5,1375218688.0,1375222784.0,H1,O4a,0.072982057929039,88
1375220996.0,1375221028.0,E:\o4a\1375194112\H1_1375218688_1375222784.hdf5,1375218688.0,1375222784.0,H1,O4a,0.10334528982639313,88
1375221060.0,1375221092.0,E:\o4a\1375194112\H1_1375218688_1375222784.hdf5,1375218688.0,1375222784.0,H1,O4a,0.06324199587106705,88
1375221124.0,1375221156.0,E:\o4a\1375194112\H1_1375218688_1375222784.hdf5,1375218688.0,1375222784.0,H1,O4a,0.062332965433597565,88
1375221188.0,1375221220.0,E:\o4a\1375194112\H1_1375218688_1375222784.hdf5,1375218688.0,1375222784.0,H1,O4a,0.06589967757463455,88
1375221252.0,1375221284.0,E:\o4a\1375194112\H1_1375218688_1375222784.hdf5,1375218688.0,1375222784.0,H1,O4a,0.06261451542377472,88
1375221316.0,1375221348.0,E:\o4a\1375194112\H1_1375218688_1375222784.hdf5,1375218688.0,1375222784.0,H1,O4a,0.0647890493273735,88
1375221380.0,1375221412.0,E:\o4a\1375194112\H1_1375218688_1375222784.hdf5,1375218688.0,1375222784.0,H1,O4a,0.06570086628198624,88
1375221444.0,1375221476.0,E:\o4a\1375194112\H1_1375218688_1375222784.hdf5,1375218688.0,1375222784.0,H1,O4a,0.06425736099481583,88
1375221508.0,1375221540.0,E:\o4a\1375194112\H1_1375218688_1375222784.hdf5,1375218688.0,1375222784.0,H1,O4a,0.06795281916856766,88
1375221572.0,1375221604.0,E:\o4a\1375194112\H1_1375218688_1375222784.hdf5,1375218688.0,1375222784.0,H1,O4a,0.07017256319522858,88
1375221636.0,1375221668.0,E:\o4a\1375194112\H1_1375218688_1375222784.hdf5,1375218688.0,1375222784.0,H1,O4a,0.0685046836733818,88
1375221700.0,1375221732.0,E:\o4a\1375194112\H1_1375218688_1375222784.hdf5,1375218688.0,1375222784.0,H1,O4a,0.06928802281618118,88
1375221764.0,1375221796.0,E:\o4a\1375194112\H1_1375218688_1375222784.hdf5,1375218688.0,1375222784.0,H1,O4a,0.06774039566516876,88
1375221828.0,1375221860.0,E:\o4a\1375194112\H1_1375218688_1375222784.hdf5,1375218688.0,1375222784.0,H1,O4a,0.07946372777223587,88
1375221892.0,1375221924.0,E:\o4a\1375194112\H1_1375218688_1375222784.hdf5,1375218688.0,1375222784.0,H1,O4a,0.05983847752213478,88
1375265924.0,1375265956.0,E:\o4a\1375194112\H1_1375263744_1375267840.hdf5,1375263744.0,1375267840.0,H1,O4a,0.08254976570606232,89
1375265988.0,1375266020.0,E:\o4a\1375194112\H1_1375263744_1375267840.hdf5,1375263744.0,1375267840.0,H1,O4a,0.08911223709583282,89
1375266052.0,1375266084.0,E:\o4a\1375194112\H1_1375263744_1375267840.hdf5,1375263744.0,1375267840.0,H1,O4a,0.056401465088129044,89
1375266116.0,1375266148.0,E:\o4a\1375194112\H1_1375263744_1375267840.hdf5,1375263744.0,1375267840.0,H1,O4a,0.07504450529813766,89
1375266180.0,1375266212.0,E:\o4a\1375194112\H1_1375263744_1375267840.hdf5,1375263744.0,1375267840.0,H1,O4a,0.07937686145305634,89
1375266244.0,1375266276.0,E:\o4a\1375194112\H1_1375263744_1375267840.hdf5,1375263744.0,1375267840.0,H1,O4a,0.05388433858752251,89
1375266308.0,1375266340.0,E:\o4a\1375194112\H1_1375263744_1375267840.hdf5,1375263744.0,1375267840.0,H1,O4a,0.06944888085126877,89
1375266372.0,1375266404.0,E:\o4a\1375194112\H1_1375263744_1375267840.hdf5,1375263744.0,1375267840.0,H1,O4a,0.07748156040906906,89
1375266436.0,1375266468.0,E:\o4a\1375194112\H1_1375263744_1375267840.hdf5,1375263744.0,1375267840.0,H1,O4a,0.06135500967502594,89
1375266500.0,1375266532.0,E:\o4a\1375194112\H1_1375263744_1375267840.hdf5,1375263744.0,1375267840.0,H1,O4a,0.05837588384747505,89
1375266564.0,1375266596.0,E:\o4a\1375194112\H1_1375263744_1375267840.hdf5,1375263744.0,1375267840.0,H1,O4a,0.06052142009139061,89
1375266628.0,1375266660.0,E:\o4a\1375194112\H1_1375263744_1375267840.hdf5,1375263744.0,1375267840.0,H1,O4a,0.09574656188488007,89
1375266692.0,1375266724.0,E:\o4a\1375194112\H1_1375263744_1375267840.hdf5,1375263744.0,1375267840.0,H1,O4a,0.06002180650830269,89
1375266756.0,1375266788.0,E:\o4a\1375194112\H1_1375263744_1375267840.hdf5,1375263744.0,1375267840.0,H1,O4a,0.12132905423641205,89
1375266820.0,1375266852.0,E:\o4a\1375194112\H1_1375263744_1375267840.hdf5,1375263744.0,1375267840.0,H1,O4a,0.0907321572303772,89
1375266884.0,1375266916.0,E:\o4a\1375194112\H1_1375263744_1375267840.hdf5,1375263744.0,1375267840.0,H1,O4a,0.06144499033689499,89
1375266948.0,1375266980.0,E:\o4a\1375194112\H1_1375263744_1375267840.hdf5,1375263744.0,1375267840.0,H1,O4a,0.07650728523731232,89
1375314756.0,1375314788.0,E:\o4a\1375194112\H1_1375312896_1375316992.hdf5,1375312896.0,1375316992.0,H1,O4a,0.06321806460618973,90
1375314820.0,1375314852.0,E:\o4a\1375194112\H1_1375312896_1375316992.hdf5,1375312896.0,1375316992.0,H1,O4a,0.06081430986523628,90
1375314884.0,1375314916.0,E:\o4a\1375194112\H1_1375312896_1375316992.hdf5,1375312896.0,1375316992.0,H1,O4a,0.059401314705610275,90
1375314948.0,1375314980.0,E:\o4a\1375194112\H1_1375312896_1375316992.hdf5,1375312896.0,1375316992.0,H1,O4a,0.05800250172615051,90
1375315012.0,1375315044.0,E:\o4a\1375194112\H1_1375312896_1375316992.hdf5,1375312896.0,1375316992.0,H1,O4a,0.06498634070158005,90
1375315076.0,1375315108.0,E:\o4a\1375194112\H1_1375312896_1375316992.hdf5,1375312896.0,1375316992.0,H1,O4a,0.06708674877882004,90
1375315140.0,1375315172.0,E:\o4a\1375194112\H1_1375312896_1375316992.hdf5,1375312896.0,1375316992.0,H1,O4a,0.05960040166974068,90
1375315204.0,1375315236.0,E:\o4a\1375194112\H1_1375312896_1375316992.hdf5,1375312896.0,1375316992.0,H1,O4a,0.05400700494647026,90
1375315268.0,1375315300.0,E:\o4a\1375194112\H1_1375312896_1375316992.hdf5,1375312896.0,1375316992.0,H1,O4a,0.05538194254040718,90
1375315332.0,1375315364.0,E:\o4a\1375194112\H1_1375312896_1375316992.hdf5,1375312896.0,1375316992.0,H1,O4a,0.06913544237613678,90
1375315396.0,1375315428.0,E:\o4a\1375194112\H1_1375312896_1375316992.hdf5,1375312896.0,1375316992.0,H1,O4a,0.05959822237491608,90
1375315460.0,1375315492.0,E:\o4a\1375194112\H1_1375312896_1375316992.hdf5,1375312896.0,1375316992.0,H1,O4a,0.09520989656448364,90
1375315524.0,1375315556.0,E:\o4a\1375194112\H1_1375312896_1375316992.hdf5,1375312896.0,1375316992.0,H1,O4a,0.059963323175907135,90
1375315588.0,1375315620.0,E:\o4a\1375194112\H1_1375312896_1375316992.hdf5,1375312896.0,1375316992.0,H1,O4a,0.08319982141256332,90
1375315652.0,1375315684.0,E:\o4a\1375194112\H1_1375312896_1375316992.hdf5,1375312896.0,1375316992.0,H1,O4a,0.05770628899335861,90
1375315716.0,1375315748.0,E:\o4a\1375194112\H1_1375312896_1375316992.hdf5,1375312896.0,1375316992.0,H1,O4a,0.05932532995939255,90
1375315780.0,1375315812.0,E:\o4a\1375194112\H1_1375312896_1375316992.hdf5,1375312896.0,1375316992.0,H1,O4a,0.05808265879750252,90
1375393284.0,1375393316.0,E:\o4a\1375194112\H1_1375390720_1375394816.hdf5,1375390720.0,1375394816.0,H1,O4a,0.07277596741914749,91
1375393348.0,1375393380.0,E:\o4a\1375194112\H1_1375390720_1375394816.hdf5,1375390720.0,1375394816.0,H1,O4a,0.0607207790017128,91
1375393412.0,1375393444.0,E:\o4a\1375194112\H1_1375390720_1375394816.hdf5,1375390720.0,1375394816.0,H1,O4a,0.06641168892383575,91
1375393476.0,1375393508.0,E:\o4a\1375194112\H1_1375390720_1375394816.hdf5,1375390720.0,1375394816.0,H1,O4a,0.061203766614198685,91
1375393540.0,1375393572.0,E:\o4a\1375194112\H1_1375390720_1375394816.hdf5,1375390720.0,1375394816.0,H1,O4a,0.0610305555164814,91
1375393604.0,1375393636.0,E:\o4a\1375194112\H1_1375390720_1375394816.hdf5,1375390720.0,1375394816.0,H1,O4a,0.057635121047496796,91
1375393668.0,1375393700.0,E:\o4a\1375194112\H1_1375390720_1375394816.hdf5,1375390720.0,1375394816.0,H1,O4a,0.09180469065904617,91
1375393732.0,1375393764.0,E:\o4a\1375194112\H1_1375390720_1375394816.hdf5,1375390720.0,1375394816.0,H1,O4a,0.05795537307858467,91
1375393796.0,1375393828.0,E:\o4a\1375194112\H1_1375390720_1375394816.hdf5,1375390720.0,1375394816.0,H1,O4a,0.06579656898975372,91
1375393860.0,1375393892.0,E:\o4a\1375194112\H1_1375390720_1375394816.hdf5,1375390720.0,1375394816.0,H1,O4a,0.05748304724693298,91
1375393924.0,1375393956.0,E:\o4a\1375194112\H1_1375390720_1375394816.hdf5,1375390720.0,1375394816.0,H1,O4a,0.4245512783527374,91
1375393988.0,1375394020.0,E:\o4a\1375194112\H1_1375390720_1375394816.hdf5,1375390720.0,1375394816.0,H1,O4a,0.06040274351835251,91
1375394052.0,1375394084.0,E:\o4a\1375194112\H1_1375390720_1375394816.hdf5,1375390720.0,1375394816.0,H1,O4a,0.059179503470659256,91
1375394116.0,1375394148.0,E:\o4a\1375194112\H1_1375390720_1375394816.hdf5,1375390720.0,1375394816.0,H1,O4a,0.05573800206184387,91
1375394180.0,1375394212.0,E:\o4a\1375194112\H1_1375390720_1375394816.hdf5,1375390720.0,1375394816.0,H1,O4a,0.05779295042157173,91
1375394244.0,1375394276.0,E:\o4a\1375194112\H1_1375390720_1375394816.hdf5,1375390720.0,1375394816.0,H1,O4a,0.06188155710697174,91
1375394308.0,1375394340.0,E:\o4a\1375194112\H1_1375390720_1375394816.hdf5,1375390720.0,1375394816.0,H1,O4a,0.0788113996386528,91
1375694916.0,1375694948.0,E:\o4a\1375194112\H1_1375693824_1375697920.hdf5,1375693824.0,1375697920.0,H1,O4a,0.05574163794517517,95
1375694980.0,1375695012.0,E:\o4a\1375194112\H1_1375693824_1375697920.hdf5,1375693824.0,1375697920.0,H1,O4a,0.06938227266073227,95
1375695044.0,1375695076.0,E:\o4a\1375194112\H1_1375693824_1375697920.hdf5,1375693824.0,1375697920.0,H1,O4a,0.0989689826965332,95
1375695108.0,1375695140.0,E:\o4a\1375194112\H1_1375693824_1375697920.hdf5,1375693824.0,1375697920.0,H1,O4a,0.09089213609695435,95
1375695172.0,1375695204.0,E:\o4a\1375194112\H1_1375693824_1375697920.hdf5,1375693824.0,1375697920.0,H1,O4a,0.11590636521577835,95
1375695236.0,1375695268.0,E:\o4a\1375194112\H1_1375693824_1375697920.hdf5,1375693824.0,1375697920.0,H1,O4a,0.12068492919206619,95
1375695300.0,1375695332.0,E:\o4a\1375194112\H1_1375693824_1375697920.hdf5,1375693824.0,1375697920.0,H1,O4a,0.10474752634763718,95
1375695364.0,1375695396.0,E:\o4a\1375194112\H1_1375693824_1375697920.hdf5,1375693824.0,1375697920.0,H1,O4a,0.11950992047786713,95
1375695428.0,1375695460.0,E:\o4a\1375194112\H1_1375693824_1375697920.hdf5,1375693824.0,1375697920.0,H1,O4a,0.060541000217199326,95
1375695492.0,1375695524.0,E:\o4a\1375194112\H1_1375693824_1375697920.hdf5,1375693824.0,1375697920.0,H1,O4a,0.06780771911144257,95
1375695556.0,1375695588.0,E:\o4a\1375194112\H1_1375693824_1375697920.hdf5,1375693824.0,1375697920.0,H1,O4a,0.056115925312042236,95
1375695620.0,1375695652.0,E:\o4a\1375194112\H1_1375693824_1375697920.hdf5,1375693824.0,1375697920.0,H1,O4a,0.05890998989343643,95
1375695684.0,1375695716.0,E:\o4a\1375194112\H1_1375693824_1375697920.hdf5,1375693824.0,1375697920.0,H1,O4a,0.06801644712686539,95
1375695748.0,1375695780.0,E:\o4a\1375194112\H1_1375693824_1375697920.hdf5,1375693824.0,1375697920.0,H1,O4a,0.07191024720668793,95
1375695812.0,1375695844.0,E:\o4a\1375194112\H1_1375693824_1375697920.hdf5,1375693824.0,1375697920.0,H1,O4a,0.05398175120353699,95
1375695876.0,1375695908.0,E:\o4a\1375194112\H1_1375693824_1375697920.hdf5,1375693824.0,1375697920.0,H1,O4a,0.05627874284982681,95
1375695940.0,1375695972.0,E:\o4a\1375194112\H1_1375693824_1375697920.hdf5,1375693824.0,1375697920.0,H1,O4a,0.05745724216103554,95
1375788420.0,1375788452.0,E:\o4a\1375712512\H1_1375786240_1375790336.hdf5,1375786240.0,1375790336.0,H1,O4a,0.07145272195339203,96
1375788484.0,1375788516.0,E:\o4a\1375712512\H1_1375786240_1375790336.hdf5,1375786240.0,1375790336.0,H1,O4a,0.07718639820814133,96
1375788548.0,1375788580.0,E:\o4a\1375712512\H1_1375786240_1375790336.hdf5,1375786240.0,1375790336.0,H1,O4a,0.06112435832619667,96
1375788612.0,1375788644.0,E:\o4a\1375712512\H1_1375786240_1375790336.hdf5,1375786240.0,1375790336.0,H1,O4a,0.0808594673871994,96
1375788676.0,1375788708.0,E:\o4a\1375712512\H1_1375786240_1375790336.hdf5,1375786240.0,1375790336.0,H1,O4a,0.07976028323173523,96
1375788740.0,1375788772.0,E:\o4a\1375712512\H1_1375786240_1375790336.hdf5,1375786240.0,1375790336.0,H1,O4a,0.06395645439624786,96
1375788804.0,1375788836.0,E:\o4a\1375712512\H1_1375786240_1375790336.hdf5,1375786240.0,1375790336.0,H1,O4a,0.05847303941845894,96
1375788868.0,1375788900.0,E:\o4a\1375712512\H1_1375786240_1375790336.hdf5,1375786240.0,1375790336.0,H1,O4a,0.053858909755945206,96
1375788932.0,1375788964.0,E:\o4a\1375712512\H1_1375786240_1375790336.hdf5,1375786240.0,1375790336.0,H1,O4a,0.05598009377717972,96
1375788996.0,1375789028.0,E:\o4a\1375712512\H1_1375786240_1375790336.hdf5,1375786240.0,1375790336.0,H1,O4a,0.060432519763708115,96
1375789060.0,1375789092.0,E:\o4a\1375712512\H1_1375786240_1375790336.hdf5,1375786240.0,1375790336.0,H1,O4a,0.06063520908355713,96
1375789124.0,1375789156.0,E:\o4a\1375712512\H1_1375786240_1375790336.hdf5,1375786240.0,1375790336.0,H1,O4a,0.06864567846059799,96
1375789188.0,1375789220.0,E:\o4a\1375712512\H1_1375786240_1375790336.hdf5,1375786240.0,1375790336.0,H1,O4a,0.05832386761903763,96
1375789252.0,1375789284.0,E:\o4a\1375712512\H1_1375786240_1375790336.hdf5,1375786240.0,1375790336.0,H1,O4a,0.0595773309469223,96
1375789316.0,1375789348.0,E:\o4a\1375712512\H1_1375786240_1375790336.hdf5,1375786240.0,1375790336.0,H1,O4a,0.06540936231613159,96
1375789380.0,1375789412.0,E:\o4a\1375712512\H1_1375786240_1375790336.hdf5,1375786240.0,1375790336.0,H1,O4a,0.06058109551668167,96
1375789444.0,1375789476.0,E:\o4a\1375712512\H1_1375786240_1375790336.hdf5,1375786240.0,1375790336.0,H1,O4a,0.055441275238990784,96
1375868164.0,1375868196.0,E:\o4a\1375712512\H1_1375868160_1375872256.hdf5,1375868160.0,1375872256.0,H1,O4a,0.050858236849308014,97
1375868228.0,1375868260.0,E:\o4a\1375712512\H1_1375868160_1375872256.hdf5,1375868160.0,1375872256.0,H1,O4a,0.056802891194820404,97
1375868292.0,1375868324.0,E:\o4a\1375712512\H1_1375868160_1375872256.hdf5,1375868160.0,1375872256.0,H1,O4a,0.05644145607948303,97
1375868356.0,1375868388.0,E:\o4a\1375712512\H1_1375868160_1375872256.hdf5,1375868160.0,1375872256.0,H1,O4a,0.058532699942588806,97
1375868420.0,1375868452.0,E:\o4a\1375712512\H1_1375868160_1375872256.hdf5,1375868160.0,1375872256.0,H1,O4a,0.06584823876619339,97
1375868484.0,1375868516.0,E:\o4a\1375712512\H1_1375868160_1375872256.hdf5,1375868160.0,1375872256.0,H1,O4a,0.07337727397680283,97
1375868548.0,1375868580.0,E:\o4a\1375712512\H1_1375868160_1375872256.hdf5,1375868160.0,1375872256.0,H1,O4a,0.06736044585704803,97
1375868612.0,1375868644.0,E:\o4a\1375712512\H1_1375868160_1375872256.hdf5,1375868160.0,1375872256.0,H1,O4a,0.064374640583992,97
1375868676.0,1375868708.0,E:\o4a\1375712512\H1_1375868160_1375872256.hdf5,1375868160.0,1375872256.0,H1,O4a,0.053587984293699265,97
1375868740.0,1375868772.0,E:\o4a\1375712512\H1_1375868160_1375872256.hdf5,1375868160.0,1375872256.0,H1,O4a,0.42594248056411743,97
1375868804.0,1375868836.0,E:\o4a\1375712512\H1_1375868160_1375872256.hdf5,1375868160.0,1375872256.0,H1,O4a,0.06610863655805588,97
1375868868.0,1375868900.0,E:\o4a\1375712512\H1_1375868160_1375872256.hdf5,1375868160.0,1375872256.0,H1,O4a,0.06579417735338211,97
1375868932.0,1375868964.0,E:\o4a\1375712512\H1_1375868160_1375872256.hdf5,1375868160.0,1375872256.0,H1,O4a,0.05466662719845772,97
1375868996.0,1375869028.0,E:\o4a\1375712512\H1_1375868160_1375872256.hdf5,1375868160.0,1375872256.0,H1,O4a,0.06245635449886322,97
1375869060.0,1375869092.0,E:\o4a\1375712512\H1_1375868160_1375872256.hdf5,1375868160.0,1375872256.0,H1,O4a,0.06299778819084167,97
1375869124.0,1375869156.0,E:\o4a\1375712512\H1_1375868160_1375872256.hdf5,1375868160.0,1375872256.0,H1,O4a,0.07147923111915588,97
1375869188.0,1375869220.0,E:\o4a\1375712512\H1_1375868160_1375872256.hdf5,1375868160.0,1375872256.0,H1,O4a,0.06396163254976273,97
1375947076.0,1375947108.0,E:\o4a\1375712512\H1_1375945984_1375950080.hdf5,1375945984.0,1375950080.0,H1,O4a,0.05935085564851761,98
1375947140.0,1375947172.0,E:\o4a\1375712512\H1_1375945984_1375950080.hdf5,1375945984.0,1375950080.0,H1,O4a,0.09175673872232437,98
1375947204.0,1375947236.0,E:\o4a\1375712512\H1_1375945984_1375950080.hdf5,1375945984.0,1375950080.0,H1,O4a,0.0598197840154171,98
1375947268.0,1375947300.0,E:\o4a\1375712512\H1_1375945984_1375950080.hdf5,1375945984.0,1375950080.0,H1,O4a,0.07357903569936752,98
1375947332.0,1375947364.0,E:\o4a\1375712512\H1_1375945984_1375950080.hdf5,1375945984.0,1375950080.0,H1,O4a,0.10390723496675491,98
1375947396.0,1375947428.0,E:\o4a\1375712512\H1_1375945984_1375950080.hdf5,1375945984.0,1375950080.0,H1,O4a,0.08924107998609543,98
1375947460.0,1375947492.0,E:\o4a\1375712512\H1_1375945984_1375950080.hdf5,1375945984.0,1375950080.0,H1,O4a,0.060523007065057755,98
1375947524.0,1375947556.0,E:\o4a\1375712512\H1_1375945984_1375950080.hdf5,1375945984.0,1375950080.0,H1,O4a,0.09432906657457352,98
1375947588.0,1375947620.0,E:\o4a\1375712512\H1_1375945984_1375950080.hdf5,1375945984.0,1375950080.0,H1,O4a,0.07237377017736435,98
1375947652.0,1375947684.0,E:\o4a\1375712512\H1_1375945984_1375950080.hdf5,1375945984.0,1375950080.0,H1,O4a,0.05932701379060745,98
1375947716.0,1375947748.0,E:\o4a\1375712512\H1_1375945984_1375950080.hdf5,1375945984.0,1375950080.0,H1,O4a,0.05676552653312683,98
1375947780.0,1375947812.0,E:\o4a\1375712512\H1_1375945984_1375950080.hdf5,1375945984.0,1375950080.0,H1,O4a,0.055911459028720856,98
1375947844.0,1375947876.0,E:\o4a\1375712512\H1_1375945984_1375950080.hdf5,1375945984.0,1375950080.0,H1,O4a,0.07272124290466309,98
1375947908.0,1375947940.0,E:\o4a\1375712512\H1_1375945984_1375950080.hdf5,1375945984.0,1375950080.0,H1,O4a,0.09126424789428711,98
1375947972.0,1375948004.0,E:\o4a\1375712512\H1_1375945984_1375950080.hdf5,1375945984.0,1375950080.0,H1,O4a,0.05901925638318062,98
1375948036.0,1375948068.0,E:\o4a\1375712512\H1_1375945984_1375950080.hdf5,1375945984.0,1375950080.0,H1,O4a,0.05897699296474457,98
1375948100.0,1375948132.0,E:\o4a\1375712512\H1_1375945984_1375950080.hdf5,1375945984.0,1375950080.0,H1,O4a,0.07957624644041061,98
1376011524.0,1376011556.0,E:\o4a\1375712512\H1_1376011520_1376015616.hdf5,1376011520.0,1376015616.0,H1,O4a,0.060767076909542084,99
1376011588.0,1376011620.0,E:\o4a\1375712512\H1_1376011520_1376015616.hdf5,1376011520.0,1376015616.0,H1,O4a,0.0649624690413475,99
1376011652.0,1376011684.0,E:\o4a\1375712512\H1_1376011520_1376015616.hdf5,1376011520.0,1376015616.0,H1,O4a,0.05736907199025154,99
1376011716.0,1376011748.0,E:\o4a\1375712512\H1_1376011520_1376015616.hdf5,1376011520.0,1376015616.0,H1,O4a,0.05905917286872864,99
1376011780.0,1376011812.0,E:\o4a\1375712512\H1_1376011520_1376015616.hdf5,1376011520.0,1376015616.0,H1,O4a,0.09342676401138306,99
1376011844.0,1376011876.0,E:\o4a\1375712512\H1_1376011520_1376015616.hdf5,1376011520.0,1376015616.0,H1,O4a,0.05675347521901131,99
1376011908.0,1376011940.0,E:\o4a\1375712512\H1_1376011520_1376015616.hdf5,1376011520.0,1376015616.0,H1,O4a,0.061323195695877075,99
1376011972.0,1376012004.0,E:\o4a\1375712512\H1_1376011520_1376015616.hdf5,1376011520.0,1376015616.0,H1,O4a,0.06669601052999496,99
1376012036.0,1376012068.0,E:\o4a\1375712512\H1_1376011520_1376015616.hdf5,1376011520.0,1376015616.0,H1,O4a,0.054107747972011566,99
1376012100.0,1376012132.0,E:\o4a\1375712512\H1_1376011520_1376015616.hdf5,1376011520.0,1376015616.0,H1,O4a,0.06876558810472488,99
1376012164.0,1376012196.0,E:\o4a\1375712512\H1_1376011520_1376015616.hdf5,1376011520.0,1376015616.0,H1,O4a,0.06483394652605057,99
1376012228.0,1376012260.0,E:\o4a\1375712512\H1_1376011520_1376015616.hdf5,1376011520.0,1376015616.0,H1,O4a,0.05787958204746246,99
1376012292.0,1376012324.0,E:\o4a\1375712512\H1_1376011520_1376015616.hdf5,1376011520.0,1376015616.0,H1,O4a,0.0638294368982315,99
1376012356.0,1376012388.0,E:\o4a\1375712512\H1_1376011520_1376015616.hdf5,1376011520.0,1376015616.0,H1,O4a,0.053812019526958466,99
1376012420.0,1376012452.0,E:\o4a\1375712512\H1_1376011520_1376015616.hdf5,1376011520.0,1376015616.0,H1,O4a,0.06424490362405777,99
1376012484.0,1376012516.0,E:\o4a\1375712512\H1_1376011520_1376015616.hdf5,1376011520.0,1376015616.0,H1,O4a,0.0654929131269455,99
1376012548.0,1376012580.0,E:\o4a\1375712512\H1_1376011520_1376015616.hdf5,1376011520.0,1376015616.0,H1,O4a,0.05064283311367035,99
1376056580.0,1376056612.0,E:\o4a\1375712512\H1_1376056576_1376060672.hdf5,1376056576.0,1376060672.0,H1,O4a,0.061418112367391586,100
1376056644.0,1376056676.0,E:\o4a\1375712512\H1_1376056576_1376060672.hdf5,1376056576.0,1376060672.0,H1,O4a,0.06995701789855957,100
1376056708.0,1376056740.0,E:\o4a\1375712512\H1_1376056576_1376060672.hdf5,1376056576.0,1376060672.0,H1,O4a,0.060293588787317276,100
1376056772.0,1376056804.0,E:\o4a\1375712512\H1_1376056576_1376060672.hdf5,1376056576.0,1376060672.0,H1,O4a,0.06045437604188919,100
1376056836.0,1376056868.0,E:\o4a\1375712512\H1_1376056576_1376060672.hdf5,1376056576.0,1376060672.0,H1,O4a,0.058227356523275375,100
1376056900.0,1376056932.0,E:\o4a\1375712512\H1_1376056576_1376060672.hdf5,1376056576.0,1376060672.0,H1,O4a,0.05464380979537964,100
1376056964.0,1376056996.0,E:\o4a\1375712512\H1_1376056576_1376060672.hdf5,1376056576.0,1376060672.0,H1,O4a,0.06330903619527817,100
1376057028.0,1376057060.0,E:\o4a\1375712512\H1_1376056576_1376060672.hdf5,1376056576.0,1376060672.0,H1,O4a,0.055039167404174805,100
1376057092.0,1376057124.0,E:\o4a\1375712512\H1_1376056576_1376060672.hdf5,1376056576.0,1376060672.0,H1,O4a,0.06336364895105362,100
1376057156.0,1376057188.0,E:\o4a\1375712512\H1_1376056576_1376060672.hdf5,1376056576.0,1376060672.0,H1,O4a,0.06014414504170418,100
1376057220.0,1376057252.0,E:\o4a\1375712512\H1_1376056576_1376060672.hdf5,1376056576.0,1376060672.0,H1,O4a,0.059375762939453125,100
1376057284.0,1376057316.0,E:\o4a\1375712512\H1_1376056576_1376060672.hdf5,1376056576.0,1376060672.0,H1,O4a,0.06370379775762558,100
1376057348.0,1376057380.0,E:\o4a\1375712512\H1_1376056576_1376060672.hdf5,1376056576.0,1376060672.0,H1,O4a,0.33488729596138,100
1376057412.0,1376057444.0,E:\o4a\1375712512\H1_1376056576_1376060672.hdf5,1376056576.0,1376060672.0,H1,O4a,0.05635172501206398,100
1376057476.0,1376057508.0,E:\o4a\1375712512\H1_1376056576_1376060672.hdf5,1376056576.0,1376060672.0,H1,O4a,0.06451238691806793,100
1376057540.0,1376057572.0,E:\o4a\1375712512\H1_1376056576_1376060672.hdf5,1376056576.0,1376060672.0,H1,O4a,0.06729327887296677,100
1376057604.0,1376057636.0,E:\o4a\1375712512\H1_1376056576_1376060672.hdf5,1376056576.0,1376060672.0,H1,O4a,0.0614103302359581,100
1376118020.0,1376118052.0,E:\o4a\1375712512\H1_1376118016_1376122112.hdf5,1376118016.0,1376122112.0,H1,O4a,0.060350529849529266,101
1376118084.0,1376118116.0,E:\o4a\1375712512\H1_1376118016_1376122112.hdf5,1376118016.0,1376122112.0,H1,O4a,0.055993884801864624,101
1376118148.0,1376118180.0,E:\o4a\1375712512\H1_1376118016_1376122112.hdf5,1376118016.0,1376122112.0,H1,O4a,0.061543647199869156,101
1376118212.0,1376118244.0,E:\o4a\1375712512\H1_1376118016_1376122112.hdf5,1376118016.0,1376122112.0,H1,O4a,0.052882980555295944,101
1376118276.0,1376118308.0,E:\o4a\1375712512\H1_1376118016_1376122112.hdf5,1376118016.0,1376122112.0,H1,O4a,0.06356393545866013,101
1376118340.0,1376118372.0,E:\o4a\1375712512\H1_1376118016_1376122112.hdf5,1376118016.0,1376122112.0,H1,O4a,0.08099431544542313,101
1376118404.0,1376118436.0,E:\o4a\1375712512\H1_1376118016_1376122112.hdf5,1376118016.0,1376122112.0,H1,O4a,0.06423690915107727,101
1376118468.0,1376118500.0,E:\o4a\1375712512\H1_1376118016_1376122112.hdf5,1376118016.0,1376122112.0,H1,O4a,0.07051954418420792,101
1376118532.0,1376118564.0,E:\o4a\1375712512\H1_1376118016_1376122112.hdf5,1376118016.0,1376122112.0,H1,O4a,0.058115165680646896,101
1376118596.0,1376118628.0,E:\o4a\1375712512\H1_1376118016_1376122112.hdf5,1376118016.0,1376122112.0,H1,O4a,0.07769206911325455,101
1376118660.0,1376118692.0,E:\o4a\1375712512\H1_1376118016_1376122112.hdf5,1376118016.0,1376122112.0,H1,O4a,0.07396353036165237,101
1376118724.0,1376118756.0,E:\o4a\1375712512\H1_1376118016_1376122112.hdf5,1376118016.0,1376122112.0,H1,O4a,0.0720590353012085,101
1376118788.0,1376118820.0,E:\o4a\1375712512\H1_1376118016_1376122112.hdf5,1376118016.0,1376122112.0,H1,O4a,0.07511875033378601,101
1376118852.0,1376118884.0,E:\o4a\1375712512\H1_1376118016_1376122112.hdf5,1376118016.0,1376122112.0,H1,O4a,0.05898290500044823,101
1376118916.0,1376118948.0,E:\o4a\1375712512\H1_1376118016_1376122112.hdf5,1376118016.0,1376122112.0,H1,O4a,0.0548659972846508,101
1376118980.0,1376119012.0,E:\o4a\1375712512\H1_1376118016_1376122112.hdf5,1376118016.0,1376122112.0,H1,O4a,0.05890975147485733,101
1376119044.0,1376119076.0,E:\o4a\1375712512\H1_1376118016_1376122112.hdf5,1376118016.0,1376122112.0,H1,O4a,0.06021533161401749,101
1376218500.0,1376218532.0,E:\o4a\1375712512\H1_1376216320_1376220416.hdf5,1376216320.0,1376220416.0,H1,O4a,0.06935203820466995,102
1376218564.0,1376218596.0,E:\o4a\1375712512\H1_1376216320_1376220416.hdf5,1376216320.0,1376220416.0,H1,O4a,0.0740908607840538,102
1376218628.0,1376218660.0,E:\o4a\1375712512\H1_1376216320_1376220416.hdf5,1376216320.0,1376220416.0,H1,O4a,0.06926033645868301,102
1376218692.0,1376218724.0,E:\o4a\1375712512\H1_1376216320_1376220416.hdf5,1376216320.0,1376220416.0,H1,O4a,0.05964461341500282,102
1376218756.0,1376218788.0,E:\o4a\1375712512\H1_1376216320_1376220416.hdf5,1376216320.0,1376220416.0,H1,O4a,0.06494180113077164,102
1376218820.0,1376218852.0,E:\o4a\1375712512\H1_1376216320_1376220416.hdf5,1376216320.0,1376220416.0,H1,O4a,0.0667005181312561,102
1376218884.0,1376218916.0,E:\o4a\1375712512\H1_1376216320_1376220416.hdf5,1376216320.0,1376220416.0,H1,O4a,0.06000923365354538,102
1376218948.0,1376218980.0,E:\o4a\1375712512\H1_1376216320_1376220416.hdf5,1376216320.0,1376220416.0,H1,O4a,0.06054021418094635,102
1376219012.0,1376219044.0,E:\o4a\1375712512\H1_1376216320_1376220416.hdf5,1376216320.0,1376220416.0,H1,O4a,0.05594571307301521,102
1376219076.0,1376219108.0,E:\o4a\1375712512\H1_1376216320_1376220416.hdf5,1376216320.0,1376220416.0,H1,O4a,0.0716162696480751,102
1376219140.0,1376219172.0,E:\o4a\1375712512\H1_1376216320_1376220416.hdf5,1376216320.0,1376220416.0,H1,O4a,0.062393322587013245,102
1376219204.0,1376219236.0,E:\o4a\1375712512\H1_1376216320_1376220416.hdf5,1376216320.0,1376220416.0,H1,O4a,0.0606403686106205,102
1376219268.0,1376219300.0,E:\o4a\1375712512\H1_1376216320_1376220416.hdf5,1376216320.0,1376220416.0,H1,O4a,0.052794698625802994,102
1376219332.0,1376219364.0,E:\o4a\1375712512\H1_1376216320_1376220416.hdf5,1376216320.0,1376220416.0,H1,O4a,0.061997707933187485,102
1376219396.0,1376219428.0,E:\o4a\1375712512\H1_1376216320_1376220416.hdf5,1376216320.0,1376220416.0,H1,O4a,0.06687784194946289,102
1376219460.0,1376219492.0,E:\o4a\1375712512\H1_1376216320_1376220416.hdf5,1376216320.0,1376220416.0,H1,O4a,0.0688076838850975,102
1376219524.0,1376219556.0,E:\o4a\1375712512\H1_1376216320_1376220416.hdf5,1376216320.0,1376220416.0,H1,O4a,0.0537695549428463,102
1376306116.0,1376306148.0,E:\o4a\1376230912\H1_1376304640_1376308736.hdf5,1376304640.0,1376308736.0,H1,O4a,0.05921555310487747,103
1376306180.0,1376306212.0,E:\o4a\1376230912\H1_1376304640_1376308736.hdf5,1376304640.0,1376308736.0,H1,O4a,0.07094462215900421,103
1376306244.0,1376306276.0,E:\o4a\1376230912\H1_1376304640_1376308736.hdf5,1376304640.0,1376308736.0,H1,O4a,0.0661754310131073,103
1376306308.0,1376306340.0,E:\o4a\1376230912\H1_1376304640_1376308736.hdf5,1376304640.0,1376308736.0,H1,O4a,0.051711782813072205,103
1376306372.0,1376306404.0,E:\o4a\1376230912\H1_1376304640_1376308736.hdf5,1376304640.0,1376308736.0,H1,O4a,0.06040169298648834,103
1376306436.0,1376306468.0,E:\o4a\1376230912\H1_1376304640_1376308736.hdf5,1376304640.0,1376308736.0,H1,O4a,0.06955000013113022,103
1376306500.0,1376306532.0,E:\o4a\1376230912\H1_1376304640_1376308736.hdf5,1376304640.0,1376308736.0,H1,O4a,0.10628805309534073,103
1376306564.0,1376306596.0,E:\o4a\1376230912\H1_1376304640_1376308736.hdf5,1376304640.0,1376308736.0,H1,O4a,0.058042194694280624,103
1376306628.0,1376306660.0,E:\o4a\1376230912\H1_1376304640_1376308736.hdf5,1376304640.0,1376308736.0,H1,O4a,0.06026499345898628,103
1376306692.0,1376306724.0,E:\o4a\1376230912\H1_1376304640_1376308736.hdf5,1376304640.0,1376308736.0,H1,O4a,0.058333348482847214,103
1376306756.0,1376306788.0,E:\o4a\1376230912\H1_1376304640_1376308736.hdf5,1376304640.0,1376308736.0,H1,O4a,0.057673919945955276,103
1376306820.0,1376306852.0,E:\o4a\1376230912\H1_1376304640_1376308736.hdf5,1376304640.0,1376308736.0,H1,O4a,0.06325190514326096,103
1376306884.0,1376306916.0,E:\o4a\1376230912\H1_1376304640_1376308736.hdf5,1376304640.0,1376308736.0,H1,O4a,0.06059836596250534,103
1376306948.0,1376306980.0,E:\o4a\1376230912\H1_1376304640_1376308736.hdf5,1376304640.0,1376308736.0,H1,O4a,0.059361934661865234,103
1376307012.0,1376307044.0,E:\o4a\1376230912\H1_1376304640_1376308736.hdf5,1376304640.0,1376308736.0,H1,O4a,0.05959160253405571,103
1376307076.0,1376307108.0,E:\o4a\1376230912\H1_1376304640_1376308736.hdf5,1376304640.0,1376308736.0,H1,O4a,0.06354600936174393,103
1376307140.0,1376307172.0,E:\o4a\1376230912\H1_1376304640_1376308736.hdf5,1376304640.0,1376308736.0,H1,O4a,0.06172899529337883,103
1376358724.0,1376358756.0,E:\o4a\1376230912\H1_1376357888_1376361984.hdf5,1376357888.0,1376361984.0,H1,O4a,0.0633566752076149,104
1376358788.0,1376358820.0,E:\o4a\1376230912\H1_1376357888_1376361984.hdf5,1376357888.0,1376361984.0,H1,O4a,0.06604116410017014,104
1376358852.0,1376358884.0,E:\o4a\1376230912\H1_1376357888_1376361984.hdf5,1376357888.0,1376361984.0,H1,O4a,0.0768166035413742,104
1376358916.0,1376358948.0,E:\o4a\1376230912\H1_1376357888_1376361984.hdf5,1376357888.0,1376361984.0,H1,O4a,0.05043967068195343,104
1376358980.0,1376359012.0,E:\o4a\1376230912\H1_1376357888_1376361984.hdf5,1376357888.0,1376361984.0,H1,O4a,0.061240021139383316,104
1376359044.0,1376359076.0,E:\o4a\1376230912\H1_1376357888_1376361984.hdf5,1376357888.0,1376361984.0,H1,O4a,0.09266598522663116,104
1376359108.0,1376359140.0,E:\o4a\1376230912\H1_1376357888_1376361984.hdf5,1376357888.0,1376361984.0,H1,O4a,0.05725502967834473,104
1376359172.0,1376359204.0,E:\o4a\1376230912\H1_1376357888_1376361984.hdf5,1376357888.0,1376361984.0,H1,O4a,0.0653190016746521,104
1376359236.0,1376359268.0,E:\o4a\1376230912\H1_1376357888_1376361984.hdf5,1376357888.0,1376361984.0,H1,O4a,0.07917561382055283,104
1376359300.0,1376359332.0,E:\o4a\1376230912\H1_1376357888_1376361984.hdf5,1376357888.0,1376361984.0,H1,O4a,0.0799148827791214,104
1376359364.0,1376359396.0,E:\o4a\1376230912\H1_1376357888_1376361984.hdf5,1376357888.0,1376361984.0,H1,O4a,0.05788442865014076,104
1376359428.0,1376359460.0,E:\o4a\1376230912\H1_1376357888_1376361984.hdf5,1376357888.0,1376361984.0,H1,O4a,0.05614207312464714,104
1376359492.0,1376359524.0,E:\o4a\1376230912\H1_1376357888_1376361984.hdf5,1376357888.0,1376361984.0,H1,O4a,0.06587639451026917,104
1376359556.0,1376359588.0,E:\o4a\1376230912\H1_1376357888_1376361984.hdf5,1376357888.0,1376361984.0,H1,O4a,0.07933517545461655,104
1376359620.0,1376359652.0,E:\o4a\1376230912\H1_1376357888_1376361984.hdf5,1376357888.0,1376361984.0,H1,O4a,0.06706979870796204,104
1376359684.0,1376359716.0,E:\o4a\1376230912\H1_1376357888_1376361984.hdf5,1376357888.0,1376361984.0,H1,O4a,0.09236916154623032,104
1376359748.0,1376359780.0,E:\o4a\1376230912\H1_1376357888_1376361984.hdf5,1376357888.0,1376361984.0,H1,O4a,0.05608970299363136,104
1376409668.0,1376409700.0,E:\o4a\1376230912\H1_1376407040_1376411136.hdf5,1376407040.0,1376411136.0,H1,O4a,0.05954825133085251,105
1376409732.0,1376409764.0,E:\o4a\1376230912\H1_1376407040_1376411136.hdf5,1376407040.0,1376411136.0,H1,O4a,0.0664486438035965,105
1376409796.0,1376409828.0,E:\o4a\1376230912\H1_1376407040_1376411136.hdf5,1376407040.0,1376411136.0,H1,O4a,0.08826806396245956,105
1376409860.0,1376409892.0,E:\o4a\1376230912\H1_1376407040_1376411136.hdf5,1376407040.0,1376411136.0,H1,O4a,0.0565669871866703,105
1376409924.0,1376409956.0,E:\o4a\1376230912\H1_1376407040_1376411136.hdf5,1376407040.0,1376411136.0,H1,O4a,0.06529709696769714,105
1376409988.0,1376410020.0,E:\o4a\1376230912\H1_1376407040_1376411136.hdf5,1376407040.0,1376411136.0,H1,O4a,0.06555986404418945,105
1376410052.0,1376410084.0,E:\o4a\1376230912\H1_1376407040_1376411136.hdf5,1376407040.0,1376411136.0,H1,O4a,0.05894823744893074,105
1376410116.0,1376410148.0,E:\o4a\1376230912\H1_1376407040_1376411136.hdf5,1376407040.0,1376411136.0,H1,O4a,0.05623345449566841,105
1376410180.0,1376410212.0,E:\o4a\1376230912\H1_1376407040_1376411136.hdf5,1376407040.0,1376411136.0,H1,O4a,0.0584091879427433,105
1376410244.0,1376410276.0,E:\o4a\1376230912\H1_1376407040_1376411136.hdf5,1376407040.0,1376411136.0,H1,O4a,0.0510629266500473,105
1376410308.0,1376410340.0,E:\o4a\1376230912\H1_1376407040_1376411136.hdf5,1376407040.0,1376411136.0,H1,O4a,0.07932405918836594,105
1376410372.0,1376410404.0,E:\o4a\1376230912\H1_1376407040_1376411136.hdf5,1376407040.0,1376411136.0,H1,O4a,0.0559915229678154,105
1376410436.0,1376410468.0,E:\o4a\1376230912\H1_1376407040_1376411136.hdf5,1376407040.0,1376411136.0,H1,O4a,0.0691528469324112,105
1376410500.0,1376410532.0,E:\o4a\1376230912\H1_1376407040_1376411136.hdf5,1376407040.0,1376411136.0,H1,O4a,0.055860646069049835,105
1376410564.0,1376410596.0,E:\o4a\1376230912\H1_1376407040_1376411136.hdf5,1376407040.0,1376411136.0,H1,O4a,0.06798726320266724,105
1376410628.0,1376410660.0,E:\o4a\1376230912\H1_1376407040_1376411136.hdf5,1376407040.0,1376411136.0,H1,O4a,0.0782136395573616,105
1376410692.0,1376410724.0,E:\o4a\1376230912\H1_1376407040_1376411136.hdf5,1376407040.0,1376411136.0,H1,O4a,0.0844380185008049,105
1376478212.0,1376478244.0,E:\o4a\1376230912\H1_1376476672_1376480768.hdf5,1376476672.0,1376480768.0,H1,O4a,0.059124063700437546,106
1376478276.0,1376478308.0,E:\o4a\1376230912\H1_1376476672_1376480768.hdf5,1376476672.0,1376480768.0,H1,O4a,0.05579347163438797,106
1376478340.0,1376478372.0,E:\o4a\1376230912\H1_1376476672_1376480768.hdf5,1376476672.0,1376480768.0,H1,O4a,0.05895156040787697,106
1376478404.0,1376478436.0,E:\o4a\1376230912\H1_1376476672_1376480768.hdf5,1376476672.0,1376480768.0,H1,O4a,0.05198176950216293,106
1376478468.0,1376478500.0,E:\o4a\1376230912\H1_1376476672_1376480768.hdf5,1376476672.0,1376480768.0,H1,O4a,0.0547344833612442,106
1376478532.0,1376478564.0,E:\o4a\1376230912\H1_1376476672_1376480768.hdf5,1376476672.0,1376480768.0,H1,O4a,0.07283657044172287,106
1376478596.0,1376478628.0,E:\o4a\1376230912\H1_1376476672_1376480768.hdf5,1376476672.0,1376480768.0,H1,O4a,0.06055424362421036,106
1376478660.0,1376478692.0,E:\o4a\1376230912\H1_1376476672_1376480768.hdf5,1376476672.0,1376480768.0,H1,O4a,0.05242180824279785,106
1376478724.0,1376478756.0,E:\o4a\1376230912\H1_1376476672_1376480768.hdf5,1376476672.0,1376480768.0,H1,O4a,0.0692768469452858,106
1376478788.0,1376478820.0,E:\o4a\1376230912\H1_1376476672_1376480768.hdf5,1376476672.0,1376480768.0,H1,O4a,0.05323393642902374,106
1376478852.0,1376478884.0,E:\o4a\1376230912\H1_1376476672_1376480768.hdf5,1376476672.0,1376480768.0,H1,O4a,0.05542494356632233,106
1376478916.0,1376478948.0,E:\o4a\1376230912\H1_1376476672_1376480768.hdf5,1376476672.0,1376480768.0,H1,O4a,0.06375826150178909,106
1376478980.0,1376479012.0,E:\o4a\1376230912\H1_1376476672_1376480768.hdf5,1376476672.0,1376480768.0,H1,O4a,0.069794200360775,106
1376479044.0,1376479076.0,E:\o4a\1376230912\H1_1376476672_1376480768.hdf5,1376476672.0,1376480768.0,H1,O4a,0.06742056459188461,106
1376479108.0,1376479140.0,E:\o4a\1376230912\H1_1376476672_1376480768.hdf5,1376476672.0,1376480768.0,H1,O4a,0.06473266333341599,106
1376479172.0,1376479204.0,E:\o4a\1376230912\H1_1376476672_1376480768.hdf5,1376476672.0,1376480768.0,H1,O4a,0.05203923210501671,106
1376479236.0,1376479268.0,E:\o4a\1376230912\H1_1376476672_1376480768.hdf5,1376476672.0,1376480768.0,H1,O4a,0.05872926115989685,106
1376525828.0,1376525860.0,E:\o4a\1376230912\H1_1376525824_1376529920.hdf5,1376525824.0,1376529920.0,H1,O4a,0.0738571360707283,107
1376525892.0,1376525924.0,E:\o4a\1376230912\H1_1376525824_1376529920.hdf5,1376525824.0,1376529920.0,H1,O4a,0.064503014087677,107
1376525956.0,1376525988.0,E:\o4a\1376230912\H1_1376525824_1376529920.hdf5,1376525824.0,1376529920.0,H1,O4a,0.06129107624292374,107
1376526020.0,1376526052.0,E:\o4a\1376230912\H1_1376525824_1376529920.hdf5,1376525824.0,1376529920.0,H1,O4a,0.06067353114485741,107
1376526084.0,1376526116.0,E:\o4a\1376230912\H1_1376525824_1376529920.hdf5,1376525824.0,1376529920.0,H1,O4a,0.09008266031742096,107
1376526148.0,1376526180.0,E:\o4a\1376230912\H1_1376525824_1376529920.hdf5,1376525824.0,1376529920.0,H1,O4a,0.05171467363834381,107
1376526212.0,1376526244.0,E:\o4a\1376230912\H1_1376525824_1376529920.hdf5,1376525824.0,1376529920.0,H1,O4a,0.06856445223093033,107
1376526276.0,1376526308.0,E:\o4a\1376230912\H1_1376525824_1376529920.hdf5,1376525824.0,1376529920.0,H1,O4a,0.05967919901013374,107
1376526340.0,1376526372.0,E:\o4a\1376230912\H1_1376525824_1376529920.hdf5,1376525824.0,1376529920.0,H1,O4a,0.05849162116646767,107
1376526404.0,1376526436.0,E:\o4a\1376230912\H1_1376525824_1376529920.hdf5,1376525824.0,1376529920.0,H1,O4a,0.06005546823143959,107
1376526468.0,1376526500.0,E:\o4a\1376230912\H1_1376525824_1376529920.hdf5,1376525824.0,1376529920.0,H1,O4a,0.06453946232795715,107
1376526532.0,1376526564.0,E:\o4a\1376230912\H1_1376525824_1376529920.hdf5,1376525824.0,1376529920.0,H1,O4a,0.07263670861721039,107
1376526596.0,1376526628.0,E:\o4a\1376230912\H1_1376525824_1376529920.hdf5,1376525824.0,1376529920.0,H1,O4a,0.05869588255882263,107
1376526660.0,1376526692.0,E:\o4a\1376230912\H1_1376525824_1376529920.hdf5,1376525824.0,1376529920.0,H1,O4a,0.06264734268188477,107
1376526724.0,1376526756.0,E:\o4a\1376230912\H1_1376525824_1376529920.hdf5,1376525824.0,1376529920.0,H1,O4a,0.06311503797769547,107
1376526788.0,1376526820.0,E:\o4a\1376230912\H1_1376525824_1376529920.hdf5,1376525824.0,1376529920.0,H1,O4a,0.06644835323095322,107
1376526852.0,1376526884.0,E:\o4a\1376230912\H1_1376525824_1376529920.hdf5,1376525824.0,1376529920.0,H1,O4a,0.06612630188465118,107
1376579076.0,1376579108.0,E:\o4a\1376230912\H1_1376579072_1376583168.hdf5,1376579072.0,1376583168.0,H1,O4a,0.06370121985673904,108
1376579140.0,1376579172.0,E:\o4a\1376230912\H1_1376579072_1376583168.hdf5,1376579072.0,1376583168.0,H1,O4a,0.05658572539687157,108
1376579204.0,1376579236.0,E:\o4a\1376230912\H1_1376579072_1376583168.hdf5,1376579072.0,1376583168.0,H1,O4a,0.06497149169445038,108
1376579268.0,1376579300.0,E:\o4a\1376230912\H1_1376579072_1376583168.hdf5,1376579072.0,1376583168.0,H1,O4a,0.05451824888586998,108
1376579332.0,1376579364.0,E:\o4a\1376230912\H1_1376579072_1376583168.hdf5,1376579072.0,1376583168.0,H1,O4a,0.05927388742566109,108
1376579396.0,1376579428.0,E:\o4a\1376230912\H1_1376579072_1376583168.hdf5,1376579072.0,1376583168.0,H1,O4a,0.05641665309667587,108
1376579460.0,1376579492.0,E:\o4a\1376230912\H1_1376579072_1376583168.hdf5,1376579072.0,1376583168.0,H1,O4a,0.06703540682792664,108
1376579524.0,1376579556.0,E:\o4a\1376230912\H1_1376579072_1376583168.hdf5,1376579072.0,1376583168.0,H1,O4a,0.0713084414601326,108
1376579588.0,1376579620.0,E:\o4a\1376230912\H1_1376579072_1376583168.hdf5,1376579072.0,1376583168.0,H1,O4a,0.0674215629696846,108
1376579652.0,1376579684.0,E:\o4a\1376230912\H1_1376579072_1376583168.hdf5,1376579072.0,1376583168.0,H1,O4a,0.054562654346227646,108
1376579716.0,1376579748.0,E:\o4a\1376230912\H1_1376579072_1376583168.hdf5,1376579072.0,1376583168.0,H1,O4a,0.11067938059568405,108
1376579780.0,1376579812.0,E:\o4a\1376230912\H1_1376579072_1376583168.hdf5,1376579072.0,1376583168.0,H1,O4a,0.06395000964403152,108
1376579844.0,1376579876.0,E:\o4a\1376230912\H1_1376579072_1376583168.hdf5,1376579072.0,1376583168.0,H1,O4a,0.06927237659692764,108
1376579908.0,1376579940.0,E:\o4a\1376230912\H1_1376579072_1376583168.hdf5,1376579072.0,1376583168.0,H1,O4a,0.06376690417528152,108
1376579972.0,1376580004.0,E:\o4a\1376230912\H1_1376579072_1376583168.hdf5,1376579072.0,1376583168.0,H1,O4a,0.07397852092981339,108
1376580036.0,1376580068.0,E:\o4a\1376230912\H1_1376579072_1376583168.hdf5,1376579072.0,1376583168.0,H1,O4a,0.0558570958673954,108
1376580100.0,1376580132.0,E:\o4a\1376230912\H1_1376579072_1376583168.hdf5,1376579072.0,1376583168.0,H1,O4a,0.06998387724161148,108
1376636420.0,1376636452.0,E:\o4a\1376230912\H1_1376636416_1376640512.hdf5,1376636416.0,1376640512.0,H1,O4a,0.06486596912145615,109
1376636484.0,1376636516.0,E:\o4a\1376230912\H1_1376636416_1376640512.hdf5,1376636416.0,1376640512.0,H1,O4a,0.06190095096826553,109
1376636548.0,1376636580.0,E:\o4a\1376230912\H1_1376636416_1376640512.hdf5,1376636416.0,1376640512.0,H1,O4a,0.06289186328649521,109
1376636612.0,1376636644.0,E:\o4a\1376230912\H1_1376636416_1376640512.hdf5,1376636416.0,1376640512.0,H1,O4a,0.06996401399374008,109
1376636676.0,1376636708.0,E:\o4a\1376230912\H1_1376636416_1376640512.hdf5,1376636416.0,1376640512.0,H1,O4a,0.06857477128505707,109
1376636740.0,1376636772.0,E:\o4a\1376230912\H1_1376636416_1376640512.hdf5,1376636416.0,1376640512.0,H1,O4a,0.060869596898555756,109
1376636804.0,1376636836.0,E:\o4a\1376230912\H1_1376636416_1376640512.hdf5,1376636416.0,1376640512.0,H1,O4a,0.05962887778878212,109
1376636868.0,1376636900.0,E:\o4a\1376230912\H1_1376636416_1376640512.hdf5,1376636416.0,1376640512.0,H1,O4a,0.05339644104242325,109
1376636932.0,1376636964.0,E:\o4a\1376230912\H1_1376636416_1376640512.hdf5,1376636416.0,1376640512.0,H1,O4a,0.05499841272830963,109
1376636996.0,1376637028.0,E:\o4a\1376230912\H1_1376636416_1376640512.hdf5,1376636416.0,1376640512.0,H1,O4a,0.05748375877737999,109
1376637060.0,1376637092.0,E:\o4a\1376230912\H1_1376636416_1376640512.hdf5,1376636416.0,1376640512.0,H1,O4a,0.13257183134555817,109
1376637124.0,1376637156.0,E:\o4a\1376230912\H1_1376636416_1376640512.hdf5,1376636416.0,1376640512.0,H1,O4a,0.06916444003582001,109
1376637188.0,1376637220.0,E:\o4a\1376230912\H1_1376636416_1376640512.hdf5,1376636416.0,1376640512.0,H1,O4a,0.06556861847639084,109
1376637252.0,1376637284.0,E:\o4a\1376230912\H1_1376636416_1376640512.hdf5,1376636416.0,1376640512.0,H1,O4a,0.06762344390153885,109
1376637316.0,1376637348.0,E:\o4a\1376230912\H1_1376636416_1376640512.hdf5,1376636416.0,1376640512.0,H1,O4a,0.07779993861913681,109
1376637380.0,1376637412.0,E:\o4a\1376230912\H1_1376636416_1376640512.hdf5,1376636416.0,1376640512.0,H1,O4a,0.0575922429561615,109
1376637444.0,1376637476.0,E:\o4a\1376230912\H1_1376636416_1376640512.hdf5,1376636416.0,1376640512.0,H1,O4a,0.0615406334400177,109
1376680196.0,1376680228.0,E:\o4a\1376230912\H1_1376677376_1376681472.hdf5,1376677376.0,1376681472.0,H1,O4a,0.06593592464923859,110
1376680260.0,1376680292.0,E:\o4a\1376230912\H1_1376677376_1376681472.hdf5,1376677376.0,1376681472.0,H1,O4a,0.06418393552303314,110
1376680324.0,1376680356.0,E:\o4a\1376230912\H1_1376677376_1376681472.hdf5,1376677376.0,1376681472.0,H1,O4a,0.05922229215502739,110
1376680388.0,1376680420.0,E:\o4a\1376230912\H1_1376677376_1376681472.hdf5,1376677376.0,1376681472.0,H1,O4a,0.09337431937456131,110
1376680452.0,1376680484.0,E:\o4a\1376230912\H1_1376677376_1376681472.hdf5,1376677376.0,1376681472.0,H1,O4a,0.10411519557237625,110
1376680516.0,1376680548.0,E:\o4a\1376230912\H1_1376677376_1376681472.hdf5,1376677376.0,1376681472.0,H1,O4a,0.05690595135092735,110
1376680580.0,1376680612.0,E:\o4a\1376230912\H1_1376677376_1376681472.hdf5,1376677376.0,1376681472.0,H1,O4a,0.06635840982198715,110
1376680644.0,1376680676.0,E:\o4a\1376230912\H1_1376677376_1376681472.hdf5,1376677376.0,1376681472.0,H1,O4a,0.06751462072134018,110
1376680708.0,1376680740.0,E:\o4a\1376230912\H1_1376677376_1376681472.hdf5,1376677376.0,1376681472.0,H1,O4a,0.05377781391143799,110
1376680772.0,1376680804.0,E:\o4a\1376230912\H1_1376677376_1376681472.hdf5,1376677376.0,1376681472.0,H1,O4a,0.056435976177453995,110
1376680836.0,1376680868.0,E:\o4a\1376230912\H1_1376677376_1376681472.hdf5,1376677376.0,1376681472.0,H1,O4a,0.05649903416633606,110
1376680900.0,1376680932.0,E:\o4a\1376230912\H1_1376677376_1376681472.hdf5,1376677376.0,1376681472.0,H1,O4a,0.055170539766550064,110
1376680964.0,1376680996.0,E:\o4a\1376230912\H1_1376677376_1376681472.hdf5,1376677376.0,1376681472.0,H1,O4a,0.055790647864341736,110
1376681028.0,1376681060.0,E:\o4a\1376230912\H1_1376677376_1376681472.hdf5,1376677376.0,1376681472.0,H1,O4a,0.058379340916872025,110
1376681092.0,1376681124.0,E:\o4a\1376230912\H1_1376677376_1376681472.hdf5,1376677376.0,1376681472.0,H1,O4a,0.06256936490535736,110
1376681156.0,1376681188.0,E:\o4a\1376230912\H1_1376677376_1376681472.hdf5,1376677376.0,1376681472.0,H1,O4a,0.058472808450460434,110
1376681220.0,1376681252.0,E:\o4a\1376230912\H1_1376677376_1376681472.hdf5,1376677376.0,1376681472.0,H1,O4a,0.05848828703165054,110
1376740548.0,1376740580.0,E:\o4a\1376230912\H1_1376738816_1376742912.hdf5,1376738816.0,1376742912.0,H1,O4a,0.052773866802453995,111
1376740612.0,1376740644.0,E:\o4a\1376230912\H1_1376738816_1376742912.hdf5,1376738816.0,1376742912.0,H1,O4a,0.06072854995727539,111
1376740676.0,1376740708.0,E:\o4a\1376230912\H1_1376738816_1376742912.hdf5,1376738816.0,1376742912.0,H1,O4a,0.054398130625486374,111
1376740740.0,1376740772.0,E:\o4a\1376230912\H1_1376738816_1376742912.hdf5,1376738816.0,1376742912.0,H1,O4a,0.08451107144355774,111
1376740804.0,1376740836.0,E:\o4a\1376230912\H1_1376738816_1376742912.hdf5,1376738816.0,1376742912.0,H1,O4a,0.05684603005647659,111
1376740868.0,1376740900.0,E:\o4a\1376230912\H1_1376738816_1376742912.hdf5,1376738816.0,1376742912.0,H1,O4a,0.06726426631212234,111
1376740932.0,1376740964.0,E:\o4a\1376230912\H1_1376738816_1376742912.hdf5,1376738816.0,1376742912.0,H1,O4a,0.07416076958179474,111
1376740996.0,1376741028.0,E:\o4a\1376230912\H1_1376738816_1376742912.hdf5,1376738816.0,1376742912.0,H1,O4a,0.06050020083785057,111
1376741060.0,1376741092.0,E:\o4a\1376230912\H1_1376738816_1376742912.hdf5,1376738816.0,1376742912.0,H1,O4a,0.058658964931964874,111
1376741124.0,1376741156.0,E:\o4a\1376230912\H1_1376738816_1376742912.hdf5,1376738816.0,1376742912.0,H1,O4a,0.05809343606233597,111
1376741188.0,1376741220.0,E:\o4a\1376230912\H1_1376738816_1376742912.hdf5,1376738816.0,1376742912.0,H1,O4a,0.07262630760669708,111
1376741252.0,1376741284.0,E:\o4a\1376230912\H1_1376738816_1376742912.hdf5,1376738816.0,1376742912.0,H1,O4a,0.06124938279390335,111
1376741316.0,1376741348.0,E:\o4a\1376230912\H1_1376738816_1376742912.hdf5,1376738816.0,1376742912.0,H1,O4a,0.06638795882463455,111
1376741380.0,1376741412.0,E:\o4a\1376230912\H1_1376738816_1376742912.hdf5,1376738816.0,1376742912.0,H1,O4a,0.07103913277387619,111
1376741444.0,1376741476.0,E:\o4a\1376230912\H1_1376738816_1376742912.hdf5,1376738816.0,1376742912.0,H1,O4a,0.07054203003644943,111
1376741508.0,1376741540.0,E:\o4a\1376230912\H1_1376738816_1376742912.hdf5,1376738816.0,1376742912.0,H1,O4a,0.05779284983873367,111
1376741572.0,1376741604.0,E:\o4a\1376230912\H1_1376738816_1376742912.hdf5,1376738816.0,1376742912.0,H1,O4a,0.06661087274551392,111
1376799556.0,1376799588.0,E:\o4a\1376749312\H1_1376798464_1376802560.hdf5,1376798464.0,1376802560.0,H1,O4a,0.06893467903137207,112
1376799620.0,1376799652.0,E:\o4a\1376749312\H1_1376798464_1376802560.hdf5,1376798464.0,1376802560.0,H1,O4a,0.06066013127565384,112
1376799684.0,1376799716.0,E:\o4a\1376749312\H1_1376798464_1376802560.hdf5,1376798464.0,1376802560.0,H1,O4a,0.07074689865112305,112
1376799748.0,1376799780.0,E:\o4a\1376749312\H1_1376798464_1376802560.hdf5,1376798464.0,1376802560.0,H1,O4a,0.058554816991090775,112
1376799812.0,1376799844.0,E:\o4a\1376749312\H1_1376798464_1376802560.hdf5,1376798464.0,1376802560.0,H1,O4a,0.06307322531938553,112
1376799876.0,1376799908.0,E:\o4a\1376749312\H1_1376798464_1376802560.hdf5,1376798464.0,1376802560.0,H1,O4a,0.07685409486293793,112
1376799940.0,1376799972.0,E:\o4a\1376749312\H1_1376798464_1376802560.hdf5,1376798464.0,1376802560.0,H1,O4a,0.06340479850769043,112
1376800004.0,1376800036.0,E:\o4a\1376749312\H1_1376798464_1376802560.hdf5,1376798464.0,1376802560.0,H1,O4a,0.05888282507658005,112
1376800068.0,1376800100.0,E:\o4a\1376749312\H1_1376798464_1376802560.hdf5,1376798464.0,1376802560.0,H1,O4a,0.06119348108768463,112
1376800132.0,1376800164.0,E:\o4a\1376749312\H1_1376798464_1376802560.hdf5,1376798464.0,1376802560.0,H1,O4a,0.1136334016919136,112
1376800196.0,1376800228.0,E:\o4a\1376749312\H1_1376798464_1376802560.hdf5,1376798464.0,1376802560.0,H1,O4a,0.07056944072246552,112
1376800260.0,1376800292.0,E:\o4a\1376749312\H1_1376798464_1376802560.hdf5,1376798464.0,1376802560.0,H1,O4a,0.06708459556102753,112
1376800324.0,1376800356.0,E:\o4a\1376749312\H1_1376798464_1376802560.hdf5,1376798464.0,1376802560.0,H1,O4a,0.07456504553556442,112
1376800388.0,1376800420.0,E:\o4a\1376749312\H1_1376798464_1376802560.hdf5,1376798464.0,1376802560.0,H1,O4a,0.05875030532479286,112
1376800452.0,1376800484.0,E:\o4a\1376749312\H1_1376798464_1376802560.hdf5,1376798464.0,1376802560.0,H1,O4a,0.06122611463069916,112
1376800516.0,1376800548.0,E:\o4a\1376749312\H1_1376798464_1376802560.hdf5,1376798464.0,1376802560.0,H1,O4a,0.06649498641490936,112
1376800580.0,1376800612.0,E:\o4a\1376749312\H1_1376798464_1376802560.hdf5,1376798464.0,1376802560.0,H1,O4a,0.06959299743175507,112
1376837508.0,1376837540.0,E:\o4a\1376749312\H1_1376835328_1376839424.hdf5,1376835328.0,1376839424.0,H1,O4a,0.05572326108813286,113
1376837572.0,1376837604.0,E:\o4a\1376749312\H1_1376835328_1376839424.hdf5,1376835328.0,1376839424.0,H1,O4a,0.06729765236377716,113
1376837636.0,1376837668.0,E:\o4a\1376749312\H1_1376835328_1376839424.hdf5,1376835328.0,1376839424.0,H1,O4a,0.061801519244909286,113
1376837700.0,1376837732.0,E:\o4a\1376749312\H1_1376835328_1376839424.hdf5,1376835328.0,1376839424.0,H1,O4a,0.06618720293045044,113
1376837764.0,1376837796.0,E:\o4a\1376749312\H1_1376835328_1376839424.hdf5,1376835328.0,1376839424.0,H1,O4a,0.05942334979772568,113
1376837828.0,1376837860.0,E:\o4a\1376749312\H1_1376835328_1376839424.hdf5,1376835328.0,1376839424.0,H1,O4a,0.06971169263124466,113
1376837892.0,1376837924.0,E:\o4a\1376749312\H1_1376835328_1376839424.hdf5,1376835328.0,1376839424.0,H1,O4a,0.05709381401538849,113
1376837956.0,1376837988.0,E:\o4a\1376749312\H1_1376835328_1376839424.hdf5,1376835328.0,1376839424.0,H1,O4a,0.06878800690174103,113
1376838020.0,1376838052.0,E:\o4a\1376749312\H1_1376835328_1376839424.hdf5,1376835328.0,1376839424.0,H1,O4a,0.05295451357960701,113
1376838084.0,1376838116.0,E:\o4a\1376749312\H1_1376835328_1376839424.hdf5,1376835328.0,1376839424.0,H1,O4a,0.06063288822770119,113
1376838148.0,1376838180.0,E:\o4a\1376749312\H1_1376835328_1376839424.hdf5,1376835328.0,1376839424.0,H1,O4a,0.06291414052248001,113
1376838212.0,1376838244.0,E:\o4a\1376749312\H1_1376835328_1376839424.hdf5,1376835328.0,1376839424.0,H1,O4a,0.0620245598256588,113
1376838276.0,1376838308.0,E:\o4a\1376749312\H1_1376835328_1376839424.hdf5,1376835328.0,1376839424.0,H1,O4a,0.06021095812320709,113
1376838340.0,1376838372.0,E:\o4a\1376749312\H1_1376835328_1376839424.hdf5,1376835328.0,1376839424.0,H1,O4a,0.06064501777291298,113
1376838404.0,1376838436.0,E:\o4a\1376749312\H1_1376835328_1376839424.hdf5,1376835328.0,1376839424.0,H1,O4a,0.05389886349439621,113
1376838468.0,1376838500.0,E:\o4a\1376749312\H1_1376835328_1376839424.hdf5,1376835328.0,1376839424.0,H1,O4a,0.06023333966732025,113
1376838532.0,1376838564.0,E:\o4a\1376749312\H1_1376835328_1376839424.hdf5,1376835328.0,1376839424.0,H1,O4a,0.060066308826208115,113
1376900868.0,1376900900.0,E:\o4a\1376749312\H1_1376900864_1376904960.hdf5,1376900864.0,1376904960.0,H1,O4a,0.06624967604875565,114
1376900932.0,1376900964.0,E:\o4a\1376749312\H1_1376900864_1376904960.hdf5,1376900864.0,1376904960.0,H1,O4a,0.06715956330299377,114
1376900996.0,1376901028.0,E:\o4a\1376749312\H1_1376900864_1376904960.hdf5,1376900864.0,1376904960.0,H1,O4a,0.06756626814603806,114
1376901060.0,1376901092.0,E:\o4a\1376749312\H1_1376900864_1376904960.hdf5,1376900864.0,1376904960.0,H1,O4a,0.06952910125255585,114
1376901124.0,1376901156.0,E:\o4a\1376749312\H1_1376900864_1376904960.hdf5,1376900864.0,1376904960.0,H1,O4a,0.06596159189939499,114
1376901188.0,1376901220.0,E:\o4a\1376749312\H1_1376900864_1376904960.hdf5,1376900864.0,1376904960.0,H1,O4a,0.05793653056025505,114
1376901252.0,1376901284.0,E:\o4a\1376749312\H1_1376900864_1376904960.hdf5,1376900864.0,1376904960.0,H1,O4a,0.05949528142809868,114
1376901316.0,1376901348.0,E:\o4a\1376749312\H1_1376900864_1376904960.hdf5,1376900864.0,1376904960.0,H1,O4a,0.0667683556675911,114
1376901380.0,1376901412.0,E:\o4a\1376749312\H1_1376900864_1376904960.hdf5,1376900864.0,1376904960.0,H1,O4a,0.0627245306968689,114
1376901444.0,1376901476.0,E:\o4a\1376749312\H1_1376900864_1376904960.hdf5,1376900864.0,1376904960.0,H1,O4a,0.05911196023225784,114
1376901508.0,1376901540.0,E:\o4a\1376749312\H1_1376900864_1376904960.hdf5,1376900864.0,1376904960.0,H1,O4a,0.06227012351155281,114
1376901572.0,1376901604.0,E:\o4a\1376749312\H1_1376900864_1376904960.hdf5,1376900864.0,1376904960.0,H1,O4a,0.06497600674629211,114
1376901636.0,1376901668.0,E:\o4a\1376749312\H1_1376900864_1376904960.hdf5,1376900864.0,1376904960.0,H1,O4a,0.05169181153178215,114
1376901700.0,1376901732.0,E:\o4a\1376749312\H1_1376900864_1376904960.hdf5,1376900864.0,1376904960.0,H1,O4a,0.06112551689147949,114
1376901764.0,1376901796.0,E:\o4a\1376749312\H1_1376900864_1376904960.hdf5,1376900864.0,1376904960.0,H1,O4a,0.061467815190553665,114
1376901828.0,1376901860.0,E:\o4a\1376749312\H1_1376900864_1376904960.hdf5,1376900864.0,1376904960.0,H1,O4a,0.060999996960163116,114
1376901892.0,1376901924.0,E:\o4a\1376749312\H1_1376900864_1376904960.hdf5,1376900864.0,1376904960.0,H1,O4a,0.07252246141433716,114
1376939908.0,1376939940.0,E:\o4a\1376749312\H1_1376937728_1376941824.hdf5,1376937728.0,1376941824.0,H1,O4a,0.057679761201143265,115
1376939972.0,1376940004.0,E:\o4a\1376749312\H1_1376937728_1376941824.hdf5,1376937728.0,1376941824.0,H1,O4a,0.06481319665908813,115
1376940036.0,1376940068.0,E:\o4a\1376749312\H1_1376937728_1376941824.hdf5,1376937728.0,1376941824.0,H1,O4a,0.05936954915523529,115
1376940100.0,1376940132.0,E:\o4a\1376749312\H1_1376937728_1376941824.hdf5,1376937728.0,1376941824.0,H1,O4a,0.06675340235233307,115
1376940164.0,1376940196.0,E:\o4a\1376749312\H1_1376937728_1376941824.hdf5,1376937728.0,1376941824.0,H1,O4a,0.07828477025032043,115
1376940228.0,1376940260.0,E:\o4a\1376749312\H1_1376937728_1376941824.hdf5,1376937728.0,1376941824.0,H1,O4a,0.05029720813035965,115
1376940292.0,1376940324.0,E:\o4a\1376749312\H1_1376937728_1376941824.hdf5,1376937728.0,1376941824.0,H1,O4a,0.06757014989852905,115
1376940356.0,1376940388.0,E:\o4a\1376749312\H1_1376937728_1376941824.hdf5,1376937728.0,1376941824.0,H1,O4a,0.06587762385606766,115
1376940420.0,1376940452.0,E:\o4a\1376749312\H1_1376937728_1376941824.hdf5,1376937728.0,1376941824.0,H1,O4a,0.057875342667102814,115
1376940484.0,1376940516.0,E:\o4a\1376749312\H1_1376937728_1376941824.hdf5,1376937728.0,1376941824.0,H1,O4a,0.0708325207233429,115
1376940548.0,1376940580.0,E:\o4a\1376749312\H1_1376937728_1376941824.hdf5,1376937728.0,1376941824.0,H1,O4a,0.058705300092697144,115
1376940612.0,1376940644.0,E:\o4a\1376749312\H1_1376937728_1376941824.hdf5,1376937728.0,1376941824.0,H1,O4a,0.07639548927545547,115
1376940676.0,1376940708.0,E:\o4a\1376749312\H1_1376937728_1376941824.hdf5,1376937728.0,1376941824.0,H1,O4a,0.07887698709964752,115
1376940740.0,1376940772.0,E:\o4a\1376749312\H1_1376937728_1376941824.hdf5,1376937728.0,1376941824.0,H1,O4a,0.054490361362695694,115
1376940804.0,1376940836.0,E:\o4a\1376749312\H1_1376937728_1376941824.hdf5,1376937728.0,1376941824.0,H1,O4a,0.06905802339315414,115
1376940868.0,1376940900.0,E:\o4a\1376749312\H1_1376937728_1376941824.hdf5,1376937728.0,1376941824.0,H1,O4a,0.06543079763650894,115
1376940932.0,1376940964.0,E:\o4a\1376749312\H1_1376937728_1376941824.hdf5,1376937728.0,1376941824.0,H1,O4a,0.06655159592628479,115
1376976772.0,1376976804.0,E:\o4a\1376749312\H1_1376974592_1376978688.hdf5,1376974592.0,1376978688.0,H1,O4a,0.056216757744550705,116
1376976836.0,1376976868.0,E:\o4a\1376749312\H1_1376974592_1376978688.hdf5,1376974592.0,1376978688.0,H1,O4a,0.05181613191962242,116
1376976900.0,1376976932.0,E:\o4a\1376749312\H1_1376974592_1376978688.hdf5,1376974592.0,1376978688.0,H1,O4a,0.0667635053396225,116
1376976964.0,1376976996.0,E:\o4a\1376749312\H1_1376974592_1376978688.hdf5,1376974592.0,1376978688.0,H1,O4a,0.07601721584796906,116
1376977028.0,1376977060.0,E:\o4a\1376749312\H1_1376974592_1376978688.hdf5,1376974592.0,1376978688.0,H1,O4a,0.07016754895448685,116
1376977092.0,1376977124.0,E:\o4a\1376749312\H1_1376974592_1376978688.hdf5,1376974592.0,1376978688.0,H1,O4a,0.06617230921983719,116
1376977156.0,1376977188.0,E:\o4a\1376749312\H1_1376974592_1376978688.hdf5,1376974592.0,1376978688.0,H1,O4a,0.06933478266000748,116
1376977220.0,1376977252.0,E:\o4a\1376749312\H1_1376974592_1376978688.hdf5,1376974592.0,1376978688.0,H1,O4a,0.05855778604745865,116
1376977284.0,1376977316.0,E:\o4a\1376749312\H1_1376974592_1376978688.hdf5,1376974592.0,1376978688.0,H1,O4a,0.09497934579849243,116
1376977348.0,1376977380.0,E:\o4a\1376749312\H1_1376974592_1376978688.hdf5,1376974592.0,1376978688.0,H1,O4a,0.07926487177610397,116
1376977412.0,1376977444.0,E:\o4a\1376749312\H1_1376974592_1376978688.hdf5,1376974592.0,1376978688.0,H1,O4a,0.09810458868741989,116
1376977476.0,1376977508.0,E:\o4a\1376749312\H1_1376974592_1376978688.hdf5,1376974592.0,1376978688.0,H1,O4a,0.06040198728442192,116
1376977540.0,1376977572.0,E:\o4a\1376749312\H1_1376974592_1376978688.hdf5,1376974592.0,1376978688.0,H1,O4a,0.06112874299287796,116
1376977604.0,1376977636.0,E:\o4a\1376749312\H1_1376974592_1376978688.hdf5,1376974592.0,1376978688.0,H1,O4a,0.05030273646116257,116
1376977668.0,1376977700.0,E:\o4a\1376749312\H1_1376974592_1376978688.hdf5,1376974592.0,1376978688.0,H1,O4a,0.07032688707113266,116
1376977732.0,1376977764.0,E:\o4a\1376749312\H1_1376974592_1376978688.hdf5,1376974592.0,1376978688.0,H1,O4a,0.06907068192958832,116
1376977796.0,1376977828.0,E:\o4a\1376749312\H1_1376974592_1376978688.hdf5,1376974592.0,1376978688.0,H1,O4a,0.06208464875817299,116
1377017732.0,1377017764.0,E:\o4a\1376749312\H1_1377015552_1377019648.hdf5,1377015552.0,1377019648.0,H1,O4a,0.074640654027462,117
1377017796.0,1377017828.0,E:\o4a\1376749312\H1_1377015552_1377019648.hdf5,1377015552.0,1377019648.0,H1,O4a,0.0578465536236763,117
1377017860.0,1377017892.0,E:\o4a\1376749312\H1_1377015552_1377019648.hdf5,1377015552.0,1377019648.0,H1,O4a,0.06620659679174423,117
1377017924.0,1377017956.0,E:\o4a\1376749312\H1_1377015552_1377019648.hdf5,1377015552.0,1377019648.0,H1,O4a,0.07672315835952759,117
1377017988.0,1377018020.0,E:\o4a\1376749312\H1_1377015552_1377019648.hdf5,1377015552.0,1377019648.0,H1,O4a,0.06768277287483215,117
1377018052.0,1377018084.0,E:\o4a\1376749312\H1_1377015552_1377019648.hdf5,1377015552.0,1377019648.0,H1,O4a,0.0582985058426857,117
1377018116.0,1377018148.0,E:\o4a\1376749312\H1_1377015552_1377019648.hdf5,1377015552.0,1377019648.0,H1,O4a,0.0582306794822216,117
1377018180.0,1377018212.0,E:\o4a\1376749312\H1_1377015552_1377019648.hdf5,1377015552.0,1377019648.0,H1,O4a,0.05457446351647377,117
1377018244.0,1377018276.0,E:\o4a\1376749312\H1_1377015552_1377019648.hdf5,1377015552.0,1377019648.0,H1,O4a,0.06381068378686905,117
1377018308.0,1377018340.0,E:\o4a\1376749312\H1_1377015552_1377019648.hdf5,1377015552.0,1377019648.0,H1,O4a,0.062492385506629944,117
1377018372.0,1377018404.0,E:\o4a\1376749312\H1_1377015552_1377019648.hdf5,1377015552.0,1377019648.0,H1,O4a,0.05971995368599892,117
1377018436.0,1377018468.0,E:\o4a\1376749312\H1_1377015552_1377019648.hdf5,1377015552.0,1377019648.0,H1,O4a,0.058301523327827454,117
1377018500.0,1377018532.0,E:\o4a\1376749312\H1_1377015552_1377019648.hdf5,1377015552.0,1377019648.0,H1,O4a,0.08407150954008102,117
1377018564.0,1377018596.0,E:\o4a\1376749312\H1_1377015552_1377019648.hdf5,1377015552.0,1377019648.0,H1,O4a,0.05917742848396301,117
1377018628.0,1377018660.0,E:\o4a\1376749312\H1_1377015552_1377019648.hdf5,1377015552.0,1377019648.0,H1,O4a,0.08046061545610428,117
1377018692.0,1377018724.0,E:\o4a\1376749312\H1_1377015552_1377019648.hdf5,1377015552.0,1377019648.0,H1,O4a,0.06564947962760925,117
1377018756.0,1377018788.0,E:\o4a\1376749312\H1_1377015552_1377019648.hdf5,1377015552.0,1377019648.0,H1,O4a,0.07247132807970047,117
1377086276.0,1377086308.0,E:\o4a\1376749312\H1_1377085184_1377089280.hdf5,1377085184.0,1377089280.0,H1,O4a,0.0671054869890213,118
1377086340.0,1377086372.0,E:\o4a\1376749312\H1_1377085184_1377089280.hdf5,1377085184.0,1377089280.0,H1,O4a,0.06106264516711235,118
1377086404.0,1377086436.0,E:\o4a\1376749312\H1_1377085184_1377089280.hdf5,1377085184.0,1377089280.0,H1,O4a,0.049721334129571915,118
1377086468.0,1377086500.0,E:\o4a\1376749312\H1_1377085184_1377089280.hdf5,1377085184.0,1377089280.0,H1,O4a,0.07204095274209976,118
1377086532.0,1377086564.0,E:\o4a\1376749312\H1_1377085184_1377089280.hdf5,1377085184.0,1377089280.0,H1,O4a,0.056886300444602966,118
1377086596.0,1377086628.0,E:\o4a\1376749312\H1_1377085184_1377089280.hdf5,1377085184.0,1377089280.0,H1,O4a,0.058943454176187515,118
1377086660.0,1377086692.0,E:\o4a\1376749312\H1_1377085184_1377089280.hdf5,1377085184.0,1377089280.0,H1,O4a,0.055771928280591965,118
1377086724.0,1377086756.0,E:\o4a\1376749312\H1_1377085184_1377089280.hdf5,1377085184.0,1377089280.0,H1,O4a,0.07710909843444824,118
1377086788.0,1377086820.0,E:\o4a\1376749312\H1_1377085184_1377089280.hdf5,1377085184.0,1377089280.0,H1,O4a,0.059505026787519455,118
1377086852.0,1377086884.0,E:\o4a\1376749312\H1_1377085184_1377089280.hdf5,1377085184.0,1377089280.0,H1,O4a,0.05632751062512398,118
1377086916.0,1377086948.0,E:\o4a\1376749312\H1_1377085184_1377089280.hdf5,1377085184.0,1377089280.0,H1,O4a,0.07986852526664734,118
1377086980.0,1377087012.0,E:\o4a\1376749312\H1_1377085184_1377089280.hdf5,1377085184.0,1377089280.0,H1,O4a,0.057905588299036026,118
1377087044.0,1377087076.0,E:\o4a\1376749312\H1_1377085184_1377089280.hdf5,1377085184.0,1377089280.0,H1,O4a,0.06218915805220604,118
1377087108.0,1377087140.0,E:\o4a\1376749312\H1_1377085184_1377089280.hdf5,1377085184.0,1377089280.0,H1,O4a,0.058176252990961075,118
1377087172.0,1377087204.0,E:\o4a\1376749312\H1_1377085184_1377089280.hdf5,1377085184.0,1377089280.0,H1,O4a,0.05873299390077591,118
1377087236.0,1377087268.0,E:\o4a\1376749312\H1_1377085184_1377089280.hdf5,1377085184.0,1377089280.0,H1,O4a,0.06207318231463432,118
1377087300.0,1377087332.0,E:\o4a\1376749312\H1_1377085184_1377089280.hdf5,1377085184.0,1377089280.0,H1,O4a,0.05366792529821396,118
1377175300.0,1377175332.0,E:\o4a\1376749312\H1_1377175296_1377179392.hdf5,1377175296.0,1377179392.0,H1,O4a,0.06574268639087677,120
1377175364.0,1377175396.0,E:\o4a\1376749312\H1_1377175296_1377179392.hdf5,1377175296.0,1377179392.0,H1,O4a,0.07111094892024994,120
1377175428.0,1377175460.0,E:\o4a\1376749312\H1_1377175296_1377179392.hdf5,1377175296.0,1377179392.0,H1,O4a,0.07911661267280579,120
1377175492.0,1377175524.0,E:\o4a\1376749312\H1_1377175296_1377179392.hdf5,1377175296.0,1377179392.0,H1,O4a,0.06067166477441788,120
1377175556.0,1377175588.0,E:\o4a\1376749312\H1_1377175296_1377179392.hdf5,1377175296.0,1377179392.0,H1,O4a,0.06081352010369301,120
1377175620.0,1377175652.0,E:\o4a\1376749312\H1_1377175296_1377179392.hdf5,1377175296.0,1377179392.0,H1,O4a,0.06604669988155365,120
1377175684.0,1377175716.0,E:\o4a\1376749312\H1_1377175296_1377179392.hdf5,1377175296.0,1377179392.0,H1,O4a,0.06401071697473526,120
1377175748.0,1377175780.0,E:\o4a\1376749312\H1_1377175296_1377179392.hdf5,1377175296.0,1377179392.0,H1,O4a,0.058954574167728424,120
1377175812.0,1377175844.0,E:\o4a\1376749312\H1_1377175296_1377179392.hdf5,1377175296.0,1377179392.0,H1,O4a,0.06688646972179413,120
1377175876.0,1377175908.0,E:\o4a\1376749312\H1_1377175296_1377179392.hdf5,1377175296.0,1377179392.0,H1,O4a,0.06499656289815903,120
1377175940.0,1377175972.0,E:\o4a\1376749312\H1_1377175296_1377179392.hdf5,1377175296.0,1377179392.0,H1,O4a,0.056609246879816055,120
1377176004.0,1377176036.0,E:\o4a\1376749312\H1_1377175296_1377179392.hdf5,1377175296.0,1377179392.0,H1,O4a,0.06928630918264389,120
1377176068.0,1377176100.0,E:\o4a\1376749312\H1_1377175296_1377179392.hdf5,1377175296.0,1377179392.0,H1,O4a,0.06409265100955963,120
1377176132.0,1377176164.0,E:\o4a\1376749312\H1_1377175296_1377179392.hdf5,1377175296.0,1377179392.0,H1,O4a,0.05436689406633377,120
1377176196.0,1377176228.0,E:\o4a\1376749312\H1_1377175296_1377179392.hdf5,1377175296.0,1377179392.0,H1,O4a,0.06437096744775772,120
1377176260.0,1377176292.0,E:\o4a\1376749312\H1_1377175296_1377179392.hdf5,1377175296.0,1377179392.0,H1,O4a,0.06351456791162491,120
1377176324.0,1377176356.0,E:\o4a\1376749312\H1_1377175296_1377179392.hdf5,1377175296.0,1377179392.0,H1,O4a,0.06844983249902725,120
1377214340.0,1377214372.0,E:\o4a\1376749312\H1_1377212160_1377216256.hdf5,1377212160.0,1377216256.0,H1,O4a,0.3955014646053314,121
1377214404.0,1377214436.0,E:\o4a\1376749312\H1_1377212160_1377216256.hdf5,1377212160.0,1377216256.0,H1,O4a,0.06176069378852844,121
1377214468.0,1377214500.0,E:\o4a\1376749312\H1_1377212160_1377216256.hdf5,1377212160.0,1377216256.0,H1,O4a,0.05343059077858925,121
1377214532.0,1377214564.0,E:\o4a\1376749312\H1_1377212160_1377216256.hdf5,1377212160.0,1377216256.0,H1,O4a,0.07025701552629471,121
1377214596.0,1377214628.0,E:\o4a\1376749312\H1_1377212160_1377216256.hdf5,1377212160.0,1377216256.0,H1,O4a,0.0745847076177597,121
1377214660.0,1377214692.0,E:\o4a\1376749312\H1_1377212160_1377216256.hdf5,1377212160.0,1377216256.0,H1,O4a,0.05165165290236473,121
1377214724.0,1377214756.0,E:\o4a\1376749312\H1_1377212160_1377216256.hdf5,1377212160.0,1377216256.0,H1,O4a,0.0747629776597023,121
1377214788.0,1377214820.0,E:\o4a\1376749312\H1_1377212160_1377216256.hdf5,1377212160.0,1377216256.0,H1,O4a,0.06250399351119995,121
1377214852.0,1377214884.0,E:\o4a\1376749312\H1_1377212160_1377216256.hdf5,1377212160.0,1377216256.0,H1,O4a,0.05404271185398102,121
1377214916.0,1377214948.0,E:\o4a\1376749312\H1_1377212160_1377216256.hdf5,1377212160.0,1377216256.0,H1,O4a,0.0570514053106308,121
1377214980.0,1377215012.0,E:\o4a\1376749312\H1_1377212160_1377216256.hdf5,1377212160.0,1377216256.0,H1,O4a,0.07153317332267761,121
1377215044.0,1377215076.0,E:\o4a\1376749312\H1_1377212160_1377216256.hdf5,1377212160.0,1377216256.0,H1,O4a,0.05479691922664642,121
1377215108.0,1377215140.0,E:\o4a\1376749312\H1_1377212160_1377216256.hdf5,1377212160.0,1377216256.0,H1,O4a,0.05946825444698334,121
1377215172.0,1377215204.0,E:\o4a\1376749312\H1_1377212160_1377216256.hdf5,1377212160.0,1377216256.0,H1,O4a,0.08618708699941635,121
1377215236.0,1377215268.0,E:\o4a\1376749312\H1_1377212160_1377216256.hdf5,1377212160.0,1377216256.0,H1,O4a,0.056845471262931824,121
1377215300.0,1377215332.0,E:\o4a\1376749312\H1_1377212160_1377216256.hdf5,1377212160.0,1377216256.0,H1,O4a,0.07002948969602585,121
1377215364.0,1377215396.0,E:\o4a\1376749312\H1_1377212160_1377216256.hdf5,1377212160.0,1377216256.0,H1,O4a,0.05861615762114525,121
1377255300.0,1377255332.0,E:\o4a\1376749312\H1_1377253120_1377257216.hdf5,1377253120.0,1377257216.0,H1,O4a,0.06348606944084167,122
1377255364.0,1377255396.0,E:\o4a\1376749312\H1_1377253120_1377257216.hdf5,1377253120.0,1377257216.0,H1,O4a,0.06716863065958023,122
1377255428.0,1377255460.0,E:\o4a\1376749312\H1_1377253120_1377257216.hdf5,1377253120.0,1377257216.0,H1,O4a,0.07602871209383011,122
1377255492.0,1377255524.0,E:\o4a\1376749312\H1_1377253120_1377257216.hdf5,1377253120.0,1377257216.0,H1,O4a,0.0643267035484314,122
1377255556.0,1377255588.0,E:\o4a\1376749312\H1_1377253120_1377257216.hdf5,1377253120.0,1377257216.0,H1,O4a,0.08281388878822327,122
1377255620.0,1377255652.0,E:\o4a\1376749312\H1_1377253120_1377257216.hdf5,1377253120.0,1377257216.0,H1,O4a,0.060886938124895096,122
1377255684.0,1377255716.0,E:\o4a\1376749312\H1_1377253120_1377257216.hdf5,1377253120.0,1377257216.0,H1,O4a,0.06831076741218567,122
1377255748.0,1377255780.0,E:\o4a\1376749312\H1_1377253120_1377257216.hdf5,1377253120.0,1377257216.0,H1,O4a,0.07845474779605865,122
1377255812.0,1377255844.0,E:\o4a\1376749312\H1_1377253120_1377257216.hdf5,1377253120.0,1377257216.0,H1,O4a,0.057752687484025955,122
1377255876.0,1377255908.0,E:\o4a\1376749312\H1_1377253120_1377257216.hdf5,1377253120.0,1377257216.0,H1,O4a,0.0751585140824318,122
1377255940.0,1377255972.0,E:\o4a\1376749312\H1_1377253120_1377257216.hdf5,1377253120.0,1377257216.0,H1,O4a,0.4427412450313568,122
1377256004.0,1377256036.0,E:\o4a\1376749312\H1_1377253120_1377257216.hdf5,1377253120.0,1377257216.0,H1,O4a,0.050439219921827316,122
1377256068.0,1377256100.0,E:\o4a\1376749312\H1_1377253120_1377257216.hdf5,1377253120.0,1377257216.0,H1,O4a,0.057869698852300644,122
1377256132.0,1377256164.0,E:\o4a\1376749312\H1_1377253120_1377257216.hdf5,1377253120.0,1377257216.0,H1,O4a,0.05152387171983719,122
1377256196.0,1377256228.0,E:\o4a\1376749312\H1_1377253120_1377257216.hdf5,1377253120.0,1377257216.0,H1,O4a,0.07935681939125061,122
1377256260.0,1377256292.0,E:\o4a\1376749312\H1_1377253120_1377257216.hdf5,1377253120.0,1377257216.0,H1,O4a,0.05968030169606209,122
1377256324.0,1377256356.0,E:\o4a\1376749312\H1_1377253120_1377257216.hdf5,1377253120.0,1377257216.0,H1,O4a,0.05596503987908363,122
1377326212.0,1377326244.0,E:\o4a\1377267712\H1_1377325056_1377329152.hdf5,1377325056.0,1377329152.0,H1,O4a,0.06632209569215775,123
1377326276.0,1377326308.0,E:\o4a\1377267712\H1_1377325056_1377329152.hdf5,1377325056.0,1377329152.0,H1,O4a,0.07121353596448898,123
1377326340.0,1377326372.0,E:\o4a\1377267712\H1_1377325056_1377329152.hdf5,1377325056.0,1377329152.0,H1,O4a,0.0592278391122818,123
1377326404.0,1377326436.0,E:\o4a\1377267712\H1_1377325056_1377329152.hdf5,1377325056.0,1377329152.0,H1,O4a,0.05902879312634468,123
1377326468.0,1377326500.0,E:\o4a\1377267712\H1_1377325056_1377329152.hdf5,1377325056.0,1377329152.0,H1,O4a,0.06213541701436043,123
1377326532.0,1377326564.0,E:\o4a\1377267712\H1_1377325056_1377329152.hdf5,1377325056.0,1377329152.0,H1,O4a,0.06633689999580383,123
1377326596.0,1377326628.0,E:\o4a\1377267712\H1_1377325056_1377329152.hdf5,1377325056.0,1377329152.0,H1,O4a,0.07576952129602432,123
1377326660.0,1377326692.0,E:\o4a\1377267712\H1_1377325056_1377329152.hdf5,1377325056.0,1377329152.0,H1,O4a,0.057219717651605606,123
1377326724.0,1377326756.0,E:\o4a\1377267712\H1_1377325056_1377329152.hdf5,1377325056.0,1377329152.0,H1,O4a,0.0540345124900341,123
1377326788.0,1377326820.0,E:\o4a\1377267712\H1_1377325056_1377329152.hdf5,1377325056.0,1377329152.0,H1,O4a,0.06483166664838791,123
1377326852.0,1377326884.0,E:\o4a\1377267712\H1_1377325056_1377329152.hdf5,1377325056.0,1377329152.0,H1,O4a,0.06646335870027542,123
1377326916.0,1377326948.0,E:\o4a\1377267712\H1_1377325056_1377329152.hdf5,1377325056.0,1377329152.0,H1,O4a,0.0647725835442543,123
1377326980.0,1377327012.0,E:\o4a\1377267712\H1_1377325056_1377329152.hdf5,1377325056.0,1377329152.0,H1,O4a,0.07216454297304153,123
1377327044.0,1377327076.0,E:\o4a\1377267712\H1_1377325056_1377329152.hdf5,1377325056.0,1377329152.0,H1,O4a,0.058267634361982346,123
1377327108.0,1377327140.0,E:\o4a\1377267712\H1_1377325056_1377329152.hdf5,1377325056.0,1377329152.0,H1,O4a,0.056817442178726196,123
1377327172.0,1377327204.0,E:\o4a\1377267712\H1_1377325056_1377329152.hdf5,1377325056.0,1377329152.0,H1,O4a,0.06611515581607819,123
1377327236.0,1377327268.0,E:\o4a\1377267712\H1_1377325056_1377329152.hdf5,1377325056.0,1377329152.0,H1,O4a,0.07615648210048676,123
1377427460.0,1377427492.0,E:\o4a\1377267712\H1_1377427456_1377431552.hdf5,1377427456.0,1377431552.0,H1,O4a,0.05616474151611328,124
1377427524.0,1377427556.0,E:\o4a\1377267712\H1_1377427456_1377431552.hdf5,1377427456.0,1377431552.0,H1,O4a,0.07355144619941711,124
1377427588.0,1377427620.0,E:\o4a\1377267712\H1_1377427456_1377431552.hdf5,1377427456.0,1377431552.0,H1,O4a,0.059121496975421906,124
1377427652.0,1377427684.0,E:\o4a\1377267712\H1_1377427456_1377431552.hdf5,1377427456.0,1377431552.0,H1,O4a,0.05776287987828255,124
1377427716.0,1377427748.0,E:\o4a\1377267712\H1_1377427456_1377431552.hdf5,1377427456.0,1377431552.0,H1,O4a,0.05807944014668465,124
1377427780.0,1377427812.0,E:\o4a\1377267712\H1_1377427456_1377431552.hdf5,1377427456.0,1377431552.0,H1,O4a,0.05798409879207611,124
1377427844.0,1377427876.0,E:\o4a\1377267712\H1_1377427456_1377431552.hdf5,1377427456.0,1377431552.0,H1,O4a,0.07387326657772064,124
1377427908.0,1377427940.0,E:\o4a\1377267712\H1_1377427456_1377431552.hdf5,1377427456.0,1377431552.0,H1,O4a,0.06446733325719833,124
1377427972.0,1377428004.0,E:\o4a\1377267712\H1_1377427456_1377431552.hdf5,1377427456.0,1377431552.0,H1,O4a,0.07049046456813812,124
1377428036.0,1377428068.0,E:\o4a\1377267712\H1_1377427456_1377431552.hdf5,1377427456.0,1377431552.0,H1,O4a,0.07738763093948364,124
1377428100.0,1377428132.0,E:\o4a\1377267712\H1_1377427456_1377431552.hdf5,1377427456.0,1377431552.0,H1,O4a,0.06716150790452957,124
1377428164.0,1377428196.0,E:\o4a\1377267712\H1_1377427456_1377431552.hdf5,1377427456.0,1377431552.0,H1,O4a,0.11018255352973938,124
1377428228.0,1377428260.0,E:\o4a\1377267712\H1_1377427456_1377431552.hdf5,1377427456.0,1377431552.0,H1,O4a,0.07598400115966797,124
1377428292.0,1377428324.0,E:\o4a\1377267712\H1_1377427456_1377431552.hdf5,1377427456.0,1377431552.0,H1,O4a,0.06014275550842285,124
1377428356.0,1377428388.0,E:\o4a\1377267712\H1_1377427456_1377431552.hdf5,1377427456.0,1377431552.0,H1,O4a,0.07458612322807312,124
1377428420.0,1377428452.0,E:\o4a\1377267712\H1_1377427456_1377431552.hdf5,1377427456.0,1377431552.0,H1,O4a,0.06183956563472748,124
1377428484.0,1377428516.0,E:\o4a\1377267712\H1_1377427456_1377431552.hdf5,1377427456.0,1377431552.0,H1,O4a,0.06471581012010574,124
1377492996.0,1377493028.0,E:\o4a\1377267712\H1_1377492992_1377497088.hdf5,1377492992.0,1377497088.0,H1,O4a,0.05248134955763817,125
1377493060.0,1377493092.0,E:\o4a\1377267712\H1_1377492992_1377497088.hdf5,1377492992.0,1377497088.0,H1,O4a,0.055964212864637375,125
1377493124.0,1377493156.0,E:\o4a\1377267712\H1_1377492992_1377497088.hdf5,1377492992.0,1377497088.0,H1,O4a,0.05966825410723686,125
1377493188.0,1377493220.0,E:\o4a\1377267712\H1_1377492992_1377497088.hdf5,1377492992.0,1377497088.0,H1,O4a,0.06344527751207352,125
1377493252.0,1377493284.0,E:\o4a\1377267712\H1_1377492992_1377497088.hdf5,1377492992.0,1377497088.0,H1,O4a,0.05847491696476936,125
1377493316.0,1377493348.0,E:\o4a\1377267712\H1_1377492992_1377497088.hdf5,1377492992.0,1377497088.0,H1,O4a,0.0640728622674942,125
1377493380.0,1377493412.0,E:\o4a\1377267712\H1_1377492992_1377497088.hdf5,1377492992.0,1377497088.0,H1,O4a,0.05951746925711632,125
1377493444.0,1377493476.0,E:\o4a\1377267712\H1_1377492992_1377497088.hdf5,1377492992.0,1377497088.0,H1,O4a,0.07955148816108704,125
1377493508.0,1377493540.0,E:\o4a\1377267712\H1_1377492992_1377497088.hdf5,1377492992.0,1377497088.0,H1,O4a,0.06238158419728279,125
1377493572.0,1377493604.0,E:\o4a\1377267712\H1_1377492992_1377497088.hdf5,1377492992.0,1377497088.0,H1,O4a,0.10576791316270828,125
1377493636.0,1377493668.0,E:\o4a\1377267712\H1_1377492992_1377497088.hdf5,1377492992.0,1377497088.0,H1,O4a,0.06752931326627731,125
1377493700.0,1377493732.0,E:\o4a\1377267712\H1_1377492992_1377497088.hdf5,1377492992.0,1377497088.0,H1,O4a,0.06872990727424622,125
1377493764.0,1377493796.0,E:\o4a\1377267712\H1_1377492992_1377497088.hdf5,1377492992.0,1377497088.0,H1,O4a,0.05695966258645058,125
1377493828.0,1377493860.0,E:\o4a\1377267712\H1_1377492992_1377497088.hdf5,1377492992.0,1377497088.0,H1,O4a,0.05821917951107025,125
1377493892.0,1377493924.0,E:\o4a\1377267712\H1_1377492992_1377497088.hdf5,1377492992.0,1377497088.0,H1,O4a,0.050940725952386856,125
1377493956.0,1377493988.0,E:\o4a\1377267712\H1_1377492992_1377497088.hdf5,1377492992.0,1377497088.0,H1,O4a,0.05271926522254944,125
1377494020.0,1377494052.0,E:\o4a\1377267712\H1_1377492992_1377497088.hdf5,1377492992.0,1377497088.0,H1,O4a,0.06725151836872101,125
1377535812.0,1377535844.0,E:\o4a\1377267712\H1_1377533952_1377538048.hdf5,1377533952.0,1377538048.0,H1,O4a,0.053795959800481796,126
1377535876.0,1377535908.0,E:\o4a\1377267712\H1_1377533952_1377538048.hdf5,1377533952.0,1377538048.0,H1,O4a,0.05923360213637352,126
1377535940.0,1377535972.0,E:\o4a\1377267712\H1_1377533952_1377538048.hdf5,1377533952.0,1377538048.0,H1,O4a,0.07983756810426712,126
1377536004.0,1377536036.0,E:\o4a\1377267712\H1_1377533952_1377538048.hdf5,1377533952.0,1377538048.0,H1,O4a,0.05774432793259621,126
1377536068.0,1377536100.0,E:\o4a\1377267712\H1_1377533952_1377538048.hdf5,1377533952.0,1377538048.0,H1,O4a,0.0641966238617897,126
1377536132.0,1377536164.0,E:\o4a\1377267712\H1_1377533952_1377538048.hdf5,1377533952.0,1377538048.0,H1,O4a,0.09174052625894547,126
1377536196.0,1377536228.0,E:\o4a\1377267712\H1_1377533952_1377538048.hdf5,1377533952.0,1377538048.0,H1,O4a,0.06035568565130234,126
1377536260.0,1377536292.0,E:\o4a\1377267712\H1_1377533952_1377538048.hdf5,1377533952.0,1377538048.0,H1,O4a,0.05724221095442772,126
1377536324.0,1377536356.0,E:\o4a\1377267712\H1_1377533952_1377538048.hdf5,1377533952.0,1377538048.0,H1,O4a,0.0601905882358551,126
1377536388.0,1377536420.0,E:\o4a\1377267712\H1_1377533952_1377538048.hdf5,1377533952.0,1377538048.0,H1,O4a,0.06296388804912567,126
1377536452.0,1377536484.0,E:\o4a\1377267712\H1_1377533952_1377538048.hdf5,1377533952.0,1377538048.0,H1,O4a,0.06365691870450974,126
1377536516.0,1377536548.0,E:\o4a\1377267712\H1_1377533952_1377538048.hdf5,1377533952.0,1377538048.0,H1,O4a,0.4246596693992615,126
1377536580.0,1377536612.0,E:\o4a\1377267712\H1_1377533952_1377538048.hdf5,1377533952.0,1377538048.0,H1,O4a,0.1271902471780777,126
1377536644.0,1377536676.0,E:\o4a\1377267712\H1_1377533952_1377538048.hdf5,1377533952.0,1377538048.0,H1,O4a,0.06260162591934204,126
1377536708.0,1377536740.0,E:\o4a\1377267712\H1_1377533952_1377538048.hdf5,1377533952.0,1377538048.0,H1,O4a,0.05839972570538521,126
1377536772.0,1377536804.0,E:\o4a\1377267712\H1_1377533952_1377538048.hdf5,1377533952.0,1377538048.0,H1,O4a,0.061620768159627914,126
1377536836.0,1377536868.0,E:\o4a\1377267712\H1_1377533952_1377538048.hdf5,1377533952.0,1377538048.0,H1,O4a,0.06645021587610245,126
1377595396.0,1377595428.0,E:\o4a\1377267712\H1_1377595392_1377599488.hdf5,1377595392.0,1377599488.0,H1,O4a,0.06091458722949028,127
1377595460.0,1377595492.0,E:\o4a\1377267712\H1_1377595392_1377599488.hdf5,1377595392.0,1377599488.0,H1,O4a,0.06251836568117142,127
1377595524.0,1377595556.0,E:\o4a\1377267712\H1_1377595392_1377599488.hdf5,1377595392.0,1377599488.0,H1,O4a,0.05744332820177078,127
1377595588.0,1377595620.0,E:\o4a\1377267712\H1_1377595392_1377599488.hdf5,1377595392.0,1377599488.0,H1,O4a,0.06108209863305092,127
1377595652.0,1377595684.0,E:\o4a\1377267712\H1_1377595392_1377599488.hdf5,1377595392.0,1377599488.0,H1,O4a,0.06456590443849564,127
1377595716.0,1377595748.0,E:\o4a\1377267712\H1_1377595392_1377599488.hdf5,1377595392.0,1377599488.0,H1,O4a,0.059326864778995514,127
1377595780.0,1377595812.0,E:\o4a\1377267712\H1_1377595392_1377599488.hdf5,1377595392.0,1377599488.0,H1,O4a,0.07185183465480804,127
1377595844.0,1377595876.0,E:\o4a\1377267712\H1_1377595392_1377599488.hdf5,1377595392.0,1377599488.0,H1,O4a,0.07317493855953217,127
1377595908.0,1377595940.0,E:\o4a\1377267712\H1_1377595392_1377599488.hdf5,1377595392.0,1377599488.0,H1,O4a,0.056527383625507355,127
1377595972.0,1377596004.0,E:\o4a\1377267712\H1_1377595392_1377599488.hdf5,1377595392.0,1377599488.0,H1,O4a,0.06713028252124786,127
1377596036.0,1377596068.0,E:\o4a\1377267712\H1_1377595392_1377599488.hdf5,1377595392.0,1377599488.0,H1,O4a,0.0720239207148552,127
1377596100.0,1377596132.0,E:\o4a\1377267712\H1_1377595392_1377599488.hdf5,1377595392.0,1377599488.0,H1,O4a,0.07280804216861725,127
1377596164.0,1377596196.0,E:\o4a\1377267712\H1_1377595392_1377599488.hdf5,1377595392.0,1377599488.0,H1,O4a,0.07894110679626465,127
1377596228.0,1377596260.0,E:\o4a\1377267712\H1_1377595392_1377599488.hdf5,1377595392.0,1377599488.0,H1,O4a,0.08321749418973923,127
1377596292.0,1377596324.0,E:\o4a\1377267712\H1_1377595392_1377599488.hdf5,1377595392.0,1377599488.0,H1,O4a,0.06444542855024338,127
1377596356.0,1377596388.0,E:\o4a\1377267712\H1_1377595392_1377599488.hdf5,1377595392.0,1377599488.0,H1,O4a,0.05839288979768753,127
1377596420.0,1377596452.0,E:\o4a\1377267712\H1_1377595392_1377599488.hdf5,1377595392.0,1377599488.0,H1,O4a,0.07954145222902298,127
1377646724.0,1377646756.0,E:\o4a\1377267712\H1_1377644544_1377648640.hdf5,1377644544.0,1377648640.0,H1,O4a,0.06594269722700119,128
1377646788.0,1377646820.0,E:\o4a\1377267712\H1_1377644544_1377648640.hdf5,1377644544.0,1377648640.0,H1,O4a,0.06886505335569382,128
1377646852.0,1377646884.0,E:\o4a\1377267712\H1_1377644544_1377648640.hdf5,1377644544.0,1377648640.0,H1,O4a,0.08061619102954865,128
1377646916.0,1377646948.0,E:\o4a\1377267712\H1_1377644544_1377648640.hdf5,1377644544.0,1377648640.0,H1,O4a,0.052060723304748535,128
1377646980.0,1377647012.0,E:\o4a\1377267712\H1_1377644544_1377648640.hdf5,1377644544.0,1377648640.0,H1,O4a,0.06171516701579094,128
1377647044.0,1377647076.0,E:\o4a\1377267712\H1_1377644544_1377648640.hdf5,1377644544.0,1377648640.0,H1,O4a,0.06508824974298477,128
1377647108.0,1377647140.0,E:\o4a\1377267712\H1_1377644544_1377648640.hdf5,1377644544.0,1377648640.0,H1,O4a,0.0563800185918808,128
1377647172.0,1377647204.0,E:\o4a\1377267712\H1_1377644544_1377648640.hdf5,1377644544.0,1377648640.0,H1,O4a,0.05835845321416855,128
1377647236.0,1377647268.0,E:\o4a\1377267712\H1_1377644544_1377648640.hdf5,1377644544.0,1377648640.0,H1,O4a,0.061164744198322296,128
1377647300.0,1377647332.0,E:\o4a\1377267712\H1_1377644544_1377648640.hdf5,1377644544.0,1377648640.0,H1,O4a,0.07547604292631149,128
1377647364.0,1377647396.0,E:\o4a\1377267712\H1_1377644544_1377648640.hdf5,1377644544.0,1377648640.0,H1,O4a,0.06540130823850632,128
1377647428.0,1377647460.0,E:\o4a\1377267712\H1_1377644544_1377648640.hdf5,1377644544.0,1377648640.0,H1,O4a,0.08074690401554108,128
1377647492.0,1377647524.0,E:\o4a\1377267712\H1_1377644544_1377648640.hdf5,1377644544.0,1377648640.0,H1,O4a,0.0885893777012825,128
1377647556.0,1377647588.0,E:\o4a\1377267712\H1_1377644544_1377648640.hdf5,1377644544.0,1377648640.0,H1,O4a,0.05821807309985161,128
1377647620.0,1377647652.0,E:\o4a\1377267712\H1_1377644544_1377648640.hdf5,1377644544.0,1377648640.0,H1,O4a,0.06690032035112381,128
1377647684.0,1377647716.0,E:\o4a\1377267712\H1_1377644544_1377648640.hdf5,1377644544.0,1377648640.0,H1,O4a,0.05917887017130852,128
1377647748.0,1377647780.0,E:\o4a\1377267712\H1_1377644544_1377648640.hdf5,1377644544.0,1377648640.0,H1,O4a,0.06350986659526825,128
1377697796.0,1377697828.0,E:\o4a\1377267712\H1_1377697792_1377701888.hdf5,1377697792.0,1377701888.0,H1,O4a,0.056073881685733795,129
1377697860.0,1377697892.0,E:\o4a\1377267712\H1_1377697792_1377701888.hdf5,1377697792.0,1377701888.0,H1,O4a,0.05216289684176445,129
1377697924.0,1377697956.0,E:\o4a\1377267712\H1_1377697792_1377701888.hdf5,1377697792.0,1377701888.0,H1,O4a,0.056861843913793564,129
1377697988.0,1377698020.0,E:\o4a\1377267712\H1_1377697792_1377701888.hdf5,1377697792.0,1377701888.0,H1,O4a,0.05751364305615425,129
1377698052.0,1377698084.0,E:\o4a\1377267712\H1_1377697792_1377701888.hdf5,1377697792.0,1377701888.0,H1,O4a,0.07151471823453903,129
1377698116.0,1377698148.0,E:\o4a\1377267712\H1_1377697792_1377701888.hdf5,1377697792.0,1377701888.0,H1,O4a,0.06582164019346237,129
1377698180.0,1377698212.0,E:\o4a\1377267712\H1_1377697792_1377701888.hdf5,1377697792.0,1377701888.0,H1,O4a,0.06100687012076378,129
1377698244.0,1377698276.0,E:\o4a\1377267712\H1_1377697792_1377701888.hdf5,1377697792.0,1377701888.0,H1,O4a,0.09392563998699188,129
1377698308.0,1377698340.0,E:\o4a\1377267712\H1_1377697792_1377701888.hdf5,1377697792.0,1377701888.0,H1,O4a,0.06081176549196243,129
1377698372.0,1377698404.0,E:\o4a\1377267712\H1_1377697792_1377701888.hdf5,1377697792.0,1377701888.0,H1,O4a,0.05596952512860298,129
1377698436.0,1377698468.0,E:\o4a\1377267712\H1_1377697792_1377701888.hdf5,1377697792.0,1377701888.0,H1,O4a,0.05331651493906975,129
1377698500.0,1377698532.0,E:\o4a\1377267712\H1_1377697792_1377701888.hdf5,1377697792.0,1377701888.0,H1,O4a,0.07339877635240555,129
1377698564.0,1377698596.0,E:\o4a\1377267712\H1_1377697792_1377701888.hdf5,1377697792.0,1377701888.0,H1,O4a,0.06251286715269089,129
1377698628.0,1377698660.0,E:\o4a\1377267712\H1_1377697792_1377701888.hdf5,1377697792.0,1377701888.0,H1,O4a,0.06911522150039673,129
1377698692.0,1377698724.0,E:\o4a\1377267712\H1_1377697792_1377701888.hdf5,1377697792.0,1377701888.0,H1,O4a,0.06660392135381699,129
1377698756.0,1377698788.0,E:\o4a\1377267712\H1_1377697792_1377701888.hdf5,1377697792.0,1377701888.0,H1,O4a,0.060522206127643585,129
1377698820.0,1377698852.0,E:\o4a\1377267712\H1_1377697792_1377701888.hdf5,1377697792.0,1377701888.0,H1,O4a,0.08746542781591415,129
1377743940.0,1377743972.0,E:\o4a\1377267712\H1_1377742848_1377746944.hdf5,1377742848.0,1377746944.0,H1,O4a,0.06268773227930069,130
1377744004.0,1377744036.0,E:\o4a\1377267712\H1_1377742848_1377746944.hdf5,1377742848.0,1377746944.0,H1,O4a,0.07594311982393265,130
1377744068.0,1377744100.0,E:\o4a\1377267712\H1_1377742848_1377746944.hdf5,1377742848.0,1377746944.0,H1,O4a,0.05690433457493782,130
1377744132.0,1377744164.0,E:\o4a\1377267712\H1_1377742848_1377746944.hdf5,1377742848.0,1377746944.0,H1,O4a,0.08025145530700684,130
1377744196.0,1377744228.0,E:\o4a\1377267712\H1_1377742848_1377746944.hdf5,1377742848.0,1377746944.0,H1,O4a,0.08807230740785599,130
1377744260.0,1377744292.0,E:\o4a\1377267712\H1_1377742848_1377746944.hdf5,1377742848.0,1377746944.0,H1,O4a,0.0669604018330574,130
1377744324.0,1377744356.0,E:\o4a\1377267712\H1_1377742848_1377746944.hdf5,1377742848.0,1377746944.0,H1,O4a,0.08301445841789246,130
1377744388.0,1377744420.0,E:\o4a\1377267712\H1_1377742848_1377746944.hdf5,1377742848.0,1377746944.0,H1,O4a,0.07023490220308304,130
1377744452.0,1377744484.0,E:\o4a\1377267712\H1_1377742848_1377746944.hdf5,1377742848.0,1377746944.0,H1,O4a,0.05318225175142288,130
1377744516.0,1377744548.0,E:\o4a\1377267712\H1_1377742848_1377746944.hdf5,1377742848.0,1377746944.0,H1,O4a,0.05475478246808052,130
1377744580.0,1377744612.0,E:\o4a\1377267712\H1_1377742848_1377746944.hdf5,1377742848.0,1377746944.0,H1,O4a,0.060825977474451065,130
1377744644.0,1377744676.0,E:\o4a\1377267712\H1_1377742848_1377746944.hdf5,1377742848.0,1377746944.0,H1,O4a,0.06104789674282074,130
1377744708.0,1377744740.0,E:\o4a\1377267712\H1_1377742848_1377746944.hdf5,1377742848.0,1377746944.0,H1,O4a,0.06662586331367493,130
1377744772.0,1377744804.0,E:\o4a\1377267712\H1_1377742848_1377746944.hdf5,1377742848.0,1377746944.0,H1,O4a,0.06348247826099396,130
1377744836.0,1377744868.0,E:\o4a\1377267712\H1_1377742848_1377746944.hdf5,1377742848.0,1377746944.0,H1,O4a,0.06804720312356949,130
1377744900.0,1377744932.0,E:\o4a\1377267712\H1_1377742848_1377746944.hdf5,1377742848.0,1377746944.0,H1,O4a,0.06750110536813736,130
1377744964.0,1377744996.0,E:\o4a\1377267712\H1_1377742848_1377746944.hdf5,1377742848.0,1377746944.0,H1,O4a,0.06013815477490425,130
1377802500.0,1377802532.0,E:\o4a\1377786112\H1_1377802496_1377806592.hdf5,1377802496.0,1377806592.0,H1,O4a,0.0571548230946064,131
1377802564.0,1377802596.0,E:\o4a\1377786112\H1_1377802496_1377806592.hdf5,1377802496.0,1377806592.0,H1,O4a,0.07860579341650009,131
1377802628.0,1377802660.0,E:\o4a\1377786112\H1_1377802496_1377806592.hdf5,1377802496.0,1377806592.0,H1,O4a,0.06472370028495789,131
1377802692.0,1377802724.0,E:\o4a\1377786112\H1_1377802496_1377806592.hdf5,1377802496.0,1377806592.0,H1,O4a,0.056982070207595825,131
1377802756.0,1377802788.0,E:\o4a\1377786112\H1_1377802496_1377806592.hdf5,1377802496.0,1377806592.0,H1,O4a,0.06774279475212097,131
1377802820.0,1377802852.0,E:\o4a\1377786112\H1_1377802496_1377806592.hdf5,1377802496.0,1377806592.0,H1,O4a,0.08549733459949493,131
1377802884.0,1377802916.0,E:\o4a\1377786112\H1_1377802496_1377806592.hdf5,1377802496.0,1377806592.0,H1,O4a,0.05941681191325188,131
1377802948.0,1377802980.0,E:\o4a\1377786112\H1_1377802496_1377806592.hdf5,1377802496.0,1377806592.0,H1,O4a,0.07046126574277878,131
1377803012.0,1377803044.0,E:\o4a\1377786112\H1_1377802496_1377806592.hdf5,1377802496.0,1377806592.0,H1,O4a,0.0627022236585617,131
1377803076.0,1377803108.0,E:\o4a\1377786112\H1_1377802496_1377806592.hdf5,1377802496.0,1377806592.0,H1,O4a,0.06209854409098625,131
1377803140.0,1377803172.0,E:\o4a\1377786112\H1_1377802496_1377806592.hdf5,1377802496.0,1377806592.0,H1,O4a,0.07269755750894547,131
1377803204.0,1377803236.0,E:\o4a\1377786112\H1_1377802496_1377806592.hdf5,1377802496.0,1377806592.0,H1,O4a,0.06344985961914062,131
1377803268.0,1377803300.0,E:\o4a\1377786112\H1_1377802496_1377806592.hdf5,1377802496.0,1377806592.0,H1,O4a,0.06212534010410309,131
1377803332.0,1377803364.0,E:\o4a\1377786112\H1_1377802496_1377806592.hdf5,1377802496.0,1377806592.0,H1,O4a,0.07905829697847366,131
1377803396.0,1377803428.0,E:\o4a\1377786112\H1_1377802496_1377806592.hdf5,1377802496.0,1377806592.0,H1,O4a,0.06435369700193405,131
1377803460.0,1377803492.0,E:\o4a\1377786112\H1_1377802496_1377806592.hdf5,1377802496.0,1377806592.0,H1,O4a,0.059243589639663696,131
1377803524.0,1377803556.0,E:\o4a\1377786112\H1_1377802496_1377806592.hdf5,1377802496.0,1377806592.0,H1,O4a,0.055890314280986786,131
1377858052.0,1377858084.0,E:\o4a\1377786112\H1_1377855744_1377859840.hdf5,1377855744.0,1377859840.0,H1,O4a,0.05690620094537735,132
1377858116.0,1377858148.0,E:\o4a\1377786112\H1_1377855744_1377859840.hdf5,1377855744.0,1377859840.0,H1,O4a,0.05530010163784027,132
1377858180.0,1377858212.0,E:\o4a\1377786112\H1_1377855744_1377859840.hdf5,1377855744.0,1377859840.0,H1,O4a,0.06438829004764557,132
1377858244.0,1377858276.0,E:\o4a\1377786112\H1_1377855744_1377859840.hdf5,1377855744.0,1377859840.0,H1,O4a,0.06044571474194527,132
1377858308.0,1377858340.0,E:\o4a\1377786112\H1_1377855744_1377859840.hdf5,1377855744.0,1377859840.0,H1,O4a,0.0599355548620224,132
1377858372.0,1377858404.0,E:\o4a\1377786112\H1_1377855744_1377859840.hdf5,1377855744.0,1377859840.0,H1,O4a,0.06467317044734955,132
1377858436.0,1377858468.0,E:\o4a\1377786112\H1_1377855744_1377859840.hdf5,1377855744.0,1377859840.0,H1,O4a,0.056369341909885406,132
1377858500.0,1377858532.0,E:\o4a\1377786112\H1_1377855744_1377859840.hdf5,1377855744.0,1377859840.0,H1,O4a,0.07504428923130035,132
1377858564.0,1377858596.0,E:\o4a\1377786112\H1_1377855744_1377859840.hdf5,1377855744.0,1377859840.0,H1,O4a,0.07150448858737946,132
1377858628.0,1377858660.0,E:\o4a\1377786112\H1_1377855744_1377859840.hdf5,1377855744.0,1377859840.0,H1,O4a,0.06823160499334335,132
1377858692.0,1377858724.0,E:\o4a\1377786112\H1_1377855744_1377859840.hdf5,1377855744.0,1377859840.0,H1,O4a,0.08549074828624725,132
1377858756.0,1377858788.0,E:\o4a\1377786112\H1_1377855744_1377859840.hdf5,1377855744.0,1377859840.0,H1,O4a,0.06827099621295929,132
1377858820.0,1377858852.0,E:\o4a\1377786112\H1_1377855744_1377859840.hdf5,1377855744.0,1377859840.0,H1,O4a,0.07701990008354187,132
1377858884.0,1377858916.0,E:\o4a\1377786112\H1_1377855744_1377859840.hdf5,1377855744.0,1377859840.0,H1,O4a,0.06458818912506104,132
1377858948.0,1377858980.0,E:\o4a\1377786112\H1_1377855744_1377859840.hdf5,1377855744.0,1377859840.0,H1,O4a,0.059881385415792465,132
1377859012.0,1377859044.0,E:\o4a\1377786112\H1_1377855744_1377859840.hdf5,1377855744.0,1377859840.0,H1,O4a,0.06720104068517685,132
1377859076.0,1377859108.0,E:\o4a\1377786112\H1_1377855744_1377859840.hdf5,1377855744.0,1377859840.0,H1,O4a,0.06328773498535156,132
1377998020.0,1377998052.0,E:\o4a\1377786112\H1_1377995008_1377999104.hdf5,1377995008.0,1377999104.0,H1,O4a,0.056332774460315704,134
1377998084.0,1377998116.0,E:\o4a\1377786112\H1_1377995008_1377999104.hdf5,1377995008.0,1377999104.0,H1,O4a,0.06102597713470459,134
1377998148.0,1377998180.0,E:\o4a\1377786112\H1_1377995008_1377999104.hdf5,1377995008.0,1377999104.0,H1,O4a,0.06310704350471497,134
1377998212.0,1377998244.0,E:\o4a\1377786112\H1_1377995008_1377999104.hdf5,1377995008.0,1377999104.0,H1,O4a,0.05439409986138344,134
1377998276.0,1377998308.0,E:\o4a\1377786112\H1_1377995008_1377999104.hdf5,1377995008.0,1377999104.0,H1,O4a,0.05844166502356529,134
1377998340.0,1377998372.0,E:\o4a\1377786112\H1_1377995008_1377999104.hdf5,1377995008.0,1377999104.0,H1,O4a,0.06275767087936401,134
1377998404.0,1377998436.0,E:\o4a\1377786112\H1_1377995008_1377999104.hdf5,1377995008.0,1377999104.0,H1,O4a,0.06825394183397293,134
1377998468.0,1377998500.0,E:\o4a\1377786112\H1_1377995008_1377999104.hdf5,1377995008.0,1377999104.0,H1,O4a,0.07727883011102676,134
1377998532.0,1377998564.0,E:\o4a\1377786112\H1_1377995008_1377999104.hdf5,1377995008.0,1377999104.0,H1,O4a,0.06840357929468155,134
1377998596.0,1377998628.0,E:\o4a\1377786112\H1_1377995008_1377999104.hdf5,1377995008.0,1377999104.0,H1,O4a,0.08381929248571396,134
1377998660.0,1377998692.0,E:\o4a\1377786112\H1_1377995008_1377999104.hdf5,1377995008.0,1377999104.0,H1,O4a,0.1058298796415329,134
1377998724.0,1377998756.0,E:\o4a\1377786112\H1_1377995008_1377999104.hdf5,1377995008.0,1377999104.0,H1,O4a,0.07111161202192307,134
1377998788.0,1377998820.0,E:\o4a\1377786112\H1_1377995008_1377999104.hdf5,1377995008.0,1377999104.0,H1,O4a,0.06092957779765129,134
1377998852.0,1377998884.0,E:\o4a\1377786112\H1_1377995008_1377999104.hdf5,1377995008.0,1377999104.0,H1,O4a,0.056784484535455704,134
1377998916.0,1377998948.0,E:\o4a\1377786112\H1_1377995008_1377999104.hdf5,1377995008.0,1377999104.0,H1,O4a,0.06766780465841293,134
1377998980.0,1377999012.0,E:\o4a\1377786112\H1_1377995008_1377999104.hdf5,1377995008.0,1377999104.0,H1,O4a,0.07978221774101257,134
1377999044.0,1377999076.0,E:\o4a\1377786112\H1_1377995008_1377999104.hdf5,1377995008.0,1377999104.0,H1,O4a,0.07065664976835251,134
1378041860.0,1378041892.0,E:\o4a\1377786112\H1_1378040064_1378044160.hdf5,1378040064.0,1378044160.0,H1,O4a,0.06151583790779114,135
1378041924.0,1378041956.0,E:\o4a\1377786112\H1_1378040064_1378044160.hdf5,1378040064.0,1378044160.0,H1,O4a,0.053116876631975174,135
1378041988.0,1378042020.0,E:\o4a\1377786112\H1_1378040064_1378044160.hdf5,1378040064.0,1378044160.0,H1,O4a,0.06594806909561157,135
1378042052.0,1378042084.0,E:\o4a\1377786112\H1_1378040064_1378044160.hdf5,1378040064.0,1378044160.0,H1,O4a,0.050755150616168976,135
1378042116.0,1378042148.0,E:\o4a\1377786112\H1_1378040064_1378044160.hdf5,1378040064.0,1378044160.0,H1,O4a,0.06051628664135933,135
1378042180.0,1378042212.0,E:\o4a\1377786112\H1_1378040064_1378044160.hdf5,1378040064.0,1378044160.0,H1,O4a,0.056647852063179016,135
1378042244.0,1378042276.0,E:\o4a\1377786112\H1_1378040064_1378044160.hdf5,1378040064.0,1378044160.0,H1,O4a,0.05432143807411194,135
1378042308.0,1378042340.0,E:\o4a\1377786112\H1_1378040064_1378044160.hdf5,1378040064.0,1378044160.0,H1,O4a,0.05858081206679344,135
1378042372.0,1378042404.0,E:\o4a\1377786112\H1_1378040064_1378044160.hdf5,1378040064.0,1378044160.0,H1,O4a,0.06539702415466309,135
1378042436.0,1378042468.0,E:\o4a\1377786112\H1_1378040064_1378044160.hdf5,1378040064.0,1378044160.0,H1,O4a,0.06347160041332245,135
1378042500.0,1378042532.0,E:\o4a\1377786112\H1_1378040064_1378044160.hdf5,1378040064.0,1378044160.0,H1,O4a,0.053648561239242554,135
1378042564.0,1378042596.0,E:\o4a\1377786112\H1_1378040064_1378044160.hdf5,1378040064.0,1378044160.0,H1,O4a,0.06076953187584877,135
1378042628.0,1378042660.0,E:\o4a\1377786112\H1_1378040064_1378044160.hdf5,1378040064.0,1378044160.0,H1,O4a,0.056712158024311066,135
1378042692.0,1378042724.0,E:\o4a\1377786112\H1_1378040064_1378044160.hdf5,1378040064.0,1378044160.0,H1,O4a,0.06250481307506561,135
1378042756.0,1378042788.0,E:\o4a\1377786112\H1_1378040064_1378044160.hdf5,1378040064.0,1378044160.0,H1,O4a,0.062344741076231,135
1378042820.0,1378042852.0,E:\o4a\1377786112\H1_1378040064_1378044160.hdf5,1378040064.0,1378044160.0,H1,O4a,0.0663047805428505,135
1378042884.0,1378042916.0,E:\o4a\1377786112\H1_1378040064_1378044160.hdf5,1378040064.0,1378044160.0,H1,O4a,0.05701204389333725,135
1378108548.0,1378108580.0,E:\o4a\1377786112\H1_1378105600_1378109696.hdf5,1378105600.0,1378109696.0,H1,O4a,0.06367630511522293,136
1378108612.0,1378108644.0,E:\o4a\1377786112\H1_1378105600_1378109696.hdf5,1378105600.0,1378109696.0,H1,O4a,0.057311106473207474,136
1378108676.0,1378108708.0,E:\o4a\1377786112\H1_1378105600_1378109696.hdf5,1378105600.0,1378109696.0,H1,O4a,0.06776421517133713,136
1378108740.0,1378108772.0,E:\o4a\1377786112\H1_1378105600_1378109696.hdf5,1378105600.0,1378109696.0,H1,O4a,0.06594554334878922,136
1378108804.0,1378108836.0,E:\o4a\1377786112\H1_1378105600_1378109696.hdf5,1378105600.0,1378109696.0,H1,O4a,0.05862046778202057,136
1378108868.0,1378108900.0,E:\o4a\1377786112\H1_1378105600_1378109696.hdf5,1378105600.0,1378109696.0,H1,O4a,0.04973908141255379,136
1378108932.0,1378108964.0,E:\o4a\1377786112\H1_1378105600_1378109696.hdf5,1378105600.0,1378109696.0,H1,O4a,0.06104232370853424,136
1378108996.0,1378109028.0,E:\o4a\1377786112\H1_1378105600_1378109696.hdf5,1378105600.0,1378109696.0,H1,O4a,0.06815972179174423,136
1378109060.0,1378109092.0,E:\o4a\1377786112\H1_1378105600_1378109696.hdf5,1378105600.0,1378109696.0,H1,O4a,0.061903588473796844,136
1378109124.0,1378109156.0,E:\o4a\1377786112\H1_1378105600_1378109696.hdf5,1378105600.0,1378109696.0,H1,O4a,0.06583987921476364,136
1378109188.0,1378109220.0,E:\o4a\1377786112\H1_1378105600_1378109696.hdf5,1378105600.0,1378109696.0,H1,O4a,0.05702090263366699,136
1378109252.0,1378109284.0,E:\o4a\1377786112\H1_1378105600_1378109696.hdf5,1378105600.0,1378109696.0,H1,O4a,0.06921140104532242,136
1378109316.0,1378109348.0,E:\o4a\1377786112\H1_1378105600_1378109696.hdf5,1378105600.0,1378109696.0,H1,O4a,0.062491051852703094,136
1378109380.0,1378109412.0,E:\o4a\1377786112\H1_1378105600_1378109696.hdf5,1378105600.0,1378109696.0,H1,O4a,0.0810079425573349,136
1378109444.0,1378109476.0,E:\o4a\1377786112\H1_1378105600_1378109696.hdf5,1378105600.0,1378109696.0,H1,O4a,0.05481298640370369,136
1378109508.0,1378109540.0,E:\o4a\1377786112\H1_1378105600_1378109696.hdf5,1378105600.0,1378109696.0,H1,O4a,0.06300153583288193,136
1378109572.0,1378109604.0,E:\o4a\1377786112\H1_1378105600_1378109696.hdf5,1378105600.0,1378109696.0,H1,O4a,0.05855436995625496,136
1378160836.0,1378160868.0,E:\o4a\1377786112\H1_1378158848_1378162944.hdf5,1378158848.0,1378162944.0,H1,O4a,0.16952434182167053,137
1378160900.0,1378160932.0,E:\o4a\1377786112\H1_1378158848_1378162944.hdf5,1378158848.0,1378162944.0,H1,O4a,0.06154920905828476,137
1378160964.0,1378160996.0,E:\o4a\1377786112\H1_1378158848_1378162944.hdf5,1378158848.0,1378162944.0,H1,O4a,0.056379348039627075,137
1378161028.0,1378161060.0,E:\o4a\1377786112\H1_1378158848_1378162944.hdf5,1378158848.0,1378162944.0,H1,O4a,0.05777839943766594,137
1378161092.0,1378161124.0,E:\o4a\1377786112\H1_1378158848_1378162944.hdf5,1378158848.0,1378162944.0,H1,O4a,0.06395696848630905,137
1378161156.0,1378161188.0,E:\o4a\1377786112\H1_1378158848_1378162944.hdf5,1378158848.0,1378162944.0,H1,O4a,0.06124511733651161,137
1378161220.0,1378161252.0,E:\o4a\1377786112\H1_1378158848_1378162944.hdf5,1378158848.0,1378162944.0,H1,O4a,0.05151769146323204,137
1378161284.0,1378161316.0,E:\o4a\1377786112\H1_1378158848_1378162944.hdf5,1378158848.0,1378162944.0,H1,O4a,0.07515796273946762,137
1378161348.0,1378161380.0,E:\o4a\1377786112\H1_1378158848_1378162944.hdf5,1378158848.0,1378162944.0,H1,O4a,0.05809846520423889,137
1378161412.0,1378161444.0,E:\o4a\1377786112\H1_1378158848_1378162944.hdf5,1378158848.0,1378162944.0,H1,O4a,0.05921735614538193,137
1378161476.0,1378161508.0,E:\o4a\1377786112\H1_1378158848_1378162944.hdf5,1378158848.0,1378162944.0,H1,O4a,0.058554068207740784,137
1378161540.0,1378161572.0,E:\o4a\1377786112\H1_1378158848_1378162944.hdf5,1378158848.0,1378162944.0,H1,O4a,0.0717126876115799,137
1378161604.0,1378161636.0,E:\o4a\1377786112\H1_1378158848_1378162944.hdf5,1378158848.0,1378162944.0,H1,O4a,0.08059415221214294,137
1378161668.0,1378161700.0,E:\o4a\1377786112\H1_1378158848_1378162944.hdf5,1378158848.0,1378162944.0,H1,O4a,0.06643552333116531,137
1378161732.0,1378161764.0,E:\o4a\1377786112\H1_1378158848_1378162944.hdf5,1378158848.0,1378162944.0,H1,O4a,0.06972042471170425,137
1378161796.0,1378161828.0,E:\o4a\1377786112\H1_1378158848_1378162944.hdf5,1378158848.0,1378162944.0,H1,O4a,0.058967575430870056,137
1378161860.0,1378161892.0,E:\o4a\1377786112\H1_1378158848_1378162944.hdf5,1378158848.0,1378162944.0,H1,O4a,0.06969431042671204,137
1378241860.0,1378241892.0,E:\o4a\1377786112\H1_1378240768_1378244864.hdf5,1378240768.0,1378244864.0,H1,O4a,0.06756586581468582,138
1378241924.0,1378241956.0,E:\o4a\1377786112\H1_1378240768_1378244864.hdf5,1378240768.0,1378244864.0,H1,O4a,0.06189213693141937,138
1378241988.0,1378242020.0,E:\o4a\1377786112\H1_1378240768_1378244864.hdf5,1378240768.0,1378244864.0,H1,O4a,0.06344769895076752,138
1378242052.0,1378242084.0,E:\o4a\1377786112\H1_1378240768_1378244864.hdf5,1378240768.0,1378244864.0,H1,O4a,0.054008349776268005,138
1378242116.0,1378242148.0,E:\o4a\1377786112\H1_1378240768_1378244864.hdf5,1378240768.0,1378244864.0,H1,O4a,0.07646375149488449,138
1378242180.0,1378242212.0,E:\o4a\1377786112\H1_1378240768_1378244864.hdf5,1378240768.0,1378244864.0,H1,O4a,0.05245024338364601,138
1378242244.0,1378242276.0,E:\o4a\1377786112\H1_1378240768_1378244864.hdf5,1378240768.0,1378244864.0,H1,O4a,0.06542263180017471,138
1378242308.0,1378242340.0,E:\o4a\1377786112\H1_1378240768_1378244864.hdf5,1378240768.0,1378244864.0,H1,O4a,0.07734125852584839,138
1378242372.0,1378242404.0,E:\o4a\1377786112\H1_1378240768_1378244864.hdf5,1378240768.0,1378244864.0,H1,O4a,0.05949448049068451,138
1378242436.0,1378242468.0,E:\o4a\1377786112\H1_1378240768_1378244864.hdf5,1378240768.0,1378244864.0,H1,O4a,0.06503304094076157,138
1378242500.0,1378242532.0,E:\o4a\1377786112\H1_1378240768_1378244864.hdf5,1378240768.0,1378244864.0,H1,O4a,0.16188853979110718,138
1378242564.0,1378242596.0,E:\o4a\1377786112\H1_1378240768_1378244864.hdf5,1378240768.0,1378244864.0,H1,O4a,0.060324233025312424,138
1378242628.0,1378242660.0,E:\o4a\1377786112\H1_1378240768_1378244864.hdf5,1378240768.0,1378244864.0,H1,O4a,0.06909222155809402,138
1378242692.0,1378242724.0,E:\o4a\1377786112\H1_1378240768_1378244864.hdf5,1378240768.0,1378244864.0,H1,O4a,0.058884914964437485,138
1378242756.0,1378242788.0,E:\o4a\1377786112\H1_1378240768_1378244864.hdf5,1378240768.0,1378244864.0,H1,O4a,0.06269268691539764,138
1378242820.0,1378242852.0,E:\o4a\1377786112\H1_1378240768_1378244864.hdf5,1378240768.0,1378244864.0,H1,O4a,0.05682696774601936,138
1378242884.0,1378242916.0,E:\o4a\1377786112\H1_1378240768_1378244864.hdf5,1378240768.0,1378244864.0,H1,O4a,0.05830657482147217,138
1378314436.0,1378314468.0,E:\o4a\1378304512\H1_1378312704_1378316800.hdf5,1378312704.0,1378316800.0,H1,O4a,0.09146763384342194,139
1378314500.0,1378314532.0,E:\o4a\1378304512\H1_1378312704_1378316800.hdf5,1378312704.0,1378316800.0,H1,O4a,0.06843555718660355,139
1378314564.0,1378314596.0,E:\o4a\1378304512\H1_1378312704_1378316800.hdf5,1378312704.0,1378316800.0,H1,O4a,0.0643434226512909,139
1378314628.0,1378314660.0,E:\o4a\1378304512\H1_1378312704_1378316800.hdf5,1378312704.0,1378316800.0,H1,O4a,0.05902452394366264,139
1378314692.0,1378314724.0,E:\o4a\1378304512\H1_1378312704_1378316800.hdf5,1378312704.0,1378316800.0,H1,O4a,0.07095938175916672,139
1378314756.0,1378314788.0,E:\o4a\1378304512\H1_1378312704_1378316800.hdf5,1378312704.0,1378316800.0,H1,O4a,0.0739222839474678,139
1378314820.0,1378314852.0,E:\o4a\1378304512\H1_1378312704_1378316800.hdf5,1378312704.0,1378316800.0,H1,O4a,0.0680391937494278,139
1378314884.0,1378314916.0,E:\o4a\1378304512\H1_1378312704_1378316800.hdf5,1378312704.0,1378316800.0,H1,O4a,0.06828004866838455,139
1378314948.0,1378314980.0,E:\o4a\1378304512\H1_1378312704_1378316800.hdf5,1378312704.0,1378316800.0,H1,O4a,0.06677661091089249,139
1378315012.0,1378315044.0,E:\o4a\1378304512\H1_1378312704_1378316800.hdf5,1378312704.0,1378316800.0,H1,O4a,0.06401266157627106,139
1378315076.0,1378315108.0,E:\o4a\1378304512\H1_1378312704_1378316800.hdf5,1378312704.0,1378316800.0,H1,O4a,0.05738632008433342,139
1378315140.0,1378315172.0,E:\o4a\1378304512\H1_1378312704_1378316800.hdf5,1378312704.0,1378316800.0,H1,O4a,0.055385906249284744,139
1378315204.0,1378315236.0,E:\o4a\1378304512\H1_1378312704_1378316800.hdf5,1378312704.0,1378316800.0,H1,O4a,0.05098662152886391,139
1378315268.0,1378315300.0,E:\o4a\1378304512\H1_1378312704_1378316800.hdf5,1378312704.0,1378316800.0,H1,O4a,0.06123751774430275,139
1378315332.0,1378315364.0,E:\o4a\1378304512\H1_1378312704_1378316800.hdf5,1378312704.0,1378316800.0,H1,O4a,0.0624869279563427,139
1378315396.0,1378315428.0,E:\o4a\1378304512\H1_1378312704_1378316800.hdf5,1378312704.0,1378316800.0,H1,O4a,0.05569933354854584,139
1378315460.0,1378315492.0,E:\o4a\1378304512\H1_1378312704_1378316800.hdf5,1378312704.0,1378316800.0,H1,O4a,0.06558749824762344,139
1378406916.0,1378406948.0,E:\o4a\1378304512\H1_1378406912_1378411008.hdf5,1378406912.0,1378411008.0,H1,O4a,0.06800128519535065,141
1378406980.0,1378407012.0,E:\o4a\1378304512\H1_1378406912_1378411008.hdf5,1378406912.0,1378411008.0,H1,O4a,0.06782189756631851,141
1378407044.0,1378407076.0,E:\o4a\1378304512\H1_1378406912_1378411008.hdf5,1378406912.0,1378411008.0,H1,O4a,0.11027663201093674,141
1378407108.0,1378407140.0,E:\o4a\1378304512\H1_1378406912_1378411008.hdf5,1378406912.0,1378411008.0,H1,O4a,0.057772450149059296,141
1378407172.0,1378407204.0,E:\o4a\1378304512\H1_1378406912_1378411008.hdf5,1378406912.0,1378411008.0,H1,O4a,0.0649818703532219,141
1378407236.0,1378407268.0,E:\o4a\1378304512\H1_1378406912_1378411008.hdf5,1378406912.0,1378411008.0,H1,O4a,0.06051924079656601,141
1378407300.0,1378407332.0,E:\o4a\1378304512\H1_1378406912_1378411008.hdf5,1378406912.0,1378411008.0,H1,O4a,0.06019013002514839,141
1378407364.0,1378407396.0,E:\o4a\1378304512\H1_1378406912_1378411008.hdf5,1378406912.0,1378411008.0,H1,O4a,0.07682399451732635,141
1378407428.0,1378407460.0,E:\o4a\1378304512\H1_1378406912_1378411008.hdf5,1378406912.0,1378411008.0,H1,O4a,0.0629442036151886,141
1378407492.0,1378407524.0,E:\o4a\1378304512\H1_1378406912_1378411008.hdf5,1378406912.0,1378411008.0,H1,O4a,0.05396198481321335,141
1378407556.0,1378407588.0,E:\o4a\1378304512\H1_1378406912_1378411008.hdf5,1378406912.0,1378411008.0,H1,O4a,0.06401150673627853,141
1378407620.0,1378407652.0,E:\o4a\1378304512\H1_1378406912_1378411008.hdf5,1378406912.0,1378411008.0,H1,O4a,0.0608162023127079,141
1378407684.0,1378407716.0,E:\o4a\1378304512\H1_1378406912_1378411008.hdf5,1378406912.0,1378411008.0,H1,O4a,0.06322301179170609,141
1378407748.0,1378407780.0,E:\o4a\1378304512\H1_1378406912_1378411008.hdf5,1378406912.0,1378411008.0,H1,O4a,0.0637444257736206,141
1378407812.0,1378407844.0,E:\o4a\1378304512\H1_1378406912_1378411008.hdf5,1378406912.0,1378411008.0,H1,O4a,0.05530867353081703,141
1378407876.0,1378407908.0,E:\o4a\1378304512\H1_1378406912_1378411008.hdf5,1378406912.0,1378411008.0,H1,O4a,0.05507615581154823,141
1378407940.0,1378407972.0,E:\o4a\1378304512\H1_1378406912_1378411008.hdf5,1378406912.0,1378411008.0,H1,O4a,0.05655916780233383,141
1378518852.0,1378518884.0,E:\o4a\1378304512\H1_1378517504_1378521600.hdf5,1378517504.0,1378521600.0,H1,O4a,0.06313277781009674,143
1378518916.0,1378518948.0,E:\o4a\1378304512\H1_1378517504_1378521600.hdf5,1378517504.0,1378521600.0,H1,O4a,0.05871221795678139,143
1378518980.0,1378519012.0,E:\o4a\1378304512\H1_1378517504_1378521600.hdf5,1378517504.0,1378521600.0,H1,O4a,0.06082975119352341,143
1378519044.0,1378519076.0,E:\o4a\1378304512\H1_1378517504_1378521600.hdf5,1378517504.0,1378521600.0,H1,O4a,0.06485351175069809,143
1378519108.0,1378519140.0,E:\o4a\1378304512\H1_1378517504_1378521600.hdf5,1378517504.0,1378521600.0,H1,O4a,0.05329136550426483,143
1378519172.0,1378519204.0,E:\o4a\1378304512\H1_1378517504_1378521600.hdf5,1378517504.0,1378521600.0,H1,O4a,0.07230401039123535,143
1378519236.0,1378519268.0,E:\o4a\1378304512\H1_1378517504_1378521600.hdf5,1378517504.0,1378521600.0,H1,O4a,0.060993630439043045,143
1378519300.0,1378519332.0,E:\o4a\1378304512\H1_1378517504_1378521600.hdf5,1378517504.0,1378521600.0,H1,O4a,0.06451684236526489,143
1378519364.0,1378519396.0,E:\o4a\1378304512\H1_1378517504_1378521600.hdf5,1378517504.0,1378521600.0,H1,O4a,0.06039141118526459,143
1378519428.0,1378519460.0,E:\o4a\1378304512\H1_1378517504_1378521600.hdf5,1378517504.0,1378521600.0,H1,O4a,0.0691794902086258,143
1378519492.0,1378519524.0,E:\o4a\1378304512\H1_1378517504_1378521600.hdf5,1378517504.0,1378521600.0,H1,O4a,0.09244350343942642,143
1378519556.0,1378519588.0,E:\o4a\1378304512\H1_1378517504_1378521600.hdf5,1378517504.0,1378521600.0,H1,O4a,0.05702459067106247,143
1378519620.0,1378519652.0,E:\o4a\1378304512\H1_1378517504_1378521600.hdf5,1378517504.0,1378521600.0,H1,O4a,0.07378197461366653,143
1378519684.0,1378519716.0,E:\o4a\1378304512\H1_1378517504_1378521600.hdf5,1378517504.0,1378521600.0,H1,O4a,0.06401237100362778,143
1378519748.0,1378519780.0,E:\o4a\1378304512\H1_1378517504_1378521600.hdf5,1378517504.0,1378521600.0,H1,O4a,0.055135101079940796,143
1378519812.0,1378519844.0,E:\o4a\1378304512\H1_1378517504_1378521600.hdf5,1378517504.0,1378521600.0,H1,O4a,0.0690344050526619,143
1378519876.0,1378519908.0,E:\o4a\1378304512\H1_1378517504_1378521600.hdf5,1378517504.0,1378521600.0,H1,O4a,0.05490538105368614,143
1378597636.0,1378597668.0,E:\o4a\1378304512\H1_1378595328_1378599424.hdf5,1378595328.0,1378599424.0,H1,O4a,0.06176808476448059,144
1378597700.0,1378597732.0,E:\o4a\1378304512\H1_1378595328_1378599424.hdf5,1378595328.0,1378599424.0,H1,O4a,0.06218695640563965,144
1378597764.0,1378597796.0,E:\o4a\1378304512\H1_1378595328_1378599424.hdf5,1378595328.0,1378599424.0,H1,O4a,0.0701073631644249,144
1378597828.0,1378597860.0,E:\o4a\1378304512\H1_1378595328_1378599424.hdf5,1378595328.0,1378599424.0,H1,O4a,0.06593383103609085,144
1378597892.0,1378597924.0,E:\o4a\1378304512\H1_1378595328_1378599424.hdf5,1378595328.0,1378599424.0,H1,O4a,0.07528334110975266,144
1378597956.0,1378597988.0,E:\o4a\1378304512\H1_1378595328_1378599424.hdf5,1378595328.0,1378599424.0,H1,O4a,0.054313141852617264,144
1378598020.0,1378598052.0,E:\o4a\1378304512\H1_1378595328_1378599424.hdf5,1378595328.0,1378599424.0,H1,O4a,0.0651993453502655,144
1378598084.0,1378598116.0,E:\o4a\1378304512\H1_1378595328_1378599424.hdf5,1378595328.0,1378599424.0,H1,O4a,0.060967206954956055,144
1378598148.0,1378598180.0,E:\o4a\1378304512\H1_1378595328_1378599424.hdf5,1378595328.0,1378599424.0,H1,O4a,0.05735226720571518,144
1378598212.0,1378598244.0,E:\o4a\1378304512\H1_1378595328_1378599424.hdf5,1378595328.0,1378599424.0,H1,O4a,0.061615873128175735,144
1378598276.0,1378598308.0,E:\o4a\1378304512\H1_1378595328_1378599424.hdf5,1378595328.0,1378599424.0,H1,O4a,0.06001701205968857,144
1378598340.0,1378598372.0,E:\o4a\1378304512\H1_1378595328_1378599424.hdf5,1378595328.0,1378599424.0,H1,O4a,0.07308239489793777,144
1378598404.0,1378598436.0,E:\o4a\1378304512\H1_1378595328_1378599424.hdf5,1378595328.0,1378599424.0,H1,O4a,0.0653730034828186,144
1378598468.0,1378598500.0,E:\o4a\1378304512\H1_1378595328_1378599424.hdf5,1378595328.0,1378599424.0,H1,O4a,0.06058179587125778,144
1378598532.0,1378598564.0,E:\o4a\1378304512\H1_1378595328_1378599424.hdf5,1378595328.0,1378599424.0,H1,O4a,0.06266630440950394,144
1378598596.0,1378598628.0,E:\o4a\1378304512\H1_1378595328_1378599424.hdf5,1378595328.0,1378599424.0,H1,O4a,0.06220090389251709,144
1378598660.0,1378598692.0,E:\o4a\1378304512\H1_1378595328_1378599424.hdf5,1378595328.0,1378599424.0,H1,O4a,0.05619729310274124,144
1378737348.0,1378737380.0,E:\o4a\1378304512\H1_1378734592_1378738688.hdf5,1378734592.0,1378738688.0,H1,O4a,0.06608746945858002,146
1378737412.0,1378737444.0,E:\o4a\1378304512\H1_1378734592_1378738688.hdf5,1378734592.0,1378738688.0,H1,O4a,0.06949035078287125,146
1378737476.0,1378737508.0,E:\o4a\1378304512\H1_1378734592_1378738688.hdf5,1378734592.0,1378738688.0,H1,O4a,0.05433633178472519,146
1378737540.0,1378737572.0,E:\o4a\1378304512\H1_1378734592_1378738688.hdf5,1378734592.0,1378738688.0,H1,O4a,0.06648311764001846,146
1378737604.0,1378737636.0,E:\o4a\1378304512\H1_1378734592_1378738688.hdf5,1378734592.0,1378738688.0,H1,O4a,0.0645538866519928,146
1378737668.0,1378737700.0,E:\o4a\1378304512\H1_1378734592_1378738688.hdf5,1378734592.0,1378738688.0,H1,O4a,0.06192832812666893,146
1378737732.0,1378737764.0,E:\o4a\1378304512\H1_1378734592_1378738688.hdf5,1378734592.0,1378738688.0,H1,O4a,0.061249468475580215,146
1378737796.0,1378737828.0,E:\o4a\1378304512\H1_1378734592_1378738688.hdf5,1378734592.0,1378738688.0,H1,O4a,0.07048816978931427,146
1378737860.0,1378737892.0,E:\o4a\1378304512\H1_1378734592_1378738688.hdf5,1378734592.0,1378738688.0,H1,O4a,0.08886685222387314,146
1378737924.0,1378737956.0,E:\o4a\1378304512\H1_1378734592_1378738688.hdf5,1378734592.0,1378738688.0,H1,O4a,0.05958518013358116,146
1378737988.0,1378738020.0,E:\o4a\1378304512\H1_1378734592_1378738688.hdf5,1378734592.0,1378738688.0,H1,O4a,0.0562325082719326,146
1378738052.0,1378738084.0,E:\o4a\1378304512\H1_1378734592_1378738688.hdf5,1378734592.0,1378738688.0,H1,O4a,0.060149796307086945,146
1378738116.0,1378738148.0,E:\o4a\1378304512\H1_1378734592_1378738688.hdf5,1378734592.0,1378738688.0,H1,O4a,0.055627141147851944,146
1378738180.0,1378738212.0,E:\o4a\1378304512\H1_1378734592_1378738688.hdf5,1378734592.0,1378738688.0,H1,O4a,0.05391458794474602,146
1378738244.0,1378738276.0,E:\o4a\1378304512\H1_1378734592_1378738688.hdf5,1378734592.0,1378738688.0,H1,O4a,0.06333214044570923,146
1378738308.0,1378738340.0,E:\o4a\1378304512\H1_1378734592_1378738688.hdf5,1378734592.0,1378738688.0,H1,O4a,0.0594475120306015,146
1378738372.0,1378738404.0,E:\o4a\1378304512\H1_1378734592_1378738688.hdf5,1378734592.0,1378738688.0,H1,O4a,0.052526190876960754,146
1378797892.0,1378797924.0,E:\o4a\1378304512\H1_1378796032_1378800128.hdf5,1378796032.0,1378800128.0,H1,O4a,0.05058891698718071,147
1378797956.0,1378797988.0,E:\o4a\1378304512\H1_1378796032_1378800128.hdf5,1378796032.0,1378800128.0,H1,O4a,0.057290077209472656,147
1378798020.0,1378798052.0,E:\o4a\1378304512\H1_1378796032_1378800128.hdf5,1378796032.0,1378800128.0,H1,O4a,0.11406564712524414,147
1378798084.0,1378798116.0,E:\o4a\1378304512\H1_1378796032_1378800128.hdf5,1378796032.0,1378800128.0,H1,O4a,0.07368240505456924,147
1378798148.0,1378798180.0,E:\o4a\1378304512\H1_1378796032_1378800128.hdf5,1378796032.0,1378800128.0,H1,O4a,0.07406843453645706,147
1378798212.0,1378798244.0,E:\o4a\1378304512\H1_1378796032_1378800128.hdf5,1378796032.0,1378800128.0,H1,O4a,0.07016920298337936,147
1378798276.0,1378798308.0,E:\o4a\1378304512\H1_1378796032_1378800128.hdf5,1378796032.0,1378800128.0,H1,O4a,0.05634589493274689,147
1378798340.0,1378798372.0,E:\o4a\1378304512\H1_1378796032_1378800128.hdf5,1378796032.0,1378800128.0,H1,O4a,0.057620421051979065,147
1378798404.0,1378798436.0,E:\o4a\1378304512\H1_1378796032_1378800128.hdf5,1378796032.0,1378800128.0,H1,O4a,0.056605830788612366,147
1378798468.0,1378798500.0,E:\o4a\1378304512\H1_1378796032_1378800128.hdf5,1378796032.0,1378800128.0,H1,O4a,0.05451371148228645,147
1378798532.0,1378798564.0,E:\o4a\1378304512\H1_1378796032_1378800128.hdf5,1378796032.0,1378800128.0,H1,O4a,0.06722044199705124,147
1378798596.0,1378798628.0,E:\o4a\1378304512\H1_1378796032_1378800128.hdf5,1378796032.0,1378800128.0,H1,O4a,0.05146339163184166,147
1378798660.0,1378798692.0,E:\o4a\1378304512\H1_1378796032_1378800128.hdf5,1378796032.0,1378800128.0,H1,O4a,0.05922064930200577,147
1378798724.0,1378798756.0,E:\o4a\1378304512\H1_1378796032_1378800128.hdf5,1378796032.0,1378800128.0,H1,O4a,0.07509344071149826,147
1378798788.0,1378798820.0,E:\o4a\1378304512\H1_1378796032_1378800128.hdf5,1378796032.0,1378800128.0,H1,O4a,0.07794205099344254,147
1378798852.0,1378798884.0,E:\o4a\1378304512\H1_1378796032_1378800128.hdf5,1378796032.0,1378800128.0,H1,O4a,0.06810098886489868,147
1378798916.0,1378798948.0,E:\o4a\1378304512\H1_1378796032_1378800128.hdf5,1378796032.0,1378800128.0,H1,O4a,0.06155726686120033,147
1378840388.0,1378840420.0,E:\o4a\1378822912\H1_1378839296_1378843392.hdf5,1378839296.0,1378843392.0,H1,O4a,0.06651322543621063,148
1378840452.0,1378840484.0,E:\o4a\1378822912\H1_1378839296_1378843392.hdf5,1378839296.0,1378843392.0,H1,O4a,0.05288980156183243,148
1378840516.0,1378840548.0,E:\o4a\1378822912\H1_1378839296_1378843392.hdf5,1378839296.0,1378843392.0,H1,O4a,0.06989412009716034,148
1378840580.0,1378840612.0,E:\o4a\1378822912\H1_1378839296_1378843392.hdf5,1378839296.0,1378843392.0,H1,O4a,0.0701063796877861,148
1378840644.0,1378840676.0,E:\o4a\1378822912\H1_1378839296_1378843392.hdf5,1378839296.0,1378843392.0,H1,O4a,0.05807174742221832,148
1378840708.0,1378840740.0,E:\o4a\1378822912\H1_1378839296_1378843392.hdf5,1378839296.0,1378843392.0,H1,O4a,0.06435608863830566,148
1378840772.0,1378840804.0,E:\o4a\1378822912\H1_1378839296_1378843392.hdf5,1378839296.0,1378843392.0,H1,O4a,0.07115543633699417,148
1378840836.0,1378840868.0,E:\o4a\1378822912\H1_1378839296_1378843392.hdf5,1378839296.0,1378843392.0,H1,O4a,0.06851768493652344,148
1378840900.0,1378840932.0,E:\o4a\1378822912\H1_1378839296_1378843392.hdf5,1378839296.0,1378843392.0,H1,O4a,0.05976653844118118,148
1378840964.0,1378840996.0,E:\o4a\1378822912\H1_1378839296_1378843392.hdf5,1378839296.0,1378843392.0,H1,O4a,0.06313987821340561,148
1378841028.0,1378841060.0,E:\o4a\1378822912\H1_1378839296_1378843392.hdf5,1378839296.0,1378843392.0,H1,O4a,0.05742914602160454,148
1378841092.0,1378841124.0,E:\o4a\1378822912\H1_1378839296_1378843392.hdf5,1378839296.0,1378843392.0,H1,O4a,0.06342791020870209,148
1378841156.0,1378841188.0,E:\o4a\1378822912\H1_1378839296_1378843392.hdf5,1378839296.0,1378843392.0,H1,O4a,0.06549222767353058,148
1378841220.0,1378841252.0,E:\o4a\1378822912\H1_1378839296_1378843392.hdf5,1378839296.0,1378843392.0,H1,O4a,0.06435547024011612,148
1378841284.0,1378841316.0,E:\o4a\1378822912\H1_1378839296_1378843392.hdf5,1378839296.0,1378843392.0,H1,O4a,0.07055588811635971,148
1378841348.0,1378841380.0,E:\o4a\1378822912\H1_1378839296_1378843392.hdf5,1378839296.0,1378843392.0,H1,O4a,0.06627247482538223,148
1378841412.0,1378841444.0,E:\o4a\1378822912\H1_1378839296_1378843392.hdf5,1378839296.0,1378843392.0,H1,O4a,0.06550754606723785,148
1378889540.0,1378889572.0,E:\o4a\1378822912\H1_1378888448_1378892544.hdf5,1378888448.0,1378892544.0,H1,O4a,0.061596401035785675,149
1378889604.0,1378889636.0,E:\o4a\1378822912\H1_1378888448_1378892544.hdf5,1378888448.0,1378892544.0,H1,O4a,0.07729744166135788,149
1378889668.0,1378889700.0,E:\o4a\1378822912\H1_1378888448_1378892544.hdf5,1378888448.0,1378892544.0,H1,O4a,0.0637073740363121,149
1378889732.0,1378889764.0,E:\o4a\1378822912\H1_1378888448_1378892544.hdf5,1378888448.0,1378892544.0,H1,O4a,0.07774251699447632,149
1378889796.0,1378889828.0,E:\o4a\1378822912\H1_1378888448_1378892544.hdf5,1378888448.0,1378892544.0,H1,O4a,0.06276743859052658,149
1378889860.0,1378889892.0,E:\o4a\1378822912\H1_1378888448_1378892544.hdf5,1378888448.0,1378892544.0,H1,O4a,0.06191098690032959,149
1378889924.0,1378889956.0,E:\o4a\1378822912\H1_1378888448_1378892544.hdf5,1378888448.0,1378892544.0,H1,O4a,0.06218094006180763,149
1378889988.0,1378890020.0,E:\o4a\1378822912\H1_1378888448_1378892544.hdf5,1378888448.0,1378892544.0,H1,O4a,0.07552497833967209,149
1378890052.0,1378890084.0,E:\o4a\1378822912\H1_1378888448_1378892544.hdf5,1378888448.0,1378892544.0,H1,O4a,0.062779001891613,149
1378890116.0,1378890148.0,E:\o4a\1378822912\H1_1378888448_1378892544.hdf5,1378888448.0,1378892544.0,H1,O4a,0.07245861738920212,149
1378890180.0,1378890212.0,E:\o4a\1378822912\H1_1378888448_1378892544.hdf5,1378888448.0,1378892544.0,H1,O4a,0.06889823079109192,149
1378890244.0,1378890276.0,E:\o4a\1378822912\H1_1378888448_1378892544.hdf5,1378888448.0,1378892544.0,H1,O4a,0.0628640279173851,149
1378890308.0,1378890340.0,E:\o4a\1378822912\H1_1378888448_1378892544.hdf5,1378888448.0,1378892544.0,H1,O4a,0.06502240151166916,149
1378890372.0,1378890404.0,E:\o4a\1378822912\H1_1378888448_1378892544.hdf5,1378888448.0,1378892544.0,H1,O4a,0.06615554541349411,149
1378890436.0,1378890468.0,E:\o4a\1378822912\H1_1378888448_1378892544.hdf5,1378888448.0,1378892544.0,H1,O4a,0.06214268133044243,149
1378890500.0,1378890532.0,E:\o4a\1378822912\H1_1378888448_1378892544.hdf5,1378888448.0,1378892544.0,H1,O4a,0.05228961259126663,149
1378890564.0,1378890596.0,E:\o4a\1378822912\H1_1378888448_1378892544.hdf5,1378888448.0,1378892544.0,H1,O4a,0.09297056496143341,149
1378951620.0,1378951652.0,E:\o4a\1378822912\H1_1378949888_1378953984.hdf5,1378949888.0,1378953984.0,H1,O4a,0.055536072701215744,150
1378951684.0,1378951716.0,E:\o4a\1378822912\H1_1378949888_1378953984.hdf5,1378949888.0,1378953984.0,H1,O4a,0.08394981920719147,150
1378951748.0,1378951780.0,E:\o4a\1378822912\H1_1378949888_1378953984.hdf5,1378949888.0,1378953984.0,H1,O4a,0.055793244391679764,150
1378951812.0,1378951844.0,E:\o4a\1378822912\H1_1378949888_1378953984.hdf5,1378949888.0,1378953984.0,H1,O4a,0.0587124340236187,150
1378951876.0,1378951908.0,E:\o4a\1378822912\H1_1378949888_1378953984.hdf5,1378949888.0,1378953984.0,H1,O4a,0.056067608296871185,150
1378951940.0,1378951972.0,E:\o4a\1378822912\H1_1378949888_1378953984.hdf5,1378949888.0,1378953984.0,H1,O4a,0.057180896401405334,150
1378952004.0,1378952036.0,E:\o4a\1378822912\H1_1378949888_1378953984.hdf5,1378949888.0,1378953984.0,H1,O4a,0.05491694435477257,150
1378952068.0,1378952100.0,E:\o4a\1378822912\H1_1378949888_1378953984.hdf5,1378949888.0,1378953984.0,H1,O4a,0.06104131415486336,150
1378952132.0,1378952164.0,E:\o4a\1378822912\H1_1378949888_1378953984.hdf5,1378949888.0,1378953984.0,H1,O4a,0.06119596213102341,150
1378952196.0,1378952228.0,E:\o4a\1378822912\H1_1378949888_1378953984.hdf5,1378949888.0,1378953984.0,H1,O4a,0.057245805859565735,150
1378952260.0,1378952292.0,E:\o4a\1378822912\H1_1378949888_1378953984.hdf5,1378949888.0,1378953984.0,H1,O4a,0.06637512892484665,150
1378952324.0,1378952356.0,E:\o4a\1378822912\H1_1378949888_1378953984.hdf5,1378949888.0,1378953984.0,H1,O4a,0.062205005437135696,150
1378952388.0,1378952420.0,E:\o4a\1378822912\H1_1378949888_1378953984.hdf5,1378949888.0,1378953984.0,H1,O4a,0.05743134021759033,150
1378952452.0,1378952484.0,E:\o4a\1378822912\H1_1378949888_1378953984.hdf5,1378949888.0,1378953984.0,H1,O4a,0.06533027440309525,150
1378952516.0,1378952548.0,E:\o4a\1378822912\H1_1378949888_1378953984.hdf5,1378949888.0,1378953984.0,H1,O4a,0.054031163454055786,150
1378952580.0,1378952612.0,E:\o4a\1378822912\H1_1378949888_1378953984.hdf5,1378949888.0,1378953984.0,H1,O4a,0.06742013245820999,150
1378952644.0,1378952676.0,E:\o4a\1378822912\H1_1378949888_1378953984.hdf5,1378949888.0,1378953984.0,H1,O4a,0.05612562596797943,150
1379007300.0,1379007332.0,E:\o4a\1378822912\H1_1379007232_1379011328.hdf5,1379007232.0,1379011328.0,H1,O4a,0.06667247414588928,151
1379007364.0,1379007396.0,E:\o4a\1378822912\H1_1379007232_1379011328.hdf5,1379007232.0,1379011328.0,H1,O4a,0.05907902866601944,151
1379007428.0,1379007460.0,E:\o4a\1378822912\H1_1379007232_1379011328.hdf5,1379007232.0,1379011328.0,H1,O4a,0.05835674703121185,151
1379007492.0,1379007524.0,E:\o4a\1378822912\H1_1379007232_1379011328.hdf5,1379007232.0,1379011328.0,H1,O4a,0.06260763853788376,151
1379007556.0,1379007588.0,E:\o4a\1378822912\H1_1379007232_1379011328.hdf5,1379007232.0,1379011328.0,H1,O4a,0.05960485711693764,151
1379007620.0,1379007652.0,E:\o4a\1378822912\H1_1379007232_1379011328.hdf5,1379007232.0,1379011328.0,H1,O4a,0.05673644691705704,151
1379007684.0,1379007716.0,E:\o4a\1378822912\H1_1379007232_1379011328.hdf5,1379007232.0,1379011328.0,H1,O4a,0.057675428688526154,151
1379007748.0,1379007780.0,E:\o4a\1378822912\H1_1379007232_1379011328.hdf5,1379007232.0,1379011328.0,H1,O4a,0.06798997521400452,151
1379007812.0,1379007844.0,E:\o4a\1378822912\H1_1379007232_1379011328.hdf5,1379007232.0,1379011328.0,H1,O4a,0.057050809264183044,151
1379007876.0,1379007908.0,E:\o4a\1378822912\H1_1379007232_1379011328.hdf5,1379007232.0,1379011328.0,H1,O4a,0.060603633522987366,151
1379007940.0,1379007972.0,E:\o4a\1378822912\H1_1379007232_1379011328.hdf5,1379007232.0,1379011328.0,H1,O4a,0.07052112370729446,151
1379008004.0,1379008036.0,E:\o4a\1378822912\H1_1379007232_1379011328.hdf5,1379007232.0,1379011328.0,H1,O4a,0.06015718728303909,151
1379008068.0,1379008100.0,E:\o4a\1378822912\H1_1379007232_1379011328.hdf5,1379007232.0,1379011328.0,H1,O4a,0.05901525914669037,151
1379008132.0,1379008164.0,E:\o4a\1378822912\H1_1379007232_1379011328.hdf5,1379007232.0,1379011328.0,H1,O4a,0.05236269533634186,151
1379008196.0,1379008228.0,E:\o4a\1378822912\H1_1379007232_1379011328.hdf5,1379007232.0,1379011328.0,H1,O4a,0.06203093379735947,151
1379008260.0,1379008292.0,E:\o4a\1378822912\H1_1379007232_1379011328.hdf5,1379007232.0,1379011328.0,H1,O4a,0.056481678038835526,151
1379008324.0,1379008356.0,E:\o4a\1378822912\H1_1379007232_1379011328.hdf5,1379007232.0,1379011328.0,H1,O4a,0.07868190109729767,151
1379050948.0,1379050980.0,E:\o4a\1378822912\H1_1379048192_1379052288.hdf5,1379048192.0,1379052288.0,H1,O4a,0.05867156758904457,152
1379051012.0,1379051044.0,E:\o4a\1378822912\H1_1379048192_1379052288.hdf5,1379048192.0,1379052288.0,H1,O4a,0.06576020270586014,152
1379051076.0,1379051108.0,E:\o4a\1378822912\H1_1379048192_1379052288.hdf5,1379048192.0,1379052288.0,H1,O4a,0.05831558629870415,152
1379051140.0,1379051172.0,E:\o4a\1378822912\H1_1379048192_1379052288.hdf5,1379048192.0,1379052288.0,H1,O4a,0.058526694774627686,152
1379051204.0,1379051236.0,E:\o4a\1378822912\H1_1379048192_1379052288.hdf5,1379048192.0,1379052288.0,H1,O4a,0.10852275043725967,152
1379051268.0,1379051300.0,E:\o4a\1378822912\H1_1379048192_1379052288.hdf5,1379048192.0,1379052288.0,H1,O4a,0.07688194513320923,152
1379051332.0,1379051364.0,E:\o4a\1378822912\H1_1379048192_1379052288.hdf5,1379048192.0,1379052288.0,H1,O4a,0.05290262773633003,152
1379051396.0,1379051428.0,E:\o4a\1378822912\H1_1379048192_1379052288.hdf5,1379048192.0,1379052288.0,H1,O4a,0.09227225184440613,152
1379051460.0,1379051492.0,E:\o4a\1378822912\H1_1379048192_1379052288.hdf5,1379048192.0,1379052288.0,H1,O4a,0.08194272965192795,152
1379051524.0,1379051556.0,E:\o4a\1378822912\H1_1379048192_1379052288.hdf5,1379048192.0,1379052288.0,H1,O4a,0.055122245103120804,152
1379051588.0,1379051620.0,E:\o4a\1378822912\H1_1379048192_1379052288.hdf5,1379048192.0,1379052288.0,H1,O4a,0.06253861635923386,152
1379051652.0,1379051684.0,E:\o4a\1378822912\H1_1379048192_1379052288.hdf5,1379048192.0,1379052288.0,H1,O4a,0.05206550657749176,152
1379051716.0,1379051748.0,E:\o4a\1378822912\H1_1379048192_1379052288.hdf5,1379048192.0,1379052288.0,H1,O4a,0.06663047522306442,152
1379051780.0,1379051812.0,E:\o4a\1378822912\H1_1379048192_1379052288.hdf5,1379048192.0,1379052288.0,H1,O4a,0.06015103682875633,152
1379051844.0,1379051876.0,E:\o4a\1378822912\H1_1379048192_1379052288.hdf5,1379048192.0,1379052288.0,H1,O4a,0.0631851777434349,152
1379051908.0,1379051940.0,E:\o4a\1378822912\H1_1379048192_1379052288.hdf5,1379048192.0,1379052288.0,H1,O4a,0.05613848939538002,152
1379051972.0,1379052004.0,E:\o4a\1378822912\H1_1379048192_1379052288.hdf5,1379048192.0,1379052288.0,H1,O4a,0.11737111210823059,152
1379124932.0,1379124964.0,E:\o4a\1378822912\H1_1379121920_1379126016.hdf5,1379121920.0,1379126016.0,H1,O4a,0.07303435355424881,153
1379124996.0,1379125028.0,E:\o4a\1378822912\H1_1379121920_1379126016.hdf5,1379121920.0,1379126016.0,H1,O4a,0.15406125783920288,153
1379125060.0,1379125092.0,E:\o4a\1378822912\H1_1379121920_1379126016.hdf5,1379121920.0,1379126016.0,H1,O4a,0.05673932656645775,153
1379125124.0,1379125156.0,E:\o4a\1378822912\H1_1379121920_1379126016.hdf5,1379121920.0,1379126016.0,H1,O4a,0.06785451620817184,153
1379125188.0,1379125220.0,E:\o4a\1378822912\H1_1379121920_1379126016.hdf5,1379121920.0,1379126016.0,H1,O4a,0.05754338949918747,153
1379125252.0,1379125284.0,E:\o4a\1378822912\H1_1379121920_1379126016.hdf5,1379121920.0,1379126016.0,H1,O4a,0.07960200309753418,153
1379125316.0,1379125348.0,E:\o4a\1378822912\H1_1379121920_1379126016.hdf5,1379121920.0,1379126016.0,H1,O4a,0.06261496990919113,153
1379125380.0,1379125412.0,E:\o4a\1378822912\H1_1379121920_1379126016.hdf5,1379121920.0,1379126016.0,H1,O4a,0.06515389680862427,153
1379125444.0,1379125476.0,E:\o4a\1378822912\H1_1379121920_1379126016.hdf5,1379121920.0,1379126016.0,H1,O4a,0.0589013509452343,153
1379125508.0,1379125540.0,E:\o4a\1378822912\H1_1379121920_1379126016.hdf5,1379121920.0,1379126016.0,H1,O4a,0.0534435398876667,153
1379125572.0,1379125604.0,E:\o4a\1378822912\H1_1379121920_1379126016.hdf5,1379121920.0,1379126016.0,H1,O4a,0.10569915175437927,153
1379125636.0,1379125668.0,E:\o4a\1378822912\H1_1379121920_1379126016.hdf5,1379121920.0,1379126016.0,H1,O4a,0.05943245813250542,153
1379125700.0,1379125732.0,E:\o4a\1378822912\H1_1379121920_1379126016.hdf5,1379121920.0,1379126016.0,H1,O4a,0.06052614748477936,153
1379125764.0,1379125796.0,E:\o4a\1378822912\H1_1379121920_1379126016.hdf5,1379121920.0,1379126016.0,H1,O4a,0.07172209769487381,153
1379125828.0,1379125860.0,E:\o4a\1378822912\H1_1379121920_1379126016.hdf5,1379121920.0,1379126016.0,H1,O4a,0.05718982219696045,153
1379125892.0,1379125924.0,E:\o4a\1378822912\H1_1379121920_1379126016.hdf5,1379121920.0,1379126016.0,H1,O4a,0.06709136813879013,153
1379125956.0,1379125988.0,E:\o4a\1378822912\H1_1379121920_1379126016.hdf5,1379121920.0,1379126016.0,H1,O4a,0.07100057601928711,153
1379225988.0,1379226020.0,E:\o4a\1378822912\H1_1379224320_1379228416.hdf5,1379224320.0,1379228416.0,H1,O4a,0.057789675891399384,154
1379226052.0,1379226084.0,E:\o4a\1378822912\H1_1379224320_1379228416.hdf5,1379224320.0,1379228416.0,H1,O4a,0.05461817607283592,154
1379226116.0,1379226148.0,E:\o4a\1378822912\H1_1379224320_1379228416.hdf5,1379224320.0,1379228416.0,H1,O4a,0.056262169033288956,154
1379226180.0,1379226212.0,E:\o4a\1378822912\H1_1379224320_1379228416.hdf5,1379224320.0,1379228416.0,H1,O4a,0.05973653122782707,154
1379226244.0,1379226276.0,E:\o4a\1378822912\H1_1379224320_1379228416.hdf5,1379224320.0,1379228416.0,H1,O4a,0.056644100695848465,154
1379226308.0,1379226340.0,E:\o4a\1378822912\H1_1379224320_1379228416.hdf5,1379224320.0,1379228416.0,H1,O4a,0.06362488865852356,154
1379226372.0,1379226404.0,E:\o4a\1378822912\H1_1379224320_1379228416.hdf5,1379224320.0,1379228416.0,H1,O4a,0.0630488395690918,154
1379226436.0,1379226468.0,E:\o4a\1378822912\H1_1379224320_1379228416.hdf5,1379224320.0,1379228416.0,H1,O4a,0.05886950343847275,154
1379226500.0,1379226532.0,E:\o4a\1378822912\H1_1379224320_1379228416.hdf5,1379224320.0,1379228416.0,H1,O4a,0.05395608767867088,154
1379226564.0,1379226596.0,E:\o4a\1378822912\H1_1379224320_1379228416.hdf5,1379224320.0,1379228416.0,H1,O4a,0.06313120573759079,154
1379226628.0,1379226660.0,E:\o4a\1378822912\H1_1379224320_1379228416.hdf5,1379224320.0,1379228416.0,H1,O4a,0.09331362694501877,154
1379226692.0,1379226724.0,E:\o4a\1378822912\H1_1379224320_1379228416.hdf5,1379224320.0,1379228416.0,H1,O4a,0.06399133056402206,154
1379226756.0,1379226788.0,E:\o4a\1378822912\H1_1379224320_1379228416.hdf5,1379224320.0,1379228416.0,H1,O4a,0.07293638586997986,154
1379226820.0,1379226852.0,E:\o4a\1378822912\H1_1379224320_1379228416.hdf5,1379224320.0,1379228416.0,H1,O4a,0.06390577554702759,154
1379226884.0,1379226916.0,E:\o4a\1378822912\H1_1379224320_1379228416.hdf5,1379224320.0,1379228416.0,H1,O4a,0.05715511739253998,154
1379226948.0,1379226980.0,E:\o4a\1378822912\H1_1379224320_1379228416.hdf5,1379224320.0,1379228416.0,H1,O4a,0.07920730859041214,154
1379227012.0,1379227044.0,E:\o4a\1378822912\H1_1379224320_1379228416.hdf5,1379224320.0,1379228416.0,H1,O4a,0.06653387099504471,154
1379303300.0,1379303332.0,E:\o4a\1378822912\H1_1379302144_1379306240.hdf5,1379302144.0,1379306240.0,H1,O4a,0.06625419855117798,155
1379303364.0,1379303396.0,E:\o4a\1378822912\H1_1379302144_1379306240.hdf5,1379302144.0,1379306240.0,H1,O4a,0.06660348176956177,155
1379303428.0,1379303460.0,E:\o4a\1378822912\H1_1379302144_1379306240.hdf5,1379302144.0,1379306240.0,H1,O4a,0.06074470654129982,155
1379303492.0,1379303524.0,E:\o4a\1378822912\H1_1379302144_1379306240.hdf5,1379302144.0,1379306240.0,H1,O4a,0.061710309237241745,155
1379303556.0,1379303588.0,E:\o4a\1378822912\H1_1379302144_1379306240.hdf5,1379302144.0,1379306240.0,H1,O4a,0.09454333037137985,155
1379303620.0,1379303652.0,E:\o4a\1378822912\H1_1379302144_1379306240.hdf5,1379302144.0,1379306240.0,H1,O4a,0.05186489596962929,155
1379303684.0,1379303716.0,E:\o4a\1378822912\H1_1379302144_1379306240.hdf5,1379302144.0,1379306240.0,H1,O4a,0.09075053781270981,155
1379303748.0,1379303780.0,E:\o4a\1378822912\H1_1379302144_1379306240.hdf5,1379302144.0,1379306240.0,H1,O4a,0.05497480928897858,155
1379303812.0,1379303844.0,E:\o4a\1378822912\H1_1379302144_1379306240.hdf5,1379302144.0,1379306240.0,H1,O4a,0.05465150997042656,155
1379303876.0,1379303908.0,E:\o4a\1378822912\H1_1379302144_1379306240.hdf5,1379302144.0,1379306240.0,H1,O4a,0.056580569595098495,155
1379303940.0,1379303972.0,E:\o4a\1378822912\H1_1379302144_1379306240.hdf5,1379302144.0,1379306240.0,H1,O4a,0.05770810693502426,155
1379304004.0,1379304036.0,E:\o4a\1378822912\H1_1379302144_1379306240.hdf5,1379302144.0,1379306240.0,H1,O4a,0.051054518669843674,155
1379304068.0,1379304100.0,E:\o4a\1378822912\H1_1379302144_1379306240.hdf5,1379302144.0,1379306240.0,H1,O4a,0.05220109596848488,155
1379304132.0,1379304164.0,E:\o4a\1378822912\H1_1379302144_1379306240.hdf5,1379302144.0,1379306240.0,H1,O4a,0.06745278090238571,155
1379304196.0,1379304228.0,E:\o4a\1378822912\H1_1379302144_1379306240.hdf5,1379302144.0,1379306240.0,H1,O4a,0.05744167044758797,155
1379304260.0,1379304292.0,E:\o4a\1378822912\H1_1379302144_1379306240.hdf5,1379302144.0,1379306240.0,H1,O4a,0.06903272867202759,155
1379304324.0,1379304356.0,E:\o4a\1378822912\H1_1379302144_1379306240.hdf5,1379302144.0,1379306240.0,H1,O4a,0.08098050951957703,155
1379388804.0,1379388836.0,E:\o4a\1379341312\H1_1379386368_1379390464.hdf5,1379386368.0,1379390464.0,H1,O4a,0.0640178769826889,156
1379388868.0,1379388900.0,E:\o4a\1379341312\H1_1379386368_1379390464.hdf5,1379386368.0,1379390464.0,H1,O4a,0.06181902065873146,156
1379388932.0,1379388964.0,E:\o4a\1379341312\H1_1379386368_1379390464.hdf5,1379386368.0,1379390464.0,H1,O4a,0.08559107780456543,156
1379388996.0,1379389028.0,E:\o4a\1379341312\H1_1379386368_1379390464.hdf5,1379386368.0,1379390464.0,H1,O4a,0.07015294581651688,156
1379389060.0,1379389092.0,E:\o4a\1379341312\H1_1379386368_1379390464.hdf5,1379386368.0,1379390464.0,H1,O4a,0.057989224791526794,156
1379389124.0,1379389156.0,E:\o4a\1379341312\H1_1379386368_1379390464.hdf5,1379386368.0,1379390464.0,H1,O4a,0.08726483583450317,156
1379389188.0,1379389220.0,E:\o4a\1379341312\H1_1379386368_1379390464.hdf5,1379386368.0,1379390464.0,H1,O4a,0.05370429903268814,156
1379389252.0,1379389284.0,E:\o4a\1379341312\H1_1379386368_1379390464.hdf5,1379386368.0,1379390464.0,H1,O4a,0.059737429022789,156
1379389316.0,1379389348.0,E:\o4a\1379341312\H1_1379386368_1379390464.hdf5,1379386368.0,1379390464.0,H1,O4a,0.0563361719250679,156
1379389380.0,1379389412.0,E:\o4a\1379341312\H1_1379386368_1379390464.hdf5,1379386368.0,1379390464.0,H1,O4a,0.05790092796087265,156
1379389444.0,1379389476.0,E:\o4a\1379341312\H1_1379386368_1379390464.hdf5,1379386368.0,1379390464.0,H1,O4a,0.06857114285230637,156
1379389508.0,1379389540.0,E:\o4a\1379341312\H1_1379386368_1379390464.hdf5,1379386368.0,1379390464.0,H1,O4a,0.06213957443833351,156
1379389572.0,1379389604.0,E:\o4a\1379341312\H1_1379386368_1379390464.hdf5,1379386368.0,1379390464.0,H1,O4a,0.06945016235113144,156
1379389636.0,1379389668.0,E:\o4a\1379341312\H1_1379386368_1379390464.hdf5,1379386368.0,1379390464.0,H1,O4a,0.056501589715480804,156
1379389700.0,1379389732.0,E:\o4a\1379341312\H1_1379386368_1379390464.hdf5,1379386368.0,1379390464.0,H1,O4a,0.05485079437494278,156
1379389764.0,1379389796.0,E:\o4a\1379341312\H1_1379386368_1379390464.hdf5,1379386368.0,1379390464.0,H1,O4a,0.07190028578042984,156
1379389828.0,1379389860.0,E:\o4a\1379341312\H1_1379386368_1379390464.hdf5,1379386368.0,1379390464.0,H1,O4a,0.06620097160339355,156
1379453316.0,1379453348.0,E:\o4a\1379341312\H1_1379451904_1379456000.hdf5,1379451904.0,1379456000.0,H1,O4a,0.08502636104822159,157
1379453380.0,1379453412.0,E:\o4a\1379341312\H1_1379451904_1379456000.hdf5,1379451904.0,1379456000.0,H1,O4a,0.06879152357578278,157
1379453444.0,1379453476.0,E:\o4a\1379341312\H1_1379451904_1379456000.hdf5,1379451904.0,1379456000.0,H1,O4a,0.06839757412672043,157
1379453508.0,1379453540.0,E:\o4a\1379341312\H1_1379451904_1379456000.hdf5,1379451904.0,1379456000.0,H1,O4a,0.054330650717020035,157
1379453572.0,1379453604.0,E:\o4a\1379341312\H1_1379451904_1379456000.hdf5,1379451904.0,1379456000.0,H1,O4a,0.06168680265545845,157
1379453636.0,1379453668.0,E:\o4a\1379341312\H1_1379451904_1379456000.hdf5,1379451904.0,1379456000.0,H1,O4a,0.07110771536827087,157
1379453700.0,1379453732.0,E:\o4a\1379341312\H1_1379451904_1379456000.hdf5,1379451904.0,1379456000.0,H1,O4a,0.058484360575675964,157
1379453764.0,1379453796.0,E:\o4a\1379341312\H1_1379451904_1379456000.hdf5,1379451904.0,1379456000.0,H1,O4a,0.06938870996236801,157
1379453828.0,1379453860.0,E:\o4a\1379341312\H1_1379451904_1379456000.hdf5,1379451904.0,1379456000.0,H1,O4a,0.06917925924062729,157
1379453892.0,1379453924.0,E:\o4a\1379341312\H1_1379451904_1379456000.hdf5,1379451904.0,1379456000.0,H1,O4a,0.07095186412334442,157
1379453956.0,1379453988.0,E:\o4a\1379341312\H1_1379451904_1379456000.hdf5,1379451904.0,1379456000.0,H1,O4a,0.06361238658428192,157
1379454020.0,1379454052.0,E:\o4a\1379341312\H1_1379451904_1379456000.hdf5,1379451904.0,1379456000.0,H1,O4a,0.060246579349040985,157
1379454084.0,1379454116.0,E:\o4a\1379341312\H1_1379451904_1379456000.hdf5,1379451904.0,1379456000.0,H1,O4a,0.06953185051679611,157
1379454148.0,1379454180.0,E:\o4a\1379341312\H1_1379451904_1379456000.hdf5,1379451904.0,1379456000.0,H1,O4a,0.07969731837511063,157
1379454212.0,1379454244.0,E:\o4a\1379341312\H1_1379451904_1379456000.hdf5,1379451904.0,1379456000.0,H1,O4a,0.052970558404922485,157
1379454276.0,1379454308.0,E:\o4a\1379341312\H1_1379451904_1379456000.hdf5,1379451904.0,1379456000.0,H1,O4a,0.07043402642011642,157
1379454340.0,1379454372.0,E:\o4a\1379341312\H1_1379451904_1379456000.hdf5,1379451904.0,1379456000.0,H1,O4a,0.060902152210474014,157
1379514436.0,1379514468.0,E:\o4a\1379341312\H1_1379513344_1379517440.hdf5,1379513344.0,1379517440.0,H1,O4a,0.0770973190665245,158
1379514500.0,1379514532.0,E:\o4a\1379341312\H1_1379513344_1379517440.hdf5,1379513344.0,1379517440.0,H1,O4a,0.057668060064315796,158
1379514564.0,1379514596.0,E:\o4a\1379341312\H1_1379513344_1379517440.hdf5,1379513344.0,1379517440.0,H1,O4a,0.06136056408286095,158
1379514628.0,1379514660.0,E:\o4a\1379341312\H1_1379513344_1379517440.hdf5,1379513344.0,1379517440.0,H1,O4a,0.05544944852590561,158
1379514692.0,1379514724.0,E:\o4a\1379341312\H1_1379513344_1379517440.hdf5,1379513344.0,1379517440.0,H1,O4a,0.057688865810632706,158
1379514756.0,1379514788.0,E:\o4a\1379341312\H1_1379513344_1379517440.hdf5,1379513344.0,1379517440.0,H1,O4a,0.057318441569805145,158
1379514820.0,1379514852.0,E:\o4a\1379341312\H1_1379513344_1379517440.hdf5,1379513344.0,1379517440.0,H1,O4a,0.07707814127206802,158
1379514884.0,1379514916.0,E:\o4a\1379341312\H1_1379513344_1379517440.hdf5,1379513344.0,1379517440.0,H1,O4a,0.05783771723508835,158
1379514948.0,1379514980.0,E:\o4a\1379341312\H1_1379513344_1379517440.hdf5,1379513344.0,1379517440.0,H1,O4a,0.06977052241563797,158
1379515012.0,1379515044.0,E:\o4a\1379341312\H1_1379513344_1379517440.hdf5,1379513344.0,1379517440.0,H1,O4a,0.06558555364608765,158
1379515076.0,1379515108.0,E:\o4a\1379341312\H1_1379513344_1379517440.hdf5,1379513344.0,1379517440.0,H1,O4a,0.0736224353313446,158
1379515140.0,1379515172.0,E:\o4a\1379341312\H1_1379513344_1379517440.hdf5,1379513344.0,1379517440.0,H1,O4a,0.06486126780509949,158
1379515204.0,1379515236.0,E:\o4a\1379341312\H1_1379513344_1379517440.hdf5,1379513344.0,1379517440.0,H1,O4a,0.10433822125196457,158
1379515268.0,1379515300.0,E:\o4a\1379341312\H1_1379513344_1379517440.hdf5,1379513344.0,1379517440.0,H1,O4a,0.062298789620399475,158
1379515332.0,1379515364.0,E:\o4a\1379341312\H1_1379513344_1379517440.hdf5,1379513344.0,1379517440.0,H1,O4a,0.056778933852910995,158
1379515396.0,1379515428.0,E:\o4a\1379341312\H1_1379513344_1379517440.hdf5,1379513344.0,1379517440.0,H1,O4a,0.05767019838094711,158
1379515460.0,1379515492.0,E:\o4a\1379341312\H1_1379513344_1379517440.hdf5,1379513344.0,1379517440.0,H1,O4a,0.059069085866212845,158
1379564676.0,1379564708.0,E:\o4a\1379341312\H1_1379562496_1379566592.hdf5,1379562496.0,1379566592.0,H1,O4a,0.06716159731149673,159
1379564740.0,1379564772.0,E:\o4a\1379341312\H1_1379562496_1379566592.hdf5,1379562496.0,1379566592.0,H1,O4a,0.06394460797309875,159
1379564804.0,1379564836.0,E:\o4a\1379341312\H1_1379562496_1379566592.hdf5,1379562496.0,1379566592.0,H1,O4a,0.06127393990755081,159
1379564868.0,1379564900.0,E:\o4a\1379341312\H1_1379562496_1379566592.hdf5,1379562496.0,1379566592.0,H1,O4a,0.06821469962596893,159
1379564932.0,1379564964.0,E:\o4a\1379341312\H1_1379562496_1379566592.hdf5,1379562496.0,1379566592.0,H1,O4a,0.05767754092812538,159
1379564996.0,1379565028.0,E:\o4a\1379341312\H1_1379562496_1379566592.hdf5,1379562496.0,1379566592.0,H1,O4a,0.057901833206415176,159
1379565060.0,1379565092.0,E:\o4a\1379341312\H1_1379562496_1379566592.hdf5,1379562496.0,1379566592.0,H1,O4a,0.05756437033414841,159
1379565124.0,1379565156.0,E:\o4a\1379341312\H1_1379562496_1379566592.hdf5,1379562496.0,1379566592.0,H1,O4a,0.054673608392477036,159
1379565188.0,1379565220.0,E:\o4a\1379341312\H1_1379562496_1379566592.hdf5,1379562496.0,1379566592.0,H1,O4a,0.06311579048633575,159
1379565252.0,1379565284.0,E:\o4a\1379341312\H1_1379562496_1379566592.hdf5,1379562496.0,1379566592.0,H1,O4a,0.06262339651584625,159
1379565316.0,1379565348.0,E:\o4a\1379341312\H1_1379562496_1379566592.hdf5,1379562496.0,1379566592.0,H1,O4a,0.05610867962241173,159
1379565380.0,1379565412.0,E:\o4a\1379341312\H1_1379562496_1379566592.hdf5,1379562496.0,1379566592.0,H1,O4a,0.06342168897390366,159
1379565444.0,1379565476.0,E:\o4a\1379341312\H1_1379562496_1379566592.hdf5,1379562496.0,1379566592.0,H1,O4a,0.09728250652551651,159
1379565508.0,1379565540.0,E:\o4a\1379341312\H1_1379562496_1379566592.hdf5,1379562496.0,1379566592.0,H1,O4a,0.061107173562049866,159
1379565572.0,1379565604.0,E:\o4a\1379341312\H1_1379562496_1379566592.hdf5,1379562496.0,1379566592.0,H1,O4a,0.059344179928302765,159
1379565636.0,1379565668.0,E:\o4a\1379341312\H1_1379562496_1379566592.hdf5,1379562496.0,1379566592.0,H1,O4a,0.06896775215864182,159
1379565700.0,1379565732.0,E:\o4a\1379341312\H1_1379562496_1379566592.hdf5,1379562496.0,1379566592.0,H1,O4a,0.07207275182008743,159
1379613764.0,1379613796.0,E:\o4a\1379341312\H1_1379611648_1379615744.hdf5,1379611648.0,1379615744.0,H1,O4a,0.06270038336515427,160
1379613828.0,1379613860.0,E:\o4a\1379341312\H1_1379611648_1379615744.hdf5,1379611648.0,1379615744.0,H1,O4a,0.06356647610664368,160
1379613892.0,1379613924.0,E:\o4a\1379341312\H1_1379611648_1379615744.hdf5,1379611648.0,1379615744.0,H1,O4a,0.06114447861909866,160
1379613956.0,1379613988.0,E:\o4a\1379341312\H1_1379611648_1379615744.hdf5,1379611648.0,1379615744.0,H1,O4a,0.06520160287618637,160
1379614020.0,1379614052.0,E:\o4a\1379341312\H1_1379611648_1379615744.hdf5,1379611648.0,1379615744.0,H1,O4a,0.08015921711921692,160
1379614084.0,1379614116.0,E:\o4a\1379341312\H1_1379611648_1379615744.hdf5,1379611648.0,1379615744.0,H1,O4a,0.10191351920366287,160
1379614148.0,1379614180.0,E:\o4a\1379341312\H1_1379611648_1379615744.hdf5,1379611648.0,1379615744.0,H1,O4a,0.058901723474264145,160
1379614212.0,1379614244.0,E:\o4a\1379341312\H1_1379611648_1379615744.hdf5,1379611648.0,1379615744.0,H1,O4a,0.0553237684071064,160
1379614276.0,1379614308.0,E:\o4a\1379341312\H1_1379611648_1379615744.hdf5,1379611648.0,1379615744.0,H1,O4a,0.0729357972741127,160
1379614340.0,1379614372.0,E:\o4a\1379341312\H1_1379611648_1379615744.hdf5,1379611648.0,1379615744.0,H1,O4a,0.06329304724931717,160
1379614404.0,1379614436.0,E:\o4a\1379341312\H1_1379611648_1379615744.hdf5,1379611648.0,1379615744.0,H1,O4a,0.07192760705947876,160
1379614468.0,1379614500.0,E:\o4a\1379341312\H1_1379611648_1379615744.hdf5,1379611648.0,1379615744.0,H1,O4a,0.07064711302518845,160
1379614532.0,1379614564.0,E:\o4a\1379341312\H1_1379611648_1379615744.hdf5,1379611648.0,1379615744.0,H1,O4a,0.07652254402637482,160
1379614596.0,1379614628.0,E:\o4a\1379341312\H1_1379611648_1379615744.hdf5,1379611648.0,1379615744.0,H1,O4a,0.05015740543603897,160
1379614660.0,1379614692.0,E:\o4a\1379341312\H1_1379611648_1379615744.hdf5,1379611648.0,1379615744.0,H1,O4a,0.05578271672129631,160
1379614724.0,1379614756.0,E:\o4a\1379341312\H1_1379611648_1379615744.hdf5,1379611648.0,1379615744.0,H1,O4a,0.05996977537870407,160
1379614788.0,1379614820.0,E:\o4a\1379341312\H1_1379611648_1379615744.hdf5,1379611648.0,1379615744.0,H1,O4a,0.05449289456009865,160
1379659268.0,1379659300.0,E:\o4a\1379341312\H1_1379656704_1379660800.hdf5,1379656704.0,1379660800.0,H1,O4a,0.06869018077850342,161
1379659332.0,1379659364.0,E:\o4a\1379341312\H1_1379656704_1379660800.hdf5,1379656704.0,1379660800.0,H1,O4a,0.061908189207315445,161
1379659396.0,1379659428.0,E:\o4a\1379341312\H1_1379656704_1379660800.hdf5,1379656704.0,1379660800.0,H1,O4a,0.06323359906673431,161
1379659460.0,1379659492.0,E:\o4a\1379341312\H1_1379656704_1379660800.hdf5,1379656704.0,1379660800.0,H1,O4a,0.06213391572237015,161
1379659524.0,1379659556.0,E:\o4a\1379341312\H1_1379656704_1379660800.hdf5,1379656704.0,1379660800.0,H1,O4a,0.05459080636501312,161
1379659588.0,1379659620.0,E:\o4a\1379341312\H1_1379656704_1379660800.hdf5,1379656704.0,1379660800.0,H1,O4a,0.07765064388513565,161
1379659652.0,1379659684.0,E:\o4a\1379341312\H1_1379656704_1379660800.hdf5,1379656704.0,1379660800.0,H1,O4a,0.07686799764633179,161
1379659716.0,1379659748.0,E:\o4a\1379341312\H1_1379656704_1379660800.hdf5,1379656704.0,1379660800.0,H1,O4a,0.06412334740161896,161
1379659780.0,1379659812.0,E:\o4a\1379341312\H1_1379656704_1379660800.hdf5,1379656704.0,1379660800.0,H1,O4a,0.06071228161454201,161
1379659844.0,1379659876.0,E:\o4a\1379341312\H1_1379656704_1379660800.hdf5,1379656704.0,1379660800.0,H1,O4a,0.0604671873152256,161
1379659908.0,1379659940.0,E:\o4a\1379341312\H1_1379656704_1379660800.hdf5,1379656704.0,1379660800.0,H1,O4a,0.05944458022713661,161
1379659972.0,1379660004.0,E:\o4a\1379341312\H1_1379656704_1379660800.hdf5,1379656704.0,1379660800.0,H1,O4a,0.06693119555711746,161
1379660036.0,1379660068.0,E:\o4a\1379341312\H1_1379656704_1379660800.hdf5,1379656704.0,1379660800.0,H1,O4a,0.07493872195482254,161
1379660100.0,1379660132.0,E:\o4a\1379341312\H1_1379656704_1379660800.hdf5,1379656704.0,1379660800.0,H1,O4a,0.09411490708589554,161
1379660164.0,1379660196.0,E:\o4a\1379341312\H1_1379656704_1379660800.hdf5,1379656704.0,1379660800.0,H1,O4a,0.06338543444871902,161
1379660228.0,1379660260.0,E:\o4a\1379341312\H1_1379656704_1379660800.hdf5,1379656704.0,1379660800.0,H1,O4a,0.057990167289972305,161
1379660292.0,1379660324.0,E:\o4a\1379341312\H1_1379656704_1379660800.hdf5,1379656704.0,1379660800.0,H1,O4a,0.06278803944587708,161
1379702852.0,1379702884.0,E:\o4a\1379341312\H1_1379701760_1379705856.hdf5,1379701760.0,1379705856.0,H1,O4a,0.08566231280565262,162
1379702916.0,1379702948.0,E:\o4a\1379341312\H1_1379701760_1379705856.hdf5,1379701760.0,1379705856.0,H1,O4a,0.058662064373493195,162
1379702980.0,1379703012.0,E:\o4a\1379341312\H1_1379701760_1379705856.hdf5,1379701760.0,1379705856.0,H1,O4a,0.08600065857172012,162
1379703044.0,1379703076.0,E:\o4a\1379341312\H1_1379701760_1379705856.hdf5,1379701760.0,1379705856.0,H1,O4a,0.07098544389009476,162
1379703108.0,1379703140.0,E:\o4a\1379341312\H1_1379701760_1379705856.hdf5,1379701760.0,1379705856.0,H1,O4a,0.0645422637462616,162
1379703172.0,1379703204.0,E:\o4a\1379341312\H1_1379701760_1379705856.hdf5,1379701760.0,1379705856.0,H1,O4a,0.08410856127738953,162
1379703236.0,1379703268.0,E:\o4a\1379341312\H1_1379701760_1379705856.hdf5,1379701760.0,1379705856.0,H1,O4a,0.06143013760447502,162
1379703300.0,1379703332.0,E:\o4a\1379341312\H1_1379701760_1379705856.hdf5,1379701760.0,1379705856.0,H1,O4a,0.06867475062608719,162
1379703364.0,1379703396.0,E:\o4a\1379341312\H1_1379701760_1379705856.hdf5,1379701760.0,1379705856.0,H1,O4a,0.05615865811705589,162
1379703428.0,1379703460.0,E:\o4a\1379341312\H1_1379701760_1379705856.hdf5,1379701760.0,1379705856.0,H1,O4a,0.06044623628258705,162
1379703492.0,1379703524.0,E:\o4a\1379341312\H1_1379701760_1379705856.hdf5,1379701760.0,1379705856.0,H1,O4a,0.05770478770136833,162
1379703556.0,1379703588.0,E:\o4a\1379341312\H1_1379701760_1379705856.hdf5,1379701760.0,1379705856.0,H1,O4a,0.06648167222738266,162
1379703620.0,1379703652.0,E:\o4a\1379341312\H1_1379701760_1379705856.hdf5,1379701760.0,1379705856.0,H1,O4a,0.08484375476837158,162
1379703684.0,1379703716.0,E:\o4a\1379341312\H1_1379701760_1379705856.hdf5,1379701760.0,1379705856.0,H1,O4a,0.05710814148187637,162
1379703748.0,1379703780.0,E:\o4a\1379341312\H1_1379701760_1379705856.hdf5,1379701760.0,1379705856.0,H1,O4a,0.06506632268428802,162
1379703812.0,1379703844.0,E:\o4a\1379341312\H1_1379701760_1379705856.hdf5,1379701760.0,1379705856.0,H1,O4a,0.05696481838822365,162
1379703876.0,1379703908.0,E:\o4a\1379341312\H1_1379701760_1379705856.hdf5,1379701760.0,1379705856.0,H1,O4a,0.054606128484010696,162
1379766148.0,1379766180.0,E:\o4a\1379341312\H1_1379763200_1379767296.hdf5,1379763200.0,1379767296.0,H1,O4a,0.0771842673420906,163
1379766212.0,1379766244.0,E:\o4a\1379341312\H1_1379763200_1379767296.hdf5,1379763200.0,1379767296.0,H1,O4a,0.062446508556604385,163
1379766276.0,1379766308.0,E:\o4a\1379341312\H1_1379763200_1379767296.hdf5,1379763200.0,1379767296.0,H1,O4a,0.07126668095588684,163
1379766340.0,1379766372.0,E:\o4a\1379341312\H1_1379763200_1379767296.hdf5,1379763200.0,1379767296.0,H1,O4a,0.061301931738853455,163
1379766404.0,1379766436.0,E:\o4a\1379341312\H1_1379763200_1379767296.hdf5,1379763200.0,1379767296.0,H1,O4a,0.07249610126018524,163
1379766468.0,1379766500.0,E:\o4a\1379341312\H1_1379763200_1379767296.hdf5,1379763200.0,1379767296.0,H1,O4a,0.43194353580474854,163
1379766532.0,1379766564.0,E:\o4a\1379341312\H1_1379763200_1379767296.hdf5,1379763200.0,1379767296.0,H1,O4a,0.06308718025684357,163
1379766596.0,1379766628.0,E:\o4a\1379341312\H1_1379763200_1379767296.hdf5,1379763200.0,1379767296.0,H1,O4a,0.06363936513662338,163
1379766660.0,1379766692.0,E:\o4a\1379341312\H1_1379763200_1379767296.hdf5,1379763200.0,1379767296.0,H1,O4a,0.05614940822124481,163
1379766724.0,1379766756.0,E:\o4a\1379341312\H1_1379763200_1379767296.hdf5,1379763200.0,1379767296.0,H1,O4a,0.07154545933008194,163
1379766788.0,1379766820.0,E:\o4a\1379341312\H1_1379763200_1379767296.hdf5,1379763200.0,1379767296.0,H1,O4a,0.07205796241760254,163
1379766852.0,1379766884.0,E:\o4a\1379341312\H1_1379763200_1379767296.hdf5,1379763200.0,1379767296.0,H1,O4a,0.05489357188344002,163
1379766916.0,1379766948.0,E:\o4a\1379341312\H1_1379763200_1379767296.hdf5,1379763200.0,1379767296.0,H1,O4a,0.05739423260092735,163
1379766980.0,1379767012.0,E:\o4a\1379341312\H1_1379763200_1379767296.hdf5,1379763200.0,1379767296.0,H1,O4a,0.06541871279478073,163
1379767044.0,1379767076.0,E:\o4a\1379341312\H1_1379763200_1379767296.hdf5,1379763200.0,1379767296.0,H1,O4a,0.066412054002285,163
1379767108.0,1379767140.0,E:\o4a\1379341312\H1_1379763200_1379767296.hdf5,1379763200.0,1379767296.0,H1,O4a,0.06378838419914246,163
1379767172.0,1379767204.0,E:\o4a\1379341312\H1_1379763200_1379767296.hdf5,1379763200.0,1379767296.0,H1,O4a,0.07395605742931366,163
1379857860.0,1379857892.0,E:\o4a\1379341312\H1_1379857408_1379859712.hdf5,1379857408.0,1379859712.0,H1,O4a,0.05753179267048836,164
1379857924.0,1379857956.0,E:\o4a\1379341312\H1_1379857408_1379859712.hdf5,1379857408.0,1379859712.0,H1,O4a,0.06620483100414276,164
1379857988.0,1379858020.0,E:\o4a\1379341312\H1_1379857408_1379859712.hdf5,1379857408.0,1379859712.0,H1,O4a,0.05996124818921089,164
1379858052.0,1379858084.0,E:\o4a\1379341312\H1_1379857408_1379859712.hdf5,1379857408.0,1379859712.0,H1,O4a,0.07912501692771912,164
1379858116.0,1379858148.0,E:\o4a\1379341312\H1_1379857408_1379859712.hdf5,1379857408.0,1379859712.0,H1,O4a,0.06582948565483093,164
1379858180.0,1379858212.0,E:\o4a\1379341312\H1_1379857408_1379859712.hdf5,1379857408.0,1379859712.0,H1,O4a,0.07765943557024002,164
1379858244.0,1379858276.0,E:\o4a\1379341312\H1_1379857408_1379859712.hdf5,1379857408.0,1379859712.0,H1,O4a,0.058534279465675354,164
1379858308.0,1379858340.0,E:\o4a\1379341312\H1_1379857408_1379859712.hdf5,1379857408.0,1379859712.0,H1,O4a,0.06370649486780167,164
1379858372.0,1379858404.0,E:\o4a\1379341312\H1_1379857408_1379859712.hdf5,1379857408.0,1379859712.0,H1,O4a,0.053284380584955215,164
1379858436.0,1379858468.0,E:\o4a\1379341312\H1_1379857408_1379859712.hdf5,1379857408.0,1379859712.0,H1,O4a,0.0632820799946785,164
1379858500.0,1379858532.0,E:\o4a\1379341312\H1_1379857408_1379859712.hdf5,1379857408.0,1379859712.0,H1,O4a,0.06643331795930862,164
1379858564.0,1379858596.0,E:\o4a\1379341312\H1_1379857408_1379859712.hdf5,1379857408.0,1379859712.0,H1,O4a,0.06535910069942474,164
1379858628.0,1379858660.0,E:\o4a\1379341312\H1_1379857408_1379859712.hdf5,1379857408.0,1379859712.0,H1,O4a,0.08302495628595352,164
1379858692.0,1379858724.0,E:\o4a\1379341312\H1_1379857408_1379859712.hdf5,1379857408.0,1379859712.0,H1,O4a,0.06089639663696289,164
1379858756.0,1379858788.0,E:\o4a\1379341312\H1_1379857408_1379859712.hdf5,1379857408.0,1379859712.0,H1,O4a,0.06371448934078217,164
1379858820.0,1379858852.0,E:\o4a\1379341312\H1_1379857408_1379859712.hdf5,1379857408.0,1379859712.0,H1,O4a,0.058679498732089996,164
1379858884.0,1379858916.0,E:\o4a\1379341312\H1_1379857408_1379859712.hdf5,1379857408.0,1379859712.0,H1,O4a,0.05132836475968361,164
1379929348.0,1379929380.0,E:\o4a\1379859712\H1_1379929344_1379933440.hdf5,1379929344.0,1379933440.0,H1,O4a,0.07305514067411423,165
1379929412.0,1379929444.0,E:\o4a\1379859712\H1_1379929344_1379933440.hdf5,1379929344.0,1379933440.0,H1,O4a,0.08986066281795502,165
1379929476.0,1379929508.0,E:\o4a\1379859712\H1_1379929344_1379933440.hdf5,1379929344.0,1379933440.0,H1,O4a,0.06030166894197464,165
1379929540.0,1379929572.0,E:\o4a\1379859712\H1_1379929344_1379933440.hdf5,1379929344.0,1379933440.0,H1,O4a,0.054605066776275635,165
1379929604.0,1379929636.0,E:\o4a\1379859712\H1_1379929344_1379933440.hdf5,1379929344.0,1379933440.0,H1,O4a,0.07614922523498535,165
1379929668.0,1379929700.0,E:\o4a\1379859712\H1_1379929344_1379933440.hdf5,1379929344.0,1379933440.0,H1,O4a,0.07025863230228424,165
1379929732.0,1379929764.0,E:\o4a\1379859712\H1_1379929344_1379933440.hdf5,1379929344.0,1379933440.0,H1,O4a,0.0685538798570633,165
1379929796.0,1379929828.0,E:\o4a\1379859712\H1_1379929344_1379933440.hdf5,1379929344.0,1379933440.0,H1,O4a,0.08501584082841873,165
1379929860.0,1379929892.0,E:\o4a\1379859712\H1_1379929344_1379933440.hdf5,1379929344.0,1379933440.0,H1,O4a,0.05988902226090431,165
1379929924.0,1379929956.0,E:\o4a\1379859712\H1_1379929344_1379933440.hdf5,1379929344.0,1379933440.0,H1,O4a,0.05572272092103958,165
1379929988.0,1379930020.0,E:\o4a\1379859712\H1_1379929344_1379933440.hdf5,1379929344.0,1379933440.0,H1,O4a,0.0628410056233406,165
1379930052.0,1379930084.0,E:\o4a\1379859712\H1_1379929344_1379933440.hdf5,1379929344.0,1379933440.0,H1,O4a,0.05768129974603653,165
1379930116.0,1379930148.0,E:\o4a\1379859712\H1_1379929344_1379933440.hdf5,1379929344.0,1379933440.0,H1,O4a,0.06849876791238785,165
1379930180.0,1379930212.0,E:\o4a\1379859712\H1_1379929344_1379933440.hdf5,1379929344.0,1379933440.0,H1,O4a,0.07040031999349594,165
1379930244.0,1379930276.0,E:\o4a\1379859712\H1_1379929344_1379933440.hdf5,1379929344.0,1379933440.0,H1,O4a,0.06873533129692078,165
1379930308.0,1379930340.0,E:\o4a\1379859712\H1_1379929344_1379933440.hdf5,1379929344.0,1379933440.0,H1,O4a,0.0612887367606163,165
1379930372.0,1379930404.0,E:\o4a\1379859712\H1_1379929344_1379933440.hdf5,1379929344.0,1379933440.0,H1,O4a,0.06576943397521973,165
1379977412.0,1379977444.0,E:\o4a\1379859712\H1_1379974400_1379978496.hdf5,1379974400.0,1379978496.0,H1,O4a,0.05935891345143318,166
1379977476.0,1379977508.0,E:\o4a\1379859712\H1_1379974400_1379978496.hdf5,1379974400.0,1379978496.0,H1,O4a,0.062068477272987366,166
1379977540.0,1379977572.0,E:\o4a\1379859712\H1_1379974400_1379978496.hdf5,1379974400.0,1379978496.0,H1,O4a,0.06315027922391891,166
1379977604.0,1379977636.0,E:\o4a\1379859712\H1_1379974400_1379978496.hdf5,1379974400.0,1379978496.0,H1,O4a,0.05862073972821236,166
1379977668.0,1379977700.0,E:\o4a\1379859712\H1_1379974400_1379978496.hdf5,1379974400.0,1379978496.0,H1,O4a,0.06969559192657471,166
1379977732.0,1379977764.0,E:\o4a\1379859712\H1_1379974400_1379978496.hdf5,1379974400.0,1379978496.0,H1,O4a,0.05952427536249161,166
1379977796.0,1379977828.0,E:\o4a\1379859712\H1_1379974400_1379978496.hdf5,1379974400.0,1379978496.0,H1,O4a,0.06464872509241104,166
1379977860.0,1379977892.0,E:\o4a\1379859712\H1_1379974400_1379978496.hdf5,1379974400.0,1379978496.0,H1,O4a,0.05972345545887947,166
1379977924.0,1379977956.0,E:\o4a\1379859712\H1_1379974400_1379978496.hdf5,1379974400.0,1379978496.0,H1,O4a,0.07674490660429001,166
1379977988.0,1379978020.0,E:\o4a\1379859712\H1_1379974400_1379978496.hdf5,1379974400.0,1379978496.0,H1,O4a,0.0653454139828682,166
1379978052.0,1379978084.0,E:\o4a\1379859712\H1_1379974400_1379978496.hdf5,1379974400.0,1379978496.0,H1,O4a,0.05763392522931099,166
1379978116.0,1379978148.0,E:\o4a\1379859712\H1_1379974400_1379978496.hdf5,1379974400.0,1379978496.0,H1,O4a,0.06104474142193794,166
1379978180.0,1379978212.0,E:\o4a\1379859712\H1_1379974400_1379978496.hdf5,1379974400.0,1379978496.0,H1,O4a,0.052353452891111374,166
1379978244.0,1379978276.0,E:\o4a\1379859712\H1_1379974400_1379978496.hdf5,1379974400.0,1379978496.0,H1,O4a,0.06845994293689728,166
1379978308.0,1379978340.0,E:\o4a\1379859712\H1_1379974400_1379978496.hdf5,1379974400.0,1379978496.0,H1,O4a,0.05910918861627579,166
1379978372.0,1379978404.0,E:\o4a\1379859712\H1_1379974400_1379978496.hdf5,1379974400.0,1379978496.0,H1,O4a,0.05684712529182434,166
1379978436.0,1379978468.0,E:\o4a\1379859712\H1_1379974400_1379978496.hdf5,1379974400.0,1379978496.0,H1,O4a,0.05898633971810341,166
1380031748.0,1380031780.0,E:\o4a\1379859712\H1_1380031744_1380035840.hdf5,1380031744.0,1380035840.0,H1,O4a,0.05326654016971588,167
1380031812.0,1380031844.0,E:\o4a\1379859712\H1_1380031744_1380035840.hdf5,1380031744.0,1380035840.0,H1,O4a,0.08444275707006454,167
1380031876.0,1380031908.0,E:\o4a\1379859712\H1_1380031744_1380035840.hdf5,1380031744.0,1380035840.0,H1,O4a,0.06951187551021576,167
1380031940.0,1380031972.0,E:\o4a\1379859712\H1_1380031744_1380035840.hdf5,1380031744.0,1380035840.0,H1,O4a,0.07798517495393753,167
1380032004.0,1380032036.0,E:\o4a\1379859712\H1_1380031744_1380035840.hdf5,1380031744.0,1380035840.0,H1,O4a,0.05775507912039757,167
1380032068.0,1380032100.0,E:\o4a\1379859712\H1_1380031744_1380035840.hdf5,1380031744.0,1380035840.0,H1,O4a,0.06392738968133926,167
1380032132.0,1380032164.0,E:\o4a\1379859712\H1_1380031744_1380035840.hdf5,1380031744.0,1380035840.0,H1,O4a,0.0542248897254467,167
1380032196.0,1380032228.0,E:\o4a\1379859712\H1_1380031744_1380035840.hdf5,1380031744.0,1380035840.0,H1,O4a,0.06135144084692001,167
1380032260.0,1380032292.0,E:\o4a\1379859712\H1_1380031744_1380035840.hdf5,1380031744.0,1380035840.0,H1,O4a,0.05570010840892792,167
1380032324.0,1380032356.0,E:\o4a\1379859712\H1_1380031744_1380035840.hdf5,1380031744.0,1380035840.0,H1,O4a,0.06629830598831177,167
1380032388.0,1380032420.0,E:\o4a\1379859712\H1_1380031744_1380035840.hdf5,1380031744.0,1380035840.0,H1,O4a,0.07032651454210281,167
1380032452.0,1380032484.0,E:\o4a\1379859712\H1_1380031744_1380035840.hdf5,1380031744.0,1380035840.0,H1,O4a,0.05602370575070381,167
1380032516.0,1380032548.0,E:\o4a\1379859712\H1_1380031744_1380035840.hdf5,1380031744.0,1380035840.0,H1,O4a,0.05869956687092781,167
1380032580.0,1380032612.0,E:\o4a\1379859712\H1_1380031744_1380035840.hdf5,1380031744.0,1380035840.0,H1,O4a,0.06208721175789833,167
1380032644.0,1380032676.0,E:\o4a\1379859712\H1_1380031744_1380035840.hdf5,1380031744.0,1380035840.0,H1,O4a,0.06502732634544373,167
1380032708.0,1380032740.0,E:\o4a\1379859712\H1_1380031744_1380035840.hdf5,1380031744.0,1380035840.0,H1,O4a,0.05711548402905464,167
1380032772.0,1380032804.0,E:\o4a\1379859712\H1_1380031744_1380035840.hdf5,1380031744.0,1380035840.0,H1,O4a,0.058894284069538116,167
1380080900.0,1380080932.0,E:\o4a\1379859712\H1_1380080896_1380084992.hdf5,1380080896.0,1380084992.0,H1,O4a,0.059122197329998016,168
1380080964.0,1380080996.0,E:\o4a\1379859712\H1_1380080896_1380084992.hdf5,1380080896.0,1380084992.0,H1,O4a,0.06512116640806198,168
1380081028.0,1380081060.0,E:\o4a\1379859712\H1_1380080896_1380084992.hdf5,1380080896.0,1380084992.0,H1,O4a,0.05352253094315529,168
1380081092.0,1380081124.0,E:\o4a\1379859712\H1_1380080896_1380084992.hdf5,1380080896.0,1380084992.0,H1,O4a,0.05987316742539406,168
1380081156.0,1380081188.0,E:\o4a\1379859712\H1_1380080896_1380084992.hdf5,1380080896.0,1380084992.0,H1,O4a,0.057201310992240906,168
1380081220.0,1380081252.0,E:\o4a\1379859712\H1_1380080896_1380084992.hdf5,1380080896.0,1380084992.0,H1,O4a,0.06018700450658798,168
1380081284.0,1380081316.0,E:\o4a\1379859712\H1_1380080896_1380084992.hdf5,1380080896.0,1380084992.0,H1,O4a,0.07671646028757095,168
1380081348.0,1380081380.0,E:\o4a\1379859712\H1_1380080896_1380084992.hdf5,1380080896.0,1380084992.0,H1,O4a,0.059495218098163605,168
1380081412.0,1380081444.0,E:\o4a\1379859712\H1_1380080896_1380084992.hdf5,1380080896.0,1380084992.0,H1,O4a,0.0726921558380127,168
1380081476.0,1380081508.0,E:\o4a\1379859712\H1_1380080896_1380084992.hdf5,1380080896.0,1380084992.0,H1,O4a,0.06793329119682312,168
1380081540.0,1380081572.0,E:\o4a\1379859712\H1_1380080896_1380084992.hdf5,1380080896.0,1380084992.0,H1,O4a,0.0567919984459877,168
1380081604.0,1380081636.0,E:\o4a\1379859712\H1_1380080896_1380084992.hdf5,1380080896.0,1380084992.0,H1,O4a,0.08080622553825378,168
1380081668.0,1380081700.0,E:\o4a\1379859712\H1_1380080896_1380084992.hdf5,1380080896.0,1380084992.0,H1,O4a,0.06226198747754097,168
1380081732.0,1380081764.0,E:\o4a\1379859712\H1_1380080896_1380084992.hdf5,1380080896.0,1380084992.0,H1,O4a,0.06627871841192245,168
1380081796.0,1380081828.0,E:\o4a\1379859712\H1_1380080896_1380084992.hdf5,1380080896.0,1380084992.0,H1,O4a,0.06269703805446625,168
1380081860.0,1380081892.0,E:\o4a\1379859712\H1_1380080896_1380084992.hdf5,1380080896.0,1380084992.0,H1,O4a,0.15371334552764893,168
1380081924.0,1380081956.0,E:\o4a\1379859712\H1_1380080896_1380084992.hdf5,1380080896.0,1380084992.0,H1,O4a,0.05809307098388672,168
1380121860.0,1380121892.0,E:\o4a\1379859712\H1_1380121856_1380125952.hdf5,1380121856.0,1380125952.0,H1,O4a,0.05926084518432617,169
1380121924.0,1380121956.0,E:\o4a\1379859712\H1_1380121856_1380125952.hdf5,1380121856.0,1380125952.0,H1,O4a,0.26678353548049927,169
1380121988.0,1380122020.0,E:\o4a\1379859712\H1_1380121856_1380125952.hdf5,1380121856.0,1380125952.0,H1,O4a,0.06129748746752739,169
1380122052.0,1380122084.0,E:\o4a\1379859712\H1_1380121856_1380125952.hdf5,1380121856.0,1380125952.0,H1,O4a,0.06357764452695847,169
1380122116.0,1380122148.0,E:\o4a\1379859712\H1_1380121856_1380125952.hdf5,1380121856.0,1380125952.0,H1,O4a,0.062215957790613174,169
1380122180.0,1380122212.0,E:\o4a\1379859712\H1_1380121856_1380125952.hdf5,1380121856.0,1380125952.0,H1,O4a,0.06615812331438065,169
1380122244.0,1380122276.0,E:\o4a\1379859712\H1_1380121856_1380125952.hdf5,1380121856.0,1380125952.0,H1,O4a,0.07122965157032013,169
1380122308.0,1380122340.0,E:\o4a\1379859712\H1_1380121856_1380125952.hdf5,1380121856.0,1380125952.0,H1,O4a,0.06654335558414459,169
1380122372.0,1380122404.0,E:\o4a\1379859712\H1_1380121856_1380125952.hdf5,1380121856.0,1380125952.0,H1,O4a,0.06025123596191406,169
1380122436.0,1380122468.0,E:\o4a\1379859712\H1_1380121856_1380125952.hdf5,1380121856.0,1380125952.0,H1,O4a,0.06167915463447571,169
1380122500.0,1380122532.0,E:\o4a\1379859712\H1_1380121856_1380125952.hdf5,1380121856.0,1380125952.0,H1,O4a,0.05340040847659111,169
1380122564.0,1380122596.0,E:\o4a\1379859712\H1_1380121856_1380125952.hdf5,1380121856.0,1380125952.0,H1,O4a,0.05937438830733299,169
1380122628.0,1380122660.0,E:\o4a\1379859712\H1_1380121856_1380125952.hdf5,1380121856.0,1380125952.0,H1,O4a,0.06899546086788177,169
1380122692.0,1380122724.0,E:\o4a\1379859712\H1_1380121856_1380125952.hdf5,1380121856.0,1380125952.0,H1,O4a,0.07244858890771866,169
1380122756.0,1380122788.0,E:\o4a\1379859712\H1_1380121856_1380125952.hdf5,1380121856.0,1380125952.0,H1,O4a,0.06037958338856697,169
1380122820.0,1380122852.0,E:\o4a\1379859712\H1_1380121856_1380125952.hdf5,1380121856.0,1380125952.0,H1,O4a,0.05393365025520325,169
1380122884.0,1380122916.0,E:\o4a\1379859712\H1_1380121856_1380125952.hdf5,1380121856.0,1380125952.0,H1,O4a,0.06063351407647133,169
1380164996.0,1380165028.0,E:\o4a\1379859712\H1_1380162816_1380166912.hdf5,1380162816.0,1380166912.0,H1,O4a,0.06599289178848267,170
1380165060.0,1380165092.0,E:\o4a\1379859712\H1_1380162816_1380166912.hdf5,1380162816.0,1380166912.0,H1,O4a,0.06740063428878784,170
1380165124.0,1380165156.0,E:\o4a\1379859712\H1_1380162816_1380166912.hdf5,1380162816.0,1380166912.0,H1,O4a,0.06548387557268143,170
1380165188.0,1380165220.0,E:\o4a\1379859712\H1_1380162816_1380166912.hdf5,1380162816.0,1380166912.0,H1,O4a,0.061629436910152435,170
1380165252.0,1380165284.0,E:\o4a\1379859712\H1_1380162816_1380166912.hdf5,1380162816.0,1380166912.0,H1,O4a,0.05782458558678627,170
1380165316.0,1380165348.0,E:\o4a\1379859712\H1_1380162816_1380166912.hdf5,1380162816.0,1380166912.0,H1,O4a,0.06701523065567017,170
1380165380.0,1380165412.0,E:\o4a\1379859712\H1_1380162816_1380166912.hdf5,1380162816.0,1380166912.0,H1,O4a,0.06462517380714417,170
1380165444.0,1380165476.0,E:\o4a\1379859712\H1_1380162816_1380166912.hdf5,1380162816.0,1380166912.0,H1,O4a,0.06888259202241898,170
1380165508.0,1380165540.0,E:\o4a\1379859712\H1_1380162816_1380166912.hdf5,1380162816.0,1380166912.0,H1,O4a,0.07193858176469803,170
1380165572.0,1380165604.0,E:\o4a\1379859712\H1_1380162816_1380166912.hdf5,1380162816.0,1380166912.0,H1,O4a,0.056529752910137177,170
1380165636.0,1380165668.0,E:\o4a\1379859712\H1_1380162816_1380166912.hdf5,1380162816.0,1380166912.0,H1,O4a,0.06269783526659012,170
1380165700.0,1380165732.0,E:\o4a\1379859712\H1_1380162816_1380166912.hdf5,1380162816.0,1380166912.0,H1,O4a,0.07018521428108215,170
1380165764.0,1380165796.0,E:\o4a\1379859712\H1_1380162816_1380166912.hdf5,1380162816.0,1380166912.0,H1,O4a,0.0685371682047844,170
1380165828.0,1380165860.0,E:\o4a\1379859712\H1_1380162816_1380166912.hdf5,1380162816.0,1380166912.0,H1,O4a,0.05681104585528374,170
1380165892.0,1380165924.0,E:\o4a\1379859712\H1_1380162816_1380166912.hdf5,1380162816.0,1380166912.0,H1,O4a,0.06125626713037491,170
1380165956.0,1380165988.0,E:\o4a\1379859712\H1_1380162816_1380166912.hdf5,1380162816.0,1380166912.0,H1,O4a,0.06528610736131668,170
1380166020.0,1380166052.0,E:\o4a\1379859712\H1_1380162816_1380166912.hdf5,1380162816.0,1380166912.0,H1,O4a,0.06533557176589966,170
1380208964.0,1380208996.0,E:\o4a\1379859712\H1_1380207872_1380211968.hdf5,1380207872.0,1380211968.0,H1,O4a,0.059154313057661057,171
1380209028.0,1380209060.0,E:\o4a\1379859712\H1_1380207872_1380211968.hdf5,1380207872.0,1380211968.0,H1,O4a,0.05588128790259361,171
1380209092.0,1380209124.0,E:\o4a\1379859712\H1_1380207872_1380211968.hdf5,1380207872.0,1380211968.0,H1,O4a,0.05205319821834564,171
1380209156.0,1380209188.0,E:\o4a\1379859712\H1_1380207872_1380211968.hdf5,1380207872.0,1380211968.0,H1,O4a,0.059124622493982315,171
1380209220.0,1380209252.0,E:\o4a\1379859712\H1_1380207872_1380211968.hdf5,1380207872.0,1380211968.0,H1,O4a,0.05531000718474388,171
1380209284.0,1380209316.0,E:\o4a\1379859712\H1_1380207872_1380211968.hdf5,1380207872.0,1380211968.0,H1,O4a,0.05446365103125572,171
1380209348.0,1380209380.0,E:\o4a\1379859712\H1_1380207872_1380211968.hdf5,1380207872.0,1380211968.0,H1,O4a,0.06388098001480103,171
1380209412.0,1380209444.0,E:\o4a\1379859712\H1_1380207872_1380211968.hdf5,1380207872.0,1380211968.0,H1,O4a,0.05610263720154762,171
1380209476.0,1380209508.0,E:\o4a\1379859712\H1_1380207872_1380211968.hdf5,1380207872.0,1380211968.0,H1,O4a,0.06404858082532883,171
1380209540.0,1380209572.0,E:\o4a\1379859712\H1_1380207872_1380211968.hdf5,1380207872.0,1380211968.0,H1,O4a,0.06669187545776367,171
1380209604.0,1380209636.0,E:\o4a\1379859712\H1_1380207872_1380211968.hdf5,1380207872.0,1380211968.0,H1,O4a,0.05994827672839165,171
1380209668.0,1380209700.0,E:\o4a\1379859712\H1_1380207872_1380211968.hdf5,1380207872.0,1380211968.0,H1,O4a,0.060850705951452255,171
1380209732.0,1380209764.0,E:\o4a\1379859712\H1_1380207872_1380211968.hdf5,1380207872.0,1380211968.0,H1,O4a,0.062288377434015274,171
1380209796.0,1380209828.0,E:\o4a\1379859712\H1_1380207872_1380211968.hdf5,1380207872.0,1380211968.0,H1,O4a,0.05645020678639412,171
1380209860.0,1380209892.0,E:\o4a\1379859712\H1_1380207872_1380211968.hdf5,1380207872.0,1380211968.0,H1,O4a,0.05783354863524437,171
1380209924.0,1380209956.0,E:\o4a\1379859712\H1_1380207872_1380211968.hdf5,1380207872.0,1380211968.0,H1,O4a,0.06229913979768753,171
1380209988.0,1380210020.0,E:\o4a\1379859712\H1_1380207872_1380211968.hdf5,1380207872.0,1380211968.0,H1,O4a,0.062024690210819244,171
1380262212.0,1380262244.0,E:\o4a\1379859712\H1_1380261120_1380265216.hdf5,1380261120.0,1380265216.0,H1,O4a,0.08691833913326263,172
1380262276.0,1380262308.0,E:\o4a\1379859712\H1_1380261120_1380265216.hdf5,1380261120.0,1380265216.0,H1,O4a,0.05351629853248596,172
1380262340.0,1380262372.0,E:\o4a\1379859712\H1_1380261120_1380265216.hdf5,1380261120.0,1380265216.0,H1,O4a,0.05940505489706993,172
1380262404.0,1380262436.0,E:\o4a\1379859712\H1_1380261120_1380265216.hdf5,1380261120.0,1380265216.0,H1,O4a,0.06156432628631592,172
1380262468.0,1380262500.0,E:\o4a\1379859712\H1_1380261120_1380265216.hdf5,1380261120.0,1380265216.0,H1,O4a,0.08041670173406601,172
1380262532.0,1380262564.0,E:\o4a\1379859712\H1_1380261120_1380265216.hdf5,1380261120.0,1380265216.0,H1,O4a,0.06675707548856735,172
1380262596.0,1380262628.0,E:\o4a\1379859712\H1_1380261120_1380265216.hdf5,1380261120.0,1380265216.0,H1,O4a,0.06389612704515457,172
1380262660.0,1380262692.0,E:\o4a\1379859712\H1_1380261120_1380265216.hdf5,1380261120.0,1380265216.0,H1,O4a,0.05915923789143562,172
1380262724.0,1380262756.0,E:\o4a\1379859712\H1_1380261120_1380265216.hdf5,1380261120.0,1380265216.0,H1,O4a,0.052140142768621445,172
1380262788.0,1380262820.0,E:\o4a\1379859712\H1_1380261120_1380265216.hdf5,1380261120.0,1380265216.0,H1,O4a,0.05698002129793167,172
1380262852.0,1380262884.0,E:\o4a\1379859712\H1_1380261120_1380265216.hdf5,1380261120.0,1380265216.0,H1,O4a,0.06144621968269348,172
1380262916.0,1380262948.0,E:\o4a\1379859712\H1_1380261120_1380265216.hdf5,1380261120.0,1380265216.0,H1,O4a,0.07920566201210022,172
1380262980.0,1380263012.0,E:\o4a\1379859712\H1_1380261120_1380265216.hdf5,1380261120.0,1380265216.0,H1,O4a,0.06569062918424606,172
1380263044.0,1380263076.0,E:\o4a\1379859712\H1_1380261120_1380265216.hdf5,1380261120.0,1380265216.0,H1,O4a,0.06514885276556015,172
1380263108.0,1380263140.0,E:\o4a\1379859712\H1_1380261120_1380265216.hdf5,1380261120.0,1380265216.0,H1,O4a,0.06918833404779434,172
1380263172.0,1380263204.0,E:\o4a\1379859712\H1_1380261120_1380265216.hdf5,1380261120.0,1380265216.0,H1,O4a,0.06282420456409454,172
1380263236.0,1380263268.0,E:\o4a\1379859712\H1_1380261120_1380265216.hdf5,1380261120.0,1380265216.0,H1,O4a,0.057923804968595505,172
1380305028.0,1380305060.0,E:\o4a\1379859712\H1_1380302080_1380306176.hdf5,1380302080.0,1380306176.0,H1,O4a,0.059058330953121185,173
1380305092.0,1380305124.0,E:\o4a\1379859712\H1_1380302080_1380306176.hdf5,1380302080.0,1380306176.0,H1,O4a,0.05408773198723793,173
1380305156.0,1380305188.0,E:\o4a\1379859712\H1_1380302080_1380306176.hdf5,1380302080.0,1380306176.0,H1,O4a,0.055585652589797974,173
1380305220.0,1380305252.0,E:\o4a\1379859712\H1_1380302080_1380306176.hdf5,1380302080.0,1380306176.0,H1,O4a,0.07092997431755066,173
1380305284.0,1380305316.0,E:\o4a\1379859712\H1_1380302080_1380306176.hdf5,1380302080.0,1380306176.0,H1,O4a,0.06380457431077957,173
1380305348.0,1380305380.0,E:\o4a\1379859712\H1_1380302080_1380306176.hdf5,1380302080.0,1380306176.0,H1,O4a,0.06289017200469971,173
1380305412.0,1380305444.0,E:\o4a\1379859712\H1_1380302080_1380306176.hdf5,1380302080.0,1380306176.0,H1,O4a,0.07068559527397156,173
1380305476.0,1380305508.0,E:\o4a\1379859712\H1_1380302080_1380306176.hdf5,1380302080.0,1380306176.0,H1,O4a,0.06806391477584839,173
1380305540.0,1380305572.0,E:\o4a\1379859712\H1_1380302080_1380306176.hdf5,1380302080.0,1380306176.0,H1,O4a,0.0665050595998764,173
1380305604.0,1380305636.0,E:\o4a\1379859712\H1_1380302080_1380306176.hdf5,1380302080.0,1380306176.0,H1,O4a,0.0711309164762497,173
1380305668.0,1380305700.0,E:\o4a\1379859712\H1_1380302080_1380306176.hdf5,1380302080.0,1380306176.0,H1,O4a,0.05915762484073639,173
1380305732.0,1380305764.0,E:\o4a\1379859712\H1_1380302080_1380306176.hdf5,1380302080.0,1380306176.0,H1,O4a,0.06284615397453308,173
1380305796.0,1380305828.0,E:\o4a\1379859712\H1_1380302080_1380306176.hdf5,1380302080.0,1380306176.0,H1,O4a,0.06211477145552635,173
1380305860.0,1380305892.0,E:\o4a\1379859712\H1_1380302080_1380306176.hdf5,1380302080.0,1380306176.0,H1,O4a,0.07404067367315292,173
1380305924.0,1380305956.0,E:\o4a\1379859712\H1_1380302080_1380306176.hdf5,1380302080.0,1380306176.0,H1,O4a,0.0802866742014885,173
1380305988.0,1380306020.0,E:\o4a\1379859712\H1_1380302080_1380306176.hdf5,1380302080.0,1380306176.0,H1,O4a,0.05908387526869774,173
1380306052.0,1380306084.0,E:\o4a\1379859712\H1_1380302080_1380306176.hdf5,1380302080.0,1380306176.0,H1,O4a,0.06035437434911728,173
1380344196.0,1380344228.0,E:\o4a\1379859712\H1_1380343040_1380347136.hdf5,1380343040.0,1380347136.0,H1,O4a,0.06293892860412598,174
1380344260.0,1380344292.0,E:\o4a\1379859712\H1_1380343040_1380347136.hdf5,1380343040.0,1380347136.0,H1,O4a,0.060188572853803635,174
1380344324.0,1380344356.0,E:\o4a\1379859712\H1_1380343040_1380347136.hdf5,1380343040.0,1380347136.0,H1,O4a,0.08332748711109161,174
1380344388.0,1380344420.0,E:\o4a\1379859712\H1_1380343040_1380347136.hdf5,1380343040.0,1380347136.0,H1,O4a,0.06258538365364075,174
1380344452.0,1380344484.0,E:\o4a\1379859712\H1_1380343040_1380347136.hdf5,1380343040.0,1380347136.0,H1,O4a,0.06768950819969177,174
1380344516.0,1380344548.0,E:\o4a\1379859712\H1_1380343040_1380347136.hdf5,1380343040.0,1380347136.0,H1,O4a,0.060619935393333435,174
1380344580.0,1380344612.0,E:\o4a\1379859712\H1_1380343040_1380347136.hdf5,1380343040.0,1380347136.0,H1,O4a,0.05905713886022568,174
1380344644.0,1380344676.0,E:\o4a\1379859712\H1_1380343040_1380347136.hdf5,1380343040.0,1380347136.0,H1,O4a,0.06901413947343826,174
1380344708.0,1380344740.0,E:\o4a\1379859712\H1_1380343040_1380347136.hdf5,1380343040.0,1380347136.0,H1,O4a,0.05613846704363823,174
1380344772.0,1380344804.0,E:\o4a\1379859712\H1_1380343040_1380347136.hdf5,1380343040.0,1380347136.0,H1,O4a,0.06897938251495361,174
1380344836.0,1380344868.0,E:\o4a\1379859712\H1_1380343040_1380347136.hdf5,1380343040.0,1380347136.0,H1,O4a,0.05125270411372185,174
1380344900.0,1380344932.0,E:\o4a\1379859712\H1_1380343040_1380347136.hdf5,1380343040.0,1380347136.0,H1,O4a,0.0642106905579567,174
1380344964.0,1380344996.0,E:\o4a\1379859712\H1_1380343040_1380347136.hdf5,1380343040.0,1380347136.0,H1,O4a,0.060970280319452286,174
1380345028.0,1380345060.0,E:\o4a\1379859712\H1_1380343040_1380347136.hdf5,1380343040.0,1380347136.0,H1,O4a,0.05865554139018059,174
1380345092.0,1380345124.0,E:\o4a\1379859712\H1_1380343040_1380347136.hdf5,1380343040.0,1380347136.0,H1,O4a,0.05512889102101326,174
1380345156.0,1380345188.0,E:\o4a\1379859712\H1_1380343040_1380347136.hdf5,1380343040.0,1380347136.0,H1,O4a,0.061681367456912994,174
1380345220.0,1380345252.0,E:\o4a\1379859712\H1_1380343040_1380347136.hdf5,1380343040.0,1380347136.0,H1,O4a,0.1080377846956253,174
1380509188.0,1380509220.0,E:\o4a\1380378112\H1_1380509184_1380513280.hdf5,1380509184.0,1380513280.0,H1,O4a,0.05813489854335785,176
1380509252.0,1380509284.0,E:\o4a\1380378112\H1_1380509184_1380513280.hdf5,1380509184.0,1380513280.0,H1,O4a,0.06216461583971977,176
1380509316.0,1380509348.0,E:\o4a\1380378112\H1_1380509184_1380513280.hdf5,1380509184.0,1380513280.0,H1,O4a,0.06884641200304031,176
1380509380.0,1380509412.0,E:\o4a\1380378112\H1_1380509184_1380513280.hdf5,1380509184.0,1380513280.0,H1,O4a,0.06728462874889374,176
1380509444.0,1380509476.0,E:\o4a\1380378112\H1_1380509184_1380513280.hdf5,1380509184.0,1380513280.0,H1,O4a,0.07235816866159439,176
1380509508.0,1380509540.0,E:\o4a\1380378112\H1_1380509184_1380513280.hdf5,1380509184.0,1380513280.0,H1,O4a,0.06480789184570312,176
1380509572.0,1380509604.0,E:\o4a\1380378112\H1_1380509184_1380513280.hdf5,1380509184.0,1380513280.0,H1,O4a,0.0538167804479599,176
1380509636.0,1380509668.0,E:\o4a\1380378112\H1_1380509184_1380513280.hdf5,1380509184.0,1380513280.0,H1,O4a,0.06622705608606339,176
1380509700.0,1380509732.0,E:\o4a\1380378112\H1_1380509184_1380513280.hdf5,1380509184.0,1380513280.0,H1,O4a,0.060816504061222076,176
1380509764.0,1380509796.0,E:\o4a\1380378112\H1_1380509184_1380513280.hdf5,1380509184.0,1380513280.0,H1,O4a,0.07427067309617996,176
1380509828.0,1380509860.0,E:\o4a\1380378112\H1_1380509184_1380513280.hdf5,1380509184.0,1380513280.0,H1,O4a,0.05772608146071434,176
1380509892.0,1380509924.0,E:\o4a\1380378112\H1_1380509184_1380513280.hdf5,1380509184.0,1380513280.0,H1,O4a,0.08098278194665909,176
1380509956.0,1380509988.0,E:\o4a\1380378112\H1_1380509184_1380513280.hdf5,1380509184.0,1380513280.0,H1,O4a,0.058418333530426025,176
1380510020.0,1380510052.0,E:\o4a\1380378112\H1_1380509184_1380513280.hdf5,1380509184.0,1380513280.0,H1,O4a,0.05631282925605774,176
1380510084.0,1380510116.0,E:\o4a\1380378112\H1_1380509184_1380513280.hdf5,1380509184.0,1380513280.0,H1,O4a,0.060384154319763184,176
1380510148.0,1380510180.0,E:\o4a\1380378112\H1_1380509184_1380513280.hdf5,1380509184.0,1380513280.0,H1,O4a,0.07118441164493561,176
1380510212.0,1380510244.0,E:\o4a\1380378112\H1_1380509184_1380513280.hdf5,1380509184.0,1380513280.0,H1,O4a,0.0628013163805008,176
1380554820.0,1380554852.0,E:\o4a\1380378112\H1_1380554240_1380558336.hdf5,1380554240.0,1380558336.0,H1,O4a,0.05953299254179001,177
1380554884.0,1380554916.0,E:\o4a\1380378112\H1_1380554240_1380558336.hdf5,1380554240.0,1380558336.0,H1,O4a,0.05921776220202446,177
1380554948.0,1380554980.0,E:\o4a\1380378112\H1_1380554240_1380558336.hdf5,1380554240.0,1380558336.0,H1,O4a,0.05263371393084526,177
1380555012.0,1380555044.0,E:\o4a\1380378112\H1_1380554240_1380558336.hdf5,1380554240.0,1380558336.0,H1,O4a,0.07012170553207397,177
1380555076.0,1380555108.0,E:\o4a\1380378112\H1_1380554240_1380558336.hdf5,1380554240.0,1380558336.0,H1,O4a,0.06432623416185379,177
1380555140.0,1380555172.0,E:\o4a\1380378112\H1_1380554240_1380558336.hdf5,1380554240.0,1380558336.0,H1,O4a,0.06337836384773254,177
1380555204.0,1380555236.0,E:\o4a\1380378112\H1_1380554240_1380558336.hdf5,1380554240.0,1380558336.0,H1,O4a,0.07384713739156723,177
1380555268.0,1380555300.0,E:\o4a\1380378112\H1_1380554240_1380558336.hdf5,1380554240.0,1380558336.0,H1,O4a,0.05429491400718689,177
1380555332.0,1380555364.0,E:\o4a\1380378112\H1_1380554240_1380558336.hdf5,1380554240.0,1380558336.0,H1,O4a,0.06022673472762108,177
1380555396.0,1380555428.0,E:\o4a\1380378112\H1_1380554240_1380558336.hdf5,1380554240.0,1380558336.0,H1,O4a,0.07602941244840622,177
1380555460.0,1380555492.0,E:\o4a\1380378112\H1_1380554240_1380558336.hdf5,1380554240.0,1380558336.0,H1,O4a,0.06066332012414932,177
1380555524.0,1380555556.0,E:\o4a\1380378112\H1_1380554240_1380558336.hdf5,1380554240.0,1380558336.0,H1,O4a,0.07641512155532837,177
1380555588.0,1380555620.0,E:\o4a\1380378112\H1_1380554240_1380558336.hdf5,1380554240.0,1380558336.0,H1,O4a,0.06490407139062881,177
1380555652.0,1380555684.0,E:\o4a\1380378112\H1_1380554240_1380558336.hdf5,1380554240.0,1380558336.0,H1,O4a,0.05684981122612953,177
1380555716.0,1380555748.0,E:\o4a\1380378112\H1_1380554240_1380558336.hdf5,1380554240.0,1380558336.0,H1,O4a,0.06434129178524017,177
1380555780.0,1380555812.0,E:\o4a\1380378112\H1_1380554240_1380558336.hdf5,1380554240.0,1380558336.0,H1,O4a,0.07006389647722244,177
1380555844.0,1380555876.0,E:\o4a\1380378112\H1_1380554240_1380558336.hdf5,1380554240.0,1380558336.0,H1,O4a,0.06483528017997742,177
1380609476.0,1380609508.0,E:\o4a\1380378112\H1_1380607488_1380611584.hdf5,1380607488.0,1380611584.0,H1,O4a,0.07340843230485916,178
1380609540.0,1380609572.0,E:\o4a\1380378112\H1_1380607488_1380611584.hdf5,1380607488.0,1380611584.0,H1,O4a,0.06195095553994179,178
1380609604.0,1380609636.0,E:\o4a\1380378112\H1_1380607488_1380611584.hdf5,1380607488.0,1380611584.0,H1,O4a,0.058370497077703476,178
1380609668.0,1380609700.0,E:\o4a\1380378112\H1_1380607488_1380611584.hdf5,1380607488.0,1380611584.0,H1,O4a,0.060062211006879807,178
1380609732.0,1380609764.0,E:\o4a\1380378112\H1_1380607488_1380611584.hdf5,1380607488.0,1380611584.0,H1,O4a,0.06698985397815704,178
1380609796.0,1380609828.0,E:\o4a\1380378112\H1_1380607488_1380611584.hdf5,1380607488.0,1380611584.0,H1,O4a,0.05625811219215393,178
1380609860.0,1380609892.0,E:\o4a\1380378112\H1_1380607488_1380611584.hdf5,1380607488.0,1380611584.0,H1,O4a,0.06767157465219498,178
1380609924.0,1380609956.0,E:\o4a\1380378112\H1_1380607488_1380611584.hdf5,1380607488.0,1380611584.0,H1,O4a,0.06317649036645889,178
1380609988.0,1380610020.0,E:\o4a\1380378112\H1_1380607488_1380611584.hdf5,1380607488.0,1380611584.0,H1,O4a,0.06369220465421677,178
1380610052.0,1380610084.0,E:\o4a\1380378112\H1_1380607488_1380611584.hdf5,1380607488.0,1380611584.0,H1,O4a,0.05691523477435112,178
1380610116.0,1380610148.0,E:\o4a\1380378112\H1_1380607488_1380611584.hdf5,1380607488.0,1380611584.0,H1,O4a,0.05780711770057678,178
1380610180.0,1380610212.0,E:\o4a\1380378112\H1_1380607488_1380611584.hdf5,1380607488.0,1380611584.0,H1,O4a,0.05604812875390053,178
1380610244.0,1380610276.0,E:\o4a\1380378112\H1_1380607488_1380611584.hdf5,1380607488.0,1380611584.0,H1,O4a,0.058949198573827744,178
1380610308.0,1380610340.0,E:\o4a\1380378112\H1_1380607488_1380611584.hdf5,1380607488.0,1380611584.0,H1,O4a,0.055075645446777344,178
1380610372.0,1380610404.0,E:\o4a\1380378112\H1_1380607488_1380611584.hdf5,1380607488.0,1380611584.0,H1,O4a,0.06912798434495926,178
1380610436.0,1380610468.0,E:\o4a\1380378112\H1_1380607488_1380611584.hdf5,1380607488.0,1380611584.0,H1,O4a,0.07673518359661102,178
1380610500.0,1380610532.0,E:\o4a\1380378112\H1_1380607488_1380611584.hdf5,1380607488.0,1380611584.0,H1,O4a,0.06531202048063278,178
1380660740.0,1380660772.0,E:\o4a\1380378112\H1_1380660736_1380664832.hdf5,1380660736.0,1380664832.0,H1,O4a,0.06273336708545685,179
1380660804.0,1380660836.0,E:\o4a\1380378112\H1_1380660736_1380664832.hdf5,1380660736.0,1380664832.0,H1,O4a,0.10367948561906815,179
1380660868.0,1380660900.0,E:\o4a\1380378112\H1_1380660736_1380664832.hdf5,1380660736.0,1380664832.0,H1,O4a,0.06495128571987152,179
1380660932.0,1380660964.0,E:\o4a\1380378112\H1_1380660736_1380664832.hdf5,1380660736.0,1380664832.0,H1,O4a,0.060537856072187424,179
1380660996.0,1380661028.0,E:\o4a\1380378112\H1_1380660736_1380664832.hdf5,1380660736.0,1380664832.0,H1,O4a,0.059230852872133255,179
1380661060.0,1380661092.0,E:\o4a\1380378112\H1_1380660736_1380664832.hdf5,1380660736.0,1380664832.0,H1,O4a,0.05676528811454773,179
1380661124.0,1380661156.0,E:\o4a\1380378112\H1_1380660736_1380664832.hdf5,1380660736.0,1380664832.0,H1,O4a,0.05758928507566452,179
1380661188.0,1380661220.0,E:\o4a\1380378112\H1_1380660736_1380664832.hdf5,1380660736.0,1380664832.0,H1,O4a,0.05998912826180458,179
1380661252.0,1380661284.0,E:\o4a\1380378112\H1_1380660736_1380664832.hdf5,1380660736.0,1380664832.0,H1,O4a,0.060017284005880356,179
1380661316.0,1380661348.0,E:\o4a\1380378112\H1_1380660736_1380664832.hdf5,1380660736.0,1380664832.0,H1,O4a,0.06083781644701958,179
1380661380.0,1380661412.0,E:\o4a\1380378112\H1_1380660736_1380664832.hdf5,1380660736.0,1380664832.0,H1,O4a,0.05639657750725746,179
1380661444.0,1380661476.0,E:\o4a\1380378112\H1_1380660736_1380664832.hdf5,1380660736.0,1380664832.0,H1,O4a,0.06195022165775299,179
1380661508.0,1380661540.0,E:\o4a\1380378112\H1_1380660736_1380664832.hdf5,1380660736.0,1380664832.0,H1,O4a,0.0816546231508255,179
1380661572.0,1380661604.0,E:\o4a\1380378112\H1_1380660736_1380664832.hdf5,1380660736.0,1380664832.0,H1,O4a,0.10228458046913147,179
1380661636.0,1380661668.0,E:\o4a\1380378112\H1_1380660736_1380664832.hdf5,1380660736.0,1380664832.0,H1,O4a,0.06321113556623459,179
1380661700.0,1380661732.0,E:\o4a\1380378112\H1_1380660736_1380664832.hdf5,1380660736.0,1380664832.0,H1,O4a,0.07633590698242188,179
1380661764.0,1380661796.0,E:\o4a\1380378112\H1_1380660736_1380664832.hdf5,1380660736.0,1380664832.0,H1,O4a,0.058651164174079895,179
1380726276.0,1380726308.0,E:\o4a\1380378112\H1_1380726272_1380730368.hdf5,1380726272.0,1380730368.0,H1,O4a,0.056649237871170044,180
1380726340.0,1380726372.0,E:\o4a\1380378112\H1_1380726272_1380730368.hdf5,1380726272.0,1380730368.0,H1,O4a,0.07577160000801086,180
1380726404.0,1380726436.0,E:\o4a\1380378112\H1_1380726272_1380730368.hdf5,1380726272.0,1380730368.0,H1,O4a,0.08704204112291336,180
1380726468.0,1380726500.0,E:\o4a\1380378112\H1_1380726272_1380730368.hdf5,1380726272.0,1380730368.0,H1,O4a,0.0853995606303215,180
1380726532.0,1380726564.0,E:\o4a\1380378112\H1_1380726272_1380730368.hdf5,1380726272.0,1380730368.0,H1,O4a,0.06423667073249817,180
1380726596.0,1380726628.0,E:\o4a\1380378112\H1_1380726272_1380730368.hdf5,1380726272.0,1380730368.0,H1,O4a,0.0604521743953228,180
1380726660.0,1380726692.0,E:\o4a\1380378112\H1_1380726272_1380730368.hdf5,1380726272.0,1380730368.0,H1,O4a,0.055578865110874176,180
1380726724.0,1380726756.0,E:\o4a\1380378112\H1_1380726272_1380730368.hdf5,1380726272.0,1380730368.0,H1,O4a,0.06617157906293869,180
1380726788.0,1380726820.0,E:\o4a\1380378112\H1_1380726272_1380730368.hdf5,1380726272.0,1380730368.0,H1,O4a,0.0641930103302002,180
1380726852.0,1380726884.0,E:\o4a\1380378112\H1_1380726272_1380730368.hdf5,1380726272.0,1380730368.0,H1,O4a,0.05740586295723915,180
1380726916.0,1380726948.0,E:\o4a\1380378112\H1_1380726272_1380730368.hdf5,1380726272.0,1380730368.0,H1,O4a,0.05711565911769867,180
1380726980.0,1380727012.0,E:\o4a\1380378112\H1_1380726272_1380730368.hdf5,1380726272.0,1380730368.0,H1,O4a,0.07912439107894897,180
1380727044.0,1380727076.0,E:\o4a\1380378112\H1_1380726272_1380730368.hdf5,1380726272.0,1380730368.0,H1,O4a,0.05518850311636925,180
1380727108.0,1380727140.0,E:\o4a\1380378112\H1_1380726272_1380730368.hdf5,1380726272.0,1380730368.0,H1,O4a,0.06199762597680092,180
1380727172.0,1380727204.0,E:\o4a\1380378112\H1_1380726272_1380730368.hdf5,1380726272.0,1380730368.0,H1,O4a,0.08383059501647949,180
1380727236.0,1380727268.0,E:\o4a\1380378112\H1_1380726272_1380730368.hdf5,1380726272.0,1380730368.0,H1,O4a,0.06965463608503342,180
1380727300.0,1380727332.0,E:\o4a\1380378112\H1_1380726272_1380730368.hdf5,1380726272.0,1380730368.0,H1,O4a,0.05974934995174408,180
1380828676.0,1380828708.0,E:\o4a\1380378112\H1_1380828672_1380832768.hdf5,1380828672.0,1380832768.0,H1,O4a,0.06368368864059448,182
1380828740.0,1380828772.0,E:\o4a\1380378112\H1_1380828672_1380832768.hdf5,1380828672.0,1380832768.0,H1,O4a,0.05603133887052536,182
1380828804.0,1380828836.0,E:\o4a\1380378112\H1_1380828672_1380832768.hdf5,1380828672.0,1380832768.0,H1,O4a,0.06719252467155457,182
1380828868.0,1380828900.0,E:\o4a\1380378112\H1_1380828672_1380832768.hdf5,1380828672.0,1380832768.0,H1,O4a,0.059854887425899506,182
1380828932.0,1380828964.0,E:\o4a\1380378112\H1_1380828672_1380832768.hdf5,1380828672.0,1380832768.0,H1,O4a,0.07373353838920593,182
1380828996.0,1380829028.0,E:\o4a\1380378112\H1_1380828672_1380832768.hdf5,1380828672.0,1380832768.0,H1,O4a,0.06556598842144012,182
1380829060.0,1380829092.0,E:\o4a\1380378112\H1_1380828672_1380832768.hdf5,1380828672.0,1380832768.0,H1,O4a,0.07949042320251465,182
1380829124.0,1380829156.0,E:\o4a\1380378112\H1_1380828672_1380832768.hdf5,1380828672.0,1380832768.0,H1,O4a,0.06917834281921387,182
1380829188.0,1380829220.0,E:\o4a\1380378112\H1_1380828672_1380832768.hdf5,1380828672.0,1380832768.0,H1,O4a,0.05908146873116493,182
1380829252.0,1380829284.0,E:\o4a\1380378112\H1_1380828672_1380832768.hdf5,1380828672.0,1380832768.0,H1,O4a,0.06982795149087906,182
1380829316.0,1380829348.0,E:\o4a\1380378112\H1_1380828672_1380832768.hdf5,1380828672.0,1380832768.0,H1,O4a,0.08114157617092133,182
1380829380.0,1380829412.0,E:\o4a\1380378112\H1_1380828672_1380832768.hdf5,1380828672.0,1380832768.0,H1,O4a,0.06389296799898148,182
1380829444.0,1380829476.0,E:\o4a\1380378112\H1_1380828672_1380832768.hdf5,1380828672.0,1380832768.0,H1,O4a,0.04807225987315178,182
1380829508.0,1380829540.0,E:\o4a\1380378112\H1_1380828672_1380832768.hdf5,1380828672.0,1380832768.0,H1,O4a,0.059914324432611465,182
1380829572.0,1380829604.0,E:\o4a\1380378112\H1_1380828672_1380832768.hdf5,1380828672.0,1380832768.0,H1,O4a,0.05973317474126816,182
1380829636.0,1380829668.0,E:\o4a\1380378112\H1_1380828672_1380832768.hdf5,1380828672.0,1380832768.0,H1,O4a,0.07619060575962067,182
1380829700.0,1380829732.0,E:\o4a\1380378112\H1_1380828672_1380832768.hdf5,1380828672.0,1380832768.0,H1,O4a,0.06778790056705475,182
1380869636.0,1380869668.0,E:\o4a\1380378112\H1_1380869632_1380873728.hdf5,1380869632.0,1380873728.0,H1,O4a,0.06790494918823242,183
1380869700.0,1380869732.0,E:\o4a\1380378112\H1_1380869632_1380873728.hdf5,1380869632.0,1380873728.0,H1,O4a,0.06101752817630768,183
1380869764.0,1380869796.0,E:\o4a\1380378112\H1_1380869632_1380873728.hdf5,1380869632.0,1380873728.0,H1,O4a,0.0785822868347168,183
1380869828.0,1380869860.0,E:\o4a\1380378112\H1_1380869632_1380873728.hdf5,1380869632.0,1380873728.0,H1,O4a,0.07241090387105942,183
1380869892.0,1380869924.0,E:\o4a\1380378112\H1_1380869632_1380873728.hdf5,1380869632.0,1380873728.0,H1,O4a,0.06336081027984619,183
1380869956.0,1380869988.0,E:\o4a\1380378112\H1_1380869632_1380873728.hdf5,1380869632.0,1380873728.0,H1,O4a,0.0717746913433075,183
1380870020.0,1380870052.0,E:\o4a\1380378112\H1_1380869632_1380873728.hdf5,1380869632.0,1380873728.0,H1,O4a,0.07387930899858475,183
1380870084.0,1380870116.0,E:\o4a\1380378112\H1_1380869632_1380873728.hdf5,1380869632.0,1380873728.0,H1,O4a,0.07141287624835968,183
1380870148.0,1380870180.0,E:\o4a\1380378112\H1_1380869632_1380873728.hdf5,1380869632.0,1380873728.0,H1,O4a,0.07336529344320297,183
1380870212.0,1380870244.0,E:\o4a\1380378112\H1_1380869632_1380873728.hdf5,1380869632.0,1380873728.0,H1,O4a,0.06872513890266418,183
1380870276.0,1380870308.0,E:\o4a\1380378112\H1_1380869632_1380873728.hdf5,1380869632.0,1380873728.0,H1,O4a,0.0672684758901596,183
1380870340.0,1380870372.0,E:\o4a\1380378112\H1_1380869632_1380873728.hdf5,1380869632.0,1380873728.0,H1,O4a,0.05902182310819626,183
1380870404.0,1380870436.0,E:\o4a\1380378112\H1_1380869632_1380873728.hdf5,1380869632.0,1380873728.0,H1,O4a,0.06739725917577744,183
1380870468.0,1380870500.0,E:\o4a\1380378112\H1_1380869632_1380873728.hdf5,1380869632.0,1380873728.0,H1,O4a,0.05759815499186516,183
1380870532.0,1380870564.0,E:\o4a\1380378112\H1_1380869632_1380873728.hdf5,1380869632.0,1380873728.0,H1,O4a,0.07868623733520508,183
1380870596.0,1380870628.0,E:\o4a\1380378112\H1_1380869632_1380873728.hdf5,1380869632.0,1380873728.0,H1,O4a,0.0680142268538475,183
1380870660.0,1380870692.0,E:\o4a\1380378112\H1_1380869632_1380873728.hdf5,1380869632.0,1380873728.0,H1,O4a,0.07802674919366837,183
1380971332.0,1380971364.0,E:\o4a\1380896512\H1_1380970240_1380974336.hdf5,1380970240.0,1380974336.0,H1,O4a,0.07738099247217178,185
1380971396.0,1380971428.0,E:\o4a\1380896512\H1_1380970240_1380974336.hdf5,1380970240.0,1380974336.0,H1,O4a,0.07346838712692261,185
1380971460.0,1380971492.0,E:\o4a\1380896512\H1_1380970240_1380974336.hdf5,1380970240.0,1380974336.0,H1,O4a,0.051311857998371124,185
1380971524.0,1380971556.0,E:\o4a\1380896512\H1_1380970240_1380974336.hdf5,1380970240.0,1380974336.0,H1,O4a,0.05903228744864464,185
1380971588.0,1380971620.0,E:\o4a\1380896512\H1_1380970240_1380974336.hdf5,1380970240.0,1380974336.0,H1,O4a,0.05529828742146492,185
1380971652.0,1380971684.0,E:\o4a\1380896512\H1_1380970240_1380974336.hdf5,1380970240.0,1380974336.0,H1,O4a,0.04997837543487549,185
1380971716.0,1380971748.0,E:\o4a\1380896512\H1_1380970240_1380974336.hdf5,1380970240.0,1380974336.0,H1,O4a,0.0818735882639885,185
1380971780.0,1380971812.0,E:\o4a\1380896512\H1_1380970240_1380974336.hdf5,1380970240.0,1380974336.0,H1,O4a,0.0678434818983078,185
1380971844.0,1380971876.0,E:\o4a\1380896512\H1_1380970240_1380974336.hdf5,1380970240.0,1380974336.0,H1,O4a,0.07185141742229462,185
1380971908.0,1380971940.0,E:\o4a\1380896512\H1_1380970240_1380974336.hdf5,1380970240.0,1380974336.0,H1,O4a,0.0597723089158535,185
1380971972.0,1380972004.0,E:\o4a\1380896512\H1_1380970240_1380974336.hdf5,1380970240.0,1380974336.0,H1,O4a,0.05801205709576607,185
1380972036.0,1380972068.0,E:\o4a\1380896512\H1_1380970240_1380974336.hdf5,1380970240.0,1380974336.0,H1,O4a,0.06344429403543472,185
1380972100.0,1380972132.0,E:\o4a\1380896512\H1_1380970240_1380974336.hdf5,1380970240.0,1380974336.0,H1,O4a,0.06843575090169907,185
1380972164.0,1380972196.0,E:\o4a\1380896512\H1_1380970240_1380974336.hdf5,1380970240.0,1380974336.0,H1,O4a,0.09262930601835251,185
1380972228.0,1380972260.0,E:\o4a\1380896512\H1_1380970240_1380974336.hdf5,1380970240.0,1380974336.0,H1,O4a,0.06337451934814453,185
1380972292.0,1380972324.0,E:\o4a\1380896512\H1_1380970240_1380974336.hdf5,1380970240.0,1380974336.0,H1,O4a,0.06379653513431549,185
1380972356.0,1380972388.0,E:\o4a\1380896512\H1_1380970240_1380974336.hdf5,1380970240.0,1380974336.0,H1,O4a,0.058501675724983215,185
1381043972.0,1381044004.0,E:\o4a\1380896512\H1_1381043968_1381048064.hdf5,1381043968.0,1381048064.0,H1,O4a,0.06828786432743073,186
1381044036.0,1381044068.0,E:\o4a\1380896512\H1_1381043968_1381048064.hdf5,1381043968.0,1381048064.0,H1,O4a,0.05916433408856392,186
1381044100.0,1381044132.0,E:\o4a\1380896512\H1_1381043968_1381048064.hdf5,1381043968.0,1381048064.0,H1,O4a,0.05587148293852806,186
1381044164.0,1381044196.0,E:\o4a\1380896512\H1_1381043968_1381048064.hdf5,1381043968.0,1381048064.0,H1,O4a,0.07087624073028564,186
1381044228.0,1381044260.0,E:\o4a\1380896512\H1_1381043968_1381048064.hdf5,1381043968.0,1381048064.0,H1,O4a,0.05036269500851631,186
1381044292.0,1381044324.0,E:\o4a\1380896512\H1_1381043968_1381048064.hdf5,1381043968.0,1381048064.0,H1,O4a,0.0775182768702507,186
1381044356.0,1381044388.0,E:\o4a\1380896512\H1_1381043968_1381048064.hdf5,1381043968.0,1381048064.0,H1,O4a,0.06146334856748581,186
1381044420.0,1381044452.0,E:\o4a\1380896512\H1_1381043968_1381048064.hdf5,1381043968.0,1381048064.0,H1,O4a,0.060124803334474564,186
1381044484.0,1381044516.0,E:\o4a\1380896512\H1_1381043968_1381048064.hdf5,1381043968.0,1381048064.0,H1,O4a,0.06571754068136215,186
1381044548.0,1381044580.0,E:\o4a\1380896512\H1_1381043968_1381048064.hdf5,1381043968.0,1381048064.0,H1,O4a,0.07035762816667557,186
1381044612.0,1381044644.0,E:\o4a\1380896512\H1_1381043968_1381048064.hdf5,1381043968.0,1381048064.0,H1,O4a,0.054623305797576904,186
1381044676.0,1381044708.0,E:\o4a\1380896512\H1_1381043968_1381048064.hdf5,1381043968.0,1381048064.0,H1,O4a,0.06368517875671387,186
1381044740.0,1381044772.0,E:\o4a\1380896512\H1_1381043968_1381048064.hdf5,1381043968.0,1381048064.0,H1,O4a,0.06365229189395905,186
1381044804.0,1381044836.0,E:\o4a\1380896512\H1_1381043968_1381048064.hdf5,1381043968.0,1381048064.0,H1,O4a,0.05673302710056305,186
1381044868.0,1381044900.0,E:\o4a\1380896512\H1_1381043968_1381048064.hdf5,1381043968.0,1381048064.0,H1,O4a,0.06388790160417557,186
1381044932.0,1381044964.0,E:\o4a\1380896512\H1_1381043968_1381048064.hdf5,1381043968.0,1381048064.0,H1,O4a,0.06068829819560051,186
1381044996.0,1381045028.0,E:\o4a\1380896512\H1_1381043968_1381048064.hdf5,1381043968.0,1381048064.0,H1,O4a,0.09207047522068024,186
1381177796.0,1381177828.0,E:\o4a\1380896512\H1_1381175040_1381179136.hdf5,1381175040.0,1381179136.0,H1,O4a,0.058053139597177505,188
1381177860.0,1381177892.0,E:\o4a\1380896512\H1_1381175040_1381179136.hdf5,1381175040.0,1381179136.0,H1,O4a,0.05677168071269989,188
1381177924.0,1381177956.0,E:\o4a\1380896512\H1_1381175040_1381179136.hdf5,1381175040.0,1381179136.0,H1,O4a,0.05266252160072327,188
1381177988.0,1381178020.0,E:\o4a\1380896512\H1_1381175040_1381179136.hdf5,1381175040.0,1381179136.0,H1,O4a,0.056319598108530045,188
1381178052.0,1381178084.0,E:\o4a\1380896512\H1_1381175040_1381179136.hdf5,1381175040.0,1381179136.0,H1,O4a,0.05546346679329872,188
1381178116.0,1381178148.0,E:\o4a\1380896512\H1_1381175040_1381179136.hdf5,1381175040.0,1381179136.0,H1,O4a,0.0646369680762291,188
1381178180.0,1381178212.0,E:\o4a\1380896512\H1_1381175040_1381179136.hdf5,1381175040.0,1381179136.0,H1,O4a,0.05770320072770119,188
1381178244.0,1381178276.0,E:\o4a\1380896512\H1_1381175040_1381179136.hdf5,1381175040.0,1381179136.0,H1,O4a,0.06195457652211189,188
1381178308.0,1381178340.0,E:\o4a\1380896512\H1_1381175040_1381179136.hdf5,1381175040.0,1381179136.0,H1,O4a,0.06670418381690979,188
1381178372.0,1381178404.0,E:\o4a\1380896512\H1_1381175040_1381179136.hdf5,1381175040.0,1381179136.0,H1,O4a,0.0678379014134407,188
1381178436.0,1381178468.0,E:\o4a\1380896512\H1_1381175040_1381179136.hdf5,1381175040.0,1381179136.0,H1,O4a,0.055752117186784744,188
1381178500.0,1381178532.0,E:\o4a\1380896512\H1_1381175040_1381179136.hdf5,1381175040.0,1381179136.0,H1,O4a,0.06135116517543793,188
1381178564.0,1381178596.0,E:\o4a\1380896512\H1_1381175040_1381179136.hdf5,1381175040.0,1381179136.0,H1,O4a,0.07825478166341782,188
1381178628.0,1381178660.0,E:\o4a\1380896512\H1_1381175040_1381179136.hdf5,1381175040.0,1381179136.0,H1,O4a,0.05299209803342819,188
1381178692.0,1381178724.0,E:\o4a\1380896512\H1_1381175040_1381179136.hdf5,1381175040.0,1381179136.0,H1,O4a,0.06858589500188828,188
1381178756.0,1381178788.0,E:\o4a\1380896512\H1_1381175040_1381179136.hdf5,1381175040.0,1381179136.0,H1,O4a,0.05826161429286003,188
1381178820.0,1381178852.0,E:\o4a\1380896512\H1_1381175040_1381179136.hdf5,1381175040.0,1381179136.0,H1,O4a,0.06216791272163391,188
1381222276.0,1381222308.0,E:\o4a\1380896512\H1_1381220096_1381224192.hdf5,1381220096.0,1381224192.0,H1,O4a,0.06931702047586441,189
1381222340.0,1381222372.0,E:\o4a\1380896512\H1_1381220096_1381224192.hdf5,1381220096.0,1381224192.0,H1,O4a,0.06814920157194138,189
1381222404.0,1381222436.0,E:\o4a\1380896512\H1_1381220096_1381224192.hdf5,1381220096.0,1381224192.0,H1,O4a,0.06905904412269592,189
1381222468.0,1381222500.0,E:\o4a\1380896512\H1_1381220096_1381224192.hdf5,1381220096.0,1381224192.0,H1,O4a,0.059494320303201675,189
1381222532.0,1381222564.0,E:\o4a\1380896512\H1_1381220096_1381224192.hdf5,1381220096.0,1381224192.0,H1,O4a,0.0673573836684227,189
1381222596.0,1381222628.0,E:\o4a\1380896512\H1_1381220096_1381224192.hdf5,1381220096.0,1381224192.0,H1,O4a,0.07326335459947586,189
1381222660.0,1381222692.0,E:\o4a\1380896512\H1_1381220096_1381224192.hdf5,1381220096.0,1381224192.0,H1,O4a,0.11029092222452164,189
1381222724.0,1381222756.0,E:\o4a\1380896512\H1_1381220096_1381224192.hdf5,1381220096.0,1381224192.0,H1,O4a,0.08878994733095169,189
1381222788.0,1381222820.0,E:\o4a\1380896512\H1_1381220096_1381224192.hdf5,1381220096.0,1381224192.0,H1,O4a,0.08603604882955551,189
1381222852.0,1381222884.0,E:\o4a\1380896512\H1_1381220096_1381224192.hdf5,1381220096.0,1381224192.0,H1,O4a,0.06837919354438782,189
1381222916.0,1381222948.0,E:\o4a\1380896512\H1_1381220096_1381224192.hdf5,1381220096.0,1381224192.0,H1,O4a,0.10837382823228836,189
1381222980.0,1381223012.0,E:\o4a\1380896512\H1_1381220096_1381224192.hdf5,1381220096.0,1381224192.0,H1,O4a,0.06601957976818085,189
1381223044.0,1381223076.0,E:\o4a\1380896512\H1_1381220096_1381224192.hdf5,1381220096.0,1381224192.0,H1,O4a,0.07224281877279282,189
1381223108.0,1381223140.0,E:\o4a\1380896512\H1_1381220096_1381224192.hdf5,1381220096.0,1381224192.0,H1,O4a,0.0714712142944336,189
1381223172.0,1381223204.0,E:\o4a\1380896512\H1_1381220096_1381224192.hdf5,1381220096.0,1381224192.0,H1,O4a,0.06978370249271393,189
1381223236.0,1381223268.0,E:\o4a\1380896512\H1_1381220096_1381224192.hdf5,1381220096.0,1381224192.0,H1,O4a,0.07760190963745117,189
1381223300.0,1381223332.0,E:\o4a\1380896512\H1_1381220096_1381224192.hdf5,1381220096.0,1381224192.0,H1,O4a,0.05516906827688217,189
1381274436.0,1381274468.0,E:\o4a\1380896512\H1_1381273344_1381277440.hdf5,1381273344.0,1381277440.0,H1,O4a,0.06661438941955566,190
1381274500.0,1381274532.0,E:\o4a\1380896512\H1_1381273344_1381277440.hdf5,1381273344.0,1381277440.0,H1,O4a,0.05822794511914253,190
1381274564.0,1381274596.0,E:\o4a\1380896512\H1_1381273344_1381277440.hdf5,1381273344.0,1381277440.0,H1,O4a,0.0803910568356514,190
1381274628.0,1381274660.0,E:\o4a\1380896512\H1_1381273344_1381277440.hdf5,1381273344.0,1381277440.0,H1,O4a,0.0761975422501564,190
1381274692.0,1381274724.0,E:\o4a\1380896512\H1_1381273344_1381277440.hdf5,1381273344.0,1381277440.0,H1,O4a,0.09228620678186417,190
1381274756.0,1381274788.0,E:\o4a\1380896512\H1_1381273344_1381277440.hdf5,1381273344.0,1381277440.0,H1,O4a,0.08499735593795776,190
1381274820.0,1381274852.0,E:\o4a\1380896512\H1_1381273344_1381277440.hdf5,1381273344.0,1381277440.0,H1,O4a,0.0638546273112297,190
1381274884.0,1381274916.0,E:\o4a\1380896512\H1_1381273344_1381277440.hdf5,1381273344.0,1381277440.0,H1,O4a,0.07668496668338776,190
1381274948.0,1381274980.0,E:\o4a\1380896512\H1_1381273344_1381277440.hdf5,1381273344.0,1381277440.0,H1,O4a,0.07044243812561035,190
1381275012.0,1381275044.0,E:\o4a\1380896512\H1_1381273344_1381277440.hdf5,1381273344.0,1381277440.0,H1,O4a,0.06994437426328659,190
1381275076.0,1381275108.0,E:\o4a\1380896512\H1_1381273344_1381277440.hdf5,1381273344.0,1381277440.0,H1,O4a,0.07617206126451492,190
1381275140.0,1381275172.0,E:\o4a\1380896512\H1_1381273344_1381277440.hdf5,1381273344.0,1381277440.0,H1,O4a,0.07538305968046188,190
1381275204.0,1381275236.0,E:\o4a\1380896512\H1_1381273344_1381277440.hdf5,1381273344.0,1381277440.0,H1,O4a,0.07465358823537827,190
1381275268.0,1381275300.0,E:\o4a\1380896512\H1_1381273344_1381277440.hdf5,1381273344.0,1381277440.0,H1,O4a,0.06821190565824509,190
1381275332.0,1381275364.0,E:\o4a\1380896512\H1_1381273344_1381277440.hdf5,1381273344.0,1381277440.0,H1,O4a,0.06875031441450119,190
1381275396.0,1381275428.0,E:\o4a\1380896512\H1_1381273344_1381277440.hdf5,1381273344.0,1381277440.0,H1,O4a,0.0782453715801239,190
1381275460.0,1381275492.0,E:\o4a\1380896512\H1_1381273344_1381277440.hdf5,1381273344.0,1381277440.0,H1,O4a,0.057185474783182144,190
1381328772.0,1381328804.0,E:\o4a\1380896512\H1_1381326592_1381330688.hdf5,1381326592.0,1381330688.0,H1,O4a,0.08429806679487228,191
1381328836.0,1381328868.0,E:\o4a\1380896512\H1_1381326592_1381330688.hdf5,1381326592.0,1381330688.0,H1,O4a,0.06260029226541519,191
1381328900.0,1381328932.0,E:\o4a\1380896512\H1_1381326592_1381330688.hdf5,1381326592.0,1381330688.0,H1,O4a,0.061821673065423965,191
1381328964.0,1381328996.0,E:\o4a\1380896512\H1_1381326592_1381330688.hdf5,1381326592.0,1381330688.0,H1,O4a,0.057144440710544586,191
1381329028.0,1381329060.0,E:\o4a\1380896512\H1_1381326592_1381330688.hdf5,1381326592.0,1381330688.0,H1,O4a,0.07754327356815338,191
1381329092.0,1381329124.0,E:\o4a\1380896512\H1_1381326592_1381330688.hdf5,1381326592.0,1381330688.0,H1,O4a,0.06214604154229164,191
1381329156.0,1381329188.0,E:\o4a\1380896512\H1_1381326592_1381330688.hdf5,1381326592.0,1381330688.0,H1,O4a,0.07642793655395508,191
1381329220.0,1381329252.0,E:\o4a\1380896512\H1_1381326592_1381330688.hdf5,1381326592.0,1381330688.0,H1,O4a,0.05922156199812889,191
1381329284.0,1381329316.0,E:\o4a\1380896512\H1_1381326592_1381330688.hdf5,1381326592.0,1381330688.0,H1,O4a,0.06251607835292816,191
1381329348.0,1381329380.0,E:\o4a\1380896512\H1_1381326592_1381330688.hdf5,1381326592.0,1381330688.0,H1,O4a,0.055671192705631256,191
1381329412.0,1381329444.0,E:\o4a\1380896512\H1_1381326592_1381330688.hdf5,1381326592.0,1381330688.0,H1,O4a,0.06972851604223251,191
1381329476.0,1381329508.0,E:\o4a\1380896512\H1_1381326592_1381330688.hdf5,1381326592.0,1381330688.0,H1,O4a,0.07628796249628067,191
1381329540.0,1381329572.0,E:\o4a\1380896512\H1_1381326592_1381330688.hdf5,1381326592.0,1381330688.0,H1,O4a,0.08016824722290039,191
1381329604.0,1381329636.0,E:\o4a\1380896512\H1_1381326592_1381330688.hdf5,1381326592.0,1381330688.0,H1,O4a,0.07314892113208771,191
1381329668.0,1381329700.0,E:\o4a\1380896512\H1_1381326592_1381330688.hdf5,1381326592.0,1381330688.0,H1,O4a,0.07078070938587189,191
1381329732.0,1381329764.0,E:\o4a\1380896512\H1_1381326592_1381330688.hdf5,1381326592.0,1381330688.0,H1,O4a,0.0625198483467102,191
1381329796.0,1381329828.0,E:\o4a\1380896512\H1_1381326592_1381330688.hdf5,1381326592.0,1381330688.0,H1,O4a,0.06645916402339935,191
1381375940.0,1381375972.0,E:\o4a\1380896512\H1_1381375744_1381379840.hdf5,1381375744.0,1381379840.0,H1,O4a,0.05785200372338295,192
1381376004.0,1381376036.0,E:\o4a\1380896512\H1_1381375744_1381379840.hdf5,1381375744.0,1381379840.0,H1,O4a,0.0841178223490715,192
1381376068.0,1381376100.0,E:\o4a\1380896512\H1_1381375744_1381379840.hdf5,1381375744.0,1381379840.0,H1,O4a,0.0797734409570694,192
1381376132.0,1381376164.0,E:\o4a\1380896512\H1_1381375744_1381379840.hdf5,1381375744.0,1381379840.0,H1,O4a,0.08798962831497192,192
1381376196.0,1381376228.0,E:\o4a\1380896512\H1_1381375744_1381379840.hdf5,1381375744.0,1381379840.0,H1,O4a,0.0628836452960968,192
1381376260.0,1381376292.0,E:\o4a\1380896512\H1_1381375744_1381379840.hdf5,1381375744.0,1381379840.0,H1,O4a,0.06424026936292648,192
1381376324.0,1381376356.0,E:\o4a\1380896512\H1_1381375744_1381379840.hdf5,1381375744.0,1381379840.0,H1,O4a,0.06130959093570709,192
1381376388.0,1381376420.0,E:\o4a\1380896512\H1_1381375744_1381379840.hdf5,1381375744.0,1381379840.0,H1,O4a,0.0701877772808075,192
1381376452.0,1381376484.0,E:\o4a\1380896512\H1_1381375744_1381379840.hdf5,1381375744.0,1381379840.0,H1,O4a,0.08271568268537521,192
1381376516.0,1381376548.0,E:\o4a\1380896512\H1_1381375744_1381379840.hdf5,1381375744.0,1381379840.0,H1,O4a,0.06795778125524521,192
1381376580.0,1381376612.0,E:\o4a\1380896512\H1_1381375744_1381379840.hdf5,1381375744.0,1381379840.0,H1,O4a,0.10975136607885361,192
1381376644.0,1381376676.0,E:\o4a\1380896512\H1_1381375744_1381379840.hdf5,1381375744.0,1381379840.0,H1,O4a,0.07009158283472061,192
1381376708.0,1381376740.0,E:\o4a\1380896512\H1_1381375744_1381379840.hdf5,1381375744.0,1381379840.0,H1,O4a,0.057944416999816895,192
1381376772.0,1381376804.0,E:\o4a\1380896512\H1_1381375744_1381379840.hdf5,1381375744.0,1381379840.0,H1,O4a,0.07441825419664383,192
1381376836.0,1381376868.0,E:\o4a\1380896512\H1_1381375744_1381379840.hdf5,1381375744.0,1381379840.0,H1,O4a,0.06032881885766983,192
1381376900.0,1381376932.0,E:\o4a\1380896512\H1_1381375744_1381379840.hdf5,1381375744.0,1381379840.0,H1,O4a,0.07196331769227982,192
1381376964.0,1381376996.0,E:\o4a\1380896512\H1_1381375744_1381379840.hdf5,1381375744.0,1381379840.0,H1,O4a,0.07309731841087341,192
1381513668.0,1381513700.0,E:\o4a\1381414912\H1_1381513216_1381517312.hdf5,1381513216.0,1381517312.0,H1,O4a,0.06599386036396027,193
1381513732.0,1381513764.0,E:\o4a\1381414912\H1_1381513216_1381517312.hdf5,1381513216.0,1381517312.0,H1,O4a,0.06665326654911041,193
1381513796.0,1381513828.0,E:\o4a\1381414912\H1_1381513216_1381517312.hdf5,1381513216.0,1381517312.0,H1,O4a,0.06406491249799728,193
1381513860.0,1381513892.0,E:\o4a\1381414912\H1_1381513216_1381517312.hdf5,1381513216.0,1381517312.0,H1,O4a,0.06674046814441681,193
1381513924.0,1381513956.0,E:\o4a\1381414912\H1_1381513216_1381517312.hdf5,1381513216.0,1381517312.0,H1,O4a,0.08850691467523575,193
1381513988.0,1381514020.0,E:\o4a\1381414912\H1_1381513216_1381517312.hdf5,1381513216.0,1381517312.0,H1,O4a,0.06620173156261444,193
1381514052.0,1381514084.0,E:\o4a\1381414912\H1_1381513216_1381517312.hdf5,1381513216.0,1381517312.0,H1,O4a,0.05946025997400284,193
1381514116.0,1381514148.0,E:\o4a\1381414912\H1_1381513216_1381517312.hdf5,1381513216.0,1381517312.0,H1,O4a,0.06919897347688675,193
1381514180.0,1381514212.0,E:\o4a\1381414912\H1_1381513216_1381517312.hdf5,1381513216.0,1381517312.0,H1,O4a,0.0587506964802742,193
1381514244.0,1381514276.0,E:\o4a\1381414912\H1_1381513216_1381517312.hdf5,1381513216.0,1381517312.0,H1,O4a,0.06142135336995125,193
1381514308.0,1381514340.0,E:\o4a\1381414912\H1_1381513216_1381517312.hdf5,1381513216.0,1381517312.0,H1,O4a,0.06035640835762024,193
1381514372.0,1381514404.0,E:\o4a\1381414912\H1_1381513216_1381517312.hdf5,1381513216.0,1381517312.0,H1,O4a,0.05395515635609627,193
1381514436.0,1381514468.0,E:\o4a\1381414912\H1_1381513216_1381517312.hdf5,1381513216.0,1381517312.0,H1,O4a,0.06607922911643982,193
1381514500.0,1381514532.0,E:\o4a\1381414912\H1_1381513216_1381517312.hdf5,1381513216.0,1381517312.0,H1,O4a,0.06759389489889145,193
1381514564.0,1381514596.0,E:\o4a\1381414912\H1_1381513216_1381517312.hdf5,1381513216.0,1381517312.0,H1,O4a,0.05632393807172775,193
1381514628.0,1381514660.0,E:\o4a\1381414912\H1_1381513216_1381517312.hdf5,1381513216.0,1381517312.0,H1,O4a,0.06918873637914658,193
1381514692.0,1381514724.0,E:\o4a\1381414912\H1_1381513216_1381517312.hdf5,1381513216.0,1381517312.0,H1,O4a,0.07027635723352432,193
1381560580.0,1381560612.0,E:\o4a\1381414912\H1_1381558272_1381562368.hdf5,1381558272.0,1381562368.0,H1,O4a,0.07234121859073639,194
1381560644.0,1381560676.0,E:\o4a\1381414912\H1_1381558272_1381562368.hdf5,1381558272.0,1381562368.0,H1,O4a,0.07655566185712814,194
1381560708.0,1381560740.0,E:\o4a\1381414912\H1_1381558272_1381562368.hdf5,1381558272.0,1381562368.0,H1,O4a,0.06492674350738525,194
1381560772.0,1381560804.0,E:\o4a\1381414912\H1_1381558272_1381562368.hdf5,1381558272.0,1381562368.0,H1,O4a,0.07067518681287766,194
1381560836.0,1381560868.0,E:\o4a\1381414912\H1_1381558272_1381562368.hdf5,1381558272.0,1381562368.0,H1,O4a,0.07051797211170197,194
1381560900.0,1381560932.0,E:\o4a\1381414912\H1_1381558272_1381562368.hdf5,1381558272.0,1381562368.0,H1,O4a,0.08241590857505798,194
1381560964.0,1381560996.0,E:\o4a\1381414912\H1_1381558272_1381562368.hdf5,1381558272.0,1381562368.0,H1,O4a,0.05438734591007233,194
1381561028.0,1381561060.0,E:\o4a\1381414912\H1_1381558272_1381562368.hdf5,1381558272.0,1381562368.0,H1,O4a,0.0670432522892952,194
1381561092.0,1381561124.0,E:\o4a\1381414912\H1_1381558272_1381562368.hdf5,1381558272.0,1381562368.0,H1,O4a,0.07860978692770004,194
1381561156.0,1381561188.0,E:\o4a\1381414912\H1_1381558272_1381562368.hdf5,1381558272.0,1381562368.0,H1,O4a,0.07645541429519653,194
1381561220.0,1381561252.0,E:\o4a\1381414912\H1_1381558272_1381562368.hdf5,1381558272.0,1381562368.0,H1,O4a,0.0672275573015213,194
1381561284.0,1381561316.0,E:\o4a\1381414912\H1_1381558272_1381562368.hdf5,1381558272.0,1381562368.0,H1,O4a,0.06907157599925995,194
1381561348.0,1381561380.0,E:\o4a\1381414912\H1_1381558272_1381562368.hdf5,1381558272.0,1381562368.0,H1,O4a,0.07879418879747391,194
1381561412.0,1381561444.0,E:\o4a\1381414912\H1_1381558272_1381562368.hdf5,1381558272.0,1381562368.0,H1,O4a,0.06070169433951378,194
1381561476.0,1381561508.0,E:\o4a\1381414912\H1_1381558272_1381562368.hdf5,1381558272.0,1381562368.0,H1,O4a,0.07152704894542694,194
1381561540.0,1381561572.0,E:\o4a\1381414912\H1_1381558272_1381562368.hdf5,1381558272.0,1381562368.0,H1,O4a,0.06847009062767029,194
1381561604.0,1381561636.0,E:\o4a\1381414912\H1_1381558272_1381562368.hdf5,1381558272.0,1381562368.0,H1,O4a,0.0618116594851017,194
1381641540.0,1381641572.0,E:\o4a\1381414912\H1_1381640192_1381644288.hdf5,1381640192.0,1381644288.0,H1,O4a,0.05344738811254501,195
1381641604.0,1381641636.0,E:\o4a\1381414912\H1_1381640192_1381644288.hdf5,1381640192.0,1381644288.0,H1,O4a,0.1041526347398758,195
1381641668.0,1381641700.0,E:\o4a\1381414912\H1_1381640192_1381644288.hdf5,1381640192.0,1381644288.0,H1,O4a,0.4241013824939728,195
1381641732.0,1381641764.0,E:\o4a\1381414912\H1_1381640192_1381644288.hdf5,1381640192.0,1381644288.0,H1,O4a,0.0655643492937088,195
1381641796.0,1381641828.0,E:\o4a\1381414912\H1_1381640192_1381644288.hdf5,1381640192.0,1381644288.0,H1,O4a,0.0741097629070282,195
1381641860.0,1381641892.0,E:\o4a\1381414912\H1_1381640192_1381644288.hdf5,1381640192.0,1381644288.0,H1,O4a,0.07448124885559082,195
1381641924.0,1381641956.0,E:\o4a\1381414912\H1_1381640192_1381644288.hdf5,1381640192.0,1381644288.0,H1,O4a,0.07241769134998322,195
1381641988.0,1381642020.0,E:\o4a\1381414912\H1_1381640192_1381644288.hdf5,1381640192.0,1381644288.0,H1,O4a,0.07149599492549896,195
1381642052.0,1381642084.0,E:\o4a\1381414912\H1_1381640192_1381644288.hdf5,1381640192.0,1381644288.0,H1,O4a,0.0846000537276268,195
1381642116.0,1381642148.0,E:\o4a\1381414912\H1_1381640192_1381644288.hdf5,1381640192.0,1381644288.0,H1,O4a,0.07942277938127518,195
1381642180.0,1381642212.0,E:\o4a\1381414912\H1_1381640192_1381644288.hdf5,1381640192.0,1381644288.0,H1,O4a,0.08427535742521286,195
1381642244.0,1381642276.0,E:\o4a\1381414912\H1_1381640192_1381644288.hdf5,1381640192.0,1381644288.0,H1,O4a,0.07982034236192703,195
1381642308.0,1381642340.0,E:\o4a\1381414912\H1_1381640192_1381644288.hdf5,1381640192.0,1381644288.0,H1,O4a,0.06460215896368027,195
1381642372.0,1381642404.0,E:\o4a\1381414912\H1_1381640192_1381644288.hdf5,1381640192.0,1381644288.0,H1,O4a,0.06789569556713104,195
1381642436.0,1381642468.0,E:\o4a\1381414912\H1_1381640192_1381644288.hdf5,1381640192.0,1381644288.0,H1,O4a,0.06242186203598976,195
1381642500.0,1381642532.0,E:\o4a\1381414912\H1_1381640192_1381644288.hdf5,1381640192.0,1381644288.0,H1,O4a,0.06443657726049423,195
1381642564.0,1381642596.0,E:\o4a\1381414912\H1_1381640192_1381644288.hdf5,1381640192.0,1381644288.0,H1,O4a,0.070260189473629,195
1381716100.0,1381716132.0,E:\o4a\1381414912\H1_1381713920_1381718016.hdf5,1381713920.0,1381718016.0,H1,O4a,0.06296253204345703,196
1381716164.0,1381716196.0,E:\o4a\1381414912\H1_1381713920_1381718016.hdf5,1381713920.0,1381718016.0,H1,O4a,0.06469370424747467,196
1381716228.0,1381716260.0,E:\o4a\1381414912\H1_1381713920_1381718016.hdf5,1381713920.0,1381718016.0,H1,O4a,0.06152097508311272,196
1381716292.0,1381716324.0,E:\o4a\1381414912\H1_1381713920_1381718016.hdf5,1381713920.0,1381718016.0,H1,O4a,0.060363881289958954,196
1381716356.0,1381716388.0,E:\o4a\1381414912\H1_1381713920_1381718016.hdf5,1381713920.0,1381718016.0,H1,O4a,0.05483389273285866,196
1381716420.0,1381716452.0,E:\o4a\1381414912\H1_1381713920_1381718016.hdf5,1381713920.0,1381718016.0,H1,O4a,0.07137977331876755,196
1381716484.0,1381716516.0,E:\o4a\1381414912\H1_1381713920_1381718016.hdf5,1381713920.0,1381718016.0,H1,O4a,0.06716763973236084,196
1381716548.0,1381716580.0,E:\o4a\1381414912\H1_1381713920_1381718016.hdf5,1381713920.0,1381718016.0,H1,O4a,0.05768168345093727,196
1381716612.0,1381716644.0,E:\o4a\1381414912\H1_1381713920_1381718016.hdf5,1381713920.0,1381718016.0,H1,O4a,0.058547209948301315,196
1381716676.0,1381716708.0,E:\o4a\1381414912\H1_1381713920_1381718016.hdf5,1381713920.0,1381718016.0,H1,O4a,0.060561299324035645,196
1381716740.0,1381716772.0,E:\o4a\1381414912\H1_1381713920_1381718016.hdf5,1381713920.0,1381718016.0,H1,O4a,0.0678628608584404,196
1381716804.0,1381716836.0,E:\o4a\1381414912\H1_1381713920_1381718016.hdf5,1381713920.0,1381718016.0,H1,O4a,0.07014986872673035,196
1381716868.0,1381716900.0,E:\o4a\1381414912\H1_1381713920_1381718016.hdf5,1381713920.0,1381718016.0,H1,O4a,0.07359835505485535,196
1381716932.0,1381716964.0,E:\o4a\1381414912\H1_1381713920_1381718016.hdf5,1381713920.0,1381718016.0,H1,O4a,0.06672625243663788,196
1381716996.0,1381717028.0,E:\o4a\1381414912\H1_1381713920_1381718016.hdf5,1381713920.0,1381718016.0,H1,O4a,0.07417383790016174,196
1381717060.0,1381717092.0,E:\o4a\1381414912\H1_1381713920_1381718016.hdf5,1381713920.0,1381718016.0,H1,O4a,0.09936434030532837,196
1381717124.0,1381717156.0,E:\o4a\1381414912\H1_1381713920_1381718016.hdf5,1381713920.0,1381718016.0,H1,O4a,0.06346899271011353,196
1381833796.0,1381833828.0,E:\o4a\1381414912\H1_1381832704_1381836800.hdf5,1381832704.0,1381836800.0,H1,O4a,0.0743967667222023,198
1381833860.0,1381833892.0,E:\o4a\1381414912\H1_1381832704_1381836800.hdf5,1381832704.0,1381836800.0,H1,O4a,0.06932450830936432,198
1381833924.0,1381833956.0,E:\o4a\1381414912\H1_1381832704_1381836800.hdf5,1381832704.0,1381836800.0,H1,O4a,0.054762084037065506,198
1381833988.0,1381834020.0,E:\o4a\1381414912\H1_1381832704_1381836800.hdf5,1381832704.0,1381836800.0,H1,O4a,0.07350900769233704,198
1381834052.0,1381834084.0,E:\o4a\1381414912\H1_1381832704_1381836800.hdf5,1381832704.0,1381836800.0,H1,O4a,0.09021217375993729,198
1381834116.0,1381834148.0,E:\o4a\1381414912\H1_1381832704_1381836800.hdf5,1381832704.0,1381836800.0,H1,O4a,0.09062594175338745,198
1381834180.0,1381834212.0,E:\o4a\1381414912\H1_1381832704_1381836800.hdf5,1381832704.0,1381836800.0,H1,O4a,0.06639650464057922,198
1381834244.0,1381834276.0,E:\o4a\1381414912\H1_1381832704_1381836800.hdf5,1381832704.0,1381836800.0,H1,O4a,0.07382329553365707,198
1381834308.0,1381834340.0,E:\o4a\1381414912\H1_1381832704_1381836800.hdf5,1381832704.0,1381836800.0,H1,O4a,0.05859774723649025,198
1381834372.0,1381834404.0,E:\o4a\1381414912\H1_1381832704_1381836800.hdf5,1381832704.0,1381836800.0,H1,O4a,0.0891585499048233,198
1381834436.0,1381834468.0,E:\o4a\1381414912\H1_1381832704_1381836800.hdf5,1381832704.0,1381836800.0,H1,O4a,0.07517765462398529,198
1381834500.0,1381834532.0,E:\o4a\1381414912\H1_1381832704_1381836800.hdf5,1381832704.0,1381836800.0,H1,O4a,0.08956538885831833,198
1381834564.0,1381834596.0,E:\o4a\1381414912\H1_1381832704_1381836800.hdf5,1381832704.0,1381836800.0,H1,O4a,0.08178859949111938,198
1381834628.0,1381834660.0,E:\o4a\1381414912\H1_1381832704_1381836800.hdf5,1381832704.0,1381836800.0,H1,O4a,0.08947858959436417,198
1381834692.0,1381834724.0,E:\o4a\1381414912\H1_1381832704_1381836800.hdf5,1381832704.0,1381836800.0,H1,O4a,0.06692031770944595,198
1381834756.0,1381834788.0,E:\o4a\1381414912\H1_1381832704_1381836800.hdf5,1381832704.0,1381836800.0,H1,O4a,0.06705501675605774,198
1381834820.0,1381834852.0,E:\o4a\1381414912\H1_1381832704_1381836800.hdf5,1381832704.0,1381836800.0,H1,O4a,0.07070764154195786,198
1381894148.0,1381894180.0,E:\o4a\1381414912\H1_1381894144_1381898240.hdf5,1381894144.0,1381898240.0,H1,O4a,0.058783695101737976,199
1381894212.0,1381894244.0,E:\o4a\1381414912\H1_1381894144_1381898240.hdf5,1381894144.0,1381898240.0,H1,O4a,0.07436004281044006,199
1381894276.0,1381894308.0,E:\o4a\1381414912\H1_1381894144_1381898240.hdf5,1381894144.0,1381898240.0,H1,O4a,0.07039286196231842,199
1381894340.0,1381894372.0,E:\o4a\1381414912\H1_1381894144_1381898240.hdf5,1381894144.0,1381898240.0,H1,O4a,0.08391914516687393,199
1381894404.0,1381894436.0,E:\o4a\1381414912\H1_1381894144_1381898240.hdf5,1381894144.0,1381898240.0,H1,O4a,0.09621290862560272,199
1381894468.0,1381894500.0,E:\o4a\1381414912\H1_1381894144_1381898240.hdf5,1381894144.0,1381898240.0,H1,O4a,0.09015359729528427,199
1381894532.0,1381894564.0,E:\o4a\1381414912\H1_1381894144_1381898240.hdf5,1381894144.0,1381898240.0,H1,O4a,0.06794849038124084,199
1381894596.0,1381894628.0,E:\o4a\1381414912\H1_1381894144_1381898240.hdf5,1381894144.0,1381898240.0,H1,O4a,0.0666225329041481,199
1381894660.0,1381894692.0,E:\o4a\1381414912\H1_1381894144_1381898240.hdf5,1381894144.0,1381898240.0,H1,O4a,0.07069431990385056,199
1381894724.0,1381894756.0,E:\o4a\1381414912\H1_1381894144_1381898240.hdf5,1381894144.0,1381898240.0,H1,O4a,0.06197527423501015,199
1381894788.0,1381894820.0,E:\o4a\1381414912\H1_1381894144_1381898240.hdf5,1381894144.0,1381898240.0,H1,O4a,0.060553353279829025,199
1381894852.0,1381894884.0,E:\o4a\1381414912\H1_1381894144_1381898240.hdf5,1381894144.0,1381898240.0,H1,O4a,0.07849236577749252,199
1381894916.0,1381894948.0,E:\o4a\1381414912\H1_1381894144_1381898240.hdf5,1381894144.0,1381898240.0,H1,O4a,0.05797884613275528,199
1381894980.0,1381895012.0,E:\o4a\1381414912\H1_1381894144_1381898240.hdf5,1381894144.0,1381898240.0,H1,O4a,0.06440693885087967,199
1381895044.0,1381895076.0,E:\o4a\1381414912\H1_1381894144_1381898240.hdf5,1381894144.0,1381898240.0,H1,O4a,0.05203031003475189,199
1381895108.0,1381895140.0,E:\o4a\1381414912\H1_1381894144_1381898240.hdf5,1381894144.0,1381898240.0,H1,O4a,0.056100789457559586,199
1381895172.0,1381895204.0,E:\o4a\1381414912\H1_1381894144_1381898240.hdf5,1381894144.0,1381898240.0,H1,O4a,0.06650172173976898,199
1381983556.0,1381983588.0,E:\o4a\1381933312\H1_1381982464_1381986560.hdf5,1381982464.0,1381986560.0,H1,O4a,0.0699738934636116,200
1381983620.0,1381983652.0,E:\o4a\1381933312\H1_1381982464_1381986560.hdf5,1381982464.0,1381986560.0,H1,O4a,0.07745688408613205,200
1381983684.0,1381983716.0,E:\o4a\1381933312\H1_1381982464_1381986560.hdf5,1381982464.0,1381986560.0,H1,O4a,0.06644460558891296,200
1381983748.0,1381983780.0,E:\o4a\1381933312\H1_1381982464_1381986560.hdf5,1381982464.0,1381986560.0,H1,O4a,0.06572628021240234,200
1381983812.0,1381983844.0,E:\o4a\1381933312\H1_1381982464_1381986560.hdf5,1381982464.0,1381986560.0,H1,O4a,0.06525058299303055,200
1381983876.0,1381983908.0,E:\o4a\1381933312\H1_1381982464_1381986560.hdf5,1381982464.0,1381986560.0,H1,O4a,0.07602337747812271,200
1381983940.0,1381983972.0,E:\o4a\1381933312\H1_1381982464_1381986560.hdf5,1381982464.0,1381986560.0,H1,O4a,0.07864729315042496,200
1381984004.0,1381984036.0,E:\o4a\1381933312\H1_1381982464_1381986560.hdf5,1381982464.0,1381986560.0,H1,O4a,0.06095098704099655,200
1381984068.0,1381984100.0,E:\o4a\1381933312\H1_1381982464_1381986560.hdf5,1381982464.0,1381986560.0,H1,O4a,0.062321215867996216,200
1381984132.0,1381984164.0,E:\o4a\1381933312\H1_1381982464_1381986560.hdf5,1381982464.0,1381986560.0,H1,O4a,0.06116802617907524,200
1381984196.0,1381984228.0,E:\o4a\1381933312\H1_1381982464_1381986560.hdf5,1381982464.0,1381986560.0,H1,O4a,0.07350880652666092,200
1381984260.0,1381984292.0,E:\o4a\1381933312\H1_1381982464_1381986560.hdf5,1381982464.0,1381986560.0,H1,O4a,0.07000136375427246,200
1381984324.0,1381984356.0,E:\o4a\1381933312\H1_1381982464_1381986560.hdf5,1381982464.0,1381986560.0,H1,O4a,0.06657447665929794,200
1381984388.0,1381984420.0,E:\o4a\1381933312\H1_1381982464_1381986560.hdf5,1381982464.0,1381986560.0,H1,O4a,0.06398890912532806,200
1381984452.0,1381984484.0,E:\o4a\1381933312\H1_1381982464_1381986560.hdf5,1381982464.0,1381986560.0,H1,O4a,0.06290847808122635,200
1381984516.0,1381984548.0,E:\o4a\1381933312\H1_1381982464_1381986560.hdf5,1381982464.0,1381986560.0,H1,O4a,0.05930981785058975,200
1381984580.0,1381984612.0,E:\o4a\1381933312\H1_1381982464_1381986560.hdf5,1381982464.0,1381986560.0,H1,O4a,0.05596201494336128,200
1382028612.0,1382028644.0,E:\o4a\1381933312\H1_1382027520_1382031616.hdf5,1382027520.0,1382031616.0,H1,O4a,0.07255217432975769,201
1382028676.0,1382028708.0,E:\o4a\1381933312\H1_1382027520_1382031616.hdf5,1382027520.0,1382031616.0,H1,O4a,0.06488946080207825,201
1382028740.0,1382028772.0,E:\o4a\1381933312\H1_1382027520_1382031616.hdf5,1382027520.0,1382031616.0,H1,O4a,0.055240366607904434,201
1382028804.0,1382028836.0,E:\o4a\1381933312\H1_1382027520_1382031616.hdf5,1382027520.0,1382031616.0,H1,O4a,0.07157576829195023,201
1382028868.0,1382028900.0,E:\o4a\1381933312\H1_1382027520_1382031616.hdf5,1382027520.0,1382031616.0,H1,O4a,0.08387911319732666,201
1382028932.0,1382028964.0,E:\o4a\1381933312\H1_1382027520_1382031616.hdf5,1382027520.0,1382031616.0,H1,O4a,0.10545863956212997,201
1382028996.0,1382029028.0,E:\o4a\1381933312\H1_1382027520_1382031616.hdf5,1382027520.0,1382031616.0,H1,O4a,0.07270392775535583,201
1382029060.0,1382029092.0,E:\o4a\1381933312\H1_1382027520_1382031616.hdf5,1382027520.0,1382031616.0,H1,O4a,0.0836014673113823,201
1382029124.0,1382029156.0,E:\o4a\1381933312\H1_1382027520_1382031616.hdf5,1382027520.0,1382031616.0,H1,O4a,0.09662275016307831,201
1382029188.0,1382029220.0,E:\o4a\1381933312\H1_1382027520_1382031616.hdf5,1382027520.0,1382031616.0,H1,O4a,0.0622461698949337,201
1382029252.0,1382029284.0,E:\o4a\1381933312\H1_1382027520_1382031616.hdf5,1382027520.0,1382031616.0,H1,O4a,0.0617540217936039,201
1382029316.0,1382029348.0,E:\o4a\1381933312\H1_1382027520_1382031616.hdf5,1382027520.0,1382031616.0,H1,O4a,0.06254277378320694,201
1382029380.0,1382029412.0,E:\o4a\1381933312\H1_1382027520_1382031616.hdf5,1382027520.0,1382031616.0,H1,O4a,0.062190454453229904,201
1382029444.0,1382029476.0,E:\o4a\1381933312\H1_1382027520_1382031616.hdf5,1382027520.0,1382031616.0,H1,O4a,0.056027624756097794,201
1382029508.0,1382029540.0,E:\o4a\1381933312\H1_1382027520_1382031616.hdf5,1382027520.0,1382031616.0,H1,O4a,0.07131892442703247,201
1382029572.0,1382029604.0,E:\o4a\1381933312\H1_1382027520_1382031616.hdf5,1382027520.0,1382031616.0,H1,O4a,0.05659571290016174,201
1382029636.0,1382029668.0,E:\o4a\1381933312\H1_1382027520_1382031616.hdf5,1382027520.0,1382031616.0,H1,O4a,0.07076769322156906,201
1382070212.0,1382070244.0,E:\o4a\1381933312\H1_1382068480_1382072576.hdf5,1382068480.0,1382072576.0,H1,O4a,0.08889155089855194,202
1382070276.0,1382070308.0,E:\o4a\1381933312\H1_1382068480_1382072576.hdf5,1382068480.0,1382072576.0,H1,O4a,0.06355661898851395,202
1382070340.0,1382070372.0,E:\o4a\1381933312\H1_1382068480_1382072576.hdf5,1382068480.0,1382072576.0,H1,O4a,0.0583895780146122,202
1382070404.0,1382070436.0,E:\o4a\1381933312\H1_1382068480_1382072576.hdf5,1382068480.0,1382072576.0,H1,O4a,0.07189769297838211,202
1382070468.0,1382070500.0,E:\o4a\1381933312\H1_1382068480_1382072576.hdf5,1382068480.0,1382072576.0,H1,O4a,0.06499690562486649,202
1382070532.0,1382070564.0,E:\o4a\1381933312\H1_1382068480_1382072576.hdf5,1382068480.0,1382072576.0,H1,O4a,0.061102550476789474,202
1382070596.0,1382070628.0,E:\o4a\1381933312\H1_1382068480_1382072576.hdf5,1382068480.0,1382072576.0,H1,O4a,0.06464739143848419,202
1382070660.0,1382070692.0,E:\o4a\1381933312\H1_1382068480_1382072576.hdf5,1382068480.0,1382072576.0,H1,O4a,0.060972824692726135,202
1382070724.0,1382070756.0,E:\o4a\1381933312\H1_1382068480_1382072576.hdf5,1382068480.0,1382072576.0,H1,O4a,0.07119143754243851,202
1382070788.0,1382070820.0,E:\o4a\1381933312\H1_1382068480_1382072576.hdf5,1382068480.0,1382072576.0,H1,O4a,0.06844586879014969,202
1382070852.0,1382070884.0,E:\o4a\1381933312\H1_1382068480_1382072576.hdf5,1382068480.0,1382072576.0,H1,O4a,0.06118394434452057,202
1382070916.0,1382070948.0,E:\o4a\1381933312\H1_1382068480_1382072576.hdf5,1382068480.0,1382072576.0,H1,O4a,0.06985373049974442,202
1382070980.0,1382071012.0,E:\o4a\1381933312\H1_1382068480_1382072576.hdf5,1382068480.0,1382072576.0,H1,O4a,0.07459026575088501,202
1382071044.0,1382071076.0,E:\o4a\1381933312\H1_1382068480_1382072576.hdf5,1382068480.0,1382072576.0,H1,O4a,0.07176391035318375,202
1382071108.0,1382071140.0,E:\o4a\1381933312\H1_1382068480_1382072576.hdf5,1382068480.0,1382072576.0,H1,O4a,0.06506281346082687,202
1382071172.0,1382071204.0,E:\o4a\1381933312\H1_1382068480_1382072576.hdf5,1382068480.0,1382072576.0,H1,O4a,0.06034201756119728,202
1382071236.0,1382071268.0,E:\o4a\1381933312\H1_1382068480_1382072576.hdf5,1382068480.0,1382072576.0,H1,O4a,0.05694953352212906,202
1382113540.0,1382113572.0,E:\o4a\1381933312\H1_1382113536_1382117632.hdf5,1382113536.0,1382117632.0,H1,O4a,0.0681115910410881,203
1382113604.0,1382113636.0,E:\o4a\1381933312\H1_1382113536_1382117632.hdf5,1382113536.0,1382117632.0,H1,O4a,0.0611414909362793,203
1382113668.0,1382113700.0,E:\o4a\1381933312\H1_1382113536_1382117632.hdf5,1382113536.0,1382117632.0,H1,O4a,0.06970535963773727,203
1382113732.0,1382113764.0,E:\o4a\1381933312\H1_1382113536_1382117632.hdf5,1382113536.0,1382117632.0,H1,O4a,0.06524932384490967,203
1382113796.0,1382113828.0,E:\o4a\1381933312\H1_1382113536_1382117632.hdf5,1382113536.0,1382117632.0,H1,O4a,0.43228840827941895,203
1382113860.0,1382113892.0,E:\o4a\1381933312\H1_1382113536_1382117632.hdf5,1382113536.0,1382117632.0,H1,O4a,0.057727616280317307,203
1382113924.0,1382113956.0,E:\o4a\1381933312\H1_1382113536_1382117632.hdf5,1382113536.0,1382117632.0,H1,O4a,0.06862577050924301,203
1382113988.0,1382114020.0,E:\o4a\1381933312\H1_1382113536_1382117632.hdf5,1382113536.0,1382117632.0,H1,O4a,0.06521189212799072,203
1382114052.0,1382114084.0,E:\o4a\1381933312\H1_1382113536_1382117632.hdf5,1382113536.0,1382117632.0,H1,O4a,0.05820482224225998,203
1382114116.0,1382114148.0,E:\o4a\1381933312\H1_1382113536_1382117632.hdf5,1382113536.0,1382117632.0,H1,O4a,0.06502319872379303,203
1382114180.0,1382114212.0,E:\o4a\1381933312\H1_1382113536_1382117632.hdf5,1382113536.0,1382117632.0,H1,O4a,0.056090790778398514,203
1382114244.0,1382114276.0,E:\o4a\1381933312\H1_1382113536_1382117632.hdf5,1382113536.0,1382117632.0,H1,O4a,0.06917659193277359,203
1382114308.0,1382114340.0,E:\o4a\1381933312\H1_1382113536_1382117632.hdf5,1382113536.0,1382117632.0,H1,O4a,0.06734009087085724,203
1382114372.0,1382114404.0,E:\o4a\1381933312\H1_1382113536_1382117632.hdf5,1382113536.0,1382117632.0,H1,O4a,0.0649670735001564,203
1382114436.0,1382114468.0,E:\o4a\1381933312\H1_1382113536_1382117632.hdf5,1382113536.0,1382117632.0,H1,O4a,0.07790692895650864,203
1382114500.0,1382114532.0,E:\o4a\1381933312\H1_1382113536_1382117632.hdf5,1382113536.0,1382117632.0,H1,O4a,0.06933915615081787,203
1382114564.0,1382114596.0,E:\o4a\1381933312\H1_1382113536_1382117632.hdf5,1382113536.0,1382117632.0,H1,O4a,0.0769457221031189,203
1382158980.0,1382159012.0,E:\o4a\1381933312\H1_1382158592_1382162688.hdf5,1382158592.0,1382162688.0,H1,O4a,0.10214143991470337,204
1382159044.0,1382159076.0,E:\o4a\1381933312\H1_1382158592_1382162688.hdf5,1382158592.0,1382162688.0,H1,O4a,0.0721518024802208,204
1382159108.0,1382159140.0,E:\o4a\1381933312\H1_1382158592_1382162688.hdf5,1382158592.0,1382162688.0,H1,O4a,0.058306723833084106,204
1382159172.0,1382159204.0,E:\o4a\1381933312\H1_1382158592_1382162688.hdf5,1382158592.0,1382162688.0,H1,O4a,0.0950511172413826,204
1382159236.0,1382159268.0,E:\o4a\1381933312\H1_1382158592_1382162688.hdf5,1382158592.0,1382162688.0,H1,O4a,0.058748677372932434,204
1382159300.0,1382159332.0,E:\o4a\1381933312\H1_1382158592_1382162688.hdf5,1382158592.0,1382162688.0,H1,O4a,0.06013960763812065,204
1382159364.0,1382159396.0,E:\o4a\1381933312\H1_1382158592_1382162688.hdf5,1382158592.0,1382162688.0,H1,O4a,0.07092056423425674,204
1382159428.0,1382159460.0,E:\o4a\1381933312\H1_1382158592_1382162688.hdf5,1382158592.0,1382162688.0,H1,O4a,0.06090207025408745,204
1382159492.0,1382159524.0,E:\o4a\1381933312\H1_1382158592_1382162688.hdf5,1382158592.0,1382162688.0,H1,O4a,0.07770988345146179,204
1382159556.0,1382159588.0,E:\o4a\1381933312\H1_1382158592_1382162688.hdf5,1382158592.0,1382162688.0,H1,O4a,0.07929966598749161,204
1382159620.0,1382159652.0,E:\o4a\1381933312\H1_1382158592_1382162688.hdf5,1382158592.0,1382162688.0,H1,O4a,0.06405606120824814,204
1382159684.0,1382159716.0,E:\o4a\1381933312\H1_1382158592_1382162688.hdf5,1382158592.0,1382162688.0,H1,O4a,0.06550035625696182,204
1382159748.0,1382159780.0,E:\o4a\1381933312\H1_1382158592_1382162688.hdf5,1382158592.0,1382162688.0,H1,O4a,0.0742771178483963,204
1382159812.0,1382159844.0,E:\o4a\1381933312\H1_1382158592_1382162688.hdf5,1382158592.0,1382162688.0,H1,O4a,0.06892535090446472,204
1382159876.0,1382159908.0,E:\o4a\1381933312\H1_1382158592_1382162688.hdf5,1382158592.0,1382162688.0,H1,O4a,0.06943218410015106,204
1382159940.0,1382159972.0,E:\o4a\1381933312\H1_1382158592_1382162688.hdf5,1382158592.0,1382162688.0,H1,O4a,0.05795187130570412,204
1382160004.0,1382160036.0,E:\o4a\1381933312\H1_1382158592_1382162688.hdf5,1382158592.0,1382162688.0,H1,O4a,0.06467046588659286,204
1382244996.0,1382245028.0,E:\o4a\1381933312\H1_1382244608_1382248704.hdf5,1382244608.0,1382248704.0,H1,O4a,0.09204751253128052,205
1382245060.0,1382245092.0,E:\o4a\1381933312\H1_1382244608_1382248704.hdf5,1382244608.0,1382248704.0,H1,O4a,0.0662270337343216,205
1382245124.0,1382245156.0,E:\o4a\1381933312\H1_1382244608_1382248704.hdf5,1382244608.0,1382248704.0,H1,O4a,0.0693899467587471,205
1382245188.0,1382245220.0,E:\o4a\1381933312\H1_1382244608_1382248704.hdf5,1382244608.0,1382248704.0,H1,O4a,0.08404653519392014,205
1382245252.0,1382245284.0,E:\o4a\1381933312\H1_1382244608_1382248704.hdf5,1382244608.0,1382248704.0,H1,O4a,0.06745237112045288,205
1382245316.0,1382245348.0,E:\o4a\1381933312\H1_1382244608_1382248704.hdf5,1382244608.0,1382248704.0,H1,O4a,0.07091815024614334,205
1382245380.0,1382245412.0,E:\o4a\1381933312\H1_1382244608_1382248704.hdf5,1382244608.0,1382248704.0,H1,O4a,0.06714916974306107,205
1382245444.0,1382245476.0,E:\o4a\1381933312\H1_1382244608_1382248704.hdf5,1382244608.0,1382248704.0,H1,O4a,0.06036559119820595,205
1382245508.0,1382245540.0,E:\o4a\1381933312\H1_1382244608_1382248704.hdf5,1382244608.0,1382248704.0,H1,O4a,0.07474715262651443,205
1382245572.0,1382245604.0,E:\o4a\1381933312\H1_1382244608_1382248704.hdf5,1382244608.0,1382248704.0,H1,O4a,0.06687116622924805,205
1382245636.0,1382245668.0,E:\o4a\1381933312\H1_1382244608_1382248704.hdf5,1382244608.0,1382248704.0,H1,O4a,0.06657589226961136,205
1382245700.0,1382245732.0,E:\o4a\1381933312\H1_1382244608_1382248704.hdf5,1382244608.0,1382248704.0,H1,O4a,0.06752166897058487,205
1382245764.0,1382245796.0,E:\o4a\1381933312\H1_1382244608_1382248704.hdf5,1382244608.0,1382248704.0,H1,O4a,0.06644071638584137,205
1382245828.0,1382245860.0,E:\o4a\1381933312\H1_1382244608_1382248704.hdf5,1382244608.0,1382248704.0,H1,O4a,0.07067179679870605,205
1382245892.0,1382245924.0,E:\o4a\1381933312\H1_1382244608_1382248704.hdf5,1382244608.0,1382248704.0,H1,O4a,0.066434845328331,205
1382245956.0,1382245988.0,E:\o4a\1381933312\H1_1382244608_1382248704.hdf5,1382244608.0,1382248704.0,H1,O4a,0.12531207501888275,205
1382246020.0,1382246052.0,E:\o4a\1381933312\H1_1382244608_1382248704.hdf5,1382244608.0,1382248704.0,H1,O4a,0.06444079428911209,205
1382289668.0,1382289700.0,E:\o4a\1381933312\H1_1382289664_1382293760.hdf5,1382289664.0,1382293760.0,H1,O4a,0.056849364191293716,206
1382289732.0,1382289764.0,E:\o4a\1381933312\H1_1382289664_1382293760.hdf5,1382289664.0,1382293760.0,H1,O4a,0.07675817608833313,206
1382289796.0,1382289828.0,E:\o4a\1381933312\H1_1382289664_1382293760.hdf5,1382289664.0,1382293760.0,H1,O4a,0.0736527368426323,206
1382289860.0,1382289892.0,E:\o4a\1381933312\H1_1382289664_1382293760.hdf5,1382289664.0,1382293760.0,H1,O4a,0.061227377504110336,206
1382289924.0,1382289956.0,E:\o4a\1381933312\H1_1382289664_1382293760.hdf5,1382289664.0,1382293760.0,H1,O4a,0.0655827522277832,206
1382289988.0,1382290020.0,E:\o4a\1381933312\H1_1382289664_1382293760.hdf5,1382289664.0,1382293760.0,H1,O4a,0.0639694333076477,206
1382290052.0,1382290084.0,E:\o4a\1381933312\H1_1382289664_1382293760.hdf5,1382289664.0,1382293760.0,H1,O4a,0.06767042726278305,206
1382290116.0,1382290148.0,E:\o4a\1381933312\H1_1382289664_1382293760.hdf5,1382289664.0,1382293760.0,H1,O4a,0.13015879690647125,206
1382290180.0,1382290212.0,E:\o4a\1381933312\H1_1382289664_1382293760.hdf5,1382289664.0,1382293760.0,H1,O4a,0.06055207923054695,206
1382290244.0,1382290276.0,E:\o4a\1381933312\H1_1382289664_1382293760.hdf5,1382289664.0,1382293760.0,H1,O4a,0.05600307881832123,206
1382290308.0,1382290340.0,E:\o4a\1381933312\H1_1382289664_1382293760.hdf5,1382289664.0,1382293760.0,H1,O4a,0.06780566275119781,206
1382290372.0,1382290404.0,E:\o4a\1381933312\H1_1382289664_1382293760.hdf5,1382289664.0,1382293760.0,H1,O4a,0.0668618455529213,206
1382290436.0,1382290468.0,E:\o4a\1381933312\H1_1382289664_1382293760.hdf5,1382289664.0,1382293760.0,H1,O4a,0.07382845133543015,206
1382290500.0,1382290532.0,E:\o4a\1381933312\H1_1382289664_1382293760.hdf5,1382289664.0,1382293760.0,H1,O4a,0.06731945276260376,206
1382290564.0,1382290596.0,E:\o4a\1381933312\H1_1382289664_1382293760.hdf5,1382289664.0,1382293760.0,H1,O4a,0.06270642578601837,206
1382290628.0,1382290660.0,E:\o4a\1381933312\H1_1382289664_1382293760.hdf5,1382289664.0,1382293760.0,H1,O4a,0.06067609786987305,206
1382290692.0,1382290724.0,E:\o4a\1381933312\H1_1382289664_1382293760.hdf5,1382289664.0,1382293760.0,H1,O4a,0.07567857205867767,206
1382424964.0,1382424996.0,E:\o4a\1381933312\H1_1382424832_1382428928.hdf5,1382424832.0,1382428928.0,H1,O4a,0.05186421796679497,208
1382425028.0,1382425060.0,E:\o4a\1381933312\H1_1382424832_1382428928.hdf5,1382424832.0,1382428928.0,H1,O4a,0.0695541501045227,208
1382425092.0,1382425124.0,E:\o4a\1381933312\H1_1382424832_1382428928.hdf5,1382424832.0,1382428928.0,H1,O4a,0.0652092844247818,208
1382425156.0,1382425188.0,E:\o4a\1381933312\H1_1382424832_1382428928.hdf5,1382424832.0,1382428928.0,H1,O4a,0.08296790719032288,208
1382425220.0,1382425252.0,E:\o4a\1381933312\H1_1382424832_1382428928.hdf5,1382424832.0,1382428928.0,H1,O4a,0.06336644291877747,208
1382425284.0,1382425316.0,E:\o4a\1381933312\H1_1382424832_1382428928.hdf5,1382424832.0,1382428928.0,H1,O4a,0.0664142444729805,208
1382425348.0,1382425380.0,E:\o4a\1381933312\H1_1382424832_1382428928.hdf5,1382424832.0,1382428928.0,H1,O4a,0.41651108860969543,208
1382425412.0,1382425444.0,E:\o4a\1381933312\H1_1382424832_1382428928.hdf5,1382424832.0,1382428928.0,H1,O4a,0.07388311624526978,208
1382425476.0,1382425508.0,E:\o4a\1381933312\H1_1382424832_1382428928.hdf5,1382424832.0,1382428928.0,H1,O4a,0.07057387381792068,208
1382425540.0,1382425572.0,E:\o4a\1381933312\H1_1382424832_1382428928.hdf5,1382424832.0,1382428928.0,H1,O4a,0.44107648730278015,208
1382425604.0,1382425636.0,E:\o4a\1381933312\H1_1382424832_1382428928.hdf5,1382424832.0,1382428928.0,H1,O4a,0.07242563366889954,208
1382425668.0,1382425700.0,E:\o4a\1381933312\H1_1382424832_1382428928.hdf5,1382424832.0,1382428928.0,H1,O4a,0.0686500072479248,208
1382425732.0,1382425764.0,E:\o4a\1381933312\H1_1382424832_1382428928.hdf5,1382424832.0,1382428928.0,H1,O4a,0.07093308120965958,208
1382425796.0,1382425828.0,E:\o4a\1381933312\H1_1382424832_1382428928.hdf5,1382424832.0,1382428928.0,H1,O4a,0.05703233927488327,208
1382425860.0,1382425892.0,E:\o4a\1381933312\H1_1382424832_1382428928.hdf5,1382424832.0,1382428928.0,H1,O4a,0.08794836699962616,208
1382425924.0,1382425956.0,E:\o4a\1381933312\H1_1382424832_1382428928.hdf5,1382424832.0,1382428928.0,H1,O4a,0.061682503670454025,208
1382425988.0,1382426020.0,E:\o4a\1381933312\H1_1382424832_1382428928.hdf5,1382424832.0,1382428928.0,H1,O4a,0.06394105404615402,208
1382490116.0,1382490148.0,E:\o4a\1382451712\H1_1382488576_1382492672.hdf5,1382488576.0,1382492672.0,H1,O4a,0.06432544440031052,209
1382490180.0,1382490212.0,E:\o4a\1382451712\H1_1382488576_1382492672.hdf5,1382488576.0,1382492672.0,H1,O4a,0.0583493709564209,209
1382490244.0,1382490276.0,E:\o4a\1382451712\H1_1382488576_1382492672.hdf5,1382488576.0,1382492672.0,H1,O4a,0.05779518932104111,209
1382490308.0,1382490340.0,E:\o4a\1382451712\H1_1382488576_1382492672.hdf5,1382488576.0,1382492672.0,H1,O4a,0.06691119819879532,209
1382490372.0,1382490404.0,E:\o4a\1382451712\H1_1382488576_1382492672.hdf5,1382488576.0,1382492672.0,H1,O4a,0.06939282268285751,209
1382490436.0,1382490468.0,E:\o4a\1382451712\H1_1382488576_1382492672.hdf5,1382488576.0,1382492672.0,H1,O4a,0.07137782126665115,209
1382490500.0,1382490532.0,E:\o4a\1382451712\H1_1382488576_1382492672.hdf5,1382488576.0,1382492672.0,H1,O4a,0.06308940052986145,209
1382490564.0,1382490596.0,E:\o4a\1382451712\H1_1382488576_1382492672.hdf5,1382488576.0,1382492672.0,H1,O4a,0.06512555480003357,209
1382490628.0,1382490660.0,E:\o4a\1382451712\H1_1382488576_1382492672.hdf5,1382488576.0,1382492672.0,H1,O4a,0.06821552664041519,209
1382490692.0,1382490724.0,E:\o4a\1382451712\H1_1382488576_1382492672.hdf5,1382488576.0,1382492672.0,H1,O4a,0.21167191863059998,209
1382490756.0,1382490788.0,E:\o4a\1382451712\H1_1382488576_1382492672.hdf5,1382488576.0,1382492672.0,H1,O4a,0.06041473522782326,209
1382490820.0,1382490852.0,E:\o4a\1382451712\H1_1382488576_1382492672.hdf5,1382488576.0,1382492672.0,H1,O4a,0.054055355489254,209
1382490884.0,1382490916.0,E:\o4a\1382451712\H1_1382488576_1382492672.hdf5,1382488576.0,1382492672.0,H1,O4a,0.06181744858622551,209
1382490948.0,1382490980.0,E:\o4a\1382451712\H1_1382488576_1382492672.hdf5,1382488576.0,1382492672.0,H1,O4a,0.062244415283203125,209
1382491012.0,1382491044.0,E:\o4a\1382451712\H1_1382488576_1382492672.hdf5,1382488576.0,1382492672.0,H1,O4a,0.08503196388483047,209
1382491076.0,1382491108.0,E:\o4a\1382451712\H1_1382488576_1382492672.hdf5,1382488576.0,1382492672.0,H1,O4a,0.05956891179084778,209
1382491140.0,1382491172.0,E:\o4a\1382451712\H1_1382488576_1382492672.hdf5,1382488576.0,1382492672.0,H1,O4a,0.07188070565462112,209
1382669892.0,1382669924.0,E:\o4a\1382451712\H1_1382668800_1382672896.hdf5,1382668800.0,1382672896.0,H1,O4a,0.07113195210695267,211
1382669956.0,1382669988.0,E:\o4a\1382451712\H1_1382668800_1382672896.hdf5,1382668800.0,1382672896.0,H1,O4a,0.09935101121664047,211
1382670020.0,1382670052.0,E:\o4a\1382451712\H1_1382668800_1382672896.hdf5,1382668800.0,1382672896.0,H1,O4a,0.05935738980770111,211
1382670084.0,1382670116.0,E:\o4a\1382451712\H1_1382668800_1382672896.hdf5,1382668800.0,1382672896.0,H1,O4a,0.059101659804582596,211
1382670148.0,1382670180.0,E:\o4a\1382451712\H1_1382668800_1382672896.hdf5,1382668800.0,1382672896.0,H1,O4a,0.08833695948123932,211
1382670212.0,1382670244.0,E:\o4a\1382451712\H1_1382668800_1382672896.hdf5,1382668800.0,1382672896.0,H1,O4a,0.058249834924936295,211
1382670276.0,1382670308.0,E:\o4a\1382451712\H1_1382668800_1382672896.hdf5,1382668800.0,1382672896.0,H1,O4a,0.06033466011285782,211
1382670340.0,1382670372.0,E:\o4a\1382451712\H1_1382668800_1382672896.hdf5,1382668800.0,1382672896.0,H1,O4a,0.0697820857167244,211
1382670404.0,1382670436.0,E:\o4a\1382451712\H1_1382668800_1382672896.hdf5,1382668800.0,1382672896.0,H1,O4a,0.07631555944681168,211
1382670468.0,1382670500.0,E:\o4a\1382451712\H1_1382668800_1382672896.hdf5,1382668800.0,1382672896.0,H1,O4a,0.0718492642045021,211
1382670532.0,1382670564.0,E:\o4a\1382451712\H1_1382668800_1382672896.hdf5,1382668800.0,1382672896.0,H1,O4a,0.06546689569950104,211
1382670596.0,1382670628.0,E:\o4a\1382451712\H1_1382668800_1382672896.hdf5,1382668800.0,1382672896.0,H1,O4a,0.07396546751260757,211
1382670660.0,1382670692.0,E:\o4a\1382451712\H1_1382668800_1382672896.hdf5,1382668800.0,1382672896.0,H1,O4a,0.06600304692983627,211
1382670724.0,1382670756.0,E:\o4a\1382451712\H1_1382668800_1382672896.hdf5,1382668800.0,1382672896.0,H1,O4a,0.058538079261779785,211
1382670788.0,1382670820.0,E:\o4a\1382451712\H1_1382668800_1382672896.hdf5,1382668800.0,1382672896.0,H1,O4a,0.05366222560405731,211
1382670852.0,1382670884.0,E:\o4a\1382451712\H1_1382668800_1382672896.hdf5,1382668800.0,1382672896.0,H1,O4a,0.06313414871692657,211
1382670916.0,1382670948.0,E:\o4a\1382451712\H1_1382668800_1382672896.hdf5,1382668800.0,1382672896.0,H1,O4a,0.06793855875730515,211
1382723140.0,1382723172.0,E:\o4a\1382451712\H1_1382722048_1382726144.hdf5,1382722048.0,1382726144.0,H1,O4a,0.05927785858511925,212
1382723204.0,1382723236.0,E:\o4a\1382451712\H1_1382722048_1382726144.hdf5,1382722048.0,1382726144.0,H1,O4a,0.07743773609399796,212
1382723268.0,1382723300.0,E:\o4a\1382451712\H1_1382722048_1382726144.hdf5,1382722048.0,1382726144.0,H1,O4a,0.06744333356618881,212
1382723332.0,1382723364.0,E:\o4a\1382451712\H1_1382722048_1382726144.hdf5,1382722048.0,1382726144.0,H1,O4a,0.07957843691110611,212
1382723396.0,1382723428.0,E:\o4a\1382451712\H1_1382722048_1382726144.hdf5,1382722048.0,1382726144.0,H1,O4a,0.06981684267520905,212
1382723460.0,1382723492.0,E:\o4a\1382451712\H1_1382722048_1382726144.hdf5,1382722048.0,1382726144.0,H1,O4a,0.06587276607751846,212
1382723524.0,1382723556.0,E:\o4a\1382451712\H1_1382722048_1382726144.hdf5,1382722048.0,1382726144.0,H1,O4a,0.06296200305223465,212
1382723588.0,1382723620.0,E:\o4a\1382451712\H1_1382722048_1382726144.hdf5,1382722048.0,1382726144.0,H1,O4a,0.15287715196609497,212
1382723652.0,1382723684.0,E:\o4a\1382451712\H1_1382722048_1382726144.hdf5,1382722048.0,1382726144.0,H1,O4a,0.05812659114599228,212
1382723716.0,1382723748.0,E:\o4a\1382451712\H1_1382722048_1382726144.hdf5,1382722048.0,1382726144.0,H1,O4a,0.11795148998498917,212
1382723780.0,1382723812.0,E:\o4a\1382451712\H1_1382722048_1382726144.hdf5,1382722048.0,1382726144.0,H1,O4a,0.09153447300195694,212
1382723844.0,1382723876.0,E:\o4a\1382451712\H1_1382722048_1382726144.hdf5,1382722048.0,1382726144.0,H1,O4a,0.1329711228609085,212
1382723908.0,1382723940.0,E:\o4a\1382451712\H1_1382722048_1382726144.hdf5,1382722048.0,1382726144.0,H1,O4a,0.0799613818526268,212
1382723972.0,1382724004.0,E:\o4a\1382451712\H1_1382722048_1382726144.hdf5,1382722048.0,1382726144.0,H1,O4a,0.06322265416383743,212
1382724036.0,1382724068.0,E:\o4a\1382451712\H1_1382722048_1382726144.hdf5,1382722048.0,1382726144.0,H1,O4a,0.0726371556520462,212
1382724100.0,1382724132.0,E:\o4a\1382451712\H1_1382722048_1382726144.hdf5,1382722048.0,1382726144.0,H1,O4a,0.07063449174165726,212
1382724164.0,1382724196.0,E:\o4a\1382451712\H1_1382722048_1382726144.hdf5,1382722048.0,1382726144.0,H1,O4a,0.06322700530290604,212
1382973060.0,1382973092.0,E:\o4a\1382970112\H1_1382970112_1382974208.hdf5,1382970112.0,1382974208.0,H1,O4a,0.05213537812232971,214
1382973124.0,1382973156.0,E:\o4a\1382970112\H1_1382970112_1382974208.hdf5,1382970112.0,1382974208.0,H1,O4a,0.06081296503543854,214
1382973188.0,1382973220.0,E:\o4a\1382970112\H1_1382970112_1382974208.hdf5,1382970112.0,1382974208.0,H1,O4a,0.06345001608133316,214
1382973252.0,1382973284.0,E:\o4a\1382970112\H1_1382970112_1382974208.hdf5,1382970112.0,1382974208.0,H1,O4a,0.07764318585395813,214
1382973316.0,1382973348.0,E:\o4a\1382970112\H1_1382970112_1382974208.hdf5,1382970112.0,1382974208.0,H1,O4a,0.07042928785085678,214
1382973380.0,1382973412.0,E:\o4a\1382970112\H1_1382970112_1382974208.hdf5,1382970112.0,1382974208.0,H1,O4a,0.06730633974075317,214
1382973444.0,1382973476.0,E:\o4a\1382970112\H1_1382970112_1382974208.hdf5,1382970112.0,1382974208.0,H1,O4a,0.05778259411454201,214
1382973508.0,1382973540.0,E:\o4a\1382970112\H1_1382970112_1382974208.hdf5,1382970112.0,1382974208.0,H1,O4a,0.06405619531869888,214
1382973572.0,1382973604.0,E:\o4a\1382970112\H1_1382970112_1382974208.hdf5,1382970112.0,1382974208.0,H1,O4a,0.07488991320133209,214
1382973636.0,1382973668.0,E:\o4a\1382970112\H1_1382970112_1382974208.hdf5,1382970112.0,1382974208.0,H1,O4a,0.06189887598156929,214
1382973700.0,1382973732.0,E:\o4a\1382970112\H1_1382970112_1382974208.hdf5,1382970112.0,1382974208.0,H1,O4a,0.06591974198818207,214
1382973764.0,1382973796.0,E:\o4a\1382970112\H1_1382970112_1382974208.hdf5,1382970112.0,1382974208.0,H1,O4a,0.06052874028682709,214
1382973828.0,1382973860.0,E:\o4a\1382970112\H1_1382970112_1382974208.hdf5,1382970112.0,1382974208.0,H1,O4a,0.07140975445508957,214
1382973892.0,1382973924.0,E:\o4a\1382970112\H1_1382970112_1382974208.hdf5,1382970112.0,1382974208.0,H1,O4a,0.056738194078207016,214
1382973956.0,1382973988.0,E:\o4a\1382970112\H1_1382970112_1382974208.hdf5,1382970112.0,1382974208.0,H1,O4a,0.05857798457145691,214
1382974020.0,1382974052.0,E:\o4a\1382970112\H1_1382970112_1382974208.hdf5,1382970112.0,1382974208.0,H1,O4a,0.07007841765880585,214
1382974084.0,1382974116.0,E:\o4a\1382970112\H1_1382970112_1382974208.hdf5,1382970112.0,1382974208.0,H1,O4a,0.06467968225479126,214
1383119620.0,1383119652.0,E:\o4a\1382970112\H1_1383117568_1383121664.hdf5,1383117568.0,1383121664.0,H1,O4a,0.08000122010707855,216
1383119684.0,1383119716.0,E:\o4a\1382970112\H1_1383117568_1383121664.hdf5,1383117568.0,1383121664.0,H1,O4a,0.06591136008501053,216
1383119748.0,1383119780.0,E:\o4a\1382970112\H1_1383117568_1383121664.hdf5,1383117568.0,1383121664.0,H1,O4a,0.05805734172463417,216
1383119812.0,1383119844.0,E:\o4a\1382970112\H1_1383117568_1383121664.hdf5,1383117568.0,1383121664.0,H1,O4a,0.060100801289081573,216
1383119876.0,1383119908.0,E:\o4a\1382970112\H1_1383117568_1383121664.hdf5,1383117568.0,1383121664.0,H1,O4a,0.055258605629205704,216
1383119940.0,1383119972.0,E:\o4a\1382970112\H1_1383117568_1383121664.hdf5,1383117568.0,1383121664.0,H1,O4a,0.0800313800573349,216
1383120004.0,1383120036.0,E:\o4a\1382970112\H1_1383117568_1383121664.hdf5,1383117568.0,1383121664.0,H1,O4a,0.09696263819932938,216
1383120068.0,1383120100.0,E:\o4a\1382970112\H1_1383117568_1383121664.hdf5,1383117568.0,1383121664.0,H1,O4a,0.06554436683654785,216
1383120132.0,1383120164.0,E:\o4a\1382970112\H1_1383117568_1383121664.hdf5,1383117568.0,1383121664.0,H1,O4a,0.061659589409828186,216
1383120196.0,1383120228.0,E:\o4a\1382970112\H1_1383117568_1383121664.hdf5,1383117568.0,1383121664.0,H1,O4a,0.08237018436193466,216
1383120260.0,1383120292.0,E:\o4a\1382970112\H1_1383117568_1383121664.hdf5,1383117568.0,1383121664.0,H1,O4a,0.0864967331290245,216
1383120324.0,1383120356.0,E:\o4a\1382970112\H1_1383117568_1383121664.hdf5,1383117568.0,1383121664.0,H1,O4a,0.06217900291085243,216
1383120388.0,1383120420.0,E:\o4a\1382970112\H1_1383117568_1383121664.hdf5,1383117568.0,1383121664.0,H1,O4a,0.07031640410423279,216
1383120452.0,1383120484.0,E:\o4a\1382970112\H1_1383117568_1383121664.hdf5,1383117568.0,1383121664.0,H1,O4a,0.07124000787734985,216
1383120516.0,1383120548.0,E:\o4a\1382970112\H1_1383117568_1383121664.hdf5,1383117568.0,1383121664.0,H1,O4a,0.06497804075479507,216
1383120580.0,1383120612.0,E:\o4a\1382970112\H1_1383117568_1383121664.hdf5,1383117568.0,1383121664.0,H1,O4a,0.10051263868808746,216
1383120644.0,1383120676.0,E:\o4a\1382970112\H1_1383117568_1383121664.hdf5,1383117568.0,1383121664.0,H1,O4a,0.05428260937333107,216
1383168964.0,1383168996.0,E:\o4a\1382970112\H1_1383166720_1383170816.hdf5,1383166720.0,1383170816.0,H1,O4a,0.07118706405162811,217
1383169028.0,1383169060.0,E:\o4a\1382970112\H1_1383166720_1383170816.hdf5,1383166720.0,1383170816.0,H1,O4a,0.0748831182718277,217
1383169092.0,1383169124.0,E:\o4a\1382970112\H1_1383166720_1383170816.hdf5,1383166720.0,1383170816.0,H1,O4a,0.06173500046133995,217
1383169156.0,1383169188.0,E:\o4a\1382970112\H1_1383166720_1383170816.hdf5,1383166720.0,1383170816.0,H1,O4a,0.07993976771831512,217
1383169220.0,1383169252.0,E:\o4a\1382970112\H1_1383166720_1383170816.hdf5,1383166720.0,1383170816.0,H1,O4a,0.07153339684009552,217
1383169284.0,1383169316.0,E:\o4a\1382970112\H1_1383166720_1383170816.hdf5,1383166720.0,1383170816.0,H1,O4a,0.07851136475801468,217
1383169348.0,1383169380.0,E:\o4a\1382970112\H1_1383166720_1383170816.hdf5,1383166720.0,1383170816.0,H1,O4a,0.06057709828019142,217
1383169412.0,1383169444.0,E:\o4a\1382970112\H1_1383166720_1383170816.hdf5,1383166720.0,1383170816.0,H1,O4a,0.0790855661034584,217
1383169476.0,1383169508.0,E:\o4a\1382970112\H1_1383166720_1383170816.hdf5,1383166720.0,1383170816.0,H1,O4a,0.06204371526837349,217
1383169540.0,1383169572.0,E:\o4a\1382970112\H1_1383166720_1383170816.hdf5,1383166720.0,1383170816.0,H1,O4a,0.06832243502140045,217
1383169604.0,1383169636.0,E:\o4a\1382970112\H1_1383166720_1383170816.hdf5,1383166720.0,1383170816.0,H1,O4a,0.06686660647392273,217
1383169668.0,1383169700.0,E:\o4a\1382970112\H1_1383166720_1383170816.hdf5,1383166720.0,1383170816.0,H1,O4a,0.06458668410778046,217
1383169732.0,1383169764.0,E:\o4a\1382970112\H1_1383166720_1383170816.hdf5,1383166720.0,1383170816.0,H1,O4a,0.06873362511396408,217
1383169796.0,1383169828.0,E:\o4a\1382970112\H1_1383166720_1383170816.hdf5,1383166720.0,1383170816.0,H1,O4a,0.06171826645731926,217
1383169860.0,1383169892.0,E:\o4a\1382970112\H1_1383166720_1383170816.hdf5,1383166720.0,1383170816.0,H1,O4a,0.07811277359724045,217
1383169924.0,1383169956.0,E:\o4a\1382970112\H1_1383166720_1383170816.hdf5,1383166720.0,1383170816.0,H1,O4a,0.056925807148218155,217
1383169988.0,1383170020.0,E:\o4a\1382970112\H1_1383166720_1383170816.hdf5,1383166720.0,1383170816.0,H1,O4a,0.07756268233060837,217
1383277572.0,1383277604.0,E:\o4a\1382970112\H1_1383277312_1383281408.hdf5,1383277312.0,1383281408.0,H1,O4a,0.060072898864746094,218
1383277636.0,1383277668.0,E:\o4a\1382970112\H1_1383277312_1383281408.hdf5,1383277312.0,1383281408.0,H1,O4a,0.07981587946414948,218
1383277700.0,1383277732.0,E:\o4a\1382970112\H1_1383277312_1383281408.hdf5,1383277312.0,1383281408.0,H1,O4a,0.06545505672693253,218
1383277764.0,1383277796.0,E:\o4a\1382970112\H1_1383277312_1383281408.hdf5,1383277312.0,1383281408.0,H1,O4a,0.07656098157167435,218
1383277828.0,1383277860.0,E:\o4a\1382970112\H1_1383277312_1383281408.hdf5,1383277312.0,1383281408.0,H1,O4a,0.0526280552148819,218
1383277892.0,1383277924.0,E:\o4a\1382970112\H1_1383277312_1383281408.hdf5,1383277312.0,1383281408.0,H1,O4a,0.05343673378229141,218
1383277956.0,1383277988.0,E:\o4a\1382970112\H1_1383277312_1383281408.hdf5,1383277312.0,1383281408.0,H1,O4a,0.06069420278072357,218
1383278020.0,1383278052.0,E:\o4a\1382970112\H1_1383277312_1383281408.hdf5,1383277312.0,1383281408.0,H1,O4a,0.07622451335191727,218
1383278084.0,1383278116.0,E:\o4a\1382970112\H1_1383277312_1383281408.hdf5,1383277312.0,1383281408.0,H1,O4a,0.05530611425638199,218
1383278148.0,1383278180.0,E:\o4a\1382970112\H1_1383277312_1383281408.hdf5,1383277312.0,1383281408.0,H1,O4a,0.05989280715584755,218
1383278212.0,1383278244.0,E:\o4a\1382970112\H1_1383277312_1383281408.hdf5,1383277312.0,1383281408.0,H1,O4a,0.061275631189346313,218
1383278276.0,1383278308.0,E:\o4a\1382970112\H1_1383277312_1383281408.hdf5,1383277312.0,1383281408.0,H1,O4a,0.061363909393548965,218
1383278340.0,1383278372.0,E:\o4a\1382970112\H1_1383277312_1383281408.hdf5,1383277312.0,1383281408.0,H1,O4a,0.07083424180746078,218
1383278404.0,1383278436.0,E:\o4a\1382970112\H1_1383277312_1383281408.hdf5,1383277312.0,1383281408.0,H1,O4a,0.06470869481563568,218
1383278468.0,1383278500.0,E:\o4a\1382970112\H1_1383277312_1383281408.hdf5,1383277312.0,1383281408.0,H1,O4a,0.07805939018726349,218
1383278532.0,1383278564.0,E:\o4a\1382970112\H1_1383277312_1383281408.hdf5,1383277312.0,1383281408.0,H1,O4a,0.06363455206155777,218
1383278596.0,1383278628.0,E:\o4a\1382970112\H1_1383277312_1383281408.hdf5,1383277312.0,1383281408.0,H1,O4a,0.07454363256692886,218
1383333572.0,1383333604.0,E:\o4a\1382970112\H1_1383330560_1383334656.hdf5,1383330560.0,1383334656.0,H1,O4a,0.05807569622993469,219
1383333636.0,1383333668.0,E:\o4a\1382970112\H1_1383330560_1383334656.hdf5,1383330560.0,1383334656.0,H1,O4a,0.07124581187963486,219
1383333700.0,1383333732.0,E:\o4a\1382970112\H1_1383330560_1383334656.hdf5,1383330560.0,1383334656.0,H1,O4a,0.055889930576086044,219
1383333764.0,1383333796.0,E:\o4a\1382970112\H1_1383330560_1383334656.hdf5,1383330560.0,1383334656.0,H1,O4a,0.0617019347846508,219
1383333828.0,1383333860.0,E:\o4a\1382970112\H1_1383330560_1383334656.hdf5,1383330560.0,1383334656.0,H1,O4a,0.05595719814300537,219
1383333892.0,1383333924.0,E:\o4a\1382970112\H1_1383330560_1383334656.hdf5,1383330560.0,1383334656.0,H1,O4a,0.06196090951561928,219
1383333956.0,1383333988.0,E:\o4a\1382970112\H1_1383330560_1383334656.hdf5,1383330560.0,1383334656.0,H1,O4a,0.06596161425113678,219
1383334020.0,1383334052.0,E:\o4a\1382970112\H1_1383330560_1383334656.hdf5,1383330560.0,1383334656.0,H1,O4a,0.07288758456707001,219
1383334084.0,1383334116.0,E:\o4a\1382970112\H1_1383330560_1383334656.hdf5,1383330560.0,1383334656.0,H1,O4a,0.051907092332839966,219
1383334148.0,1383334180.0,E:\o4a\1382970112\H1_1383330560_1383334656.hdf5,1383330560.0,1383334656.0,H1,O4a,0.05038836970925331,219
1383334212.0,1383334244.0,E:\o4a\1382970112\H1_1383330560_1383334656.hdf5,1383330560.0,1383334656.0,H1,O4a,0.0603012815117836,219
1383334276.0,1383334308.0,E:\o4a\1382970112\H1_1383330560_1383334656.hdf5,1383330560.0,1383334656.0,H1,O4a,0.0634985864162445,219
1383334340.0,1383334372.0,E:\o4a\1382970112\H1_1383330560_1383334656.hdf5,1383330560.0,1383334656.0,H1,O4a,0.05943562835454941,219
1383334404.0,1383334436.0,E:\o4a\1382970112\H1_1383330560_1383334656.hdf5,1383330560.0,1383334656.0,H1,O4a,0.05931834504008293,219
1383334468.0,1383334500.0,E:\o4a\1382970112\H1_1383330560_1383334656.hdf5,1383330560.0,1383334656.0,H1,O4a,0.09066060185432434,219
1383334532.0,1383334564.0,E:\o4a\1382970112\H1_1383330560_1383334656.hdf5,1383330560.0,1383334656.0,H1,O4a,0.06785707175731659,219
1383334596.0,1383334628.0,E:\o4a\1382970112\H1_1383330560_1383334656.hdf5,1383330560.0,1383334656.0,H1,O4a,0.05849625915288925,219
1383558276.0,1383558308.0,E:\o4a\1383488512\H1_1383558144_1383562240.hdf5,1383558144.0,1383562240.0,H1,O4a,0.06385066360235214,221
1383558340.0,1383558372.0,E:\o4a\1383488512\H1_1383558144_1383562240.hdf5,1383558144.0,1383562240.0,H1,O4a,0.06505924463272095,221
1383558404.0,1383558436.0,E:\o4a\1383488512\H1_1383558144_1383562240.hdf5,1383558144.0,1383562240.0,H1,O4a,0.07731933146715164,221
1383558468.0,1383558500.0,E:\o4a\1383488512\H1_1383558144_1383562240.hdf5,1383558144.0,1383562240.0,H1,O4a,0.07470909506082535,221
1383558532.0,1383558564.0,E:\o4a\1383488512\H1_1383558144_1383562240.hdf5,1383558144.0,1383562240.0,H1,O4a,0.07888958603143692,221
1383558596.0,1383558628.0,E:\o4a\1383488512\H1_1383558144_1383562240.hdf5,1383558144.0,1383562240.0,H1,O4a,0.06766444444656372,221
1383558660.0,1383558692.0,E:\o4a\1383488512\H1_1383558144_1383562240.hdf5,1383558144.0,1383562240.0,H1,O4a,0.05600326135754585,221
1383558724.0,1383558756.0,E:\o4a\1383488512\H1_1383558144_1383562240.hdf5,1383558144.0,1383562240.0,H1,O4a,0.05735795572400093,221
1383558788.0,1383558820.0,E:\o4a\1383488512\H1_1383558144_1383562240.hdf5,1383558144.0,1383562240.0,H1,O4a,0.06367666274309158,221
1383558852.0,1383558884.0,E:\o4a\1383488512\H1_1383558144_1383562240.hdf5,1383558144.0,1383562240.0,H1,O4a,0.05257676914334297,221
1383558916.0,1383558948.0,E:\o4a\1383488512\H1_1383558144_1383562240.hdf5,1383558144.0,1383562240.0,H1,O4a,0.08896312862634659,221
1383558980.0,1383559012.0,E:\o4a\1383488512\H1_1383558144_1383562240.hdf5,1383558144.0,1383562240.0,H1,O4a,0.0586644783616066,221
1383559044.0,1383559076.0,E:\o4a\1383488512\H1_1383558144_1383562240.hdf5,1383558144.0,1383562240.0,H1,O4a,0.0657052993774414,221
1383559108.0,1383559140.0,E:\o4a\1383488512\H1_1383558144_1383562240.hdf5,1383558144.0,1383562240.0,H1,O4a,0.06536595523357391,221
1383559172.0,1383559204.0,E:\o4a\1383488512\H1_1383558144_1383562240.hdf5,1383558144.0,1383562240.0,H1,O4a,0.06500513106584549,221
1383559236.0,1383559268.0,E:\o4a\1383488512\H1_1383558144_1383562240.hdf5,1383558144.0,1383562240.0,H1,O4a,0.06576134264469147,221
1383559300.0,1383559332.0,E:\o4a\1383488512\H1_1383558144_1383562240.hdf5,1383558144.0,1383562240.0,H1,O4a,0.0602349191904068,221
1383607300.0,1383607332.0,E:\o4a\1383488512\H1_1383607296_1383611392.hdf5,1383607296.0,1383611392.0,H1,O4a,0.058718420565128326,222
1383607364.0,1383607396.0,E:\o4a\1383488512\H1_1383607296_1383611392.hdf5,1383607296.0,1383611392.0,H1,O4a,0.06042554974555969,222
1383607428.0,1383607460.0,E:\o4a\1383488512\H1_1383607296_1383611392.hdf5,1383607296.0,1383611392.0,H1,O4a,0.05444808676838875,222
1383607492.0,1383607524.0,E:\o4a\1383488512\H1_1383607296_1383611392.hdf5,1383607296.0,1383611392.0,H1,O4a,0.05382188782095909,222
1383607556.0,1383607588.0,E:\o4a\1383488512\H1_1383607296_1383611392.hdf5,1383607296.0,1383611392.0,H1,O4a,0.05543722212314606,222
1383607620.0,1383607652.0,E:\o4a\1383488512\H1_1383607296_1383611392.hdf5,1383607296.0,1383611392.0,H1,O4a,0.06630169600248337,222
1383607684.0,1383607716.0,E:\o4a\1383488512\H1_1383607296_1383611392.hdf5,1383607296.0,1383611392.0,H1,O4a,0.06909666210412979,222
1383607748.0,1383607780.0,E:\o4a\1383488512\H1_1383607296_1383611392.hdf5,1383607296.0,1383611392.0,H1,O4a,0.07166648656129837,222
1383607812.0,1383607844.0,E:\o4a\1383488512\H1_1383607296_1383611392.hdf5,1383607296.0,1383611392.0,H1,O4a,0.05865919589996338,222
1383607876.0,1383607908.0,E:\o4a\1383488512\H1_1383607296_1383611392.hdf5,1383607296.0,1383611392.0,H1,O4a,0.07002073526382446,222
1383607940.0,1383607972.0,E:\o4a\1383488512\H1_1383607296_1383611392.hdf5,1383607296.0,1383611392.0,H1,O4a,0.07307151705026627,222
1383608004.0,1383608036.0,E:\o4a\1383488512\H1_1383607296_1383611392.hdf5,1383607296.0,1383611392.0,H1,O4a,0.06545217335224152,222
1383608068.0,1383608100.0,E:\o4a\1383488512\H1_1383607296_1383611392.hdf5,1383607296.0,1383611392.0,H1,O4a,0.06407232582569122,222
1383608132.0,1383608164.0,E:\o4a\1383488512\H1_1383607296_1383611392.hdf5,1383607296.0,1383611392.0,H1,O4a,0.08562658727169037,222
1383608196.0,1383608228.0,E:\o4a\1383488512\H1_1383607296_1383611392.hdf5,1383607296.0,1383611392.0,H1,O4a,0.08294817805290222,222
1383608260.0,1383608292.0,E:\o4a\1383488512\H1_1383607296_1383611392.hdf5,1383607296.0,1383611392.0,H1,O4a,0.11488404124975204,222
1383608324.0,1383608356.0,E:\o4a\1383488512\H1_1383607296_1383611392.hdf5,1383607296.0,1383611392.0,H1,O4a,0.05689370632171631,222
1383675780.0,1383675812.0,E:\o4a\1383488512\H1_1383672832_1383676928.hdf5,1383672832.0,1383676928.0,H1,O4a,0.056004248559474945,223
1383675844.0,1383675876.0,E:\o4a\1383488512\H1_1383672832_1383676928.hdf5,1383672832.0,1383676928.0,H1,O4a,0.06758596003055573,223
1383675908.0,1383675940.0,E:\o4a\1383488512\H1_1383672832_1383676928.hdf5,1383672832.0,1383676928.0,H1,O4a,0.06017472594976425,223
1383675972.0,1383676004.0,E:\o4a\1383488512\H1_1383672832_1383676928.hdf5,1383672832.0,1383676928.0,H1,O4a,0.05985596030950546,223
1383676036.0,1383676068.0,E:\o4a\1383488512\H1_1383672832_1383676928.hdf5,1383672832.0,1383676928.0,H1,O4a,0.07400627434253693,223
1383676100.0,1383676132.0,E:\o4a\1383488512\H1_1383672832_1383676928.hdf5,1383672832.0,1383676928.0,H1,O4a,0.08002210408449173,223
1383676164.0,1383676196.0,E:\o4a\1383488512\H1_1383672832_1383676928.hdf5,1383672832.0,1383676928.0,H1,O4a,0.06645466387271881,223
1383676228.0,1383676260.0,E:\o4a\1383488512\H1_1383672832_1383676928.hdf5,1383672832.0,1383676928.0,H1,O4a,0.06427381932735443,223
1383676292.0,1383676324.0,E:\o4a\1383488512\H1_1383672832_1383676928.hdf5,1383672832.0,1383676928.0,H1,O4a,0.07069889456033707,223
1383676356.0,1383676388.0,E:\o4a\1383488512\H1_1383672832_1383676928.hdf5,1383672832.0,1383676928.0,H1,O4a,0.06178154796361923,223
1383676420.0,1383676452.0,E:\o4a\1383488512\H1_1383672832_1383676928.hdf5,1383672832.0,1383676928.0,H1,O4a,0.19421154260635376,223
1383676484.0,1383676516.0,E:\o4a\1383488512\H1_1383672832_1383676928.hdf5,1383672832.0,1383676928.0,H1,O4a,0.07006725668907166,223
1383676548.0,1383676580.0,E:\o4a\1383488512\H1_1383672832_1383676928.hdf5,1383672832.0,1383676928.0,H1,O4a,0.064535953104496,223
1383676612.0,1383676644.0,E:\o4a\1383488512\H1_1383672832_1383676928.hdf5,1383672832.0,1383676928.0,H1,O4a,0.06964601576328278,223
1383676676.0,1383676708.0,E:\o4a\1383488512\H1_1383672832_1383676928.hdf5,1383672832.0,1383676928.0,H1,O4a,0.06006316468119621,223
1383676740.0,1383676772.0,E:\o4a\1383488512\H1_1383672832_1383676928.hdf5,1383672832.0,1383676928.0,H1,O4a,0.09172087907791138,223
1383676804.0,1383676836.0,E:\o4a\1383488512\H1_1383672832_1383676928.hdf5,1383672832.0,1383676928.0,H1,O4a,0.07000230252742767,223
1383756932.0,1383756964.0,E:\o4a\1383488512\H1_1383754752_1383758848.hdf5,1383754752.0,1383758848.0,H1,O4a,0.07337344437837601,224
1383756996.0,1383757028.0,E:\o4a\1383488512\H1_1383754752_1383758848.hdf5,1383754752.0,1383758848.0,H1,O4a,0.06878820806741714,224
1383757060.0,1383757092.0,E:\o4a\1383488512\H1_1383754752_1383758848.hdf5,1383754752.0,1383758848.0,H1,O4a,0.07286359369754791,224
1383757124.0,1383757156.0,E:\o4a\1383488512\H1_1383754752_1383758848.hdf5,1383754752.0,1383758848.0,H1,O4a,0.07797233015298843,224
1383757188.0,1383757220.0,E:\o4a\1383488512\H1_1383754752_1383758848.hdf5,1383754752.0,1383758848.0,H1,O4a,0.05746546760201454,224
1383757252.0,1383757284.0,E:\o4a\1383488512\H1_1383754752_1383758848.hdf5,1383754752.0,1383758848.0,H1,O4a,0.05654434487223625,224
1383757316.0,1383757348.0,E:\o4a\1383488512\H1_1383754752_1383758848.hdf5,1383754752.0,1383758848.0,H1,O4a,0.06499198079109192,224
1383757380.0,1383757412.0,E:\o4a\1383488512\H1_1383754752_1383758848.hdf5,1383754752.0,1383758848.0,H1,O4a,0.058517441153526306,224
1383757444.0,1383757476.0,E:\o4a\1383488512\H1_1383754752_1383758848.hdf5,1383754752.0,1383758848.0,H1,O4a,0.0716506838798523,224
1383757508.0,1383757540.0,E:\o4a\1383488512\H1_1383754752_1383758848.hdf5,1383754752.0,1383758848.0,H1,O4a,0.06520833820104599,224
1383757572.0,1383757604.0,E:\o4a\1383488512\H1_1383754752_1383758848.hdf5,1383754752.0,1383758848.0,H1,O4a,0.06324780732393265,224
1383757636.0,1383757668.0,E:\o4a\1383488512\H1_1383754752_1383758848.hdf5,1383754752.0,1383758848.0,H1,O4a,0.0634772777557373,224
1383757700.0,1383757732.0,E:\o4a\1383488512\H1_1383754752_1383758848.hdf5,1383754752.0,1383758848.0,H1,O4a,0.06518541276454926,224
1383757764.0,1383757796.0,E:\o4a\1383488512\H1_1383754752_1383758848.hdf5,1383754752.0,1383758848.0,H1,O4a,0.06538015604019165,224
1383757828.0,1383757860.0,E:\o4a\1383488512\H1_1383754752_1383758848.hdf5,1383754752.0,1383758848.0,H1,O4a,0.061532195657491684,224
1383757892.0,1383757924.0,E:\o4a\1383488512\H1_1383754752_1383758848.hdf5,1383754752.0,1383758848.0,H1,O4a,0.07398872077465057,224
1383757956.0,1383757988.0,E:\o4a\1383488512\H1_1383754752_1383758848.hdf5,1383754752.0,1383758848.0,H1,O4a,0.06423874944448471,224
1383801028.0,1383801060.0,E:\o4a\1383488512\H1_1383799808_1383803904.hdf5,1383799808.0,1383803904.0,H1,O4a,0.06226252764463425,225
1383801092.0,1383801124.0,E:\o4a\1383488512\H1_1383799808_1383803904.hdf5,1383799808.0,1383803904.0,H1,O4a,0.09012992680072784,225
1383801156.0,1383801188.0,E:\o4a\1383488512\H1_1383799808_1383803904.hdf5,1383799808.0,1383803904.0,H1,O4a,0.06015666946768761,225
1383801220.0,1383801252.0,E:\o4a\1383488512\H1_1383799808_1383803904.hdf5,1383799808.0,1383803904.0,H1,O4a,0.08423331379890442,225
1383801284.0,1383801316.0,E:\o4a\1383488512\H1_1383799808_1383803904.hdf5,1383799808.0,1383803904.0,H1,O4a,0.06263849139213562,225
1383801348.0,1383801380.0,E:\o4a\1383488512\H1_1383799808_1383803904.hdf5,1383799808.0,1383803904.0,H1,O4a,0.08114797621965408,225
1383801412.0,1383801444.0,E:\o4a\1383488512\H1_1383799808_1383803904.hdf5,1383799808.0,1383803904.0,H1,O4a,0.06365958601236343,225
1383801476.0,1383801508.0,E:\o4a\1383488512\H1_1383799808_1383803904.hdf5,1383799808.0,1383803904.0,H1,O4a,0.06368902325630188,225
1383801540.0,1383801572.0,E:\o4a\1383488512\H1_1383799808_1383803904.hdf5,1383799808.0,1383803904.0,H1,O4a,0.05318208783864975,225
1383801604.0,1383801636.0,E:\o4a\1383488512\H1_1383799808_1383803904.hdf5,1383799808.0,1383803904.0,H1,O4a,0.0592787005007267,225
1383801668.0,1383801700.0,E:\o4a\1383488512\H1_1383799808_1383803904.hdf5,1383799808.0,1383803904.0,H1,O4a,0.0621698834002018,225
1383801732.0,1383801764.0,E:\o4a\1383488512\H1_1383799808_1383803904.hdf5,1383799808.0,1383803904.0,H1,O4a,0.07305914163589478,225
1383801796.0,1383801828.0,E:\o4a\1383488512\H1_1383799808_1383803904.hdf5,1383799808.0,1383803904.0,H1,O4a,0.055627524852752686,225
1383801860.0,1383801892.0,E:\o4a\1383488512\H1_1383799808_1383803904.hdf5,1383799808.0,1383803904.0,H1,O4a,0.058153171092271805,225
1383801924.0,1383801956.0,E:\o4a\1383488512\H1_1383799808_1383803904.hdf5,1383799808.0,1383803904.0,H1,O4a,0.058886751532554626,225
1383801988.0,1383802020.0,E:\o4a\1383488512\H1_1383799808_1383803904.hdf5,1383799808.0,1383803904.0,H1,O4a,0.06308180838823318,225
1383802052.0,1383802084.0,E:\o4a\1383488512\H1_1383799808_1383803904.hdf5,1383799808.0,1383803904.0,H1,O4a,0.08195934444665909,225
1383859844.0,1383859876.0,E:\o4a\1383488512\H1_1383857152_1383861248.hdf5,1383857152.0,1383861248.0,H1,O4a,0.059972748160362244,226
1383859908.0,1383859940.0,E:\o4a\1383488512\H1_1383857152_1383861248.hdf5,1383857152.0,1383861248.0,H1,O4a,0.07391826063394547,226
1383859972.0,1383860004.0,E:\o4a\1383488512\H1_1383857152_1383861248.hdf5,1383857152.0,1383861248.0,H1,O4a,0.11709367483854294,226
1383860036.0,1383860068.0,E:\o4a\1383488512\H1_1383857152_1383861248.hdf5,1383857152.0,1383861248.0,H1,O4a,0.1004701480269432,226
1383860100.0,1383860132.0,E:\o4a\1383488512\H1_1383857152_1383861248.hdf5,1383857152.0,1383861248.0,H1,O4a,0.06815841794013977,226
1383860164.0,1383860196.0,E:\o4a\1383488512\H1_1383857152_1383861248.hdf5,1383857152.0,1383861248.0,H1,O4a,0.05967416614294052,226
1383860228.0,1383860260.0,E:\o4a\1383488512\H1_1383857152_1383861248.hdf5,1383857152.0,1383861248.0,H1,O4a,0.06363168358802795,226
1383860292.0,1383860324.0,E:\o4a\1383488512\H1_1383857152_1383861248.hdf5,1383857152.0,1383861248.0,H1,O4a,0.09333004802465439,226
1383860356.0,1383860388.0,E:\o4a\1383488512\H1_1383857152_1383861248.hdf5,1383857152.0,1383861248.0,H1,O4a,0.05455059930682182,226
1383860420.0,1383860452.0,E:\o4a\1383488512\H1_1383857152_1383861248.hdf5,1383857152.0,1383861248.0,H1,O4a,0.06111930310726166,226
1383860484.0,1383860516.0,E:\o4a\1383488512\H1_1383857152_1383861248.hdf5,1383857152.0,1383861248.0,H1,O4a,0.063296839594841,226
1383860548.0,1383860580.0,E:\o4a\1383488512\H1_1383857152_1383861248.hdf5,1383857152.0,1383861248.0,H1,O4a,0.06757022440433502,226
1383860612.0,1383860644.0,E:\o4a\1383488512\H1_1383857152_1383861248.hdf5,1383857152.0,1383861248.0,H1,O4a,0.09169422090053558,226
1383860676.0,1383860708.0,E:\o4a\1383488512\H1_1383857152_1383861248.hdf5,1383857152.0,1383861248.0,H1,O4a,0.057797811925411224,226
1383860740.0,1383860772.0,E:\o4a\1383488512\H1_1383857152_1383861248.hdf5,1383857152.0,1383861248.0,H1,O4a,0.0578576885163784,226
1383860804.0,1383860836.0,E:\o4a\1383488512\H1_1383857152_1383861248.hdf5,1383857152.0,1383861248.0,H1,O4a,0.056208282709121704,226
1383860868.0,1383860900.0,E:\o4a\1383488512\H1_1383857152_1383861248.hdf5,1383857152.0,1383861248.0,H1,O4a,0.05337309092283249,226
1383914500.0,1383914532.0,E:\o4a\1383488512\H1_1383914496_1383918592.hdf5,1383914496.0,1383918592.0,H1,O4a,0.06350991129875183,227
1383914564.0,1383914596.0,E:\o4a\1383488512\H1_1383914496_1383918592.hdf5,1383914496.0,1383918592.0,H1,O4a,0.0676753968000412,227
1383914628.0,1383914660.0,E:\o4a\1383488512\H1_1383914496_1383918592.hdf5,1383914496.0,1383918592.0,H1,O4a,0.07611031085252762,227
1383914692.0,1383914724.0,E:\o4a\1383488512\H1_1383914496_1383918592.hdf5,1383914496.0,1383918592.0,H1,O4a,0.05641154199838638,227
1383914756.0,1383914788.0,E:\o4a\1383488512\H1_1383914496_1383918592.hdf5,1383914496.0,1383918592.0,H1,O4a,0.06274063140153885,227
1383914820.0,1383914852.0,E:\o4a\1383488512\H1_1383914496_1383918592.hdf5,1383914496.0,1383918592.0,H1,O4a,0.06833726167678833,227
1383914884.0,1383914916.0,E:\o4a\1383488512\H1_1383914496_1383918592.hdf5,1383914496.0,1383918592.0,H1,O4a,0.06178693845868111,227
1383914948.0,1383914980.0,E:\o4a\1383488512\H1_1383914496_1383918592.hdf5,1383914496.0,1383918592.0,H1,O4a,0.07218369096517563,227
1383915012.0,1383915044.0,E:\o4a\1383488512\H1_1383914496_1383918592.hdf5,1383914496.0,1383918592.0,H1,O4a,0.06230327859520912,227
1383915076.0,1383915108.0,E:\o4a\1383488512\H1_1383914496_1383918592.hdf5,1383914496.0,1383918592.0,H1,O4a,0.08243603259325027,227
1383915140.0,1383915172.0,E:\o4a\1383488512\H1_1383914496_1383918592.hdf5,1383914496.0,1383918592.0,H1,O4a,0.05783573165535927,227
1383915204.0,1383915236.0,E:\o4a\1383488512\H1_1383914496_1383918592.hdf5,1383914496.0,1383918592.0,H1,O4a,0.06901054829359055,227
1383915268.0,1383915300.0,E:\o4a\1383488512\H1_1383914496_1383918592.hdf5,1383914496.0,1383918592.0,H1,O4a,0.07211831212043762,227
1383915332.0,1383915364.0,E:\o4a\1383488512\H1_1383914496_1383918592.hdf5,1383914496.0,1383918592.0,H1,O4a,0.06867888569831848,227
1383915396.0,1383915428.0,E:\o4a\1383488512\H1_1383914496_1383918592.hdf5,1383914496.0,1383918592.0,H1,O4a,0.06809421628713608,227
1383915460.0,1383915492.0,E:\o4a\1383488512\H1_1383914496_1383918592.hdf5,1383914496.0,1383918592.0,H1,O4a,0.07340169697999954,227
1383915524.0,1383915556.0,E:\o4a\1383488512\H1_1383914496_1383918592.hdf5,1383914496.0,1383918592.0,H1,O4a,0.06967147439718246,227
1383977668.0,1383977700.0,E:\o4a\1383488512\H1_1383975936_1383980032.hdf5,1383975936.0,1383980032.0,H1,O4a,0.08601114898920059,228
1383977732.0,1383977764.0,E:\o4a\1383488512\H1_1383975936_1383980032.hdf5,1383975936.0,1383980032.0,H1,O4a,0.06441492587327957,228
1383977796.0,1383977828.0,E:\o4a\1383488512\H1_1383975936_1383980032.hdf5,1383975936.0,1383980032.0,H1,O4a,0.06394954025745392,228
1383977860.0,1383977892.0,E:\o4a\1383488512\H1_1383975936_1383980032.hdf5,1383975936.0,1383980032.0,H1,O4a,0.07483269274234772,228
1383977924.0,1383977956.0,E:\o4a\1383488512\H1_1383975936_1383980032.hdf5,1383975936.0,1383980032.0,H1,O4a,0.077985018491745,228
1383977988.0,1383978020.0,E:\o4a\1383488512\H1_1383975936_1383980032.hdf5,1383975936.0,1383980032.0,H1,O4a,0.06701440364122391,228
1383978052.0,1383978084.0,E:\o4a\1383488512\H1_1383975936_1383980032.hdf5,1383975936.0,1383980032.0,H1,O4a,0.12568247318267822,228
1383978116.0,1383978148.0,E:\o4a\1383488512\H1_1383975936_1383980032.hdf5,1383975936.0,1383980032.0,H1,O4a,0.06014994904398918,228
1383978180.0,1383978212.0,E:\o4a\1383488512\H1_1383975936_1383980032.hdf5,1383975936.0,1383980032.0,H1,O4a,0.0574277825653553,228
1383978244.0,1383978276.0,E:\o4a\1383488512\H1_1383975936_1383980032.hdf5,1383975936.0,1383980032.0,H1,O4a,0.06790049374103546,228
1383978308.0,1383978340.0,E:\o4a\1383488512\H1_1383975936_1383980032.hdf5,1383975936.0,1383980032.0,H1,O4a,0.0615512914955616,228
1383978372.0,1383978404.0,E:\o4a\1383488512\H1_1383975936_1383980032.hdf5,1383975936.0,1383980032.0,H1,O4a,0.10368642210960388,228
1383978436.0,1383978468.0,E:\o4a\1383488512\H1_1383975936_1383980032.hdf5,1383975936.0,1383980032.0,H1,O4a,0.06016521528363228,228
1383978500.0,1383978532.0,E:\o4a\1383488512\H1_1383975936_1383980032.hdf5,1383975936.0,1383980032.0,H1,O4a,0.057958781719207764,228
1383978564.0,1383978596.0,E:\o4a\1383488512\H1_1383975936_1383980032.hdf5,1383975936.0,1383980032.0,H1,O4a,0.07653529196977615,228
1383978628.0,1383978660.0,E:\o4a\1383488512\H1_1383975936_1383980032.hdf5,1383975936.0,1383980032.0,H1,O4a,0.0728195533156395,228
1383978692.0,1383978724.0,E:\o4a\1383488512\H1_1383975936_1383980032.hdf5,1383975936.0,1383980032.0,H1,O4a,0.07308456301689148,228
1384170756.0,1384170788.0,E:\o4a\1384006912\H1_1384170752_1384174848.hdf5,1384170752.0,1384174848.0,H1,O4a,0.08094615489244461,231
1384170820.0,1384170852.0,E:\o4a\1384006912\H1_1384170752_1384174848.hdf5,1384170752.0,1384174848.0,H1,O4a,0.0646737590432167,231
1384170884.0,1384170916.0,E:\o4a\1384006912\H1_1384170752_1384174848.hdf5,1384170752.0,1384174848.0,H1,O4a,0.0645071491599083,231
1384170948.0,1384170980.0,E:\o4a\1384006912\H1_1384170752_1384174848.hdf5,1384170752.0,1384174848.0,H1,O4a,0.06973729282617569,231
1384171012.0,1384171044.0,E:\o4a\1384006912\H1_1384170752_1384174848.hdf5,1384170752.0,1384174848.0,H1,O4a,0.058111950755119324,231
1384171076.0,1384171108.0,E:\o4a\1384006912\H1_1384170752_1384174848.hdf5,1384170752.0,1384174848.0,H1,O4a,0.0726700872182846,231
1384171140.0,1384171172.0,E:\o4a\1384006912\H1_1384170752_1384174848.hdf5,1384170752.0,1384174848.0,H1,O4a,0.0671822726726532,231
1384171204.0,1384171236.0,E:\o4a\1384006912\H1_1384170752_1384174848.hdf5,1384170752.0,1384174848.0,H1,O4a,0.06408023834228516,231
1384171268.0,1384171300.0,E:\o4a\1384006912\H1_1384170752_1384174848.hdf5,1384170752.0,1384174848.0,H1,O4a,0.05675550550222397,231
1384171332.0,1384171364.0,E:\o4a\1384006912\H1_1384170752_1384174848.hdf5,1384170752.0,1384174848.0,H1,O4a,0.08377262204885483,231
1384171396.0,1384171428.0,E:\o4a\1384006912\H1_1384170752_1384174848.hdf5,1384170752.0,1384174848.0,H1,O4a,0.08149231970310211,231
1384171460.0,1384171492.0,E:\o4a\1384006912\H1_1384170752_1384174848.hdf5,1384170752.0,1384174848.0,H1,O4a,0.07358643412590027,231
1384171524.0,1384171556.0,E:\o4a\1384006912\H1_1384170752_1384174848.hdf5,1384170752.0,1384174848.0,H1,O4a,0.08762702345848083,231
1384171588.0,1384171620.0,E:\o4a\1384006912\H1_1384170752_1384174848.hdf5,1384170752.0,1384174848.0,H1,O4a,0.06999482214450836,231
1384171652.0,1384171684.0,E:\o4a\1384006912\H1_1384170752_1384174848.hdf5,1384170752.0,1384174848.0,H1,O4a,0.0751207247376442,231
1384171716.0,1384171748.0,E:\o4a\1384006912\H1_1384170752_1384174848.hdf5,1384170752.0,1384174848.0,H1,O4a,0.06133613735437393,231
1384171780.0,1384171812.0,E:\o4a\1384006912\H1_1384170752_1384174848.hdf5,1384170752.0,1384174848.0,H1,O4a,0.0634986013174057,231
1384209796.0,1384209828.0,E:\o4a\1384006912\H1_1384207616_1384211712.hdf5,1384207616.0,1384211712.0,H1,O4a,0.058213476091623306,232
1384209860.0,1384209892.0,E:\o4a\1384006912\H1_1384207616_1384211712.hdf5,1384207616.0,1384211712.0,H1,O4a,0.06433375924825668,232
1384209924.0,1384209956.0,E:\o4a\1384006912\H1_1384207616_1384211712.hdf5,1384207616.0,1384211712.0,H1,O4a,0.18913348019123077,232
1384209988.0,1384210020.0,E:\o4a\1384006912\H1_1384207616_1384211712.hdf5,1384207616.0,1384211712.0,H1,O4a,0.08124183863401413,232
1384210052.0,1384210084.0,E:\o4a\1384006912\H1_1384207616_1384211712.hdf5,1384207616.0,1384211712.0,H1,O4a,0.07027444243431091,232
1384210116.0,1384210148.0,E:\o4a\1384006912\H1_1384207616_1384211712.hdf5,1384207616.0,1384211712.0,H1,O4a,0.06498555839061737,232
1384210180.0,1384210212.0,E:\o4a\1384006912\H1_1384207616_1384211712.hdf5,1384207616.0,1384211712.0,H1,O4a,0.05712062492966652,232
1384210244.0,1384210276.0,E:\o4a\1384006912\H1_1384207616_1384211712.hdf5,1384207616.0,1384211712.0,H1,O4a,0.06960374116897583,232
1384210308.0,1384210340.0,E:\o4a\1384006912\H1_1384207616_1384211712.hdf5,1384207616.0,1384211712.0,H1,O4a,0.06917542964220047,232
1384210372.0,1384210404.0,E:\o4a\1384006912\H1_1384207616_1384211712.hdf5,1384207616.0,1384211712.0,H1,O4a,0.06648798286914825,232
1384210436.0,1384210468.0,E:\o4a\1384006912\H1_1384207616_1384211712.hdf5,1384207616.0,1384211712.0,H1,O4a,0.05278560891747475,232
1384210500.0,1384210532.0,E:\o4a\1384006912\H1_1384207616_1384211712.hdf5,1384207616.0,1384211712.0,H1,O4a,0.05802478641271591,232
1384210564.0,1384210596.0,E:\o4a\1384006912\H1_1384207616_1384211712.hdf5,1384207616.0,1384211712.0,H1,O4a,0.06136191636323929,232
1384210628.0,1384210660.0,E:\o4a\1384006912\H1_1384207616_1384211712.hdf5,1384207616.0,1384211712.0,H1,O4a,0.07329580187797546,232
1384210692.0,1384210724.0,E:\o4a\1384006912\H1_1384207616_1384211712.hdf5,1384207616.0,1384211712.0,H1,O4a,0.06169174611568451,232
1384210756.0,1384210788.0,E:\o4a\1384006912\H1_1384207616_1384211712.hdf5,1384207616.0,1384211712.0,H1,O4a,0.06678780913352966,232
1384210820.0,1384210852.0,E:\o4a\1384006912\H1_1384207616_1384211712.hdf5,1384207616.0,1384211712.0,H1,O4a,0.08347176760435104,232
1384269060.0,1384269092.0,E:\o4a\1384006912\H1_1384269056_1384273152.hdf5,1384269056.0,1384273152.0,H1,O4a,0.07851839065551758,233
1384269124.0,1384269156.0,E:\o4a\1384006912\H1_1384269056_1384273152.hdf5,1384269056.0,1384273152.0,H1,O4a,0.06378013640642166,233
1384269188.0,1384269220.0,E:\o4a\1384006912\H1_1384269056_1384273152.hdf5,1384269056.0,1384273152.0,H1,O4a,0.056733403354883194,233
1384269252.0,1384269284.0,E:\o4a\1384006912\H1_1384269056_1384273152.hdf5,1384269056.0,1384273152.0,H1,O4a,0.06006506085395813,233
1384269316.0,1384269348.0,E:\o4a\1384006912\H1_1384269056_1384273152.hdf5,1384269056.0,1384273152.0,H1,O4a,0.06680972129106522,233
1384269380.0,1384269412.0,E:\o4a\1384006912\H1_1384269056_1384273152.hdf5,1384269056.0,1384273152.0,H1,O4a,0.0874556228518486,233
1384269444.0,1384269476.0,E:\o4a\1384006912\H1_1384269056_1384273152.hdf5,1384269056.0,1384273152.0,H1,O4a,0.05986553058028221,233
1384269508.0,1384269540.0,E:\o4a\1384006912\H1_1384269056_1384273152.hdf5,1384269056.0,1384273152.0,H1,O4a,0.11523008346557617,233
1384269572.0,1384269604.0,E:\o4a\1384006912\H1_1384269056_1384273152.hdf5,1384269056.0,1384273152.0,H1,O4a,0.09160954505205154,233
1384269636.0,1384269668.0,E:\o4a\1384006912\H1_1384269056_1384273152.hdf5,1384269056.0,1384273152.0,H1,O4a,0.06086628511548042,233
1384269700.0,1384269732.0,E:\o4a\1384006912\H1_1384269056_1384273152.hdf5,1384269056.0,1384273152.0,H1,O4a,0.05903994292020798,233
1384269764.0,1384269796.0,E:\o4a\1384006912\H1_1384269056_1384273152.hdf5,1384269056.0,1384273152.0,H1,O4a,0.054688960313797,233
1384269828.0,1384269860.0,E:\o4a\1384006912\H1_1384269056_1384273152.hdf5,1384269056.0,1384273152.0,H1,O4a,0.0638030394911766,233
1384269892.0,1384269924.0,E:\o4a\1384006912\H1_1384269056_1384273152.hdf5,1384269056.0,1384273152.0,H1,O4a,0.2597513198852539,233
1384269956.0,1384269988.0,E:\o4a\1384006912\H1_1384269056_1384273152.hdf5,1384269056.0,1384273152.0,H1,O4a,0.06154852733016014,233
1384270020.0,1384270052.0,E:\o4a\1384006912\H1_1384269056_1384273152.hdf5,1384269056.0,1384273152.0,H1,O4a,0.06735952943563461,233
1384270084.0,1384270116.0,E:\o4a\1384006912\H1_1384269056_1384273152.hdf5,1384269056.0,1384273152.0,H1,O4a,0.05981573089957237,233
1384327876.0,1384327908.0,E:\o4a\1384006912\H1_1384326400_1384330496.hdf5,1384326400.0,1384330496.0,H1,O4a,0.05936693400144577,234
1384327940.0,1384327972.0,E:\o4a\1384006912\H1_1384326400_1384330496.hdf5,1384326400.0,1384330496.0,H1,O4a,0.057084083557128906,234
1384328004.0,1384328036.0,E:\o4a\1384006912\H1_1384326400_1384330496.hdf5,1384326400.0,1384330496.0,H1,O4a,0.07581054419279099,234
1384328068.0,1384328100.0,E:\o4a\1384006912\H1_1384326400_1384330496.hdf5,1384326400.0,1384330496.0,H1,O4a,0.0728527307510376,234
1384328132.0,1384328164.0,E:\o4a\1384006912\H1_1384326400_1384330496.hdf5,1384326400.0,1384330496.0,H1,O4a,0.06590660661458969,234
1384328196.0,1384328228.0,E:\o4a\1384006912\H1_1384326400_1384330496.hdf5,1384326400.0,1384330496.0,H1,O4a,0.06358302384614944,234
1384328260.0,1384328292.0,E:\o4a\1384006912\H1_1384326400_1384330496.hdf5,1384326400.0,1384330496.0,H1,O4a,0.07786989957094193,234
1384328324.0,1384328356.0,E:\o4a\1384006912\H1_1384326400_1384330496.hdf5,1384326400.0,1384330496.0,H1,O4a,0.0756368339061737,234
1384328388.0,1384328420.0,E:\o4a\1384006912\H1_1384326400_1384330496.hdf5,1384326400.0,1384330496.0,H1,O4a,0.06993097811937332,234
1384328452.0,1384328484.0,E:\o4a\1384006912\H1_1384326400_1384330496.hdf5,1384326400.0,1384330496.0,H1,O4a,0.06581635028123856,234
1384328516.0,1384328548.0,E:\o4a\1384006912\H1_1384326400_1384330496.hdf5,1384326400.0,1384330496.0,H1,O4a,0.057539988309144974,234
1384328580.0,1384328612.0,E:\o4a\1384006912\H1_1384326400_1384330496.hdf5,1384326400.0,1384330496.0,H1,O4a,0.06714291125535965,234
1384328644.0,1384328676.0,E:\o4a\1384006912\H1_1384326400_1384330496.hdf5,1384326400.0,1384330496.0,H1,O4a,0.0625695288181305,234
1384328708.0,1384328740.0,E:\o4a\1384006912\H1_1384326400_1384330496.hdf5,1384326400.0,1384330496.0,H1,O4a,0.0636349692940712,234
1384328772.0,1384328804.0,E:\o4a\1384006912\H1_1384326400_1384330496.hdf5,1384326400.0,1384330496.0,H1,O4a,0.06473223119974136,234
1384328836.0,1384328868.0,E:\o4a\1384006912\H1_1384326400_1384330496.hdf5,1384326400.0,1384330496.0,H1,O4a,0.06635352969169617,234
1384328900.0,1384328932.0,E:\o4a\1384006912\H1_1384326400_1384330496.hdf5,1384326400.0,1384330496.0,H1,O4a,0.0699126273393631,234
1384430980.0,1384431012.0,E:\o4a\1384006912\H1_1384428800_1384432896.hdf5,1384428800.0,1384432896.0,H1,O4a,0.059797532856464386,235
1384431044.0,1384431076.0,E:\o4a\1384006912\H1_1384428800_1384432896.hdf5,1384428800.0,1384432896.0,H1,O4a,0.07242556661367416,235
1384431108.0,1384431140.0,E:\o4a\1384006912\H1_1384428800_1384432896.hdf5,1384428800.0,1384432896.0,H1,O4a,0.06602681428194046,235
1384431172.0,1384431204.0,E:\o4a\1384006912\H1_1384428800_1384432896.hdf5,1384428800.0,1384432896.0,H1,O4a,0.06565660983324051,235
1384431236.0,1384431268.0,E:\o4a\1384006912\H1_1384428800_1384432896.hdf5,1384428800.0,1384432896.0,H1,O4a,0.07800766825675964,235
1384431300.0,1384431332.0,E:\o4a\1384006912\H1_1384428800_1384432896.hdf5,1384428800.0,1384432896.0,H1,O4a,0.05840018391609192,235
1384431364.0,1384431396.0,E:\o4a\1384006912\H1_1384428800_1384432896.hdf5,1384428800.0,1384432896.0,H1,O4a,0.06091166287660599,235
1384431428.0,1384431460.0,E:\o4a\1384006912\H1_1384428800_1384432896.hdf5,1384428800.0,1384432896.0,H1,O4a,0.06201115623116493,235
1384431492.0,1384431524.0,E:\o4a\1384006912\H1_1384428800_1384432896.hdf5,1384428800.0,1384432896.0,H1,O4a,0.0705898329615593,235
1384431556.0,1384431588.0,E:\o4a\1384006912\H1_1384428800_1384432896.hdf5,1384428800.0,1384432896.0,H1,O4a,0.08160083740949631,235
1384431620.0,1384431652.0,E:\o4a\1384006912\H1_1384428800_1384432896.hdf5,1384428800.0,1384432896.0,H1,O4a,0.07174473255872726,235
1384431684.0,1384431716.0,E:\o4a\1384006912\H1_1384428800_1384432896.hdf5,1384428800.0,1384432896.0,H1,O4a,0.06041977182030678,235
1384431748.0,1384431780.0,E:\o4a\1384006912\H1_1384428800_1384432896.hdf5,1384428800.0,1384432896.0,H1,O4a,0.07854040712118149,235
1384431812.0,1384431844.0,E:\o4a\1384006912\H1_1384428800_1384432896.hdf5,1384428800.0,1384432896.0,H1,O4a,0.06143892556428909,235
1384431876.0,1384431908.0,E:\o4a\1384006912\H1_1384428800_1384432896.hdf5,1384428800.0,1384432896.0,H1,O4a,0.08071458339691162,235
1384431940.0,1384431972.0,E:\o4a\1384006912\H1_1384428800_1384432896.hdf5,1384428800.0,1384432896.0,H1,O4a,0.06208789348602295,235
1384432004.0,1384432036.0,E:\o4a\1384006912\H1_1384428800_1384432896.hdf5,1384428800.0,1384432896.0,H1,O4a,0.05204871669411659,235
1384507716.0,1384507748.0,E:\o4a\1384006912\H1_1384506624_1384510720.hdf5,1384506624.0,1384510720.0,H1,O4a,0.08334136009216309,236
1384507780.0,1384507812.0,E:\o4a\1384006912\H1_1384506624_1384510720.hdf5,1384506624.0,1384510720.0,H1,O4a,0.0578625313937664,236
1384507844.0,1384507876.0,E:\o4a\1384006912\H1_1384506624_1384510720.hdf5,1384506624.0,1384510720.0,H1,O4a,0.08041510730981827,236
1384507908.0,1384507940.0,E:\o4a\1384006912\H1_1384506624_1384510720.hdf5,1384506624.0,1384510720.0,H1,O4a,0.0723668709397316,236
1384507972.0,1384508004.0,E:\o4a\1384006912\H1_1384506624_1384510720.hdf5,1384506624.0,1384510720.0,H1,O4a,0.08057350665330887,236
1384508036.0,1384508068.0,E:\o4a\1384006912\H1_1384506624_1384510720.hdf5,1384506624.0,1384510720.0,H1,O4a,0.12159846723079681,236
1384508100.0,1384508132.0,E:\o4a\1384006912\H1_1384506624_1384510720.hdf5,1384506624.0,1384510720.0,H1,O4a,0.05300521478056908,236
1384508164.0,1384508196.0,E:\o4a\1384006912\H1_1384506624_1384510720.hdf5,1384506624.0,1384510720.0,H1,O4a,0.07109661400318146,236
1384508228.0,1384508260.0,E:\o4a\1384006912\H1_1384506624_1384510720.hdf5,1384506624.0,1384510720.0,H1,O4a,0.07172462344169617,236
1384508292.0,1384508324.0,E:\o4a\1384006912\H1_1384506624_1384510720.hdf5,1384506624.0,1384510720.0,H1,O4a,0.08209506422281265,236
1384508356.0,1384508388.0,E:\o4a\1384006912\H1_1384506624_1384510720.hdf5,1384506624.0,1384510720.0,H1,O4a,0.13843342661857605,236
1384508420.0,1384508452.0,E:\o4a\1384006912\H1_1384506624_1384510720.hdf5,1384506624.0,1384510720.0,H1,O4a,0.0863722711801529,236
1384508484.0,1384508516.0,E:\o4a\1384006912\H1_1384506624_1384510720.hdf5,1384506624.0,1384510720.0,H1,O4a,0.05624493956565857,236
1384508548.0,1384508580.0,E:\o4a\1384006912\H1_1384506624_1384510720.hdf5,1384506624.0,1384510720.0,H1,O4a,0.06444928050041199,236
1384508612.0,1384508644.0,E:\o4a\1384006912\H1_1384506624_1384510720.hdf5,1384506624.0,1384510720.0,H1,O4a,0.07345456629991531,236
1384508676.0,1384508708.0,E:\o4a\1384006912\H1_1384506624_1384510720.hdf5,1384506624.0,1384510720.0,H1,O4a,0.07592540979385376,236
1384508740.0,1384508772.0,E:\o4a\1384006912\H1_1384506624_1384510720.hdf5,1384506624.0,1384510720.0,H1,O4a,0.06559951603412628,236
1384565124.0,1384565156.0,E:\o4a\1384525312\H1_1384562176_1384566272.hdf5,1384562176.0,1384566272.0,H1,O4a,0.059526387602090836,237
1384565188.0,1384565220.0,E:\o4a\1384525312\H1_1384562176_1384566272.hdf5,1384562176.0,1384566272.0,H1,O4a,0.05902332440018654,237
1384565252.0,1384565284.0,E:\o4a\1384525312\H1_1384562176_1384566272.hdf5,1384562176.0,1384566272.0,H1,O4a,0.06764470785856247,237
1384565316.0,1384565348.0,E:\o4a\1384525312\H1_1384562176_1384566272.hdf5,1384562176.0,1384566272.0,H1,O4a,0.062183625996112823,237
1384565380.0,1384565412.0,E:\o4a\1384525312\H1_1384562176_1384566272.hdf5,1384562176.0,1384566272.0,H1,O4a,0.05405689775943756,237
1384565444.0,1384565476.0,E:\o4a\1384525312\H1_1384562176_1384566272.hdf5,1384562176.0,1384566272.0,H1,O4a,0.06499077379703522,237
1384565508.0,1384565540.0,E:\o4a\1384525312\H1_1384562176_1384566272.hdf5,1384562176.0,1384566272.0,H1,O4a,0.062317751348018646,237
1384565572.0,1384565604.0,E:\o4a\1384525312\H1_1384562176_1384566272.hdf5,1384562176.0,1384566272.0,H1,O4a,0.06612204760313034,237
1384565636.0,1384565668.0,E:\o4a\1384525312\H1_1384562176_1384566272.hdf5,1384562176.0,1384566272.0,H1,O4a,0.0618140771985054,237
1384565700.0,1384565732.0,E:\o4a\1384525312\H1_1384562176_1384566272.hdf5,1384562176.0,1384566272.0,H1,O4a,0.0767684057354927,237
1384565764.0,1384565796.0,E:\o4a\1384525312\H1_1384562176_1384566272.hdf5,1384562176.0,1384566272.0,H1,O4a,0.06519578397274017,237
1384565828.0,1384565860.0,E:\o4a\1384525312\H1_1384562176_1384566272.hdf5,1384562176.0,1384566272.0,H1,O4a,0.06698460876941681,237
1384565892.0,1384565924.0,E:\o4a\1384525312\H1_1384562176_1384566272.hdf5,1384562176.0,1384566272.0,H1,O4a,0.05603098124265671,237
1384565956.0,1384565988.0,E:\o4a\1384525312\H1_1384562176_1384566272.hdf5,1384562176.0,1384566272.0,H1,O4a,0.056222591549158096,237
1384566020.0,1384566052.0,E:\o4a\1384525312\H1_1384562176_1384566272.hdf5,1384562176.0,1384566272.0,H1,O4a,0.09281685948371887,237
1384566084.0,1384566116.0,E:\o4a\1384525312\H1_1384562176_1384566272.hdf5,1384562176.0,1384566272.0,H1,O4a,0.07613009959459305,237
1384566148.0,1384566180.0,E:\o4a\1384525312\H1_1384562176_1384566272.hdf5,1384562176.0,1384566272.0,H1,O4a,0.060444705188274384,237
1384687300.0,1384687332.0,E:\o4a\1384525312\H1_1384685056_1384689152.hdf5,1384685056.0,1384689152.0,H1,O4a,0.07487981766462326,238
1384687364.0,1384687396.0,E:\o4a\1384525312\H1_1384685056_1384689152.hdf5,1384685056.0,1384689152.0,H1,O4a,0.06497303396463394,238
1384687428.0,1384687460.0,E:\o4a\1384525312\H1_1384685056_1384689152.hdf5,1384685056.0,1384689152.0,H1,O4a,0.06823403388261795,238
1384687492.0,1384687524.0,E:\o4a\1384525312\H1_1384685056_1384689152.hdf5,1384685056.0,1384689152.0,H1,O4a,0.05962364748120308,238
1384687556.0,1384687588.0,E:\o4a\1384525312\H1_1384685056_1384689152.hdf5,1384685056.0,1384689152.0,H1,O4a,0.061672575771808624,238
1384687620.0,1384687652.0,E:\o4a\1384525312\H1_1384685056_1384689152.hdf5,1384685056.0,1384689152.0,H1,O4a,0.0850885733962059,238
1384687684.0,1384687716.0,E:\o4a\1384525312\H1_1384685056_1384689152.hdf5,1384685056.0,1384689152.0,H1,O4a,0.06025518476963043,238
1384687748.0,1384687780.0,E:\o4a\1384525312\H1_1384685056_1384689152.hdf5,1384685056.0,1384689152.0,H1,O4a,0.072886161506176,238
1384687812.0,1384687844.0,E:\o4a\1384525312\H1_1384685056_1384689152.hdf5,1384685056.0,1384689152.0,H1,O4a,0.06148036941885948,238
1384687876.0,1384687908.0,E:\o4a\1384525312\H1_1384685056_1384689152.hdf5,1384685056.0,1384689152.0,H1,O4a,0.09505011886358261,238
1384687940.0,1384687972.0,E:\o4a\1384525312\H1_1384685056_1384689152.hdf5,1384685056.0,1384689152.0,H1,O4a,0.061097946017980576,238
1384688004.0,1384688036.0,E:\o4a\1384525312\H1_1384685056_1384689152.hdf5,1384685056.0,1384689152.0,H1,O4a,0.0671229213476181,238
1384688068.0,1384688100.0,E:\o4a\1384525312\H1_1384685056_1384689152.hdf5,1384685056.0,1384689152.0,H1,O4a,0.18719810247421265,238
1384688132.0,1384688164.0,E:\o4a\1384525312\H1_1384685056_1384689152.hdf5,1384685056.0,1384689152.0,H1,O4a,0.05630744993686676,238
1384688196.0,1384688228.0,E:\o4a\1384525312\H1_1384685056_1384689152.hdf5,1384685056.0,1384689152.0,H1,O4a,0.060831546783447266,238
1384688260.0,1384688292.0,E:\o4a\1384525312\H1_1384685056_1384689152.hdf5,1384685056.0,1384689152.0,H1,O4a,0.06004985049366951,238
1384688324.0,1384688356.0,E:\o4a\1384525312\H1_1384685056_1384689152.hdf5,1384685056.0,1384689152.0,H1,O4a,0.09157999604940414,238
1384759556.0,1384759588.0,E:\o4a\1384525312\H1_1384758784_1384762880.hdf5,1384758784.0,1384762880.0,H1,O4a,0.09748638421297073,239
1384759620.0,1384759652.0,E:\o4a\1384525312\H1_1384758784_1384762880.hdf5,1384758784.0,1384762880.0,H1,O4a,0.11011376976966858,239
1384759684.0,1384759716.0,E:\o4a\1384525312\H1_1384758784_1384762880.hdf5,1384758784.0,1384762880.0,H1,O4a,0.11243509501218796,239
1384759748.0,1384759780.0,E:\o4a\1384525312\H1_1384758784_1384762880.hdf5,1384758784.0,1384762880.0,H1,O4a,0.07208035886287689,239
1384759812.0,1384759844.0,E:\o4a\1384525312\H1_1384758784_1384762880.hdf5,1384758784.0,1384762880.0,H1,O4a,0.08263187110424042,239
1384759876.0,1384759908.0,E:\o4a\1384525312\H1_1384758784_1384762880.hdf5,1384758784.0,1384762880.0,H1,O4a,0.06125805154442787,239
1384759940.0,1384759972.0,E:\o4a\1384525312\H1_1384758784_1384762880.hdf5,1384758784.0,1384762880.0,H1,O4a,0.06402657181024551,239
1384760004.0,1384760036.0,E:\o4a\1384525312\H1_1384758784_1384762880.hdf5,1384758784.0,1384762880.0,H1,O4a,0.06400082260370255,239
1384760068.0,1384760100.0,E:\o4a\1384525312\H1_1384758784_1384762880.hdf5,1384758784.0,1384762880.0,H1,O4a,0.07256318628787994,239
1384760132.0,1384760164.0,E:\o4a\1384525312\H1_1384758784_1384762880.hdf5,1384758784.0,1384762880.0,H1,O4a,0.06823725253343582,239
1384760196.0,1384760228.0,E:\o4a\1384525312\H1_1384758784_1384762880.hdf5,1384758784.0,1384762880.0,H1,O4a,0.06448516994714737,239
1384760260.0,1384760292.0,E:\o4a\1384525312\H1_1384758784_1384762880.hdf5,1384758784.0,1384762880.0,H1,O4a,0.08452220261096954,239
1384760324.0,1384760356.0,E:\o4a\1384525312\H1_1384758784_1384762880.hdf5,1384758784.0,1384762880.0,H1,O4a,0.05687582492828369,239
1384760388.0,1384760420.0,E:\o4a\1384525312\H1_1384758784_1384762880.hdf5,1384758784.0,1384762880.0,H1,O4a,0.07801289111375809,239
1384760452.0,1384760484.0,E:\o4a\1384525312\H1_1384758784_1384762880.hdf5,1384758784.0,1384762880.0,H1,O4a,0.08802994340658188,239
1384760516.0,1384760548.0,E:\o4a\1384525312\H1_1384758784_1384762880.hdf5,1384758784.0,1384762880.0,H1,O4a,0.07418738305568695,239
1384760580.0,1384760612.0,E:\o4a\1384525312\H1_1384758784_1384762880.hdf5,1384758784.0,1384762880.0,H1,O4a,0.1073339581489563,239
1384806788.0,1384806820.0,E:\o4a\1384525312\H1_1384803840_1384807936.hdf5,1384803840.0,1384807936.0,H1,O4a,0.0651264414191246,240
1384806852.0,1384806884.0,E:\o4a\1384525312\H1_1384803840_1384807936.hdf5,1384803840.0,1384807936.0,H1,O4a,0.07735180854797363,240
1384806916.0,1384806948.0,E:\o4a\1384525312\H1_1384803840_1384807936.hdf5,1384803840.0,1384807936.0,H1,O4a,0.07074785977602005,240
1384806980.0,1384807012.0,E:\o4a\1384525312\H1_1384803840_1384807936.hdf5,1384803840.0,1384807936.0,H1,O4a,0.06320566684007645,240
1384807044.0,1384807076.0,E:\o4a\1384525312\H1_1384803840_1384807936.hdf5,1384803840.0,1384807936.0,H1,O4a,0.05320923775434494,240
1384807108.0,1384807140.0,E:\o4a\1384525312\H1_1384803840_1384807936.hdf5,1384803840.0,1384807936.0,H1,O4a,0.06333284080028534,240
1384807172.0,1384807204.0,E:\o4a\1384525312\H1_1384803840_1384807936.hdf5,1384803840.0,1384807936.0,H1,O4a,0.051319319754838943,240
1384807236.0,1384807268.0,E:\o4a\1384525312\H1_1384803840_1384807936.hdf5,1384803840.0,1384807936.0,H1,O4a,0.06125175207853317,240
1384807300.0,1384807332.0,E:\o4a\1384525312\H1_1384803840_1384807936.hdf5,1384803840.0,1384807936.0,H1,O4a,0.08109366148710251,240
1384807364.0,1384807396.0,E:\o4a\1384525312\H1_1384803840_1384807936.hdf5,1384803840.0,1384807936.0,H1,O4a,0.07915230095386505,240
1384807428.0,1384807460.0,E:\o4a\1384525312\H1_1384803840_1384807936.hdf5,1384803840.0,1384807936.0,H1,O4a,0.06577413529157639,240
1384807492.0,1384807524.0,E:\o4a\1384525312\H1_1384803840_1384807936.hdf5,1384803840.0,1384807936.0,H1,O4a,0.07602054625749588,240
1384807556.0,1384807588.0,E:\o4a\1384525312\H1_1384803840_1384807936.hdf5,1384803840.0,1384807936.0,H1,O4a,0.07728695869445801,240
1384807620.0,1384807652.0,E:\o4a\1384525312\H1_1384803840_1384807936.hdf5,1384803840.0,1384807936.0,H1,O4a,0.06601777672767639,240
1384807684.0,1384807716.0,E:\o4a\1384525312\H1_1384803840_1384807936.hdf5,1384803840.0,1384807936.0,H1,O4a,0.10423294454813004,240
1384807748.0,1384807780.0,E:\o4a\1384525312\H1_1384803840_1384807936.hdf5,1384803840.0,1384807936.0,H1,O4a,0.07552191615104675,240
1384807812.0,1384807844.0,E:\o4a\1384525312\H1_1384803840_1384807936.hdf5,1384803840.0,1384807936.0,H1,O4a,0.06944955140352249,240
1384874564.0,1384874596.0,E:\o4a\1384525312\H1_1384873472_1384877568.hdf5,1384873472.0,1384877568.0,H1,O4a,0.061116933822631836,241
1384874628.0,1384874660.0,E:\o4a\1384525312\H1_1384873472_1384877568.hdf5,1384873472.0,1384877568.0,H1,O4a,0.06238816678524017,241
1384874692.0,1384874724.0,E:\o4a\1384525312\H1_1384873472_1384877568.hdf5,1384873472.0,1384877568.0,H1,O4a,0.08450692892074585,241
1384874756.0,1384874788.0,E:\o4a\1384525312\H1_1384873472_1384877568.hdf5,1384873472.0,1384877568.0,H1,O4a,0.06238531321287155,241
1384874820.0,1384874852.0,E:\o4a\1384525312\H1_1384873472_1384877568.hdf5,1384873472.0,1384877568.0,H1,O4a,0.0868406891822815,241
1384874884.0,1384874916.0,E:\o4a\1384525312\H1_1384873472_1384877568.hdf5,1384873472.0,1384877568.0,H1,O4a,0.0683150440454483,241
1384874948.0,1384874980.0,E:\o4a\1384525312\H1_1384873472_1384877568.hdf5,1384873472.0,1384877568.0,H1,O4a,0.09715359658002853,241
1384875012.0,1384875044.0,E:\o4a\1384525312\H1_1384873472_1384877568.hdf5,1384873472.0,1384877568.0,H1,O4a,0.06692598015069962,241
1384875076.0,1384875108.0,E:\o4a\1384525312\H1_1384873472_1384877568.hdf5,1384873472.0,1384877568.0,H1,O4a,0.05997684597969055,241
1384875140.0,1384875172.0,E:\o4a\1384525312\H1_1384873472_1384877568.hdf5,1384873472.0,1384877568.0,H1,O4a,0.07291144877672195,241
1384875204.0,1384875236.0,E:\o4a\1384525312\H1_1384873472_1384877568.hdf5,1384873472.0,1384877568.0,H1,O4a,0.07250841706991196,241
1384875268.0,1384875300.0,E:\o4a\1384525312\H1_1384873472_1384877568.hdf5,1384873472.0,1384877568.0,H1,O4a,0.06834115833044052,241
1384875332.0,1384875364.0,E:\o4a\1384525312\H1_1384873472_1384877568.hdf5,1384873472.0,1384877568.0,H1,O4a,0.07194450497627258,241
1384875396.0,1384875428.0,E:\o4a\1384525312\H1_1384873472_1384877568.hdf5,1384873472.0,1384877568.0,H1,O4a,0.07577735930681229,241
1384875460.0,1384875492.0,E:\o4a\1384525312\H1_1384873472_1384877568.hdf5,1384873472.0,1384877568.0,H1,O4a,0.06689798086881638,241
1384875524.0,1384875556.0,E:\o4a\1384525312\H1_1384873472_1384877568.hdf5,1384873472.0,1384877568.0,H1,O4a,0.09219585359096527,241
1384875588.0,1384875620.0,E:\o4a\1384525312\H1_1384873472_1384877568.hdf5,1384873472.0,1384877568.0,H1,O4a,0.08012937009334564,241
1384926724.0,1384926756.0,E:\o4a\1384525312\H1_1384926720_1384930816.hdf5,1384926720.0,1384930816.0,H1,O4a,0.06874451041221619,242
1384926788.0,1384926820.0,E:\o4a\1384525312\H1_1384926720_1384930816.hdf5,1384926720.0,1384930816.0,H1,O4a,0.06023889407515526,242
1384926852.0,1384926884.0,E:\o4a\1384525312\H1_1384926720_1384930816.hdf5,1384926720.0,1384930816.0,H1,O4a,0.07137462496757507,242
1384926916.0,1384926948.0,E:\o4a\1384525312\H1_1384926720_1384930816.hdf5,1384926720.0,1384930816.0,H1,O4a,0.08268553018569946,242
1384926980.0,1384927012.0,E:\o4a\1384525312\H1_1384926720_1384930816.hdf5,1384926720.0,1384930816.0,H1,O4a,0.059553440660238266,242
1384927044.0,1384927076.0,E:\o4a\1384525312\H1_1384926720_1384930816.hdf5,1384926720.0,1384930816.0,H1,O4a,0.06742410361766815,242
1384927108.0,1384927140.0,E:\o4a\1384525312\H1_1384926720_1384930816.hdf5,1384926720.0,1384930816.0,H1,O4a,0.07394803315401077,242
1384927172.0,1384927204.0,E:\o4a\1384525312\H1_1384926720_1384930816.hdf5,1384926720.0,1384930816.0,H1,O4a,0.14709214866161346,242
1384927236.0,1384927268.0,E:\o4a\1384525312\H1_1384926720_1384930816.hdf5,1384926720.0,1384930816.0,H1,O4a,0.06231989711523056,242
1384927300.0,1384927332.0,E:\o4a\1384525312\H1_1384926720_1384930816.hdf5,1384926720.0,1384930816.0,H1,O4a,0.06566045433282852,242
1384927364.0,1384927396.0,E:\o4a\1384525312\H1_1384926720_1384930816.hdf5,1384926720.0,1384930816.0,H1,O4a,0.07670711725950241,242
1384927428.0,1384927460.0,E:\o4a\1384525312\H1_1384926720_1384930816.hdf5,1384926720.0,1384930816.0,H1,O4a,0.07332377135753632,242
1384927492.0,1384927524.0,E:\o4a\1384525312\H1_1384926720_1384930816.hdf5,1384926720.0,1384930816.0,H1,O4a,0.06442175060510635,242
1384927556.0,1384927588.0,E:\o4a\1384525312\H1_1384926720_1384930816.hdf5,1384926720.0,1384930816.0,H1,O4a,0.05843117833137512,242
1384927620.0,1384927652.0,E:\o4a\1384525312\H1_1384926720_1384930816.hdf5,1384926720.0,1384930816.0,H1,O4a,0.058320656418800354,242
1384927684.0,1384927716.0,E:\o4a\1384525312\H1_1384926720_1384930816.hdf5,1384926720.0,1384930816.0,H1,O4a,0.11357185244560242,242
1384927748.0,1384927780.0,E:\o4a\1384525312\H1_1384926720_1384930816.hdf5,1384926720.0,1384930816.0,H1,O4a,0.057937346398830414,242
1384967684.0,1384967716.0,E:\o4a\1384525312\H1_1384967680_1384971776.hdf5,1384967680.0,1384971776.0,H1,O4a,0.05668548122048378,243
1384967748.0,1384967780.0,E:\o4a\1384525312\H1_1384967680_1384971776.hdf5,1384967680.0,1384971776.0,H1,O4a,0.06778384745121002,243
1384967812.0,1384967844.0,E:\o4a\1384525312\H1_1384967680_1384971776.hdf5,1384967680.0,1384971776.0,H1,O4a,0.06718336790800095,243
1384967876.0,1384967908.0,E:\o4a\1384525312\H1_1384967680_1384971776.hdf5,1384967680.0,1384971776.0,H1,O4a,0.0738101452589035,243
1384967940.0,1384967972.0,E:\o4a\1384525312\H1_1384967680_1384971776.hdf5,1384967680.0,1384971776.0,H1,O4a,0.05740812048316002,243
1384968004.0,1384968036.0,E:\o4a\1384525312\H1_1384967680_1384971776.hdf5,1384967680.0,1384971776.0,H1,O4a,0.07083908468484879,243
1384968068.0,1384968100.0,E:\o4a\1384525312\H1_1384967680_1384971776.hdf5,1384967680.0,1384971776.0,H1,O4a,0.06828217953443527,243
1384968132.0,1384968164.0,E:\o4a\1384525312\H1_1384967680_1384971776.hdf5,1384967680.0,1384971776.0,H1,O4a,0.07047896087169647,243
1384968196.0,1384968228.0,E:\o4a\1384525312\H1_1384967680_1384971776.hdf5,1384967680.0,1384971776.0,H1,O4a,0.07597333192825317,243
1384968260.0,1384968292.0,E:\o4a\1384525312\H1_1384967680_1384971776.hdf5,1384967680.0,1384971776.0,H1,O4a,0.10520803183317184,243
1384968324.0,1384968356.0,E:\o4a\1384525312\H1_1384967680_1384971776.hdf5,1384967680.0,1384971776.0,H1,O4a,0.07607520371675491,243
1384968388.0,1384968420.0,E:\o4a\1384525312\H1_1384967680_1384971776.hdf5,1384967680.0,1384971776.0,H1,O4a,0.06965551525354385,243
1384968452.0,1384968484.0,E:\o4a\1384525312\H1_1384967680_1384971776.hdf5,1384967680.0,1384971776.0,H1,O4a,0.07060710340738297,243
1384968516.0,1384968548.0,E:\o4a\1384525312\H1_1384967680_1384971776.hdf5,1384967680.0,1384971776.0,H1,O4a,0.07479537278413773,243
1384968580.0,1384968612.0,E:\o4a\1384525312\H1_1384967680_1384971776.hdf5,1384967680.0,1384971776.0,H1,O4a,0.06929929554462433,243
1384968644.0,1384968676.0,E:\o4a\1384525312\H1_1384967680_1384971776.hdf5,1384967680.0,1384971776.0,H1,O4a,0.05734420195221901,243
1384968708.0,1384968740.0,E:\o4a\1384525312\H1_1384967680_1384971776.hdf5,1384967680.0,1384971776.0,H1,O4a,0.06873590499162674,243
1385030212.0,1385030244.0,E:\o4a\1384525312\H1_1385029120_1385033216.hdf5,1385029120.0,1385033216.0,H1,O4a,0.06218080595135689,244
1385030276.0,1385030308.0,E:\o4a\1384525312\H1_1385029120_1385033216.hdf5,1385029120.0,1385033216.0,H1,O4a,0.08228212594985962,244
1385030340.0,1385030372.0,E:\o4a\1384525312\H1_1385029120_1385033216.hdf5,1385029120.0,1385033216.0,H1,O4a,0.06042841076850891,244
1385030404.0,1385030436.0,E:\o4a\1384525312\H1_1385029120_1385033216.hdf5,1385029120.0,1385033216.0,H1,O4a,0.05987730622291565,244
1385030468.0,1385030500.0,E:\o4a\1384525312\H1_1385029120_1385033216.hdf5,1385029120.0,1385033216.0,H1,O4a,0.06173398345708847,244
1385030532.0,1385030564.0,E:\o4a\1384525312\H1_1385029120_1385033216.hdf5,1385029120.0,1385033216.0,H1,O4a,0.06087067723274231,244
1385030596.0,1385030628.0,E:\o4a\1384525312\H1_1385029120_1385033216.hdf5,1385029120.0,1385033216.0,H1,O4a,0.06867000460624695,244
1385030660.0,1385030692.0,E:\o4a\1384525312\H1_1385029120_1385033216.hdf5,1385029120.0,1385033216.0,H1,O4a,0.07217756658792496,244
1385030724.0,1385030756.0,E:\o4a\1384525312\H1_1385029120_1385033216.hdf5,1385029120.0,1385033216.0,H1,O4a,0.0669318288564682,244
1385030788.0,1385030820.0,E:\o4a\1384525312\H1_1385029120_1385033216.hdf5,1385029120.0,1385033216.0,H1,O4a,0.06423773616552353,244
1385030852.0,1385030884.0,E:\o4a\1384525312\H1_1385029120_1385033216.hdf5,1385029120.0,1385033216.0,H1,O4a,0.07588173449039459,244
1385030916.0,1385030948.0,E:\o4a\1384525312\H1_1385029120_1385033216.hdf5,1385029120.0,1385033216.0,H1,O4a,0.06445499509572983,244
1385030980.0,1385031012.0,E:\o4a\1384525312\H1_1385029120_1385033216.hdf5,1385029120.0,1385033216.0,H1,O4a,0.06983204185962677,244
1385031044.0,1385031076.0,E:\o4a\1384525312\H1_1385029120_1385033216.hdf5,1385029120.0,1385033216.0,H1,O4a,0.07944347709417343,244
1385031108.0,1385031140.0,E:\o4a\1384525312\H1_1385029120_1385033216.hdf5,1385029120.0,1385033216.0,H1,O4a,0.07809308171272278,244
1385031172.0,1385031204.0,E:\o4a\1384525312\H1_1385029120_1385033216.hdf5,1385029120.0,1385033216.0,H1,O4a,0.09741900116205215,244
1385031236.0,1385031268.0,E:\o4a\1384525312\H1_1385029120_1385033216.hdf5,1385029120.0,1385033216.0,H1,O4a,0.08001139014959335,244
1385073476.0,1385073508.0,E:\o4a\1385043712\H1_1385072384_1385076480.hdf5,1385072384.0,1385076480.0,H1,O4a,0.06650374829769135,245
1385073540.0,1385073572.0,E:\o4a\1385043712\H1_1385072384_1385076480.hdf5,1385072384.0,1385076480.0,H1,O4a,0.08048166334629059,245
1385073604.0,1385073636.0,E:\o4a\1385043712\H1_1385072384_1385076480.hdf5,1385072384.0,1385076480.0,H1,O4a,0.0607391819357872,245
1385073668.0,1385073700.0,E:\o4a\1385043712\H1_1385072384_1385076480.hdf5,1385072384.0,1385076480.0,H1,O4a,0.06871256232261658,245
1385073732.0,1385073764.0,E:\o4a\1385043712\H1_1385072384_1385076480.hdf5,1385072384.0,1385076480.0,H1,O4a,0.09365757554769516,245
1385073796.0,1385073828.0,E:\o4a\1385043712\H1_1385072384_1385076480.hdf5,1385072384.0,1385076480.0,H1,O4a,0.08225035667419434,245
1385073860.0,1385073892.0,E:\o4a\1385043712\H1_1385072384_1385076480.hdf5,1385072384.0,1385076480.0,H1,O4a,0.08022864907979965,245
1385073924.0,1385073956.0,E:\o4a\1385043712\H1_1385072384_1385076480.hdf5,1385072384.0,1385076480.0,H1,O4a,0.08804958313703537,245
1385073988.0,1385074020.0,E:\o4a\1385043712\H1_1385072384_1385076480.hdf5,1385072384.0,1385076480.0,H1,O4a,0.07074050605297089,245
1385074052.0,1385074084.0,E:\o4a\1385043712\H1_1385072384_1385076480.hdf5,1385072384.0,1385076480.0,H1,O4a,0.07725369185209274,245
1385074116.0,1385074148.0,E:\o4a\1385043712\H1_1385072384_1385076480.hdf5,1385072384.0,1385076480.0,H1,O4a,0.11531101167201996,245
1385074180.0,1385074212.0,E:\o4a\1385043712\H1_1385072384_1385076480.hdf5,1385072384.0,1385076480.0,H1,O4a,0.0869329571723938,245
1385074244.0,1385074276.0,E:\o4a\1385043712\H1_1385072384_1385076480.hdf5,1385072384.0,1385076480.0,H1,O4a,0.41731682419776917,245
1385074308.0,1385074340.0,E:\o4a\1385043712\H1_1385072384_1385076480.hdf5,1385072384.0,1385076480.0,H1,O4a,0.06607040762901306,245
1385074372.0,1385074404.0,E:\o4a\1385043712\H1_1385072384_1385076480.hdf5,1385072384.0,1385076480.0,H1,O4a,0.06357128173112869,245
1385074436.0,1385074468.0,E:\o4a\1385043712\H1_1385072384_1385076480.hdf5,1385072384.0,1385076480.0,H1,O4a,0.08784091472625732,245
1385074500.0,1385074532.0,E:\o4a\1385043712\H1_1385072384_1385076480.hdf5,1385072384.0,1385076480.0,H1,O4a,0.12405595928430557,245
1385120196.0,1385120228.0,E:\o4a\1385043712\H1_1385117440_1385121536.hdf5,1385117440.0,1385121536.0,H1,O4a,0.07389038056135178,246
1385120260.0,1385120292.0,E:\o4a\1385043712\H1_1385117440_1385121536.hdf5,1385117440.0,1385121536.0,H1,O4a,0.07051961869001389,246
1385120324.0,1385120356.0,E:\o4a\1385043712\H1_1385117440_1385121536.hdf5,1385117440.0,1385121536.0,H1,O4a,0.06057319790124893,246
1385120388.0,1385120420.0,E:\o4a\1385043712\H1_1385117440_1385121536.hdf5,1385117440.0,1385121536.0,H1,O4a,0.059269752353429794,246
1385120452.0,1385120484.0,E:\o4a\1385043712\H1_1385117440_1385121536.hdf5,1385117440.0,1385121536.0,H1,O4a,0.07522320747375488,246
1385120516.0,1385120548.0,E:\o4a\1385043712\H1_1385117440_1385121536.hdf5,1385117440.0,1385121536.0,H1,O4a,0.0808965191245079,246
1385120580.0,1385120612.0,E:\o4a\1385043712\H1_1385117440_1385121536.hdf5,1385117440.0,1385121536.0,H1,O4a,0.07273562252521515,246
1385120644.0,1385120676.0,E:\o4a\1385043712\H1_1385117440_1385121536.hdf5,1385117440.0,1385121536.0,H1,O4a,0.0632920116186142,246
1385120708.0,1385120740.0,E:\o4a\1385043712\H1_1385117440_1385121536.hdf5,1385117440.0,1385121536.0,H1,O4a,0.0593319796025753,246
1385120772.0,1385120804.0,E:\o4a\1385043712\H1_1385117440_1385121536.hdf5,1385117440.0,1385121536.0,H1,O4a,0.07211899757385254,246
1385120836.0,1385120868.0,E:\o4a\1385043712\H1_1385117440_1385121536.hdf5,1385117440.0,1385121536.0,H1,O4a,0.06477359682321548,246
1385120900.0,1385120932.0,E:\o4a\1385043712\H1_1385117440_1385121536.hdf5,1385117440.0,1385121536.0,H1,O4a,0.07089611887931824,246
1385120964.0,1385120996.0,E:\o4a\1385043712\H1_1385117440_1385121536.hdf5,1385117440.0,1385121536.0,H1,O4a,0.08664435893297195,246
1385121028.0,1385121060.0,E:\o4a\1385043712\H1_1385117440_1385121536.hdf5,1385117440.0,1385121536.0,H1,O4a,0.07102694362401962,246
1385121092.0,1385121124.0,E:\o4a\1385043712\H1_1385117440_1385121536.hdf5,1385117440.0,1385121536.0,H1,O4a,0.07807186245918274,246
1385121156.0,1385121188.0,E:\o4a\1385043712\H1_1385117440_1385121536.hdf5,1385117440.0,1385121536.0,H1,O4a,0.06142896041274071,246
1385121220.0,1385121252.0,E:\o4a\1385043712\H1_1385117440_1385121536.hdf5,1385117440.0,1385121536.0,H1,O4a,0.061557553708553314,246
1385182980.0,1385183012.0,E:\o4a\1385043712\H1_1385182976_1385187072.hdf5,1385182976.0,1385187072.0,H1,O4a,0.0619082935154438,247
1385183044.0,1385183076.0,E:\o4a\1385043712\H1_1385182976_1385187072.hdf5,1385182976.0,1385187072.0,H1,O4a,0.05570210516452789,247
1385183108.0,1385183140.0,E:\o4a\1385043712\H1_1385182976_1385187072.hdf5,1385182976.0,1385187072.0,H1,O4a,0.06092138960957527,247
1385183172.0,1385183204.0,E:\o4a\1385043712\H1_1385182976_1385187072.hdf5,1385182976.0,1385187072.0,H1,O4a,0.06182229518890381,247
1385183236.0,1385183268.0,E:\o4a\1385043712\H1_1385182976_1385187072.hdf5,1385182976.0,1385187072.0,H1,O4a,0.08548758924007416,247
1385183300.0,1385183332.0,E:\o4a\1385043712\H1_1385182976_1385187072.hdf5,1385182976.0,1385187072.0,H1,O4a,0.07244639843702316,247
1385183364.0,1385183396.0,E:\o4a\1385043712\H1_1385182976_1385187072.hdf5,1385182976.0,1385187072.0,H1,O4a,0.06539613008499146,247
1385183428.0,1385183460.0,E:\o4a\1385043712\H1_1385182976_1385187072.hdf5,1385182976.0,1385187072.0,H1,O4a,0.08897227793931961,247
1385183492.0,1385183524.0,E:\o4a\1385043712\H1_1385182976_1385187072.hdf5,1385182976.0,1385187072.0,H1,O4a,0.06188476085662842,247
1385183556.0,1385183588.0,E:\o4a\1385043712\H1_1385182976_1385187072.hdf5,1385182976.0,1385187072.0,H1,O4a,0.07376676797866821,247
1385183620.0,1385183652.0,E:\o4a\1385043712\H1_1385182976_1385187072.hdf5,1385182976.0,1385187072.0,H1,O4a,0.06367358565330505,247
1385183684.0,1385183716.0,E:\o4a\1385043712\H1_1385182976_1385187072.hdf5,1385182976.0,1385187072.0,H1,O4a,0.05765721946954727,247
1385183748.0,1385183780.0,E:\o4a\1385043712\H1_1385182976_1385187072.hdf5,1385182976.0,1385187072.0,H1,O4a,0.08344461023807526,247
1385183812.0,1385183844.0,E:\o4a\1385043712\H1_1385182976_1385187072.hdf5,1385182976.0,1385187072.0,H1,O4a,0.06853898614645004,247
1385183876.0,1385183908.0,E:\o4a\1385043712\H1_1385182976_1385187072.hdf5,1385182976.0,1385187072.0,H1,O4a,0.07752790302038193,247
1385183940.0,1385183972.0,E:\o4a\1385043712\H1_1385182976_1385187072.hdf5,1385182976.0,1385187072.0,H1,O4a,0.06292468309402466,247
1385184004.0,1385184036.0,E:\o4a\1385043712\H1_1385182976_1385187072.hdf5,1385182976.0,1385187072.0,H1,O4a,0.0669558048248291,247
1385274180.0,1385274212.0,E:\o4a\1385043712\H1_1385273088_1385277184.hdf5,1385273088.0,1385277184.0,H1,O4a,0.17179910838603973,248
1385274244.0,1385274276.0,E:\o4a\1385043712\H1_1385273088_1385277184.hdf5,1385273088.0,1385277184.0,H1,O4a,0.08485956490039825,248
1385274308.0,1385274340.0,E:\o4a\1385043712\H1_1385273088_1385277184.hdf5,1385273088.0,1385277184.0,H1,O4a,0.07759521156549454,248
1385274372.0,1385274404.0,E:\o4a\1385043712\H1_1385273088_1385277184.hdf5,1385273088.0,1385277184.0,H1,O4a,0.11640682071447372,248
1385274436.0,1385274468.0,E:\o4a\1385043712\H1_1385273088_1385277184.hdf5,1385273088.0,1385277184.0,H1,O4a,0.07451625168323517,248
1385274500.0,1385274532.0,E:\o4a\1385043712\H1_1385273088_1385277184.hdf5,1385273088.0,1385277184.0,H1,O4a,0.10405799746513367,248
1385274564.0,1385274596.0,E:\o4a\1385043712\H1_1385273088_1385277184.hdf5,1385273088.0,1385277184.0,H1,O4a,0.1392890214920044,248
1385274628.0,1385274660.0,E:\o4a\1385043712\H1_1385273088_1385277184.hdf5,1385273088.0,1385277184.0,H1,O4a,0.06486142426729202,248
1385274692.0,1385274724.0,E:\o4a\1385043712\H1_1385273088_1385277184.hdf5,1385273088.0,1385277184.0,H1,O4a,0.09496167302131653,248
1385274756.0,1385274788.0,E:\o4a\1385043712\H1_1385273088_1385277184.hdf5,1385273088.0,1385277184.0,H1,O4a,0.1020701602101326,248
1385274820.0,1385274852.0,E:\o4a\1385043712\H1_1385273088_1385277184.hdf5,1385273088.0,1385277184.0,H1,O4a,0.09201350063085556,248
1385274884.0,1385274916.0,E:\o4a\1385043712\H1_1385273088_1385277184.hdf5,1385273088.0,1385277184.0,H1,O4a,0.41441771388053894,248
1385274948.0,1385274980.0,E:\o4a\1385043712\H1_1385273088_1385277184.hdf5,1385273088.0,1385277184.0,H1,O4a,0.09814687818288803,248
1385275012.0,1385275044.0,E:\o4a\1385043712\H1_1385273088_1385277184.hdf5,1385273088.0,1385277184.0,H1,O4a,0.07329527288675308,248
1385275076.0,1385275108.0,E:\o4a\1385043712\H1_1385273088_1385277184.hdf5,1385273088.0,1385277184.0,H1,O4a,0.09459138661623001,248
1385275140.0,1385275172.0,E:\o4a\1385043712\H1_1385273088_1385277184.hdf5,1385273088.0,1385277184.0,H1,O4a,0.11116616427898407,248
1385275204.0,1385275236.0,E:\o4a\1385043712\H1_1385273088_1385277184.hdf5,1385273088.0,1385277184.0,H1,O4a,0.0801629051566124,248
1385380932.0,1385380964.0,E:\o4a\1385043712\H1_1385379584_1385383680.hdf5,1385379584.0,1385383680.0,H1,O4a,0.09280451387166977,249
1385380996.0,1385381028.0,E:\o4a\1385043712\H1_1385379584_1385383680.hdf5,1385379584.0,1385383680.0,H1,O4a,0.06326965987682343,249
1385381060.0,1385381092.0,E:\o4a\1385043712\H1_1385379584_1385383680.hdf5,1385379584.0,1385383680.0,H1,O4a,0.0636090561747551,249
1385381124.0,1385381156.0,E:\o4a\1385043712\H1_1385379584_1385383680.hdf5,1385379584.0,1385383680.0,H1,O4a,0.06336233019828796,249
1385381188.0,1385381220.0,E:\o4a\1385043712\H1_1385379584_1385383680.hdf5,1385379584.0,1385383680.0,H1,O4a,0.05924973264336586,249
1385381252.0,1385381284.0,E:\o4a\1385043712\H1_1385379584_1385383680.hdf5,1385379584.0,1385383680.0,H1,O4a,0.06463916599750519,249
1385381316.0,1385381348.0,E:\o4a\1385043712\H1_1385379584_1385383680.hdf5,1385379584.0,1385383680.0,H1,O4a,0.06503622978925705,249
1385381380.0,1385381412.0,E:\o4a\1385043712\H1_1385379584_1385383680.hdf5,1385379584.0,1385383680.0,H1,O4a,0.06622318923473358,249
1385381444.0,1385381476.0,E:\o4a\1385043712\H1_1385379584_1385383680.hdf5,1385379584.0,1385383680.0,H1,O4a,0.05963199958205223,249
1385381508.0,1385381540.0,E:\o4a\1385043712\H1_1385379584_1385383680.hdf5,1385379584.0,1385383680.0,H1,O4a,0.0548391118645668,249
1385381572.0,1385381604.0,E:\o4a\1385043712\H1_1385379584_1385383680.hdf5,1385379584.0,1385383680.0,H1,O4a,0.06895756721496582,249
1385381636.0,1385381668.0,E:\o4a\1385043712\H1_1385379584_1385383680.hdf5,1385379584.0,1385383680.0,H1,O4a,0.07374367862939835,249
1385381700.0,1385381732.0,E:\o4a\1385043712\H1_1385379584_1385383680.hdf5,1385379584.0,1385383680.0,H1,O4a,0.08646766096353531,249
1385381764.0,1385381796.0,E:\o4a\1385043712\H1_1385379584_1385383680.hdf5,1385379584.0,1385383680.0,H1,O4a,0.074850894510746,249
1385381828.0,1385381860.0,E:\o4a\1385043712\H1_1385379584_1385383680.hdf5,1385379584.0,1385383680.0,H1,O4a,0.08954636007547379,249
1385381892.0,1385381924.0,E:\o4a\1385043712\H1_1385379584_1385383680.hdf5,1385379584.0,1385383680.0,H1,O4a,0.06435950845479965,249
1385381956.0,1385381988.0,E:\o4a\1385043712\H1_1385379584_1385383680.hdf5,1385379584.0,1385383680.0,H1,O4a,0.06021204963326454,249
1385695364.0,1385695396.0,E:\o4a\1385562112\H1_1385693184_1385697280.hdf5,1385693184.0,1385697280.0,H1,O4a,0.0967554897069931,250
1385695428.0,1385695460.0,E:\o4a\1385562112\H1_1385693184_1385697280.hdf5,1385693184.0,1385697280.0,H1,O4a,0.08423339575529099,250
1385695492.0,1385695524.0,E:\o4a\1385562112\H1_1385693184_1385697280.hdf5,1385693184.0,1385697280.0,H1,O4a,0.11794561892747879,250
1385695556.0,1385695588.0,E:\o4a\1385562112\H1_1385693184_1385697280.hdf5,1385693184.0,1385697280.0,H1,O4a,0.23866406083106995,250
1385695620.0,1385695652.0,E:\o4a\1385562112\H1_1385693184_1385697280.hdf5,1385693184.0,1385697280.0,H1,O4a,0.06942971795797348,250
1385695684.0,1385695716.0,E:\o4a\1385562112\H1_1385693184_1385697280.hdf5,1385693184.0,1385697280.0,H1,O4a,0.09497109800577164,250
1385695748.0,1385695780.0,E:\o4a\1385562112\H1_1385693184_1385697280.hdf5,1385693184.0,1385697280.0,H1,O4a,0.07949849963188171,250
1385695812.0,1385695844.0,E:\o4a\1385562112\H1_1385693184_1385697280.hdf5,1385693184.0,1385697280.0,H1,O4a,0.089764304459095,250
1385695876.0,1385695908.0,E:\o4a\1385562112\H1_1385693184_1385697280.hdf5,1385693184.0,1385697280.0,H1,O4a,0.12035840004682541,250
1385695940.0,1385695972.0,E:\o4a\1385562112\H1_1385693184_1385697280.hdf5,1385693184.0,1385697280.0,H1,O4a,0.11146418750286102,250
1385696004.0,1385696036.0,E:\o4a\1385562112\H1_1385693184_1385697280.hdf5,1385693184.0,1385697280.0,H1,O4a,0.0970442146062851,250
1385696068.0,1385696100.0,E:\o4a\1385562112\H1_1385693184_1385697280.hdf5,1385693184.0,1385697280.0,H1,O4a,0.12209805101156235,250
1385696132.0,1385696164.0,E:\o4a\1385562112\H1_1385693184_1385697280.hdf5,1385693184.0,1385697280.0,H1,O4a,0.10637842863798141,250
1385696196.0,1385696228.0,E:\o4a\1385562112\H1_1385693184_1385697280.hdf5,1385693184.0,1385697280.0,H1,O4a,0.10174330323934555,250
1385696260.0,1385696292.0,E:\o4a\1385562112\H1_1385693184_1385697280.hdf5,1385693184.0,1385697280.0,H1,O4a,0.08496253937482834,250
1385696324.0,1385696356.0,E:\o4a\1385562112\H1_1385693184_1385697280.hdf5,1385693184.0,1385697280.0,H1,O4a,0.08567668497562408,250
1385696388.0,1385696420.0,E:\o4a\1385562112\H1_1385693184_1385697280.hdf5,1385693184.0,1385697280.0,H1,O4a,0.09687040001153946,250
1385740420.0,1385740452.0,E:\o4a\1385562112\H1_1385738240_1385742336.hdf5,1385738240.0,1385742336.0,H1,O4a,0.0898730680346489,251
1385740484.0,1385740516.0,E:\o4a\1385562112\H1_1385738240_1385742336.hdf5,1385738240.0,1385742336.0,H1,O4a,0.08449993282556534,251
1385740548.0,1385740580.0,E:\o4a\1385562112\H1_1385738240_1385742336.hdf5,1385738240.0,1385742336.0,H1,O4a,0.10476381331682205,251
1385740612.0,1385740644.0,E:\o4a\1385562112\H1_1385738240_1385742336.hdf5,1385738240.0,1385742336.0,H1,O4a,0.12650559842586517,251
1385740676.0,1385740708.0,E:\o4a\1385562112\H1_1385738240_1385742336.hdf5,1385738240.0,1385742336.0,H1,O4a,0.09503775089979172,251
1385740740.0,1385740772.0,E:\o4a\1385562112\H1_1385738240_1385742336.hdf5,1385738240.0,1385742336.0,H1,O4a,0.10142570734024048,251
1385740804.0,1385740836.0,E:\o4a\1385562112\H1_1385738240_1385742336.hdf5,1385738240.0,1385742336.0,H1,O4a,0.08952122926712036,251
1385740868.0,1385740900.0,E:\o4a\1385562112\H1_1385738240_1385742336.hdf5,1385738240.0,1385742336.0,H1,O4a,0.10176779329776764,251
1385740932.0,1385740964.0,E:\o4a\1385562112\H1_1385738240_1385742336.hdf5,1385738240.0,1385742336.0,H1,O4a,0.09484083950519562,251
1385740996.0,1385741028.0,E:\o4a\1385562112\H1_1385738240_1385742336.hdf5,1385738240.0,1385742336.0,H1,O4a,0.10372591018676758,251
1385741060.0,1385741092.0,E:\o4a\1385562112\H1_1385738240_1385742336.hdf5,1385738240.0,1385742336.0,H1,O4a,0.11557678878307343,251
1385741124.0,1385741156.0,E:\o4a\1385562112\H1_1385738240_1385742336.hdf5,1385738240.0,1385742336.0,H1,O4a,0.14374256134033203,251
1385741188.0,1385741220.0,E:\o4a\1385562112\H1_1385738240_1385742336.hdf5,1385738240.0,1385742336.0,H1,O4a,0.11539774388074875,251
1385741252.0,1385741284.0,E:\o4a\1385562112\H1_1385738240_1385742336.hdf5,1385738240.0,1385742336.0,H1,O4a,0.08653512597084045,251
1385741316.0,1385741348.0,E:\o4a\1385562112\H1_1385738240_1385742336.hdf5,1385738240.0,1385742336.0,H1,O4a,0.09295075386762619,251
1385741380.0,1385741412.0,E:\o4a\1385562112\H1_1385738240_1385742336.hdf5,1385738240.0,1385742336.0,H1,O4a,0.09182246774435043,251
1385741444.0,1385741476.0,E:\o4a\1385562112\H1_1385738240_1385742336.hdf5,1385738240.0,1385742336.0,H1,O4a,0.07789283990859985,251
1385787396.0,1385787428.0,E:\o4a\1385562112\H1_1385787392_1385791488.hdf5,1385787392.0,1385791488.0,H1,O4a,0.06292099505662918,252
1385787460.0,1385787492.0,E:\o4a\1385562112\H1_1385787392_1385791488.hdf5,1385787392.0,1385791488.0,H1,O4a,0.059497032314538956,252
1385787524.0,1385787556.0,E:\o4a\1385562112\H1_1385787392_1385791488.hdf5,1385787392.0,1385791488.0,H1,O4a,0.08291363716125488,252
1385787588.0,1385787620.0,E:\o4a\1385562112\H1_1385787392_1385791488.hdf5,1385787392.0,1385791488.0,H1,O4a,0.06806278228759766,252
1385787652.0,1385787684.0,E:\o4a\1385562112\H1_1385787392_1385791488.hdf5,1385787392.0,1385791488.0,H1,O4a,0.06297974288463593,252
1385787716.0,1385787748.0,E:\o4a\1385562112\H1_1385787392_1385791488.hdf5,1385787392.0,1385791488.0,H1,O4a,0.09039893746376038,252
1385787780.0,1385787812.0,E:\o4a\1385562112\H1_1385787392_1385791488.hdf5,1385787392.0,1385791488.0,H1,O4a,0.07758206874132156,252
1385787844.0,1385787876.0,E:\o4a\1385562112\H1_1385787392_1385791488.hdf5,1385787392.0,1385791488.0,H1,O4a,0.0774967223405838,252
1385787908.0,1385787940.0,E:\o4a\1385562112\H1_1385787392_1385791488.hdf5,1385787392.0,1385791488.0,H1,O4a,0.07088906317949295,252
1385787972.0,1385788004.0,E:\o4a\1385562112\H1_1385787392_1385791488.hdf5,1385787392.0,1385791488.0,H1,O4a,0.07271458208560944,252
1385788036.0,1385788068.0,E:\o4a\1385562112\H1_1385787392_1385791488.hdf5,1385787392.0,1385791488.0,H1,O4a,0.06182115152478218,252
1385788100.0,1385788132.0,E:\o4a\1385562112\H1_1385787392_1385791488.hdf5,1385787392.0,1385791488.0,H1,O4a,0.05870993807911873,252
1385788164.0,1385788196.0,E:\o4a\1385562112\H1_1385787392_1385791488.hdf5,1385787392.0,1385791488.0,H1,O4a,0.060259200632572174,252
1385788228.0,1385788260.0,E:\o4a\1385562112\H1_1385787392_1385791488.hdf5,1385787392.0,1385791488.0,H1,O4a,0.054241884499788284,252
1385788292.0,1385788324.0,E:\o4a\1385562112\H1_1385787392_1385791488.hdf5,1385787392.0,1385791488.0,H1,O4a,0.06093895435333252,252
1385788356.0,1385788388.0,E:\o4a\1385562112\H1_1385787392_1385791488.hdf5,1385787392.0,1385791488.0,H1,O4a,0.08297566324472427,252
1385788420.0,1385788452.0,E:\o4a\1385562112\H1_1385787392_1385791488.hdf5,1385787392.0,1385791488.0,H1,O4a,0.06722744554281235,252
1385873412.0,1385873444.0,E:\o4a\1385562112\H1_1385873408_1385877504.hdf5,1385873408.0,1385877504.0,H1,O4a,0.05925338342785835,253
1385873476.0,1385873508.0,E:\o4a\1385562112\H1_1385873408_1385877504.hdf5,1385873408.0,1385877504.0,H1,O4a,0.06879181414842606,253
1385873540.0,1385873572.0,E:\o4a\1385562112\H1_1385873408_1385877504.hdf5,1385873408.0,1385877504.0,H1,O4a,0.06458914279937744,253
1385873604.0,1385873636.0,E:\o4a\1385562112\H1_1385873408_1385877504.hdf5,1385873408.0,1385877504.0,H1,O4a,0.06815718114376068,253
1385873668.0,1385873700.0,E:\o4a\1385562112\H1_1385873408_1385877504.hdf5,1385873408.0,1385877504.0,H1,O4a,0.06585151702165604,253
1385873732.0,1385873764.0,E:\o4a\1385562112\H1_1385873408_1385877504.hdf5,1385873408.0,1385877504.0,H1,O4a,0.061643172055482864,253
1385873796.0,1385873828.0,E:\o4a\1385562112\H1_1385873408_1385877504.hdf5,1385873408.0,1385877504.0,H1,O4a,0.07572118192911148,253
1385873860.0,1385873892.0,E:\o4a\1385562112\H1_1385873408_1385877504.hdf5,1385873408.0,1385877504.0,H1,O4a,0.05696879327297211,253
1385873924.0,1385873956.0,E:\o4a\1385562112\H1_1385873408_1385877504.hdf5,1385873408.0,1385877504.0,H1,O4a,0.07153529673814774,253
1385873988.0,1385874020.0,E:\o4a\1385562112\H1_1385873408_1385877504.hdf5,1385873408.0,1385877504.0,H1,O4a,0.08000124990940094,253
1385874052.0,1385874084.0,E:\o4a\1385562112\H1_1385873408_1385877504.hdf5,1385873408.0,1385877504.0,H1,O4a,0.07457388937473297,253
1385874116.0,1385874148.0,E:\o4a\1385562112\H1_1385873408_1385877504.hdf5,1385873408.0,1385877504.0,H1,O4a,0.06796838343143463,253
1385874180.0,1385874212.0,E:\o4a\1385562112\H1_1385873408_1385877504.hdf5,1385873408.0,1385877504.0,H1,O4a,0.06688635051250458,253
1385874244.0,1385874276.0,E:\o4a\1385562112\H1_1385873408_1385877504.hdf5,1385873408.0,1385877504.0,H1,O4a,0.06295943260192871,253
1385874308.0,1385874340.0,E:\o4a\1385562112\H1_1385873408_1385877504.hdf5,1385873408.0,1385877504.0,H1,O4a,0.07979900389909744,253
1385874372.0,1385874404.0,E:\o4a\1385562112\H1_1385873408_1385877504.hdf5,1385873408.0,1385877504.0,H1,O4a,0.05669082701206207,253
1385874436.0,1385874468.0,E:\o4a\1385562112\H1_1385873408_1385877504.hdf5,1385873408.0,1385877504.0,H1,O4a,0.06554759293794632,253
1385914372.0,1385914404.0,E:\o4a\1385562112\H1_1385914368_1385918464.hdf5,1385914368.0,1385918464.0,H1,O4a,0.07856769859790802,254
1385914436.0,1385914468.0,E:\o4a\1385562112\H1_1385914368_1385918464.hdf5,1385914368.0,1385918464.0,H1,O4a,0.07624627649784088,254
1385914500.0,1385914532.0,E:\o4a\1385562112\H1_1385914368_1385918464.hdf5,1385914368.0,1385918464.0,H1,O4a,0.06043953076004982,254
1385914564.0,1385914596.0,E:\o4a\1385562112\H1_1385914368_1385918464.hdf5,1385914368.0,1385918464.0,H1,O4a,0.058875758200883865,254
1385914628.0,1385914660.0,E:\o4a\1385562112\H1_1385914368_1385918464.hdf5,1385914368.0,1385918464.0,H1,O4a,0.05519561469554901,254
1385914692.0,1385914724.0,E:\o4a\1385562112\H1_1385914368_1385918464.hdf5,1385914368.0,1385918464.0,H1,O4a,0.06634213030338287,254
1385914756.0,1385914788.0,E:\o4a\1385562112\H1_1385914368_1385918464.hdf5,1385914368.0,1385918464.0,H1,O4a,0.09251531213521957,254
1385914820.0,1385914852.0,E:\o4a\1385562112\H1_1385914368_1385918464.hdf5,1385914368.0,1385918464.0,H1,O4a,0.05964578688144684,254
1385914884.0,1385914916.0,E:\o4a\1385562112\H1_1385914368_1385918464.hdf5,1385914368.0,1385918464.0,H1,O4a,0.09776825457811356,254
1385914948.0,1385914980.0,E:\o4a\1385562112\H1_1385914368_1385918464.hdf5,1385914368.0,1385918464.0,H1,O4a,0.09491530060768127,254
1385915012.0,1385915044.0,E:\o4a\1385562112\H1_1385914368_1385918464.hdf5,1385914368.0,1385918464.0,H1,O4a,0.07512025535106659,254
1385915076.0,1385915108.0,E:\o4a\1385562112\H1_1385914368_1385918464.hdf5,1385914368.0,1385918464.0,H1,O4a,0.056693706661462784,254
1385915140.0,1385915172.0,E:\o4a\1385562112\H1_1385914368_1385918464.hdf5,1385914368.0,1385918464.0,H1,O4a,0.06915868073701859,254
1385915204.0,1385915236.0,E:\o4a\1385562112\H1_1385914368_1385918464.hdf5,1385914368.0,1385918464.0,H1,O4a,0.057459864765405655,254
1385915268.0,1385915300.0,E:\o4a\1385562112\H1_1385914368_1385918464.hdf5,1385914368.0,1385918464.0,H1,O4a,0.05897057056427002,254
1385915332.0,1385915364.0,E:\o4a\1385562112\H1_1385914368_1385918464.hdf5,1385914368.0,1385918464.0,H1,O4a,0.05538021773099899,254
1385915396.0,1385915428.0,E:\o4a\1385562112\H1_1385914368_1385918464.hdf5,1385914368.0,1385918464.0,H1,O4a,0.06051259860396385,254
1385982788.0,1385982820.0,E:\o4a\1385562112\H1_1385979904_1385984000.hdf5,1385979904.0,1385984000.0,H1,O4a,0.0805116817355156,255
1385982852.0,1385982884.0,E:\o4a\1385562112\H1_1385979904_1385984000.hdf5,1385979904.0,1385984000.0,H1,O4a,0.09553759545087814,255
1385982916.0,1385982948.0,E:\o4a\1385562112\H1_1385979904_1385984000.hdf5,1385979904.0,1385984000.0,H1,O4a,0.054532088339328766,255
1385982980.0,1385983012.0,E:\o4a\1385562112\H1_1385979904_1385984000.hdf5,1385979904.0,1385984000.0,H1,O4a,0.07320442795753479,255
1385983044.0,1385983076.0,E:\o4a\1385562112\H1_1385979904_1385984000.hdf5,1385979904.0,1385984000.0,H1,O4a,0.07453546673059464,255
1385983108.0,1385983140.0,E:\o4a\1385562112\H1_1385979904_1385984000.hdf5,1385979904.0,1385984000.0,H1,O4a,0.05900486931204796,255
1385983172.0,1385983204.0,E:\o4a\1385562112\H1_1385979904_1385984000.hdf5,1385979904.0,1385984000.0,H1,O4a,0.0717400535941124,255
1385983236.0,1385983268.0,E:\o4a\1385562112\H1_1385979904_1385984000.hdf5,1385979904.0,1385984000.0,H1,O4a,0.06540194898843765,255
1385983300.0,1385983332.0,E:\o4a\1385562112\H1_1385979904_1385984000.hdf5,1385979904.0,1385984000.0,H1,O4a,0.057217542082071304,255
1385983364.0,1385983396.0,E:\o4a\1385562112\H1_1385979904_1385984000.hdf5,1385979904.0,1385984000.0,H1,O4a,0.07834650576114655,255
1385983428.0,1385983460.0,E:\o4a\1385562112\H1_1385979904_1385984000.hdf5,1385979904.0,1385984000.0,H1,O4a,0.06541428714990616,255
1385983492.0,1385983524.0,E:\o4a\1385562112\H1_1385979904_1385984000.hdf5,1385979904.0,1385984000.0,H1,O4a,0.05309182032942772,255
1385983556.0,1385983588.0,E:\o4a\1385562112\H1_1385979904_1385984000.hdf5,1385979904.0,1385984000.0,H1,O4a,0.06808589398860931,255
1385983620.0,1385983652.0,E:\o4a\1385562112\H1_1385979904_1385984000.hdf5,1385979904.0,1385984000.0,H1,O4a,0.08002662658691406,255
1385983684.0,1385983716.0,E:\o4a\1385562112\H1_1385979904_1385984000.hdf5,1385979904.0,1385984000.0,H1,O4a,0.05573464184999466,255
1385983748.0,1385983780.0,E:\o4a\1385562112\H1_1385979904_1385984000.hdf5,1385979904.0,1385984000.0,H1,O4a,0.07664451748132706,255
1385983812.0,1385983844.0,E:\o4a\1385562112\H1_1385979904_1385984000.hdf5,1385979904.0,1385984000.0,H1,O4a,0.07260201871395111,255
1386045444.0,1386045476.0,E:\o4a\1385562112\H1_1386045440_1386049536.hdf5,1386045440.0,1386049536.0,H1,O4a,0.05880671367049217,256
1386045508.0,1386045540.0,E:\o4a\1385562112\H1_1386045440_1386049536.hdf5,1386045440.0,1386049536.0,H1,O4a,0.06153150275349617,256
1386045572.0,1386045604.0,E:\o4a\1385562112\H1_1386045440_1386049536.hdf5,1386045440.0,1386049536.0,H1,O4a,0.05273476243019104,256
1386045636.0,1386045668.0,E:\o4a\1385562112\H1_1386045440_1386049536.hdf5,1386045440.0,1386049536.0,H1,O4a,0.08251277357339859,256
1386045700.0,1386045732.0,E:\o4a\1385562112\H1_1386045440_1386049536.hdf5,1386045440.0,1386049536.0,H1,O4a,0.0670296847820282,256
1386045764.0,1386045796.0,E:\o4a\1385562112\H1_1386045440_1386049536.hdf5,1386045440.0,1386049536.0,H1,O4a,0.05477462708950043,256
1386045828.0,1386045860.0,E:\o4a\1385562112\H1_1386045440_1386049536.hdf5,1386045440.0,1386049536.0,H1,O4a,0.060608331114053726,256
1386045892.0,1386045924.0,E:\o4a\1385562112\H1_1386045440_1386049536.hdf5,1386045440.0,1386049536.0,H1,O4a,0.08946069329977036,256
1386045956.0,1386045988.0,E:\o4a\1385562112\H1_1386045440_1386049536.hdf5,1386045440.0,1386049536.0,H1,O4a,0.05818138271570206,256
1386046020.0,1386046052.0,E:\o4a\1385562112\H1_1386045440_1386049536.hdf5,1386045440.0,1386049536.0,H1,O4a,0.05262742564082146,256
1386046084.0,1386046116.0,E:\o4a\1385562112\H1_1386045440_1386049536.hdf5,1386045440.0,1386049536.0,H1,O4a,0.05717257037758827,256
1386046148.0,1386046180.0,E:\o4a\1385562112\H1_1386045440_1386049536.hdf5,1386045440.0,1386049536.0,H1,O4a,0.06547603756189346,256
1386046212.0,1386046244.0,E:\o4a\1385562112\H1_1386045440_1386049536.hdf5,1386045440.0,1386049536.0,H1,O4a,0.06487283855676651,256
1386046276.0,1386046308.0,E:\o4a\1385562112\H1_1386045440_1386049536.hdf5,1386045440.0,1386049536.0,H1,O4a,0.05682556703686714,256
1386046340.0,1386046372.0,E:\o4a\1385562112\H1_1386045440_1386049536.hdf5,1386045440.0,1386049536.0,H1,O4a,0.06689800322055817,256
1386046404.0,1386046436.0,E:\o4a\1385562112\H1_1386045440_1386049536.hdf5,1386045440.0,1386049536.0,H1,O4a,0.44396790862083435,256
1386046468.0,1386046500.0,E:\o4a\1385562112\H1_1386045440_1386049536.hdf5,1386045440.0,1386049536.0,H1,O4a,0.05748295783996582,256
1386091588.0,1386091620.0,E:\o4a\1386080512\H1_1386088704_1386092800.hdf5,1386088704.0,1386092800.0,H1,O4a,0.06576364487409592,257
1386091652.0,1386091684.0,E:\o4a\1386080512\H1_1386088704_1386092800.hdf5,1386088704.0,1386092800.0,H1,O4a,0.06655579805374146,257
1386091716.0,1386091748.0,E:\o4a\1386080512\H1_1386088704_1386092800.hdf5,1386088704.0,1386092800.0,H1,O4a,0.06352709233760834,257
1386091780.0,1386091812.0,E:\o4a\1386080512\H1_1386088704_1386092800.hdf5,1386088704.0,1386092800.0,H1,O4a,0.05329515039920807,257
1386091844.0,1386091876.0,E:\o4a\1386080512\H1_1386088704_1386092800.hdf5,1386088704.0,1386092800.0,H1,O4a,0.0686555877327919,257
1386091908.0,1386091940.0,E:\o4a\1386080512\H1_1386088704_1386092800.hdf5,1386088704.0,1386092800.0,H1,O4a,0.06552309542894363,257
1386091972.0,1386092004.0,E:\o4a\1386080512\H1_1386088704_1386092800.hdf5,1386088704.0,1386092800.0,H1,O4a,0.059302330017089844,257
1386092036.0,1386092068.0,E:\o4a\1386080512\H1_1386088704_1386092800.hdf5,1386088704.0,1386092800.0,H1,O4a,0.06319716572761536,257
1386092100.0,1386092132.0,E:\o4a\1386080512\H1_1386088704_1386092800.hdf5,1386088704.0,1386092800.0,H1,O4a,0.05929899215698242,257
1386092164.0,1386092196.0,E:\o4a\1386080512\H1_1386088704_1386092800.hdf5,1386088704.0,1386092800.0,H1,O4a,0.08148938417434692,257
1386092228.0,1386092260.0,E:\o4a\1386080512\H1_1386088704_1386092800.hdf5,1386088704.0,1386092800.0,H1,O4a,0.07138004153966904,257
1386092292.0,1386092324.0,E:\o4a\1386080512\H1_1386088704_1386092800.hdf5,1386088704.0,1386092800.0,H1,O4a,0.06036023423075676,257
1386092356.0,1386092388.0,E:\o4a\1386080512\H1_1386088704_1386092800.hdf5,1386088704.0,1386092800.0,H1,O4a,0.06866691261529922,257
1386092420.0,1386092452.0,E:\o4a\1386080512\H1_1386088704_1386092800.hdf5,1386088704.0,1386092800.0,H1,O4a,0.05914441868662834,257
1386092484.0,1386092516.0,E:\o4a\1386080512\H1_1386088704_1386092800.hdf5,1386088704.0,1386092800.0,H1,O4a,0.39455169439315796,257
1386092548.0,1386092580.0,E:\o4a\1386080512\H1_1386088704_1386092800.hdf5,1386088704.0,1386092800.0,H1,O4a,0.10287246853113174,257
1386092612.0,1386092644.0,E:\o4a\1386080512\H1_1386088704_1386092800.hdf5,1386088704.0,1386092800.0,H1,O4a,0.06152470037341118,257
1386163460.0,1386163492.0,E:\o4a\1386080512\H1_1386162432_1386166528.hdf5,1386162432.0,1386166528.0,H1,O4a,0.05444176495075226,258
1386163524.0,1386163556.0,E:\o4a\1386080512\H1_1386162432_1386166528.hdf5,1386162432.0,1386166528.0,H1,O4a,0.10829729586839676,258
1386163588.0,1386163620.0,E:\o4a\1386080512\H1_1386162432_1386166528.hdf5,1386162432.0,1386166528.0,H1,O4a,0.06397989392280579,258
1386163652.0,1386163684.0,E:\o4a\1386080512\H1_1386162432_1386166528.hdf5,1386162432.0,1386166528.0,H1,O4a,0.057018302381038666,258
1386163716.0,1386163748.0,E:\o4a\1386080512\H1_1386162432_1386166528.hdf5,1386162432.0,1386166528.0,H1,O4a,0.0730225145816803,258
1386163780.0,1386163812.0,E:\o4a\1386080512\H1_1386162432_1386166528.hdf5,1386162432.0,1386166528.0,H1,O4a,0.07297457754611969,258
1386163844.0,1386163876.0,E:\o4a\1386080512\H1_1386162432_1386166528.hdf5,1386162432.0,1386166528.0,H1,O4a,0.07816693186759949,258
1386163908.0,1386163940.0,E:\o4a\1386080512\H1_1386162432_1386166528.hdf5,1386162432.0,1386166528.0,H1,O4a,0.06195782124996185,258
1386163972.0,1386164004.0,E:\o4a\1386080512\H1_1386162432_1386166528.hdf5,1386162432.0,1386166528.0,H1,O4a,0.060171037912368774,258
1386164036.0,1386164068.0,E:\o4a\1386080512\H1_1386162432_1386166528.hdf5,1386162432.0,1386166528.0,H1,O4a,0.05700210854411125,258
1386164100.0,1386164132.0,E:\o4a\1386080512\H1_1386162432_1386166528.hdf5,1386162432.0,1386166528.0,H1,O4a,0.054990291595458984,258
1386164164.0,1386164196.0,E:\o4a\1386080512\H1_1386162432_1386166528.hdf5,1386162432.0,1386166528.0,H1,O4a,0.05740479379892349,258
1386164228.0,1386164260.0,E:\o4a\1386080512\H1_1386162432_1386166528.hdf5,1386162432.0,1386166528.0,H1,O4a,0.07789245992898941,258
1386164292.0,1386164324.0,E:\o4a\1386080512\H1_1386162432_1386166528.hdf5,1386162432.0,1386166528.0,H1,O4a,0.0692421942949295,258
1386164356.0,1386164388.0,E:\o4a\1386080512\H1_1386162432_1386166528.hdf5,1386162432.0,1386166528.0,H1,O4a,0.07100295275449753,258
1386164420.0,1386164452.0,E:\o4a\1386080512\H1_1386162432_1386166528.hdf5,1386162432.0,1386166528.0,H1,O4a,0.06393642723560333,258
1386164484.0,1386164516.0,E:\o4a\1386080512\H1_1386162432_1386166528.hdf5,1386162432.0,1386166528.0,H1,O4a,0.057077933102846146,258
1386226052.0,1386226084.0,E:\o4a\1386080512\H1_1386223872_1386227968.hdf5,1386223872.0,1386227968.0,H1,O4a,0.061470404267311096,259
1386226116.0,1386226148.0,E:\o4a\1386080512\H1_1386223872_1386227968.hdf5,1386223872.0,1386227968.0,H1,O4a,0.06076560169458389,259
1386226180.0,1386226212.0,E:\o4a\1386080512\H1_1386223872_1386227968.hdf5,1386223872.0,1386227968.0,H1,O4a,0.05729011073708534,259
1386226244.0,1386226276.0,E:\o4a\1386080512\H1_1386223872_1386227968.hdf5,1386223872.0,1386227968.0,H1,O4a,0.06577496230602264,259
1386226308.0,1386226340.0,E:\o4a\1386080512\H1_1386223872_1386227968.hdf5,1386223872.0,1386227968.0,H1,O4a,0.05828334018588066,259
1386226372.0,1386226404.0,E:\o4a\1386080512\H1_1386223872_1386227968.hdf5,1386223872.0,1386227968.0,H1,O4a,0.06291911005973816,259
1386226436.0,1386226468.0,E:\o4a\1386080512\H1_1386223872_1386227968.hdf5,1386223872.0,1386227968.0,H1,O4a,0.07014837861061096,259
1386226500.0,1386226532.0,E:\o4a\1386080512\H1_1386223872_1386227968.hdf5,1386223872.0,1386227968.0,H1,O4a,0.07072429358959198,259
1386226564.0,1386226596.0,E:\o4a\1386080512\H1_1386223872_1386227968.hdf5,1386223872.0,1386227968.0,H1,O4a,0.059774454683065414,259
1386226628.0,1386226660.0,E:\o4a\1386080512\H1_1386223872_1386227968.hdf5,1386223872.0,1386227968.0,H1,O4a,0.06535734981298447,259
1386226692.0,1386226724.0,E:\o4a\1386080512\H1_1386223872_1386227968.hdf5,1386223872.0,1386227968.0,H1,O4a,0.0747305378317833,259
1386226756.0,1386226788.0,E:\o4a\1386080512\H1_1386223872_1386227968.hdf5,1386223872.0,1386227968.0,H1,O4a,0.08907948434352875,259
1386226820.0,1386226852.0,E:\o4a\1386080512\H1_1386223872_1386227968.hdf5,1386223872.0,1386227968.0,H1,O4a,0.056085746735334396,259
1386226884.0,1386226916.0,E:\o4a\1386080512\H1_1386223872_1386227968.hdf5,1386223872.0,1386227968.0,H1,O4a,0.08453523367643356,259
1386226948.0,1386226980.0,E:\o4a\1386080512\H1_1386223872_1386227968.hdf5,1386223872.0,1386227968.0,H1,O4a,0.07571081817150116,259
1386227012.0,1386227044.0,E:\o4a\1386080512\H1_1386223872_1386227968.hdf5,1386223872.0,1386227968.0,H1,O4a,0.058254797011613846,259
1386227076.0,1386227108.0,E:\o4a\1386080512\H1_1386223872_1386227968.hdf5,1386223872.0,1386227968.0,H1,O4a,0.06269057095050812,259
1386283844.0,1386283876.0,E:\o4a\1386080512\H1_1386281216_1386285312.hdf5,1386281216.0,1386285312.0,H1,O4a,0.06202204152941704,260
1386283908.0,1386283940.0,E:\o4a\1386080512\H1_1386281216_1386285312.hdf5,1386281216.0,1386285312.0,H1,O4a,0.058305636048316956,260
1386283972.0,1386284004.0,E:\o4a\1386080512\H1_1386281216_1386285312.hdf5,1386281216.0,1386285312.0,H1,O4a,0.07079911977052689,260
1386284036.0,1386284068.0,E:\o4a\1386080512\H1_1386281216_1386285312.hdf5,1386281216.0,1386285312.0,H1,O4a,0.08411242812871933,260
1386284100.0,1386284132.0,E:\o4a\1386080512\H1_1386281216_1386285312.hdf5,1386281216.0,1386285312.0,H1,O4a,0.05898967757821083,260
1386284164.0,1386284196.0,E:\o4a\1386080512\H1_1386281216_1386285312.hdf5,1386281216.0,1386285312.0,H1,O4a,0.07338088750839233,260
1386284228.0,1386284260.0,E:\o4a\1386080512\H1_1386281216_1386285312.hdf5,1386281216.0,1386285312.0,H1,O4a,0.06661984324455261,260
1386284292.0,1386284324.0,E:\o4a\1386080512\H1_1386281216_1386285312.hdf5,1386281216.0,1386285312.0,H1,O4a,0.0642138198018074,260
1386284356.0,1386284388.0,E:\o4a\1386080512\H1_1386281216_1386285312.hdf5,1386281216.0,1386285312.0,H1,O4a,0.07031003385782242,260
1386284420.0,1386284452.0,E:\o4a\1386080512\H1_1386281216_1386285312.hdf5,1386281216.0,1386285312.0,H1,O4a,0.06128525733947754,260
1386284484.0,1386284516.0,E:\o4a\1386080512\H1_1386281216_1386285312.hdf5,1386281216.0,1386285312.0,H1,O4a,0.11468242108821869,260
1386284548.0,1386284580.0,E:\o4a\1386080512\H1_1386281216_1386285312.hdf5,1386281216.0,1386285312.0,H1,O4a,0.06061196327209473,260
1386284612.0,1386284644.0,E:\o4a\1386080512\H1_1386281216_1386285312.hdf5,1386281216.0,1386285312.0,H1,O4a,0.0748339295387268,260
1386284676.0,1386284708.0,E:\o4a\1386080512\H1_1386281216_1386285312.hdf5,1386281216.0,1386285312.0,H1,O4a,0.06888515502214432,260
1386284740.0,1386284772.0,E:\o4a\1386080512\H1_1386281216_1386285312.hdf5,1386281216.0,1386285312.0,H1,O4a,0.07654448598623276,260
1386284804.0,1386284836.0,E:\o4a\1386080512\H1_1386281216_1386285312.hdf5,1386281216.0,1386285312.0,H1,O4a,0.052384600043296814,260
1386284868.0,1386284900.0,E:\o4a\1386080512\H1_1386281216_1386285312.hdf5,1386281216.0,1386285312.0,H1,O4a,0.08772115409374237,260
1386347588.0,1386347620.0,E:\o4a\1386080512\H1_1386346752_1386350848.hdf5,1386346752.0,1386350848.0,H1,O4a,0.06388752162456512,261
1386347652.0,1386347684.0,E:\o4a\1386080512\H1_1386346752_1386350848.hdf5,1386346752.0,1386350848.0,H1,O4a,0.07700604945421219,261
1386347716.0,1386347748.0,E:\o4a\1386080512\H1_1386346752_1386350848.hdf5,1386346752.0,1386350848.0,H1,O4a,0.08840861171483994,261
1386347780.0,1386347812.0,E:\o4a\1386080512\H1_1386346752_1386350848.hdf5,1386346752.0,1386350848.0,H1,O4a,0.06961409002542496,261
1386347844.0,1386347876.0,E:\o4a\1386080512\H1_1386346752_1386350848.hdf5,1386346752.0,1386350848.0,H1,O4a,0.05898443982005119,261
1386347908.0,1386347940.0,E:\o4a\1386080512\H1_1386346752_1386350848.hdf5,1386346752.0,1386350848.0,H1,O4a,0.058820098638534546,261
1386347972.0,1386348004.0,E:\o4a\1386080512\H1_1386346752_1386350848.hdf5,1386346752.0,1386350848.0,H1,O4a,0.06686355173587799,261
1386348036.0,1386348068.0,E:\o4a\1386080512\H1_1386346752_1386350848.hdf5,1386346752.0,1386350848.0,H1,O4a,0.10575661808252335,261
1386348100.0,1386348132.0,E:\o4a\1386080512\H1_1386346752_1386350848.hdf5,1386346752.0,1386350848.0,H1,O4a,0.10104495286941528,261
1386348164.0,1386348196.0,E:\o4a\1386080512\H1_1386346752_1386350848.hdf5,1386346752.0,1386350848.0,H1,O4a,0.07544151693582535,261
1386348228.0,1386348260.0,E:\o4a\1386080512\H1_1386346752_1386350848.hdf5,1386346752.0,1386350848.0,H1,O4a,0.060161687433719635,261
1386348292.0,1386348324.0,E:\o4a\1386080512\H1_1386346752_1386350848.hdf5,1386346752.0,1386350848.0,H1,O4a,0.08076703548431396,261
1386348356.0,1386348388.0,E:\o4a\1386080512\H1_1386346752_1386350848.hdf5,1386346752.0,1386350848.0,H1,O4a,0.06298032402992249,261
1386348420.0,1386348452.0,E:\o4a\1386080512\H1_1386346752_1386350848.hdf5,1386346752.0,1386350848.0,H1,O4a,0.07870105654001236,261
1386348484.0,1386348516.0,E:\o4a\1386080512\H1_1386346752_1386350848.hdf5,1386346752.0,1386350848.0,H1,O4a,0.06991146504878998,261
1386348548.0,1386348580.0,E:\o4a\1386080512\H1_1386346752_1386350848.hdf5,1386346752.0,1386350848.0,H1,O4a,0.06791528314352036,261
1386348612.0,1386348644.0,E:\o4a\1386080512\H1_1386346752_1386350848.hdf5,1386346752.0,1386350848.0,H1,O4a,0.06719764322042465,261
1386394116.0,1386394148.0,E:\o4a\1386080512\H1_1386391808_1386395904.hdf5,1386391808.0,1386395904.0,H1,O4a,0.060626547783613205,262
1386394180.0,1386394212.0,E:\o4a\1386080512\H1_1386391808_1386395904.hdf5,1386391808.0,1386395904.0,H1,O4a,0.06469771265983582,262
1386394244.0,1386394276.0,E:\o4a\1386080512\H1_1386391808_1386395904.hdf5,1386391808.0,1386395904.0,H1,O4a,0.07798873633146286,262
1386394308.0,1386394340.0,E:\o4a\1386080512\H1_1386391808_1386395904.hdf5,1386391808.0,1386395904.0,H1,O4a,0.0644034743309021,262
1386394372.0,1386394404.0,E:\o4a\1386080512\H1_1386391808_1386395904.hdf5,1386391808.0,1386395904.0,H1,O4a,0.06224888935685158,262
1386394436.0,1386394468.0,E:\o4a\1386080512\H1_1386391808_1386395904.hdf5,1386391808.0,1386395904.0,H1,O4a,0.09817434847354889,262
1386394500.0,1386394532.0,E:\o4a\1386080512\H1_1386391808_1386395904.hdf5,1386391808.0,1386395904.0,H1,O4a,0.06742114573717117,262
1386394564.0,1386394596.0,E:\o4a\1386080512\H1_1386391808_1386395904.hdf5,1386391808.0,1386395904.0,H1,O4a,0.06922656297683716,262
1386394628.0,1386394660.0,E:\o4a\1386080512\H1_1386391808_1386395904.hdf5,1386391808.0,1386395904.0,H1,O4a,0.05822589248418808,262
1386394692.0,1386394724.0,E:\o4a\1386080512\H1_1386391808_1386395904.hdf5,1386391808.0,1386395904.0,H1,O4a,0.07488179206848145,262
1386394756.0,1386394788.0,E:\o4a\1386080512\H1_1386391808_1386395904.hdf5,1386391808.0,1386395904.0,H1,O4a,0.059798575937747955,262
1386394820.0,1386394852.0,E:\o4a\1386080512\H1_1386391808_1386395904.hdf5,1386391808.0,1386395904.0,H1,O4a,0.057647138833999634,262
1386394884.0,1386394916.0,E:\o4a\1386080512\H1_1386391808_1386395904.hdf5,1386391808.0,1386395904.0,H1,O4a,0.07135854661464691,262
1386394948.0,1386394980.0,E:\o4a\1386080512\H1_1386391808_1386395904.hdf5,1386391808.0,1386395904.0,H1,O4a,0.06803853064775467,262
1386395012.0,1386395044.0,E:\o4a\1386080512\H1_1386391808_1386395904.hdf5,1386391808.0,1386395904.0,H1,O4a,0.06709033995866776,262
1386395076.0,1386395108.0,E:\o4a\1386080512\H1_1386391808_1386395904.hdf5,1386391808.0,1386395904.0,H1,O4a,0.09071963280439377,262
1386395140.0,1386395172.0,E:\o4a\1386080512\H1_1386391808_1386395904.hdf5,1386391808.0,1386395904.0,H1,O4a,0.058382511138916016,262
1386471684.0,1386471716.0,E:\o4a\1386080512\H1_1386469632_1386473728.hdf5,1386469632.0,1386473728.0,H1,O4a,0.06019941344857216,263
1386471748.0,1386471780.0,E:\o4a\1386080512\H1_1386469632_1386473728.hdf5,1386469632.0,1386473728.0,H1,O4a,0.05655519291758537,263
1386471812.0,1386471844.0,E:\o4a\1386080512\H1_1386469632_1386473728.hdf5,1386469632.0,1386473728.0,H1,O4a,0.06825419515371323,263
1386471876.0,1386471908.0,E:\o4a\1386080512\H1_1386469632_1386473728.hdf5,1386469632.0,1386473728.0,H1,O4a,0.0788756012916565,263
1386471940.0,1386471972.0,E:\o4a\1386080512\H1_1386469632_1386473728.hdf5,1386469632.0,1386473728.0,H1,O4a,0.0713198333978653,263
1386472004.0,1386472036.0,E:\o4a\1386080512\H1_1386469632_1386473728.hdf5,1386469632.0,1386473728.0,H1,O4a,0.07111247628927231,263
1386472068.0,1386472100.0,E:\o4a\1386080512\H1_1386469632_1386473728.hdf5,1386469632.0,1386473728.0,H1,O4a,0.05421869456768036,263
1386472132.0,1386472164.0,E:\o4a\1386080512\H1_1386469632_1386473728.hdf5,1386469632.0,1386473728.0,H1,O4a,0.0933702364563942,263
1386472196.0,1386472228.0,E:\o4a\1386080512\H1_1386469632_1386473728.hdf5,1386469632.0,1386473728.0,H1,O4a,0.06697945296764374,263
1386472260.0,1386472292.0,E:\o4a\1386080512\H1_1386469632_1386473728.hdf5,1386469632.0,1386473728.0,H1,O4a,0.09301809966564178,263
1386472324.0,1386472356.0,E:\o4a\1386080512\H1_1386469632_1386473728.hdf5,1386469632.0,1386473728.0,H1,O4a,0.060068074613809586,263
1386472388.0,1386472420.0,E:\o4a\1386080512\H1_1386469632_1386473728.hdf5,1386469632.0,1386473728.0,H1,O4a,0.0744207352399826,263
1386472452.0,1386472484.0,E:\o4a\1386080512\H1_1386469632_1386473728.hdf5,1386469632.0,1386473728.0,H1,O4a,0.08594317734241486,263
1386472516.0,1386472548.0,E:\o4a\1386080512\H1_1386469632_1386473728.hdf5,1386469632.0,1386473728.0,H1,O4a,0.07295828312635422,263
1386472580.0,1386472612.0,E:\o4a\1386080512\H1_1386469632_1386473728.hdf5,1386469632.0,1386473728.0,H1,O4a,0.07689081132411957,263
1386472644.0,1386472676.0,E:\o4a\1386080512\H1_1386469632_1386473728.hdf5,1386469632.0,1386473728.0,H1,O4a,0.06828507035970688,263
1386472708.0,1386472740.0,E:\o4a\1386080512\H1_1386469632_1386473728.hdf5,1386469632.0,1386473728.0,H1,O4a,0.057061292231082916,263
1386605060.0,1386605092.0,E:\o4a\1386598912\H1_1386603008_1386607104.hdf5,1386603008.0,1386607104.0,H1,O4a,0.08283128589391708,265
1386605124.0,1386605156.0,E:\o4a\1386598912\H1_1386603008_1386607104.hdf5,1386603008.0,1386607104.0,H1,O4a,0.07421831786632538,265
1386605188.0,1386605220.0,E:\o4a\1386598912\H1_1386603008_1386607104.hdf5,1386603008.0,1386607104.0,H1,O4a,0.08483725786209106,265
1386605252.0,1386605284.0,E:\o4a\1386598912\H1_1386603008_1386607104.hdf5,1386603008.0,1386607104.0,H1,O4a,0.0863642618060112,265
1386605316.0,1386605348.0,E:\o4a\1386598912\H1_1386603008_1386607104.hdf5,1386603008.0,1386607104.0,H1,O4a,0.07599669694900513,265
1386605380.0,1386605412.0,E:\o4a\1386598912\H1_1386603008_1386607104.hdf5,1386603008.0,1386607104.0,H1,O4a,0.0610881969332695,265
1386605444.0,1386605476.0,E:\o4a\1386598912\H1_1386603008_1386607104.hdf5,1386603008.0,1386607104.0,H1,O4a,0.05628508701920509,265
1386605508.0,1386605540.0,E:\o4a\1386598912\H1_1386603008_1386607104.hdf5,1386603008.0,1386607104.0,H1,O4a,0.07173824310302734,265
1386605572.0,1386605604.0,E:\o4a\1386598912\H1_1386603008_1386607104.hdf5,1386603008.0,1386607104.0,H1,O4a,0.08006743341684341,265
1386605636.0,1386605668.0,E:\o4a\1386598912\H1_1386603008_1386607104.hdf5,1386603008.0,1386607104.0,H1,O4a,0.08904865384101868,265
1386605700.0,1386605732.0,E:\o4a\1386598912\H1_1386603008_1386607104.hdf5,1386603008.0,1386607104.0,H1,O4a,0.058799561113119125,265
1386605764.0,1386605796.0,E:\o4a\1386598912\H1_1386603008_1386607104.hdf5,1386603008.0,1386607104.0,H1,O4a,0.0882226899266243,265
1386605828.0,1386605860.0,E:\o4a\1386598912\H1_1386603008_1386607104.hdf5,1386603008.0,1386607104.0,H1,O4a,0.0680655762553215,265
1386605892.0,1386605924.0,E:\o4a\1386598912\H1_1386603008_1386607104.hdf5,1386603008.0,1386607104.0,H1,O4a,0.05907386168837547,265
1386605956.0,1386605988.0,E:\o4a\1386598912\H1_1386603008_1386607104.hdf5,1386603008.0,1386607104.0,H1,O4a,0.06640700250864029,265
1386606020.0,1386606052.0,E:\o4a\1386598912\H1_1386603008_1386607104.hdf5,1386603008.0,1386607104.0,H1,O4a,0.0671434998512268,265
1386606084.0,1386606116.0,E:\o4a\1386598912\H1_1386603008_1386607104.hdf5,1386603008.0,1386607104.0,H1,O4a,0.4309259355068207,265
1386668548.0,1386668580.0,E:\o4a\1386598912\H1_1386668544_1386672640.hdf5,1386668544.0,1386672640.0,H1,O4a,0.07370965927839279,266
1386668612.0,1386668644.0,E:\o4a\1386598912\H1_1386668544_1386672640.hdf5,1386668544.0,1386672640.0,H1,O4a,0.05698282644152641,266
1386668676.0,1386668708.0,E:\o4a\1386598912\H1_1386668544_1386672640.hdf5,1386668544.0,1386672640.0,H1,O4a,0.06146581098437309,266
1386668740.0,1386668772.0,E:\o4a\1386598912\H1_1386668544_1386672640.hdf5,1386668544.0,1386672640.0,H1,O4a,0.06056377664208412,266
1386668804.0,1386668836.0,E:\o4a\1386598912\H1_1386668544_1386672640.hdf5,1386668544.0,1386672640.0,H1,O4a,0.06848161667585373,266
1386668868.0,1386668900.0,E:\o4a\1386598912\H1_1386668544_1386672640.hdf5,1386668544.0,1386672640.0,H1,O4a,0.05444471910595894,266
1386668932.0,1386668964.0,E:\o4a\1386598912\H1_1386668544_1386672640.hdf5,1386668544.0,1386672640.0,H1,O4a,0.12140049785375595,266
1386668996.0,1386669028.0,E:\o4a\1386598912\H1_1386668544_1386672640.hdf5,1386668544.0,1386672640.0,H1,O4a,0.06426725536584854,266
1386669060.0,1386669092.0,E:\o4a\1386598912\H1_1386668544_1386672640.hdf5,1386668544.0,1386672640.0,H1,O4a,0.058733634650707245,266
1386669124.0,1386669156.0,E:\o4a\1386598912\H1_1386668544_1386672640.hdf5,1386668544.0,1386672640.0,H1,O4a,0.057793889194726944,266
1386669188.0,1386669220.0,E:\o4a\1386598912\H1_1386668544_1386672640.hdf5,1386668544.0,1386672640.0,H1,O4a,0.07201884686946869,266
1386669252.0,1386669284.0,E:\o4a\1386598912\H1_1386668544_1386672640.hdf5,1386668544.0,1386672640.0,H1,O4a,0.056188784539699554,266
1386669316.0,1386669348.0,E:\o4a\1386598912\H1_1386668544_1386672640.hdf5,1386668544.0,1386672640.0,H1,O4a,0.056864816695451736,266
1386669380.0,1386669412.0,E:\o4a\1386598912\H1_1386668544_1386672640.hdf5,1386668544.0,1386672640.0,H1,O4a,0.07323575019836426,266
1386669444.0,1386669476.0,E:\o4a\1386598912\H1_1386668544_1386672640.hdf5,1386668544.0,1386672640.0,H1,O4a,0.4149586260318756,266
1386669508.0,1386669540.0,E:\o4a\1386598912\H1_1386668544_1386672640.hdf5,1386668544.0,1386672640.0,H1,O4a,0.08166617900133133,266
1386669572.0,1386669604.0,E:\o4a\1386598912\H1_1386668544_1386672640.hdf5,1386668544.0,1386672640.0,H1,O4a,0.06861589848995209,266
1386768964.0,1386768996.0,E:\o4a\1386598912\H1_1386766848_1386770944.hdf5,1386766848.0,1386770944.0,H1,O4a,0.06554590910673141,268
1386769028.0,1386769060.0,E:\o4a\1386598912\H1_1386766848_1386770944.hdf5,1386766848.0,1386770944.0,H1,O4a,0.10605838894844055,268
1386769092.0,1386769124.0,E:\o4a\1386598912\H1_1386766848_1386770944.hdf5,1386766848.0,1386770944.0,H1,O4a,0.07086042314767838,268
1386769156.0,1386769188.0,E:\o4a\1386598912\H1_1386766848_1386770944.hdf5,1386766848.0,1386770944.0,H1,O4a,0.07568540424108505,268
1386769220.0,1386769252.0,E:\o4a\1386598912\H1_1386766848_1386770944.hdf5,1386766848.0,1386770944.0,H1,O4a,0.06296952068805695,268
1386769284.0,1386769316.0,E:\o4a\1386598912\H1_1386766848_1386770944.hdf5,1386766848.0,1386770944.0,H1,O4a,0.06578189134597778,268
1386769348.0,1386769380.0,E:\o4a\1386598912\H1_1386766848_1386770944.hdf5,1386766848.0,1386770944.0,H1,O4a,0.06878826767206192,268
1386769412.0,1386769444.0,E:\o4a\1386598912\H1_1386766848_1386770944.hdf5,1386766848.0,1386770944.0,H1,O4a,0.06406880170106888,268
1386769476.0,1386769508.0,E:\o4a\1386598912\H1_1386766848_1386770944.hdf5,1386766848.0,1386770944.0,H1,O4a,0.06507880240678787,268
1386769540.0,1386769572.0,E:\o4a\1386598912\H1_1386766848_1386770944.hdf5,1386766848.0,1386770944.0,H1,O4a,0.07060843706130981,268
1386769604.0,1386769636.0,E:\o4a\1386598912\H1_1386766848_1386770944.hdf5,1386766848.0,1386770944.0,H1,O4a,0.08188893646001816,268
1386769668.0,1386769700.0,E:\o4a\1386598912\H1_1386766848_1386770944.hdf5,1386766848.0,1386770944.0,H1,O4a,0.05432666838169098,268
1386769732.0,1386769764.0,E:\o4a\1386598912\H1_1386766848_1386770944.hdf5,1386766848.0,1386770944.0,H1,O4a,0.09772403538227081,268
1386769796.0,1386769828.0,E:\o4a\1386598912\H1_1386766848_1386770944.hdf5,1386766848.0,1386770944.0,H1,O4a,0.06855124980211258,268
1386769860.0,1386769892.0,E:\o4a\1386598912\H1_1386766848_1386770944.hdf5,1386766848.0,1386770944.0,H1,O4a,0.07195673137903214,268
1386769924.0,1386769956.0,E:\o4a\1386598912\H1_1386766848_1386770944.hdf5,1386766848.0,1386770944.0,H1,O4a,0.06744746118783951,268
1386769988.0,1386770020.0,E:\o4a\1386598912\H1_1386766848_1386770944.hdf5,1386766848.0,1386770944.0,H1,O4a,0.0775708258152008,268
1386866244.0,1386866276.0,E:\o4a\1386598912\H1_1386865152_1386869248.hdf5,1386865152.0,1386869248.0,H1,O4a,0.06623981148004532,270
1386866308.0,1386866340.0,E:\o4a\1386598912\H1_1386865152_1386869248.hdf5,1386865152.0,1386869248.0,H1,O4a,0.0632997453212738,270
1386866372.0,1386866404.0,E:\o4a\1386598912\H1_1386865152_1386869248.hdf5,1386865152.0,1386869248.0,H1,O4a,0.13703984022140503,270
1386866436.0,1386866468.0,E:\o4a\1386598912\H1_1386865152_1386869248.hdf5,1386865152.0,1386869248.0,H1,O4a,0.06907705962657928,270
1386866500.0,1386866532.0,E:\o4a\1386598912\H1_1386865152_1386869248.hdf5,1386865152.0,1386869248.0,H1,O4a,0.06735803186893463,270
1386866564.0,1386866596.0,E:\o4a\1386598912\H1_1386865152_1386869248.hdf5,1386865152.0,1386869248.0,H1,O4a,0.09724777936935425,270
1386866628.0,1386866660.0,E:\o4a\1386598912\H1_1386865152_1386869248.hdf5,1386865152.0,1386869248.0,H1,O4a,0.0875740498304367,270
1386866692.0,1386866724.0,E:\o4a\1386598912\H1_1386865152_1386869248.hdf5,1386865152.0,1386869248.0,H1,O4a,0.07574241608381271,270
1386866756.0,1386866788.0,E:\o4a\1386598912\H1_1386865152_1386869248.hdf5,1386865152.0,1386869248.0,H1,O4a,0.08621541410684586,270
1386866820.0,1386866852.0,E:\o4a\1386598912\H1_1386865152_1386869248.hdf5,1386865152.0,1386869248.0,H1,O4a,0.4155053496360779,270
1386866884.0,1386866916.0,E:\o4a\1386598912\H1_1386865152_1386869248.hdf5,1386865152.0,1386869248.0,H1,O4a,0.06108871474862099,270
1386866948.0,1386866980.0,E:\o4a\1386598912\H1_1386865152_1386869248.hdf5,1386865152.0,1386869248.0,H1,O4a,0.06542924046516418,270
1386867012.0,1386867044.0,E:\o4a\1386598912\H1_1386865152_1386869248.hdf5,1386865152.0,1386869248.0,H1,O4a,0.0718502327799797,270
1386867076.0,1386867108.0,E:\o4a\1386598912\H1_1386865152_1386869248.hdf5,1386865152.0,1386869248.0,H1,O4a,0.2347252517938614,270
1386867140.0,1386867172.0,E:\o4a\1386598912\H1_1386865152_1386869248.hdf5,1386865152.0,1386869248.0,H1,O4a,0.07376427948474884,270
1386867204.0,1386867236.0,E:\o4a\1386598912\H1_1386865152_1386869248.hdf5,1386865152.0,1386869248.0,H1,O4a,0.06402129679918289,270
1386867268.0,1386867300.0,E:\o4a\1386598912\H1_1386865152_1386869248.hdf5,1386865152.0,1386869248.0,H1,O4a,0.062053680419921875,270
1386907204.0,1386907236.0,E:\o4a\1386598912\H1_1386906112_1386910208.hdf5,1386906112.0,1386910208.0,H1,O4a,0.05612193048000336,271
1386907268.0,1386907300.0,E:\o4a\1386598912\H1_1386906112_1386910208.hdf5,1386906112.0,1386910208.0,H1,O4a,0.08029187470674515,271
1386907332.0,1386907364.0,E:\o4a\1386598912\H1_1386906112_1386910208.hdf5,1386906112.0,1386910208.0,H1,O4a,0.06986112892627716,271
1386907396.0,1386907428.0,E:\o4a\1386598912\H1_1386906112_1386910208.hdf5,1386906112.0,1386910208.0,H1,O4a,0.06406673043966293,271
1386907460.0,1386907492.0,E:\o4a\1386598912\H1_1386906112_1386910208.hdf5,1386906112.0,1386910208.0,H1,O4a,0.0559990219771862,271
1386907524.0,1386907556.0,E:\o4a\1386598912\H1_1386906112_1386910208.hdf5,1386906112.0,1386910208.0,H1,O4a,0.0678127184510231,271
1386907588.0,1386907620.0,E:\o4a\1386598912\H1_1386906112_1386910208.hdf5,1386906112.0,1386910208.0,H1,O4a,0.0559542290866375,271
1386907652.0,1386907684.0,E:\o4a\1386598912\H1_1386906112_1386910208.hdf5,1386906112.0,1386910208.0,H1,O4a,0.0711912289261818,271
1386907716.0,1386907748.0,E:\o4a\1386598912\H1_1386906112_1386910208.hdf5,1386906112.0,1386910208.0,H1,O4a,0.08301714062690735,271
1386907780.0,1386907812.0,E:\o4a\1386598912\H1_1386906112_1386910208.hdf5,1386906112.0,1386910208.0,H1,O4a,0.060488805174827576,271
1386907844.0,1386907876.0,E:\o4a\1386598912\H1_1386906112_1386910208.hdf5,1386906112.0,1386910208.0,H1,O4a,0.12266739457845688,271
1386907908.0,1386907940.0,E:\o4a\1386598912\H1_1386906112_1386910208.hdf5,1386906112.0,1386910208.0,H1,O4a,0.060014065355062485,271
1386907972.0,1386908004.0,E:\o4a\1386598912\H1_1386906112_1386910208.hdf5,1386906112.0,1386910208.0,H1,O4a,0.05712590739130974,271
1386908036.0,1386908068.0,E:\o4a\1386598912\H1_1386906112_1386910208.hdf5,1386906112.0,1386910208.0,H1,O4a,0.06892762333154678,271
1386908100.0,1386908132.0,E:\o4a\1386598912\H1_1386906112_1386910208.hdf5,1386906112.0,1386910208.0,H1,O4a,0.06610550731420517,271
1386908164.0,1386908196.0,E:\o4a\1386598912\H1_1386906112_1386910208.hdf5,1386906112.0,1386910208.0,H1,O4a,0.06039590761065483,271
1386908228.0,1386908260.0,E:\o4a\1386598912\H1_1386906112_1386910208.hdf5,1386906112.0,1386910208.0,H1,O4a,0.05525056645274162,271
1387021892.0,1387021924.0,E:\o4a\1386598912\H1_1387020800_1387024896.hdf5,1387020800.0,1387024896.0,H1,O4a,0.06582468003034592,273
1387021956.0,1387021988.0,E:\o4a\1386598912\H1_1387020800_1387024896.hdf5,1387020800.0,1387024896.0,H1,O4a,0.06147560104727745,273
1387022020.0,1387022052.0,E:\o4a\1386598912\H1_1387020800_1387024896.hdf5,1387020800.0,1387024896.0,H1,O4a,0.07579156756401062,273
1387022084.0,1387022116.0,E:\o4a\1386598912\H1_1387020800_1387024896.hdf5,1387020800.0,1387024896.0,H1,O4a,0.056102171540260315,273
1387022148.0,1387022180.0,E:\o4a\1386598912\H1_1387020800_1387024896.hdf5,1387020800.0,1387024896.0,H1,O4a,0.06866882741451263,273
1387022212.0,1387022244.0,E:\o4a\1386598912\H1_1387020800_1387024896.hdf5,1387020800.0,1387024896.0,H1,O4a,0.08412487059831619,273
1387022276.0,1387022308.0,E:\o4a\1386598912\H1_1387020800_1387024896.hdf5,1387020800.0,1387024896.0,H1,O4a,0.0679747611284256,273
1387022340.0,1387022372.0,E:\o4a\1386598912\H1_1387020800_1387024896.hdf5,1387020800.0,1387024896.0,H1,O4a,0.0768471509218216,273
1387022404.0,1387022436.0,E:\o4a\1386598912\H1_1387020800_1387024896.hdf5,1387020800.0,1387024896.0,H1,O4a,0.06642809510231018,273
1387022468.0,1387022500.0,E:\o4a\1386598912\H1_1387020800_1387024896.hdf5,1387020800.0,1387024896.0,H1,O4a,0.06221916526556015,273
1387022532.0,1387022564.0,E:\o4a\1386598912\H1_1387020800_1387024896.hdf5,1387020800.0,1387024896.0,H1,O4a,0.07355912774801254,273
1387022596.0,1387022628.0,E:\o4a\1386598912\H1_1387020800_1387024896.hdf5,1387020800.0,1387024896.0,H1,O4a,0.07234414666891098,273
1387022660.0,1387022692.0,E:\o4a\1386598912\H1_1387020800_1387024896.hdf5,1387020800.0,1387024896.0,H1,O4a,0.06425011903047562,273
1387022724.0,1387022756.0,E:\o4a\1386598912\H1_1387020800_1387024896.hdf5,1387020800.0,1387024896.0,H1,O4a,0.05962057039141655,273
1387022788.0,1387022820.0,E:\o4a\1386598912\H1_1387020800_1387024896.hdf5,1387020800.0,1387024896.0,H1,O4a,0.061913855373859406,273
1387022852.0,1387022884.0,E:\o4a\1386598912\H1_1387020800_1387024896.hdf5,1387020800.0,1387024896.0,H1,O4a,0.0758420005440712,273
1387022916.0,1387022948.0,E:\o4a\1386598912\H1_1387020800_1387024896.hdf5,1387020800.0,1387024896.0,H1,O4a,0.06054379791021347,273
1387108676.0,1387108708.0,E:\o4a\1386598912\H1_1387106816_1387110912.hdf5,1387106816.0,1387110912.0,H1,O4a,0.06192733347415924,274
1387108740.0,1387108772.0,E:\o4a\1386598912\H1_1387106816_1387110912.hdf5,1387106816.0,1387110912.0,H1,O4a,0.07478583604097366,274
1387108804.0,1387108836.0,E:\o4a\1386598912\H1_1387106816_1387110912.hdf5,1387106816.0,1387110912.0,H1,O4a,0.06611958146095276,274
1387108868.0,1387108900.0,E:\o4a\1386598912\H1_1387106816_1387110912.hdf5,1387106816.0,1387110912.0,H1,O4a,0.10383442044258118,274
1387108932.0,1387108964.0,E:\o4a\1386598912\H1_1387106816_1387110912.hdf5,1387106816.0,1387110912.0,H1,O4a,0.063912034034729,274
1387108996.0,1387109028.0,E:\o4a\1386598912\H1_1387106816_1387110912.hdf5,1387106816.0,1387110912.0,H1,O4a,0.06900814175605774,274
1387109060.0,1387109092.0,E:\o4a\1386598912\H1_1387106816_1387110912.hdf5,1387106816.0,1387110912.0,H1,O4a,0.061117563396692276,274
1387109124.0,1387109156.0,E:\o4a\1386598912\H1_1387106816_1387110912.hdf5,1387106816.0,1387110912.0,H1,O4a,0.05040927976369858,274
1387109188.0,1387109220.0,E:\o4a\1386598912\H1_1387106816_1387110912.hdf5,1387106816.0,1387110912.0,H1,O4a,0.06046289578080177,274
1387109252.0,1387109284.0,E:\o4a\1386598912\H1_1387106816_1387110912.hdf5,1387106816.0,1387110912.0,H1,O4a,0.06571000069379807,274
1387109316.0,1387109348.0,E:\o4a\1386598912\H1_1387106816_1387110912.hdf5,1387106816.0,1387110912.0,H1,O4a,0.07502593845129013,274
1387109380.0,1387109412.0,E:\o4a\1386598912\H1_1387106816_1387110912.hdf5,1387106816.0,1387110912.0,H1,O4a,0.07646085321903229,274
1387109444.0,1387109476.0,E:\o4a\1386598912\H1_1387106816_1387110912.hdf5,1387106816.0,1387110912.0,H1,O4a,0.060884904116392136,274
1387109508.0,1387109540.0,E:\o4a\1386598912\H1_1387106816_1387110912.hdf5,1387106816.0,1387110912.0,H1,O4a,0.08550789952278137,274
1387109572.0,1387109604.0,E:\o4a\1386598912\H1_1387106816_1387110912.hdf5,1387106816.0,1387110912.0,H1,O4a,0.05792795121669769,274
1387109636.0,1387109668.0,E:\o4a\1386598912\H1_1387106816_1387110912.hdf5,1387106816.0,1387110912.0,H1,O4a,0.06465926021337509,274
1387109700.0,1387109732.0,E:\o4a\1386598912\H1_1387106816_1387110912.hdf5,1387106816.0,1387110912.0,H1,O4a,0.06588748842477798,274
1387175748.0,1387175780.0,E:\o4a\1387117312\H1_1387174656_1387178752.hdf5,1387174656.0,1387178752.0,H1,O4a,0.060886889696121216,275
1387175812.0,1387175844.0,E:\o4a\1387117312\H1_1387174656_1387178752.hdf5,1387174656.0,1387178752.0,H1,O4a,0.1032721996307373,275
1387175876.0,1387175908.0,E:\o4a\1387117312\H1_1387174656_1387178752.hdf5,1387174656.0,1387178752.0,H1,O4a,0.06445417553186417,275
1387175940.0,1387175972.0,E:\o4a\1387117312\H1_1387174656_1387178752.hdf5,1387174656.0,1387178752.0,H1,O4a,0.05691257864236832,275
1387176004.0,1387176036.0,E:\o4a\1387117312\H1_1387174656_1387178752.hdf5,1387174656.0,1387178752.0,H1,O4a,0.07501639425754547,275
1387176068.0,1387176100.0,E:\o4a\1387117312\H1_1387174656_1387178752.hdf5,1387174656.0,1387178752.0,H1,O4a,0.05865933373570442,275
1387176132.0,1387176164.0,E:\o4a\1387117312\H1_1387174656_1387178752.hdf5,1387174656.0,1387178752.0,H1,O4a,0.08531559258699417,275
1387176196.0,1387176228.0,E:\o4a\1387117312\H1_1387174656_1387178752.hdf5,1387174656.0,1387178752.0,H1,O4a,0.08915980905294418,275
1387176260.0,1387176292.0,E:\o4a\1387117312\H1_1387174656_1387178752.hdf5,1387174656.0,1387178752.0,H1,O4a,0.10964273661375046,275
1387176324.0,1387176356.0,E:\o4a\1387117312\H1_1387174656_1387178752.hdf5,1387174656.0,1387178752.0,H1,O4a,0.08773719519376755,275
1387176388.0,1387176420.0,E:\o4a\1387117312\H1_1387174656_1387178752.hdf5,1387174656.0,1387178752.0,H1,O4a,0.07226225733757019,275
1387176452.0,1387176484.0,E:\o4a\1387117312\H1_1387174656_1387178752.hdf5,1387174656.0,1387178752.0,H1,O4a,0.058488089591264725,275
1387176516.0,1387176548.0,E:\o4a\1387117312\H1_1387174656_1387178752.hdf5,1387174656.0,1387178752.0,H1,O4a,0.0632428303360939,275
1387176580.0,1387176612.0,E:\o4a\1387117312\H1_1387174656_1387178752.hdf5,1387174656.0,1387178752.0,H1,O4a,0.05692316219210625,275
1387176644.0,1387176676.0,E:\o4a\1387117312\H1_1387174656_1387178752.hdf5,1387174656.0,1387178752.0,H1,O4a,0.06484705209732056,275
1387176708.0,1387176740.0,E:\o4a\1387117312\H1_1387174656_1387178752.hdf5,1387174656.0,1387178752.0,H1,O4a,0.0675060898065567,275
1387176772.0,1387176804.0,E:\o4a\1387117312\H1_1387174656_1387178752.hdf5,1387174656.0,1387178752.0,H1,O4a,0.07046812027692795,275
1387268868.0,1387268900.0,E:\o4a\1387117312\H1_1387268864_1387272960.hdf5,1387268864.0,1387272960.0,H1,O4a,0.07676710933446884,276
1387268932.0,1387268964.0,E:\o4a\1387117312\H1_1387268864_1387272960.hdf5,1387268864.0,1387272960.0,H1,O4a,0.08430083096027374,276
1387268996.0,1387269028.0,E:\o4a\1387117312\H1_1387268864_1387272960.hdf5,1387268864.0,1387272960.0,H1,O4a,0.07249102741479874,276
1387269060.0,1387269092.0,E:\o4a\1387117312\H1_1387268864_1387272960.hdf5,1387268864.0,1387272960.0,H1,O4a,0.07542171329259872,276
1387269124.0,1387269156.0,E:\o4a\1387117312\H1_1387268864_1387272960.hdf5,1387268864.0,1387272960.0,H1,O4a,0.08092427253723145,276
1387269188.0,1387269220.0,E:\o4a\1387117312\H1_1387268864_1387272960.hdf5,1387268864.0,1387272960.0,H1,O4a,0.05893606320023537,276
1387269252.0,1387269284.0,E:\o4a\1387117312\H1_1387268864_1387272960.hdf5,1387268864.0,1387272960.0,H1,O4a,0.06613396853208542,276
1387269316.0,1387269348.0,E:\o4a\1387117312\H1_1387268864_1387272960.hdf5,1387268864.0,1387272960.0,H1,O4a,0.06978171318769455,276
1387269380.0,1387269412.0,E:\o4a\1387117312\H1_1387268864_1387272960.hdf5,1387268864.0,1387272960.0,H1,O4a,0.07108137011528015,276
1387269444.0,1387269476.0,E:\o4a\1387117312\H1_1387268864_1387272960.hdf5,1387268864.0,1387272960.0,H1,O4a,0.08068469166755676,276
1387269508.0,1387269540.0,E:\o4a\1387117312\H1_1387268864_1387272960.hdf5,1387268864.0,1387272960.0,H1,O4a,0.06317928433418274,276
1387269572.0,1387269604.0,E:\o4a\1387117312\H1_1387268864_1387272960.hdf5,1387268864.0,1387272960.0,H1,O4a,0.10440816730260849,276
1387269636.0,1387269668.0,E:\o4a\1387117312\H1_1387268864_1387272960.hdf5,1387268864.0,1387272960.0,H1,O4a,0.0597296878695488,276
1387269700.0,1387269732.0,E:\o4a\1387117312\H1_1387268864_1387272960.hdf5,1387268864.0,1387272960.0,H1,O4a,0.10943615436553955,276
1387269764.0,1387269796.0,E:\o4a\1387117312\H1_1387268864_1387272960.hdf5,1387268864.0,1387272960.0,H1,O4a,0.06948444247245789,276
1387269828.0,1387269860.0,E:\o4a\1387117312\H1_1387268864_1387272960.hdf5,1387268864.0,1387272960.0,H1,O4a,0.07246702909469604,276
1387269892.0,1387269924.0,E:\o4a\1387117312\H1_1387268864_1387272960.hdf5,1387268864.0,1387272960.0,H1,O4a,0.06339827924966812,276
1387328260.0,1387328292.0,E:\o4a\1387117312\H1_1387326208_1387330304.hdf5,1387326208.0,1387330304.0,H1,O4a,0.07679206877946854,277
1387328324.0,1387328356.0,E:\o4a\1387117312\H1_1387326208_1387330304.hdf5,1387326208.0,1387330304.0,H1,O4a,0.06142253801226616,277
1387328388.0,1387328420.0,E:\o4a\1387117312\H1_1387326208_1387330304.hdf5,1387326208.0,1387330304.0,H1,O4a,0.07226438075304031,277
1387328452.0,1387328484.0,E:\o4a\1387117312\H1_1387326208_1387330304.hdf5,1387326208.0,1387330304.0,H1,O4a,0.06507129222154617,277
1387328516.0,1387328548.0,E:\o4a\1387117312\H1_1387326208_1387330304.hdf5,1387326208.0,1387330304.0,H1,O4a,0.06408073008060455,277
1387328580.0,1387328612.0,E:\o4a\1387117312\H1_1387326208_1387330304.hdf5,1387326208.0,1387330304.0,H1,O4a,0.0711757093667984,277
1387328644.0,1387328676.0,E:\o4a\1387117312\H1_1387326208_1387330304.hdf5,1387326208.0,1387330304.0,H1,O4a,0.06247911602258682,277
1387328708.0,1387328740.0,E:\o4a\1387117312\H1_1387326208_1387330304.hdf5,1387326208.0,1387330304.0,H1,O4a,0.07286900281906128,277
1387328772.0,1387328804.0,E:\o4a\1387117312\H1_1387326208_1387330304.hdf5,1387326208.0,1387330304.0,H1,O4a,0.08032982796430588,277
1387328836.0,1387328868.0,E:\o4a\1387117312\H1_1387326208_1387330304.hdf5,1387326208.0,1387330304.0,H1,O4a,0.07714096456766129,277
1387328900.0,1387328932.0,E:\o4a\1387117312\H1_1387326208_1387330304.hdf5,1387326208.0,1387330304.0,H1,O4a,0.05836807191371918,277
1387328964.0,1387328996.0,E:\o4a\1387117312\H1_1387326208_1387330304.hdf5,1387326208.0,1387330304.0,H1,O4a,0.07181276381015778,277
1387329028.0,1387329060.0,E:\o4a\1387117312\H1_1387326208_1387330304.hdf5,1387326208.0,1387330304.0,H1,O4a,0.09355492144823074,277
1387329092.0,1387329124.0,E:\o4a\1387117312\H1_1387326208_1387330304.hdf5,1387326208.0,1387330304.0,H1,O4a,0.058161672204732895,277
1387329156.0,1387329188.0,E:\o4a\1387117312\H1_1387326208_1387330304.hdf5,1387326208.0,1387330304.0,H1,O4a,0.07109814137220383,277
1387329220.0,1387329252.0,E:\o4a\1387117312\H1_1387326208_1387330304.hdf5,1387326208.0,1387330304.0,H1,O4a,0.06758799403905869,277
1387329284.0,1387329316.0,E:\o4a\1387117312\H1_1387326208_1387330304.hdf5,1387326208.0,1387330304.0,H1,O4a,0.0709955021739006,277
1387389316.0,1387389348.0,E:\o4a\1387117312\H1_1387387648_1387391744.hdf5,1387387648.0,1387391744.0,H1,O4a,0.06457331776618958,278
1387389380.0,1387389412.0,E:\o4a\1387117312\H1_1387387648_1387391744.hdf5,1387387648.0,1387391744.0,H1,O4a,0.06302995979785919,278
1387389444.0,1387389476.0,E:\o4a\1387117312\H1_1387387648_1387391744.hdf5,1387387648.0,1387391744.0,H1,O4a,0.06861454993486404,278
1387389508.0,1387389540.0,E:\o4a\1387117312\H1_1387387648_1387391744.hdf5,1387387648.0,1387391744.0,H1,O4a,0.06430938839912415,278
1387389572.0,1387389604.0,E:\o4a\1387117312\H1_1387387648_1387391744.hdf5,1387387648.0,1387391744.0,H1,O4a,0.0629926398396492,278
1387389636.0,1387389668.0,E:\o4a\1387117312\H1_1387387648_1387391744.hdf5,1387387648.0,1387391744.0,H1,O4a,0.0737958550453186,278
1387389700.0,1387389732.0,E:\o4a\1387117312\H1_1387387648_1387391744.hdf5,1387387648.0,1387391744.0,H1,O4a,0.06958737224340439,278
1387389764.0,1387389796.0,E:\o4a\1387117312\H1_1387387648_1387391744.hdf5,1387387648.0,1387391744.0,H1,O4a,0.0949295237660408,278
1387389828.0,1387389860.0,E:\o4a\1387117312\H1_1387387648_1387391744.hdf5,1387387648.0,1387391744.0,H1,O4a,0.08122693747282028,278
1387389892.0,1387389924.0,E:\o4a\1387117312\H1_1387387648_1387391744.hdf5,1387387648.0,1387391744.0,H1,O4a,0.06986033916473389,278
1387389956.0,1387389988.0,E:\o4a\1387117312\H1_1387387648_1387391744.hdf5,1387387648.0,1387391744.0,H1,O4a,0.05270540341734886,278
1387390020.0,1387390052.0,E:\o4a\1387117312\H1_1387387648_1387391744.hdf5,1387387648.0,1387391744.0,H1,O4a,0.07138795405626297,278
1387390084.0,1387390116.0,E:\o4a\1387117312\H1_1387387648_1387391744.hdf5,1387387648.0,1387391744.0,H1,O4a,0.07195787131786346,278
1387390148.0,1387390180.0,E:\o4a\1387117312\H1_1387387648_1387391744.hdf5,1387387648.0,1387391744.0,H1,O4a,0.061166707426309586,278
1387390212.0,1387390244.0,E:\o4a\1387117312\H1_1387387648_1387391744.hdf5,1387387648.0,1387391744.0,H1,O4a,0.08307097852230072,278
1387390276.0,1387390308.0,E:\o4a\1387117312\H1_1387387648_1387391744.hdf5,1387387648.0,1387391744.0,H1,O4a,0.06963136792182922,278
1387390340.0,1387390372.0,E:\o4a\1387117312\H1_1387387648_1387391744.hdf5,1387387648.0,1387391744.0,H1,O4a,0.06151706352829933,278
1387437892.0,1387437924.0,E:\o4a\1387117312\H1_1387436800_1387440896.hdf5,1387436800.0,1387440896.0,H1,O4a,0.06413773447275162,279
1387437956.0,1387437988.0,E:\o4a\1387117312\H1_1387436800_1387440896.hdf5,1387436800.0,1387440896.0,H1,O4a,0.05587543547153473,279
1387438020.0,1387438052.0,E:\o4a\1387117312\H1_1387436800_1387440896.hdf5,1387436800.0,1387440896.0,H1,O4a,0.08741876482963562,279
1387438084.0,1387438116.0,E:\o4a\1387117312\H1_1387436800_1387440896.hdf5,1387436800.0,1387440896.0,H1,O4a,0.06237443909049034,279
1387438148.0,1387438180.0,E:\o4a\1387117312\H1_1387436800_1387440896.hdf5,1387436800.0,1387440896.0,H1,O4a,0.07619989663362503,279
1387438212.0,1387438244.0,E:\o4a\1387117312\H1_1387436800_1387440896.hdf5,1387436800.0,1387440896.0,H1,O4a,0.05963295325636864,279
1387438276.0,1387438308.0,E:\o4a\1387117312\H1_1387436800_1387440896.hdf5,1387436800.0,1387440896.0,H1,O4a,0.05387148633599281,279
1387438340.0,1387438372.0,E:\o4a\1387117312\H1_1387436800_1387440896.hdf5,1387436800.0,1387440896.0,H1,O4a,0.06334498524665833,279
1387438404.0,1387438436.0,E:\o4a\1387117312\H1_1387436800_1387440896.hdf5,1387436800.0,1387440896.0,H1,O4a,0.07042235136032104,279
1387438468.0,1387438500.0,E:\o4a\1387117312\H1_1387436800_1387440896.hdf5,1387436800.0,1387440896.0,H1,O4a,0.058961909264326096,279
1387438532.0,1387438564.0,E:\o4a\1387117312\H1_1387436800_1387440896.hdf5,1387436800.0,1387440896.0,H1,O4a,0.08444027602672577,279
1387438596.0,1387438628.0,E:\o4a\1387117312\H1_1387436800_1387440896.hdf5,1387436800.0,1387440896.0,H1,O4a,0.06523177027702332,279
1387438660.0,1387438692.0,E:\o4a\1387117312\H1_1387436800_1387440896.hdf5,1387436800.0,1387440896.0,H1,O4a,0.08505357056856155,279
1387438724.0,1387438756.0,E:\o4a\1387117312\H1_1387436800_1387440896.hdf5,1387436800.0,1387440896.0,H1,O4a,0.06515412032604218,279
1387438788.0,1387438820.0,E:\o4a\1387117312\H1_1387436800_1387440896.hdf5,1387436800.0,1387440896.0,H1,O4a,0.07841046154499054,279
1387438852.0,1387438884.0,E:\o4a\1387117312\H1_1387436800_1387440896.hdf5,1387436800.0,1387440896.0,H1,O4a,0.06461864709854126,279
1387438916.0,1387438948.0,E:\o4a\1387117312\H1_1387436800_1387440896.hdf5,1387436800.0,1387440896.0,H1,O4a,0.06788364797830582,279
1387537668.0,1387537700.0,E:\o4a\1387117312\H1_1387535104_1387539200.hdf5,1387535104.0,1387539200.0,H1,O4a,0.0849655345082283,280
1387537732.0,1387537764.0,E:\o4a\1387117312\H1_1387535104_1387539200.hdf5,1387535104.0,1387539200.0,H1,O4a,0.05509107932448387,280
1387537796.0,1387537828.0,E:\o4a\1387117312\H1_1387535104_1387539200.hdf5,1387535104.0,1387539200.0,H1,O4a,0.09338170289993286,280
1387537860.0,1387537892.0,E:\o4a\1387117312\H1_1387535104_1387539200.hdf5,1387535104.0,1387539200.0,H1,O4a,0.07049818336963654,280
1387537924.0,1387537956.0,E:\o4a\1387117312\H1_1387535104_1387539200.hdf5,1387535104.0,1387539200.0,H1,O4a,0.1199168860912323,280
1387537988.0,1387538020.0,E:\o4a\1387117312\H1_1387535104_1387539200.hdf5,1387535104.0,1387539200.0,H1,O4a,0.0684022605419159,280
1387538052.0,1387538084.0,E:\o4a\1387117312\H1_1387535104_1387539200.hdf5,1387535104.0,1387539200.0,H1,O4a,0.07687049359083176,280
1387538116.0,1387538148.0,E:\o4a\1387117312\H1_1387535104_1387539200.hdf5,1387535104.0,1387539200.0,H1,O4a,0.11226388812065125,280
1387538180.0,1387538212.0,E:\o4a\1387117312\H1_1387535104_1387539200.hdf5,1387535104.0,1387539200.0,H1,O4a,0.3985360860824585,280
1387538244.0,1387538276.0,E:\o4a\1387117312\H1_1387535104_1387539200.hdf5,1387535104.0,1387539200.0,H1,O4a,0.06354359537363052,280
1387538308.0,1387538340.0,E:\o4a\1387117312\H1_1387535104_1387539200.hdf5,1387535104.0,1387539200.0,H1,O4a,0.08075489103794098,280
1387538372.0,1387538404.0,E:\o4a\1387117312\H1_1387535104_1387539200.hdf5,1387535104.0,1387539200.0,H1,O4a,0.08774419128894806,280
1387538436.0,1387538468.0,E:\o4a\1387117312\H1_1387535104_1387539200.hdf5,1387535104.0,1387539200.0,H1,O4a,0.06032687798142433,280
1387538500.0,1387538532.0,E:\o4a\1387117312\H1_1387535104_1387539200.hdf5,1387535104.0,1387539200.0,H1,O4a,0.07938116043806076,280
1387538564.0,1387538596.0,E:\o4a\1387117312\H1_1387535104_1387539200.hdf5,1387535104.0,1387539200.0,H1,O4a,0.06953190267086029,280
1387538628.0,1387538660.0,E:\o4a\1387117312\H1_1387535104_1387539200.hdf5,1387535104.0,1387539200.0,H1,O4a,0.06322329491376877,280
1387538692.0,1387538724.0,E:\o4a\1387117312\H1_1387535104_1387539200.hdf5,1387535104.0,1387539200.0,H1,O4a,0.07991296797990799,280
1388180804.0,1388180836.0,E:\o4a\1388154112\H1_1388178688_1388182784.hdf5,1388178688.0,1388182784.0,H1,O4a,0.08213171362876892,281
1388180868.0,1388180900.0,E:\o4a\1388154112\H1_1388178688_1388182784.hdf5,1388178688.0,1388182784.0,H1,O4a,0.0855061486363411,281
1388180932.0,1388180964.0,E:\o4a\1388154112\H1_1388178688_1388182784.hdf5,1388178688.0,1388182784.0,H1,O4a,0.0719575434923172,281
1388180996.0,1388181028.0,E:\o4a\1388154112\H1_1388178688_1388182784.hdf5,1388178688.0,1388182784.0,H1,O4a,0.06552326679229736,281
1388181060.0,1388181092.0,E:\o4a\1388154112\H1_1388178688_1388182784.hdf5,1388178688.0,1388182784.0,H1,O4a,0.07307068258523941,281
1388181124.0,1388181156.0,E:\o4a\1388154112\H1_1388178688_1388182784.hdf5,1388178688.0,1388182784.0,H1,O4a,0.07607941329479218,281
1388181188.0,1388181220.0,E:\o4a\1388154112\H1_1388178688_1388182784.hdf5,1388178688.0,1388182784.0,H1,O4a,0.09369247406721115,281
1388181252.0,1388181284.0,E:\o4a\1388154112\H1_1388178688_1388182784.hdf5,1388178688.0,1388182784.0,H1,O4a,0.0791616216301918,281
1388181316.0,1388181348.0,E:\o4a\1388154112\H1_1388178688_1388182784.hdf5,1388178688.0,1388182784.0,H1,O4a,0.07936882227659225,281
1388181380.0,1388181412.0,E:\o4a\1388154112\H1_1388178688_1388182784.hdf5,1388178688.0,1388182784.0,H1,O4a,0.12744398415088654,281
1388181444.0,1388181476.0,E:\o4a\1388154112\H1_1388178688_1388182784.hdf5,1388178688.0,1388182784.0,H1,O4a,0.06821595877408981,281
1388181508.0,1388181540.0,E:\o4a\1388154112\H1_1388178688_1388182784.hdf5,1388178688.0,1388182784.0,H1,O4a,0.08224272727966309,281
1388181572.0,1388181604.0,E:\o4a\1388154112\H1_1388178688_1388182784.hdf5,1388178688.0,1388182784.0,H1,O4a,0.06691757589578629,281
1388181636.0,1388181668.0,E:\o4a\1388154112\H1_1388178688_1388182784.hdf5,1388178688.0,1388182784.0,H1,O4a,0.0724843218922615,281
1388181700.0,1388181732.0,E:\o4a\1388154112\H1_1388178688_1388182784.hdf5,1388178688.0,1388182784.0,H1,O4a,0.05538566783070564,281
1388181764.0,1388181796.0,E:\o4a\1388154112\H1_1388178688_1388182784.hdf5,1388178688.0,1388182784.0,H1,O4a,0.07659711688756943,281
1388181828.0,1388181860.0,E:\o4a\1388154112\H1_1388178688_1388182784.hdf5,1388178688.0,1388182784.0,H1,O4a,0.07663051038980484,281
1388293380.0,1388293412.0,E:\o4a\1388154112\H1_1388293376_1388297472.hdf5,1388293376.0,1388297472.0,H1,O4a,0.06339059770107269,282
1388293444.0,1388293476.0,E:\o4a\1388154112\H1_1388293376_1388297472.hdf5,1388293376.0,1388297472.0,H1,O4a,0.056532781571149826,282
1388293508.0,1388293540.0,E:\o4a\1388154112\H1_1388293376_1388297472.hdf5,1388293376.0,1388297472.0,H1,O4a,0.05653443932533264,282
1388293572.0,1388293604.0,E:\o4a\1388154112\H1_1388293376_1388297472.hdf5,1388293376.0,1388297472.0,H1,O4a,0.05411388725042343,282
1388293636.0,1388293668.0,E:\o4a\1388154112\H1_1388293376_1388297472.hdf5,1388293376.0,1388297472.0,H1,O4a,0.05961478501558304,282
1388293700.0,1388293732.0,E:\o4a\1388154112\H1_1388293376_1388297472.hdf5,1388293376.0,1388297472.0,H1,O4a,0.06871051341295242,282
1388293764.0,1388293796.0,E:\o4a\1388154112\H1_1388293376_1388297472.hdf5,1388293376.0,1388297472.0,H1,O4a,0.07158631831407547,282
1388293828.0,1388293860.0,E:\o4a\1388154112\H1_1388293376_1388297472.hdf5,1388293376.0,1388297472.0,H1,O4a,0.061458658427000046,282
1388293892.0,1388293924.0,E:\o4a\1388154112\H1_1388293376_1388297472.hdf5,1388293376.0,1388297472.0,H1,O4a,0.07173265516757965,282
1388293956.0,1388293988.0,E:\o4a\1388154112\H1_1388293376_1388297472.hdf5,1388293376.0,1388297472.0,H1,O4a,0.07334858924150467,282
1388294020.0,1388294052.0,E:\o4a\1388154112\H1_1388293376_1388297472.hdf5,1388293376.0,1388297472.0,H1,O4a,0.06319386512041092,282
1388294084.0,1388294116.0,E:\o4a\1388154112\H1_1388293376_1388297472.hdf5,1388293376.0,1388297472.0,H1,O4a,0.05945487692952156,282
1388294148.0,1388294180.0,E:\o4a\1388154112\H1_1388293376_1388297472.hdf5,1388293376.0,1388297472.0,H1,O4a,0.10632897168397903,282
1388294212.0,1388294244.0,E:\o4a\1388154112\H1_1388293376_1388297472.hdf5,1388293376.0,1388297472.0,H1,O4a,0.056267909705638885,282
1388294276.0,1388294308.0,E:\o4a\1388154112\H1_1388293376_1388297472.hdf5,1388293376.0,1388297472.0,H1,O4a,0.0975593850016594,282
1388294340.0,1388294372.0,E:\o4a\1388154112\H1_1388293376_1388297472.hdf5,1388293376.0,1388297472.0,H1,O4a,0.06336827576160431,282
1388294404.0,1388294436.0,E:\o4a\1388154112\H1_1388293376_1388297472.hdf5,1388293376.0,1388297472.0,H1,O4a,0.05930643901228905,282
1388358916.0,1388358948.0,E:\o4a\1388154112\H1_1388358912_1388363008.hdf5,1388358912.0,1388363008.0,H1,O4a,0.06468231230974197,283
1388358980.0,1388359012.0,E:\o4a\1388154112\H1_1388358912_1388363008.hdf5,1388358912.0,1388363008.0,H1,O4a,0.0591963455080986,283
1388359044.0,1388359076.0,E:\o4a\1388154112\H1_1388358912_1388363008.hdf5,1388358912.0,1388363008.0,H1,O4a,0.054270219057798386,283
1388359108.0,1388359140.0,E:\o4a\1388154112\H1_1388358912_1388363008.hdf5,1388358912.0,1388363008.0,H1,O4a,0.06096658483147621,283
1388359172.0,1388359204.0,E:\o4a\1388154112\H1_1388358912_1388363008.hdf5,1388358912.0,1388363008.0,H1,O4a,0.08700845390558243,283
1388359236.0,1388359268.0,E:\o4a\1388154112\H1_1388358912_1388363008.hdf5,1388358912.0,1388363008.0,H1,O4a,0.0678182914853096,283
1388359300.0,1388359332.0,E:\o4a\1388154112\H1_1388358912_1388363008.hdf5,1388358912.0,1388363008.0,H1,O4a,0.07260942459106445,283
1388359364.0,1388359396.0,E:\o4a\1388154112\H1_1388358912_1388363008.hdf5,1388358912.0,1388363008.0,H1,O4a,0.08843819051980972,283
1388359428.0,1388359460.0,E:\o4a\1388154112\H1_1388358912_1388363008.hdf5,1388358912.0,1388363008.0,H1,O4a,0.06837804615497589,283
1388359492.0,1388359524.0,E:\o4a\1388154112\H1_1388358912_1388363008.hdf5,1388358912.0,1388363008.0,H1,O4a,0.055073823779821396,283
1388359556.0,1388359588.0,E:\o4a\1388154112\H1_1388358912_1388363008.hdf5,1388358912.0,1388363008.0,H1,O4a,0.07422932237386703,283
1388359620.0,1388359652.0,E:\o4a\1388154112\H1_1388358912_1388363008.hdf5,1388358912.0,1388363008.0,H1,O4a,0.06743992120027542,283
1388359684.0,1388359716.0,E:\o4a\1388154112\H1_1388358912_1388363008.hdf5,1388358912.0,1388363008.0,H1,O4a,0.08454765379428864,283
1388359748.0,1388359780.0,E:\o4a\1388154112\H1_1388358912_1388363008.hdf5,1388358912.0,1388363008.0,H1,O4a,0.06880826503038406,283
1388359812.0,1388359844.0,E:\o4a\1388154112\H1_1388358912_1388363008.hdf5,1388358912.0,1388363008.0,H1,O4a,0.07064966857433319,283
1388359876.0,1388359908.0,E:\o4a\1388154112\H1_1388358912_1388363008.hdf5,1388358912.0,1388363008.0,H1,O4a,0.06617053598165512,283
1388359940.0,1388359972.0,E:\o4a\1388154112\H1_1388358912_1388363008.hdf5,1388358912.0,1388363008.0,H1,O4a,0.07685282826423645,283
1388420996.0,1388421028.0,E:\o4a\1388154112\H1_1388420352_1388424448.hdf5,1388420352.0,1388424448.0,H1,O4a,0.07334788143634796,284
1388421060.0,1388421092.0,E:\o4a\1388154112\H1_1388420352_1388424448.hdf5,1388420352.0,1388424448.0,H1,O4a,0.06375069916248322,284
1388421124.0,1388421156.0,E:\o4a\1388154112\H1_1388420352_1388424448.hdf5,1388420352.0,1388424448.0,H1,O4a,0.07415348291397095,284
1388421188.0,1388421220.0,E:\o4a\1388154112\H1_1388420352_1388424448.hdf5,1388420352.0,1388424448.0,H1,O4a,0.05791261047124863,284
1388421252.0,1388421284.0,E:\o4a\1388154112\H1_1388420352_1388424448.hdf5,1388420352.0,1388424448.0,H1,O4a,0.05456118658185005,284
1388421316.0,1388421348.0,E:\o4a\1388154112\H1_1388420352_1388424448.hdf5,1388420352.0,1388424448.0,H1,O4a,0.057863179594278336,284
1388421380.0,1388421412.0,E:\o4a\1388154112\H1_1388420352_1388424448.hdf5,1388420352.0,1388424448.0,H1,O4a,0.06202863156795502,284
1388421444.0,1388421476.0,E:\o4a\1388154112\H1_1388420352_1388424448.hdf5,1388420352.0,1388424448.0,H1,O4a,0.05195080116391182,284
1388421508.0,1388421540.0,E:\o4a\1388154112\H1_1388420352_1388424448.hdf5,1388420352.0,1388424448.0,H1,O4a,0.08355842530727386,284
1388421572.0,1388421604.0,E:\o4a\1388154112\H1_1388420352_1388424448.hdf5,1388420352.0,1388424448.0,H1,O4a,0.09343109279870987,284
1388421636.0,1388421668.0,E:\o4a\1388154112\H1_1388420352_1388424448.hdf5,1388420352.0,1388424448.0,H1,O4a,0.07475315779447556,284
1388421700.0,1388421732.0,E:\o4a\1388154112\H1_1388420352_1388424448.hdf5,1388420352.0,1388424448.0,H1,O4a,0.06479542702436447,284
1388421764.0,1388421796.0,E:\o4a\1388154112\H1_1388420352_1388424448.hdf5,1388420352.0,1388424448.0,H1,O4a,0.05915983393788338,284
1388421828.0,1388421860.0,E:\o4a\1388154112\H1_1388420352_1388424448.hdf5,1388420352.0,1388424448.0,H1,O4a,0.066164530813694,284
1388421892.0,1388421924.0,E:\o4a\1388154112\H1_1388420352_1388424448.hdf5,1388420352.0,1388424448.0,H1,O4a,0.05657593533396721,284
1388421956.0,1388421988.0,E:\o4a\1388154112\H1_1388420352_1388424448.hdf5,1388420352.0,1388424448.0,H1,O4a,0.06582579761743546,284
1388422020.0,1388422052.0,E:\o4a\1388154112\H1_1388420352_1388424448.hdf5,1388420352.0,1388424448.0,H1,O4a,0.06842894852161407,284
1388511876.0,1388511908.0,E:\o4a\1388154112\H1_1388510464_1388514560.hdf5,1388510464.0,1388514560.0,H1,O4a,0.09176362305879593,285
1388511940.0,1388511972.0,E:\o4a\1388154112\H1_1388510464_1388514560.hdf5,1388510464.0,1388514560.0,H1,O4a,0.06737197190523148,285
1388512004.0,1388512036.0,E:\o4a\1388154112\H1_1388510464_1388514560.hdf5,1388510464.0,1388514560.0,H1,O4a,0.06588864326477051,285
1388512068.0,1388512100.0,E:\o4a\1388154112\H1_1388510464_1388514560.hdf5,1388510464.0,1388514560.0,H1,O4a,0.10322429239749908,285
1388512132.0,1388512164.0,E:\o4a\1388154112\H1_1388510464_1388514560.hdf5,1388510464.0,1388514560.0,H1,O4a,0.07375671714544296,285
1388512196.0,1388512228.0,E:\o4a\1388154112\H1_1388510464_1388514560.hdf5,1388510464.0,1388514560.0,H1,O4a,0.19723662734031677,285
1388512260.0,1388512292.0,E:\o4a\1388154112\H1_1388510464_1388514560.hdf5,1388510464.0,1388514560.0,H1,O4a,0.07627036422491074,285
1388512324.0,1388512356.0,E:\o4a\1388154112\H1_1388510464_1388514560.hdf5,1388510464.0,1388514560.0,H1,O4a,0.07999194413423538,285
1388512388.0,1388512420.0,E:\o4a\1388154112\H1_1388510464_1388514560.hdf5,1388510464.0,1388514560.0,H1,O4a,0.07520070672035217,285
1388512452.0,1388512484.0,E:\o4a\1388154112\H1_1388510464_1388514560.hdf5,1388510464.0,1388514560.0,H1,O4a,0.06252435594797134,285
1388512516.0,1388512548.0,E:\o4a\1388154112\H1_1388510464_1388514560.hdf5,1388510464.0,1388514560.0,H1,O4a,0.06525109708309174,285
1388512580.0,1388512612.0,E:\o4a\1388154112\H1_1388510464_1388514560.hdf5,1388510464.0,1388514560.0,H1,O4a,0.060590535402297974,285
1388512644.0,1388512676.0,E:\o4a\1388154112\H1_1388510464_1388514560.hdf5,1388510464.0,1388514560.0,H1,O4a,0.07208186388015747,285
1388512708.0,1388512740.0,E:\o4a\1388154112\H1_1388510464_1388514560.hdf5,1388510464.0,1388514560.0,H1,O4a,0.06247502937912941,285
1388512772.0,1388512804.0,E:\o4a\1388154112\H1_1388510464_1388514560.hdf5,1388510464.0,1388514560.0,H1,O4a,0.10843651741743088,285
1388512836.0,1388512868.0,E:\o4a\1388154112\H1_1388510464_1388514560.hdf5,1388510464.0,1388514560.0,H1,O4a,0.06093887612223625,285
1388512900.0,1388512932.0,E:\o4a\1388154112\H1_1388510464_1388514560.hdf5,1388510464.0,1388514560.0,H1,O4a,0.06362472474575043,285
1388667204.0,1388667236.0,E:\o4a\1388154112\H1_1388666112_1388670208.hdf5,1388666112.0,1388670208.0,H1,O4a,0.09012532234191895,286
1388667268.0,1388667300.0,E:\o4a\1388154112\H1_1388666112_1388670208.hdf5,1388666112.0,1388670208.0,H1,O4a,0.07762952148914337,286
1388667332.0,1388667364.0,E:\o4a\1388154112\H1_1388666112_1388670208.hdf5,1388666112.0,1388670208.0,H1,O4a,0.07169872522354126,286
1388667396.0,1388667428.0,E:\o4a\1388154112\H1_1388666112_1388670208.hdf5,1388666112.0,1388670208.0,H1,O4a,0.06436574459075928,286
1388667460.0,1388667492.0,E:\o4a\1388154112\H1_1388666112_1388670208.hdf5,1388666112.0,1388670208.0,H1,O4a,0.055508702993392944,286
1388667524.0,1388667556.0,E:\o4a\1388154112\H1_1388666112_1388670208.hdf5,1388666112.0,1388670208.0,H1,O4a,0.10545311123132706,286
1388667588.0,1388667620.0,E:\o4a\1388154112\H1_1388666112_1388670208.hdf5,1388666112.0,1388670208.0,H1,O4a,0.0607856810092926,286
1388667652.0,1388667684.0,E:\o4a\1388154112\H1_1388666112_1388670208.hdf5,1388666112.0,1388670208.0,H1,O4a,0.0777793601155281,286
1388667716.0,1388667748.0,E:\o4a\1388154112\H1_1388666112_1388670208.hdf5,1388666112.0,1388670208.0,H1,O4a,0.07187668234109879,286
1388667780.0,1388667812.0,E:\o4a\1388154112\H1_1388666112_1388670208.hdf5,1388666112.0,1388670208.0,H1,O4a,0.07706789672374725,286
1388667844.0,1388667876.0,E:\o4a\1388154112\H1_1388666112_1388670208.hdf5,1388666112.0,1388670208.0,H1,O4a,0.06863241642713547,286
1388667908.0,1388667940.0,E:\o4a\1388154112\H1_1388666112_1388670208.hdf5,1388666112.0,1388670208.0,H1,O4a,0.06446844339370728,286
1388667972.0,1388668004.0,E:\o4a\1388154112\H1_1388666112_1388670208.hdf5,1388666112.0,1388670208.0,H1,O4a,0.05565566197037697,286
1388668036.0,1388668068.0,E:\o4a\1388154112\H1_1388666112_1388670208.hdf5,1388666112.0,1388670208.0,H1,O4a,0.06685986369848251,286
1388668100.0,1388668132.0,E:\o4a\1388154112\H1_1388666112_1388670208.hdf5,1388666112.0,1388670208.0,H1,O4a,0.07161647081375122,286
1388668164.0,1388668196.0,E:\o4a\1388154112\H1_1388666112_1388670208.hdf5,1388666112.0,1388670208.0,H1,O4a,0.06483496725559235,286
1388668228.0,1388668260.0,E:\o4a\1388154112\H1_1388666112_1388670208.hdf5,1388666112.0,1388670208.0,H1,O4a,0.07754955440759659,286
1388716228.0,1388716260.0,E:\o4a\1388672512\H1_1388713472_1388717568.hdf5,1388713472.0,1388717568.0,H1,O4a,0.08505638688802719,287
1388716292.0,1388716324.0,E:\o4a\1388672512\H1_1388713472_1388717568.hdf5,1388713472.0,1388717568.0,H1,O4a,0.07066268473863602,287
1388716356.0,1388716388.0,E:\o4a\1388672512\H1_1388713472_1388717568.hdf5,1388713472.0,1388717568.0,H1,O4a,0.06751152873039246,287
1388716420.0,1388716452.0,E:\o4a\1388672512\H1_1388713472_1388717568.hdf5,1388713472.0,1388717568.0,H1,O4a,0.10688579827547073,287
1388716484.0,1388716516.0,E:\o4a\1388672512\H1_1388713472_1388717568.hdf5,1388713472.0,1388717568.0,H1,O4a,0.06446120142936707,287
1388716548.0,1388716580.0,E:\o4a\1388672512\H1_1388713472_1388717568.hdf5,1388713472.0,1388717568.0,H1,O4a,0.08853478729724884,287
1388716612.0,1388716644.0,E:\o4a\1388672512\H1_1388713472_1388717568.hdf5,1388713472.0,1388717568.0,H1,O4a,0.1067965030670166,287
1388716676.0,1388716708.0,E:\o4a\1388672512\H1_1388713472_1388717568.hdf5,1388713472.0,1388717568.0,H1,O4a,0.10804758965969086,287
1388716740.0,1388716772.0,E:\o4a\1388672512\H1_1388713472_1388717568.hdf5,1388713472.0,1388717568.0,H1,O4a,0.05869216099381447,287
1388716804.0,1388716836.0,E:\o4a\1388672512\H1_1388713472_1388717568.hdf5,1388713472.0,1388717568.0,H1,O4a,0.09631669521331787,287
1388716868.0,1388716900.0,E:\o4a\1388672512\H1_1388713472_1388717568.hdf5,1388713472.0,1388717568.0,H1,O4a,0.10087122023105621,287
1388716932.0,1388716964.0,E:\o4a\1388672512\H1_1388713472_1388717568.hdf5,1388713472.0,1388717568.0,H1,O4a,0.05741260200738907,287
1388716996.0,1388717028.0,E:\o4a\1388672512\H1_1388713472_1388717568.hdf5,1388713472.0,1388717568.0,H1,O4a,0.06176254525780678,287
1388717060.0,1388717092.0,E:\o4a\1388672512\H1_1388713472_1388717568.hdf5,1388713472.0,1388717568.0,H1,O4a,0.06628942489624023,287
1388717124.0,1388717156.0,E:\o4a\1388672512\H1_1388713472_1388717568.hdf5,1388713472.0,1388717568.0,H1,O4a,0.06576460599899292,287
1388717188.0,1388717220.0,E:\o4a\1388672512\H1_1388713472_1388717568.hdf5,1388713472.0,1388717568.0,H1,O4a,0.06009598448872566,287
1388717252.0,1388717284.0,E:\o4a\1388672512\H1_1388713472_1388717568.hdf5,1388713472.0,1388717568.0,H1,O4a,0.07657206803560257,287
1388971524.0,1388971556.0,E:\o4a\1388672512\H1_1388971520_1388975616.hdf5,1388971520.0,1388975616.0,H1,O4a,0.060648538172245026,289
1388971588.0,1388971620.0,E:\o4a\1388672512\H1_1388971520_1388975616.hdf5,1388971520.0,1388975616.0,H1,O4a,0.059645794332027435,289
1388971652.0,1388971684.0,E:\o4a\1388672512\H1_1388971520_1388975616.hdf5,1388971520.0,1388975616.0,H1,O4a,0.05848786607384682,289
1388971716.0,1388971748.0,E:\o4a\1388672512\H1_1388971520_1388975616.hdf5,1388971520.0,1388975616.0,H1,O4a,0.05564442276954651,289
1388971780.0,1388971812.0,E:\o4a\1388672512\H1_1388971520_1388975616.hdf5,1388971520.0,1388975616.0,H1,O4a,0.06049366667866707,289
1388971844.0,1388971876.0,E:\o4a\1388672512\H1_1388971520_1388975616.hdf5,1388971520.0,1388975616.0,H1,O4a,0.08944239467382431,289
1388971908.0,1388971940.0,E:\o4a\1388672512\H1_1388971520_1388975616.hdf5,1388971520.0,1388975616.0,H1,O4a,0.06810618191957474,289
1388971972.0,1388972004.0,E:\o4a\1388672512\H1_1388971520_1388975616.hdf5,1388971520.0,1388975616.0,H1,O4a,0.07443001121282578,289
1388972036.0,1388972068.0,E:\o4a\1388672512\H1_1388971520_1388975616.hdf5,1388971520.0,1388975616.0,H1,O4a,0.06179196760058403,289
1388972100.0,1388972132.0,E:\o4a\1388672512\H1_1388971520_1388975616.hdf5,1388971520.0,1388975616.0,H1,O4a,0.0859149768948555,289
1388972164.0,1388972196.0,E:\o4a\1388672512\H1_1388971520_1388975616.hdf5,1388971520.0,1388975616.0,H1,O4a,0.06341465562582016,289
1388972228.0,1388972260.0,E:\o4a\1388672512\H1_1388971520_1388975616.hdf5,1388971520.0,1388975616.0,H1,O4a,0.07858812063932419,289
1388972292.0,1388972324.0,E:\o4a\1388672512\H1_1388971520_1388975616.hdf5,1388971520.0,1388975616.0,H1,O4a,0.07487784326076508,289
1388972356.0,1388972388.0,E:\o4a\1388672512\H1_1388971520_1388975616.hdf5,1388971520.0,1388975616.0,H1,O4a,0.09593155980110168,289
1388972420.0,1388972452.0,E:\o4a\1388672512\H1_1388971520_1388975616.hdf5,1388971520.0,1388975616.0,H1,O4a,0.06707115471363068,289
1388972484.0,1388972516.0,E:\o4a\1388672512\H1_1388971520_1388975616.hdf5,1388971520.0,1388975616.0,H1,O4a,0.07354246824979782,289
1388972548.0,1388972580.0,E:\o4a\1388672512\H1_1388971520_1388975616.hdf5,1388971520.0,1388975616.0,H1,O4a,0.06192883476614952,289
1389035460.0,1389035492.0,E:\o4a\1388672512\H1_1389032960_1389037056.hdf5,1389032960.0,1389037056.0,H1,O4a,0.06384535133838654,290
1389035524.0,1389035556.0,E:\o4a\1388672512\H1_1389032960_1389037056.hdf5,1389032960.0,1389037056.0,H1,O4a,0.06291885673999786,290
