shift_id,offset_s,covered_any,covered_both,overlap_any,overlap_both
0,15803589.85165508,114,76,3,0
1,8998967.803108778,122,92,4,0
2,17522463.11839239,118,82,4,0
3,14248270.98692594,115,71,4,0
4,1998915.9099632315,111,79,1,0
5,19898948.468098585,118,83,2,0
6,15543320.612139292,111,78,1,0
7,16049479.485842267,111,73,3,0
8,2688080.4069219152,113,71,2,0
9,9232657.472408019,111,71,3,0
10,7616417.956905567,106,63,1,0
11,18906772.687541865,113,77,0,0
12,13161755.312550103,111,61,0,0
13,16794713.73765871,110,77,1,0
14,9091078.18410591,118,78,3,0
15,4701073.066516535,114,78,4,0
16,11348686.020802766,108,69,7,0
17,1382375.3100611507,121,75,2,0
18,16893602.78835656,114,79,2,0
19,12913987.951611243,112,81,4,0
20,15481342.590557737,109,76,3,0
21,7285971.550394115,114,69,1,0
22,19798947.200201936,120,85,3,0
23,18223546.48336266,113,74,2,0
24,15893500.705175126,111,71,2,0
25,4039045.0235746168,107,77,1,0
26,9564383.45528712,117,67,1,0
27,975949.3541007271,114,86,2,0
28,3219649.2891109344,107,74,3,0
29,13957484.922866471,108,73,3,0
30,15210731.957313588,110,75,2,0
31,19734200.642380964,116,74,1,0
32,6703131.042926335,113,75,4,0
33,7609547.526273703,114,63,2,0
34,9621951.593064597,117,72,4,0
35,3934108.57174004,108,72,1,0
36,2724793.961750624,112,75,3,0
37,9746825.359825771,111,67,2,0
38,4694384.296785735,108,74,2,0
39,13688714.678414548,109,79,2,0
40,8963906.307691744,114,80,1,0
41,16996095.73426414,116,87,2,0
42,14307103.585420875,112,74,2,1
43,6429816.806529937,116,73,3,0
44,16987599.142813183,115,83,1,0
45,16429232.666302053,116,88,3,0
46,7955155.929993171,115,69,2,0
47,5941651.803373825,108,76,3,0
48,13946245.696522212,114,77,4,0
49,2924437.53614442,111,71,3,0
50,4146055.81258351,102,71,2,0
51,235910.02919551954,113,72,2,0
52,16066945.488562426,113,79,1,0
53,13587925.255328352,107,74,3,0
54,14406616.442992162,108,71,0,0
55,15941132.870381715,103,61,2,0
56,9405878.003322393,112,76,0,0
57,11636168.710932985,110,79,2,0
58,2925341.5191772166,111,68,3,0
59,2412230.921339134,122,77,2,0
60,13660059.986856181,105,74,2,0
61,9653233.315872278,117,82,3,0
62,11564988.75597739,112,84,3,0
63,15621690.79686168,109,76,2,0
64,12976005.755243998,115,70,2,0
65,11328269.036802316,114,78,0,0
66,11442555.33755356,107,75,1,0
67,6258897.011416303,107,69,1,0
68,712236.2572718863,112,80,2,0
69,8955082.053575123,109,66,1,0
70,4444099.7017498715,115,79,1,0
71,8382636.285302421,106,70,2,0
72,17416968.25070061,107,72,3,0
73,4837149.503158994,114,75,1,0
74,1270388.757124877,110,84,1,0
75,5800631.525625897,116,82,2,0
76,6048584.595222704,118,90,3,0
77,13528335.814467894,111,65,4,0
78,11398386.136885744,109,72,2,0
79,16005491.271249402,103,66,2,0
80,13577013.651552455,114,77,0,0
81,8339141.827380376,110,77,5,0
82,16617200.363643965,116,73,4,0
83,3477219.268317688,104,75,2,0
84,547627.696373185,106,76,0,0
85,1915055.9374874225,114,76,2,0
86,14755784.748172473,118,75,3,0
87,9466018.041053075,114,68,2,0
88,3361442.7799027716,115,70,2,0
89,10261416.874889065,107,74,3,0
90,3179493.257057939,109,73,2,0
91,14226995.648928633,108,76,1,0
92,9146763.181847187,116,80,3,0
93,7824026.651076928,108,81,4,0
94,6209386.901579417,107,68,2,0
95,12885926.78802114,114,74,2,0
96,7433945.770074031,112,75,4,0
97,1866359.5015036527,109,80,5,0
98,2482816.657902577,112,78,2,0
99,19620233.012605723,118,86,0,0
100,18537493.234613802,109,80,4,0
101,14295772.590575177,113,71,2,0
102,5485580.829335339,110,67,3,0
103,19768046.200626638,112,71,1,0
104,15900961.85737577,108,73,3,0
105,14644719.20536522,117,76,1,0
106,9211853.640935203,110,74,3,0
107,5614972.741326751,110,68,2,0
108,2043869.1030284022,112,78,1,0
109,18416088.428053718,112,75,1,0
110,9342122.58342504,109,67,3,0
111,4195914.266915619,107,71,3,0
112,6299644.740601791,116,78,3,0
113,11848959.318244446,118,67,0,0
114,3676230.966816742,104,73,6,0
115,17482180.235634323,112,69,3,0
116,15490111.204081513,107,76,2,0
117,14696965.924269244,108,76,5,0
118,8861172.614536896,107,76,3,0
119,12825537.013448935,111,74,3,0
120,11948027.91349227,108,73,3,0
121,13283224.845734663,115,82,2,0
122,1801261.4959804118,112,75,1,0
123,8530450.400319872,108,66,1,0
124,931483.9971177677,116,80,0,0
125,10118167.960889993,106,78,4,0
126,6785089.555569271,113,75,3,0
127,3021339.417816134,114,68,2,0
128,2186266.10732249,110,61,1,0
129,12020050.913956106,121,77,3,0
130,3550733.767859668,109,70,3,0
131,18873369.315948647,108,74,2,0
132,11886357.20057974,110,74,0,0
133,7130493.2425716575,110,79,4,0
134,12086475.43480802,115,80,2,0
135,549491.8913226849,103,77,1,0
136,19552437.078821976,119,71,3,0
137,9880825.276061641,111,68,3,0
138,15981873.900907913,108,68,0,0
139,1766447.7464249134,105,65,2,0
140,9969262.719329026,107,75,3,0
141,10051481.35855387,106,66,6,0
142,19131404.51704996,121,78,2,0
143,11696824.596432388,101,70,2,0
144,9701833.360904194,114,78,5,0
145,5508034.975804938,109,65,3,0
146,6819770.570433613,115,70,3,0
147,10660006.880431,103,73,3,0
148,8999638.371290766,120,92,2,0
149,525289.4733777982,110,78,1,0
150,16866405.87976934,118,87,1,0
151,18285274.490213245,112,81,2,0
152,2934522.399748188,113,72,1,0
153,11337544.3885336,108,72,1,0
154,2291312.7206821335,112,73,2,0
155,13737982.91341528,111,75,2,0
156,5797583.188689046,117,85,4,0
157,13477691.096269265,105,70,0,0
158,14849915.829092298,109,81,3,0
159,15695785.80686701,105,67,4,0
160,2274360.034093965,114,66,6,0
161,18688402.146316487,121,81,2,0
162,4761493.641496882,115,79,6,0
163,846159.2258033885,113,79,0,0
164,11354122.007414488,104,66,1,0
165,7618941.371764861,106,68,5,0
166,16937438.187635794,118,83,2,0
167,16500047.594093015,118,76,1,0
168,6526729.7798865745,117,79,4,0
169,19437499.75531835,105,68,2,0
170,5994243.089814273,107,76,3,0
171,10545974.157585965,114,73,1,0
172,5284436.67321065,107,76,3,0
173,19095198.40312633,118,82,3,0
174,3429189.7163285916,111,68,3,0
175,998426.8943716602,108,80,4,0
176,8922177.055717694,108,77,0,0
177,20239166.004620317,118,74,2,0
178,18194225.25219829,111,78,0,0
179,15288832.215923943,108,70,3,0
180,18176257.587764733,119,79,1,0
181,18230156.980328325,111,73,2,0
182,10623168.039383853,116,81,2,0
183,6502160.812959012,119,79,1,0
184,15764119.6663371,108,71,3,0
185,13523152.267905625,109,69,2,0
186,7674491.694875754,111,75,2,0
187,2004791.3083260274,113,69,2,0
188,15251904.711431481,110,69,0,0
189,5416343.173155167,112,78,1,0
190,19110826.735779773,113,77,2,0
191,4979934.048985444,105,75,2,0
192,2579318.9882394937,113,79,2,0
193,16964303.700443745,114,73,3,0
194,3199236.588283575,113,79,1,0
195,3726909.094744102,109,70,1,0
196,12258425.977088682,111,76,1,0
197,17846656.100510895,107,78,4,0
198,4075516.6174652674,107,75,2,0
199,6388329.019785965,116,82,1,0
200,15873626.493066538,112,74,1,0
201,19821862.3298757,114,68,3,0
202,10255251.712922687,111,67,3,0
203,3008612.92280978,111,70,3,0
204,369412.5562630737,111,77,1,0
205,4750162.794804753,117,79,6,0
206,2763392.8699215543,117,76,0,0
207,13848021.280260464,114,80,2,0
208,2560525.7709943587,116,83,2,0
209,10368745.719379166,115,83,0,0
210,14185203.838061482,114,77,0,0
211,11887483.653414397,109,74,2,0
212,4143364.023651786,102,76,1,0
213,16416239.227898918,116,80,2,0
214,14614601.825385854,115,74,1,0
215,15093391.557915255,106,72,4,0
216,2747868.3955252944,119,78,1,0
217,2599542.743009738,115,76,5,0
218,18922969.260819755,116,70,1,1
219,8160258.928919365,108,76,5,0
220,6197945.653210612,114,74,1,0
221,10008369.359380798,114,72,2,0
222,13547581.287117727,112,82,3,0
223,19492814.854807045,118,72,1,0
224,5903435.39703002,105,67,1,0
225,18867039.659096923,103,74,1,0
226,591236.6072755388,106,84,5,0
227,11361139.764356226,109,69,1,0
228,12960912.977974804,119,80,1,0
229,2236922.1164087974,110,68,2,0
230,2936360.4013351123,116,73,1,0
231,8597605.95094777,105,72,1,0
232,19708251.17903888,119,90,5,0
233,12190593.754062349,119,77,1,0
234,19033862.37496845,111,82,1,0
235,16421039.729901964,117,81,2,0
236,9577798.611744238,117,67,2,0
237,16023062.222033722,109,73,2,0
238,448622.2742910761,110,77,1,0
239,2302852.628719839,110,72,3,0
240,16930104.539592657,115,82,4,0
241,16267842.702872055,115,77,1,0
242,4810775.131557549,115,71,4,0
243,10865056.538049338,108,69,2,0
244,12393126.880447542,109,78,4,0
245,17708095.577701725,112,80,1,0
246,12334058.908371905,116,77,0,0
247,8464738.400182191,113,79,2,0
248,7685179.879895703,110,73,0,0
249,8735043.057238689,107,74,0,0
250,13325554.495067883,118,71,6,0
251,17703052.75337351,110,75,6,0
252,9303956.322452664,111,74,0,0
253,5119426.708591,113,70,1,0
254,4892444.602809679,106,73,3,0
255,15236159.597471813,102,63,1,0
256,16668951.820107402,118,82,3,0
257,2224345.134445628,115,61,2,0
258,1438050.643502976,112,78,3,0
259,12157921.07010052,117,84,3,0
260,3054827.7737676394,118,77,5,0
261,16833350.5141112,109,78,3,0
262,6388552.424180534,116,82,2,0
263,3008093.6660047765,110,70,4,0
264,18789099.967086144,109,72,0,0
265,3447952.0126189347,116,76,2,0
266,5868381.54408586,115,78,3,0
267,3205919.38420225,113,77,1,0
268,2431726.0168905626,125,80,1,0
269,515865.4565538896,108,81,6,0
270,1211347.8111441287,120,77,3,0
271,3632949.135176922,112,72,3,0
272,1170458.935019627,107,78,3,0
273,12091112.160055159,117,73,2,0
274,13910078.324433656,112,79,0,0
275,8080089.865162097,103,76,1,0
276,6544036.000463438,111,74,2,0
277,10332117.01095264,107,69,4,0
278,17855650.364923537,109,84,0,0
279,17370840.62485463,110,76,2,0
280,969274.1693309736,115,89,4,0
281,3772197.1027223724,111,78,2,0
282,4894120.144439632,106,71,4,0
283,5150863.134970224,114,64,0,0
284,11686764.19853153,107,71,4,0
285,8539690.836210147,113,76,3,0
286,1086632.9658416077,106,75,2,0
287,7673606.478181596,109,77,3,0
288,10722565.38137829,109,68,3,0
289,2151112.3354075025,117,85,1,0
290,17011942.926916555,113,81,0,0
291,1141620.7994267512,109,78,0,0
292,18867718.739271197,105,75,2,0
293,2099150.03394748,113,73,0,0
294,17217382.687066525,111,74,0,0
295,18417118.985624477,113,76,0,0
296,19979129.55308029,118,85,5,0
297,16373620.766244028,110,68,2,0
298,15915718.106967838,104,65,3,0
299,13133693.375607183,109,74,1,0
300,15905946.370230813,106,67,2,0
301,2818832.4275708254,110,78,4,0
302,10972655.246810239,112,81,5,0
303,10529032.35867886,112,72,2,0
304,17501632.07398325,109,82,2,0
305,9484744.396726882,109,65,2,0
306,7906643.4510075385,113,75,3,0
307,13074395.086974736,109,69,1,0
308,5497630.466480182,113,76,5,0
309,2924760.9822885743,111,69,6,0
310,9790940.52996462,113,75,1,0
311,8552422.541677486,110,59,0,0
312,4809337.324284156,117,72,2,0
313,7549682.835093973,105,66,0,0
314,7526951.314091502,110,77,1,0
315,6737048.923864208,114,77,1,0
316,7792404.745462582,108,70,3,0
317,14012201.562181156,116,82,3,0
318,6115248.695003834,113,76,3,0
319,19355427.232564446,112,64,5,0
320,18695229.041573502,118,69,5,0
321,9852536.613746675,120,74,5,0
322,6754628.006753218,115,75,3,0
323,10959795.537951771,115,77,3,0
324,17318626.981819257,112,73,3,0
325,13338882.677158328,112,67,3,0
326,16421667.485218069,117,81,3,0
327,10904710.893432625,114,75,4,0
328,12939438.048115134,121,82,1,0
329,5938148.95057176,108,74,3,0
330,15010316.382932462,110,78,2,0
331,4196751.515359838,105,70,4,0
332,14196082.480794534,114,77,2,0
333,17565538.551934928,114,74,2,0
334,2769091.5787848337,118,78,1,0
335,12562978.01902909,102,62,3,0
336,2017566.41675422,112,75,1,0
337,14823942.69268483,103,75,2,0
338,1802254.4905805194,111,74,2,0
339,19093091.543475233,118,79,2,0
340,2876825.2800356713,109,70,4,0
341,19558956.48182324,117,74,3,0
342,16350435.49426571,112,72,1,0
343,12142656.673900932,114,78,2,0
344,15979617.267174987,112,74,1,0
345,16233274.104132915,110,77,1,0
346,19297939.180869218,114,78,2,0
347,5232007.796424678,110,68,1,0
348,12069425.2525784,117,79,2,0
349,2016621.0844588343,112,76,6,0
350,12599246.569809847,112,90,0,0
351,3564915.286994718,109,72,3,0
352,11559191.037537761,112,78,0,0
353,11711089.906793807,112,74,2,0
354,9549440.092681572,115,64,2,0
355,10699797.044410292,109,80,2,0
356,15599850.634897785,109,67,2,0
357,16317142.005040444,106,71,2,0
358,10080850.640619585,106,67,1,0
359,12262703.773064602,112,73,2,0
360,18997572.97990031,121,89,2,0
361,2517901.8218454015,116,75,1,0
362,2464492.374873084,119,86,1,0
363,1867559.5302791204,108,75,2,0
364,13446024.447289024,112,78,4,0
365,8587329.92913071,103,71,4,0
366,15811009.590442095,118,76,3,0
367,13717499.048905576,106,75,3,0
368,6861782.1410265295,111,73,3,0
369,18330068.497199122,118,86,0,0
370,15571597.82985198,103,77,1,0
371,5580315.366027485,114,76,1,0
372,7482265.820107764,114,70,1,0
373,6471921.34199609,114,78,3,0
374,3287114.315617043,107,70,2,0
375,3087525.6162378113,119,78,3,0
376,19096902.07524926,119,86,1,0
377,8979180.025817402,116,86,3,0
378,7870705.633034528,115,72,3,0
379,14904565.49753672,114,73,2,0
380,11316361.97192979,110,78,3,0
381,19097156.396720756,120,84,3,0
382,15932450.617714373,103,66,4,0
383,9821245.360415516,115,76,2,0
384,7729357.643659227,106,70,0,0
385,20122518.761705164,116,84,5,0
386,14662387.76866759,115,77,1,0
387,19402880.677494004,115,66,1,0
388,2492415.554692789,109,67,0,0
389,17358697.743534736,109,62,3,0
390,13023841.606539847,113,78,3,0
391,2562336.674958132,117,83,5,0
392,12032508.160174945,111,74,2,0
393,14019370.544015411,114,79,3,0
394,336238.023951391,112,83,0,0
395,9312507.441897452,116,66,0,0
396,16848283.11357041,114,79,2,0
397,6084432.94307764,116,75,3,0
398,9398411.025932256,112,74,2,0
399,9068738.366843948,115,74,2,0
400,6217820.694457542,111,73,2,0
401,18737750.63737167,115,72,2,0
402,15952606.753929053,102,64,1,0
403,2332185.2151446138,116,80,3,0
404,20333781.0175023,107,75,2,0
405,17940842.41363197,110,72,0,0
406,5851898.992767758,109,73,0,0
407,17081760.981122468,118,79,0,0
408,2247525.2854312947,115,69,1,0
409,20375819.22457865,114,83,3,0
410,13604859.346957108,111,78,1,0
411,13288878.765961826,115,87,3,0
412,1923034.1073029742,115,74,1,0
413,18302995.451433107,113,90,2,0
414,675310.3112750832,112,79,4,0
415,4977039.871476398,109,69,2,0
416,2990831.032133957,111,61,3,0
417,15860692.632401297,117,79,1,0
418,4111452.164548645,99,66,2,0
419,18579276.861283164,109,71,0,0
420,13413649.14304694,110,79,6,0
421,820777.8596420928,118,78,0,0
422,196666.89955199749,111,63,0,0
423,1135448.3155616075,110,79,3,0
424,12391286.137598995,109,74,2,0
425,16362572.02220866,114,73,2,1
426,4930835.2601727545,111,84,2,0
427,17335855.018544596,117,86,2,0
428,1248643.3478563507,110,79,4,1
429,16352053.554213705,109,74,3,0
430,18927698.4777666,116,67,3,0
431,15766068.525652118,108,73,3,0
432,14263557.632724572,111,73,1,0
433,17103767.088366058,118,81,5,0
434,901776.530682006,107,72,5,1
435,4184110.391638289,107,69,2,0
436,2623300.1098672776,103,81,0,0
437,10332213.536443094,107,68,2,0
438,15219382.434850844,106,78,1,0
439,12880428.534919674,111,76,3,0
440,17370829.92152547,110,76,1,0
441,3238403.3652966972,109,71,2,0
442,15004791.286582487,105,65,2,0
443,4006609.379969357,109,78,3,0
444,5584860.41826136,109,74,1,0
445,14502860.630509807,114,70,0,0
446,19992006.68980847,114,83,2,0
447,12505382.932739938,104,72,1,0
448,1193170.5967172345,107,74,3,0
449,12602156.037700366,112,82,2,0
450,946438.0612694013,120,89,1,0
451,18041277.448152777,112,85,2,0
452,14496231.982509365,114,66,1,0
453,3602211.0540096266,107,64,1,0
454,1949033.4978754846,118,83,2,0
455,3813519.3988099657,111,75,6,0
456,19988399.95151472,117,88,2,0
457,9398666.102790028,112,73,0,0
458,16009202.266537976,103,72,0,0
459,13010326.04818789,108,80,5,0
460,11710737.284100024,111,71,2,0
461,3033647.1596359634,121,76,3,0
462,19297886.193076372,114,78,2,0
463,6205945.644055886,106,69,0,0
464,11824542.411733244,117,76,3,0
465,14297169.972336918,112,70,2,0
466,13270767.223459635,114,85,3,0
467,19187615.03433271,117,81,2,0
468,3100839.6317005698,115,68,2,0
469,10409824.071285121,105,66,2,0
470,8291368.793407179,109,71,4,0
471,9715628.890841216,118,72,1,0
472,2507421.835013319,114,66,0,0
473,2809539.6994521692,114,81,2,0
474,5733446.9535074625,108,66,4,0
475,6274219.211333457,113,78,1,0
476,8776087.302155383,115,75,2,0
477,12494090.710201032,108,63,1,0
478,12974194.264883118,116,73,5,0
479,8449290.963501126,110,75,3,0
480,8387803.873034209,108,71,1,0
481,4505913.068751225,111,72,3,0
482,12033487.970190777,113,74,0,0
483,6524740.01066594,117,78,1,0
484,818688.6905709911,116,73,1,0
485,8583100.736719858,103,73,1,0
486,9714896.712661143,119,74,1,0
487,4667649.730343835,108,77,6,0
488,11711646.722670676,113,75,2,0
489,11575869.445211278,112,76,3,0
490,14342379.493116979,113,78,1,0
491,13244678.597149294,116,71,1,0
492,13335749.5386065,115,73,3,0
493,6507950.509581937,115,75,2,0
494,16077258.591201957,113,68,0,0
495,11238204.48438885,116,82,1,0
496,8847468.140435137,107,71,0,0
497,12799211.05795861,109,76,3,0
498,7410484.885081984,108,73,3,0
499,10498903.483776204,109,78,0,0
500,15047124.439421536,113,77,3,0
501,18087115.262430366,116,73,3,0
502,18790861.139791835,107,71,2,0
503,10313975.991448306,108,70,2,0
504,10651938.92010558,106,76,3,0
505,16329848.353627685,112,75,0,0
506,6472138.867664541,113,78,3,0
507,17091626.061558716,118,79,4,0
508,10121230.900817228,107,77,3,0
509,2439172.0151108964,120,79,0,0
510,1549748.3350985113,115,73,4,0
511,17185261.332505003,114,80,1,0
512,1214851.0293781136,122,79,3,0
513,5784944.800427831,115,78,3,0
514,6871779.210489192,118,78,5,0
515,3599501.9951728103,108,68,2,0
516,6460820.996590877,114,74,2,0
517,15168703.568026349,106,65,0,0
518,384573.31388049317,107,69,2,0
519,16884307.035796292,116,80,5,0
520,17480834.643542696,111,74,1,0
521,7646139.123744683,105,70,5,0
522,3205909.308963747,113,77,1,0
523,12288026.668385524,110,74,3,0
524,2516662.3954819283,117,73,1,0
525,7497036.4170327205,108,75,1,0
526,19549796.434064586,118,69,2,0
527,20301894.323439468,118,83,0,0
528,15765997.291672383,108,73,3,0
529,6401281.958866952,114,76,0,0
530,14051226.75244534,115,74,1,0
531,14411510.307703136,114,79,1,0
532,7962534.008705334,115,69,2,0
533,13101310.03572189,105,73,3,0
534,304252.72310804285,108,72,2,0
535,4331859.3078308785,115,82,5,0
536,10749683.221337954,111,66,2,0
537,3411795.9863557694,110,70,5,0
538,3455570.3100894946,109,73,6,0
539,17069733.01077801,115,72,1,0
540,20173317.365297586,109,64,1,0
541,11376804.75663052,110,72,4,0
542,17125892.466853485,118,81,1,0
543,20197456.23047221,118,69,2,0
544,2961872.666699249,97,67,1,0
545,9189192.61572406,113,79,1,0
546,8058609.684231373,107,77,2,0
547,1712008.832573267,114,78,2,0
548,15425343.017046552,107,79,4,0
549,8895410.97525629,109,76,0,0
550,9617303.648764992,114,75,1,0
551,3146206.4830097565,109,75,2,0
552,3760586.0828435775,111,82,3,0
553,18507497.51729955,106,71,1,0
554,993115.8392540659,114,77,5,0
555,4815071.0617228085,119,65,1,0
556,6017424.056295316,115,84,3,0
557,10041135.612074457,113,64,1,0
558,11995693.99551527,109,71,2,0
559,10103935.513584998,106,68,0,0
560,1794580.5680473375,110,79,2,0
561,5034701.189981809,107,68,0,0
562,17217655.48240378,111,75,1,0
563,13034296.293836355,112,80,0,0
564,13269059.25050679,114,83,2,0
565,13696619.628373176,106,76,2,0
566,15579129.34944714,108,69,2,0
567,1266443.803406464,112,80,2,0
568,7531336.437857519,116,72,0,0
569,11042907.344320066,110,70,3,0
570,6959638.880208778,113,74,5,0
571,17235739.16716687,115,74,2,0
572,9886289.475387331,113,68,2,0
573,15695381.635705288,105,69,0,0
574,17388790.310616028,105,74,2,0
575,10337503.518211078,107,75,2,0
576,18557223.147641826,110,68,2,0
577,12009478.134848787,116,74,2,0
578,17353430.350995686,112,64,1,0
579,7002981.640554438,117,72,2,0
580,10216175.267073989,116,80,3,0
581,10878082.856304562,111,76,4,0
582,2218286.078531043,117,64,1,0
583,8180044.885092206,109,80,2,0
584,18715326.51911042,109,69,4,0
585,12897088.804431042,114,76,2,0
586,3691132.673496961,99,60,1,0
587,6967744.705705614,113,76,4,0
588,3977397.279026243,119,78,1,0
589,590498.2313126917,107,85,3,0
590,18920896.007116374,116,71,5,0
591,9188415.139309244,113,82,2,0
592,6331699.236692357,108,72,0,0
593,12240035.41527789,107,80,2,0
594,234939.05261604433,113,70,2,0
595,5732361.732006687,108,68,3,0
596,14363322.408026831,111,78,0,0
597,12956743.043581365,119,82,3,2
598,20024522.46031479,108,74,2,0
599,12684376.224651694,115,77,4,0
600,9783398.279282546,116,73,2,0
601,15549267.920115553,109,81,4,0
602,18430821.092697203,114,77,2,0
603,14722005.007577596,114,79,1,0
604,19646908.24335138,110,78,2,0
605,15967048.205282608,112,71,2,0
606,17689056.887647897,112,71,1,0
607,2403579.8359688306,119,76,0,0
608,14959960.453396643,114,77,1,0
609,9023545.274521992,111,70,3,0
610,11318610.777847212,110,76,4,0
611,13369650.090803908,112,75,4,0
612,19781017.464010023,116,78,2,0
613,20080817.84648086,110,69,2,0
614,5939623.918070185,109,79,6,0
615,14987172.524570227,111,71,1,0
616,15316765.69497426,104,74,1,0
617,7122838.43040087,112,76,4,0
618,2601897.840032655,117,80,4,0
619,917934.4906982826,112,75,3,0
620,15872373.296611546,112,77,1,0
621,10031026.476920998,111,71,4,0
622,20100355.546035163,112,80,0,0
623,9528894.95899823,115,73,0,0
624,19945546.844239917,112,77,1,0
625,8444520.82215609,113,77,3,0
626,16204179.640711699,116,80,1,0
627,1808875.8543997607,119,79,1,0
628,11366494.224793654,114,74,3,0
629,16374309.330191294,112,72,2,0
630,18864871.57723461,106,78,2,0
631,16791088.371022552,109,80,1,0
632,837186.7397105657,112,79,2,0
633,7655090.066320635,106,73,1,0
634,1075349.096360766,112,72,2,0
635,2305661.055037998,109,77,4,0
636,13800236.5847278,111,77,2,0
637,14570962.147419441,109,74,3,0
638,15798810.137046926,113,79,4,0
639,17661745.39529518,114,80,2,0
640,15102478.489233572,108,73,3,0
641,16350179.943864642,112,73,0,0
642,1080735.4336072255,106,69,0,0
643,4849246.021101715,115,75,3,0
644,12715651.22259514,115,69,0,0
645,17512865.436199058,112,76,1,0
646,177786.73722462158,116,75,4,0
647,10537286.827961985,110,69,4,0
648,13840481.591332432,114,77,6,0
649,687652.9847082257,104,70,3,0
650,8236968.12057118,108,73,7,0
651,18274594.91718756,111,88,3,0
652,13725244.277121237,112,72,2,0
653,4912670.979781666,106,70,1,0
654,17404338.06811303,108,74,2,0
655,7154082.9340310525,111,75,1,0
656,17415782.243725102,107,68,1,0
657,6157228.089462286,116,76,4,0
658,12074387.526834637,117,84,1,0
659,8147300.119795916,111,76,2,0
660,5667437.200713599,113,73,2,0
661,18090256.349561453,119,74,2,0
662,3895977.455354414,113,76,0,0
663,1808719.8701793826,119,79,3,0
664,7030115.497209853,114,76,0,0
665,14659928.754645897,117,81,6,0
666,16483398.081523938,116,78,4,0
667,20368480.86196783,112,77,0,0
668,6104802.108959933,111,73,0,0
669,8370721.966793626,111,69,2,0
670,2864911.785714439,112,77,2,0
671,11760669.198012717,115,70,1,0
672,20344856.36472042,113,82,4,0
673,14319611.201126285,106,73,3,0
674,12173744.277978588,116,77,0,0
675,8054474.591418624,106,72,1,0
676,18673921.104374934,122,80,2,0
677,10177583.467576684,105,76,5,0
678,2815069.5287963278,112,76,3,0
679,7506359.679262723,113,75,0,0
680,1450393.844292911,111,72,2,0
681,4188109.5057687005,109,67,1,0
682,445210.5370338171,109,79,1,0
683,9291427.232318718,120,71,4,0
684,12972389.884535115,114,75,3,0
685,7057846.009005907,114,73,2,0
686,8623344.863020565,101,60,3,0
687,19565638.22921851,118,75,3,0
688,15356966.287694754,111,78,3,0
689,11069900.240423292,111,60,2,0
690,5864742.275420902,116,77,1,0
691,18302252.19076248,113,91,4,0
692,4860658.21076568,111,78,0,0
693,6693330.034240471,116,72,4,0
694,18547324.62537547,102,66,3,0
695,10840128.241907135,105,69,2,0
696,15161095.989600504,107,72,0,0
697,12083008.981960097,117,82,4,0
698,13356182.080881223,111,76,0,0
699,6166156.130766472,119,79,2,0
700,4988087.27868962,104,67,0,0
701,6635445.589362387,117,81,3,0
702,3243045.10678051,113,73,3,0
703,17841626.404579602,110,78,4,0
704,5838465.421670017,116,75,3,0
705,11488902.026009558,113,80,4,0
706,16169499.836000968,109,75,4,0
707,16003986.483558241,104,66,3,0
708,8988972.784824356,123,89,3,0
709,9758042.91985579,111,80,2,0
710,20286405.23667291,122,84,3,0
711,13785855.72349923,113,79,2,0
712,16629751.647460714,114,73,3,0
713,18415104.985316474,109,74,3,0
714,16080459.358210929,111,64,1,0
715,3846948.065579069,111,82,0,0
716,11502738.392449122,115,84,2,0
717,2155625.7890808517,119,76,4,0
718,13345681.377411054,111,71,3,0
719,19487254.04786679,113,72,1,0
720,10498757.668980941,109,78,2,0
721,8879032.19616147,104,79,4,0
722,814280.2586994906,115,79,1,0
723,19577117.089652874,118,85,1,0
724,2178137.3082416123,116,70,2,0
725,920617.7951975097,112,77,2,0
726,5083422.319797688,113,81,1,0
727,1417165.839840943,111,77,3,0
728,9328751.096561104,115,78,3,0
729,10566904.632808935,114,77,1,0
730,6433945.496892871,115,72,2,0
731,1121285.0959377561,113,78,0,0
732,2352735.638257996,115,73,4,0
733,7894761.106468264,106,77,3,0
734,1315587.568004965,114,70,1,0
735,14264957.671795879,108,72,2,0
736,4290490.349069271,108,72,3,0
737,6220748.590230617,115,76,1,0
738,8090148.632621933,111,77,2,0
739,8546741.784515027,113,65,5,0
740,120124.98717677928,112,78,2,0
741,2362280.2660931502,115,66,3,0
742,17607077.654624257,114,77,1,0
743,111440.54026682561,117,74,4,0
744,10406059.394905543,107,69,0,0
745,10027010.947345778,112,67,2,0
746,6850742.984139629,105,71,4,0
747,8845616.59432604,105,67,3,0
748,15938129.508434864,101,65,2,0
749,17169228.38433085,115,78,2,0
750,5373454.080259532,113,79,3,0
751,6635406.878996271,117,81,4,0
752,5010644.78615817,108,65,2,0
753,9831273.99303081,111,77,5,0
754,13961737.42399211,110,75,3,1
755,4721668.093760959,111,75,3,0
756,6802849.15535341,103,74,3,0
757,18980278.660153434,119,81,1,0
758,1072725.7104960857,113,71,1,0
759,9443524.835363016,115,73,4,0
760,14536436.085530726,110,70,1,0
761,3141759.8851045603,109,73,1,0
762,1048452.6486633233,114,73,2,0
763,2893019.405086627,109,57,2,0
764,18745493.884943694,117,74,2,0
765,274443.94531064585,106,64,1,0
766,3910767.335679008,109,74,3,0
767,721693.0666014368,110,83,1,0
768,2333018.975466199,118,79,1,0
769,12680143.653132789,116,78,6,0
770,4993506.303109858,102,70,4,1
771,11645730.635326013,107,71,4,0
772,12071851.755061384,119,80,3,0
773,17336392.970253997,116,86,1,0
774,182686.31069717085,111,73,1,0
775,17416285.632541046,107,72,2,0
776,12659222.759524418,115,75,3,0
777,3391329.618425037,106,63,3,0
778,15782903.303296093,113,74,0,0
779,17459380.0340665,117,77,5,0
780,5249881.122685925,105,73,3,0
781,18744894.554299284,117,72,1,0
782,9315339.711533023,117,66,1,0
783,12340502.44881936,113,72,4,0
784,20082268.86889366,112,66,1,0
785,7428330.070573404,112,80,5,0
786,16599714.731176523,114,72,2,0
787,6552321.925213227,116,78,3,0
788,16316508.524271302,105,69,2,0
789,12285864.130694998,110,71,2,0
790,4480064.916359362,119,79,0,0
791,8494276.302234298,103,69,2,0
792,6536817.408401465,114,79,3,0
793,1672594.0033187976,103,71,2,0
794,692272.5772766166,107,78,0,0
795,7122549.942546868,112,75,1,0
796,472937.8602183905,112,71,3,0
797,3447059.1858676546,118,74,0,0
798,14813132.806511102,105,71,3,0
799,14466033.57776803,116,68,5,0
800,15085195.056021944,103,74,2,0
801,6527019.738039156,119,83,1,0
802,18160559.127363313,113,71,4,0
803,12145673.237142501,110,76,2,0
804,2645692.5376537926,107,64,1,0
805,3004981.089374405,107,66,0,0
806,14161504.691917606,121,75,2,0
807,3598476.2836911445,107,65,1,0
808,10388297.266647503,112,71,2,0
809,20226959.347369887,117,88,4,0
810,167784.8338827652,112,69,1,0
811,423095.985014827,110,72,1,0
812,20253564.456011955,112,75,3,0
813,11959011.58806298,106,70,1,0
814,2663637.0188397574,113,74,2,0
815,18308454.15172623,116,91,4,0
816,17964810.982873123,114,72,1,0
817,10975343.509300563,113,81,4,0
818,12713503.8256003,116,73,2,0
819,5634176.210123196,112,64,4,0
820,1112333.786044132,108,79,2,0
821,12160641.174312117,118,84,0,0
822,6072170.56148443,116,79,3,0
823,13562950.767159764,118,87,1,0
824,17068532.553248808,118,74,2,0
825,455197.06159533956,106,82,4,1
826,12183917.050807878,117,78,1,0
827,4783152.687744721,110,65,0,0
828,17832978.06003124,111,83,1,0
829,5237717.333454988,109,69,5,0
830,12489675.55769158,112,67,2,0
831,11327485.964203794,113,74,0,0
832,8131590.816603203,109,74,0,0
833,13847251.418879177,114,79,2,0
834,14825039.433947144,105,72,1,0
835,11599545.97222798,109,77,1,0
836,15488135.423853112,106,74,2,0
837,20057240.61243418,108,75,2,0
838,8600815.94453439,110,64,1,0
839,10536346.784470607,110,67,1,0
840,339633.29327898193,109,80,0,0
841,16251829.51012864,117,83,0,0
842,10651024.109543225,107,77,2,0
843,8371117.543190214,110,68,0,0
844,1996775.7976342142,113,80,3,0
845,18153186.748815298,116,80,4,0
846,8108049.027847604,110,68,5,0
847,13947994.063793564,113,78,3,0
848,3119830.6178618586,113,76,2,0
849,19613165.256867472,116,84,6,0
850,3710123.9223730136,111,71,2,0
851,4138618.9750056905,103,75,2,0
852,17530280.33906183,110,76,4,0
853,18618765.334936682,114,76,1,0
854,4394604.693020196,114,74,1,0
855,9626928.516699135,118,79,4,0
856,14981921.123900123,104,69,0,0
857,17923899.975936234,114,80,2,0
858,7784050.50973958,112,74,2,0
859,10585824.931143468,114,71,1,0
860,15148880.17827057,111,76,1,0
861,14934016.959474308,110,82,1,0
862,15986441.136517722,109,61,1,0
863,11660388.01544466,113,76,2,0
864,2210881.539872653,111,66,2,0
865,18443928.001834884,113,72,1,0
866,17664100.89951571,112,80,3,0
867,16293843.48762438,118,74,2,0
868,2114367.2411892302,107,74,0,0
869,4237219.971742831,117,72,3,0
870,15187138.774460152,113,61,1,0
871,556319.7847323355,104,76,1,0
872,19972102.17147395,116,86,1,0
873,7745303.310791022,101,70,1,0
874,14693911.20917977,110,73,3,0
875,18110838.63657979,116,80,1,0
876,8100385.916596611,114,79,2,0
877,6567214.925486578,118,75,3,0
878,12448471.349214034,115,76,2,0
879,11884899.806325914,112,74,1,0
880,8395051.009613331,113,76,1,0
881,12307001.032259077,103,67,2,0
882,19081750.700608548,117,81,1,0
883,9583051.27547027,120,71,2,0
884,4081761.5098115206,110,70,1,0
885,7746548.21799489,101,68,2,0
886,8089766.959708015,111,77,2,0
887,2748902.8944992623,120,79,1,0
888,3393929.284661679,105,66,6,0
889,13988212.761649441,117,79,2,0
890,6980378.441372712,114,74,1,0
891,19478094.582450997,118,74,2,0
892,5033265.2660444565,109,66,1,0
893,2095319.2798666896,111,71,1,0
894,15388269.263584038,111,72,4,0
895,17978127.72792734,113,84,1,0
896,5734214.806003427,107,66,1,0
897,4190324.3329757084,107,69,1,0
898,3858864.36050809,110,69,2,0
899,10687217.011230586,104,74,4,0
900,9598817.783782925,119,84,4,0
901,5355000.491829939,114,77,1,0
902,1003757.5905744754,109,74,2,0
903,9864333.542809978,119,80,2,0
904,19568137.58284488,118,83,1,0
905,13337498.921204783,115,70,4,1
906,10148948.949391332,112,74,1,0
907,2334290.362563832,119,84,2,0
908,5212775.2139647985,108,63,4,0
909,6072551.458379984,116,79,2,0
910,15617724.624926671,111,72,2,0
911,17890292.186530985,113,79,2,0
912,18396582.105485804,113,82,0,0
913,20080625.468913015,110,70,2,0
914,20035909.653813604,112,60,2,0
915,19439525.18859906,107,70,5,0
916,1544935.3004763748,114,69,4,0
917,2884656.0102074966,106,64,4,0
918,6269384.433064685,116,76,3,0
919,11314436.584239459,110,80,1,0
920,2055788.1726753914,112,75,0,0
921,17262506.30026279,112,76,2,0
922,12611237.782230362,104,67,4,0
923,11100519.336192258,98,59,2,0
924,3443476.2304136017,114,69,1,0
925,5229410.871929448,112,69,4,0
926,3341952.478529704,114,73,2,0
927,17387117.795233652,108,75,4,0
928,11950665.690979194,104,70,1,0
929,15015114.362297706,111,75,3,0
930,6098116.9668316385,109,70,3,0
931,7625650.052933897,108,71,2,0
932,8308032.675588278,107,69,3,0
933,15520480.040189162,106,69,2,0
934,15771035.532500058,106,74,2,0
935,4286286.39134395,113,77,3,0
936,19206794.48709462,116,75,2,0
937,2536620.330671406,112,77,0,0
938,18284488.801026117,112,79,3,0
939,2125194.6135980673,119,77,1,0
940,5458568.668936365,115,81,5,0
941,17276347.51905364,113,71,3,0
942,3731453.208375405,112,73,3,0
943,8484972.121870343,109,73,0,0
944,9221962.719545338,105,66,1,0
945,5067021.1205661325,114,76,6,0
946,14509775.45065068,110,67,1,0
947,17374963.526200194,109,79,0,0
948,17846922.11013101,107,79,2,0
949,6977218.406759785,114,73,4,0
950,10866697.46703922,108,69,3,0
951,5130937.887142104,109,64,0,0
952,5057629.434879733,116,73,1,0
953,3361083.0067717345,115,70,3,0
954,19175930.063874684,117,78,2,0
955,18119321.935790677,118,79,2,0
956,15872689.806773443,112,77,3,0
957,10598863.109702686,111,75,3,0
958,10049469.305048889,107,66,2,0
959,10844263.090567695,108,69,1,0
960,10982808.592518099,113,83,0,0
961,8911333.298806816,112,78,2,0
962,2762024.444438949,119,74,4,0
963,2638331.2585130814,113,74,2,0
964,19424306.329507798,113,77,3,0
965,9875287.853375772,111,74,0,0
966,19443716.517564613,106,78,2,0
967,3408253.8017858295,111,72,2,0
968,11345269.572206154,105,67,1,0
969,4304638.894161718,109,65,1,0
970,5227971.707376573,111,71,2,0
971,696736.3636505143,107,76,1,0
972,2502056.2531879153,114,67,4,0
973,18705390.722770654,118,79,0,0
974,6615963.377826599,115,82,3,0
975,12436044.78387676,114,67,1,0
976,9529720.98678536,115,73,5,0
977,8218603.707943014,107,67,1,0
978,10887729.988619413,118,75,1,0
979,3888773.5916705094,114,68,1,0
980,20162572.529576153,114,82,2,0
981,16704268.874490567,112,79,0,0
982,15146813.315658519,110,76,3,0
983,9605776.300040541,117,77,3,0
984,3190967.4452927806,103,71,3,0
985,18782913.983476307,117,80,3,0
986,7019152.009561172,116,64,4,0
987,1103946.611689452,109,71,2,0
988,7039796.9071995225,116,69,1,0
989,16219915.59249822,111,79,3,0
990,12732120.109722536,110,68,4,0
991,15334129.643564712,104,63,2,0
992,16203229.921323616,114,83,1,0
993,4390689.459979227,113,63,4,0
994,18846222.069893867,107,72,3,0
995,8980917.660265759,116,89,1,0
996,13063233.583796948,109,75,1,0
997,133285.63018252188,118,78,3,0
998,20259330.118334837,113,74,4,0
999,5790731.447605676,118,85,2,0
1000,1346752.7423748565,119,79,2,0
1001,9392602.23470691,113,73,3,0
1002,2706690.789230031,110,65,5,0
1003,3179789.8991959845,108,74,2,0
1004,12926546.453892296,116,84,5,0
1005,8065812.297051669,102,77,3,0
1006,18807010.816767577,109,78,1,0
1007,6567702.429902843,118,77,3,0
1008,14833375.57516891,109,77,3,0
1009,9450222.787813801,116,79,3,0
1010,13488427.042812942,111,70,2,0
1011,12264773.426045647,113,76,1,0
1012,9687507.805200633,117,79,3,0
1013,19379860.68519522,120,83,4,0
1014,7046091.571610542,113,71,0,0
1015,3685627.6651697275,99,64,2,0
1016,13856862.950723201,110,73,4,0
1017,17266783.152016487,118,71,3,0
1018,903856.8492039958,111,77,2,0
1019,9217360.783412429,109,73,6,0
1020,18210683.007094346,116,82,2,0
1021,15309355.065638024,108,69,7,0
1022,20227634.383547235,116,87,6,0
1023,10878139.120392188,111,76,0,0
1024,13489329.05912626,111,73,4,0
1025,6229048.5572365895,110,75,2,0
1026,19328573.943777107,108,68,3,0
1027,7525794.567410717,110,78,3,0
1028,15083780.148954978,103,71,0,0
1029,8273210.009168668,104,67,3,0
1030,11495594.104147365,111,80,0,0
1031,14703455.808203552,112,79,3,0
1032,10421631.180105802,108,72,0,0
1033,18507146.292347535,106,72,1,0
1034,8601396.7424428,109,64,3,0
1035,13226875.24797539,117,80,2,0
1036,7038959.350484179,114,68,2,0
1037,8375082.355768121,109,66,0,0
1038,9022761.57796369,111,71,1,0
1039,2641238.605078564,111,73,5,0
1040,1949087.7848586843,118,83,0,0
1041,13641518.3632951,112,72,5,0
1042,13398392.023175368,111,79,3,0
1043,13548505.31229293,113,81,1,0
1044,487809.06544124545,106,79,2,0
1045,6717782.6622414375,112,79,2,0
1046,4103443.2542008674,109,74,2,0
1047,15888787.828454785,112,71,0,0
1048,17563737.939392053,114,73,5,0
1049,5095886.42855771,113,77,4,0
1050,13648813.578221368,115,75,2,0
1051,2713448.067509254,109,72,2,0
1052,5674087.428909354,113,73,2,0
1053,2902140.04770979,108,73,3,0
1054,5844026.319790507,115,77,3,0
1055,13788679.908950197,111,78,3,0
1056,18572954.761278033,109,71,4,0
1057,4199144.051161199,108,72,1,0
1058,11094724.210165225,101,54,2,0
1059,14329969.927611126,110,72,3,0
1060,19437968.321017474,105,68,3,0
1061,12475264.262279572,111,68,2,0
1062,5267009.512531636,111,75,3,1
1063,12788360.219345452,113,72,1,0
1064,6594806.314892481,115,73,4,0
1065,19909224.906810924,121,86,5,0
1066,8202863.082449072,111,66,0,0
1067,14005791.982126372,120,81,1,0
1068,558096.4512650325,104,73,4,0
1069,8210687.823526158,119,74,2,0
1070,17857735.36830824,108,81,2,0
1071,12478654.850572582,111,67,4,0
1072,9101814.55977493,111,71,2,0
1073,19093044.363540947,118,78,3,0
1074,17428773.11704747,108,70,1,0
1075,6629827.017726701,119,78,4,0
1076,11144871.129294708,99,63,3,0
1077,10033555.063023295,111,73,2,0
1078,12924915.49133258,117,81,5,0
1079,6871397.964891625,117,75,1,0
1080,5045617.473553352,104,70,2,0
1081,18620574.561635323,112,78,5,0
1082,18848073.78601587,110,74,1,0
1083,17212263.834899966,114,76,4,0
1084,19951384.298194405,111,81,2,0
1085,15215389.908923604,111,79,3,0
1086,15614956.210745664,113,68,1,0
1087,15572774.551540522,102,76,1,0
1088,9846387.526123984,119,72,1,0
1089,9355848.585318023,113,72,5,0
1090,4964819.125523496,108,68,2,0
1091,13181130.271370728,109,65,1,0
1092,5961797.595911769,108,73,0,0
1093,5321870.060871532,113,71,1,0
1094,11985869.200593041,112,75,1,0
1095,8412158.347118888,107,70,4,0
1096,4530852.4687578725,109,70,3,0
1097,16658539.165809793,115,82,3,0
1098,17562509.69306247,114,74,1,0
1099,3491974.7658085045,106,73,2,0
1100,238849.81928927734,113,75,0,0
1101,6912392.94890711,110,76,3,0
1102,16281931.04667045,118,75,6,0
1103,17128007.20594017,116,80,3,0
1104,2895531.4242886812,109,65,4,0
1105,15811303.74686493,117,75,3,0
1106,2436073.9480529693,124,81,2,0
1107,8007635.055862733,110,73,1,0
1108,20365762.58705598,104,73,0,0
1109,3997457.401844024,109,77,5,0
1110,3213030.8495534067,112,69,4,0
1111,8672460.033227263,108,66,2,0
1112,12670380.557985557,110,74,2,0
1113,19031375.928935383,110,79,3,0
1114,20004523.495026644,110,82,5,0
1115,1500634.1916434057,102,66,3,0
1116,2888798.383294322,107,57,3,0
1117,16144390.478690285,110,75,2,0
1118,5582289.495455726,111,75,4,0
1119,18055560.760831367,108,71,6,0
1120,13559543.366505403,115,82,3,0
1121,2357699.50882584,112,72,2,0
1122,16993071.706522767,119,89,0,0
1123,3667774.8226520014,112,72,0,0
1124,8686575.076996537,109,69,1,0
1125,11299950.65521145,113,78,1,0
1126,10255758.64906266,111,70,0,0
1127,14020722.02514623,114,76,0,0
1128,13340901.137030886,114,67,3,0
1129,20232392.23146153,118,76,1,0
1130,20382260.363761116,119,82,1,0
1131,10574450.964963542,106,71,3,0
1132,2019664.9783664416,113,79,1,0
1133,14867150.578137144,111,72,0,0
1134,19920103.434791207,117,76,0,0
1135,6550844.949415093,115,80,4,0
1136,9452445.570035113,113,82,5,0
1137,8712599.878382353,108,70,0,0
1138,1130599.6230802988,113,83,2,0
1139,13738477.163513228,110,72,1,0
1140,7261840.576372417,121,81,1,0
1141,16077901.380466696,112,69,1,0
1142,16984761.64079646,118,78,4,0
1143,16763626.321914406,116,80,4,0
1144,8547886.42179467,113,63,2,0
1145,6616221.096675291,115,82,0,0
1146,15293152.865166683,110,69,1,0
1147,16360696.066704482,113,71,2,0
1148,10062659.718337307,106,63,4,0
1149,18221716.732335426,113,77,4,0
1150,3008840.23648493,110,72,2,0
1151,17938177.149802297,107,68,1,0
1152,2037863.5530997762,114,72,3,0
1153,3204134.891676277,113,78,1,0
1154,10927409.453562276,103,70,3,0
1155,1457538.2882539493,115,82,2,0
1156,1158785.492392881,104,77,3,0
1157,96934.44901948143,122,76,2,0
1158,8946944.198407218,112,74,2,0
1159,15817151.931730086,113,73,6,0
1160,793883.2821444153,111,81,3,0
1161,13332186.569066005,115,75,6,0
1162,16802140.311160948,113,78,5,0
1163,3498094.0325799757,110,69,1,0
1164,3068849.981259149,118,74,2,0
1165,17567201.851896398,112,76,1,0
1166,16802085.32902254,113,78,2,0
1167,11031013.812586602,115,73,3,0
1168,16722383.468750434,112,77,2,0
1169,1970053.3179056698,111,68,2,0
1170,8097372.873693049,114,85,1,0
1171,15069297.650385778,112,75,5,0
1172,5314631.409167319,107,64,1,0
1173,15364394.662750816,111,75,1,0
1174,10325057.426526891,111,64,1,0
1175,15322501.576857537,107,69,1,0
1176,9522928.213751506,113,73,2,0
1177,7557654.1794885835,108,72,3,0
1178,4537606.932561474,110,69,4,0
1179,4318084.314125711,118,76,0,0
1180,15347374.784759682,107,72,4,0
1181,2501183.783734456,111,67,2,0
1182,1832495.1731130292,120,76,0,0
1183,3666454.5243234104,113,69,1,0
1184,3647266.816001664,110,72,2,0
1185,16801740.360913396,113,78,4,1
1186,8179113.106864915,109,78,1,0
1187,20198812.636693735,116,73,1,0
1188,2872831.33870864,111,71,3,0
1189,13358225.364256231,110,72,0,0
1190,9199019.340440117,111,72,5,0
1191,8065625.165093499,103,78,2,0
1192,17857259.88071068,108,80,0,0
1193,19898406.13722481,119,82,3,0
1194,17812070.591202512,111,72,0,0
1195,3991565.269573868,112,75,0,0
1196,4570275.864742549,118,76,4,0
1197,13409685.907110907,107,77,3,0
1198,5956993.742475742,109,71,3,0
1199,15006904.065839704,108,71,1,0
1200,11589044.00838194,114,75,4,0
1201,11274034.906995706,111,71,1,0
1202,16912199.530856125,115,83,3,0
1203,14515615.315441605,115,74,0,0
1204,626130.6204590009,116,82,5,0
1205,1090796.3735064282,107,72,2,0
1206,12302608.429095784,103,65,2,0
1207,9959794.194906922,106,69,1,0
1208,5370125.906843333,109,71,4,0
1209,8588300.358754065,104,73,2,0
1210,15477739.588699438,109,76,0,0
1211,16872895.38583938,117,77,2,0
1212,11483493.57348386,107,79,3,0
1213,7912329.269453704,109,72,5,0
1214,5583601.553738035,109,75,1,0
1215,10685311.536993692,104,71,1,0
1216,6478209.353958024,121,80,1,0
1217,11541818.405100184,108,78,1,0
1218,13827585.923052717,118,79,6,0
1219,1428310.1836667026,108,74,5,0
1220,108077.65269594181,117,78,3,0
1221,4397239.224722272,117,78,0,0
1222,18251781.691073917,109,70,3,0
1223,13211014.303340288,113,74,5,0
1224,3578502.0429962855,103,68,1,0
1225,18165524.43112932,114,79,0,0
1226,9630077.252979185,116,71,2,0
1227,9754680.95792757,110,73,4,0
1228,19085011.5787791,121,83,2,0
1229,1294431.9501823958,114,80,1,0
1230,4456154.329850164,122,83,5,0
1231,11982009.76271204,111,70,4,0
1232,4056261.841987506,111,76,5,0
1233,13885962.692211831,114,80,1,0
1234,4434100.574934379,110,77,1,0
1235,2100040.0961324824,111,74,4,0
1236,4289771.827922317,109,72,5,0
1237,8671113.674383331,108,68,2,0
1238,3663346.124287237,111,69,2,0
1239,2821671.765333368,111,75,4,0
1240,17556660.432579763,111,81,4,0
1241,6592898.251772689,115,73,1,0
1242,7412543.102338087,111,73,1,0
1243,1208809.3679871303,114,75,3,0
1244,7343719.366230315,108,74,3,0
1245,5463998.234175711,111,83,3,0
1246,12483886.553550106,110,60,1,0
1247,4257384.009012166,119,74,4,0
1248,18126970.274618942,120,85,3,0
1249,18965697.87098596,117,82,3,0
1250,2113729.1767233843,108,73,1,0
1251,2267496.2751259105,114,75,3,0
1252,2428403.1745826993,128,82,1,0
1253,12668364.629447293,109,79,2,0
1254,2563296.9375833375,118,84,3,0
1255,17396239.159600675,103,74,3,0
1256,15403844.216752745,108,81,1,0
1257,16734750.369554497,108,79,5,0
1258,10769426.755790558,114,77,5,0
1259,20326522.14064636,113,87,5,0
1260,983490.3205488494,115,72,3,0
1261,8235128.386705915,108,70,4,0
1262,6664776.29811794,116,74,5,0
1263,19351113.32965683,112,62,1,0
1264,11801061.600785717,105,71,2,0
1265,16458203.649865301,115,75,2,0
1266,3545620.8243397377,113,75,3,0
1267,19960110.740672555,115,87,0,0
1268,10212572.462145459,114,76,0,0
1269,10111695.056073766,102,69,1,0
1270,19802738.713415425,120,85,3,0
1271,7818160.4986532945,109,73,2,0
1272,8159179.188652975,108,75,7,0
1273,11961323.98748153,107,73,3,0
1274,2686841.1939602382,112,68,1,0
1275,6606878.466921384,115,79,1,0
1276,4009997.328886733,109,76,2,0
1277,2183839.5803143205,113,68,1,0
1278,17675718.207527824,110,75,0,0
1279,12054301.589250332,113,70,0,0
1280,7370183.58123221,111,74,3,0
1281,8385494.247812257,110,72,2,0
1282,8849515.319281323,106,71,3,0
1283,12944140.3313219,123,86,4,0
1284,18906862.09460188,113,78,5,0
1285,19028915.40414614,116,84,2,0
1286,8036662.5235169,103,73,0,0
1287,6772930.324527665,111,78,1,0
1288,9246071.907162085,112,68,2,0
1289,11619781.177849656,114,67,1,0
1290,9464813.418556908,114,67,1,0
1291,13464100.745193636,109,75,2,0
1292,11344913.60718689,105,68,2,0
1293,6599363.03604462,114,76,3,0
1294,7107362.911105238,109,76,6,0
1295,7774710.892647992,110,75,3,0
1296,2008306.5577012857,110,75,1,0
1297,3458733.5140100005,109,70,0,0
1298,14771105.848447643,107,74,1,0
1299,7988020.378905793,110,76,3,0
1300,4443171.639162373,115,80,1,0
1301,11512926.244989973,115,76,3,0
1302,15429594.81273337,109,78,3,0
1303,5314030.365564864,106,63,1,0
1304,16876518.206154633,119,83,2,0
1305,18921797.687321655,117,71,3,0
1306,12218049.138619928,114,67,2,0
1307,13671121.479737401,102,70,2,0
1308,1154092.1810844794,102,75,5,0
1309,19287639.738916468,124,75,0,0
1310,8056822.989558772,108,75,2,0
1311,18848599.77411637,110,73,2,0
1312,11844043.981618026,115,71,1,0
1313,180196.71939075977,114,75,2,0
1314,869095.5054606032,115,80,1,0
1315,13904072.938022507,113,78,3,0
1316,11512836.957693364,115,76,2,1
1317,625210.1218060753,116,80,1,0
1318,15184287.508519713,110,64,3,0
1319,17391426.647066116,109,77,3,0
1320,10167447.666384498,107,76,1,0
1321,9544815.79579899,118,71,0,0
1322,197545.70497008105,111,64,2,0
1323,16061367.701435016,113,81,2,0
1324,6802449.59705321,103,75,0,0
1325,17931980.0850959,113,76,3,0
1326,7662365.187893918,107,63,4,0
1327,11561776.177924117,111,83,0,0
1328,5576392.898036663,117,78,2,0
1329,3347563.2166494946,114,79,3,0
1330,15822919.738706656,114,81,2,0
1331,10170960.808218747,105,73,2,0
1332,10981182.160391208,115,84,8,1
1333,19691681.016925693,120,90,4,0
1334,19654395.425442606,111,79,4,0
1335,17462437.950683728,118,75,2,0
1336,3896294.4737551957,115,78,2,0
1337,12154652.166798765,114,78,3,0
1338,17919466.64093479,109,80,0,0
1339,7690863.835830447,107,70,0,0
1340,2139623.5753534855,118,71,3,0
1341,16555110.233527437,118,67,3,0
1342,9869861.495642437,112,78,3,0
1343,11547860.795662055,111,84,2,0
1344,20031393.51190426,110,66,3,0
1345,12417406.845901418,118,78,3,0
1346,8716711.37235292,109,77,1,0
1347,7599894.548493754,110,75,2,0
1348,8567245.547501298,109,72,5,0
1349,2490801.221559134,111,67,2,0
1350,16225876.440120682,111,79,0,0
1351,17098418.869319156,116,77,0,0
1352,5861823.250062958,114,76,1,0
1353,6255780.2080217805,109,70,2,0
1354,17842030.34394485,109,79,3,0
1355,573180.3919195082,109,78,2,0
1356,10655641.585047353,105,71,2,0
1357,9502540.94346605,119,78,3,0
1358,14101218.385891529,117,75,2,0
1359,3404493.289955062,112,65,1,0
1360,13658593.351771664,108,76,2,0
1361,7736963.538319841,112,74,3,0
1362,12651012.229157822,112,73,5,0
1363,900633.4224923843,109,72,2,0
1364,9462971.229544142,115,75,5,0
1365,10692062.25463642,105,76,1,0
1366,4438854.858617926,112,77,3,0
1367,2921821.3196079116,112,72,5,0
1368,3913860.7558526117,110,74,3,0
1369,7075079.356879246,113,72,6,0
1370,2052381.788025638,111,77,1,0
1371,19324191.483758517,106,63,4,0
1372,8310857.403232459,113,66,0,0
1373,16514631.099866055,116,82,3,0
1374,19874473.169245213,113,85,3,0
1375,1725939.7721836248,112,79,1,0
1376,13320242.887036685,119,74,4,0
1377,17782627.16990588,115,75,2,0
1378,12966179.191222731,112,76,4,0
1379,8798890.862077793,113,79,5,1
1380,8840526.240368195,109,69,2,0
1381,815420.2174830418,115,76,0,0
1382,10942858.216882087,106,77,5,0
1383,20262873.761548582,112,71,2,0
1384,19555448.95442765,117,75,1,0
1385,906811.3796351131,111,77,0,0
1386,14419443.230906194,110,77,1,0
1387,6214520.206934592,109,70,2,0
1388,18423942.53171046,111,77,1,0
1389,1002572.2099657448,109,76,3,0
1390,19091756.91400022,120,75,4,0
1391,17093522.414544657,115,76,2,0
1392,2472631.9930329304,116,85,2,0
1393,1301288.712504785,118,79,2,0
1394,17037309.36408568,112,75,1,0
1395,3249464.479083368,109,68,2,1
1396,10948897.731372789,109,84,2,0
1397,18682980.27585768,123,79,0,0
1398,11609909.31071424,112,70,1,0
1399,8153254.992989522,112,71,4,0
1400,9123608.035552932,116,65,6,0
1401,1368158.2557859311,113,77,2,0
1402,19759434.641282804,117,73,2,0
1403,6395040.928952597,111,72,1,0
1404,3931918.043495646,109,70,2,0
1405,5895334.186854011,109,77,5,0
1406,19670505.092578195,108,79,2,0
1407,2001123.4598130512,110,73,4,0
1408,17699243.22528179,111,71,1,0
1409,14461010.669946842,114,69,2,0
1410,16942097.48268988,116,78,2,0
1411,19904536.890775092,119,87,0,0
1412,17188539.88237443,114,76,1,0
1413,19244231.436810125,117,81,2,0
1414,2664150.4208072824,114,77,2,0
1415,16246955.86598476,113,82,1,0
1416,11167763.725120286,106,65,4,0
1417,11123491.146643778,103,68,0,0
1418,18341339.803286463,119,99,2,0
1419,19821403.227549955,114,69,5,0
1420,14399974.7290317,115,71,1,0
1421,9893719.6380372,110,77,1,0
1422,9354866.984727515,112,71,0,0
1423,7932067.776705487,107,69,1,0
1424,7429608.452949804,112,78,5,0
1425,8036964.338190759,103,74,0,0
1426,1909072.800187173,117,79,2,0
1427,1658941.0450348752,110,75,4,0
1428,15923684.841421358,103,65,1,0
1429,9145069.880266784,115,80,1,0
1430,18986368.319568735,124,84,3,0
1431,12519139.35412255,109,72,2,0
1432,800739.7758083226,112,79,1,0
1433,3285321.0061388463,104,68,3,0
1434,4266106.028590953,115,83,3,0
1435,19901256.88889547,118,83,1,0
1436,4527757.942996941,109,66,1,0
1437,10560159.971787231,116,76,3,0
1438,19097906.656976447,121,87,1,0
1439,19930839.082008805,112,70,2,0
1440,4886313.177594869,106,76,1,0
1441,1083861.4622183149,104,75,1,0
1442,3205684.5744437845,113,78,2,0
1443,1372449.4141000686,110,73,0,0
1444,4048905.0384067306,105,73,3,0
1445,11632686.338317577,112,74,0,0
1446,18616045.175653376,112,75,3,0
1447,10996026.202511178,112,72,0,0
1448,12798745.521622252,109,79,1,0
1449,4185839.398785917,111,69,0,0
1450,16344331.935196279,114,71,2,0
1451,12632210.038367981,116,76,2,0
1452,17634945.07251418,108,77,1,0
1453,19355126.27983066,113,61,2,0
1454,7151429.793754574,111,72,1,0
1455,1925843.289114288,113,71,1,0
1456,4674474.905790851,109,77,1,0
1457,8977911.379118633,117,87,0,0
1458,19291168.403790675,121,79,3,0
1459,7768964.548830368,111,71,4,0
1460,15738954.113830868,108,70,1,0
1461,11062184.473926824,104,70,4,0
1462,3798807.3864040994,106,69,3,0
1463,6599740.194059114,114,75,2,0
1464,13351159.524289392,109,71,0,0
1465,13750437.597902942,111,79,3,0
1466,8915327.034299387,113,80,2,0
1467,4729643.440621159,108,81,0,0
1468,14746594.115631627,115,79,1,0
1469,3515806.1798543665,113,66,2,0
1470,19107913.434520245,116,81,5,0
1471,3902270.721641154,109,72,2,0
1472,2265656.539457692,117,74,0,0
1473,10192430.480555167,107,75,3,0
1474,10637205.418572422,111,85,0,0
1475,10406578.436150685,107,69,4,0
1476,8954068.706497416,109,64,2,0
1477,20288702.917626556,120,84,4,0
1478,9961592.169869108,108,71,2,0
1479,9792347.983032191,111,77,0,0
1480,8651456.495182225,104,74,5,0
1481,1443470.696175428,113,76,1,0
1482,12127926.082733942,116,78,4,0
1483,4715878.3311995,115,75,1,0
1484,13034708.126899453,113,82,2,0
1485,1118705.6118648946,110,81,4,0
1486,20016016.697405457,111,77,1,0
1487,9610767.542557742,115,72,2,0
1488,18297349.384115268,113,88,4,0
1489,9743906.081545146,113,70,0,0
1490,1311574.1312778653,114,76,3,0
1491,16783583.80865459,117,76,1,0
1492,13249455.908588298,117,79,3,0
1493,15962009.419312648,110,71,4,0
1494,8781502.320192795,112,71,2,0
1495,13041364.227463167,116,78,3,0
1496,17474356.117499985,112,75,2,0
1497,12901824.587665142,112,76,0,0
1498,7146817.10679359,114,71,3,0
1499,13540785.99055104,117,78,0,0
1500,13730146.120699033,111,75,1,0
1501,19593615.79979954,117,80,0,0
1502,7618739.060939602,107,67,2,0
1503,8718790.50196997,106,75,1,0
1504,16578668.246602323,118,68,1,0
1505,10357218.782869693,106,71,2,0
1506,15044431.74575706,114,76,1,0
1507,9421995.920337766,121,67,3,0
1508,4462589.141875596,114,75,1,0
1509,15219701.557659656,106,78,1,0
1510,2749846.7137354156,119,79,1,0
1511,4119157.605528392,95,71,1,0
1512,12815711.020388596,105,73,2,0
1513,15261656.194380477,105,70,0,0
1514,18255363.73135684,112,72,3,0
1515,5621977.554922963,111,64,1,0
1516,2334943.9539566175,118,84,1,0
1517,19501413.142921742,113,77,3,0
1518,3222362.30231846,109,67,4,0
1519,4100542.008834318,110,78,1,0
1520,6002602.011083899,108,76,6,0
1521,10837067.861024234,106,70,2,0
1522,18014468.46479364,111,70,1,0
1523,15531264.411189046,106,69,1,0
1524,14467380.340414697,116,69,3,0
1525,3643896.89979258,114,72,0,0
1526,7350075.8079768745,113,76,3,0
1527,9801655.876997821,108,67,2,0
1528,3080267.293003883,114,69,0,0
1529,5639101.018907614,110,68,1,0
1530,6347907.37259278,114,75,1,0
1531,2671074.125186797,112,79,1,0
1532,11260447.567396132,104,58,2,0
1533,14403830.6037347,111,75,0,0
1534,1506543.5993795067,96,62,0,0
1535,9856855.50136534,115,77,4,0
1536,15971232.069020275,111,76,3,0
1537,15276284.34271471,110,80,3,0
1538,16638578.408771971,114,77,0,0
1539,9189091.48217542,113,79,2,0
1540,16749945.011417236,117,77,4,0
1541,4975517.068990899,112,69,1,0
1542,7413596.557042334,110,75,4,0
1543,3667758.503662142,113,73,1,0
1544,9579889.032899665,119,67,2,0
1545,8048198.111203855,110,74,1,0
1546,4979051.509295287,107,75,3,0
1547,15353261.93077502,111,78,3,0
1548,6459874.709334474,115,73,1,0
1549,5626401.214869574,113,68,1,0
1550,2744468.4827795136,117,75,4,0
1551,8997815.591513254,123,91,1,0
1552,6238884.496576395,106,69,0,0
1553,7585445.152815854,114,71,1,0
1554,4878938.010393135,113,74,1,0
1555,15584256.42506661,107,71,2,0
1556,18972535.97674066,112,77,1,0
1557,10198200.893695615,109,75,4,0
1558,13144154.781836292,117,70,1,0
1559,17696587.724418342,115,67,1,0
1560,20370232.743117005,114,77,3,0
1561,12545447.365299538,113,79,2,0
1562,18155685.494705036,115,81,2,1
1563,18538052.827753354,109,82,6,0
1564,16158880.23380207,110,73,1,0
1565,9446810.317356292,119,75,3,0
1566,1734442.9790083775,109,75,0,0
1567,407372.8976560621,109,72,2,0
1568,9777199.58045632,116,72,2,0
1569,10124741.821207603,109,73,3,0
1570,8358952.427766096,109,70,2,0
1571,11624515.303084515,118,67,1,0
1572,11299499.313624984,112,78,2,0
1573,17076002.992075514,117,70,1,0
1574,2292964.9902087203,112,73,4,0
1575,4659217.972204975,110,73,1,0
1576,16190427.91072059,105,69,1,0
1577,17303931.964831088,115,69,4,0
1578,20288892.200527135,120,84,4,0
1579,17813148.06398235,112,75,0,0
1580,18158113.07602207,113,75,1,0
1581,6470052.279751056,113,80,3,0
1582,8243183.798808812,110,68,4,0
1583,5530565.074653822,110,75,2,0
1584,12398885.658738391,109,72,2,0
1585,19151283.61109485,108,73,3,0
1586,7085229.266923328,115,77,1,0
1587,11397769.385735739,109,71,2,0
1588,6103534.375397193,112,71,2,0
1589,3534629.947386635,112,76,2,0
1590,4050149.6653453317,106,71,2,0
1591,1263130.8787425274,112,80,2,0
1592,19364273.147862796,110,77,2,0
1593,8267917.937729539,104,64,3,0
1594,17025393.42642201,111,72,1,0
1595,13922566.39959317,114,82,2,0
1596,3983858.177471758,113,75,3,0
1597,3649617.118629484,111,71,3,0
1598,16575931.60099554,118,72,2,0
1599,5462059.534577317,113,80,1,0
1600,18633030.19654624,108,66,3,0
1601,2930589.1362723,113,72,2,0
1602,13849035.458895585,112,79,4,0
1603,16626409.684885794,116,67,2,0
1604,4863892.633389552,109,75,0,0
1605,5695508.65413056,116,70,3,0
1606,19673463.732160453,111,77,2,0
1607,5459742.330327644,116,84,5,0
1608,8817795.78655021,115,71,3,0
1609,8869753.661328673,106,71,1,0
1610,5224928.487672042,110,68,4,0
1611,15840855.066929858,110,75,1,0
1612,15760807.722560393,113,70,4,0
1613,7769130.905650949,111,70,1,0
1614,17045800.514951106,109,74,2,0
1615,4413440.537801181,117,72,3,0
1616,173839.96994895086,115,76,2,0
1617,11685438.321683167,106,69,2,0
1618,20273733.77185392,106,73,3,1
1619,871173.1862404417,116,79,3,0
1620,4310341.6816419335,113,70,0,0
1621,10624310.993770711,115,81,4,0
1622,16534352.499427855,111,68,2,0
1623,1894629.4222621508,113,72,2,0
1624,8112667.254674123,112,75,2,0
1625,15257716.52887148,106,66,4,0
1626,7631550.859033029,111,74,4,0
1627,3921214.492451086,105,67,0,0
1628,4056451.0644389368,111,76,3,0
1629,8413506.745154936,104,67,3,0
1630,9822210.188328115,114,75,5,0
1631,17587782.471240487,107,68,2,0
1632,13129005.215311386,114,73,1,0
1633,14106806.731518997,113,77,5,0
1634,20048510.284682583,113,76,6,0
1635,8449951.848256055,110,74,5,0
1636,8277559.879421998,101,66,2,0
1637,18837360.881788705,108,72,2,0
1638,5079543.070663929,113,77,2,0
1639,14907196.095820095,112,73,2,0
1640,15409969.46167859,107,78,1,0
1641,2072239.53692308,113,78,4,0
1642,9595056.094263026,120,82,1,0
1643,4159342.4426095905,110,81,4,0
1644,3850926.889963758,110,76,2,0
1645,9505635.736035904,120,77,2,0
1646,5964022.72819078,110,76,3,0
1647,16252477.146207137,115,82,4,0
1648,18517677.09240136,108,73,4,0
1649,16387728.963954015,110,77,4,0
1650,5488848.548851729,109,64,4,0
1651,5653411.613270783,112,77,4,0
1652,5259321.442845481,110,77,3,0
1653,2828699.6394716194,109,70,2,0
1654,19252679.740102924,121,78,1,0
1655,8251025.865854502,108,73,3,0
1656,4649303.973287785,107,84,3,0
1657,17280257.025301207,113,70,2,0
1658,8193098.528253346,113,67,4,0
1659,799538.153290665,110,76,3,0
1660,3375044.6320014102,109,64,2,0
1661,13068040.211816957,106,70,4,0
1662,15985327.145769702,108,64,1,0
1663,4369971.187673387,112,72,1,0
1664,18716502.66858111,110,68,0,0
1665,17368109.115171336,113,75,2,0
1666,17314977.001170807,114,66,1,0
1667,4709651.50473972,115,83,4,0
1668,1112664.6431099118,106,80,3,0
1669,17701690.270396516,109,74,3,0
1670,6296468.725131331,113,76,3,0
1671,12655106.302319493,112,77,1,0
1672,15519503.487440946,108,69,4,0
1673,2691728.176540424,113,69,0,0
1674,15943352.968231019,103,65,1,0
1675,19145315.30399774,105,80,1,0
1676,14877947.454391776,108,73,2,0
1677,9046575.08704378,121,70,0,0
1678,17889628.97051408,114,79,0,0
1679,10797798.568461498,112,86,1,0
1680,15210910.093731517,110,75,2,0
1681,16748906.505502988,114,75,3,0
1682,15303958.174238734,106,70,4,0
1683,5932041.680835491,108,81,1,0
1684,2479526.8020352554,116,74,1,0
1685,4926483.518872973,112,84,5,0
1686,10298583.070222221,113,78,1,0
1687,10347361.627159273,107,72,3,0
1688,11918508.388139904,116,69,1,0
1689,8109970.076187548,111,74,2,0
1690,16066275.417934582,115,80,3,0
1691,18630361.100550957,108,70,3,0
1692,5096793.696039711,112,78,2,0
1693,15043418.895802861,114,75,1,0
1694,13854381.192743748,109,69,1,0
1695,10709112.623164617,111,78,4,0
1696,3914996.5774228964,108,77,1,0
1697,16235658.614394233,112,79,1,0
1698,19594414.358036082,119,79,2,0
1699,14745163.500467328,111,80,1,0
1700,18725933.667476755,112,69,0,0
1701,20072840.686458,112,75,2,0
1702,7235704.272180754,111,84,0,0
1703,13047188.62340688,117,72,2,0
1704,9710836.462859033,118,72,1,0
1705,20122461.93979973,116,84,2,0
1706,1991411.7668192745,115,80,8,0
1707,8460744.80958232,109,70,3,0
1708,17866496.7006413,115,83,0,0
1709,5854800.393648265,112,76,1,0
1710,16084582.093633972,110,66,3,0
1711,7859807.356476321,109,73,3,0
1712,19987412.19667338,117,86,2,0
1713,18028770.506158084,110,85,5,0
1714,6205493.295269327,106,68,3,0
1715,15727173.672481347,102,71,1,0
1716,6927147.949548488,117,79,2,0
1717,12400174.013961,107,69,0,0
1718,13458564.052223615,112,80,4,0
1719,16933491.72954886,118,86,3,0
1720,582937.8962956053,108,75,2,0
1721,4557278.390364441,114,72,2,0
1722,14543742.13030862,111,69,3,0
1723,11530204.487082576,113,68,0,0
1724,10150949.686077533,110,68,2,0
1725,1207581.7168429838,112,73,3,0
1726,7159047.330981868,114,75,2,0
1727,17654509.469548684,110,83,2,0
1728,713759.3773929272,113,78,3,0
1729,8137068.493294458,112,72,1,0
1730,19280093.36670298,122,80,1,0
1731,1119665.6048463392,111,82,1,0
1732,15311124.509914065,107,69,2,0
1733,5317893.964378323,107,65,1,0
1734,17685145.519843917,115,77,1,0
1735,15237250.089515202,101,60,3,0
1736,18072946.32772329,119,84,4,0
1737,4471314.274161978,118,78,5,0
1738,10875680.747754302,109,73,3,0
1739,15911502.306139624,108,68,3,0
1740,5075972.100844876,113,75,6,0
1741,4772303.668844535,114,69,1,0
1742,638403.8942155577,110,83,0,0
1743,19551545.183935896,119,72,4,0
1744,14505138.79339727,114,72,0,0
1745,12993105.44509723,105,68,0,0
1746,15195147.230600797,111,69,3,0
1747,10882182.507699504,111,84,1,0
1748,9755535.185175618,108,73,2,0
1749,9215320.939840011,110,75,2,0
1750,13092183.343715906,114,80,0,0
1751,4179091.666278361,105,77,0,0
1752,18120740.754883967,119,79,0,0
1753,16571142.45377235,119,74,3,0
1754,7185197.995923323,113,85,1,0
1755,11836566.15595002,117,73,3,0
1756,2950325.996464917,114,67,2,0
1757,19832418.664536335,117,75,1,0
1758,18421983.543320745,112,76,2,0
1759,18807925.80298316,110,78,2,0
1760,6831834.307542614,116,68,2,0
1761,3521119.9836480813,115,69,4,0
1762,4386984.386808444,113,71,0,0
1763,1914112.248787267,116,77,1,0
1764,2525558.6318468726,113,76,3,0
1765,1534423.9584121662,110,76,3,0
1766,20187330.96018489,112,74,1,0
1767,1590333.8107857988,107,74,3,0
1768,2778011.5631289273,111,87,0,0
1769,16885955.42541844,116,76,1,0
1770,11869686.225528993,111,61,4,0
1771,15812954.823512174,115,72,0,0
1772,12898708.689043969,113,75,5,1
1773,18001258.458212145,107,73,1,0
1774,13052143.166835247,115,79,4,0
1775,10689507.536640028,103,76,1,0
1776,14560635.68102697,108,67,2,0
1777,9171873.046293443,119,86,2,0
1778,7114125.690020191,103,70,3,0
1779,9583298.943377934,120,72,2,0
1780,3532886.1606995305,114,77,2,0
1781,16262860.060141137,115,80,3,0
1782,5380668.109857829,106,71,5,0
1783,3204257.230394225,113,78,7,0
1784,5089222.785237056,110,81,2,0
1785,17186823.814129937,116,78,4,0
1786,6791995.83048049,113,73,0,0
1787,14018426.329978019,113,81,3,0
1788,17478024.21550449,111,74,3,0
1789,1665207.5980469852,104,70,2,0
1790,15622209.610593624,110,78,3,0
1791,6334347.22503879,110,71,1,0
1792,4485480.322903865,122,80,3,0
1793,14076335.135833979,118,76,1,0
1794,18562185.895817418,111,75,1,0
1795,6077532.082847841,117,78,3,0
1796,11638049.386222597,111,79,0,0
1797,5972235.250409935,112,80,4,0
1798,11342609.960698009,105,72,4,0
1799,12714925.373716086,116,71,2,0
1800,12480846.941395456,114,68,0,0
1801,12749130.256157028,107,64,2,0
1802,2829546.388436592,110,71,1,0
1803,14170542.440179266,125,76,0,0
1804,13788960.337227022,111,79,1,0
1805,13948126.550731577,113,78,2,0
1806,1590595.1567965527,106,73,1,0
1807,9160624.476209646,121,81,2,0
1808,8392921.84753186,115,72,3,0
1809,1847302.1252326309,119,77,0,0
1810,4602158.932557273,106,72,2,0
1811,9041292.74150181,116,72,1,0
1812,15173044.178073991,111,69,2,0
1813,4900561.834573747,103,71,0,0
1814,16936629.274852652,117,85,1,0
1815,11170253.267482728,105,67,0,0
1816,15528739.414055139,105,73,1,0
1817,9682877.88721156,117,77,3,0
1818,10223836.652184343,115,74,2,0
1819,12671413.471765982,111,76,1,0
1820,18931255.922388293,118,76,1,0
1821,10073933.178300811,109,71,0,0
1822,10822165.820887929,112,65,1,0
1823,12311513.536531659,111,70,0,0
1824,15063562.402187295,112,80,4,0
1825,1545507.8729202521,115,69,1,0
1826,10558774.226528801,115,73,5,0
1827,9866369.356960649,119,80,0,0
1828,18803609.985902883,111,79,3,0
1829,10108334.23286904,107,77,3,0
1830,9596866.090358596,119,88,1,0
1831,19626372.487167314,118,88,3,0
1832,9236526.592221262,113,72,2,0
1833,3759728.657208882,112,80,3,0
1834,4491445.855490827,116,76,3,0
1835,2019430.4535319358,113,79,1,0
1836,97937.3417389403,119,73,4,0
1837,8858179.705333387,107,79,4,0
1838,15707870.643971762,98,69,2,0
1839,14981343.133801946,104,70,0,0
1840,739270.8154651606,112,76,6,1
1841,11661384.813026182,112,76,0,0
1842,3219519.9976467052,108,74,2,0
1843,19197400.760487568,117,84,0,0
1844,3485181.4667741354,103,73,2,0
1845,12811938.577313377,103,74,2,0
1846,6711518.163482799,117,78,0,0
1847,13114970.78315368,108,74,1,0
1848,8458382.673553852,110,69,3,0
1849,15512927.249017341,110,76,1,0
1850,4770939.405508006,113,66,0,0
1851,18480858.63224163,119,79,1,0
1852,10244457.474395828,115,73,3,0
1853,15440837.20649353,109,75,4,0
1854,17342380.83489956,112,77,2,0
1855,20370211.899825796,114,77,3,0
1856,4634198.9986158665,109,78,1,0
1857,5912496.377681215,111,77,4,0
1858,5172094.952116494,115,75,6,0
1859,5424685.864968002,113,72,1,0
1860,11914454.833285062,112,69,1,0
1861,20262457.99103652,110,70,3,0
1862,20196571.28144482,118,70,4,0
1863,10783900.0732132,113,81,2,0
1864,13063508.97517089,109,73,0,0
1865,17550337.813274734,112,80,3,0
1866,19032039.5008904,109,80,2,0
1867,4226320.075557446,109,74,2,0
1868,10819814.014671756,113,72,3,0
1869,16999321.771244127,112,81,3,0
1870,6243706.4914646335,105,69,4,0
1871,9017866.111076325,111,75,2,0
1872,20101999.081065252,112,81,2,0
1873,20090334.29832876,114,78,3,0
1874,18487254.670295004,115,82,0,0
1875,16300969.607430262,112,81,4,1
1876,5551794.55647845,117,82,2,0
1877,6602094.964126816,111,76,3,0
1878,11200401.026052114,106,66,0,0
1879,11474442.611655518,111,76,1,0
1880,10351949.054375574,103,68,1,0
1881,13015645.376428377,115,84,1,0
1882,8378460.614421683,108,67,2,0
1883,15300329.117100917,105,71,2,0
1884,6859998.486951849,110,70,1,0
1885,6801656.183187749,106,76,3,0
1886,2670053.9437144864,114,81,4,0
1887,3918692.0763832806,107,71,3,0
1888,17358437.800783362,110,65,1,0
1889,9149323.218956174,114,75,4,0
1890,4713847.862200327,115,79,3,0
1891,15506795.322814634,110,77,1,0
1892,11336427.110638455,107,70,3,0
1893,516027.81757967477,108,81,1,0
1894,6510941.931011077,112,76,1,0
1895,3680873.8564877454,100,68,3,0
1896,13405603.711695133,112,78,5,0
1897,5671620.360702923,114,74,4,0
1898,1405313.2134838512,114,72,1,0
1899,1201997.7866305884,114,77,2,0
1900,11899885.2760264,113,76,3,0
1901,527551.2490563705,105,72,2,0
1902,17323330.716722436,110,72,2,0
1903,3242142.53902905,111,73,0,0
1904,12404306.50861471,108,67,0,0
1905,9116946.597631019,115,63,0,0
1906,9079651.552568983,117,84,3,0
1907,1544427.6481908674,112,68,2,0
1908,16388371.59640959,110,78,5,0
1909,18222152.639375154,113,77,1,0
1910,310122.0745719579,111,78,5,0
1911,3713422.158386788,110,70,1,0
1912,18442524.704383068,113,75,3,0
1913,11245296.491298461,109,82,3,0
1914,3133343.739233352,113,84,2,0
1915,4204587.395405754,113,72,5,0
1916,13489136.65346962,111,73,2,0
1917,14805690.0994606,108,71,2,0
1918,12259319.857917894,111,78,1,0
1919,19442556.03991161,108,77,0,0
1920,10119646.037721904,105,77,4,0
1921,6184201.8830255745,115,74,1,0
1922,9777855.042624485,116,73,1,0
1923,7390359.225264069,114,75,4,0
1924,4643748.18208046,108,77,1,0
1925,1019803.2822998284,114,78,0,0
1926,7238990.434323116,111,82,3,0
1927,14533416.469550362,108,72,1,0
1928,460827.5256682858,101,73,1,0
1929,9005061.57478084,117,85,1,0
1930,13164685.320883347,107,66,1,0
1931,12482242.48746816,112,63,2,0
1932,15858265.776653687,117,78,1,0
1933,16546110.177732904,113,72,1,0
1934,14539437.12890256,111,69,3,0
1935,2173974.4942291137,114,71,3,0
1936,9732965.783862954,115,70,3,0
1937,12340126.822275361,113,73,2,0
1938,5073256.8897268195,112,71,1,0
1939,950525.2920436787,116,87,3,0
1940,4626982.80022241,107,71,2,0
1941,9324213.552625736,113,79,1,0
1942,8492331.347233213,103,72,2,0
1943,3674082.3899994674,106,76,5,0
1944,16828301.0745993,112,73,0,0
1945,18884874.59403791,112,73,3,0
1946,4175301.1239949195,107,72,3,0
1947,18963794.94017291,119,79,2,0
1948,449113.2145459021,107,75,1,0
1949,18870167.910743564,108,77,2,0
1950,19417789.097447045,118,72,1,0
1951,331144.4133822026,112,79,2,0
1952,15581490.67122349,108,70,1,0
1953,19788865.455119353,118,81,3,0
1954,18483099.898863915,114,74,1,0
1955,19799193.669508215,121,85,0,0
1956,11262149.62430538,103,59,1,0
1957,1673563.626336511,103,73,0,0
1958,17343579.113345552,111,73,1,0
1959,12551778.687667083,108,75,3,0
1960,12570227.906278098,106,67,2,1
1961,8559819.407566257,107,71,3,1
1962,11699138.122400075,106,67,2,0
1963,3205236.7217691797,114,79,4,0
1964,15109353.791494755,106,74,2,0
1965,1609821.470772181,109,68,0,0
1966,14906495.90481851,113,72,1,0
1967,17327114.215296485,111,69,3,0
1968,9681104.9165086,119,82,3,0
1969,10439831.141740136,111,66,1,0
1970,6426722.568792396,110,70,1,0
1971,19773777.134865742,114,76,3,0
1972,14974398.579565423,109,60,7,0
1973,7579671.9450020855,114,72,4,0
1974,3636318.476665374,116,75,1,0
1975,4545534.52660319,118,66,1,0
1976,9507548.217408452,118,78,5,0
1977,19227702.046223447,114,79,1,0
1978,14995150.33117442,113,72,2,0
1979,4457483.940522903,117,80,2,0
1980,17542023.673017614,108,77,3,0
1981,7766744.9410713995,111,73,1,0
1982,17382833.39846505,110,72,4,0
1983,4994738.755961615,104,68,3,0
1984,12649912.242957963,112,75,4,0
1985,18904853.60375944,117,74,1,0
1986,5323608.380169745,112,69,5,0
1987,14158076.030981308,119,81,1,0
1988,20136349.761041693,113,79,3,0
1989,3144689.7780160177,110,76,1,0
1990,1881638.3586330155,111,78,1,0
1991,13777686.290092349,111,75,1,0
1992,6985621.7325082095,112,76,2,0
1993,1533204.3485697857,111,76,1,0
1994,9738716.36573308,113,73,4,0
1995,15393673.453937596,111,77,3,0
1996,5876551.658671487,115,81,4,0
1997,6890397.969623274,107,70,2,0
1998,17260525.14857845,113,79,1,0
1999,10647812.365441395,105,74,3,0
2000,17200263.729734313,112,74,0,0
2001,9151499.250657596,115,80,0,0
2002,19439038.390897956,107,68,2,0
2003,13302476.21015191,117,78,2,0
2004,2440027.7973571895,120,81,1,0
2005,18060514.367714576,113,74,3,0
2006,10022201.789315509,115,68,3,0
2007,2962747.5060065654,96,67,0,0
2008,3187170.1619980354,107,75,4,0
2009,14048564.140637234,116,76,3,0
2010,1048421.9176597868,114,73,2,0
2011,5906431.540363754,108,71,1,0
2012,2925150.4722258938,111,68,4,0
2013,9043624.009695962,121,66,3,0
2014,8500930.660152692,107,76,2,0
2015,10684457.88508741,109,74,2,0
2016,5765142.716882543,115,86,2,0
2017,737128.3956562713,108,73,6,0
2018,12563107.297073938,102,62,3,0
2019,7675715.715333639,111,72,3,0
2020,13313450.620413367,116,82,0,0
2021,2293165.376304762,112,73,2,0
2022,366185.0203694565,112,81,1,0
2023,5128660.268355371,110,65,3,0
2024,9357780.416434014,109,73,2,0
2025,8089056.022623566,109,76,0,0
2026,16541700.171471447,114,72,1,0
2027,7759375.743210192,103,62,3,0
2028,10858387.298907485,112,72,1,0
2029,12139277.245079063,117,76,4,0
2030,529743.1689864837,104,74,2,0
2031,10547522.563641667,116,72,1,0
2032,7089095.28336784,113,83,2,0
2033,8641588.320940461,100,74,2,0
2034,2122996.373682144,118,71,5,0
2035,15983606.918966427,108,68,2,0
2036,19224368.563719153,117,83,0,0
2037,538626.3018176651,108,77,1,0
2038,12298837.518067729,107,72,0,0
2039,15598239.78086506,109,69,0,0
2040,5870158.5872664945,115,74,4,0
2041,16079763.79516826,111,64,1,0
2042,12928013.42894174,116,86,3,0
2043,18955463.07110798,118,79,2,0
2044,20008253.307047877,111,78,1,0
2045,946347.9446400977,120,89,4,0
2046,9122018.075832032,115,66,3,0
2047,11194409.195023423,103,69,3,0
2048,3066402.8826877233,119,66,1,0
2049,6915558.12998669,112,74,3,0
2050,20143149.310059123,117,82,3,0
2051,416001.6152203731,108,77,3,0
2052,9275750.070224581,110,64,1,0
2053,17198692.99600444,115,73,2,0
2054,6664057.282798221,117,74,2,0
2055,9829956.074550552,115,81,7,0
2056,19948161.787163984,112,82,1,0
2057,9730008.844414005,115,68,3,0
2058,2745097.6385462442,118,77,4,0
2059,1136739.3641644032,108,80,3,0
2060,19285541.586481497,121,75,2,0
2061,5484351.241024724,108,67,3,0
2062,10322728.188950274,112,64,2,0
2063,1928335.1850486465,112,72,1,0
2064,8689818.726093467,110,60,3,0
2065,18974610.84272382,112,78,7,0
2066,10289202.109459644,112,74,0,0
2067,19807824.208740953,118,79,3,0
2068,5342730.586762218,110,66,3,0
2069,10332502.909811674,107,68,2,0
2070,17541407.507747054,108,80,1,0
2071,9189329.515335608,113,79,2,0
2072,5762117.7875139825,112,81,2,0
2073,17459051.490144975,117,77,1,0
2074,8004119.378077394,112,78,3,0
2075,10864116.30553481,108,73,2,0
2076,19917321.053932212,119,79,1,0
2077,3873428.156584182,110,75,4,0
2078,6207123.570258843,106,70,3,0
2079,717349.0103782816,111,78,4,0
2080,8043683.477769387,109,71,4,0
2081,4151645.0349450936,106,74,1,0
2082,13896277.454289295,112,76,3,0
2083,3768603.6560334237,111,85,2,0
2084,13790227.45075744,110,80,2,0
2085,5436953.605497388,110,72,1,0
2086,7300021.688199677,116,72,0,0
2087,7170922.577497422,117,77,0,0
2088,14641907.841622513,115,74,5,0
2089,9560083.512108216,116,67,5,0
2090,7423513.518340747,115,77,3,0
2091,17401121.12916553,106,71,2,0
2092,11701344.525271287,105,65,1,0
2093,4428790.786185068,108,74,3,0
2094,18365093.64003065,117,80,0,0
2095,7044805.1517327605,111,74,2,0
2096,877977.6072768876,114,78,1,0
2097,10130543.5083836,109,77,1,0
2098,2603284.43436357,117,82,1,0
2099,4929081.152401813,111,85,2,0
2100,15258428.75818687,105,67,2,0
2101,2741655.525320927,118,76,2,0
2102,16473500.530492015,114,76,1,0
2103,19112738.444448154,115,80,5,0
2104,12403611.282244377,108,67,2,0
2105,14512090.327922808,109,69,3,0
2106,14577631.439355869,113,73,1,0
2107,20247946.873065285,108,69,4,0
2108,7022222.413485677,115,70,2,0
2109,3393625.700016305,106,65,4,0
2110,10629440.539746076,114,86,0,0
2111,10915423.838138398,110,74,2,0
2112,3699375.6473227837,103,59,4,0
2113,12537180.837165387,109,76,2,0
2114,373239.43755395047,105,74,2,0
2115,18925118.84967935,117,70,1,0
2116,5459268.6042830525,116,82,3,0
2117,889772.8879046591,113,69,3,0
2118,2284686.357694807,116,75,2,0
2119,4965279.542083652,108,67,1,0
2120,5648776.909584124,113,68,2,0
2121,752692.3458000747,115,80,3,0
2122,5759425.7841053745,111,72,0,0
2123,4004583.6080150376,111,74,0,0
2124,7775282.34596923,110,74,1,0
2125,7908232.34313008,109,74,1,0
2126,6970833.593067028,116,75,5,0
2127,6745747.057188124,116,79,2,0
2128,1908626.8958582333,117,77,2,0
2129,598251.9842592508,109,81,3,0
2130,4190856.361857461,106,70,2,0
2131,15452133.912205657,113,79,1,0
2132,20207368.394905966,114,79,3,0
2133,18942538.152594216,114,76,2,0
2134,10325884.98451879,109,61,0,0
2135,10886466.133595977,117,76,6,0
2136,6474796.671352277,114,74,1,0
2137,15803252.544078067,114,77,3,0
2138,15616772.915861055,110,70,2,0
2139,17231545.32884125,116,74,3,0
2140,18271948.751883447,112,92,2,0
2141,8906990.793260016,114,79,2,0
2142,15659802.286893725,111,79,2,0
2143,16462422.824895184,120,83,2,0
2144,6350474.629835311,118,84,3,0
2145,18957079.79437929,115,76,3,0
2146,2002249.4990050672,110,71,4,0
2147,20277620.78277628,112,79,2,0
2148,15725094.268083056,103,70,5,0
2149,1980508.236964308,115,82,2,0
2150,13412849.20185711,109,79,4,0
2151,780501.8053667359,113,83,4,0
2152,15727048.494532688,103,72,1,0
2153,16316699.403883431,104,69,3,0
2154,12319906.455679882,106,73,2,0
2155,17487178.094884947,115,75,0,0
2156,2074174.5012912848,112,79,2,0
2157,5689751.014628018,115,78,0,0
2158,8497351.437495315,107,68,1,0
2159,948619.1228518885,119,89,0,0
2160,9188593.019960213,113,81,3,0
2161,5472248.781351545,107,74,0,0
2162,8061905.531757559,105,78,3,0
2163,8719214.209446963,105,74,2,0
2164,17945141.718974512,103,77,1,0
2165,5576376.293087083,117,77,3,0
2166,18236177.960718565,110,74,2,0
2167,8736847.965033418,107,73,2,0
2168,6743388.06876519,116,79,2,0
2169,10291213.693078412,112,78,2,0
2170,8569763.562142001,110,72,1,0
2171,5313013.984598684,107,65,6,0
2172,10294610.65622861,112,74,1,0
2173,3169128.874671674,112,73,2,0
2174,7233252.510933186,113,80,2,1
2175,11576241.458961282,111,76,6,0
2176,8481729.263771491,109,75,3,0
2177,16818082.663275152,111,83,3,0
2178,5299802.844551542,100,62,4,0
2179,19780133.31426862,119,77,3,0
2180,16022220.910640903,108,71,3,0
2181,19735892.13474627,118,79,1,0
2182,17106941.900871884,116,82,4,0
2183,2972189.6846248186,103,70,1,0
2184,10777540.936579606,114,84,2,0
2185,3538255.817035538,112,77,0,0
2186,16702633.78621329,111,72,4,0
2187,11949331.260754699,105,71,0,0
2188,5436423.296234299,110,73,2,0
2189,18964324.083932832,119,80,2,0
2190,2425552.2962846803,125,80,2,0
2191,11537092.144734057,114,71,2,0
2192,14729003.167949993,117,78,3,0
2193,1281472.5567320916,113,80,2,0
2194,12227421.179938301,108,66,4,0
2195,16655395.523138331,119,83,1,0
2196,1457717.6902760607,114,82,5,0
2197,10488825.36004494,117,74,1,0
2198,5337075.750973353,108,73,5,0
2199,13548804.592031173,113,81,3,0
2200,2496452.499690351,110,66,3,0
2201,19115665.633484386,114,78,2,0
2202,18256190.146030087,110,73,2,0
2203,3863094.129067952,110,72,4,0
2204,6651154.273332799,121,75,2,0
2205,12019856.011264136,122,76,0,0
2206,14668522.707433704,116,76,3,0
2207,9075681.29346846,115,83,2,0
2208,3260301.6498546973,113,76,3,0
2209,2201466.875551195,108,70,1,0
2210,20389234.55592173,118,84,1,0
2211,9333508.741425762,110,69,4,0
2212,17805425.74900804,109,75,1,0
2213,9882298.951606205,112,66,5,0
2214,18817269.980536815,114,84,5,0
2215,1868582.441571541,110,79,1,0
2216,2401856.1299455273,113,74,3,0
2217,18964998.61542846,118,82,1,0
2218,19327709.761551473,107,68,0,0
2219,6477556.036147613,119,79,5,0
2220,7298946.459116751,117,73,2,0
2221,9274578.388930332,110,66,4,0
2222,8537644.934134515,110,71,1,0
2223,3945762.2276211055,110,76,1,0
2224,18330247.946887244,119,85,4,0
2225,5230469.43208993,112,69,4,0
2226,14408789.982708357,111,79,0,0
2227,1450170.6411707355,111,72,2,0
2228,873346.5401467342,114,78,0,0
2229,13362096.944903074,111,72,4,0
2230,6970998.429254742,115,74,7,0
2231,13397207.163600698,110,78,2,0
2232,1995744.9651637394,117,84,3,0
2233,19375601.882779386,115,77,2,0
2234,15286932.387878224,107,72,2,0
2235,17881284.46139472,115,77,2,0
2236,2857789.4233143097,118,81,5,0
2237,6588100.891888835,115,76,2,0
2238,7566585.949036753,112,69,3,0
2239,10995087.2731617,111,69,1,0
2240,6115086.456290366,113,74,3,0
2241,1317664.8600855633,111,68,4,0
2242,7577434.60466426,116,71,2,0
2243,5255685.661724995,109,77,3,0
2244,7923535.218518382,107,71,2,0
2245,4086175.607710445,103,69,2,0
2246,5404886.816110822,110,74,3,0
2247,12818297.348562341,106,74,1,0
2248,7968872.811077515,114,72,1,0
2249,7100307.795128778,112,77,3,0
2250,10928742.02707286,104,69,3,0
2251,15761035.119242106,113,70,5,0
2252,7780298.910331776,114,78,3,0
2253,12017510.847026989,121,81,1,0
2254,19707656.434926774,119,87,1,0
2255,10686563.365463726,104,75,2,0
2256,18562205.264887687,111,75,1,0
2257,16203986.184349816,115,81,1,0
2258,1278835.4994785802,116,82,3,0
2259,8800368.24224908,112,77,0,0
2260,14267570.899632141,104,74,3,0
2261,20124150.833233066,118,83,2,0
2262,9394922.370391533,113,70,0,0
2263,1970649.8882241738,112,67,0,0
2264,11499457.516399035,117,82,1,0
2265,2656606.864936536,112,72,2,0
2266,15347958.622329809,107,70,3,0
2267,10396101.3936548,111,68,3,0
2268,14777554.856458584,110,67,0,0
2269,17741052.235518306,108,72,2,0
2270,12858824.753334813,116,83,2,0
2271,12523572.92274191,112,74,2,0
2272,15409911.731669856,107,78,2,0
2273,17194639.18750019,116,75,3,0
2274,17734796.67019886,110,75,3,0
2275,826209.841849721,113,85,1,0
2276,11381290.071250787,106,70,2,0
2277,4478310.635644755,118,81,1,0
2278,17557960.211640146,109,78,1,0
2279,13253800.832035776,117,84,1,0
2280,8620110.015199142,103,61,2,0
2281,3906345.422997154,110,73,6,0
2282,6971156.185729468,116,75,1,0
2283,14378435.909645064,108,70,3,0
2284,4236451.900339875,117,73,3,0
2285,1986845.0207535385,116,83,2,0
2286,18120132.810581814,119,80,1,0
2287,15605678.09513318,107,70,3,0
2288,4143755.5338330935,102,76,4,0
2289,6022545.899358898,113,82,3,0
2290,19826812.329103176,116,68,5,0
2291,14467927.283309452,116,70,2,1
2292,12484636.652772667,110,58,6,0
2293,6333596.230599069,111,73,2,0
2294,6160913.777676067,118,77,1,0
2295,889029.8389137242,112,69,0,0
2296,14880118.360297661,107,75,0,0
2297,963185.2003651884,116,84,0,0
2298,185040.87264587177,112,73,5,0
2299,14900694.44624562,108,70,0,0
2300,19355748.71068158,113,65,3,0
2301,15449161.29202713,113,77,4,0
2302,9664280.335123632,117,78,1,0
2303,9956812.509982385,109,66,0,0
2304,8943284.016588971,115,77,2,0
2305,6679133.734209811,114,80,0,0
2306,10681163.576000368,115,71,4,0
2307,8842041.177238908,112,72,3,0
2308,12233754.040716037,107,72,3,0
2309,18325063.346784025,115,83,3,0
2310,20292653.24324501,114,81,6,0
2311,1685487.2336263277,111,72,3,0
2312,7898398.089417457,108,71,1,0
2313,3756109.1411540597,111,76,4,0
2314,7237121.736290168,110,81,3,0
2315,5924287.071473955,113,76,5,0
2316,3630830.2542241663,114,72,2,0
2317,15602950.8624582,109,66,3,0
2318,10164833.27387899,107,76,1,0
2319,18754071.585434534,117,76,1,0
2320,748274.3004830715,116,80,2,0
2321,1446562.6994791985,111,74,2,0
2322,8275918.612716256,103,69,4,0
2323,1716639.7118370242,112,80,4,0
2324,5421807.552153873,111,71,3,0
2325,20110297.610502843,110,75,4,0
2326,4329868.124954549,117,83,3,0
2327,4109695.845500173,100,68,3,0
2328,11735665.245635742,109,75,7,0
2329,10199550.090111108,110,77,2,0
2330,11873708.764276491,112,63,2,0
2331,7736989.335747883,112,74,1,0
2332,16875959.299802627,119,81,2,0
2333,2900638.406472958,108,68,2,0
2334,8786026.494690148,112,82,1,0
2335,14093807.713463143,113,73,0,0
2336,17718198.334689014,107,69,0,0
2337,7591512.353250492,118,78,1,0
2338,11615950.528156294,113,72,2,0
2339,1490466.3472294637,107,71,5,0
2340,3545171.9137397776,116,74,2,0
2341,1490430.1480968664,106,71,1,0
2342,14867914.002349183,111,74,2,0
2343,5936206.620821744,109,73,5,0
2344,14783929.855099764,110,77,5,0
2345,1434789.6914992023,110,81,3,0
2346,17602675.71157211,115,77,0,0
2347,17054013.051160805,108,70,0,0
2348,1892329.3423679199,114,79,1,0
2349,568837.6305299611,109,82,4,1
2350,1229490.698513084,112,77,0,0
2351,17421580.104194615,107,67,2,0
2352,4852664.574270278,113,68,3,0
2353,11220515.229736952,114,74,3,0
2354,8742396.78049932,103,62,3,0
2355,16241614.17643996,112,79,3,0
2356,10014751.14694579,113,67,3,0
2357,10253620.0878128,112,67,4,0
2358,20172483.47058822,111,61,0,0
2359,3135170.9866412133,115,82,0,0
2360,16956003.306476876,116,74,2,0
2361,1137313.1338254507,107,81,6,0
2362,9786300.152980061,115,72,3,0
2363,18085733.07050227,115,80,0,0
2364,13595299.127902253,107,73,4,0
2365,14001464.40423968,122,80,2,0
2366,5433742.041151806,109,75,3,0
2367,8586649.43305187,103,70,3,0
2368,7530781.605113318,117,73,0,0
2369,10675660.134604484,113,71,4,0
2370,9473139.914185556,110,77,3,0
2371,6724920.970577149,111,74,3,0
2372,6289978.083788773,111,81,1,0
2373,5180620.182575558,116,85,5,0
2374,7499633.47083692,107,78,1,0
2375,3131351.5572937303,114,83,3,0
2376,17796745.323367774,118,85,3,0
2377,12313999.761596508,110,71,1,0
2378,2803281.216389779,113,83,3,0
2379,14177017.815382715,119,82,1,0
2380,17300471.56551564,112,73,0,0
2381,4910179.413768453,106,72,0,0
2382,3144736.6295634205,110,76,2,0
2383,261395.81096938322,111,76,2,0
2384,1045940.981361957,114,73,4,0
2385,15565895.480808392,110,83,2,0
2386,20133785.1565699,116,80,0,0
2387,997811.6367192348,107,81,2,0
2388,15277925.808610827,107,78,2,0
2389,1545748.1190318805,116,71,2,0
2390,12111196.555013703,116,81,3,0
2391,15440474.405439682,110,74,1,0
2392,7380979.21795431,110,75,3,0
2393,308457.94242691493,112,78,2,0
2394,12173267.2872223,117,81,3,0
2395,20216199.410416428,116,77,2,0
2396,5317991.576035037,108,65,2,0
2397,3934513.0606071036,109,74,2,0
2398,2603037.4596812804,117,80,2,0
2399,11362309.026682379,110,70,2,0
2400,12198768.499768687,116,67,1,0
2401,16175519.252921663,110,75,0,0
2402,15379510.811375862,113,74,3,0
2403,18211775.65970071,114,81,2,0
2404,16449709.648856118,108,81,4,0
2405,5107801.016344126,116,85,3,0
2406,11374935.987255005,112,75,1,0
2407,6126123.100488785,115,78,1,0
2408,6783549.5737800915,115,76,5,0
2409,19011953.472575072,114,82,2,0
2410,13934069.281740103,113,82,1,0
2411,19877992.276138157,116,84,0,0
2412,8552893.030669576,110,61,2,0
2413,11000467.264643215,112,71,0,0
2414,9978545.101494726,106,67,2,0
2415,2265142.6493688365,117,74,1,0
2416,4893249.42404845,106,71,0,0
2417,10801428.156611582,111,79,6,0
2418,1454610.4389190376,114,77,0,0
2419,19002156.2756332,120,91,6,0
2420,2601367.955433197,118,80,1,0
2421,4106913.8059359826,105,70,3,0
2422,15628237.287256256,111,80,3,0
2423,2054907.900840667,111,74,0,0
2424,18368887.535749886,117,79,2,0
2425,14823645.033044964,103,75,1,0
2426,1479924.917823863,109,78,1,0
2427,14136153.381764524,119,85,3,0
2428,12913259.782998253,110,78,2,0
2429,15466349.340309171,111,78,2,1
2430,16905110.709212437,116,84,1,0
2431,14674375.896695163,116,76,3,0
2432,11990233.733844789,103,72,1,0
2433,6634856.088431308,117,81,2,0
2434,14246354.614977468,117,74,0,0
2435,19520196.152048018,116,71,1,0
2436,12017557.310268167,121,81,3,0
2437,13577649.850215454,115,75,2,0
2438,8963421.429776674,113,79,3,0
2439,15441398.955938457,108,76,0,0
2440,20346630.336656082,114,82,4,0
2441,3343522.2374379574,116,76,2,1
2442,4196765.454050603,105,70,2,0
2443,11041086.227852955,110,71,4,0
2444,9861979.017430851,120,82,2,0
2445,11693610.555848643,102,73,3,0
2446,1082976.1315654472,105,74,3,0
2447,8296284.564576225,112,74,3,0
2448,11925289.354722582,111,75,4,0
2449,11970231.885760661,104,69,1,0
2450,13435275.162007423,110,80,1,0
2451,14712259.030574495,111,77,4,0
2452,13114683.98656478,108,74,0,0
2453,16134341.90238649,106,78,0,0
2454,12773789.064920813,112,70,4,0
2455,11001890.607740534,112,71,2,0
2456,12396794.599282108,110,71,1,0
2457,2141394.414679972,120,72,2,0
2458,5633553.76643757,113,69,2,0
2459,10796623.785693064,111,85,1,0
2460,17814675.175491706,110,77,2,0
2461,13876307.384474048,118,78,0,0
2462,1922371.0943759072,114,74,1,0
2463,12114082.783644786,118,80,5,0
2464,4589366.3577391505,113,78,4,0
2465,14992514.68956547,113,74,2,0
2466,16889737.856406637,114,78,2,0
2467,12138072.601248143,119,76,5,0
2468,12095555.33379382,116,81,5,0
2469,6962379.592147927,113,75,2,0
2470,9148666.929735407,114,75,2,0
2471,17634366.80594051,109,74,2,0
2472,14775299.953148628,111,72,3,0
2473,10641349.419639302,112,78,4,0
2474,7564316.006977418,108,69,1,0
2475,1109491.5732686464,110,77,9,1
2476,2990537.1031756983,111,61,1,0
2477,4006278.3390897233,110,78,4,0
2478,7668923.643079863,110,70,0,0
2479,19259691.527366154,114,78,3,0
2480,10344853.081433523,106,70,2,0
2481,4855440.099403161,113,66,1,0
2482,2233931.491513443,112,71,2,0
2483,6956573.271427153,111,77,5,0
2484,16651931.454516642,121,85,2,0
2485,7871172.111463231,114,71,3,0
2486,15774138.906380763,105,66,2,0
2487,16387411.573194206,108,74,2,0
2488,2336903.862733404,118,85,1,0
2489,12446818.792443674,114,78,2,0
2490,19563339.21651517,116,75,1,0
2491,8252859.169911412,105,66,1,0
2492,1120952.1818377753,112,78,1,0
2493,18836461.712680895,108,69,2,0
2494,18031541.379661355,111,79,1,0
2495,10689839.653341524,103,76,0,0
2496,11301335.46669801,113,79,3,0
2497,4386353.618736434,114,70,2,0
2498,16727478.163298277,108,78,3,0
2499,10211770.139651947,113,77,2,0
2500,774376.7126369806,111,76,0,0
2501,13956794.529583668,108,73,3,0
2502,19388698.048645433,121,76,2,0
2503,16924456.497745357,115,87,3,0
2504,5715628.952139558,112,72,3,0
2505,1169304.4947923087,108,80,3,0
2506,19182680.345260356,120,85,2,0
2507,19115894.991767026,114,77,4,0
2508,10898477.346601065,119,79,0,0
2509,13130325.069260867,111,70,2,0
2510,9480696.99289081,113,67,1,0
2511,8610827.168894751,105,62,6,0
2512,2512111.0574656753,113,68,2,0
2513,2051219.1587577935,113,77,2,0
2514,4812631.341841345,117,68,2,0
2515,17076565.62172554,118,71,5,0
2516,3047904.030419895,116,87,3,0
2517,4690105.543623179,108,74,2,0
2518,11227434.871091662,113,79,5,0
2519,4455198.724246365,123,85,4,0
2520,3400736.070574933,112,61,2,0
2521,11526000.909905538,110,64,1,0
2522,7561490.910090868,108,68,2,0
2523,12802192.313133912,109,80,2,0
2524,18611101.170883235,109,72,3,0
2525,3152708.11593078,112,77,1,0
2526,18636045.39001978,112,70,1,0
2527,18413805.262437664,110,79,2,0
2528,16923179.00735218,116,86,2,0
2529,12906301.894285055,109,72,0,0
2530,12680090.26114735,116,77,1,0
2531,13067275.012926498,105,70,1,0
2532,14108707.455910861,113,77,3,0
2533,421113.9368265182,109,70,2,0
2534,19542960.86056281,117,69,2,0
2535,11978606.946338408,111,71,1,0
2536,15956095.680248618,107,69,2,0
2537,7748088.674922538,101,66,2,0
2538,338157.661316418,109,81,1,0
2539,10437887.578906873,110,69,1,0
2540,10386214.06702016,113,75,5,0
2541,8960603.671313638,110,75,4,0
2542,6985238.04910179,113,76,3,0
2543,5159768.260804711,115,70,3,0
2544,10799570.29333899,111,81,1,0
2545,7707398.349639601,109,69,5,0
2546,19783388.708222296,116,82,4,0
2547,3598138.595207737,106,67,2,0
2548,6578040.481143831,119,84,4,0
2549,6056031.659347818,119,86,5,1
2550,11119705.42732932,97,66,1,0
2551,10225583.746528206,113,71,3,0
2552,13159223.875649968,110,65,1,0
2553,19378655.956112783,118,77,1,0
2554,5878555.715775261,114,81,5,0
2555,14154927.919802766,119,77,5,0
2556,594906.4265480668,107,80,4,0
2557,5414880.1488853535,111,77,0,0
2558,9503434.748263607,119,77,2,0
2559,715829.7665594862,113,75,0,0
2560,12629784.337139077,116,76,2,0
2561,13861260.511178529,114,75,3,0
2562,15250728.972245118,109,65,2,0
2563,10576788.414549956,106,69,2,0
2564,12351066.678519959,113,72,0,0
2565,8129534.696863008,111,78,2,0
2566,924150.0829302694,115,82,1,0
2567,2116182.306326501,109,69,3,0
2568,13387795.230313653,111,79,2,0
2569,20303738.80186811,116,82,1,0
2570,407325.8596325535,108,72,3,0
2571,11409582.62015145,116,79,2,0
2572,15337585.350037832,106,71,2,0
2573,16876212.497374643,118,81,6,0
2574,11158203.052068885,111,70,1,0
2575,12675405.759186734,117,74,2,0
2576,14235211.49865752,111,70,3,0
2577,17529943.01227431,111,77,0,0
2578,2569807.00569996,114,78,4,0
2579,18894937.569071416,110,69,4,0
2580,614751.024363863,119,80,4,0
2581,17067610.062550116,119,74,4,0
2582,1644813.886403708,107,71,1,0
2583,4038831.8699881197,107,78,0,0
2584,165480.76704948864,114,72,3,0
2585,9128495.0733437,115,68,4,0
2586,6876433.432486115,118,76,0,0
2587,3457317.649313956,109,68,2,0
2588,9246958.549541408,111,69,2,0
2589,8257586.947107441,108,67,1,0
2590,15675753.187632963,111,70,1,0
2591,18223733.00354779,111,73,1,0
2592,13338474.721985191,113,67,2,0
2593,2612876.410102756,106,77,0,0
2594,6085078.102649762,116,75,2,0
2595,18633702.644751206,107,69,6,0
2596,1888384.5902070098,108,73,2,0
2597,8348665.644013148,110,67,1,0
2598,19226406.805545844,113,80,5,0
2599,19392121.33462573,120,80,0,0
2600,8436949.638238087,114,74,0,0
2601,13639629.044755138,112,73,0,0
2602,9361806.91313367,108,71,1,0
2603,15387375.250657454,113,72,1,0
2604,727741.0311811365,107,81,4,0
2605,3013885.7174353786,108,68,4,0
2606,12559303.622841995,102,68,1,0
2607,4808978.3247887585,116,72,1,0
2608,13612323.672638161,109,72,1,0
2609,7218894.721713062,114,80,1,0
2610,18092043.336236548,117,76,5,0
2611,16723591.89819798,111,73,4,0
2612,10094752.908676801,102,79,1,0
2613,15782044.270687534,113,75,1,0
2614,5592559.738507722,108,69,3,0
2615,10123629.84358458,109,76,2,0
2616,4096786.5164187076,106,76,1,0
2617,17568931.955856934,112,73,2,0
2618,16800927.930224743,113,76,1,0
2619,18406894.606182635,122,88,3,0
2620,17905851.54390977,110,85,2,0
2621,19573497.051399395,118,86,2,0
2622,4723360.8574885,110,74,3,0
2623,19009514.96775495,115,88,6,0
2624,11686369.004699828,107,69,1,0
2625,8666261.166176267,105,69,2,0
2626,11466248.929757178,114,77,1,0
2627,7043831.617911182,113,75,2,0
2628,5946219.044160231,108,76,4,0
2629,4986915.049912463,105,71,1,0
2630,1760314.6386995486,107,70,4,0
2631,10170441.305306224,104,73,6,0
2632,18114709.00572734,115,79,4,0
2633,12883274.131236494,110,73,0,0
2634,10666164.759751147,108,74,0,0
2635,8790093.546672313,111,81,5,0
2636,9517282.466599008,116,72,4,0
2637,4336320.663552151,112,82,3,0
2638,16798252.619686544,113,76,0,0
2639,4115081.865135959,95,65,2,0
2640,14639288.294515582,115,74,3,0
2641,15519871.61945927,106,69,1,0
2642,11760610.557882417,115,70,2,0
2643,17610363.652032673,116,85,3,0
2644,5996934.137426821,104,79,1,0
2645,17989929.882111568,112,76,3,0
2646,14898975.849358829,111,75,2,0
2647,16307092.002254732,108,72,4,0
2648,13582418.909196885,112,74,4,0
2649,17273595.451825503,113,74,1,0
2650,20253854.464524664,112,74,0,0
2651,8618899.184544552,104,62,0,0
2652,16615074.13850047,117,68,3,0
2653,15207027.924388418,114,78,0,0
2654,9283106.177213376,115,67,1,0
2655,18910509.50696796,111,78,5,0
2656,8096244.007388424,116,85,1,0
2657,11569655.641371321,116,85,3,0
2658,2237835.008829651,110,68,3,0
2659,4671352.331020108,109,78,3,0
2660,17158921.5527314,116,78,1,0
2661,8139434.0741191,110,72,2,0
2662,8089302.0542092975,109,77,2,0
2663,5081684.12500784,114,79,5,0
2664,10069826.024778984,106,69,0,0
2665,16450608.5243239,109,81,1,0
2666,18265034.838101994,116,85,7,0
2667,1510255.8401804685,101,65,2,0
2668,11759629.481731769,113,71,2,0
2669,9575600.645810373,115,71,2,0
2670,12560990.106636625,100,67,1,0
2671,9169495.739458365,117,83,2,0
2672,8181919.5639628135,114,82,4,0
2673,9669164.755733099,118,84,1,0
2674,11905405.507133756,112,67,4,0
2675,10260166.65634891,108,72,0,0
2676,9674520.653546873,115,81,3,0
2677,16694672.34050472,111,78,3,0
2678,15228721.14686192,102,66,3,0
2679,7018977.9084339915,116,64,3,0
2680,16344199.871654121,113,70,3,0
2681,17421996.32587579,108,67,3,0
2682,3203458.309856911,113,79,0,0
2683,11919282.359843558,117,68,5,0
2684,5880401.8412153935,111,77,2,0
2685,15097215.84475911,113,79,2,0
2686,4935556.954484396,111,82,1,0
2687,13720994.207496261,108,73,1,0
2688,5267369.465356006,111,73,4,0
2689,10466503.090229914,116,80,0,0
2690,19351133.011854865,112,62,1,0
2691,7829840.96795789,112,77,4,0
2692,17870546.877546437,116,80,2,0
2693,20128875.77725621,117,77,1,0
2694,17852521.097195733,110,83,5,0
2695,3454740.9852097575,110,74,2,0
2696,16731691.259032277,108,81,2,1
2697,739277.0559441576,112,76,4,1
2698,8073417.333412064,107,79,3,0
2699,17768905.05198985,115,72,2,0
2700,14073304.435843349,120,74,1,0
2701,10905079.502206692,113,72,3,0
2702,7962987.475767825,115,68,4,0
2703,16582201.47013998,112,70,3,0
2704,14495828.24401889,116,68,3,0
2705,9598587.868627248,118,84,4,0
2706,18210614.926318888,116,83,1,0
2707,4756092.366653659,112,81,4,0
2708,3546642.6113896905,114,78,1,0
2709,13140201.72458064,111,73,1,0
2710,19825272.31385047,115,68,3,0
2711,5107587.588084569,116,85,3,0
2712,5156606.1872365745,119,71,3,0
2713,2919286.804876968,112,72,3,0
2714,17562380.455074813,114,75,5,0
2715,4683990.691657208,110,73,1,0
2716,10304748.249318331,112,64,3,0
2717,20208641.934277568,112,76,2,0
2718,332952.55956449185,112,81,1,0
2719,11387296.931657003,111,70,1,0
2720,10489760.963634957,114,70,1,0
2721,16483718.341186859,115,78,1,0
2722,7301315.3926219735,111,71,2,0
2723,8419448.179978177,106,71,1,0
2724,3496817.334809484,109,70,1,1
2725,15130579.3979669,112,73,1,0
2726,16021954.64422924,108,72,2,0
2727,2861704.0530481734,116,79,1,0
2728,8076568.875725242,107,81,2,0
2729,18219157.483827222,111,77,1,0
2730,141378.2308984153,117,66,1,0
2731,6153479.702576168,119,75,1,0
2732,11357976.707933119,105,68,2,0
2733,6871044.464430468,116,73,1,0
2734,5610984.883744439,108,70,2,0
2735,9428657.228420481,114,69,2,0
2736,3772698.6702484167,110,75,5,0
2737,10841817.543308813,106,69,1,0
2738,14437698.091660466,118,81,6,0
2739,11769259.77999857,116,66,0,0
2740,1977227.0473427023,111,79,5,0
2741,17234312.373028796,114,76,4,0
2742,3639779.932560915,115,70,1,0
2743,15617896.183610557,111,73,1,0
2744,7408612.0435916595,109,72,4,0
2745,15982404.351784103,109,67,1,0
2746,4275307.6131943995,115,80,2,0
2747,3877059.33700531,116,72,1,0
2748,10179802.074646143,111,78,2,0
2749,755251.4120884256,113,80,0,0
2750,4661648.237056114,108,70,4,0
2751,14789351.212458871,103,72,0,0
2752,17091648.72403526,118,79,8,0
2753,1726956.8567034793,110,79,1,0
2754,17999281.292185247,104,74,1,0
2755,16282060.373030338,118,76,2,0
2756,17747600.80349877,106,71,3,0
2757,14269807.714965248,103,69,0,0
2758,13776830.829378918,110,73,2,1
2759,10749783.345474156,111,66,1,0
2760,13342941.84007983,111,71,1,0
2761,18751311.42415279,113,80,2,0
2762,2127760.595969948,119,79,3,0
2763,6498818.710307281,119,79,2,0
2764,1557786.6217955267,107,74,5,0
2765,19273125.509770755,125,79,5,0
2766,9128672.977329172,115,68,3,1
2767,13801025.372703765,110,74,4,0
2768,17167529.821927957,112,77,1,0
2769,20211236.6378381,113,75,4,0
2770,3371813.439862216,116,74,1,0
2771,16322582.1918835,102,73,6,0
2772,18107829.246201586,118,81,4,0
2773,1078941.6029368415,110,73,1,0
2774,15400169.46002455,111,77,2,0
2775,7290019.932731065,112,65,1,0
2776,13257844.202464946,118,88,5,0
2777,10525485.14587885,114,68,0,0
2778,5361141.758474588,117,72,0,0
2779,2832421.331032147,110,69,2,0
2780,2461317.6306824065,120,82,3,0
2781,2184639.265200966,114,66,3,0
2782,13038385.01903695,114,81,4,0
2783,7222711.00588126,115,75,4,0
2784,4485705.209709575,123,78,1,0
2785,14136925.708634397,119,84,1,0
2786,14034666.2417591,122,79,1,0
2787,11035614.013868967,114,75,2,0
2788,19073149.361784954,118,72,2,0
2789,7913238.046419807,106,72,1,0
2790,17060770.875348296,114,73,1,0
2791,1612301.04052387,113,72,4,0
2792,15110593.925296333,103,74,4,0
2793,20159394.701133303,115,81,2,0
2794,17278777.93708647,114,70,1,0
2795,11857999.253860962,110,67,2,0
2796,12814514.527930247,103,76,1,0
2797,7260862.854145741,121,83,3,0
2798,13885114.018298272,114,79,2,0
2799,15731281.283493116,105,69,3,0
2800,20358024.70314893,112,75,4,0
2801,10087139.933277993,106,72,0,0
2802,1331338.4461007563,117,82,2,0
2803,12186844.920264555,119,80,4,0
2804,2503494.828177887,116,68,1,0
2805,5056990.598520061,116,76,2,0
2806,6763130.92683239,111,83,0,0
2807,14931862.251948664,107,79,3,0
2808,3819101.8564750375,107,75,1,0
2809,3452444.5432957583,112,76,1,0
2810,999515.8509691886,106,81,2,0
2811,17819807.331500072,108,81,2,0
2812,14169830.755653137,127,77,2,0
2813,897616.8451765118,109,68,4,0
2814,660948.8259765756,109,69,0,0
2815,11431734.14309685,107,75,3,0
2816,5823995.607570013,117,75,3,0
2817,12204480.034031438,109,72,1,0
2818,8912167.758058771,113,76,3,0
2819,18836662.190371726,108,71,2,0
2820,5931110.352229475,108,78,3,0
2821,13878212.484109674,115,77,2,0
2822,1184113.338625865,105,73,3,0
2823,19497633.38409502,115,78,1,0
2824,20003230.35529565,114,79,1,0
2825,15095231.936213696,109,75,3,0
2826,9533748.787524419,109,67,0,0
2827,4553938.768482292,116,67,5,0
2828,16586656.831219569,113,78,1,0
2829,15039984.463222869,117,78,2,0
2830,4593753.853787929,114,77,3,0
2831,9249499.707628088,110,72,1,0
2832,9484735.709608143,109,65,1,0
2833,16868814.88462579,117,79,0,0
2834,13973644.311582692,111,75,3,0
2835,13147589.207194023,111,71,1,0
2836,13282835.366446033,115,84,0,0
2837,5578998.184067628,114,75,0,0
2838,7634963.5801142445,106,73,2,0
2839,1013691.4277344536,110,66,1,0
2840,16067285.809618285,112,82,1,0
2841,8879554.554382512,105,79,3,0
2842,8985969.260391608,119,91,3,0
2843,5068996.885766118,113,74,6,0
2844,4339365.460965498,113,79,1,0
2845,12023652.616916018,120,75,1,0
2846,4808993.611550166,116,72,2,0
2847,1390327.674050825,116,73,4,0
2848,15672633.60077369,110,72,2,0
2849,7731590.686150717,109,70,1,0
2850,7808072.143593515,107,75,4,0
2851,8845439.133710084,105,66,3,0
2852,16638004.255842205,115,76,5,0
2853,6601827.34798743,111,77,3,0
2854,15480296.163739631,110,77,3,0
2855,19166300.808614653,115,88,1,0
2856,13507046.975562457,109,79,4,0
2857,8852806.724110546,109,74,4,0
2858,15272214.581773208,112,73,3,0
2859,9385196.625963237,114,74,2,0
2860,8502423.25075568,106,79,3,0
2861,10753640.372568622,110,69,4,0
2862,6538578.086373215,113,76,1,0
2863,2203471.692127752,110,71,5,0
2864,8511048.587423151,102,58,3,0
2865,2601635.999221412,118,80,2,0
2866,8421481.268374588,108,70,1,0
2867,11396387.236914264,109,70,3,0
2868,18986910.383451793,124,82,3,0
2869,821988.6099356072,117,74,1,1
2870,12706728.735878881,116,63,3,0
2871,9381903.07641511,113,76,2,0
2872,497854.88711837656,103,73,0,0
2873,5154124.537693158,116,70,2,0
2874,2492551.110720368,109,68,1,0
2875,4488968.793855887,120,73,1,0
2876,5662262.676106942,113,67,1,0
2877,8235968.536407489,108,70,2,0
2878,10829920.387214988,107,74,0,0
2879,106504.40065947839,118,80,0,0
2880,3373578.227904217,110,68,1,0
2881,1986508.7323892813,116,82,4,0
2882,11248947.522868095,104,76,0,0
2883,6769120.838160827,110,82,0,0
2884,11223041.864298642,114,77,3,0
2885,4591098.891242487,114,77,2,0
2886,578440.0310690384,109,76,1,0
2887,19203302.484235663,121,76,0,0
2888,2285878.001857615,115,74,3,0
2889,2662596.7101073605,114,73,1,0
2890,3062414.3340373295,117,74,4,0
2891,20013771.138645783,111,78,1,0
2892,12629597.093276212,117,76,2,0
2893,12479924.223221116,114,70,2,0
2894,20123872.39715769,118,84,4,0
2895,1882379.1509219792,110,76,3,0
2896,19876174.32539179,115,86,3,0
2897,4229417.374960842,114,72,2,0
2898,12739486.865736391,113,65,0,0
2899,8617289.010742972,104,65,3,0
2900,7883539.847369145,114,81,3,0
2901,18997717.017429534,121,89,5,0
2902,3116857.0180733516,113,71,1,0
2903,20334478.649331924,107,77,3,0
2904,7785520.090622731,112,71,1,0
2905,13261461.238207208,115,80,2,0
2906,19742262.740271486,118,78,0,0
2907,1256139.0906760683,111,80,1,0
2908,18827560.3365396,117,82,1,0
2909,11617286.489221862,113,69,0,0
2910,14391010.05952251,118,73,1,0
2911,3115972.732690408,111,69,2,0
2912,10918218.59034427,106,77,3,0
2913,13763847.11315436,105,64,0,0
2914,9351687.819506088,109,73,0,0
2915,3233777.0029065576,109,73,1,0
2916,5043872.529207855,102,70,1,0
2917,17437067.04237957,114,76,1,0
2918,786423.1340506135,116,83,4,0
2919,14481687.544144642,116,71,3,0
2920,20381613.105522405,119,81,1,0
2921,238361.6917377737,113,74,0,0
2922,3356851.3084342116,107,67,2,0
2923,13776652.804817418,110,73,1,0
2924,1304669.8724254183,114,83,5,0
2925,12063619.07615124,118,70,4,0
2926,13976800.503076503,110,76,0,0
2927,12030240.778961292,114,77,3,0
2928,7502424.875070624,110,76,2,0
2929,14246529.953978268,117,74,3,0
2930,12155093.52633346,115,79,2,0
2931,4303012.636014485,107,62,3,0
2932,11522331.364908975,110,69,3,0
2933,17995819.002770483,103,74,3,0
2934,13628183.632487383,118,72,1,0
2935,9667353.21555129,117,83,4,0
2936,6617001.327431667,115,81,1,0
2937,1830542.7867744546,123,76,2,0
2938,5054189.961217252,114,74,3,0
2939,313576.1069870611,112,80,2,0
2940,20122404.482729968,116,84,5,0
2941,4604480.583329599,110,71,0,0
2942,16634574.693677474,116,78,3,0
2943,3511172.8017427837,111,70,2,0
2944,5845658.705730153,114,77,1,0
2945,8580608.487961981,101,72,3,0
2946,6674300.46512206,117,81,2,0
2947,16298988.965202155,117,79,1,0
2948,19534854.65261401,115,71,1,0
2949,17861530.25618797,113,80,2,0
2950,3205197.8908282607,114,79,2,0
2951,15859082.963830847,117,80,3,0
2952,3090846.736626758,120,73,2,0
2953,18634978.15962053,111,69,1,0
2954,10603270.963247223,115,77,3,0
2955,6917492.5838203775,110,76,0,0
2956,3275210.989663854,107,71,2,0
2957,326214.23910395405,115,87,0,0
2958,5121608.327852583,108,63,1,0
2959,18647953.83709157,109,75,2,0
2960,16276881.695787488,118,73,4,0
2961,19780582.699518513,118,79,3,0
2962,2132624.666324395,120,87,1,0
2963,12112129.051615734,117,82,3,0
2964,5308508.9664274,107,70,0,0
2965,11112242.984143741,103,58,1,0
2966,6594069.634068422,117,75,1,0
2967,5842905.008122007,115,73,3,0
2968,11739820.855394715,113,80,7,0
2969,3809151.9039818766,110,67,0,0
2970,9613374.18465496,114,76,4,0
2971,13302835.15360824,118,79,2,0
2972,2689470.269367112,112,71,1,0
2973,18984536.215259816,121,83,2,0
2974,10356454.906634584,106,74,1,0
2975,16729046.241838468,108,78,2,0
2976,13365649.922880305,112,71,4,0
2977,14504815.113970965,113,71,5,0
2978,14629300.697306158,107,73,1,0
2979,17857578.669565562,108,80,2,0
2980,12547253.732758917,113,77,1,0
2981,5736322.630297292,109,69,1,0
2982,2107202.023454558,108,74,1,0
2983,12397895.079545693,110,70,0,0
2984,1433866.1978514518,113,83,2,0
2985,4986490.899530304,106,71,1,0
2986,1319217.2220217823,112,70,3,0
2987,11232989.602509761,115,74,2,0
2988,3342482.506089787,116,76,1,0
2989,12482307.680127202,112,63,3,0
2990,16146972.731518893,109,78,2,0
2991,16776824.925146673,113,77,4,0
2992,6372485.7458556825,116,81,2,0
2993,11234349.068146747,115,78,1,0
2994,11519797.311529744,115,65,2,0
2995,9689603.740313953,119,81,1,0
2996,13390190.861497555,114,85,2,0
2997,4352765.27575879,111,73,3,0
2998,19972480.012232784,116,84,3,0
2999,2078165.8966318197,115,76,2,0
3000,16925891.247096464,115,84,2,0
3001,12151063.664609943,112,74,2,0
3002,5058812.264111105,116,74,2,0
3003,15229269.643409103,101,63,4,0
3004,1802004.2370517065,111,74,2,0
3005,15812967.614852108,115,72,0,0
3006,12067583.899222221,121,77,3,0
3007,2335473.165866765,118,85,4,0
3008,1700967.1730546176,114,73,2,0
3009,15334083.924894305,104,63,3,0
3010,6035225.214917324,109,76,1,0
3011,18145986.264640264,118,83,3,0
3012,15562274.081872404,109,81,2,0
3013,14264968.213629492,108,72,2,0
3014,5744220.274459069,108,74,2,0
3015,14483361.714483408,116,72,5,0
3016,19341003.918053444,113,73,1,0
3017,1945760.4924637652,114,84,2,0
3018,6709980.468751618,117,77,1,0
3019,4852030.498087869,114,70,2,0
3020,8072366.429354979,106,80,0,0
3021,15161394.621712001,107,73,2,0
3022,9717128.64655418,118,70,2,0
3023,11676568.856847513,113,75,4,0
3024,6466131.805139746,116,79,2,0
3025,2955645.920298003,110,65,1,0
3026,5507181.769167816,109,63,3,0
3027,17544443.685501777,112,80,3,0
3028,12320042.700626599,107,73,3,0
3029,7762442.779820143,109,66,1,0
3030,16127494.714693619,107,78,2,0
3031,1395375.755321305,118,70,4,0
3032,5242318.657092639,108,77,3,0
3033,4759242.811334823,113,81,2,0
3034,20096789.382687386,115,80,2,0
3035,14425567.571799219,112,83,2,0
3036,12632149.681804202,116,76,1,0
3037,187632.68121403782,111,69,1,0
3038,3829293.7984399875,105,75,0,0
3039,12992718.361180084,106,68,1,0
3040,7797588.194459075,109,72,1,0
3041,18856316.319600895,106,71,2,0
3042,15616113.552643163,111,71,1,0
3043,9171696.796876946,119,86,3,0
3044,15307250.35785618,107,70,1,0
3045,19894520.846533377,121,85,0,0
3046,9447814.195707584,116,74,3,0
3047,13134558.72088518,109,76,8,0
3048,18742273.536818758,119,70,2,0
3049,5136385.566765793,109,69,0,0
3050,18090263.487569313,119,74,3,0
3051,2067298.8872630226,112,76,2,0
3052,13254826.06902569,118,85,4,0
3053,15983964.117610846,109,69,2,0
3054,12567577.258090569,103,65,1,0
3055,10149522.588808183,111,70,4,0
3056,12623237.966450863,110,77,0,0
3057,3166325.9324094485,112,73,0,0
3058,4464123.757101942,114,75,3,0
3059,5567407.91732781,113,82,2,0
3060,12225863.737778563,109,65,0,0
3061,9060350.245185394,116,79,2,0
3062,5051117.618865435,111,72,1,0
3063,18014138.793459274,111,69,2,0
3064,7679855.163938663,114,74,0,0
3065,9144233.741432937,115,78,5,0
3066,8406445.582126362,106,70,1,0
3067,3781224.7585781817,105,74,3,0
3068,14943988.778551007,110,78,2,0
3069,9193511.00685106,113,75,2,0
3070,416542.8848573691,108,76,2,0
3071,19663204.662041813,112,76,4,0
3072,16652601.118835023,119,82,6,1
3073,14780153.939154705,108,73,2,0
3074,17735570.06974208,111,75,5,0
3075,18501478.983320072,112,76,3,0
3076,6940005.961372626,114,84,1,0
3077,12493504.457814949,108,63,2,0
3078,12449825.466223525,114,74,4,0
3079,5514614.754338079,117,72,2,0
3080,4593717.541486462,114,77,4,0
3081,2399582.967962773,111,73,2,0
3082,13475488.964992957,106,67,3,0
3083,15944990.502256665,104,67,1,0
3084,15539528.726839507,108,78,1,0
3085,6509193.8497215845,114,75,0,0
3086,4254734.93930714,116,70,0,0
3087,9298215.29038508,112,74,1,0
3088,11190869.025180193,104,66,1,0
3089,18750853.759934243,114,84,0,0
3090,17851958.68773578,110,81,5,0
3091,18689346.168744996,122,80,1,0
3092,17353188.41238742,111,66,2,0
3093,19674729.267210834,111,77,2,0
3094,9539587.74251035,108,72,1,0
3095,1050472.7964723073,112,70,3,0
3096,1783344.3240584366,110,72,3,0
3097,8011971.776656036,105,72,1,0
3098,5319406.374735519,110,65,1,0
3099,3537485.5531240106,112,78,1,0
3100,19443680.971211832,106,78,3,0
3101,4054902.8336075568,109,72,2,0
3102,19569090.510468785,118,85,2,0
3103,15537210.833706945,106,75,1,0
3104,13102468.331250189,102,72,2,0
3105,13814722.63391106,112,77,2,0
3106,6817847.975140027,115,69,4,0
3107,13213781.718072372,113,77,1,0
3108,3877668.8612086233,116,73,4,0
3109,19128946.841767658,124,82,4,0
3110,6215098.43058375,107,70,0,0
3111,5268625.617052337,108,74,4,0
3112,14528409.640607674,110,76,6,0
3113,13417297.987000795,111,83,3,0
3114,9251197.914148506,109,70,0,0
3115,12929865.155606613,117,84,2,0
3116,3325321.504090762,109,67,1,0
3117,13760081.935395943,108,69,3,0
3118,5581853.753745919,112,74,2,0
3119,5627043.879954824,113,67,3,0
3120,3379885.2468644,105,60,2,0
3121,6836181.907460417,112,67,3,0
3122,6813314.032378327,113,65,1,0
3123,9309685.698045004,115,69,4,0
3124,3953363.132962359,117,78,3,0
3125,4005919.841297763,112,79,3,0
3126,11087810.217908176,100,56,1,0
3127,2703590.783086141,112,58,3,0
3128,14076244.879434068,118,76,3,0
3129,19255700.653167266,117,87,1,0
3130,8753594.766511528,106,67,4,0
3131,18385686.257338684,119,77,3,1
3132,2082974.0059476048,111,69,2,0
3133,958766.3136936397,119,85,4,0
3134,14735670.617000056,117,80,4,0
3135,15540921.69547904,109,77,3,0
3136,17206889.534236092,112,71,0,0
3137,1240230.6858754626,116,78,2,0
3138,15863517.70924133,115,75,0,0
3139,7732997.970139864,110,70,2,0
3140,6246459.309457016,107,73,3,0
3141,3600100.5850711362,108,66,2,0
3142,20313089.548320077,120,85,3,0
3143,1379254.706451755,119,74,2,0
3144,16880947.95745341,119,76,3,0
3145,13072997.198167438,109,69,4,0
3146,15014119.629892293,111,76,2,0
3147,14539666.584523873,110,68,2,0
3148,17519144.149072163,118,79,2,0
3149,3818775.837809905,105,73,0,0
3150,103145.98883205676,118,74,3,0
3151,12241077.144095032,108,83,1,0
3152,7272419.703922536,115,78,2,0
3153,2600223.6053943853,116,79,1,0
3154,3866431.362847241,111,71,3,0
3155,6823432.337696915,111,70,3,0
3156,1512671.2026188145,101,67,1,0
3157,1242170.5435437285,114,79,2,0
3158,18688694.772635344,121,82,5,0
3159,6424457.792775121,111,70,3,0
3160,20033148.112014573,109,63,3,0
3161,19670379.45837043,108,79,1,0
3162,2981680.572986096,105,69,1,0
3163,14604796.773494687,113,71,3,0
3164,12287305.36643687,110,74,2,0
3165,14111784.501790218,112,69,1,0
3166,2039808.3518939482,112,72,3,0
3167,3915602.6528791506,109,79,0,0
3168,1642747.281279921,106,70,1,0
3169,12354915.785866195,115,77,1,0
3170,20121696.931913003,117,83,3,0
3171,13732793.196942411,115,74,2,0
3172,14520260.948611338,119,75,1,0
3173,20080959.189644337,110,69,3,0
3174,13855187.437499167,109,71,1,0
3175,902391.304309924,107,75,1,0
3176,17693202.939955443,115,73,1,0
3177,7492140.849696443,107,73,3,0
3178,175014.68027223376,115,74,4,0
3179,10387108.78423412,112,73,2,0
3180,19114925.831794813,114,80,4,0
3181,5312168.663280841,107,68,5,0
3182,10067852.913087852,106,72,1,0
3183,3615391.5263296785,113,74,2,0
3184,1257999.699133399,109,81,3,0
3185,1722074.5598712172,113,86,2,1
3186,14850246.673900822,110,81,4,0
3187,17633678.722043265,111,74,1,0
3188,2996455.508003888,107,66,1,0
3189,5941458.147667875,107,74,5,0
3190,4046980.417144095,104,71,0,0
3191,631776.3755111279,112,79,5,0
3192,11325262.887116909,114,77,1,0
3193,14300139.462287292,116,72,2,0
3194,13243236.730821658,117,72,2,0
3195,7966836.217195123,115,73,1,0
3196,11357326.070449222,107,70,2,0
3197,1997331.0794457963,113,82,2,0
3198,3219938.1983327866,108,74,2,0
3199,19008912.416034166,118,91,2,0
3200,15550794.739627337,110,84,2,0
3201,18825016.46237917,116,82,5,0
3202,18701976.54549935,112,75,0,0
3203,13274005.511177154,116,80,2,0
3204,18936699.170402605,115,81,2,0
3205,8548660.24375743,112,65,1,0
3206,159837.25259466656,116,79,1,0
3207,1357069.1921574662,119,83,3,0
3208,2309824.815401875,111,78,2,0
3209,2022799.785856253,109,80,0,0
3210,7228631.47243081,113,75,3,0
3211,14327527.042453991,113,73,0,0
3212,16142579.704920212,108,74,3,0
3213,12072215.0900809,118,80,1,0
3214,3060167.2584333178,119,72,0,0
3215,15274486.575784283,110,78,2,0
3216,7291575.453078705,111,65,3,0
3217,350263.72748736944,112,81,0,0
3218,5784481.4703308605,115,79,3,0
3219,6800103.813273323,111,75,2,0
3220,5655668.630995147,114,78,4,0
3221,16573534.322872214,116,72,1,0
3222,15518681.31178175,107,67,2,0
3223,14211392.412807757,119,81,1,0
3224,2909259.5323956786,105,72,3,0
3225,16491567.904751291,115,83,2,0
3226,13838218.559074113,114,72,6,0
3227,4043085.801989514,104,75,3,0
3228,13247632.298584923,118,76,5,0
3229,9905361.000846352,110,76,1,0
3230,9008545.316151476,111,83,2,0
3231,2363352.3545318833,116,66,3,0
3232,10611915.91215328,108,77,3,0
3233,2115775.203887172,108,69,4,0
3234,3421992.087004745,110,72,5,0
3235,2778097.531766171,111,87,3,0
3236,19462049.288042087,104,65,1,0
3237,5871318.187658342,114,73,3,0
3238,7299747.321858287,116,72,2,0
3239,6627084.120417383,118,80,2,0
3240,18327710.74049967,116,85,2,0
3241,11518886.541024381,115,65,1,0
3242,18752331.56357812,114,79,1,0
3243,6177155.017590571,113,69,5,0
3244,2418416.6344942464,123,74,3,0
3245,11381861.850541448,107,71,2,0
3246,7103427.01447496,114,76,3,0
3247,16371203.21179672,109,68,1,0
3248,17945378.818814397,103,78,0,0
3249,9683233.830096452,118,77,3,0
3250,19812370.51751887,116,85,4,0
3251,11316766.927639656,109,78,3,0
3252,5588142.980731879,109,79,3,0
3253,10016319.175405389,113,69,1,0
3254,844082.4940016926,114,79,0,0
3255,16413733.96215827,113,82,1,0
3256,2146302.438731239,118,86,2,0
3257,6356340.805123623,116,83,0,0
3258,11566622.309957588,116,86,3,0
3259,959121.6615869635,117,85,3,0
3260,1697135.8618171783,114,75,4,0
3261,14222852.543862019,107,69,1,0
3262,1544020.4950408672,112,67,6,0
3263,9774808.014605222,116,72,5,0
3264,6964495.44525523,112,73,2,0
3265,4718145.385015723,113,77,2,0
3266,3920046.346256172,106,69,1,0
3267,15589451.18860373,106,67,1,0
3268,19409938.241618678,117,66,5,0
3269,2933114.1327683795,112,71,4,0
3270,19575222.3265005,117,87,4,0
3271,12164599.015571017,114,80,4,0
3272,13116982.847954879,112,72,2,0
3273,14503300.916768296,114,71,1,0
3274,14385364.77776469,111,67,2,0
3275,16734796.060591683,108,78,2,0
3276,9904487.9841085,109,75,2,0
3277,10917632.851813544,105,77,5,0
3278,6662549.235226065,116,73,2,0
3279,2223929.1115100277,116,61,5,0
3280,13583647.141253287,108,75,1,0
3281,768937.8102467092,110,76,4,0
3282,5683886.36338061,113,74,5,0
3283,1999982.3952256257,111,76,1,0
3284,3959610.820046829,112,81,3,0
3285,13057491.88675485,110,74,2,0
3286,12849252.015549397,113,82,1,0
3287,8637014.751151722,105,71,2,0
3288,1917576.4297579906,113,76,5,0
3289,8887184.145891082,107,73,2,0
3290,7249801.759749479,118,77,2,0
3291,14717196.292537484,113,73,2,0
3292,11845040.748663062,117,75,3,0
3293,10068920.976772841,107,70,2,0
3294,9975837.33461692,110,68,2,0
3295,19709570.667729683,117,92,1,1
3296,15444920.53666499,108,77,2,0
3297,10178862.12200009,108,75,2,0
3298,9818261.1335042,116,77,3,0
3299,624126.9976606757,116,81,1,0
3300,19226501.115793306,113,80,1,0
3301,6568057.349062224,119,78,3,0
3302,5283908.499201392,108,76,2,0
3303,20381996.693202674,119,82,0,0
3304,14681262.37304528,114,72,1,0
3305,1048244.5626526206,114,73,4,0
3306,1343145.5132445963,110,73,1,0
3307,604275.5602781143,114,85,4,0
3308,12263220.76374754,112,73,2,0
3309,1539703.2414580926,111,71,1,0
3310,19041277.39546411,117,77,2,0
3311,19112723.252164535,115,80,6,0
3312,11175447.565893305,106,64,1,0
3313,12608856.763216412,101,72,4,0
3314,6014074.7484141635,112,78,6,0
3315,1385528.8022102513,116,74,2,0
3316,15062451.736777313,111,79,0,0
3317,2153429.145119547,117,80,1,0
3318,1823870.3507451206,123,80,5,0
3319,6406594.412475695,109,78,2,0
3320,339547.6337237737,109,80,1,0
3321,8900621.670532962,107,72,3,1
3322,14457700.849542165,112,75,0,0
3323,16359873.559744168,113,71,3,0
3324,12358431.002626974,114,73,3,0
3325,17284382.56715609,116,71,1,0
3326,8341484.153220969,111,73,4,0
3327,17322923.994574137,110,72,2,0
3328,10371657.400276888,112,80,5,0
3329,4615728.472938182,104,71,1,0
3330,19259732.134122077,114,78,0,0
3331,5670398.517534627,110,67,4,0
3332,618489.2602920274,116,79,5,0
3333,5014527.394713505,108,67,3,0
3334,7532944.31899134,115,73,4,0
3335,7221468.82836506,115,78,2,0
3336,10741137.914776275,109,67,1,0
3337,18020587.46963272,111,74,5,0
3338,6023087.780852926,114,79,3,0
3339,10662001.198191617,104,71,3,0
3340,6993805.815924163,115,74,3,0
3341,16774638.580527205,110,79,0,0
3342,3286908.4912571036,105,71,1,0
3343,2188445.1247333437,112,67,6,0
3344,10301026.404647922,114,75,1,0
3345,13730824.336691303,112,77,2,0
3346,16241607.573670851,112,79,2,0
3347,12060265.662860004,117,71,3,0
3348,15801431.412961736,113,75,2,0
3349,8061398.785231816,106,77,1,0
3350,753863.5007033453,115,82,2,0
3351,2444098.3051416497,119,82,0,0
3352,872763.0967179628,115,78,3,0
3353,6766456.076416423,109,80,1,0
3354,10148639.961947894,112,75,2,0
3355,7322352.931111663,109,71,1,0
3356,11470829.899858266,113,75,5,0
3357,9846418.343932135,119,72,2,0
3358,13853791.243132154,109,68,0,0
3359,13630800.832780227,119,73,2,0
3360,6545519.473824219,110,73,2,0
3361,7117184.673690902,106,71,1,0
3362,11969347.90276293,105,70,1,0
3363,12198511.98494006,117,67,2,0
3364,6477199.966177445,118,77,3,0
3365,6794363.497173025,115,77,5,1
3366,14180788.509779,118,78,4,0
3367,13233760.02663807,115,77,1,0
3368,2828957.7211149926,109,70,4,0
3369,9042902.07569602,121,67,1,0
3370,18215117.964023184,116,83,2,0
3371,823681.1480592409,115,83,2,0
3372,17452727.359622817,110,75,4,0
3373,3400156.742395803,112,62,4,0
3374,10387402.328579541,112,72,2,0
3375,8703654.463996949,104,75,1,0
3376,292102.5309954092,104,70,1,0
3377,18675914.83964141,122,82,3,0
3378,9324839.546614146,114,77,1,0
3379,19465298.457143866,111,66,0,0
3380,5909480.443525565,109,75,1,0
3381,17678381.8962222,109,77,0,0
3382,18817918.512873664,115,85,1,0
3383,11394329.978691265,111,73,2,0
3384,4202299.44490246,112,70,2,0
3385,14002130.75223012,121,78,3,0
3386,11234826.983853664,114,78,2,0
3387,19267530.642268784,120,79,2,0
3388,9006961.322422745,113,85,3,0
3389,5539267.750810449,116,76,0,0
3390,2894677.1115417294,109,61,2,0
3391,14273971.059461612,107,76,4,0
3392,19868228.498410072,113,81,7,0
3393,661993.9552557317,109,71,0,0
3394,15123068.086692287,106,68,4,0
3395,18910131.030716687,111,78,1,0
3396,1605033.4844753195,105,66,0,0
3397,2323689.2079973095,109,72,4,0
3398,14138387.972477304,120,88,1,0
3399,13244981.052341312,116,73,0,0
3400,1484119.619276191,106,72,2,0
3401,17031523.481584825,112,78,3,0
3402,10715882.132494936,110,71,3,0
3403,18509401.378770594,105,74,3,0
3404,17916287.614847444,107,78,2,0
3405,16586482.770763146,113,78,3,0
3406,10563068.42537321,113,71,1,0
3407,5198039.028390771,111,77,6,0
3408,10361548.143225715,110,71,1,0
3409,2133637.135847429,121,86,2,0
3410,13465984.044738948,109,77,3,0
3411,2807155.777214995,115,84,3,0
3412,10467096.053279685,116,80,4,0
3413,1190767.3785900688,105,77,1,0
3414,6168779.847501399,116,82,3,0
3415,4799397.163097783,116,70,0,0
3416,12677752.55677152,117,82,5,0
3417,16064149.833068298,115,83,0,0
3418,1250085.4796271888,110,78,4,0
3419,17353620.96466148,112,66,4,0
3420,17566526.042060126,114,77,3,0
3421,7037063.453011451,112,68,2,0
3422,13469190.970098915,114,78,2,0
3423,8262504.402620972,104,66,2,0
3424,3217646.759154161,107,74,3,0
3425,10822264.93121222,112,65,3,0
3426,1840157.7259086242,115,77,0,0
3427,17926061.142919563,114,77,3,0
3428,18856506.71818657,106,72,2,0
3429,16771390.94117278,111,78,4,0
3430,11509996.06506411,114,77,3,0
3431,11409889.149139289,116,78,2,0
3432,20081412.761061043,110,70,2,0
3433,5120688.356415729,109,65,3,0
3434,1628729.0354565915,109,70,1,0
3435,11498071.500123277,115,80,5,0
3436,6763246.406088454,111,83,4,0
3437,6632326.862676639,117,79,3,0
3438,230286.5383416369,116,74,1,0
3439,12194591.433335604,118,69,1,0
3440,5448290.81233226,117,82,2,0
3441,3901356.2532776888,109,72,1,0
3442,907475.4899565623,111,74,5,0
3443,7485709.150436124,115,73,0,0
3444,17936148.272875223,110,68,2,0
3445,6923376.092364399,115,82,1,0
3446,13876767.42942466,116,78,2,0
3447,15450053.113980573,112,76,2,0
3448,6749339.992710897,115,79,1,0
3449,16771951.390330529,112,79,1,0
3450,14136815.376652535,119,84,1,0
3451,11443267.483567443,107,74,2,0
3452,106554.56295455177,118,80,2,0
3453,799009.2380540185,110,78,3,0
3454,20208507.215768293,112,76,3,0
3455,15972709.004940882,112,73,2,0
3456,19126100.249057498,121,78,2,0
3457,18410012.564193334,119,81,1,0
3458,501547.9244697269,107,78,2,0
3459,16166918.022161212,112,74,2,0
3460,9248087.311080923,109,71,1,0
3461,16120432.183563715,107,75,3,0
3462,222781.4584763601,117,70,1,0
3463,5939036.1290605785,110,77,3,0
3464,15343982.709259449,110,69,3,0
3465,16190748.966605645,105,69,1,0
3466,12671316.235626098,110,76,1,0
3467,6204190.192798946,105,66,1,0
3468,6389119.358837405,114,79,3,0
3469,19719055.86805694,118,91,5,0
3470,9005745.251016531,116,84,3,0
3471,9166446.824131746,118,78,0,0
3472,11302952.55878803,112,80,1,0
3473,8402409.656107262,109,77,0,0
3474,11309833.065218449,109,77,4,0
3475,8866094.831394458,102,73,1,0
3476,16874995.901313365,119,80,0,0
3477,18547044.489655633,103,69,2,0
3478,19015322.312226437,114,85,3,0
3479,11545901.629500851,105,80,3,0
3480,9065376.045565985,115,75,2,0
3481,14408133.017921127,111,77,6,0
3482,17110740.162600752,114,81,1,0
3483,11519218.17898716,115,66,2,0
3484,14301334.598757753,117,73,1,0
3485,15311603.762706816,107,71,3,0
3486,13822334.260063972,113,78,2,0
3487,15238581.796328526,102,62,1,0
3488,4323485.955414193,116,80,3,0
3489,10207190.951099856,112,71,4,0
3490,12032722.499498269,111,74,1,0
3491,136720.82867208193,118,71,1,0
3492,17468944.24398473,113,72,2,0
3493,12474533.707695896,111,67,2,0
3494,2708848.9695944325,109,69,3,0
3495,16664652.887040867,118,77,2,0
3496,14648106.051688004,115,73,1,0
3497,15485643.808842156,110,72,3,0
3498,8047841.498505831,111,74,2,0
3499,17433202.824959222,109,73,4,0
3500,8494306.52691116,103,69,4,0
3501,11672071.674357891,111,69,1,0
3502,99443.64661555566,117,76,2,0
3503,13182225.263632156,109,64,1,0
3504,14670826.716217287,118,75,2,0
3505,11603030.150600199,107,69,2,0
3506,10170317.832994938,104,73,4,0
3507,16534265.933547888,111,68,3,0
3508,13923444.591104865,115,79,2,0
3509,5733416.369018339,108,67,3,0
3510,19562877.72039312,116,76,2,0
3511,14449299.272841303,117,77,1,0
3512,20149068.592781954,115,78,0,0
3513,19810386.30626167,118,80,1,0
3514,18747251.08693818,114,79,4,0
3515,15426183.110587057,107,79,1,0
3516,12462447.843689015,111,68,3,0
3517,3582772.969807352,107,69,0,0
3518,11120563.244474702,98,62,3,0
3519,15629360.266175041,111,79,4,0
3520,10663758.836129189,107,72,1,0
3521,17718252.924010735,107,69,2,0
3522,2313248.1384253316,111,77,6,0
3523,7822384.212032441,109,80,1,0
3524,10361323.027032554,110,71,4,0
3525,8865889.1783915,102,73,4,0
3526,2291532.178540971,113,74,4,0
3527,3204191.184140739,113,78,3,0
3528,17096396.93639209,114,75,1,0
3529,9923081.782159386,107,64,3,0
3530,1075835.5535236918,112,71,2,0
3531,421297.8908145234,109,69,2,0
3532,9701549.073539987,114,79,1,0
3533,3424537.4145832327,110,78,2,0
3534,14405815.660973798,110,74,1,0
3535,16237510.747628562,112,79,5,0
3536,4722558.236663518,112,73,2,0
3537,12112092.525881251,117,82,2,0
3538,3222800.0420438247,109,67,1,0
3539,6251435.055518174,105,71,2,0
3540,18135703.377638876,114,81,2,0
3541,11135726.402586175,105,71,1,0
3542,18076673.265510358,115,83,2,0
3543,4660642.3081557555,111,72,1,0
3544,6788402.352956611,113,76,2,0
3545,9650307.646925658,115,77,2,0
3546,9835674.1350207,112,75,2,0
3547,20346235.858379714,113,80,1,0
3548,2410509.759538121,121,77,5,0
3549,17387765.156982865,105,75,2,0
3550,17625709.38376357,113,77,2,0
3551,11320536.52981677,110,78,2,0
3552,7072969.198139591,112,72,2,0
3553,10630636.035445003,112,84,5,0
3554,6025717.162129776,112,83,2,0
3555,16314354.419938916,104,64,2,0
3556,10205253.8434259,114,75,3,0
3557,18888032.631771713,112,78,1,0
3558,12731766.744644795,111,67,3,0
3559,10530991.289159743,111,70,1,0
3560,14526512.012836572,111,78,3,0
3561,10320069.068463426,114,70,3,0
3562,18454753.161777966,109,65,2,0
3563,3832054.795305618,109,69,2,0
3564,19852775.730038352,115,84,2,0
3565,16580040.850773267,114,66,1,0
3566,17565828.819407027,114,75,2,0
3567,9893099.096658764,110,75,4,0
3568,17087954.183328193,117,83,1,0
3569,6316245.379652452,106,66,3,0
3570,15559738.831009844,107,82,0,0
3571,2938605.636500916,116,73,2,0
3572,6321887.488600242,104,69,7,0
3573,9138160.63444411,114,65,1,0
3574,6631939.908169353,117,78,2,0
3575,7945788.7772496715,104,67,0,0
3576,16740759.115169425,107,77,4,0
3577,5298871.347266282,100,63,2,0
3578,15221271.93164619,105,76,0,0
3579,1583315.214691781,99,67,1,0
3580,15636723.499772849,109,80,2,0
3581,16170491.206089897,108,73,1,0
3582,8243938.053394204,108,70,0,0
3583,14758190.641755722,115,77,3,0
3584,18670664.647893976,124,84,1,0
3585,16346958.78175591,115,71,6,0
3586,8015431.554537303,103,75,1,0
3587,9919614.362593837,108,65,3,0
3588,15913281.276492223,106,63,3,0
3589,6028293.892820062,110,83,0,0
3590,16411329.13709648,111,79,2,0
3591,6748737.534670569,115,79,1,0
3592,16454134.350852555,110,77,1,0
3593,1849108.6833891494,119,78,1,0
3594,988002.5467415001,116,78,8,0
3595,20346793.9150074,113,80,5,0
3596,17742987.47580077,109,69,5,0
3597,18014913.961390283,112,69,2,0
3598,19404612.664016146,116,69,4,0
3599,8987552.285065653,122,90,0,0
3600,5911341.710222659,111,75,3,0
3601,2726895.5888255667,113,72,5,0
3602,10264754.600245722,106,78,2,0
3603,4555053.272910761,115,69,3,0
3604,19085192.578319408,121,82,5,0
3605,167694.62162298075,113,70,0,0
3606,2994382.071392216,108,67,3,0
3607,5091733.034076998,109,77,5,0
3608,4126733.316349968,103,72,3,0
3609,4671418.178686125,109,79,1,0
3610,13409152.344540387,108,77,4,0
3611,6737384.281552109,113,76,1,0
3612,12576069.137940943,102,74,3,0
3613,18165402.013315424,114,79,1,0
3614,12322881.771589747,108,68,3,0
3615,14190694.11232732,112,76,3,0
3616,7508894.778960035,116,77,2,0
3617,3330304.9050949286,113,71,1,0
3618,6596692.906607714,114,77,1,0
3619,19668666.316823546,114,80,4,0
3620,12713896.870920528,116,72,1,0
3621,5721984.809018207,108,68,4,0
3622,9243406.87942114,110,65,1,0
3623,17053664.55893366,108,69,2,0
3624,13660884.656464567,106,76,3,0
3625,11471913.628391657,115,77,3,0
3626,18061933.63352939,113,75,1,0
3627,13742033.856749691,110,69,4,0
3628,13138698.281013248,111,75,3,0
3629,3940135.423221395,111,76,2,0
3630,2246898.8191427724,116,69,0,0
3631,19686120.056354836,118,84,2,0
3632,12247776.236649923,111,74,1,0
3633,8527932.399582023,111,70,2,0
3634,12047999.222716335,110,71,2,0
3635,1341652.5806599674,109,75,4,0
3636,16781831.82753504,116,79,1,0
3637,4485950.878026309,122,78,0,0
3638,16424798.477902342,113,86,2,0
3639,10938343.6744201,110,84,3,0
3640,5702913.824538918,113,72,3,0
3641,699891.5449206701,109,74,2,0
3642,16654017.446630578,119,87,1,0
3643,3669881.968902092,111,71,2,0
3644,1138437.566368294,107,84,2,0
3645,15436462.606519658,105,70,1,0
3646,7194937.742661504,114,83,2,0
3647,7992839.251952991,110,77,2,0
3648,5103749.735461929,117,79,2,0
3649,17534252.873985108,111,72,4,0
3650,6124449.084361011,113,74,5,0
3651,4354906.629475892,113,71,2,0
3652,6366519.742544124,115,79,7,0
3653,4211880.31266943,106,64,2,0
3654,6537215.162023831,113,75,3,0
3655,1770635.6395177108,109,71,7,0
3656,3305764.4193463125,105,66,0,0
3657,8555743.134855613,108,65,3,0
3658,17946261.116576973,103,77,3,0
3659,1249837.568137492,111,77,3,0
3660,4405312.874999998,117,81,2,0
3661,18532720.64062852,112,74,5,0
3662,18160461.996970024,113,71,2,0
3663,13884415.742240656,112,79,2,0
3664,4969840.747144454,109,72,0,0
3665,8611744.949696474,105,64,3,0
3666,4375791.466648419,116,78,2,0
3667,2697724.0079109776,112,59,0,0
3668,7803255.396430303,110,77,0,0
3669,11779954.827126643,108,69,2,0
3670,7395768.800269078,114,79,0,0
3671,12490780.641042726,111,68,1,0
3672,6102622.664188784,112,71,2,0
3673,7109794.177555025,109,75,0,0
3674,16143083.029682074,108,72,0,0
3675,17922864.229100112,113,81,2,0
3676,6626139.314099993,117,81,1,0
3677,11692514.287399331,104,71,1,0
3678,5735208.396370622,109,66,3,0
3679,1169498.5699377551,108,80,3,0
3680,15070508.496194622,113,77,3,0
3681,3559070.3361664466,109,71,2,0
3682,8731599.647242894,110,75,1,0
3683,9977125.061346564,107,67,3,0
3684,3832575.1428756113,109,69,1,0
3685,2006592.239131986,111,73,5,0
3686,7153709.096734233,111,73,2,0
3687,19425041.296168845,114,78,2,0
3688,12578327.507248867,107,79,1,0
3689,7831926.354314783,110,75,1,0
3690,876585.383954447,114,77,0,0
3691,12276509.689177534,114,71,1,0
3692,1959931.2690591724,115,82,2,0
3693,11104167.977204746,99,60,1,0
3694,15356710.141779246,111,78,1,0
3695,8688401.819031203,110,69,3,0
3696,6166728.872136051,118,83,6,0
3697,1048660.0666742653,114,72,4,0
3698,589579.1776316431,109,86,4,0
3699,8819207.565733386,115,71,4,0
3700,18025022.41932759,112,78,3,0
3701,5042729.286620593,101,68,3,0
3702,11744089.589214914,116,83,3,0
3703,13983008.86372873,116,76,3,0
3704,1321708.6172706475,116,79,1,0
3705,3195501.191664661,109,73,4,0
3706,6813836.6100472,114,64,3,0
3707,13694384.143339511,106,77,3,0
3708,9002149.4450833,118,92,2,0
3709,14996139.767348839,111,70,2,0
3710,17705230.414914165,111,77,4,0
3711,15487120.84425257,107,74,2,0
3712,20236559.38723454,119,76,4,0
3713,15405662.839374848,107,81,5,0
3714,17392114.220533304,109,78,0,0
3715,16989763.061163854,118,84,2,0
3716,14916344.994078275,108,75,1,0
3717,16369070.571921162,110,69,2,0
3718,19067573.11824022,112,81,1,0
3719,9736721.360160539,113,72,2,0
3720,13048477.566806369,117,74,1,0
3721,10543589.889811238,109,73,1,0
3722,17368918.721101742,112,75,1,0
3723,8846278.271273421,107,70,3,0
3724,16733083.377698777,107,78,2,0
3725,16319372.968430351,103,68,1,0
3726,19619998.19215279,118,88,3,0
3727,5141381.992239958,106,70,2,0
3728,14497069.158959152,113,66,1,0
3729,15457618.390426092,116,78,1,0
3730,19099969.120480027,116,84,3,0
3731,18503411.544904504,111,74,0,0
3732,11733333.789230485,112,73,2,0
3733,11847611.237251356,117,69,1,0
3734,3483683.3499417286,106,73,5,0
3735,19885552.575740974,122,86,0,0
3736,5265192.625596111,110,79,2,0
3737,14804053.22982146,110,71,3,0
3738,16247086.639584364,114,82,3,0
3739,9046427.981446082,121,70,2,0
3740,4375237.588862099,115,77,2,0
3741,3923731.8985797106,102,66,0,0
3742,17479778.187909164,111,76,2,0
3743,10458638.43029414,114,72,1,0
3744,1916865.776440305,113,75,2,0
3745,14647344.645079639,118,75,3,0
3746,5166773.67194342,111,69,3,0
3747,17883874.040348556,117,82,1,0
3748,6373060.001982326,114,79,2,0
3749,4153419.9091385906,109,75,0,0
3750,1809671.3283361844,119,81,3,0
3751,10474369.71038269,112,76,2,0
3752,9239798.638378652,111,67,4,0
3753,15343746.507742785,110,68,3,0
3754,9521363.499681305,113,73,5,0
3755,7068477.170528557,113,70,2,0
3756,5399983.364707575,104,75,0,0
3757,5734892.848305985,109,68,4,0
3758,18928764.051158514,117,70,2,0
3759,3438750.2197584575,108,69,1,0
3760,20153891.55933678,116,78,5,0
3761,6725349.528261623,110,73,2,0
3762,1881393.5447643716,111,78,1,0
3763,5136704.776887647,109,69,3,0
3764,1272655.8542433747,116,84,3,0
3765,16130008.540273137,106,77,4,0
3766,10495119.526719753,111,74,3,0
3767,6929789.461299446,119,79,2,0
3768,13531038.55101592,112,69,2,0
3769,12893317.390388723,117,76,3,0
3770,19172946.43919821,119,74,4,0
3771,19607294.069919396,121,76,6,0
3772,13909453.842702784,112,75,1,0
3773,16694278.724103676,110,78,2,1
3774,16178651.967566673,112,76,2,0
3775,10063595.620656485,103,63,3,0
3776,14392257.130067417,117,70,1,0
3777,1675652.62443487,107,71,1,0
3778,15479988.948183173,111,75,1,0
3779,19618919.976859726,120,85,2,0
3780,1812033.296576246,118,85,4,0
3781,17065904.907177545,119,79,3,0
3782,19032985.18918274,109,79,1,0
3783,4679753.498544356,110,72,5,0
3784,10744055.673492666,108,73,2,0
3785,18928973.699412186,116,72,0,0
3786,19586285.609450623,114,80,3,0
3787,2683384.3084730995,107,71,3,0
3788,7173838.210889869,119,80,3,0
3789,14264042.114635136,111,73,1,0
3790,4585721.382129719,113,76,1,0
3791,6681712.018057582,113,74,1,0
3792,559385.5301513092,105,75,1,0
3793,3204056.8876784146,113,79,2,0
3794,11505962.440837774,113,82,0,0
3795,13349091.830478821,110,71,2,0
3796,13264241.901161818,115,80,1,0
3797,15893033.096375713,111,72,3,0
3798,8519768.837641882,109,75,0,0
3799,5640340.069138889,108,65,1,0
3800,402806.6241835804,104,77,2,0
3801,4282555.855541452,109,76,1,0
3802,6430246.735074092,117,73,4,0
3803,3705353.558662702,111,72,3,0
3804,495485.8693644,103,75,2,0
3805,3283783.0577292447,108,71,2,0
3806,13613283.294028832,112,75,2,0
3807,12871768.803558886,113,80,1,0
3808,19087889.075439688,122,81,1,0
3809,16295282.394379998,118,73,1,0
3810,11616164.118364174,111,71,1,0
3811,2879839.2823531386,108,68,2,0
3812,11541344.870004516,108,77,2,0
3813,1337247.8590208173,114,80,2,0
3814,8836638.142660635,115,69,2,0
3815,8011616.133208066,106,71,2,0
3816,8774271.715018874,117,71,2,0
3817,5768992.8203939805,115,81,1,0
3818,14013970.398165563,115,80,3,0
3819,17163963.864116695,111,79,1,0
3820,15693135.678902997,104,77,0,0
3821,12834538.46048288,115,76,1,0
3822,11018890.8469351,105,69,2,0
3823,717645.0939310775,111,78,4,0
3824,14767454.471836058,108,72,3,0
3825,11153695.543784294,104,70,3,0
3826,5584500.960461949,109,74,2,0
3827,6744084.9882201515,115,81,1,0
3828,19086328.37691292,122,77,4,0
3829,12765698.7289426,111,71,2,0
3830,9751039.358051222,112,69,2,0
3831,12695830.32130246,116,80,1,0
3832,8488513.638878727,104,77,0,0
3833,9634673.531297572,118,64,1,0
3834,5981884.261516687,112,82,2,0
3835,9018764.88709488,113,77,3,0
3836,14009132.81945611,118,81,0,0
3837,897524.6378859822,109,69,1,0
3838,16231498.576407393,111,76,4,0
3839,5833035.323995196,116,82,4,0
3840,13947551.26110983,112,76,3,0
3841,13138608.600396786,111,75,2,0
3842,13339709.370741973,113,67,4,0
3843,12436038.779756343,113,67,1,0
3844,19563456.486780886,116,75,3,0
3845,10409649.918352919,105,67,3,0
3846,14958043.670239551,116,75,2,0
3847,14412382.83897931,112,78,1,0
3848,4884427.4523374215,107,74,1,0
3849,5839661.65987038,117,77,3,0
3850,8697169.62253244,101,67,2,0
3851,5725778.492674667,107,64,3,0
3852,7534072.15583005,116,75,2,0
3853,8025871.763410466,108,85,1,0
3854,12349439.957711514,112,76,1,0
3855,4551839.031846537,116,66,0,0
3856,16419637.495477416,118,79,5,0
3857,8971713.318773007,115,81,3,0
3858,14428522.922418704,118,87,2,0
3859,1740301.332046033,111,70,1,0
3860,9630269.237719992,116,71,2,0
3861,659470.9716443124,109,75,3,0
3862,13812509.749793762,115,79,3,0
3863,7066326.75962569,109,71,5,0
3864,19363446.447735526,110,78,1,0
3865,6668584.900439784,118,82,5,0
3866,11535944.65458479,116,72,0,0
3867,5313323.932175957,107,64,1,0
3868,12679399.223611008,115,80,3,0
3869,9570909.229565674,115,71,3,0
3870,7612970.48335179,110,65,4,0
3871,4222841.825380661,111,71,2,0
3872,2351130.844834726,115,75,0,0
3873,2520857.500738538,116,75,1,0
3874,20374505.05949577,114,80,2,0
3875,8459441.31672598,108,69,1,0
3876,125587.7356086284,114,74,1,0
3877,19438096.708516847,105,68,0,0
3878,492144.3092893434,104,76,1,0
3879,8586879.603311248,103,71,0,0
3880,14656647.824857691,117,82,1,0
3881,18659715.61500399,117,69,0,0
3882,14563409.651886534,109,71,3,0
3883,9501526.380207479,119,78,3,0
3884,19874979.15087358,114,86,3,0
3885,884882.3028864425,113,77,3,0
3886,20127812.092260852,117,80,1,0
3887,17335503.875474293,117,86,1,0
3888,18950739.215795252,114,80,2,0
3889,5260216.479603135,110,79,2,0
3890,2979381.5487200366,106,68,1,0
3891,13556741.367389044,118,82,0,0
3892,10562267.122846931,113,75,2,0
3893,10710685.67961256,110,78,2,0
3894,18863196.42896579,105,80,3,0
3895,12678755.019951787,114,80,0,0
3896,6403359.93776997,111,77,4,0
3897,8210791.601111659,118,74,3,0
3898,2797380.0207112785,110,77,1,0
3899,3991836.6043025884,113,77,3,0
3900,2997495.885787224,108,65,1,0
3901,16541472.440783702,114,74,0,0
3902,14400688.4381906,114,70,2,0
3903,10856434.479634134,110,71,3,0
3904,7688912.218175256,108,69,4,0
3905,13661914.65019078,107,76,2,0
3906,16594556.638866436,113,71,3,0
3907,17982131.650574796,115,78,3,0
3908,11194986.75592294,103,69,2,0
3909,16736299.099865757,107,75,1,0
3910,10469796.779523645,115,75,1,0
3911,9722967.239192013,116,64,3,0
3912,17661243.951231364,114,79,1,0
3913,7932727.348088291,110,70,2,0
3914,8126436.320886965,113,77,6,0
3915,6278417.635507964,113,76,0,0
3916,10619987.217515757,116,78,5,0
3917,11150996.544152092,102,64,1,0
3918,13498780.754506636,111,79,3,0
3919,8828868.712781115,115,72,3,0
3920,4510152.588655382,107,71,2,0
3921,17689881.866676025,113,73,2,0
3922,7112847.211522701,106,75,0,0
3923,18829165.79274633,116,79,0,0
3924,4297248.545768053,106,60,3,0
3925,11459823.204414874,108,76,1,0
3926,10983764.673358705,111,84,1,0
3927,16914249.03656225,117,84,4,0
3928,2906138.4215811505,105,72,1,0
3929,18565040.13273864,113,82,1,0
3930,10878430.749201532,111,77,4,0
3931,11988874.924779387,109,74,4,0
3932,10446653.017773734,116,80,3,0
3933,817979.3980681649,116,72,6,0
3934,10181118.32370367,112,78,2,0
3935,5438461.129779253,111,73,1,0
3936,7045574.49184085,111,74,0,0
3937,13268095.635652764,115,81,4,0
3938,10193434.226508353,107,75,6,0
3939,1979438.1755657196,114,79,1,0
3940,1569692.9913518955,111,68,0,0
3941,3856662.2195193097,112,77,1,0
3942,3962819.2025300893,114,80,3,0
3943,12439528.452271689,112,75,3,0
3944,3697385.010051265,101,56,2,0
3945,17992005.36009473,110,73,3,0
3946,4346135.591472949,112,76,2,0
3947,1937060.941140808,118,77,1,0
3948,17870699.801825166,117,82,1,0
3949,6083794.283935863,118,74,1,0
3950,8725712.597611573,106,75,1,0
3951,19561924.195971075,115,75,3,0
3952,19264272.354968406,118,78,3,0
3953,14604646.220436245,113,71,1,0
3954,1486384.656204028,108,70,0,0
3955,12135713.930804495,116,73,4,0
3956,20172199.073664155,111,61,0,0
3957,19315996.000342827,115,70,2,0
3958,2239056.2170979916,112,62,0,0
3959,8127545.60423797,111,78,4,0
3960,6494194.0210965,118,80,0,0
3961,2720866.50378206,106,66,2,0
3962,14196086.185515337,114,77,2,0
3963,5647603.044081944,114,65,1,0
3964,7089796.783547297,114,82,1,0
3965,1921371.9245017152,114,73,3,0
3966,10198925.99665363,108,76,4,0
3967,3298409.7079005023,99,70,2,0
3968,8861119.485882834,106,76,5,1
3969,2997336.5095850057,108,65,1,0
3970,19456802.02515158,105,71,3,0
3971,3030647.2911542933,120,75,1,0
3972,10684675.56553712,107,72,3,0
3973,4086587.5006478704,104,71,3,0
3974,1637124.9602003593,113,76,4,0
3975,4194802.507997792,106,71,2,0
3976,1198730.66324202,108,74,2,0
3977,2917226.2974677924,109,75,0,0
3978,10107878.882192304,107,77,1,0
3979,13323208.875428794,116,70,2,0
3980,1860062.0285517497,114,81,1,0
3981,9042429.806798322,119,66,0,0
3982,11890132.04129673,113,74,2,0
3983,4842961.342223752,117,79,1,0
3984,7642419.549702837,106,69,0,0
3985,1545193.800602231,114,69,4,0
3986,4556733.924941598,112,71,2,0
3987,9565031.718391467,116,67,4,0
3988,20199903.592743874,115,71,3,0
3989,20318152.392142747,116,84,3,0
3990,19980165.25159959,117,82,3,0
3991,8678269.098432532,107,63,5,0
3992,1724824.8526936513,111,79,4,0
3993,6657399.934284565,120,75,2,0
3994,4913808.4492836585,107,67,3,0
3995,373276.83263936295,104,74,1,0
3996,2020366.0642922122,113,79,4,1
3997,9289640.540202415,116,71,3,0
3998,6984129.449952141,115,75,2,0
3999,3748951.237464428,108,79,2,0
4000,14628671.764149573,108,74,1,0
4001,7338560.6752301715,111,79,1,0
4002,17385791.667358525,108,74,3,0
4003,4980067.779759281,105,75,2,0
4004,11019879.639283141,107,69,2,0
4005,3825825.5661787377,100,74,3,0
4006,10144766.797317125,110,77,5,0
4007,3182628.8777294755,107,72,4,0
4008,3367674.0722871185,111,75,0,0
4009,12519187.451618439,109,72,4,0
4010,5443261.4300886,113,76,5,0
4011,3586764.6901761084,110,75,1,0
4012,18967761.71644301,112,80,1,0
4013,959692.8147286611,117,86,2,0
4014,11563201.813382998,112,85,3,0
4015,11220322.794413218,115,74,2,0
4016,5175664.777827577,115,83,3,0
4017,9281107.49105306,114,65,1,0
4018,1868143.803728928,110,77,3,0
4019,14733665.6153639,116,82,5,0
4020,4588537.010377174,112,77,2,0
4021,4013592.5332137668,110,70,1,0
4022,6480826.185468221,120,81,5,0
4023,18411367.392735783,115,81,1,0
4024,16260726.10668287,117,80,5,0
4025,19315509.891427897,115,69,1,0
4026,13326190.538301487,116,73,1,0
4027,13548744.877435222,113,81,1,0
4028,9834677.523947844,113,75,4,0
4029,18468561.78040719,120,85,0,0
4030,10461088.796522133,114,77,3,0
4031,7296817.893677043,114,71,0,0
4032,13090879.551403977,114,78,3,0
4033,11177182.376189405,106,63,0,0
4034,2604944.801387233,115,86,2,0
4035,8061710.615568054,105,77,2,0
4036,6449287.118342262,109,67,2,0
4037,17283561.56941606,115,69,2,0
4038,7779783.109987103,114,77,4,0
4039,16770215.042337576,110,79,2,0
4040,9070270.917102842,116,79,3,0
4041,15388188.04222807,111,72,3,0
4042,2833651.2914338405,110,71,1,0
4043,18863826.800736193,105,79,8,0
4044,9845418.038388113,118,76,3,0
4045,5362278.85288078,114,72,2,0
4046,4990474.330213952,100,65,4,0
4047,5469483.5454651,108,73,4,0
4048,7533687.81394892,115,73,1,0
4049,14657499.661763355,116,82,4,0
4050,19370558.754012156,110,80,1,0
4051,13672944.515978672,102,69,3,0
4052,11198033.76382442,104,67,0,0
4053,9196344.846088763,110,74,1,0
4054,16905041.9588131,115,83,3,0
4055,17340898.60439381,116,78,3,0
4056,6037291.877311907,114,78,3,0
4057,19448077.0415544,109,75,3,0
4058,8110244.749849925,111,74,3,0
4059,16334065.39791387,111,82,2,0
4060,19720191.356142763,119,92,1,0
4061,14376007.24893541,110,75,4,0
4062,3367107.5324802618,111,75,1,0
4063,11989434.830890117,106,72,2,0
4064,2498478.304975768,111,66,1,0
4065,16111980.888842206,112,75,2,0
4066,5799236.024961265,115,82,2,0
4067,14204544.540773634,117,78,0,0
4068,18568137.066366427,112,75,1,0
4069,3762275.643469593,108,84,2,0
4070,8064399.843177054,105,77,2,0
4071,13227829.500682754,115,80,4,0
4072,8608658.839338224,107,63,3,0
4073,3636553.138938067,117,76,2,0
4074,676774.711894262,111,78,2,0
4075,8343432.463041982,108,72,3,0
4076,13270277.228215005,114,84,0,0
4077,11742641.705477478,115,84,4,0
4078,3259284.600563222,113,76,1,0
4079,9238902.18068134,111,71,0,0
4080,7589470.21743041,112,76,5,1
4081,5654792.704813447,113,77,3,0
4082,14896148.71181924,110,79,3,0
4083,6374689.564980049,112,79,2,0
4084,11055386.711198224,103,73,2,0
4085,18834854.264841266,109,71,3,0
4086,11037800.93721285,112,72,2,0
4087,12616654.450376604,110,74,1,0
4088,1573850.188696167,109,60,1,0
4089,3703876.9374496844,110,65,0,0
4090,2136476.5748663694,119,84,0,0
4091,15617915.43003106,111,73,2,0
4092,17061950.942826867,114,75,2,0
4093,3872859.512078205,108,76,5,0
4094,4539283.009045764,112,68,1,0
4095,6649964.3521036375,120,76,1,0
4096,12089767.814051708,117,76,0,0
4097,12713588.385213276,117,73,4,0
4098,14032724.688476505,117,77,2,0
4099,18468692.416080512,120,85,2,0
4100,6077957.157147498,117,77,3,0
4101,13464214.049215518,109,75,2,0
4102,11453027.662915062,107,77,0,0
4103,6297220.343402248,113,78,2,0
4104,18513824.64326968,105,69,1,0
4105,2025438.9367030053,113,80,5,0
4106,14545432.052494569,115,69,4,0
4107,14867768.214577792,111,73,4,0
4108,18674484.993716665,122,81,2,0
4109,10617527.237234348,115,79,2,0
4110,6617777.795621159,119,80,3,0
4111,16895826.427249353,116,75,0,0
4112,15739706.879339498,107,67,2,0
4113,10246609.371384837,113,71,1,0
4114,15679740.441421181,112,72,1,0
4115,5526310.576744181,112,73,2,0
4116,12057858.755301464,115,72,1,0
4117,17656199.52645026,111,80,3,0
4118,6543902.12595029,111,74,3,0
4119,9906139.62321056,110,73,4,0
4120,19399838.48060137,113,70,1,0
4121,16296166.80202524,117,73,1,0
4122,18100033.60926473,120,81,2,0
4123,7909843.213738829,109,73,1,0
4124,20323030.210554767,118,87,2,0
4125,3184641.2736770003,110,74,2,0
4126,10621385.495723516,114,81,6,0
4127,9819292.138319314,116,75,5,0
4128,16300641.55789281,113,80,1,0
4129,18538246.277125858,108,81,3,0
4130,14934086.010498114,110,82,2,0
4131,12815533.396839738,104,73,0,0
4132,8766461.036075074,111,70,2,0
4133,10449894.59360718,115,81,2,0
4134,10429067.040844392,111,62,2,0
4135,500034.8161928678,106,77,2,0
4136,10302052.986118548,113,73,2,0
4137,17469112.621616058,113,71,3,0
4138,14490052.90867232,116,66,3,0
4139,16245332.414665747,112,83,3,0
4140,8016212.978223217,102,78,2,0
4141,10828576.905933587,110,70,5,0
4142,766370.9257655176,107,78,3,0
4143,7864169.010398162,110,71,2,0
4144,9720651.273261856,116,66,2,0
4145,5269080.2494983105,109,75,2,0
4146,720829.3049505202,112,83,5,0
4147,14106931.709839448,113,77,1,0
4148,8921988.009137968,108,77,2,0
4149,8527826.474446008,111,70,0,0
4150,5163031.006109348,110,69,1,0
4151,11008444.610692132,108,72,4,0
4152,8981672.663333507,116,89,0,0
4153,9711887.084485568,119,73,2,0
4154,11882502.99550667,112,68,2,0
4155,214838.40628564978,112,74,1,0
4156,18519525.33069687,109,73,3,0
4157,1530014.4222019322,110,73,3,0
4158,9243599.39859429,110,66,0,0
4159,4297645.401211262,107,64,1,0
4160,10723162.84421568,111,69,3,0
4161,5777200.957408756,114,70,2,0
4162,17551067.960056134,112,79,1,0
4163,8135516.964175246,110,75,5,0
4164,13057992.324323118,111,75,3,0
4165,5140549.967335867,108,73,0,0
4166,480492.34177230985,103,69,3,0
4167,8293808.647420165,109,72,1,0
4168,10981153.035353933,115,84,5,0
4169,9418699.72896312,122,74,2,0
4170,19622602.89468788,114,90,2,0
4171,14440607.206795605,117,80,2,0
4172,20306064.043180276,119,86,1,0
4173,6078362.290060017,116,78,2,0
4174,16110178.38095009,111,72,2,0
4175,11368459.135549616,116,77,2,0
4176,12509784.573998347,105,68,1,0
4177,20106712.453302614,111,78,2,0
4178,13367310.457665782,111,71,0,0
4179,18339213.922821194,120,96,6,0
4180,14824645.466584582,104,72,2,0
4181,2673306.405537534,111,74,0,0
4182,14290016.939741394,109,76,3,0
4183,9921687.248789294,108,66,2,0
4184,18744982.122288216,118,73,4,0
4185,16471271.219764886,114,76,2,0
4186,2201125.582052487,107,72,4,0
4187,2805905.3250590037,116,84,3,0
4188,1500032.3801253627,104,66,3,0
4189,10103019.618363792,106,67,2,0
4190,1726680.5772792422,110,78,1,0
4191,14782570.187824257,111,78,1,0
4192,11303477.128662808,113,80,3,0
4193,17061218.582462195,114,73,1,0
4194,5768380.958021622,113,81,1,0
4195,10628903.388430782,113,84,2,0
4196,2472130.469596971,116,85,2,0
4197,18050706.089820836,108,68,4,0
4198,3640330.7721971204,115,69,1,0
4199,2165131.6555234846,116,69,3,0
4200,4250485.534569398,118,77,0,0
4201,16459026.580390818,118,74,1,0
4202,2235239.1024094643,112,71,4,1
4203,12563947.79417554,104,63,2,0
4204,15239551.380371725,105,67,0,0
4205,15339055.774621952,108,74,3,1
4206,3946080.460883284,110,75,1,0
4207,1337835.5094531938,112,79,1,0
4208,9200580.519092686,111,78,2,0
4209,4198391.397088144,106,71,3,0
4210,14286911.881131448,113,75,2,0
4211,7329974.698282427,113,76,5,0
4212,9211700.092924433,110,74,4,0
4213,2391006.627456323,115,77,2,0
4214,11611984.199106058,113,71,0,0
4215,3853951.033368921,114,75,1,0
4216,13874969.207596175,120,78,2,0
4217,1531667.980773606,112,78,1,0
4218,19904477.022212204,118,87,1,0
4219,13987500.07032923,117,78,4,0
4220,3776891.371297472,110,74,2,0
4221,372628.4221811827,103,72,2,0
4222,6878538.6297467,115,74,3,0
4223,3189670.641066607,104,68,3,0
4224,4521809.988458492,113,72,3,0
4225,17809863.148253284,108,73,3,0
4226,12336038.954448631,114,72,2,0
4227,3669831.4346496793,111,71,2,0
4228,11390816.445400435,116,73,5,0
4229,5280691.197493393,114,78,1,0
4230,19910696.67303833,123,86,0,0
4231,751620.7293030178,118,81,0,0
4232,14958029.59001512,116,75,5,0
4233,15784114.40908503,113,73,1,0
4234,1450314.545347394,111,72,1,0
4235,3576654.301064595,103,68,2,0
4236,7890745.910419528,111,82,0,0
4237,17716540.955221698,111,68,1,0
4238,10991579.949427517,108,69,5,0
4239,13394109.387208052,116,80,4,0
4240,15987511.457323378,109,57,0,0
4241,16903586.336443022,115,82,1,0
4242,9758595.987126162,112,79,2,0
4243,10418767.544956349,107,71,1,0
4244,14667375.743395789,116,74,1,0
4245,5434251.284259606,109,74,3,0
4246,17439035.770216525,114,72,6,0
4247,508530.5167256003,109,76,1,0
4248,4062051.3890342047,109,80,0,0
4249,16336540.363208093,114,79,3,0
4250,6996227.663831631,120,70,2,0
4251,3129145.2331822724,114,80,0,0
4252,3878940.877084894,115,71,1,0
4253,10864788.707956925,107,70,1,0
4254,17270316.025326274,112,67,2,0
4255,1521146.4755934055,102,64,1,0
4256,705394.1101397302,113,82,2,0
4257,9532848.435320275,108,67,2,0
4258,19504271.54994319,109,79,1,0
4259,5752419.483812713,115,76,2,0
4260,19564851.63915799,117,74,1,0
4261,18113074.26171911,115,80,4,0
4262,5836193.877247021,117,75,1,0
4263,16676654.509688126,118,81,3,0
4264,14014718.833646545,115,83,1,0
4265,10480284.344922246,113,77,2,0
4266,8674811.866457483,106,63,2,0
4267,16647303.766231805,119,80,3,0
4268,16191939.887397414,106,70,2,0
4269,15457960.335787114,115,79,1,0
4270,20358582.55489974,112,78,2,0
4271,9803839.651813248,113,71,2,0
4272,16473069.064375723,114,76,2,0
4273,17601265.68535369,112,77,1,0
4274,4383540.583128832,117,71,1,0
4275,940668.4786367412,115,80,2,0
4276,8305868.6522848,109,73,3,0
4277,17484665.892868273,113,72,2,0
4278,5957393.793185636,107,72,3,0
4279,14301926.20473962,115,77,1,0
4280,235623.06886142085,113,72,4,0
4281,7302998.74578646,108,74,2,0
4282,12586066.83047063,105,79,1,0
4283,2721457.1131129884,107,68,6,0
4284,18294334.52912523,116,87,2,0
4285,3259949.4177027983,113,76,1,0
4286,18562123.39452312,111,75,1,0
4287,4480747.525010376,117,79,0,0
4288,20277813.59841333,112,79,3,0
4289,12367394.970121542,111,72,2,0
4290,1799242.3782954502,114,80,0,0
4291,1412023.9668988327,114,72,2,0
4292,1607879.8389587877,108,66,4,1
4293,12065705.954885734,120,71,1,0
4294,16527010.609183608,110,70,5,0
4295,8269606.174778722,107,65,4,0
4296,9119946.665192338,114,63,4,0
4297,12053418.9709398,113,71,3,0
4298,10911175.385759398,114,73,6,0
4299,14059282.451127354,111,75,1,0
4300,9667235.690782677,116,81,2,0
4301,14583197.248007057,116,80,1,0
4302,20339387.635340028,108,73,2,0
4303,7200108.461251019,122,89,3,0
4304,334466.734699778,111,82,2,0
4305,2637543.1750447843,114,79,4,0
4306,11326944.663041063,115,74,6,0
4307,7077449.438218736,112,71,2,0
4308,19175190.519923504,118,76,2,0
4309,12828324.21946469,112,72,5,0
4310,10653564.974512337,108,76,4,0
4311,16292666.976031648,117,76,5,0
4312,5337739.665316604,109,72,1,0
4313,16733322.380638048,108,80,0,0
4314,148563.69313805387,117,75,1,0
4315,12670559.9993073,110,73,1,0
4316,19069074.32057726,113,81,0,0
4317,16085944.761923019,110,64,2,0
4318,17421661.720451716,107,67,3,0
4319,8147597.1676647635,111,78,1,0
4320,16824714.821822926,115,79,3,0
4321,11272469.120768642,111,64,0,0
4322,12647467.706812361,113,74,4,0
4323,1282829.1450957633,114,84,3,0
4324,4179431.245538686,105,77,4,0
4325,11275164.96448302,112,70,3,0
4326,1280508.3618564608,113,79,3,0
4327,15143405.169460645,108,76,2,0
4328,17145941.70625937,114,77,0,0
4329,18776750.68823038,116,81,3,0
4330,2153073.161639827,116,79,2,0
4331,19169862.908747815,119,84,5,0
4332,1459600.0669326708,115,82,3,0
4333,9713344.010575702,119,75,2,0
4334,17149881.62650135,115,76,1,0
4335,1514250.4775115338,105,65,2,0
4336,456629.33783108403,104,81,4,0
4337,593028.2924071795,109,82,2,0
4338,10469071.514371196,116,74,3,0
4339,16567982.050571194,119,76,2,0
4340,2674129.8654739247,113,74,1,0
4341,2616935.195745679,106,83,2,0
4342,11632222.113609148,112,71,4,0
4343,4844381.343048221,115,80,2,0
4344,14915288.447828041,109,76,2,0
4345,19371215.608938165,110,78,3,0
4346,15642700.00787855,109,82,2,0
4347,17899726.470276482,111,85,4,0
4348,10637945.822742453,111,86,1,0
4349,16988807.50232798,117,85,1,0
4350,3800724.6991279507,109,71,3,0
4351,1474381.6189982428,107,80,3,0
4352,13407233.379168073,110,77,2,0
4353,1141430.6653170967,110,82,0,0
4354,18210555.667320974,116,83,0,0
4355,14130204.997798614,118,78,3,0
4356,19423311.45131402,114,75,5,0
4357,6460684.661746664,115,74,4,0
4358,9959108.479942836,106,67,0,0
4359,15148351.25719026,108,74,2,0
4360,5016658.52514416,108,67,2,0
4361,11090049.099299686,101,53,2,0
4362,13478597.633901246,106,72,1,0
4363,19963654.631048735,116,88,3,0
4364,15209536.618156653,112,80,2,0
4365,2485354.055127323,111,73,3,0
4366,9739281.597311713,112,73,0,0
4367,12042921.552639034,109,63,3,0
4368,3063964.1360321296,118,70,3,0
4369,8858593.898748947,108,77,1,0
4370,5853876.515821359,111,75,1,0
4371,2499502.1972403186,112,66,0,0
4372,10484742.768002449,114,74,0,0
4373,3450010.355966306,114,79,1,0
4374,12078797.478595436,115,87,3,0
4375,3532537.421194907,114,75,4,0
4376,14780876.27055665,110,74,3,0
4377,4051288.7838373347,107,71,0,0
4378,18287799.312521733,113,80,4,0
4379,618649.1290505906,116,79,3,0
4380,10686914.137169987,104,75,3,0
4381,6586959.5437176395,118,79,4,0
4382,4657164.05482008,111,77,2,0
4383,9663520.59817416,119,79,1,0
4384,17185795.93585856,116,80,2,0
4385,18673483.378952973,121,81,2,0
4386,6244651.637899193,104,71,2,0
4387,3218717.780057869,107,73,2,0
4388,14710724.15299754,110,76,1,0
4389,11905397.317070028,112,67,4,0
4390,4168555.5408844156,106,73,2,0
4391,15526182.746164428,107,72,2,0
4392,10624631.706723304,116,81,3,0
4393,13355288.353516629,110,76,1,0
4394,7383713.366114913,113,80,2,0
4395,9003417.63590413,117,90,2,0
4396,3748715.1969589763,109,80,5,0
4397,15449421.633794526,113,77,0,0
4398,3274923.1663449286,107,71,2,0
4399,15891857.773166653,111,70,3,0
4400,16292024.31385422,116,76,0,0
4401,15248073.737645788,106,67,0,0
4402,480830.21078167704,102,69,2,0
4403,5633080.028331284,113,70,2,0
4404,9597215.545519037,119,88,2,0
4405,12180477.025229203,118,76,6,0
4406,18753594.705146924,116,76,0,0
4407,7714055.839600834,104,67,2,0
4408,17856023.54833395,109,83,1,0
4409,3405256.6117676217,112,68,2,0
4410,7626215.628130193,107,70,1,0
4411,1148122.162955099,107,74,2,0
4412,15164575.527041154,106,73,4,0
4413,3145795.936844623,110,75,3,0
4414,5305859.669782621,105,67,2,0
4415,15829526.792238928,111,78,3,0
4416,10945213.210733425,107,78,1,0
4417,370152.39686237037,110,75,2,0
4418,131791.64392824206,119,76,0,0
4419,10456691.845121134,113,73,1,0
4420,6279314.591013149,113,76,6,1
4421,3748092.720691659,109,79,5,0
4422,12547020.249563694,113,76,2,0
4423,4725396.4930488225,109,78,0,0
4424,12112705.912942048,117,82,2,0
4425,7788381.218125795,111,73,0,0
4426,3878767.4899510215,115,71,0,0
4427,2890975.7747434005,107,54,2,0
4428,4896470.384067715,106,68,2,0
4429,692218.5166844958,107,78,2,0
4430,6343719.094247725,108,67,1,0
4431,18402935.066335805,120,88,4,0
4432,16969369.507582184,115,79,3,0
4433,7640903.489960145,106,69,5,0
4434,11780198.79271184,108,67,1,0
4435,11608131.288233893,110,67,2,0
4436,16916070.45093023,116,81,1,0
4437,4884884.8655659305,106,77,2,0
4438,6105318.567412978,110,72,1,0
4439,6214937.8743323805,109,71,2,0
4440,916371.4042872536,113,77,3,0
4441,6476955.252531599,115,74,2,0
4442,17914721.80943861,106,81,3,0
4443,18606680.351822607,110,75,5,0
4444,2312830.7477294137,111,78,3,0
4445,9388469.639770458,114,75,1,0
4446,7830680.95388114,111,76,5,0
4447,10024110.821349112,114,66,3,0
4448,11351422.206773993,107,69,1,0
4449,497806.79493638006,103,73,1,0
4450,17190318.673883766,112,75,1,0
4451,19859180.53237489,116,80,0,0
4452,13355483.560245167,111,75,1,0
4453,13498599.878427945,111,79,2,0
4454,10808403.760882895,123,86,4,0
4455,6874690.735730979,119,77,1,0
4456,3111782.062308043,113,81,2,0
4457,11947324.738134319,107,71,4,0
4458,999052.0459035732,107,79,5,0
4459,16830068.343659498,111,73,1,0
4460,8634106.42816947,109,70,3,0
4461,8509062.88259172,102,64,0,0
4462,6730454.925585304,116,79,2,0
4463,19771651.03013541,113,72,2,0
4464,3638543.51008665,115,72,0,0
4465,3159098.715389998,114,72,3,0
4466,3447947.5207758546,116,76,3,0
4467,13459512.710740175,111,78,3,0
4468,20229413.374633193,116,82,0,0
4469,4868335.570450674,108,78,0,0
4470,18477315.852687716,115,78,0,0
4471,5744433.637775882,108,74,2,0
4472,13243692.417936547,117,72,2,0
4473,908836.5162820583,112,74,2,0
4474,10151942.654103415,109,62,3,0
4475,13379145.04720705,114,79,2,0
4476,10977767.507926252,112,80,8,0
4477,4916265.862025461,106,68,2,0
4478,16911184.62664552,116,85,4,0
4479,19787544.215621687,115,84,1,0
4480,9411570.632876186,117,72,1,0
4481,13000394.069757288,105,72,3,0
4482,16137796.488254549,110,76,4,0
4483,4990463.247483144,100,65,4,0
4484,17641312.576057002,109,77,4,0
4485,5776607.904673305,115,71,3,0
4486,15841661.625466064,109,76,3,0
4487,2362866.372422809,115,67,1,0
4488,5942841.818253593,106,77,1,0
4489,10922940.170477258,105,72,1,0
4490,10746307.95072495,105,71,2,0
4491,17356616.32207533,109,67,2,0
4492,20315353.89722178,116,80,2,0
4493,2263594.973389392,119,77,0,0
4494,5597641.646157722,109,71,1,0
4495,7348361.413926134,109,76,2,1
4496,9812083.458442459,121,72,5,0
4497,10116521.500082275,106,78,1,0
4498,17473666.864392787,113,73,0,0
4499,15734610.097238692,110,71,4,0
4500,469230.3264711407,109,66,6,0
4501,9326799.905219147,115,76,5,0
4502,12637996.277525658,113,81,3,0
4503,9435929.424450282,110,66,3,0
4504,2739491.6012675525,113,74,0,0
4505,8158144.701956207,108,74,1,0
4506,8446139.19441663,111,76,3,0
4507,3898459.8667407213,109,73,2,0
4508,15445182.357830334,108,77,5,0
4509,6613276.452061362,114,80,1,0
4510,12047318.30195123,110,71,2,0
4511,10559642.222838268,115,73,1,0
4512,17904838.153894737,110,84,4,0
4513,2564230.430297773,117,82,3,0
4514,2406807.4664079673,119,81,4,0
4515,6185171.712682555,114,78,2,1
4516,8843341.086712208,108,69,3,0
4517,6149076.570758949,115,74,0,0
4518,15584897.994449653,106,73,1,0
4519,5067160.635526414,115,76,3,0
4520,1807971.566321637,117,76,1,0
4521,8489681.019203315,106,76,4,1
4522,15791877.231801078,103,71,2,0
4523,17359271.725582108,107,61,5,0
4524,14978873.842623582,104,67,4,0
4525,11415739.512301402,112,78,0,0
4526,14792995.40244158,97,68,4,0
4527,13923786.127136694,115,77,2,0
4528,4845823.826056697,116,81,0,0
4529,11270991.279305577,110,63,0,0
4530,15735626.083488222,108,70,3,0
4531,6526359.553095557,118,80,2,0
4532,13367025.074268756,111,71,5,0
4533,9864111.929880753,119,81,0,0
4534,10304348.681451088,112,66,2,0
4535,1915201.685264987,114,76,0,0
4536,13615671.706155531,113,78,4,0
4537,17666426.039165452,112,79,1,0
4538,2958530.0247140112,98,62,2,0
4539,7521127.346026767,106,77,3,0
4540,1074719.2059257412,113,69,1,0
4541,688152.48765416,103,70,2,0
4542,20183988.887011103,111,74,2,0
4543,10107622.002082737,107,77,1,0
4544,7306138.022837129,105,71,0,0
4545,5668493.721270234,112,73,3,0
4546,19988104.788484253,117,87,0,0
4547,5209008.052060143,107,67,1,0
4548,14823795.817283794,103,75,1,0
4549,5848845.906388582,110,78,4,0
4550,1517872.6789861706,105,69,1,0
4551,13962108.176984545,110,75,3,0
4552,119518.60132824391,112,78,5,0
4553,13809230.473367421,112,81,5,1
4554,5170947.821645732,112,73,1,0
4555,15237986.303215219,102,61,1,0
4556,15718178.498490047,107,71,0,0
4557,14791280.163011033,100,70,0,0
4558,583599.9359476448,108,77,2,0
4559,14377601.777077792,110,73,2,0
4560,20193881.071998816,117,69,4,0
4561,5013538.93387094,109,68,1,0
4562,5655527.229323285,115,78,2,0
4563,16607171.758261764,111,66,1,0
4564,3343674.1583568617,116,76,1,0
4565,13501269.048676232,110,78,4,0
4566,15419173.663730746,108,74,2,0
4567,841043.8559627779,111,85,1,0
4568,11331979.105500506,111,70,1,0
4569,11781085.015443295,107,68,2,0
4570,6248596.9830736,106,72,1,0
4571,17882857.00825702,116,80,3,0
4572,3391456.1996537633,106,63,0,0
4573,7482320.482761214,114,70,1,0
4574,17320824.231113106,111,72,2,0
4575,3957896.8440518533,113,82,2,0
4576,16766537.410887891,114,79,4,0
4577,1692105.2263174974,111,74,4,1
4578,10021468.204867441,115,68,1,0
4579,1616184.9606823665,114,79,1,0
4580,13852994.843995208,108,70,2,0
4581,16141618.799145507,106,73,1,0
4582,17344987.454376772,110,67,5,0
4583,20013481.283208627,110,79,1,0
4584,13733426.48217109,115,74,3,0
4585,15704201.721497597,98,64,2,0
4586,10357136.812838228,107,71,3,0
4587,18621895.89442584,114,76,3,0
4588,13159587.722353807,111,64,1,0
4589,18029208.53758978,107,83,3,0
4590,4867865.380711087,109,78,1,0
4591,10173952.155710163,103,73,0,0
4592,14907270.721395306,112,73,3,0
4593,4203192.302957147,113,70,3,0
4594,4378203.98564695,120,79,1,0
4595,19948100.755061522,112,82,1,0
4596,8912293.361706886,113,77,6,0
4597,3778635.4917947855,109,76,2,0
4598,6817635.929727632,116,69,1,0
4599,8156155.868525111,108,72,2,1
4600,12739766.174602263,112,65,2,0
4601,18830612.49007814,114,76,2,0
4602,20121676.625795458,117,83,1,0
4603,13320837.716463309,119,74,7,0
4604,14300143.334135875,116,72,2,0
4605,6621978.046530452,115,77,4,0
4606,17493233.892935015,117,74,2,0
4607,4509361.472320067,109,70,6,0
4608,2246735.673947405,116,69,5,0
4609,19850893.344507053,113,79,3,0
4610,17634982.593400642,108,76,4,0
4611,6252703.934146597,106,70,4,0
4612,13797496.839979794,107,79,1,0
4613,9570421.99500429,114,70,6,0
4614,6648358.3591197645,120,76,3,0
4615,5910095.962435764,110,76,5,0
4616,2848790.9465680807,117,82,5,0
4617,11241731.887624832,111,84,0,0
4618,9155706.944230301,119,81,4,0
4619,10487676.94888315,114,75,4,0
4620,4459787.2143047545,115,79,2,0
4621,19147330.057794806,106,82,1,0
4622,13054654.578602105,110,79,3,0
4623,18355130.30987785,121,99,3,0
4624,2305435.1313267844,110,77,5,0
4625,12735008.274220856,110,65,0,0
4626,17336930.828298166,115,83,5,0
4627,6806606.828160263,105,70,3,0
4628,4049289.421545957,106,72,1,0
4629,5468346.669778202,112,78,2,0
4630,5629028.949344218,115,71,1,0
4631,9167937.700081183,117,79,2,0
4632,6705938.459801554,117,76,0,0
4633,5595325.358924804,107,72,2,0
4634,13256128.351092178,116,87,3,0
4635,1163360.190963961,101,74,3,0
4636,6998371.46095038,120,75,2,0
4637,14093607.023532787,112,73,3,0
4638,3657486.3684989563,109,63,1,0
4639,4572914.65467494,115,76,3,0
4640,4161457.562235363,111,76,2,0
4641,105207.00505867854,118,75,1,0
4642,9707485.997094845,119,75,4,1
4643,877559.5119468631,115,79,4,0
4644,5629152.521599961,115,71,3,0
4645,20288470.025243923,120,84,2,0
4646,18736822.90242965,114,70,0,0
4647,4454073.481715572,123,88,1,0
4648,6381805.38633538,120,84,0,0
4649,9503127.174876837,119,77,2,0
4650,17234412.540137254,114,76,2,0
4651,16386212.719434336,109,76,5,0
4652,2650060.5972134317,105,65,3,0
4653,2613657.4327189955,107,80,2,0
4654,8549231.919178702,113,66,1,1
4655,17755949.13412064,105,70,1,0
4656,17999429.327631824,104,74,2,0
4657,2266742.7290941803,115,76,5,0
4658,11748999.605089234,115,76,0,0
4659,3247789.6331379428,110,71,3,0
4660,14020039.575812511,113,76,2,0
4661,18696959.825641062,119,71,2,0
4662,9321672.883877365,114,75,4,0
4663,1773611.755336305,109,76,3,0
4664,11849662.508548073,116,70,3,0
4665,8382393.130450883,105,69,1,0
4666,16553807.50289713,117,71,1,0
4667,6997979.235631512,121,76,3,0
4668,17853462.388317153,110,85,2,0
4669,5644598.398084157,108,61,2,0
4670,3285205.1425730786,104,70,3,0
4671,6310280.910434794,115,72,1,0
4672,795455.934019607,111,81,3,0
4673,5797830.596895343,117,85,0,0
4674,13491804.861822726,115,75,1,0
4675,2975825.8153358544,106,70,2,0
4676,2347955.321360914,119,78,4,0
4677,2774827.540676846,113,89,4,0
4678,1661288.3802321544,108,74,4,0
4679,17848146.08954168,109,82,2,0
4680,19259112.119457297,113,79,1,0
4681,1031945.2448475002,121,74,2,0
4682,15521633.710873598,105,70,2,0
4683,15056182.811634164,105,71,2,0
4684,20331237.831210855,108,82,5,0
4685,7150818.249966764,110,71,2,0
4686,5884402.399652297,112,73,2,1
4687,9287410.476557648,113,67,3,0
4688,17481386.0674749,112,74,4,0
4689,14882388.255202634,106,71,2,0
4690,9663947.764526458,118,78,4,0
4691,5052884.396312199,111,74,1,0
4692,14850344.867381573,109,80,1,0
4693,17439789.825453702,115,72,1,0
4694,8208449.620026178,114,73,1,0
4695,13663765.79955422,108,80,2,0
4696,8213745.641245885,110,74,1,0
4697,9803453.344402017,113,71,0,0
4698,10746070.031972405,105,72,1,0
4699,15839529.540838812,110,75,4,0
4700,19937200.52329668,118,78,3,0
4701,9110410.284392167,113,68,1,0
4702,7037996.220873882,113,70,1,0
4703,7673136.723038734,109,78,1,0
4704,2805365.6652434384,115,86,3,0
4705,6116513.112107187,112,77,2,0
4706,1841939.4896976093,117,74,1,0
4707,8775905.53893888,115,75,4,0
4708,3485024.4822610565,103,72,5,0
4709,7121089.634549902,110,71,6,0
4710,16202059.503544984,112,84,1,0
4711,5080600.357103938,113,76,3,0
4712,12512511.2123662,106,66,0,0
4713,18387231.78953313,116,76,0,0
4714,11599371.158521226,109,77,4,1
4715,4021862.8631370473,107,75,2,0
4716,7087773.9605830135,113,80,4,0
4717,12075381.71181114,118,86,1,0
4718,10374456.381787201,112,81,3,0
4719,3104512.187176851,111,73,1,0
4720,9159761.449438198,120,80,0,0
4721,11114781.213559361,100,59,0,0
4722,5515285.832118599,117,71,2,0
4723,12523698.547315577,112,74,3,1
4724,1511183.2363058475,101,64,2,0
4725,6922080.994835089,112,81,1,0
4726,16419332.209313871,117,79,3,0
4727,5351852.022922457,114,77,5,0
4728,12376089.39912251,105,68,5,0
4729,8413119.41414353,104,69,0,0
4730,6512945.988111866,114,77,4,0
4731,18690835.865401663,121,75,3,0
4732,7057221.666089197,114,72,4,0
4733,4892719.537037774,106,73,1,0
4734,18552127.397496358,101,61,2,0
4735,15234739.602602154,101,62,1,0
4736,13932115.865897512,113,78,3,0
4737,1092335.7895172872,104,72,1,0
4738,2750857.8602316887,117,75,2,0
4739,13049552.64906111,116,74,2,0
4740,4339478.271040682,113,79,1,0
4741,4668565.95698708,108,78,1,0
4742,15908833.314191908,107,68,3,0
4743,5892849.491001097,109,81,3,0
4744,1540166.2971802494,111,71,2,0
4745,826245.4131897353,113,85,2,0
4746,9086281.293782406,117,83,1,0
4747,12618800.304188717,113,78,4,0
4748,17731373.765627377,109,74,1,0
4749,2336571.3325648257,118,84,3,0
4750,4080353.0871322057,112,72,2,0
4751,10845378.886064561,107,68,1,0
4752,7480566.977065133,115,71,1,0
4753,9885577.544913007,114,67,4,0
4754,18853153.72171185,110,72,3,0
4755,11151841.750022521,103,68,6,0
4756,8516503.312065793,107,68,2,0
4757,20179549.84929574,108,72,2,0
4758,1410773.7380518236,115,73,3,0
4759,19015387.06414241,113,86,1,0
4760,10273948.023929004,106,77,3,0
4761,10316482.204839934,114,74,0,0
4762,18809282.91326509,114,80,5,0
4763,10388932.447984219,110,71,1,0
4764,8989395.83165005,123,89,1,0
4765,5619989.333279231,112,69,2,0
4766,13465387.373821456,109,78,0,0
4767,11654524.649580605,111,82,4,0
4768,4439241.3953607995,112,78,1,0
4769,14492873.71389936,117,65,1,0
4770,13166258.26404956,108,69,0,0
4771,8155297.586912748,108,68,1,0
4772,175772.16164854355,115,75,2,0
4773,9155391.36531795,119,81,2,0
4774,209425.8194343,116,72,3,0
4775,1609439.3212891817,109,69,1,0
4776,8831053.655619787,114,68,3,0
4777,1749996.2400819608,107,67,0,0
4778,5684503.363176257,112,76,2,0
4779,13397856.516148107,111,79,1,0
4780,6353636.931575038,118,85,2,0
4781,20346248.589981984,113,80,2,0
4782,18694295.18393187,119,71,1,0
4783,11972639.41836098,107,71,1,0
4784,19722775.712542713,118,89,3,0
4785,17713748.008417886,110,73,0,0
4786,6562463.561205074,117,77,2,0
4787,15308900.724971268,106,70,0,0
4788,2865125.1368385614,112,77,1,0
4789,13987996.505713722,116,80,3,0
4790,10059093.299721342,105,65,1,0
4791,428094.44397066324,111,71,1,0
4792,5655349.541174693,114,76,2,0
4793,19487919.918158516,113,72,2,0
4794,6500179.46658283,118,79,3,0
4795,3771304.4964795364,111,78,4,0
4796,3894713.604409778,114,77,0,0
4797,9818071.293042844,116,76,3,0
4798,17198583.719840955,115,74,2,0
4799,15479596.645621948,111,76,2,0
4800,8957815.828274105,111,69,2,0
4801,4325142.05808442,117,83,2,0
4802,1021867.5653152561,117,77,1,0
4803,9481311.47592751,113,66,4,0
4804,16632531.86756803,117,77,0,0
4805,14904490.053115886,114,72,2,0
4806,8384100.948667148,109,74,3,0
4807,12163383.98023386,116,81,2,0
4808,8945519.84876741,113,75,1,0
4809,11844827.551175015,116,74,2,0
4810,10595689.50104644,113,74,2,0
4811,13915197.328701679,111,78,2,0
4812,10396748.110933268,110,66,1,0
4813,19187951.90638751,117,80,0,0
4814,8778625.100288251,111,69,2,0
4815,409621.9156092335,106,70,2,0
4816,4886579.207671494,105,76,1,0
4817,10252523.831686726,112,69,1,0
4818,11064116.939414192,107,72,0,0
4819,11304009.347433457,112,80,2,0
4820,14597238.190829521,117,76,3,0
4821,5663844.62101971,112,68,1,0
4822,13588997.952502701,108,74,3,0
4823,14383605.789595725,113,68,2,0
4824,8438525.011922691,115,75,4,0
4825,8253489.1978238495,106,68,1,0
4826,3719932.9771969193,106,68,1,0
4827,8493490.042043628,103,71,4,0
4828,16064750.525469325,116,83,4,0
4829,18545460.207504824,104,71,2,0
4830,12141259.244008714,114,78,6,0
4831,6165893.184701758,120,79,2,0
4832,13942066.690654362,112,78,1,0
4833,15116993.147714969,103,70,4,0
4834,6832844.226366179,112,68,1,0
4835,16871603.35198512,113,77,1,0
4836,1582985.480732555,99,67,2,0
4837,304782.19553427835,109,73,0,0
4838,2583641.262302671,108,76,0,0
4839,3254555.1243419363,109,69,3,0
4840,17935339.229489144,110,71,3,0
4841,8716758.416028883,109,77,0,0
4842,5669602.827857723,109,70,3,0
4843,8799885.825413933,112,77,3,0
4844,8104670.91260736,114,75,2,0
4845,6208362.968833454,105,66,1,0
4846,2886809.559789227,105,61,3,0
4847,13406468.835580777,109,75,5,0
4848,2860507.569888129,117,82,3,0
4849,15833409.615095602,107,74,3,0
4850,4182199.4984941394,106,75,3,0
4851,14938795.95674044,111,79,3,0
4852,16445920.400021264,110,81,2,0
4853,2631470.476095636,113,84,0,0
4854,1847998.3640854713,117,76,2,0
4855,19369943.997326262,110,81,4,0
4856,9489769.332808707,108,65,0,0
4857,12884970.337713458,109,73,2,0
4858,558763.7138168109,105,73,5,0
4859,5746334.862665928,110,73,0,0
4860,10349813.409730192,104,72,1,0
4861,18083367.020986658,111,84,1,0
4862,5598683.116130328,109,69,4,0
4863,15828675.247162934,111,77,2,0
4864,13534355.261906413,115,79,3,0
4865,2427272.6442919467,127,84,3,0
4866,6044145.658990749,114,86,3,0
4867,4916847.706380915,106,70,1,0
4868,9073073.237403251,115,82,1,0
4869,12988513.67411312,110,70,3,0
4870,8888115.026964549,109,75,1,0
4871,5052350.965737375,112,72,1,0
4872,14218027.673672527,111,74,0,0
4873,11955605.20296305,102,67,1,0
4874,10632419.106234906,113,84,2,0
4875,11345331.41709395,105,67,0,0
4876,4592669.5646764515,114,75,2,0
4877,13904321.816241164,113,78,1,0
4878,7955605.875507091,116,70,4,0
4879,7467559.095949346,109,65,1,0
4880,3127142.4077982693,114,80,2,0
4881,12206733.855116645,110,73,6,0
4882,12325067.783614237,108,68,3,0
4883,6997089.351322391,120,71,3,0
4884,17547891.01480252,111,77,1,0
4885,17255620.82395343,111,82,3,0
4886,2301031.234322622,113,72,1,0
4887,14200961.564288694,114,74,2,0
4888,8084238.694702959,104,70,1,0
4889,20388209.309444804,117,79,2,0
4890,4656089.862184047,112,77,4,0
4891,5783173.353875285,114,78,2,0
4892,9064517.787319891,115,79,1,0
4893,5543359.753347435,115,80,1,0
4894,14139124.487230776,121,89,2,0
4895,9852489.578936635,120,74,2,0
4896,4571919.026590522,116,78,0,0
4897,10369642.053505318,117,85,1,0
4898,18135546.444234654,114,81,1,0
4899,16178053.837972132,112,75,5,0
4900,10216418.26569011,116,81,3,0
4901,5944992.387565417,105,74,3,0
4902,3739462.3705930533,112,77,2,0
4903,17924248.116760597,113,79,1,0
4904,14508186.160871325,112,68,0,0
4905,11705663.494997326,110,68,4,0
4906,17945607.016168717,103,78,0,0
4907,2557637.67987806,116,82,3,0
4908,13946119.424415601,114,78,6,0
4909,4487306.955562949,119,74,3,0
4910,2535038.4411762576,111,73,2,0
4911,9541791.377816796,115,71,4,0
4912,7953420.660482589,108,64,0,0
4913,19199377.188732136,120,81,1,0
4914,6665647.043617187,117,79,4,0
4915,16635109.115924444,117,79,0,0
4916,15293279.194710957,110,69,4,0
4917,13650330.78360073,114,72,2,0
4918,18777524.644683704,116,80,1,0
4919,8370369.492858543,110,71,1,0
4920,7999686.576465642,111,79,3,0
4921,3354855.8991238596,105,70,1,0
4922,5686465.924323666,113,78,2,0
4923,17952548.35910174,102,72,5,0
4924,9719962.602310896,115,66,1,0
4925,7018466.725720072,114,63,0,0
4926,4475117.169786698,119,80,6,0
4927,9934778.777847236,111,69,1,0
4928,14640153.677245466,116,74,0,0
4929,5908426.9761721045,111,77,1,0
4930,15473804.018055055,108,75,3,0
4931,12875878.214003753,112,78,0,0
4932,16079905.495031297,111,64,6,0
4933,5181772.379340169,118,84,3,0
4934,12901067.151980791,115,78,3,0
4935,3208394.561747606,116,73,4,0
4936,7474243.595006577,113,73,5,0
4937,14796415.06202967,98,69,1,0
4938,12914068.907003107,112,81,8,0
4939,3901400.465864261,109,72,1,0
4940,17517279.647786245,115,79,3,0
4941,1169830.4090730154,108,80,5,0
4942,12173802.116120711,116,77,2,0
4943,20065433.190503366,112,80,3,0
4944,10879985.4923698,111,81,0,0
4945,16346123.051007932,117,71,2,0
4946,12173097.131135011,117,81,0,0
4947,15989044.264130164,109,60,1,0
4948,13399943.46314103,112,79,2,0
4949,14121632.498422317,112,77,3,0
4950,4712697.731801853,118,81,3,0
4951,15151002.384473383,111,75,1,0
4952,4917778.814424563,108,76,0,0
4953,20000850.451485623,115,83,2,0
4954,4712211.159163761,118,86,3,0
4955,4892884.071459765,107,73,0,0
4956,17523990.261538118,117,83,1,0
4957,5020859.690396146,107,63,2,0
4958,7415469.569103578,109,77,1,0
4959,14599026.537159208,116,73,4,0
4960,3310202.6671631737,104,70,1,0
4961,3316765.5683349846,102,78,0,0
4962,9963172.31632919,106,69,2,0
4963,5035296.206256524,107,68,3,0
4964,4872047.498513706,110,77,1,0
4965,274020.3205985881,106,66,1,0
4966,7609342.118211448,114,63,3,0
4967,6549304.962968686,112,78,4,0
4968,719099.743943692,112,83,2,0
4969,12702154.889891794,110,70,2,0
4970,12812262.774051312,104,74,2,0
4971,1524187.6605907553,108,66,2,0
4972,6524753.24294001,117,78,1,0
4973,17810985.62154974,109,72,0,0
4974,11908815.955083601,114,68,2,0
4975,8452617.905345846,109,66,1,0
4976,9531503.922477474,111,67,0,0
4977,4316066.815004556,118,75,3,0
4978,16573764.763776317,116,74,1,0
4979,18647641.95641607,109,74,3,1
4980,18579801.104396984,109,71,2,0
4981,4633970.0527305445,109,78,4,0
4982,6396789.061897176,111,72,2,0
4983,3348263.0617221496,114,80,1,0
4984,6324917.741351563,109,69,1,0
4985,6844878.374916918,109,75,1,0
4986,12943258.06601379,123,83,5,0
4987,3937662.8579266956,109,74,1,0
4988,18757144.98129039,115,83,3,0
4989,2180102.7987044407,116,69,2,0
4990,226075.8968808219,117,73,3,0
4991,17448283.694177415,109,74,5,0
4992,14378275.748189831,108,70,2,0
4993,7302906.103241474,108,74,1,0
4994,12179569.827740313,118,76,2,0
4995,4626044.182202816,105,72,2,0
4996,3505989.628830837,108,65,2,0
4997,9654308.176743127,118,83,1,0
4998,7258797.170841385,119,80,1,0
4999,12580245.774250498,106,77,5,0
5000,4516486.380391603,111,70,3,0
5001,13548870.57190482,113,79,6,0
5002,15659517.009701408,111,80,4,0
5003,3470380.138165047,105,78,2,0
5004,977056.4763376705,113,83,2,0
5005,9013364.582669467,110,78,5,0
5006,15804971.528700016,113,77,3,0
5007,13302176.58890546,117,79,4,0
5008,14339933.225491354,109,78,2,0
5009,8267100.180849329,104,64,1,0
5010,4857580.154781242,113,71,3,0
5011,10885552.037886536,117,75,1,0
5012,4236576.76238119,117,73,2,0
5013,14834361.88689392,111,76,1,0
5014,4086316.0010426757,102,70,3,0
5015,6001257.91512816,109,77,1,0
5016,10373108.740272263,112,82,2,0
5017,9970310.658612438,104,70,3,0
5018,12288208.79632339,111,74,1,0
5019,8969849.969112113,117,84,0,0
5020,18758696.159899533,115,82,6,0
5021,17143445.61131882,113,75,3,0
5022,17939084.322333157,108,68,1,0
5023,12870370.725432448,114,80,1,0
5024,12981886.752134912,119,75,1,0
5025,12457763.189429998,112,67,3,0
5026,8917853.454329165,108,76,8,0
5027,6627599.827273542,117,78,2,0
5028,12108557.83715668,116,83,6,0
5029,604890.3358727936,114,84,2,0
5030,237822.22678202248,113,75,1,0
5031,17381201.55170385,111,71,4,0
5032,1029160.9317260403,120,79,4,0
5033,10743729.99491092,108,73,1,0
5034,12575325.494876212,102,74,1,0
5035,4110782.062680573,101,65,2,0
5036,18276543.571153328,113,87,3,0
5037,3946788.8943573,112,75,0,0
5038,18048776.557447482,107,71,1,0
5039,15580901.193507545,107,68,4,0
5040,4975311.602987921,112,69,2,0
5041,3147652.2310683974,109,73,1,0
5042,6508327.385377988,115,74,4,0
5043,8167820.91959023,111,77,1,0
5044,5077696.896469537,113,76,1,0
5045,20371490.015485324,113,77,3,0
5046,4750087.783418916,117,79,2,0
5047,16954599.812437065,119,78,3,0
5048,3317699.560814485,104,76,3,0
5049,19992815.75225383,114,80,2,0
5050,4666240.181429573,110,79,6,0
5051,8649882.495123278,107,73,5,0
5052,11429495.642295938,108,79,1,0
5053,2529114.189103881,110,71,2,0
5054,16674055.202338597,119,79,2,0
5055,5664603.92346922,113,68,3,0
5056,11240753.453765947,111,82,1,0
5057,11248143.57403418,107,79,3,0
5058,12324585.31117111,106,69,2,0
5059,1213187.219941173,124,78,2,0
5060,3510642.3677707477,110,69,3,0
5061,3359827.5923905107,109,70,2,0
5062,6220336.155713353,114,76,3,0
5063,3029258.7318164227,120,74,3,0
5064,18808409.413755964,113,79,1,0
5065,10503273.799203292,107,71,0,0
5066,12749714.669487033,107,64,2,0
5067,7346126.870714879,107,74,2,0
5068,5696296.133660262,114,64,3,0
5069,10304720.702207688,112,64,0,0
5070,6063393.243755867,121,91,3,0
5071,7065024.001349761,110,71,2,0
5072,9280683.654342858,114,67,3,0
5073,10356637.425865019,106,75,2,0
5074,20075455.225660868,112,75,2,0
5075,4621545.791357423,104,69,3,0
5076,9996024.765970845,106,73,1,0
5077,3122624.6008536993,111,76,1,0
5078,7194044.418140424,114,83,1,0
5079,14653259.151202176,112,77,2,0
5080,3629307.430632244,113,71,2,0
5081,11892249.813203257,115,72,3,0
5082,8548597.706209663,112,65,0,0
5083,1133856.7559482758,112,79,3,0
5084,19034918.773847662,110,80,3,0
5085,8485687.13181182,109,73,4,0
5086,16006066.517420383,102,66,1,0
5087,8540727.803769907,113,76,2,0
5088,19121938.466493327,117,77,2,0
5089,5985155.363448278,110,79,2,0
5090,8457815.141597873,109,70,1,0
5091,15497111.445489483,105,71,3,0
5092,7065458.37179753,109,71,2,0
5093,7485617.6618462885,115,73,3,0
5094,20288871.076426685,120,84,1,0
5095,11369597.541909391,117,78,1,0
5096,14086062.5009519,111,74,2,0
5097,13153573.666297847,113,74,0,0
5098,16899552.410796806,117,78,5,0
5099,17587999.38942314,107,68,1,0
5100,11524780.23575406,108,69,3,0
5101,6068126.947987651,119,83,0,0
5102,549418.3076534497,103,77,2,0
5103,12563455.461313788,103,63,4,0
5104,16849690.878424898,115,82,1,0
5105,9235782.154408576,116,72,1,0
5106,3431186.418632276,109,67,1,0
5107,5936655.504347822,110,76,1,0
5108,10443051.18495514,111,69,3,0
5109,17077387.52251086,119,72,3,0
5110,3574294.1890990585,100,70,2,0
5111,12517694.81595853,107,69,2,0
5112,15385508.464662097,113,69,3,0
5113,19095278.623951454,118,83,4,0
5114,2456371.889137605,120,85,0,0
5115,18899190.749960165,116,76,2,0
5116,12300762.11730926,103,69,3,0
5117,15656269.156939892,109,74,1,0
5118,1178435.292034397,110,70,1,0
5119,10365054.28548695,116,83,4,0
5120,12730514.369363127,114,71,3,0
5121,6317458.886601689,105,65,1,0
5122,8852179.766036998,110,72,2,0
5123,11342864.812003965,105,72,3,0
5124,11307322.541733766,109,75,1,0
5125,936507.1133519049,114,86,4,0
5126,9011219.922977515,111,79,1,0
5127,4428533.560258708,108,74,3,0
5128,18702276.967726048,112,75,2,0
5129,19918395.80742862,118,80,3,0
5130,6171509.312359278,117,75,2,0
5131,3643994.9732156005,113,72,2,0
5132,4544002.495798572,114,67,2,0
5133,9788401.700805644,116,72,3,0
5134,17845509.90455078,106,82,2,0
5135,10240935.43846761,112,73,1,0
5136,1211279.8324895785,120,77,2,0
5137,896380.8656574433,108,68,5,0
5138,4704164.3673305595,117,82,4,0
5139,17201061.997181237,112,77,2,0
5140,12707178.57020069,117,63,1,0
5141,11518722.911550492,115,65,0,0
5142,6563906.898331263,119,77,3,0
5143,18960799.355515953,118,77,3,0
5144,6811835.327393001,112,67,3,0
5145,17042117.15439098,111,69,3,0
5146,18280050.281647064,111,87,3,0
5147,9901774.114388017,108,75,1,0
5148,18247268.76890713,105,73,3,0
5149,5707610.439022428,112,72,1,0
5150,13457602.645559492,112,80,1,0
5151,1872732.6195338266,112,80,2,0
5152,9710866.446102697,118,72,3,0
5153,4499887.305510866,112,76,1,0
5154,1360971.542903511,118,78,2,0
5155,162056.12783709075,115,74,3,0
5156,6681336.07983336,113,74,3,1
5157,12058351.501614764,116,73,2,0
5158,9331035.807960643,110,74,3,0
5159,6214610.206614519,109,70,4,0
5160,20215293.744991798,115,75,2,0
5161,19165898.701891307,115,89,6,0
5162,2638117.0939331516,112,77,2,0
5163,8516235.577813124,106,67,0,0
5164,13262923.996768652,115,82,6,0
5165,14981837.719918944,104,69,3,0
5166,7526539.173039967,110,78,1,0
5167,15241592.540304346,104,68,3,0
5168,2607588.8021848905,113,82,2,0
5169,6824718.068683364,112,70,3,0
5170,14635438.359980617,112,75,0,0
5171,12792515.831491593,111,75,3,0
5172,17088130.15932454,117,83,3,0
5173,1037953.6735155185,120,78,0,0
5174,3627877.24886334,108,70,2,0
5175,1071208.578946186,114,75,2,0
5176,3987778.8203632836,112,74,0,0
5177,173373.60520939098,114,75,2,0
5178,10325701.122373745,109,62,1,0
5179,10815197.419441905,118,83,2,0
5180,13446603.14008038,112,80,0,0
5181,7903048.01277991,110,69,2,0
5182,151540.49935844273,116,77,2,0
5183,13771512.007248532,104,70,2,0
5184,1188921.6935495096,107,76,3,0
5185,17676242.640874416,111,76,1,0
5186,546448.1207777087,105,76,2,0
5187,10859076.61304639,112,73,3,0
5188,18260034.3883322,112,73,7,0
5189,11712289.309288232,113,76,4,0
5190,12441883.922115512,115,78,4,0
5191,13928280.4636967,114,75,2,0
5192,2572229.916171232,114,77,2,0
5193,13792549.592420518,112,84,2,0
5194,17964294.801963445,111,73,2,0
5195,19870486.98488647,112,80,4,0
5196,9083722.78216957,118,87,2,0
5197,7082466.725926951,117,75,1,0
5198,15384310.349683767,111,69,3,0
5199,11110873.89292441,104,61,2,1
5200,5311640.000810977,108,70,1,0
5201,3582513.46481074,107,70,5,0
5202,3543368.852317202,114,72,2,0
5203,9411183.588583093,115,72,1,0
5204,3541218.3794803764,114,77,1,0
5205,486844.4274076485,104,79,3,0
5206,1144198.0065744766,109,76,2,0
5207,18970123.364779245,111,78,3,0
5208,1568069.7317435727,106,65,1,0
5209,1572524.1920418942,111,63,6,0
5210,9248954.476516763,110,73,4,0
5211,5063798.493546907,111,72,2,0
5212,19636401.672378216,111,82,2,0
5213,18586336.034185607,114,82,2,0
5214,8305763.996716624,109,72,4,0
5215,9199060.203697626,111,72,1,0
5216,7704058.021197449,109,65,1,0
5217,855369.9503419907,114,81,2,0
5218,6033416.472848922,110,77,4,0
5219,2577603.7514923285,112,80,0,0
5220,2165295.713815107,116,68,1,0
5221,11476152.47856299,111,75,1,0
5222,2092077.2245039367,114,74,2,0
5223,2176688.151104695,115,71,3,0
5224,9844480.315065403,116,76,1,0
5225,9068093.357964499,115,70,0,0
5226,2881432.1625541043,107,66,2,0
5227,176749.01620846626,115,74,3,0
5228,4005247.7736446657,110,77,1,0
5229,4876805.541027211,110,70,3,0
5230,16337525.29343144,114,79,3,0
5231,18676755.84716647,122,77,3,0
5232,8330156.446426694,109,67,4,0
5233,8311520.751091257,114,66,3,0
5234,14555184.91808187,109,66,1,0
5235,12817681.526124543,107,74,3,0
5236,3825845.2552950755,100,74,2,0
5237,2273307.6199354343,113,67,3,0
5238,8973247.230666509,115,83,2,0
5239,11556708.467764126,115,80,2,0
5240,2903218.521907835,109,71,2,0
5241,6042080.794741329,113,82,3,0
5242,6299367.994313543,115,78,2,0
5243,5392739.347118313,103,78,2,0
5244,9443355.491347175,115,73,2,0
5245,13348554.044931522,109,71,5,0
5246,10430886.000520127,111,61,2,0
5247,4177499.283494167,104,73,3,0
5248,2176844.991819775,115,71,1,0
5249,16776616.612361647,113,78,3,0
5250,9819927.774759704,116,75,3,0
5251,1348297.6957171247,120,73,1,0
5252,5328228.1662833635,109,74,2,0
5253,16414396.357914062,114,82,3,0
5254,15352157.512971343,111,80,1,0
5255,17872133.85422679,116,84,2,0
5256,12313358.735311963,109,72,2,0
5257,8674604.552569637,105,62,1,0
5258,8750332.876336763,107,69,1,0
5259,4026075.303544904,107,66,2,0
5260,13302564.990920538,118,79,5,0
5261,11967742.271231242,105,71,3,0
5262,3231324.5215322278,109,70,0,0
5263,18072088.315113455,116,83,3,0
5264,7569104.88555028,111,67,2,0
5265,1096474.9546956504,104,68,5,0
5266,6744874.586827538,115,79,3,0
5267,17751102.219676796,107,67,2,0
5268,18707587.563046776,117,73,1,0
5269,10045214.898341734,109,67,3,0
5270,19507368.967034943,111,79,3,0
5271,17860460.564753123,114,83,3,0
5272,16844855.310564227,117,80,2,0
5273,17545048.109540366,113,81,5,0
5274,7841373.1201596,111,70,1,0
5275,15448468.661287278,113,78,1,0
5276,11810769.53886921,107,76,4,0
5277,14701454.833741453,112,81,2,0
5278,3696809.1583073386,102,56,0,0
5279,14939255.00276081,113,78,1,0
5280,19532804.116641562,116,74,4,0
5281,6232765.685593119,104,70,3,0
5282,20112969.702361293,113,76,1,0
5283,7770308.758261554,112,67,2,0
5284,4142304.888104327,101,75,1,0
5285,2366663.8402913213,116,62,1,0
5286,16027092.550290998,116,75,1,0
5287,11353572.3006872,103,64,0,0
5288,6323499.459171017,108,68,2,0
5289,12442566.729623718,116,75,1,0
5290,6830578.082199988,115,71,3,0
5291,9191469.99272341,113,76,2,0
5292,17605038.000143472,114,77,3,0
5293,13655257.545465173,115,73,1,0
5294,15568951.5999875,105,81,3,0
5295,11935753.645823566,118,69,0,0
5296,20219315.017549638,115,79,3,0
5297,4988859.062208932,103,66,3,0
5298,5412903.975413403,111,80,1,0
5299,1966049.9043225688,108,72,3,0
5300,11337206.44025116,109,71,0,0
5301,12542254.02928657,110,76,1,0
5302,14828937.237800073,104,70,5,0
5303,6898501.685807213,115,72,1,0
5304,335306.2295542264,111,82,1,0
5305,12925464.547374766,116,83,5,0
5306,20367508.583906922,107,75,1,0
5307,6067990.457025651,118,82,5,0
5308,3821667.286959865,104,70,0,0
5309,5808410.67275445,113,73,1,0
5310,8725567.295582363,106,75,0,0
5311,5181839.395997102,118,84,5,0
5312,7132325.41115365,110,76,3,0
5313,13046847.164374264,117,71,2,0
5314,7093090.345605083,115,80,2,0
5315,8129406.627088546,111,78,0,0
5316,899338.8724223325,110,71,3,0
5317,18727609.14595659,114,68,2,0
5318,8349277.319566882,112,68,2,0
5319,6750207.266228189,116,80,2,0
5320,1842686.4636727704,117,73,1,0
5321,12965139.064959232,113,79,1,0
5322,17628611.55997623,113,73,2,0
5323,922122.7253841244,113,81,4,0
5324,3036535.1582825026,122,85,1,0
5325,3059226.089089544,120,74,2,0
5326,12317156.852460839,108,73,3,0
5327,18794380.557003547,113,76,4,0
5328,8976424.891019542,118,84,2,0
5329,7068283.827341441,113,71,4,0
5330,15638786.306823367,109,85,1,0
5331,15166195.478509067,104,70,1,0
5332,5097424.973985862,113,78,4,0
5333,3352397.4352036268,108,72,2,0
5334,7352663.014278091,116,75,2,0
5335,15837043.447981536,108,75,1,0
5336,14201469.297037413,114,74,2,0
5337,13608290.727199273,112,74,6,0
5338,16930103.42837028,115,82,5,0
5339,5714251.530904087,111,72,1,0
5340,6984561.223344623,113,75,0,0
5341,946212.6271909022,120,86,2,0
5342,17728541.716707833,112,77,3,0
5343,11914150.084905624,113,68,3,0
5344,6140548.254657291,115,78,2,0
5345,1496083.1540611358,107,70,2,0
5346,14777110.826421967,111,67,1,0
5347,15291462.051994514,109,68,1,0
5348,13614889.595691033,112,78,6,0
5349,4224702.445597805,110,74,3,0
5350,18631626.429769345,107,70,4,0
5351,15381231.787068348,113,73,5,0
5352,13443852.316813836,111,75,3,0
5353,13305508.819280293,118,76,2,0
5354,18451734.43038101,112,71,4,0
5355,18938089.93608315,117,80,1,0
5356,12182366.429984748,115,76,2,0
5357,8547955.730063047,113,63,5,0
5358,7472964.163300801,113,70,4,0
5359,16719925.47313088,116,76,1,0
5360,13176787.399219712,106,69,4,0
5361,1655487.6359790966,110,72,2,0
5362,2973856.6779039665,105,72,3,0
5363,18367015.083431177,119,83,2,0
5364,18048434.59244696,108,75,4,0
5365,19415832.63516872,118,69,2,0
5366,8775026.304116666,116,74,1,0
5367,16008795.288004424,102,71,2,0
5368,16905662.564688317,116,83,3,0
5369,6497446.48499969,118,77,1,0
5370,3037860.1045163134,120,82,4,0
5371,20333612.541623667,108,75,2,0
5372,700079.5021009132,109,75,2,0
5373,12216858.902824499,116,69,2,0
5374,13290650.779172473,116,81,3,0
5375,13931905.24098283,113,78,1,0
5376,5277585.973426687,112,78,4,0
5377,14739942.661523342,113,82,2,0
5378,4480955.771290628,117,79,3,0
5379,16922177.282502867,114,85,2,0
5380,4536133.770641124,108,71,2,0
5381,14234827.356065352,111,72,0,0
5382,15995647.704922048,109,63,1,0
5383,3923434.7220859444,103,66,3,0
5384,4919334.396247844,108,75,0,0
5385,15908127.084722029,107,67,3,0
5386,1832832.7163739684,120,76,3,0
5387,3960297.1183120287,114,81,2,0
5388,9337139.430542322,108,71,2,0
5389,18976162.536177304,114,76,3,0
5390,11496790.3198733,112,80,0,0
5391,7959206.67027336,115,70,2,0
5392,19954751.124805167,113,86,3,0
5393,9503263.72221944,119,77,2,0
5394,8894516.35165591,109,78,1,0
5395,8445908.129629135,111,75,1,0
5396,6426028.042469775,111,72,2,0
5397,6700479.9182269685,112,76,2,0
5398,14054719.878224274,115,75,2,0
5399,915672.9765799853,113,78,2,0
5400,13932461.337735185,113,78,5,0
5401,4172380.466140975,106,75,1,0
5402,7888742.44587556,109,83,2,0
5403,3062254.839166198,117,74,0,0
5404,11311447.102606088,110,75,1,0
5405,14897757.09591007,112,80,0,0
5406,7288603.576322231,114,63,3,0
5407,3404998.4900566437,112,65,3,0
5408,4686184.75562554,109,72,3,0
5409,16700309.904249918,112,73,2,0
5410,5521703.452101459,109,71,2,0
5411,15818750.377834795,115,74,2,0
5412,6812265.073657812,112,67,2,0
5413,3919105.2205751464,107,71,3,0
5414,14856291.305490019,110,80,4,0
5415,9601425.040570708,120,79,3,0
5416,721565.9079882585,110,83,1,0
5417,19580526.67507831,116,78,4,0
5418,3086917.8611463285,119,77,1,0
5419,7263247.515018798,120,76,1,0
5420,7900655.529638826,110,72,2,0
5421,10025546.622180155,112,68,4,0
5422,16036883.027953403,109,70,1,0
5423,210078.96353060426,114,75,1,0
5424,19022669.42971247,115,80,2,0
5425,13204895.56201867,110,77,3,0
5426,19391797.178204924,120,80,4,0
5427,16685619.770039028,111,76,0,0
5428,18928567.397546735,117,70,1,0
5429,12291278.788181376,110,72,3,0
5430,7342487.900676516,109,77,3,0
5431,9080921.628085818,119,86,2,0
5432,13449456.946356412,110,79,6,0
5433,8756361.43539085,107,75,1,0
5434,14944918.217550475,110,78,1,0
5435,1951612.7713468084,118,80,0,0
5436,16941436.872925527,114,78,0,0
5437,4232981.218393965,116,74,1,0
5438,19255710.475184254,117,88,1,0
5439,3245161.886806062,110,67,4,0
5440,2709414.828769054,109,69,6,0
5441,16573655.30336454,116,73,4,0
5442,16712269.236261735,113,76,3,0
5443,15088830.795180418,105,74,2,0
5444,19592468.44879118,115,80,0,0
5445,5580410.5634919545,112,75,0,0
5446,16873651.931919165,117,77,5,0
5447,7235498.267909773,111,84,2,0
5448,10999676.328611944,113,74,2,0
5449,9135467.163162703,115,61,4,0
5450,205199.92044654628,112,68,0,0
5451,11752348.4415158,113,69,5,0
5452,15266450.566355253,109,71,1,0
5453,3631139.9846931784,114,73,0,0
5454,19006094.580979045,119,92,2,0
5455,10857541.686695209,112,73,1,0
5456,3706148.5335911466,111,71,4,0
5457,13204044.89115174,111,79,4,0
5458,3983889.5954461996,112,75,0,0
5459,1376609.8238423737,117,76,4,0
5460,14003507.816953003,120,83,2,0
5461,2334347.4122146596,119,84,4,0
5462,2243421.454649298,114,63,2,0
5463,15112877.903670993,102,73,2,0
5464,1207424.871096226,112,73,6,0
5465,16530868.580434244,114,70,2,0
5466,16254270.531116625,117,80,0,0
5467,2957761.180032041,99,63,1,0
5468,10613466.832641773,108,77,0,0
5469,2048631.8204008937,113,76,3,0
5470,12932403.302925913,116,82,2,0
5471,1364357.5314006715,113,77,3,0
5472,19266539.437859822,119,78,3,0
5473,4304912.681591316,110,64,1,0
5474,13954351.515142705,109,71,2,0
5475,2691690.9296806003,113,69,1,0
5476,4342800.834040846,109,74,1,0
5477,9244105.089663938,111,67,2,0
5478,11724607.199906975,113,75,5,0
5479,20370915.14057814,113,77,1,0
5480,612899.4695796572,119,82,4,0
5481,92785.10836426036,117,78,2,0
5482,7201514.812633278,119,88,2,0
5483,7522157.054784422,105,78,0,0
5484,18035013.05579657,110,79,2,0
5485,18618761.34561773,114,76,1,0
5486,17967749.009914503,114,71,1,0
5487,2994016.793370464,107,65,0,0
5488,8455260.150923166,107,65,1,0
5489,15233537.521822413,100,63,0,0
5490,6434780.520135261,117,77,3,0
5491,13555172.58778087,119,81,3,0
5492,4902202.40853942,104,69,1,0
5493,6654268.922964905,122,79,0,0
5494,17559661.14710927,110,77,4,0
5495,5173637.301280877,114,79,3,0
5496,19669507.82682304,110,78,3,0
5497,6305796.6596811125,115,80,2,0
5498,564199.4430471872,112,74,3,0
5499,5262825.59406108,112,82,0,0
5500,3563161.485102593,107,71,1,0
5501,10378839.299159514,115,82,0,0
5502,2375392.78855965,114,70,3,0
5503,12799950.179548882,109,79,2,0
5504,17853500.36523307,110,85,3,0
5505,7448288.444117543,117,76,1,0
5506,3508082.746566431,108,67,1,0
5507,8209947.604391545,117,75,3,0
5508,16047499.823290754,110,76,3,0
5509,12098095.090138795,113,82,0,0
5510,2140375.918971633,119,72,3,0
5511,10995381.855211662,111,70,2,0
5512,9592090.692447605,120,74,2,0
5513,6729264.850375338,114,78,0,0
5514,2323497.320412468,110,73,2,0
5515,20010428.743802294,112,81,0,0
5516,3661417.323064278,109,69,1,0
5517,4000545.5290221428,105,72,3,0
5518,3042835.0781353647,114,82,2,0
5519,11665652.152682556,111,70,0,0
5520,9096264.250764886,115,77,4,0
5521,5154307.429722488,116,71,0,0
5522,8806958.293047985,110,85,1,0
5523,13764012.342620943,106,64,2,0
5524,5807061.713461582,111,73,2,0
5525,18672845.12131455,122,83,4,0
5526,6307556.846109979,117,76,3,0
5527,4110940.486338175,101,65,3,0
5528,19471382.007154368,114,74,1,0
5529,16546940.64603594,112,74,2,0
5530,7054701.630271161,115,75,3,0
5531,17173861.460289374,117,75,5,0
5532,10622272.246115709,115,82,2,0
5533,7128111.033686359,113,77,3,0
5534,17136896.31572655,115,71,2,0
5535,15361067.31185631,110,76,3,0
5536,6135523.154459136,115,88,4,0
5537,12406584.616452828,108,70,2,0
5538,7587828.903150634,112,73,3,0
5539,107763.03796733812,117,78,0,0
5540,19618569.350060314,120,84,3,0
5541,11248047.425256738,107,79,1,0
5542,12239129.901588058,107,77,5,0
5543,12268755.116084235,113,78,3,0
5544,11268606.529736103,107,67,2,0
5545,5976575.612524226,115,81,1,0
5546,19816779.314182844,114,75,3,0
5547,12710993.453995401,118,70,0,0
5548,13711202.621585628,106,76,1,1
5549,9322149.398491722,114,74,2,0
5550,5932174.176606616,108,81,4,0
5551,1393173.3904155951,118,76,1,0
5552,7198734.739822007,118,86,3,0
5553,3662516.1546107996,111,72,4,0
5554,13531823.716456093,112,73,3,0
5555,17936859.291019704,108,66,1,0
5556,6234624.559309408,106,70,3,0
5557,6846447.203858292,107,73,4,0
5558,13699894.197958037,110,76,0,0
5559,3117744.577997331,113,72,5,0
5560,18961043.486000042,118,78,4,0
5561,7475254.8903531,114,73,1,0
5562,2141517.868102569,121,74,3,0
5563,3633812.8983264198,113,73,4,0
5564,19028234.213129055,117,87,3,0
5565,5104799.66048271,116,81,3,0
5566,13535489.960684232,116,81,3,0
5567,3257740.8935256726,111,75,4,0
5568,4028139.5275420384,107,65,4,0
5569,17941618.054133184,108,72,3,0
5570,3092599.420554784,118,75,1,0
5571,467179.4152056627,110,69,0,0
5572,10265243.119623808,106,79,2,0
5573,17606311.033018373,114,77,3,0
5574,6706495.753882341,114,73,2,0
5575,2689068.1273648306,113,72,3,0
5576,20033150.794487145,109,63,4,0
5577,13829337.39221921,118,78,1,0
5578,17361885.07735038,110,70,3,0
5579,15360523.17914685,110,77,1,0
5580,14266024.803262878,108,73,4,0
5581,7895973.249667876,106,74,2,0
5582,6672966.845982227,118,83,2,0
5583,14646108.381986622,117,77,3,0
5584,14641121.084859919,116,73,1,0
5585,19390568.667915367,119,77,3,0
5586,11634516.11693659,111,76,5,0
5587,6069447.567893759,118,78,0,0
5588,10027555.045283604,114,67,1,0
5589,12549454.704543276,110,77,1,0
5590,8752258.077888109,106,69,2,0
5591,16152415.015936362,113,76,3,0
5592,11958491.268394345,107,70,2,0
5593,278016.98237127624,106,65,1,0
5594,11658480.514260335,114,78,1,0
5595,12953372.243392935,119,87,3,0
5596,18673159.39185637,121,82,1,0
5597,8488094.260102876,103,75,2,0
5598,11752459.437419036,113,68,2,0
5599,9732458.230127221,115,71,6,0
5600,10883066.086774737,113,81,5,0
5601,1453184.1455177125,113,78,0,0
5602,18308077.806795213,115,92,2,0
5603,18574689.63236472,108,72,5,0
5604,11216175.332840247,108,72,2,0
5605,11388706.791054673,115,72,2,0
5606,1255224.955535451,109,79,2,0
5607,12229339.840230772,109,68,1,0
5608,8801442.88815008,113,78,4,0
5609,14485374.42534886,120,73,6,0
5610,1043393.9562562457,117,69,5,0
5611,14522822.705797387,115,80,1,0
5612,5912525.016857097,111,77,4,0
5613,13320971.168709535,119,74,3,0
5614,12821823.45624847,108,71,0,0
5615,4693006.1333175255,105,72,1,0
5616,9030930.045713859,111,67,5,0
5617,17056105.97155129,109,70,4,0
5618,12384512.86146523,107,71,2,0
5619,1482309.9412567886,108,76,2,0
5620,9080815.38293088,119,87,0,0
5621,6417730.076278428,112,72,2,0
5622,13116683.789065873,111,73,3,0
5623,12566718.694247639,103,66,0,0
5624,297560.48622732994,108,73,5,0
5625,12427237.327066379,114,73,1,0
5626,15009432.833264502,109,77,4,0
5627,15697462.005998233,104,60,3,0
5628,1284056.3547711752,115,84,4,0
5629,6252973.671300375,106,70,2,0
5630,8641454.958256125,100,74,2,0
5631,3737131.933215951,114,77,1,0
5632,8630495.162070554,104,68,5,1
5633,1530870.161731799,112,78,0,0
5634,2385571.2963940008,115,75,3,0
5635,13665985.765919024,108,83,4,0
5636,5418616.512255963,112,76,0,0
5637,14533345.388276165,108,72,4,0
5638,1063368.7435512869,114,68,0,0
5639,11513548.519986238,117,75,0,0
5640,8035782.880656118,103,74,1,0
5641,16270976.238462502,116,80,0,0
5642,16006575.110182468,102,66,5,0
5643,7713114.995170093,103,69,3,0
5644,12732227.112487668,110,68,2,0
5645,4707371.408438637,116,82,2,0
5646,11873069.866417501,112,61,1,0
5647,1736690.8988087068,111,74,2,0
5648,8912169.960167086,113,76,3,0
5649,3797160.665603305,103,71,6,0
5650,18025751.69344181,113,81,3,0
5651,9121267.850943234,116,63,1,0
5652,12083596.977831602,116,81,1,0
5653,7404890.666837719,111,78,3,0
5654,5950037.447235821,109,73,4,0
5655,4207213.7865004,107,71,3,0
5656,18604323.35216877,111,81,2,0
5657,16321631.323213583,106,74,4,0
5658,2792614.0166476024,113,76,2,0
5659,15250590.097783323,109,65,0,0
5660,8585755.607749538,104,73,2,0
5661,399069.1102772684,105,72,1,0
5662,10816272.195272166,118,79,2,0
5663,2727331.086667427,113,74,3,0
5664,4349662.056579483,114,70,2,0
5665,14221321.428215912,107,68,5,1
5666,5308337.633448554,107,70,2,0
5667,18198508.847722873,114,76,3,0
5668,13431940.586174672,109,77,4,0
5669,16988080.098174747,116,85,2,0
5670,12579423.068594046,105,79,1,0
5671,17730649.95463869,111,78,1,0
5672,7431347.706479817,111,75,1,0
5673,11238127.179161599,116,82,2,0
5674,10562895.896063348,113,71,4,0
5675,18440220.183364194,113,76,2,0
5676,3435436.1518602804,108,66,0,0
5677,11825426.754490076,117,76,2,0
5678,15407086.919883827,106,82,1,0
5679,7601222.517013361,106,71,2,0
5680,17704898.5692914,110,79,4,0
5681,7661434.683907792,108,64,2,0
5682,3605884.972462306,108,69,2,0
5683,11947020.382223222,108,71,2,0
5684,8627126.920633728,104,71,1,0
5685,394874.5698402755,103,70,3,0
5686,1504654.2009210659,100,62,3,0
5687,4052010.8647633474,108,69,2,0
5688,15709645.08591083,99,65,0,0
5689,18201581.675806947,116,81,3,0
5690,11167056.613131223,107,70,2,0
5691,2230181.1865518135,113,66,3,0
5692,10939166.314546512,110,84,1,0
5693,17461693.45161852,118,71,5,0
5694,15306491.901169902,108,69,1,1
5695,5997905.069100812,104,75,4,0
5696,2602320.937184255,119,80,1,0
5697,18377083.686091725,120,75,4,0
5698,17430892.631108288,109,73,0,0
5699,1177230.1492231872,109,74,1,0
5700,16813252.06956132,106,81,3,0
5701,2060555.3630814373,113,79,3,0
5702,1371538.713675207,110,73,2,0
5703,15491763.578887379,107,73,2,0
5704,10977581.585803278,112,81,3,0
5705,8504875.454016559,109,76,0,0
5706,18441671.93100266,113,75,8,0
5707,17130641.220123116,117,77,3,0
5708,1256594.4107890066,111,79,3,0
5709,12597653.274444552,108,82,1,0
5710,15769297.517375778,108,75,3,0
5711,11265542.497837817,103,63,1,0
5712,20048882.4730396,112,77,0,0
5713,14018378.305380551,113,81,3,0
5714,2201294.644646111,108,72,3,0
5715,4113356.708490255,99,68,4,0
5716,16865465.577070195,118,91,3,0
5717,20328135.815545186,114,87,2,0
5718,2083434.495937741,110,67,3,0
5719,2123847.6550701046,118,74,3,0
5720,15588958.940720143,106,68,3,0
5721,1393281.011386799,118,76,2,0
5722,1478691.4129984963,110,78,0,0
5723,18136129.610367022,114,79,2,0
5724,16341614.608638173,114,75,1,0
5725,17988832.83756593,112,77,3,0
5726,13296765.965151109,115,81,4,0
5727,6636340.642165562,116,81,0,0
5728,18491445.74400219,115,77,2,0
5729,6152757.85577077,119,76,1,0
5730,5681363.923313298,118,75,1,0
5731,18087065.152799122,116,73,1,0
5732,13912272.879315069,113,82,2,0
5733,18275350.42744142,112,86,3,0
5734,3252381.02165397,107,72,2,0
5735,19425262.450305335,114,79,3,0
5736,12529722.621407561,111,73,4,0
5737,13652588.461431691,114,73,3,0
5738,18648776.641037446,109,74,1,0
5739,7818579.108908641,109,75,2,0
5740,14699241.162285691,109,79,6,0
5741,13090181.197547572,114,80,4,0
5742,16083767.113642374,109,64,3,0
5743,18301155.43943407,116,89,1,0
5744,13896803.82773219,111,77,2,0
5745,1459997.0170264298,115,81,0,0
5746,3805540.887378997,108,71,1,0
5747,19459407.334207036,105,67,2,0
5748,19757366.35315536,118,77,0,0
5749,19732242.609260865,113,73,2,0
5750,833707.5035654358,113,77,1,0
5751,7853004.415449606,110,65,0,0
5752,15513529.403506627,111,76,2,0
5753,15375703.746361766,109,74,3,0
5754,1831003.6781617773,123,77,3,0
5755,12463656.523459116,110,69,2,0
5756,2987739.0654803165,108,61,1,0
5757,10102297.848146,108,70,2,0
5758,4953841.338401159,109,75,2,0
5759,1165975.8111201557,105,76,2,0
5760,1711402.4858241763,114,76,1,0
5761,18584449.665935084,109,75,6,0
5762,15208372.382619074,113,77,3,0
5763,19009508.692252368,115,88,6,0
5764,9630767.549856855,116,69,3,0
5765,8479378.751733968,113,76,1,0
5766,7364791.933215556,111,87,1,0
5767,12602117.983787423,112,82,2,0
5768,7225727.406859054,113,75,1,0
5769,15241418.326412989,104,68,2,0
5770,16359231.733861241,111,72,0,0
5771,17872701.665526498,117,84,2,0
5772,5017104.171048992,107,66,3,0
5773,10788952.968209842,116,78,1,0
5774,4624023.898702875,106,71,1,0
5775,849068.6396909197,115,78,2,0
5776,14460633.146959396,113,70,7,0
5777,11234892.118564937,114,78,2,0
5778,14787625.622252202,104,74,0,0
5779,1865811.035679393,108,79,1,0
5780,20303147.433918294,117,83,0,0
5781,20279232.95813355,114,80,5,0
5782,9529430.456395134,113,72,2,0
5783,17673973.96446727,110,70,2,0
5784,5032692.803876925,107,65,1,0
5785,15064598.575658226,112,77,2,0
5786,17941367.00982717,109,73,3,0
5787,16630316.665062018,116,76,4,0
5788,16571583.271290129,119,72,0,0
5789,9489359.633807836,109,64,7,0
5790,16738427.863512205,105,75,1,0
5791,14112957.060911361,111,69,2,0
5792,2776170.0129532446,112,91,3,0
5793,2405211.203980649,119,81,2,0
5794,15762285.967706293,110,69,0,0
5795,12788074.529165028,114,73,4,0
5796,10633682.437475616,114,86,1,0
5797,18510709.543841664,104,69,2,0
5798,13481097.13119796,107,70,2,0
5799,8131189.640555165,110,74,3,0
5800,8492361.58771867,103,72,0,0
5801,12377460.381739188,109,72,2,0
5802,15525766.37129649,108,71,4,0
5803,11547061.216200033,110,83,3,0
5804,10418112.491754213,107,72,2,0
5805,14848008.709220063,111,83,3,0
5806,14408630.37369213,111,78,0,0
5807,16948751.50044395,118,76,2,0
5808,1356676.655004784,119,82,1,0
5809,15417665.917467995,109,71,3,0
5810,10519641.73374654,118,68,2,0
5811,1603238.004385235,104,64,0,0
5812,13875464.048055338,119,77,3,0
5813,14637611.643713854,115,78,2,0
5814,10720011.108245634,108,74,3,0
5815,16206552.118520323,114,73,1,0
5816,6183718.490800403,112,75,0,0
5817,4186651.031048992,110,68,2,0
5818,7208964.798421802,114,80,2,0
5819,8413541.803809393,104,67,1,0
5820,14219141.224142283,109,71,3,0
5821,17256880.690455895,112,78,6,0
5822,14726518.23684173,117,74,2,0
5823,3619669.7545618396,111,72,2,0
5824,7523390.071289707,108,78,2,0
5825,3303402.327212096,105,68,3,0
5826,14032120.354945082,116,79,2,0
5827,5126175.2340774,109,68,3,0
5828,10755747.677582163,110,75,2,0
5829,16166563.72366037,111,74,1,1
5830,13711566.41939819,106,75,1,0
5831,6145659.652831249,112,75,3,0
5832,6846124.824816404,108,73,2,0
5833,13354660.58661973,108,74,2,0
5834,11244771.26649585,109,82,5,0
5835,2043920.3861466735,112,78,1,0
5836,17835071.598331466,111,84,3,0
5837,10496344.796173869,111,80,3,0
5838,9699226.111608848,114,78,0,0
5839,4116226.6725933305,98,67,2,0
5840,7742239.678126084,109,74,1,0
5841,6845274.173950107,108,74,1,0
5842,5584391.952626868,109,74,2,0
5843,11609065.75529681,112,68,2,0
5844,9474103.106427856,109,77,3,1
5845,18143870.914296135,117,83,2,0
5846,19202836.948282924,122,75,1,0
5847,4543378.611392378,113,66,1,0
5848,2119301.005233004,114,71,4,0
5849,16034720.86059262,108,64,5,0
5850,20289647.440531414,118,86,3,0
5851,17624044.77857022,111,74,3,0
5852,567637.3632664173,109,83,2,0
5853,5188959.682326629,112,82,4,0
5854,966577.6252431712,117,88,4,0
5855,16754459.277201194,118,80,0,0
5856,11893380.311753843,113,70,3,1
5857,10518790.646604063,118,69,2,0
5858,11345946.423632683,106,67,1,0
5859,5213079.181106894,107,63,1,0
5860,12304231.345124371,102,63,3,0
5861,709172.7318561354,110,81,3,1
5862,13205347.685710223,109,77,2,0
5863,15000988.449739624,109,69,1,0
5864,13753948.1529543,111,75,2,0
5865,6830909.714877244,115,69,1,0
5866,16865816.775244087,119,90,2,0
5867,14617381.275862979,112,71,2,0
5868,2691810.7150170654,114,69,0,0
5869,4049310.7730038865,106,72,1,0
5870,13024542.8114584,112,79,3,0
5871,5963747.073802357,110,74,4,0
5872,2511796.4017136013,113,69,1,0
5873,3233448.325290751,111,74,0,0
5874,3449687.4555422403,115,81,3,0
5875,9789186.61930498,112,70,1,0
5876,12420940.83406486,115,72,1,0
5877,3668706.836833517,112,72,0,0
5878,14555496.164612148,109,68,0,0
5879,5793091.628098039,115,89,3,0
5880,6413398.0512492,106,74,1,0
5881,4625120.597324546,105,73,3,0
5882,16032052.126279946,111,69,5,0
5883,19577915.393748924,117,84,2,0
5884,10087889.927015236,104,73,1,0
5885,939941.4539443247,114,80,1,0
5886,5377937.450241994,108,70,1,0
5887,3296022.091925078,101,69,2,0
5888,17200879.375860836,112,76,2,0
5889,1809580.835198557,119,80,2,0
5890,19713212.905403424,118,83,3,0
5891,12037702.370182255,114,67,3,0
5892,10600452.499987278,113,76,0,0
5893,17294057.49983988,115,72,1,0
5894,645826.0741383751,114,77,2,0
5895,15868507.17385779,111,81,0,0
5896,2454348.315787207,120,87,2,0
5897,17160585.32204272,114,76,1,0
5898,10832698.989794804,103,73,1,0
5899,1327791.4513678001,118,80,2,0
5900,17007606.949961774,115,81,3,0
5901,641084.1638361498,112,84,2,0
5902,2896376.6830061423,112,68,3,0
5903,16288301.30006165,115,78,2,0
5904,9526816.834856506,114,71,7,0
5905,17985289.252556223,112,76,3,0
5906,12990443.500132207,107,66,0,0
5907,12748772.532252498,107,63,1,0
5908,6020993.641286505,114,85,2,0
5909,2801130.600079184,113,83,2,0
5910,19605504.44537347,121,78,2,0
5911,2214589.5520484117,113,66,1,0
5912,10829335.662053982,108,71,2,0
5913,5621613.915236384,111,64,0,0
5914,5450462.93974675,118,84,5,0
5915,12161019.107113807,118,83,2,0
5916,16290526.878021598,114,78,3,0
5917,15869050.065544475,111,80,6,0
5918,17729677.18346701,113,79,1,0
5919,6034551.640429186,109,76,1,0
5920,9544692.759317033,118,71,4,0
5921,275962.7791229788,106,66,3,0
5922,15253285.867604056,110,71,1,0
5923,6226262.984140627,111,75,3,0
5924,11488986.07623764,112,79,3,0
5925,3524482.4071381968,112,68,1,0
5926,16726437.43108109,109,77,2,0
5927,16683237.320215553,112,77,2,0
5928,17905362.81163712,110,83,1,0
5929,1019270.1624444845,113,76,3,0
5930,20240854.49462707,116,70,2,0
5931,5118205.236675541,113,69,1,0
5932,6370255.522775154,116,82,2,1
5933,5149810.254107904,113,69,3,0
5934,5519347.025348193,112,67,2,0
5935,11309625.755210415,110,76,2,0
5936,4956376.609503434,109,73,2,0
5937,8082950.28339486,103,72,3,0
5938,13400196.23362384,112,79,2,0
5939,17064085.731775045,117,78,3,0
5940,14154317.290819682,119,77,2,0
5941,12155670.602803046,117,79,3,0
5942,3086412.5566590065,118,75,4,0
5943,16659749.18985975,117,82,3,0
5944,843363.5154074325,113,80,1,0
5945,5451498.620317221,117,82,3,0
5946,1245129.661487495,110,82,1,0
5947,13640280.664579032,112,74,2,0
5948,7567132.596876055,112,69,2,0
5949,13327939.777531153,113,74,3,0
5950,7133765.90915359,111,73,2,0
5951,9341400.464783808,109,66,4,0
5952,9386489.010050735,113,72,0,0
5953,1012033.6824190287,112,64,2,0
5954,8823268.206424102,117,72,2,0
5955,13104878.66039829,103,70,3,0
5956,11175410.592401478,106,64,2,0
5957,1615232.6120729463,114,77,2,0
5958,13653013.734932221,115,74,0,0
5959,6358661.281717153,112,79,1,0
5960,379536.2009152691,103,70,3,0
5961,3246172.335044018,109,66,3,0
5962,10190642.496921763,109,76,2,0
5963,6389912.730919022,115,79,0,0
5964,14187652.49010161,114,77,2,0
5965,4973494.520399318,111,68,1,0
5966,15780035.470926335,114,76,1,0
5967,5904064.008876387,105,65,4,0
5968,12694651.82814128,113,81,1,0
5969,16316566.563588865,105,69,2,0
5970,7916119.638045795,109,73,2,0
5971,1036896.0364118479,122,77,2,0
5972,10960013.463455329,115,77,2,0
5973,20300769.058221094,118,83,2,0
5974,19764299.22563581,115,70,3,0
5975,4574830.30574059,116,83,2,0
5976,15432782.434783947,105,73,1,0
5977,7091543.819869171,115,83,4,0
5978,3341149.4185661487,114,71,3,0
5979,13609529.373955192,112,73,4,0
5980,10257841.811737813,107,72,1,0
5981,11036878.472648432,113,73,1,0
5982,16888759.22761381,115,78,3,0
5983,6920794.3524514325,114,84,2,0
5984,13633493.539152581,118,76,2,0
5985,7522869.834490209,107,77,1,0
5986,954019.8021967238,121,85,1,0
5987,7762979.593743639,109,66,1,0
5988,19379319.864964284,119,81,1,0
5989,9900301.181258738,110,71,1,0
5990,2284300.4191083843,116,74,6,0
5991,14054512.120240644,114,75,3,0
5992,19650322.48234384,114,80,1,0
5993,18524588.888722155,114,80,2,0
5994,11701551.909872556,105,64,2,0
5995,7727758.843932232,108,72,1,0
5996,11878569.82101825,116,65,3,0
5997,16656001.638717478,118,83,2,0
5998,17576063.44677396,111,75,2,0
5999,16715154.077857118,113,74,2,0
6000,9336032.102843434,108,70,3,0
6001,2500120.5089964024,111,67,2,0
6002,11644946.280840375,109,72,1,0
6003,3263094.0681703677,110,75,1,0
6004,1324317.4614641003,114,75,3,0
6005,10213146.894139936,115,76,2,0
6006,13395461.874166902,114,77,4,0
6007,17432081.83957847,110,74,2,0
6008,15983911.295482416,109,69,3,0
6009,17494897.43685488,115,80,1,0
6010,15521572.570322316,105,69,2,0
6011,14367504.376611115,113,78,1,0
6012,292269.69908167183,104,70,5,0
6013,12801035.307296723,109,77,4,0
6014,2533096.285735546,111,71,2,0
6015,1277788.6565563108,117,84,1,0
6016,3262755.4201008077,111,76,1,0
6017,16805487.897694487,114,74,3,0
6018,15192195.935317995,113,67,2,0
6019,19353690.49594537,113,63,1,0
6020,19967058.270169076,118,89,2,0
6021,18226853.88168828,112,76,2,0
6022,2785809.0728205084,114,78,5,0
6023,17924245.34960813,113,79,1,0
6024,17117107.478433892,115,79,4,0
6025,17776063.20768679,113,81,4,0
6026,3166770.8381548612,113,73,3,0
6027,2458161.721689423,122,88,1,0
6028,18846741.203041695,107,73,4,0
6029,3616402.059963864,113,72,3,0
6030,7572222.665320728,111,66,2,0
6031,9346357.929585578,108,66,0,0
6032,2613529.078151663,107,80,4,0
6033,505432.8676497598,109,81,0,0
6034,20273991.623842686,106,71,2,0
6035,17889204.665210456,116,81,0,0
6036,18613793.734081,110,74,2,0
6037,5865192.985550473,116,76,2,0
6038,4556134.698685278,112,71,2,0
6039,8734727.716803294,108,76,1,0
6040,9292228.417457772,118,72,2,0
6041,200111.16467945313,113,71,1,0
6042,15911160.508620063,109,69,4,0
6043,20326315.54377283,113,87,2,0
6044,10822842.71368519,112,63,2,0
6045,7971002.2748348545,111,71,2,0
6046,8062248.346778908,106,80,1,0
6047,2037495.9692981518,114,71,3,0
6048,5491507.742609005,112,68,2,0
6049,10283511.818476636,107,76,4,0
6050,8856196.46784298,107,76,1,0
6051,11154747.602652784,105,67,2,0
6052,17328885.566269,114,72,3,0
6053,4660530.58630264,111,72,2,0
6054,648193.1201730206,115,83,2,0
6055,862667.0526237859,109,82,1,0
6056,2811046.430649557,112,77,1,0
6057,11671540.262213884,111,68,1,0
6058,16498693.848326162,116,77,3,0
6059,18095300.292535353,118,86,0,0
6060,12984024.860426925,118,74,2,0
6061,8273271.913471764,104,67,5,0
6062,3224222.8873517797,107,66,2,0
6063,8238243.070082395,107,75,4,0
6064,6836953.573345705,112,68,2,0
6065,17754537.57809441,103,67,0,0
6066,9970502.428703647,104,70,2,0
6067,4679895.85791659,110,72,6,0
6068,5951256.544468132,111,76,2,0
6069,2857781.513467111,118,81,3,0
6070,18740665.86551629,118,71,3,0
6071,1108803.3070317085,108,77,2,0
6072,347276.47717367753,114,82,3,1
6073,3802466.0664902395,107,73,3,0
6074,16553305.206121823,117,71,3,0
6075,10716754.116189346,110,73,4,0
6076,12795775.142736888,110,75,1,0
6077,7351071.771672576,116,74,3,0
6078,1481085.0593383254,108,78,2,0
6079,17472917.500625953,113,72,0,0
6080,3983312.120613924,115,77,3,0
6081,757753.020989971,111,74,3,0
6082,11716646.510876924,113,80,4,0
6083,1777804.1718823246,113,77,1,0
6084,2031093.3828287693,118,76,0,0
6085,16340136.604534527,115,79,2,0
6086,10069810.896034125,106,69,1,1
6087,4990857.044854081,100,67,0,0
6088,7166165.955015764,118,72,1,0
6089,14895534.10195559,110,77,1,0
6090,1433893.4300591676,113,83,5,0
6091,2451841.7561252536,117,82,1,0
6092,12601202.901774492,112,85,2,0
6093,12412539.194864228,113,72,3,0
6094,19834773.058670517,118,80,5,0
6095,7692601.045543169,108,71,1,0
6096,1407970.4216701211,111,73,3,0
6097,11002495.211952304,111,70,3,0
6098,13049691.714533733,116,74,2,0
6099,2921397.5326328315,112,71,1,0
6100,11313699.813763361,110,79,2,0
6101,4102575.599787374,111,75,4,0
6102,17240840.123425584,112,77,2,0
6103,17046525.5917797,111,72,3,0
6104,8811135.829897957,115,85,2,0
6105,19718634.01565782,118,89,3,0
6106,19983255.932775572,119,85,5,0
6107,2711179.4139126777,112,74,3,0
6108,7553784.863015819,111,72,2,0
6109,12277488.28511924,113,72,2,0
6110,1809252.30185614,119,79,2,0
6111,7857214.909255969,107,67,2,0
6112,5390178.213375319,101,76,2,0
6113,19420255.06730344,114,64,0,0
6114,8444720.25573237,113,76,1,0
6115,15574414.727039464,105,74,3,0
6116,7939457.84005982,107,62,3,0
6117,2763186.801237543,117,77,2,0
6118,17614936.013894424,116,82,2,0
6119,94866.58170147192,121,77,2,0
6120,1222424.8923235412,116,84,3,0
6121,7486172.761194795,115,71,0,0
6122,14035655.013772294,123,75,2,0
6123,7025594.147046957,115,73,2,0
6124,1433054.175119711,113,81,4,0
6125,6540968.2690596,112,74,3,0
6126,5061373.29202862,113,71,2,0
6127,196463.12678803684,111,62,0,0
6128,10946943.332102329,110,82,3,0
6129,2455198.5782590327,120,87,1,0
6130,5924759.634367176,113,76,2,0
6131,13107426.596224705,103,72,3,0
6132,14811759.362341492,108,73,0,0
6133,5436551.487941363,110,72,3,0
6134,6771533.394524346,109,76,2,0
6135,5100534.0441973135,111,76,2,0
6136,19518510.9397811,114,72,1,0
6137,3955398.4077693815,113,77,1,0
6138,3806358.4263512446,109,71,1,0
6139,9123998.77362842,116,67,2,0
6140,3930757.820101478,108,71,3,0
6141,3268772.646865616,109,72,0,0
6142,2033483.2998185635,115,73,5,0
6143,13086741.638083085,113,82,3,0
6144,12516321.599645745,108,71,3,0
6145,13289647.943100989,117,87,2,0
6146,15790267.242651615,105,70,6,0
6147,6713947.980586513,113,76,3,0
6148,18737381.81269746,115,73,1,0
6149,14976025.95973987,108,64,2,0
6150,16428100.13347131,117,85,1,0
6151,14727411.238127321,116,74,2,0
6152,7365773.865186292,112,85,2,0
6153,5834110.554580765,116,83,2,0
6154,8666707.642182788,108,72,0,0
6155,2056853.74956723,112,76,1,0
6156,9250823.913600627,109,69,2,0
6157,962489.8283048925,116,83,4,0
6158,166532.97784825493,114,73,0,0
6159,19002907.86327627,120,91,1,0
6160,14085177.230074694,112,73,0,0
6161,11496163.062236872,111,79,1,0
6162,7013363.77578769,114,68,5,0
6163,11672657.787018612,111,70,2,0
6164,18192164.235568307,114,79,3,0
6165,13334674.808078425,115,76,3,0
6166,12321363.421640582,108,70,4,0
6167,9432048.964547649,115,70,2,0
6168,7106677.019645364,111,77,3,0
6169,14272215.370676553,105,71,2,0
6170,20007768.55777275,112,80,2,0
6171,8712209.336938735,107,70,3,0
6172,8051146.401038784,109,72,1,0
6173,8780357.151400337,111,69,2,0
6174,8728176.685566524,111,72,2,0
6175,20203611.64765805,116,75,0,0
6176,14439370.142196687,120,82,4,0
6177,7380574.120789011,110,76,2,0
6178,7630721.606723552,112,70,3,0
6179,8834851.628932387,116,71,3,1
6180,831936.4205087402,114,77,2,0
6181,10805084.365686737,117,83,2,0
6182,16563599.811143696,118,70,2,0
6183,13500946.517340843,110,79,1,0
6184,4115851.187694682,97,66,1,0
6185,14871028.160215385,112,70,0,0
6186,14696877.593948338,108,76,2,1
6187,5417941.375713573,111,74,2,0
6188,12735489.381587895,111,65,3,0
6189,12493308.585027032,108,62,4,0
6190,17140471.15022179,110,72,4,0
6191,2849702.079788792,117,83,2,0
6192,4043102.414218199,104,75,1,0
6193,9955274.294715082,108,65,1,0
6194,982882.0256454143,114,72,0,0
6195,8526120.727216417,109,69,2,0
6196,16093237.017313581,105,67,2,0
6197,3106432.427269442,112,75,2,0
6198,9426854.97021217,116,71,3,0
6199,20186237.68383733,112,70,3,0
6200,10360421.264626775,111,74,4,0
6201,10206160.890741765,113,75,2,0
6202,11434156.580836916,108,74,4,0
6203,3863702.3509691753,110,72,3,0
6204,3074945.264033082,116,71,0,0
6205,13841846.866217976,114,79,4,0
6206,8123474.0688424185,113,74,2,0
6207,5973707.843148596,113,80,3,0
6208,723888.4606853122,106,80,1,0
6209,17267655.07650175,118,70,4,0
6210,742921.6760305255,115,73,1,0
6211,15316757.290634416,104,74,0,0
6212,7843670.860719583,111,71,2,0
6213,12244312.580604233,109,79,4,0
6214,5116145.76681554,115,72,2,0
6215,3242194.2619744483,111,73,1,0
6216,10918230.165755779,106,77,5,0
6217,14212725.902050767,120,82,1,0
6218,4056399.636428058,111,76,4,0
6219,8947802.96088154,114,75,3,0
6220,9116275.274689546,116,68,2,0
6221,4472418.167846099,119,83,2,0
6222,11561198.134709777,113,80,0,0
6223,3050003.552888064,116,82,5,0
6224,10438182.312084395,111,68,0,0
6225,2389921.7602161714,116,82,1,0
6226,9946601.02206659,109,68,2,0
6227,6414228.966790858,110,74,3,0
6228,9270436.80107498,113,72,3,0
6229,8894808.491828203,110,77,2,0
6230,18524342.684950855,114,80,2,0
6231,10035816.189675862,111,71,2,0
6232,16708148.340370014,112,80,3,0
6233,4668858.534293949,108,78,2,0
6234,7236356.560314675,112,80,2,0
6235,1611285.106146588,109,69,2,0
6236,8630777.918116964,104,69,3,0
6237,13666089.826762868,108,82,2,0
6238,17107560.861879975,116,81,0,0
6239,11578773.662852524,111,73,2,0
6240,13084739.7450284,112,80,3,0
6241,3686268.9054139364,97,64,3,0
6242,841965.3420293934,111,85,2,0
6243,16163686.177002862,109,69,0,0
6244,3478545.1014346676,105,72,5,0
6245,1937834.4597849231,118,77,2,0
6246,19126040.588042773,121,78,2,0
6247,19653206.452768132,112,79,1,0
6248,12601106.57494682,112,85,2,0
6249,7775614.278824479,110,74,3,0
6250,17007495.30208158,115,80,0,0
6251,4243771.046199821,119,75,3,0
6252,8806327.628511008,110,84,3,0
6253,7336564.50118462,112,81,4,0
6254,18621146.331985775,114,79,3,0
6255,18764871.840210907,120,87,3,0
6256,13304331.037410486,117,74,2,0
6257,2335266.4726017173,118,84,3,0
6258,9878578.295264943,112,68,5,0
6259,5068430.329931655,112,72,1,0
6260,18056913.321685184,108,71,1,0
6261,2897028.6813014215,111,69,2,0
6262,1189311.3580689006,105,77,3,0
6263,14391663.04172157,118,72,5,0
6264,9291552.29602326,120,71,2,0
6265,17111578.791488398,114,79,2,0
6266,1601948.6979339155,105,65,1,0
6267,16354333.670547022,109,73,0,0
6268,844579.2268580296,114,77,2,0
6269,656434.5739438726,108,77,2,0
6270,9454615.759853058,112,81,1,0
6271,4580294.994318805,115,78,1,0
6272,12143402.01440582,114,77,2,0
6273,610681.191648857,119,82,2,0
6274,805076.6704904229,114,77,3,0
6275,14853040.800861297,107,78,4,0
6276,4354350.053828868,114,73,1,0
6277,13416656.380452713,110,81,3,0
6278,15315519.286892803,104,73,5,0
6279,1291273.5810763487,112,79,1,0
6280,15718255.405677984,107,73,1,0
6281,5537390.725870612,113,79,2,0
6282,7997143.500737207,111,79,1,0
6283,1845834.0614563732,117,75,0,0
6284,17116962.250180084,115,79,5,0
6285,11473455.901189083,110,72,1,0
6286,10334940.596409233,107,73,4,0
6287,19755423.6778888,118,79,4,0
6288,6879409.170571166,114,72,2,0
6289,18175989.43805415,118,77,2,0
6290,14701533.613507558,112,82,4,0
6291,18942577.971632928,114,77,2,0
6292,18521680.96667893,112,77,1,0
6293,20211836.868547413,113,76,4,0
6294,2760438.809669781,117,81,4,0
6295,16251582.484039275,117,84,1,0
6296,16423749.562531916,117,86,3,0
6297,13172079.86083744,105,72,1,0
6298,5749396.795518111,115,78,3,0
6299,19686245.04091917,118,83,1,0
6300,4237723.00741922,118,71,7,0
6301,10231576.953551836,110,75,2,0
6302,10676551.692286907,114,72,0,0
6303,3372765.6031923424,113,70,0,0
6304,14759226.312414523,115,79,2,0
6305,1891078.8233066371,115,76,1,0
6306,14161552.453707468,121,75,3,0
6307,17319744.05247174,110,73,2,0
6308,7181802.842003337,117,83,1,0
6309,14493034.012709118,117,66,0,0
6310,3270103.8478632746,110,72,2,0
6311,17265593.941904478,116,68,2,0
6312,19419878.921539467,114,65,5,0
6313,3187242.4501160695,107,75,3,0
6314,14136405.453640532,119,86,3,0
6315,10358615.576431304,110,73,1,0
6316,10879875.831119211,111,81,1,0
6317,14433510.609455336,118,88,1,0
6318,10011546.564324634,114,67,2,0
6319,12277588.238538984,113,72,1,0
6320,4775445.541798484,113,73,2,0
6321,7772960.558852508,110,72,1,0
6322,17657354.933112033,112,77,2,0
6323,2318256.2455507554,114,80,3,0
6324,12221719.368935985,111,72,1,0
6325,3828827.9450412565,102,75,1,0
6326,17277587.53878867,112,70,3,0
6327,11845392.997276347,117,74,4,0
6328,8271353.458954798,104,65,3,0
6329,5159739.542651658,115,70,1,0
6330,8957667.41326342,111,68,2,0
6331,19533208.069888372,116,74,4,0
6332,10427218.572397549,111,63,2,0
6333,9620605.61394808,114,74,2,0
6334,15241430.095038876,104,68,3,0
6335,7783936.295626028,111,73,2,1
6336,8766354.604599213,111,70,2,0
6337,6928999.753663811,118,80,1,0
6338,3151218.0233271485,113,78,5,0
6339,14582151.998341748,114,80,1,0
6340,17815562.586783078,110,80,2,0
6341,18476813.283762388,115,79,4,0
6342,17973393.744496014,115,79,4,0
6343,9261044.746389784,111,73,4,0
6344,5855102.604785629,112,75,2,0
6345,13041100.337393682,115,77,0,0
6346,19474165.46902293,116,77,2,0
6347,14851053.742748763,109,81,1,0
6348,10135586.649348263,111,76,0,0
6349,14074449.0077893,119,74,2,0
6350,15774790.910958912,107,68,3,0
6351,18754552.451345928,116,74,4,0
6352,15585480.245364917,105,72,2,0
6353,8883460.527631717,105,74,5,0
6354,5642691.734389666,108,61,4,0
6355,10237796.894662648,114,73,1,0
6356,6750906.427870079,115,78,0,0
6357,19231686.24246705,114,74,0,0
6358,10401967.162444452,105,63,2,0
6359,9672731.248222696,117,79,1,0
6360,7157429.519801694,111,73,3,0
6361,13071221.396045702,107,68,1,0
6362,10647393.34572276,107,75,2,0
6363,2707073.9066486345,110,66,1,0
6364,17737924.53922135,110,72,1,0
6365,7377088.990043401,108,75,6,0
6366,8871029.724218212,109,74,4,0
6367,4263004.319901299,114,81,3,0
6368,11324589.441021046,114,84,2,0
6369,14343453.38577469,113,78,2,0
6370,17980752.86514333,113,78,4,0
6371,1134427.8171907212,111,80,2,0
6372,19852435.089411095,114,82,1,0
6373,14379249.177852597,110,71,0,0
6374,5859823.96355533,113,72,2,0
6375,4238791.534921617,118,69,1,0
6376,6099235.016870113,111,71,3,0
6377,17870288.274541445,115,82,4,0
6378,6003835.081194082,107,79,2,0
6379,9485186.47213452,109,66,2,1
6380,14418246.110329563,111,80,1,0
6381,17794421.35655918,119,82,2,0
6382,13460399.736459745,109,74,2,0
6383,15380240.319542442,114,76,3,0
6384,3606251.248459748,108,69,3,0
6385,17904447.20162057,112,84,1,0
6386,5685594.893243144,111,76,2,0
6387,2693452.404394098,113,62,3,0
6388,19911578.550522175,123,87,4,0
6389,4181222.9501529196,105,75,3,0
6390,2861473.547555515,116,80,3,0
6391,12799382.03090704,109,76,2,0
6392,6561745.294706904,116,77,2,0
6393,2794402.319123386,113,74,3,0
6394,12293727.199973123,107,63,5,0
6395,15499568.40033827,105,72,1,0
6396,16194355.304049252,107,72,3,0
6397,3244487.6963168224,112,68,2,0
6398,11395033.66889717,109,72,3,0
6399,16610254.88045083,111,67,3,0
6400,3357690.5931977844,107,66,1,0
6401,4303928.096058157,109,64,2,0
6402,135369.69448353644,118,72,4,0
6403,10740460.594412953,107,66,2,0
6404,4039918.0271937544,107,77,0,0
6405,14794028.530831575,97,68,0,0
6406,19626654.09434009,118,88,2,0
6407,4325722.96839752,116,83,3,0
6408,13268002.476089114,116,81,3,0
6409,4388249.509514865,113,68,0,0
6410,452076.0894162369,106,77,2,0
6411,15490815.154432103,108,76,1,0
6412,8899993.371555671,107,72,4,0
6413,19313368.86889497,120,73,5,0
6414,10936463.980215423,108,75,1,0
6415,3284499.1100105997,105,71,0,0
6416,9220239.4542424,107,71,3,0
6417,4206645.41220266,108,69,2,0
6418,17917067.25800988,108,77,3,0
6419,14116985.436191497,110,77,0,0
6420,7016141.1494058585,112,67,0,0
6421,10805163.987438284,117,83,1,0
6422,13681935.870154897,108,73,2,0
6423,15984361.366548637,107,68,4,0
6424,1713997.4791670125,111,77,3,0
6425,543703.6357026736,106,75,3,0
6426,2410659.5930472543,121,76,1,0
6427,8107827.06846034,112,67,2,0
6428,9564091.154903091,117,68,1,0
6429,2857608.2017307472,118,81,1,0
6430,8435933.463210024,114,78,1,0
6431,9054698.896321509,117,75,2,0
6432,2301755.3463769285,110,70,0,0
6433,18701563.807670888,114,76,5,0
6434,12253615.83908013,108,74,4,0
6435,7976624.138293994,108,74,4,0
6436,10380468.319080183,112,79,3,0
6437,6466996.87621394,114,78,1,0
6438,17435812.858225737,114,77,1,0
6439,11763575.458156545,114,70,2,0
6440,10136546.240378324,109,76,3,0
6441,18584296.41190416,109,75,3,0
6442,17103756.51985815,118,81,5,0
6443,16592455.69031958,113,74,2,0
6444,4667981.475858599,109,78,1,0
6445,3195962.898454802,109,74,3,0
6446,14100604.083718594,118,76,2,0
6447,9603399.48487853,117,79,1,0
6448,13970964.289642395,111,71,2,0
6449,15532913.578819707,105,65,4,0
6450,6083508.5817542635,117,75,4,0
6451,5866967.13568475,114,76,2,0
6452,10054011.11494469,102,65,1,0
6453,5641530.039370698,109,63,1,0
6454,13637565.547226574,116,78,4,0
6455,15250703.202767244,109,65,0,0
6456,9672378.100870864,117,79,2,0
6457,14785036.119871007,106,75,3,0
6458,10452161.977661695,115,75,3,0
6459,14563113.781017236,109,71,2,0
6460,4654965.188936472,110,75,3,0
6461,15090529.039589843,106,71,2,0
6462,14608852.618755734,114,72,0,0
6463,5500522.05647188,109,74,2,0
6464,11376836.497647459,110,72,1,0
6465,17455727.226526197,114,72,2,0
6466,5153606.105657502,116,67,3,0
6467,15032383.061856441,111,79,0,0
6468,19459174.505132124,105,68,0,0
6469,17677694.409668725,112,78,3,0
6470,8240309.231037976,110,72,2,0
6471,12417331.75842992,118,77,4,0
6472,20226871.17835021,117,89,3,0
6473,11629999.57525354,112,69,1,0
6474,2422334.5391149125,124,78,3,0
6475,1008989.595745165,111,72,5,0
6476,16135790.938077832,108,78,0,0
6477,8689274.580930531,110,64,3,0
6478,5098577.457741429,110,79,1,0
6479,7146784.529850247,114,71,5,0
6480,15466825.224678734,111,78,1,0
6481,9534456.79311755,109,67,2,0
6482,17723540.29441849,108,74,5,0
6483,15010974.886662006,110,76,3,0
6484,19866289.761585515,113,80,0,0
6485,18129779.094461422,118,84,5,0
6486,5255642.958065559,109,77,4,0
6487,13470311.27606113,112,77,3,0
6488,503579.7279837346,107,78,1,0
6489,20213398.91702651,114,73,0,0
6490,5386807.65511961,106,79,2,0
6491,13586792.843270294,107,73,4,0
6492,17330672.07787229,118,76,3,0
6493,3345052.184814553,115,77,4,0
6494,17304794.542058088,113,65,2,0
6495,335080.0826137054,111,82,5,0
6496,9061894.929383218,115,78,1,0
6497,9672351.223313347,116,79,1,0
6498,7683284.568573105,112,72,2,0
6499,11994466.873972028,105,72,1,0
6500,18664652.48051357,122,81,4,0
6501,6726764.137564551,111,74,5,0
6502,11849778.084620876,115,69,3,0
6503,17905557.987785105,110,84,1,0
6504,15784081.285560748,113,74,1,0
6505,913594.8483640904,114,80,1,0
6506,19232217.721598916,113,73,1,0
6507,1033686.6729222039,122,77,2,0
6508,12042671.594204135,108,63,2,0
6509,11770451.179912241,116,67,2,0
6510,16056098.249010354,111,77,2,0
6511,3100922.119728299,115,69,3,0
6512,3728982.1738525634,111,73,2,0
6513,15359886.74727753,112,76,3,0
6514,3122482.7100743176,111,76,3,0
6515,9619703.862398183,116,74,1,0
6516,14944416.75676752,110,77,6,0
6517,13311560.592947176,116,78,1,0
6518,4363265.569910292,117,76,1,0
6519,6259103.349293551,107,69,2,0
6520,19763954.74505776,116,69,0,0
6521,9197823.485857321,110,73,3,0
6522,989224.6484794414,115,78,2,0
6523,4545642.304402497,119,65,0,0
6524,7040434.826816735,113,70,2,0
6525,20383631.02665273,119,80,2,0
6526,6233338.869542273,105,70,1,0
6527,622436.3387364103,115,77,2,0
6528,10502606.228362741,108,72,3,0
6529,1784224.7158975368,112,71,1,0
6530,5652055.167273241,113,72,4,0
6531,20239320.58684528,117,74,3,0
6532,14395917.187026003,114,73,1,0
6533,1115317.640824818,104,80,3,0
6534,9198150.406474756,111,73,2,0
6535,3571945.95146162,103,68,1,0
6536,2583110.904351718,109,76,3,0
6537,12008289.588122131,114,70,2,0
6538,10355057.544457644,106,71,3,0
6539,15172237.447645616,110,70,2,0
6540,18206997.960441314,116,86,4,0
6541,5095916.487979217,113,76,4,0
6542,18830152.06820314,115,77,2,0
6543,10605569.720319549,108,74,4,0
6544,5342715.984536085,110,66,3,0
6545,17262280.48585255,112,76,6,0
6546,807927.3633661773,114,77,1,0
6547,11448692.633969894,108,68,2,0
6548,14740801.48477455,113,83,1,0
6549,5772074.879692094,114,77,2,0
6550,17621848.465106804,110,77,3,0
6551,4966002.798848613,107,67,6,0
6552,17142230.984003067,111,70,3,0
6553,1681459.7075240086,112,75,1,0
6554,3334145.5646273554,113,76,2,0
6555,7823282.5360463895,110,82,4,0
6556,17430217.731700305,109,74,2,0
6557,3022581.760848647,115,72,0,0
6558,17864449.59844554,117,82,1,0
6559,4751695.94984197,116,77,3,0
6560,9275759.555298252,110,64,3,0
6561,7249589.187957235,117,77,2,0
6562,2485260.1595970984,111,73,5,0
6563,19263064.46625889,118,78,1,0
6564,8984749.45727965,117,92,0,0
6565,14105371.123117056,113,78,1,0
6566,11768705.870622478,116,66,1,0
6567,10275046.153067887,106,77,1,0
6568,12607611.748143066,103,75,1,0
6569,18329576.217436448,117,86,4,0
6570,14287756.000645699,112,74,3,0
6571,10899792.461544849,117,75,3,0
6572,13188578.41482038,111,69,4,0
6573,12400812.490865007,107,67,0,0
6574,8882052.233149052,106,76,1,0
6575,12773857.612125134,111,69,4,0
6576,9094238.073813768,118,73,0,0
6577,15471729.740071647,109,74,2,0
6578,19762687.150377166,116,70,0,0
6579,19578961.733910732,119,83,2,0
6580,16753574.056403933,120,82,3,0
6581,12306678.9779252,103,67,2,0
6582,15303534.28094537,106,70,1,0
6583,3702133.5607723114,109,60,2,0
6584,9814115.223748215,119,78,2,0
6585,5311642.2455386305,108,70,1,0
6586,157374.67837617706,115,80,2,0
6587,19718519.97141065,118,88,1,0
6588,17629091.054662455,112,72,0,0
6589,10518386.064439885,118,70,3,0
6590,5247623.006205543,105,72,3,0
6591,14159063.378642019,121,81,2,0
6592,8916166.504606107,112,80,5,0
6593,16400500.98493481,112,70,2,0
6594,20384213.974310648,117,80,2,0
6595,7175429.959861286,119,80,3,0
6596,5049639.245734802,110,68,4,0
6597,5516296.6294484325,117,68,3,0
6598,1982038.2187848138,116,79,5,0
6599,8088532.540046555,109,77,2,0
6600,440261.0005539074,111,77,2,0
6601,2409499.2214821447,124,79,1,0
6602,5603888.55731448,107,65,1,0
6603,3332829.3080593706,112,76,1,0
6604,14954794.129020927,117,79,4,0
6605,2230979.8510289723,114,68,0,0
6606,17672661.887196038,109,71,2,0
6607,4576704.895560547,115,82,0,0
6608,2291614.813211808,113,74,3,0
6609,291641.69245222566,105,70,1,0
6610,14610497.14577242,116,68,1,0
6611,5297670.229821536,101,62,1,0
6612,10433093.873695875,111,65,1,0
6613,2353054.02939947,112,71,2,0
6614,20095395.490712456,114,82,3,0
6615,2632663.127137024,115,82,1,0
6616,8451626.947872605,110,67,3,0
6617,17381357.4336074,111,71,0,0
6618,5059466.19496071,115,73,4,0
6619,5507956.228095951,109,65,3,0
6620,16505084.768902646,112,75,3,0
6621,5637272.422392517,112,64,9,0
6622,144709.43718902403,119,67,2,0
6623,8776300.670221705,114,74,4,0
6624,340960.02406659874,108,83,2,0
6625,18562097.78309325,111,75,1,0
6626,13120086.231341947,118,78,0,0
6627,11926020.512714498,114,78,2,0
6628,4180199.1507885247,105,76,1,0
6629,14300627.155210575,117,71,1,0
6630,13839816.401962373,115,76,2,0
6631,1314270.073846741,113,71,1,0
6632,17974279.00908878,115,80,3,1
6633,11852894.809033317,113,67,2,0
6634,16179500.43337968,113,76,6,0
6635,5425553.811163717,113,72,2,0
6636,2564897.8982732454,117,82,1,0
6637,14351464.952447947,111,76,1,0
6638,16208252.03939533,109,70,1,0
6639,7925814.587327122,108,73,0,0
6640,567533.2502135221,109,83,0,0
6641,16703175.431060819,110,72,2,0
6642,4271672.612196057,114,78,2,0
6643,6971325.063277432,115,73,4,0
6644,12844264.01353485,113,73,2,0
6645,2116240.455855451,109,70,3,0
6646,1548461.2204334543,114,72,3,0
6647,608381.9116420395,119,83,5,0
6648,18701155.625798766,114,76,2,0
6649,6409836.217510152,108,79,3,0
6650,13502794.953872668,110,79,3,0
6651,20175393.7429527,110,65,4,0
6652,13681338.935338523,111,74,4,0
6653,10749815.076328961,111,66,2,0
6654,10665033.641894674,108,73,2,0
6655,7740682.683975961,110,75,1,0
6656,12266485.34127349,112,75,0,0
6657,19557152.022338346,116,75,5,0
6658,16089683.018731803,111,67,3,0
6659,8701424.448064175,104,73,3,0
6660,6837556.610061072,113,72,4,0
6661,18028804.8909745,110,85,3,0
6662,2843884.2324946164,114,83,5,0
6663,17339437.564328253,115,79,3,0
6664,5266396.838635549,111,79,1,0
6665,14619112.268443028,113,76,3,0
6666,16458805.066142939,116,76,1,0
6667,9773054.473979697,117,77,3,1
6668,3991226.07390685,112,74,3,0
6669,17241605.427136533,113,79,3,0
6670,7549612.468004695,105,66,6,0
6671,6598646.457774809,113,75,3,0
6672,10443604.62476071,112,69,1,0
6673,8921957.349841919,108,77,5,0
6674,13957551.202735595,109,73,1,0
6675,2872558.2133087395,111,70,3,0
6676,8934211.218542585,109,81,4,0
6677,18194723.70163695,111,77,2,0
6678,818747.0782181686,116,73,3,0
6679,9373843.934344491,109,70,0,0
6680,13500218.960564295,110,80,2,0
6681,18113681.67121382,115,79,1,0
6682,12144773.18206816,112,76,2,0
6683,16829696.78661979,111,73,3,0
6684,4608720.136617606,111,71,1,0
6685,7251112.907140881,116,80,5,0
6686,19218845.36602112,114,86,1,0
6687,18078428.206641037,116,83,2,0
6688,11417085.991249137,113,80,0,0
6689,9742426.9686026,113,75,2,0
6690,9246496.158700561,111,68,2,0
6691,1280276.9312383349,113,79,2,0
6692,18208437.276308376,116,82,4,0
6693,16701052.957095267,113,73,1,0
6694,9351765.746675635,110,73,2,0
6695,5761155.1899979785,112,76,2,0
6696,7050294.507067412,112,73,3,0
6697,2587495.9136722903,106,70,2,0
6698,14744217.350540092,112,80,1,0
6699,11391028.778973429,115,73,3,0
6700,4840478.6693588365,118,79,2,0
6701,12738147.955524892,108,65,2,0
6702,19972215.499004323,116,86,3,0
6703,2571951.4531960567,114,77,0,0
6704,9397130.201774906,114,72,2,0
6705,10121579.67175818,108,79,0,0
6706,3473651.09944825,102,72,3,0
6707,10881518.29284907,112,85,3,0
6708,12392343.775691193,109,76,2,0
6709,3281689.9565104754,110,75,3,0
6710,3228471.051512658,109,63,1,0
6711,17476787.177604064,112,74,2,0
6712,6409931.508920603,108,79,3,0
6713,12886958.291438006,114,72,1,0
6714,12814656.911581978,103,78,3,0
6715,17127946.47298192,117,81,5,0
6716,15111884.213197285,102,73,3,0
6717,17156489.97969117,113,73,5,0
6718,12783011.862309858,109,76,2,0
6719,9213796.232853984,110,74,3,0
6720,8078791.488217396,103,76,1,0
6721,7783584.889453774,111,74,1,0
6722,8582959.675100014,103,73,2,0
6723,2712360.569037906,112,72,1,0
6724,8695977.014983915,103,67,2,0
6725,7995091.397507949,112,77,1,0
6726,788467.5100013175,116,80,9,0
6727,5673645.326865182,113,74,1,0
6728,15355826.080234427,109,78,3,0
6729,11823087.485958107,114,72,2,0
6730,16457727.057122758,115,76,2,0
6731,11107091.730066821,104,58,4,0
6732,17430791.47576554,109,74,1,0
6733,16252612.231871823,115,82,2,0
6734,2082323.7366206977,112,68,3,0
6735,19927054.51912157,113,69,0,0
6736,385885.25269342447,106,72,1,0
6737,12206748.139059521,110,73,2,0
6738,16180406.726601081,114,75,2,0
6739,6826373.434436207,113,68,0,0
6740,12241915.914053764,108,84,2,0
6741,7440239.507437641,110,77,1,0
6742,1317344.6664623457,111,70,2,0
6743,258233.14505849627,109,70,3,0
6744,2012820.162685968,112,74,1,0
6745,2084862.6735522624,110,67,4,0
6746,12492105.243401317,109,64,0,0
6747,10765460.764294334,108,75,5,0
6748,9335766.514596099,109,70,5,0
6749,14137664.557943655,119,84,5,0
6750,428098.459993997,111,71,2,0
6751,5589424.147198097,108,78,2,0
6752,15873380.629896631,112,74,1,0
6753,18565851.088307034,114,84,1,0
6754,8987964.261754312,123,91,0,0
6755,1741144.0750599194,113,70,0,0
6756,16306663.744756442,109,73,3,0
6757,18062087.090729363,113,75,0,0
6758,8486847.313139778,104,73,2,0
6759,5028361.154511417,106,74,1,0
6760,979359.0496042839,114,83,2,0
6761,12089873.513911977,117,76,1,0
6762,18563665.666547008,112,79,1,0
6763,13852678.867056565,110,71,1,0
6764,6528957.626607108,118,84,1,0
6765,13141918.934350932,114,73,1,0
6766,16983712.39109152,118,79,2,0
6767,9749366.513245052,113,69,1,0
6768,16733524.435480107,109,80,2,0
6769,8045144.949869653,112,74,1,0
6770,7163713.918651472,117,75,3,0
6771,11925499.818891324,112,77,3,0
6772,9523065.895972447,114,73,4,1
6773,19929198.035955492,113,71,0,0
6774,10573029.85724076,107,72,3,0
6775,7908319.494414999,109,74,1,0
6776,8106552.420437062,113,74,4,0
6777,11213745.341070928,105,71,4,0
6778,7293811.703055228,113,66,1,0
6779,14766898.110063134,109,71,4,0
6780,7816750.470593843,109,75,1,0
6781,7887450.543800026,108,82,1,0
6782,12615645.959044399,106,70,3,0
6783,1322053.951961492,117,78,2,0
6784,13395085.535115141,115,78,2,0
6785,10341173.797171755,112,70,4,0
6786,9286273.118487403,112,68,2,0
6787,14692702.034100793,110,74,3,0
6788,15484755.118641915,109,73,2,0
6789,17271927.109834857,113,73,2,0
6790,7697751.856312392,107,63,0,0
6791,6727750.639204762,111,76,3,0
6792,14592973.660310104,118,80,1,0
6793,11901460.357480519,113,72,1,0
6794,12916773.08269415,115,77,2,0
6795,11367736.98834246,114,75,1,0
6796,15777940.838014595,112,71,0,0
6797,3945674.3471432496,110,76,2,0
6798,11371579.706859188,114,79,0,0
6799,3297067.8891516565,100,71,0,0
6800,8356709.482345747,110,75,4,0
6801,13570520.968404282,115,77,2,0
6802,10099500.993000846,109,78,3,0
6803,7794993.090123988,107,70,0,0
6804,18058016.800747562,108,71,3,0
6805,15780635.479728993,114,72,1,0
6806,10774102.745473614,114,86,1,0
6807,19379699.46419554,119,82,1,0
6808,8704240.551730081,105,76,3,0
6809,16090269.784288222,110,66,2,0
6810,3496781.9833912747,109,70,1,0
6811,5890159.308171159,107,77,3,0
6812,6952106.751497421,116,75,6,0
6813,2235365.5176223773,110,70,3,0
6814,10276851.462638756,100,71,2,0
6815,3990741.8997872234,112,73,3,0
6816,12965193.368587887,113,78,2,0
6817,3946719.6012650263,112,75,1,0
6818,2594515.671543068,111,77,1,0
6819,19766225.62938792,114,71,2,0
6820,13453680.834289622,110,81,0,0
6821,19103470.5955341,114,83,0,0
6822,10034845.324681757,111,73,4,0
6823,764723.8589057787,110,77,1,0
6824,11750499.980653591,116,70,3,0
6825,11424719.702304833,113,82,2,0
6826,390518.61511797574,106,69,1,0
6827,17576158.940894637,111,75,2,0
6828,12676516.593686106,117,76,2,0
6829,15209290.391223025,111,79,0,0
6830,10116752.255404344,106,77,1,0
6831,12644669.348065842,111,76,2,0
6832,5314995.603727578,107,64,3,0
6833,19861083.24473858,119,84,1,0
6834,8224061.625274965,105,73,4,0
6835,3382864.0954760364,107,60,1,0
6836,1221907.9501845818,116,83,4,0
6837,13005525.148324482,105,68,2,0
6838,20056484.66575099,107,76,2,0
6839,18277836.32415555,114,87,5,0
6840,14344458.714687092,114,77,2,0
6841,20203066.50281542,116,75,1,0
6842,14765307.214246282,112,72,4,0
6843,6975776.113586188,116,70,1,0
6844,12295697.358932773,107,65,1,0
6845,1706269.0689397894,110,80,1,0
6846,4588239.33844327,114,78,2,0
6847,8565640.095141448,109,72,0,0
6848,4184849.239880898,110,71,1,0
6849,19449717.20872456,107,76,3,0
6850,20304596.334119644,116,82,1,0
6851,7619218.2914627325,106,68,1,0
6852,14489138.55766132,117,65,1,0
6853,8367244.890016824,108,73,3,0
6854,2919497.118993325,113,73,3,0
6855,6928575.65239534,118,81,2,0
6856,4825619.108838202,112,67,2,0
6857,6748881.268745717,115,79,0,0
6858,4452974.4393054675,123,84,2,0
6859,2367859.7397872447,116,64,1,0
6860,4501849.572120137,111,74,1,0
6861,18480151.499587715,117,80,3,0
6862,1817047.7029994347,120,93,2,0
6863,6681428.0187238,113,74,1,0
6864,10817949.077601718,116,76,2,0
6865,7285701.216607599,113,68,5,0
6866,10597757.842805555,111,74,1,0
6867,968157.2152151666,114,87,5,0
6868,13257292.686510438,118,88,2,0
6869,11529302.110479848,113,70,2,0
6870,13915190.540470734,111,78,2,0
6871,11606044.820693199,106,68,2,0
6872,8979170.790467398,117,87,3,0
6873,7196934.384291309,117,84,1,0
6874,4684755.266470215,111,72,1,0
6875,10241575.368897965,112,72,5,0
6876,615462.7819014606,118,83,3,0
6877,6752183.4407098675,115,76,1,0
6878,13852359.388791038,110,72,2,0
6879,2294182.1551347096,111,73,1,0
6880,1363570.1925280588,115,78,1,0
6881,13330582.24481493,111,72,0,0
6882,8164249.927070391,102,75,0,0
6883,16369542.112230211,109,67,2,0
6884,19120943.03652806,113,75,2,0
6885,19521594.71821968,117,72,2,0
6886,8729169.439741435,111,70,2,0
6887,5454251.539687646,118,82,3,0
6888,12445884.360886747,116,81,1,0
6889,12843490.662580254,112,73,1,0
6890,12724732.02385488,113,74,3,0
6891,6620951.375957551,115,79,3,0
6892,1381044.762468023,121,75,2,0
6893,4351094.2649347335,114,74,1,0
6894,3222287.9765043138,109,67,3,0
6895,2602518.6620291504,118,80,5,0
6896,18896991.17099308,114,73,4,0
6897,367612.45538095105,113,81,1,0
6898,12308686.225315526,107,65,2,0
6899,19327318.8543724,106,67,0,0
6900,7398214.8918997515,113,82,4,0
6901,10790497.155678699,117,82,3,0
6902,14216096.324388152,114,75,2,0
6903,6527355.291241651,119,83,2,0
6904,9786365.505563732,115,72,1,0
6905,16679797.843417395,118,79,2,0
6906,15222784.70824548,104,72,2,0
6907,16504067.268832011,112,75,0,0
6908,20136909.106884986,113,78,2,0
6909,7606862.230013949,109,65,1,0
6910,15258030.531194506,107,66,4,0
6911,12327507.874880228,110,69,2,0
6912,13623542.970821166,115,75,3,0
6913,15111463.3097853,102,74,3,1
6914,15311643.692018982,108,72,0,0
6915,18073758.19381948,119,82,1,0
6916,7180284.852023719,117,80,3,0
6917,13357037.987378236,111,73,3,0
6918,5778425.96869631,115,71,4,0
6919,12160663.436033484,118,84,2,0
6920,15340964.276555443,110,69,3,0
6921,16149733.657336127,108,78,1,0
6922,8618120.356901908,103,63,1,0
6923,10417286.804683935,108,71,3,0
6924,6866089.237623402,113,76,2,0
6925,3519122.5109882005,111,67,2,0
6926,5376883.257687867,111,74,0,0
6927,18609713.440703675,109,75,2,0
6928,6360829.879431425,113,77,0,0
6929,19881422.641910832,120,84,3,0
6930,4990240.363319886,101,65,4,0
6931,14770238.416130064,107,77,3,0
6932,11740998.52453941,116,80,5,0
6933,14238158.2177298,111,72,1,0
6934,13163640.396560606,106,62,1,0
6935,14438767.536266401,121,82,0,0
6936,18475887.24080793,117,83,3,0
6937,11529113.138238449,112,68,4,0
6938,1464245.9437011732,114,75,4,0
6939,5586214.592573857,109,78,3,0
6940,14468627.766549014,117,72,0,0
6941,10119869.915078785,105,77,1,0
6942,11226174.242247554,111,79,1,0
6943,12201517.255680807,111,66,1,0
6944,7856682.224061453,106,67,3,0
6945,15802360.765274128,114,75,2,0
6946,14779657.008217549,107,72,1,0
6947,14592106.74305288,116,78,0,0
6948,14612632.890232043,116,75,3,0
6949,18167434.154393803,115,80,3,0
6950,12177398.407822238,119,77,3,0
6951,19725315.398504432,116,88,5,0
6952,2506917.3575313184,116,66,3,0
6953,12919970.11307756,116,81,6,0
6954,14645457.524245761,118,77,3,0
6955,9777601.21749675,116,72,3,0
6956,5939220.628812883,110,76,1,0
6957,11256340.574675916,101,56,2,0
6958,7493549.992271475,107,75,4,0
6959,18548527.98561679,100,63,1,0
6960,7331997.596760327,113,79,3,0
6961,3654587.3249977566,107,68,2,0
6962,11791480.10282395,112,74,2,0
6963,8128059.148715989,110,78,1,0
6964,2033861.1653575592,116,73,1,0
6965,11556992.527125124,117,81,1,0
6966,11008769.7793886,108,72,3,0
6967,3603617.156512273,106,62,2,0
6968,12222996.879968906,112,70,3,0
6969,11608099.097508345,109,67,2,0
6970,15796615.703679413,111,73,2,0
6971,7429017.507272282,112,77,2,0
6972,5138108.902751721,109,71,3,0
6973,19403392.97664772,116,69,0,0
6974,11483380.965663748,107,78,0,0
6975,637547.4290363799,110,86,5,0
6976,16753084.596267637,118,81,3,0
6977,4082083.9979174817,110,71,3,0
6978,16048911.124224732,111,72,2,0
6979,14406556.50571247,109,71,2,0
6980,19760681.586846493,116,74,2,0
6981,19694998.225061,121,91,2,0
6982,5659021.20125931,112,74,3,0
6983,15651151.515652692,107,78,5,0
6984,6520966.339984383,120,82,1,0
6985,12863900.06257587,116,85,1,0
6986,12225188.394823896,110,67,1,0
6987,1194047.8978283636,110,76,3,0
6988,191628.90295650746,110,67,4,0
6989,1259448.5027855537,109,80,1,0
6990,2684595.9244555854,110,71,1,0
6991,5318703.733294049,109,65,1,0
6992,18504483.89152066,109,74,3,0
6993,10618584.917870367,115,77,4,0
6994,16269358.6756832,115,79,2,0
6995,17110499.73709234,114,82,3,0
6996,15011330.468937274,110,77,0,0
6997,8034492.552683206,101,73,2,0
6998,17629311.026365142,112,72,3,0
6999,15155649.570539927,112,74,1,0
7000,15178022.252092443,112,72,3,0
7001,18395210.806347515,114,79,1,0
7002,12243818.333281657,109,81,2,1
7003,10820478.093899898,113,72,1,0
7004,18163465.154658366,112,79,3,0
7005,9315426.990867244,117,65,4,0
7006,16567453.06667533,119,75,1,0
7007,1179890.3493689774,109,71,1,0
7008,112595.67604120736,116,76,2,0
7009,10814752.561889436,119,85,1,0
7010,1581280.894865523,99,68,2,0
7011,19917644.899999436,119,79,1,0
7012,198115.64193061757,110,64,3,0
7013,14670295.558159912,117,76,2,0
7014,5028959.048148255,106,71,0,0
7015,19735059.10226281,116,78,2,0
7016,7834595.224291064,112,78,1,0
7017,640460.907196068,111,83,2,0
7018,633400.7496153961,112,81,0,0
7019,11324085.083636286,114,84,5,0
7020,20124152.185375646,118,83,2,0
7021,19983249.04029445,119,85,3,0
7022,6935604.612061494,115,82,2,0
7023,9888952.626268445,112,67,1,0
7024,2126416.32181973,119,76,3,0
7025,10690558.72073769,104,78,2,0
7026,12264900.192832712,113,76,2,0
7027,5184859.880568463,117,85,4,0
7028,12516975.118790982,110,71,1,0
7029,18357000.524346843,119,98,3,0
7030,105800.52903067323,119,76,1,0
7031,4735495.515136014,115,83,0,0
7032,4349362.524157206,114,70,3,0
7033,2602231.4567297455,118,80,2,0
7034,3459516.9877799703,109,67,0,0
7035,12797181.606262146,109,76,0,0
7036,2171876.5974231903,112,66,0,0
7037,15084204.503349207,102,73,1,0
7038,18099699.960023426,121,81,2,0
7039,18903172.867524646,117,72,1,0
7040,13492986.366878757,115,76,2,0
7041,4095047.3485832205,106,74,1,0
7042,1818568.7374342333,123,91,0,0
7043,4798269.951931025,117,67,4,0
7044,19621441.74604833,114,89,4,0
7045,19629321.419072762,114,84,2,1
7046,7842255.9270601235,110,71,4,0
7047,6702444.299992618,113,72,2,0
7048,10443490.900284195,111,69,0,0
7049,6009885.086283387,110,81,2,0
7050,19980993.203240518,117,83,3,0
7051,4578875.500063108,115,80,5,0
7052,7582801.932694791,115,72,2,0
7053,8805891.99536894,110,83,2,0
7054,2626150.1551230084,106,85,4,0
7055,7860653.452117089,109,72,2,0
7056,17484544.771542836,113,72,2,0
7057,2936795.073183268,115,71,1,0
7058,11946484.16859788,109,72,4,0
7059,8344224.344867596,108,71,2,0
7060,3549591.6193028237,110,70,1,0
7061,336917.8931686921,112,82,1,0
7062,5637346.469951497,112,64,4,0
7063,1341997.8022707438,109,75,4,0
7064,7737663.40770558,112,75,2,0
7065,16539817.665600032,112,77,0,0
7066,14701480.403798202,112,81,4,0
7067,19325489.463754803,106,62,1,0
7068,8758058.289114265,107,74,0,0
7069,14460147.68204391,113,72,2,0
7070,13597893.555758987,109,75,3,0
7071,4494089.506016672,114,76,2,0
7072,6251432.083262736,105,71,2,0
7073,10845966.232428357,107,69,1,0
7074,16264598.171444658,113,80,2,0
7075,9464708.28637945,114,67,0,0
7076,4711284.020038138,115,83,2,0
7077,20261303.851937637,110,72,2,0
7078,2433528.1679077577,126,78,5,0
7079,19498209.57777089,114,79,1,0
7080,16516188.406930994,115,84,6,0
7081,17122314.03269613,118,83,3,0
7082,16229268.310388934,111,77,4,0
7083,4313852.207637741,116,74,2,0
7084,12932629.887191612,116,82,0,0
7085,15454172.491328541,114,79,5,0
7086,15229488.791683497,102,64,1,0
7087,5601240.91886091,105,67,2,0
7088,3764500.078949737,110,86,4,0
7089,6749790.308143099,115,79,3,0
7090,9830889.769711921,112,76,1,0
7091,11738509.899070317,111,75,2,0
7092,17082853.17783258,118,81,2,0
7093,15703639.482534261,98,65,0,0
7094,13817394.415025342,115,73,2,1
7095,5437235.165364405,110,72,2,0
7096,9811313.620171255,120,72,3,0
7097,6898297.557440982,114,71,1,0
7098,4857227.499040427,113,69,0,0
7099,294458.68052354734,107,71,1,0
7100,6980057.913561356,114,75,2,0
7101,5287506.718241448,107,81,4,0
7102,11700363.695111325,105,63,3,0
7103,1351599.4302135138,119,76,3,0
7104,5580003.7621520795,114,76,1,0
7105,995560.8948887434,112,81,3,0
7106,13112058.237697054,108,70,2,0
7107,11624966.279588206,118,69,3,0
7108,6939809.316587172,114,84,4,0
7109,3078412.1318048495,114,69,6,0
7110,19539452.795934368,118,71,3,0
7111,11954008.064589005,103,69,1,0
7112,13877562.602998925,115,79,2,0
7113,10876817.941894721,109,75,3,0
7114,16465154.579900073,117,79,0,0
7115,18289727.49420343,114,79,3,0
7116,7858332.635163227,107,69,1,0
7117,14099158.030654348,118,74,1,0
7118,4754863.081174411,115,83,1,0
7119,13324011.555747813,115,69,2,0
7120,8192292.871311841,113,67,3,0
7121,224118.00800194062,116,71,1,0
7122,19490877.740779214,117,74,4,0
7123,17722363.530182086,109,74,2,0
7124,5992592.329807007,106,76,1,0
7125,20348456.434515238,113,80,3,0
7126,6526501.963824272,117,79,3,0
7127,9404424.200936306,111,73,0,0
7128,17373427.79993959,109,76,2,0
7129,6272020.864229322,117,79,2,0
7130,9235791.879227595,116,72,1,0
7131,13602877.955072224,109,79,1,0
7132,2735882.9152965634,112,71,2,0
7133,8663322.347243927,106,67,2,0
7134,6369773.243964965,116,80,2,0
7135,13830061.893780379,118,78,3,0
7136,2847611.985590006,116,83,2,0
7137,4812617.784990196,117,68,2,0
7138,14532743.39532392,109,73,1,0
7139,3258942.0106094335,113,75,2,0
7140,8656598.369862784,108,72,2,0
7141,14563296.551968064,109,71,3,0
7142,15631225.763650775,112,74,0,0
7143,2013209.0239927743,113,74,2,0
7144,17388386.037846994,107,75,2,0
7145,14788539.902426904,103,73,5,0
7146,6976658.789348339,114,72,5,1
7147,15597402.803981582,107,68,1,0
7148,14876402.037791967,108,71,2,0
7149,12289058.671441691,110,75,3,0
7150,11427812.277056525,111,82,0,0
7151,15006464.571177222,109,71,2,0
7152,20378970.37987369,117,82,2,0
7153,11835407.658207273,116,72,2,0
7154,16509519.052599026,113,74,2,0
7155,15200812.94175793,109,70,4,0
7156,17465814.705142118,116,72,2,0
7157,19470509.075044528,113,74,4,0
7158,4007456.5438312506,108,77,3,0
7159,3446488.1120574637,118,74,4,0
7160,11993798.390718441,106,73,8,0
7161,9210504.419073978,112,77,2,0
7162,11676408.158725321,113,74,1,0
7163,16292732.634837914,118,76,1,0
7164,19007284.975048076,119,91,2,0
7165,8563113.611802239,109,72,1,0
7166,14665888.992641708,118,75,1,0
7167,4082919.187008205,110,70,1,0
7168,10941867.166711923,106,82,2,0
7169,529202.7052556864,105,74,2,0
7170,10316365.01711208,114,74,3,0
7171,11160874.677337002,110,69,2,0
7172,15021529.70085204,112,72,3,0
7173,13275877.325607505,115,80,1,0
7174,7364577.521588495,110,87,4,0
7175,202780.83932178258,115,72,1,0
7176,2431640.9271853976,125,80,0,0
7177,19846926.527371015,121,79,0,0
7178,18816772.845803905,114,82,1,0
7179,6688261.918586667,111,71,2,0
7180,5343081.962798342,110,67,3,0
7181,8948967.525739804,114,74,0,0
7182,14097426.14535013,118,71,1,0
7183,7332713.645269066,113,75,3,0
7184,1452976.5421852143,113,78,1,0
7185,8266201.619323824,105,67,0,0
7186,5378337.064331126,108,70,5,0
7187,6684948.6956728045,112,71,1,0
7188,3395670.5645502633,106,61,4,0
7189,13465860.59427443,109,77,3,0
7190,10781010.33997073,114,82,2,0
7191,5586979.840787137,109,80,2,0
7192,11334017.725374628,109,73,0,0
7193,10092113.877133403,102,71,0,0
7194,16250738.99720027,116,83,0,0
7195,19500146.14805308,114,77,0,0
7196,2740004.4281349536,113,74,2,0
7197,18036561.364271753,110,81,2,1
7198,14399134.303914478,114,71,3,0
7199,14150500.376491731,121,81,9,0
7200,7687552.8988104705,109,73,0,0
7201,7070350.07022343,113,70,3,0
7202,200924.40198174564,115,73,3,0
7203,20032623.712184593,109,66,1,0
7204,12403077.841498926,107,67,0,0
7205,8256728.763197508,105,66,1,0
7206,11129039.727457605,108,66,1,0
7207,909406.7976132595,114,76,4,0
7208,3612834.1396810943,111,72,1,0
7209,12745344.012186794,109,65,4,0
7210,10529821.501723083,112,69,1,0
7211,16070000.674085202,110,76,3,0
7212,13463883.060487727,109,75,3,0
7213,12300115.133519003,104,71,3,0
7214,16642489.816750582,117,78,6,0
7215,1472659.8423057771,110,82,1,0
7216,14116652.707207968,109,76,1,0
7217,14618329.96918801,112,73,2,0
7218,5674311.301481792,113,74,2,0
7219,4059574.557931411,110,78,2,0
7220,4429230.530570249,108,76,3,0
7221,4110165.398231566,101,68,5,0
7222,10723159.219993837,111,69,3,0
7223,2840644.8806926985,112,82,1,0
7224,13474913.5593596,108,67,3,0
7225,2220287.2514280323,118,62,2,0
7226,632464.0595645589,112,80,0,0
7227,6570418.527493772,116,74,4,0
7228,3982610.5256811045,114,75,0,0
7229,20163753.55644579,114,79,2,0
7230,6239527.6744142035,108,71,2,0
7231,4595988.633371723,109,72,0,0
7232,4082322.86769265,110,71,0,0
7233,7678455.24958736,113,75,2,0
7234,12389737.02683555,109,77,5,0
7235,15965831.867529884,112,70,0,0
7236,7490068.608667136,111,74,0,0
7237,12798368.27431695,110,78,3,0
7238,9875879.590298489,110,72,2,0
7239,17276688.893575512,114,70,2,0
7240,11642272.793822639,110,80,1,0
7241,5973404.115852014,112,80,0,0
7242,14374568.583873149,113,74,2,0
7243,16739941.59697579,107,76,2,0
7244,9538382.681299897,108,70,1,0
7245,20134006.64832658,115,81,3,0
7246,17938747.783865515,107,69,1,0
7247,4086076.6496989345,103,69,1,0
7248,16063523.549400005,115,83,1,0
7249,12290277.48975731,109,74,0,0
7250,10947133.911362384,110,82,0,0
7251,10523259.240823243,115,64,1,0
7252,17417132.123168457,107,72,4,0
7253,12491760.247935671,110,66,1,0
7254,11005918.062077202,108,67,5,0
7255,1078627.4424797576,111,74,3,0
7256,9190355.35790888,112,76,3,0
7257,18526544.825395353,115,79,3,0
7258,14540064.804838784,110,66,2,0
7259,1121153.0047731414,113,80,4,0
7260,18038161.669010505,108,81,3,0
7261,16874027.26483666,118,79,3,0
7262,11188244.294869347,103,65,1,0
7263,541401.2247356994,108,76,1,0
7264,11507995.71118321,113,78,0,0
7265,1194972.5902858907,110,73,1,0
7266,6592527.760734097,115,73,2,0
7267,12858044.97682926,115,85,3,0
7268,18625473.742245644,109,75,6,0
7269,7352370.68321059,116,76,2,0
7270,17551418.973284017,113,81,3,0
7271,18736108.054809526,115,72,4,0
7272,513750.70677495614,107,84,2,0
7273,4948604.757943309,110,74,2,0
7274,14501999.627792355,114,71,2,0
7275,15456065.781642238,115,79,1,0
7276,8055444.427467847,107,75,3,0
7277,13423509.974346029,109,79,5,0
7278,12517872.337941265,108,70,2,0
7279,15109454.010209685,106,74,2,0
7280,14680627.887276836,116,73,3,0
7281,1830229.8172690622,122,76,2,0
7282,3300081.3744583814,104,70,0,0
7283,2781769.8156832857,113,84,2,0
7284,19022832.26634003,115,81,2,0
7285,18638258.685693163,114,69,1,0
7286,16279929.406067427,117,73,2,0
7287,2456673.8427831116,120,83,3,0
7288,11748475.302538982,116,77,2,0
7289,3888604.6623822665,114,68,5,0
7290,7567393.6503691375,111,69,2,0
7291,5510382.809441927,110,64,2,0
7292,16919998.799654864,116,85,1,0
7293,3019861.240877593,112,68,2,0
7294,13208748.084465975,113,80,1,0
7295,20066939.274100885,109,75,1,0
7296,14038829.654881487,121,72,6,0
7297,1695442.001357735,112,74,3,1
7298,18522644.54605417,113,80,3,0
7299,13145804.862649243,114,69,2,0
7300,9352980.84943063,112,74,2,0
7301,13483170.97722162,109,71,2,0
7302,17937680.64550612,108,67,8,0
7303,9775708.893611716,117,72,2,0
7304,10876264.144357627,109,75,2,0
7305,9274520.804358512,110,65,2,0
7306,1560557.6492104637,106,73,2,0
7307,16069905.309590025,110,75,2,0
7308,2653519.1251810086,113,69,2,0
7309,8099169.94093089,112,83,3,0
7310,7941843.619463521,105,65,4,0
7311,5773356.389380639,111,72,1,0
7312,8260353.7098134905,108,71,1,0
7313,12636681.810002206,112,81,3,0
7314,6409928.981389327,108,79,3,0
7315,3589703.4260015185,109,73,0,0
7316,17741167.656377368,108,73,4,0
7317,19801681.120238762,120,86,0,0
7318,9399136.861750768,111,72,3,0
7319,6727385.510408911,110,75,3,0
7320,1050647.0426891698,111,69,2,0
7321,834766.346092715,112,78,1,0
7322,8064890.414768566,105,76,2,0
7323,18977382.81084869,114,77,0,0
7324,14925336.81598161,104,77,1,0
7325,7179223.650660151,117,82,2,0
7326,19745099.58402722,119,79,3,0
7327,8793443.996156078,112,83,1,0
7328,5707396.327539515,112,72,1,0
7329,8744611.152564356,105,62,1,0
7330,4382335.236296882,117,74,1,0
7331,18071597.88972968,116,83,2,0
7332,7420963.118638287,113,79,3,0
7333,13448170.54336488,112,79,1,0
7334,7987014.894902506,106,75,1,0
7335,18398400.943444964,115,83,4,0
7336,13131611.353540331,108,72,2,0
7337,10001624.087076517,111,70,0,0
7338,2769906.5609469498,116,79,3,0
7339,18402162.822537422,117,87,0,0
7340,11190938.234115815,104,67,1,0
7341,5875141.753711282,115,78,1,0
7342,17914988.1482569,107,80,0,0
7343,1191954.4233546758,107,75,0,0
7344,6464548.406362009,116,73,7,0
7345,10988096.440252732,110,79,2,0
7346,6987213.610632777,107,73,2,0
7347,9767728.564531693,113,81,4,0
7348,5454028.725836689,118,82,4,0
7349,2728075.3774289023,112,72,0,0
7350,834819.1053755779,112,78,5,0
7351,3287823.381609813,109,71,0,0
7352,19438456.62821027,107,68,1,0
7353,11771456.670549149,115,69,2,0
7354,10016006.640094528,113,68,0,0
7355,7891094.7990846075,111,82,0,0
7356,14472712.956572196,117,65,1,0
7357,2955040.932910581,111,66,0,0
7358,5693934.900343228,114,69,0,0
7359,13406197.885283627,110,75,2,0
7360,9815047.490250975,119,80,2,0
7361,15725131.24416559,103,70,4,1
7362,18304547.86713413,115,89,4,0
7363,16807121.236518733,112,72,2,0
7364,3827216.5781212416,102,74,3,0
7365,1943940.9549876691,116,87,4,0
7366,3527331.939628627,116,78,1,0
7367,15998027.872740842,108,63,1,0
7368,18644116.23298217,108,72,3,0
7369,18880045.425782856,110,82,2,0
7370,6142446.964219261,113,78,1,0
7371,17151716.568148136,116,74,6,0
7372,10976056.75101473,113,82,1,0
7373,16795327.739516057,111,80,5,0
7374,11222373.87311611,114,75,2,0
7375,3049141.1499864203,114,82,2,0
7376,1695158.9553720332,113,75,0,0
7377,19525223.594483584,116,70,1,0
7378,8733427.994989932,109,72,4,0
7379,7204633.048316771,117,82,1,0
7380,7322060.524240941,109,72,3,0
7381,7781648.454479296,113,77,2,0
7382,19277017.58214706,123,83,1,0
7383,1359779.679148734,119,78,7,0
7384,2504248.999644778,113,67,4,0
7385,16122327.115799202,108,78,5,0
7386,11243588.186339,110,83,3,0
7387,2696673.0659678285,113,60,6,0
7388,786202.6736397437,116,82,2,0
7389,4640061.4511152385,108,79,0,0
7390,5382840.137125101,107,75,1,0
7391,375032.5193899996,104,72,2,0
7392,4474680.216336388,119,83,3,0
7393,15079885.644054553,106,73,2,0
7394,17458205.195672415,117,76,3,0
7395,18327413.936631523,116,84,2,0
7396,8004618.209312022,111,79,1,0
7397,6572926.180159087,119,74,3,0
7398,20391174.1610665,121,83,1,0
7399,15709858.141135257,99,65,2,0
7400,10998731.118238252,113,73,4,0
7401,5260196.346483191,110,79,2,0
7402,6611342.615009552,113,80,3,0
7403,10552213.050287664,115,72,1,0
7404,11094803.101942647,101,54,3,0
7405,364180.4364521397,111,81,2,0
7406,19569513.171658996,118,86,2,0
7407,11775581.428716611,110,70,2,0
7408,12050789.964162916,110,71,3,0
7409,4380871.195819059,121,80,5,0
7410,15621453.63222422,109,77,2,0
7411,15058472.968217105,106,71,3,0
7412,2018830.0607145866,114,77,4,0
7413,12169307.714105556,115,79,1,0
7414,13452735.302661069,110,81,3,0
7415,17054784.261976473,107,67,4,0
7416,4271617.224989301,114,78,4,0
7417,17909056.399625767,108,81,2,0
7418,9457973.01180917,115,74,2,0
7419,2046563.051411312,112,75,1,0
7420,2231313.5179542643,114,69,3,0
7421,4103333.7234132583,109,74,1,0
7422,5828388.236867251,117,76,0,0
7423,10167210.514647827,107,77,6,0
7424,15291739.823317425,109,68,1,0
7425,3878354.927849823,116,71,4,0
7426,20244775.581978787,111,64,0,0
7427,3366522.7816188,113,76,1,0
7428,12258328.017314281,111,76,5,0
7429,18950950.795500822,114,81,4,0
7430,16992627.740813453,119,88,1,0
7431,13243474.751694785,117,72,3,0
7432,14616345.58163085,113,71,1,0
7433,2811794.1848818557,113,76,1,0
7434,282633.430541617,104,75,3,0
7435,8902919.853276705,115,75,4,0
7436,1904314.548507723,116,72,3,0
7437,7351495.926300871,117,74,1,0
7438,4630079.154696803,112,79,1,0
7439,18695202.69941917,118,69,2,0
7440,17958225.20545603,101,73,1,0
7441,16717163.790828306,114,75,3,0
7442,14584895.234471893,113,79,0,0
7443,3215231.107472939,107,70,2,0
7444,1068626.3442818904,112,71,0,0
7445,13365293.062169954,111,69,3,0
7446,13129121.346497046,114,74,2,0
7447,7588520.605080098,111,75,4,0
7448,9685531.747307532,117,80,0,0
7449,10019850.116581792,112,70,5,0
7450,4958764.548562953,105,70,2,0
7451,6466369.887974491,116,81,3,0
7452,8582887.720284525,104,73,4,0
7453,12335518.4678326,115,71,0,0
7454,19496794.1081188,114,76,1,0
7455,11021730.056268856,104,65,4,1
7456,14934584.20943952,110,84,2,0
7457,16474655.587007936,115,76,3,0
7458,2391477.524285583,115,75,4,0
7459,13349794.49881841,108,69,2,0
7460,9876911.66263875,112,70,0,0
7461,11711098.602793295,112,74,3,0
7462,866555.7648234499,116,84,1,0
7463,18489466.69150968,116,80,5,0
7464,19435159.39591841,106,70,4,0
7465,157109.51341762167,114,79,4,0
7466,4407686.534542186,120,78,4,0
7467,3745711.2020118725,110,79,2,0
7468,15952819.61511231,103,65,3,0
7469,12231970.608419202,108,73,0,0
7470,3687621.100764709,96,62,1,0
7471,16616196.57223329,117,72,3,0
7472,7264626.306682417,119,76,2,0
7473,9445297.101009805,117,73,2,0
7474,7951667.618209539,107,64,0,0
7475,10674380.680325912,113,70,1,0
7476,9836941.199986223,112,72,0,0
7477,5662542.09246782,113,66,5,0
7478,8708114.187009912,109,72,1,0
7479,18532547.504381187,113,75,4,0
7480,10298972.965965917,113,77,1,0
7481,18696008.668293435,118,71,1,0
7482,11258160.036268098,104,57,2,0
7483,15699234.064691233,104,57,1,0
7484,6048534.880045586,117,90,2,0
7485,16137800.990425818,110,76,3,0
7486,5454137.587853893,118,82,4,0
7487,483413.00413683866,104,76,1,0
7488,3350419.086475319,110,78,5,0
7489,526117.9250005912,111,79,1,0
7490,19318969.306474376,108,69,1,0
7491,20393533.339834366,119,83,1,0
7492,15565467.301479777,111,81,1,0
7493,2282223.498201741,114,73,2,0
7494,18341824.830251314,120,98,3,0
7495,15190709.219294742,112,62,2,0
7496,6833488.72097944,114,70,2,0
7497,10286458.92185107,109,79,1,0
7498,13525143.99861156,109,68,1,0
7499,574807.4397825229,108,75,2,0
7500,10271492.22655983,107,79,1,0
7501,14959593.500368936,114,76,2,0
7502,3908805.5623219684,107,73,1,0
7503,9098721.449988903,111,71,3,0
7504,10900808.85143595,114,72,1,0
7505,15023967.347599303,115,76,1,0
7506,19672140.17730211,109,78,3,0
7507,17312840.51865195,112,69,2,0
7508,12707947.470661737,119,64,3,0
7509,11938741.368275374,115,71,3,0
7510,12335674.088242568,115,71,0,0
7511,11157669.803677622,111,72,4,0
7512,1291917.627146116,113,81,2,0
7513,14267123.862739433,105,75,1,0
7514,14633481.202311926,109,74,2,0
7515,10493646.204773886,113,73,2,0
7516,17761883.33547268,110,70,5,0
7517,13741977.615661524,110,69,0,0
7518,7451248.805897158,112,74,3,0
7519,486345.0551396249,104,78,0,0
7520,1287831.0524162878,114,85,3,0
7521,7230578.378116739,111,79,1,0
7522,9470650.102004772,113,68,4,0
7523,3475151.9465292925,102,73,7,0
7524,3931203.515508244,110,71,3,0
7525,4761440.18954725,115,79,6,0
7526,15936752.694779115,103,65,2,0
7527,15749404.958912192,109,69,1,0
7528,7862971.740188855,110,71,3,0
7529,3586706.9154632767,110,75,4,0
7530,2338683.120514908,118,88,0,0
7531,1855787.217329175,116,82,3,0
7532,8032342.515564089,102,76,2,1
7533,1011257.5189119644,112,65,2,0
7534,6861726.879946761,111,73,3,0
7535,19612832.4762284,117,85,2,0
7536,10392600.731962422,113,72,2,0
7537,16792338.633146282,110,79,3,0
7538,2711481.1228654063,112,74,5,0
7539,5530436.681663322,110,74,1,0
7540,19308486.577221915,118,84,3,0
7541,7875418.502177377,110,71,3,0
7542,13253972.29407715,118,84,0,0
7543,19909192.1805222,121,86,3,0
7544,11271577.440462045,110,63,1,0
7545,6287243.398557478,111,83,7,0
7546,10888996.4640921,117,75,3,0
7547,1195950.3891313586,108,73,2,0
7548,2368362.4551247354,115,65,3,0
7549,232027.93295947666,113,71,6,0
7550,18042583.84008548,112,85,1,0
7551,13718494.437921427,107,76,0,0
7552,6144761.538409796,111,73,1,0
7553,4577657.636694259,115,79,2,0
7554,13958046.385671731,110,73,1,0
7555,18759889.358833604,117,84,2,0
7556,6161197.005449843,117,78,1,0
7557,6616493.76978301,115,81,2,0
7558,17433978.950945064,112,73,4,0
7559,18228718.718640886,111,70,2,0
7560,18648288.98455241,108,74,2,0
7561,6039658.394516755,113,83,4,0
7562,2529659.4977196148,110,72,1,0
7563,9021694.693117592,111,71,2,0
7564,6092674.575341049,111,67,3,0
7565,18035610.722948037,110,80,4,0
7566,830367.7441696678,115,81,1,0
7567,12958991.025185565,119,82,3,0
7568,18488768.703066397,116,79,2,0
7569,19920231.140950866,117,76,2,0
7570,13288992.15830494,115,87,1,0
7571,19377055.442027684,117,77,4,0
7572,1622862.1032048163,113,74,2,0
7573,7382480.939153238,112,75,3,0
7574,263374.58743237704,112,73,2,0
7575,20011887.572142266,108,80,2,0
7576,18418608.24020262,111,72,2,0
7577,656080.0912659739,108,77,2,0
7578,454630.6124767435,105,78,2,0
7579,7538669.698514441,110,74,2,0
7580,5336685.614402917,108,73,3,0
7581,17285561.913329836,117,65,2,0
7582,3345453.067883671,115,77,2,0
7583,16142593.02874393,108,74,3,0
7584,11346145.803530393,106,67,1,0
7585,7750321.13698393,102,63,0,0
7586,3045618.6333767623,115,85,0,0
7587,20347115.964906614,113,80,2,0
7588,12636214.949226199,113,81,5,0
7589,9009198.6260978,111,83,2,0
7590,7623109.967450254,108,70,1,0
7591,18479566.616359156,117,81,4,0
7592,16762834.764014699,113,81,2,0
7593,16559636.51586654,117,62,2,0
7594,12599912.109531088,113,87,1,0
7595,18118667.098753266,118,78,1,0
7596,6164025.469706157,116,76,2,0
7597,14376982.710442014,111,75,1,0
7598,8299762.973397597,113,76,4,0
7599,12270935.804706804,117,77,6,1
7600,20356491.875242323,111,73,3,0
7601,20079735.436042096,111,73,1,0
7602,10496461.938814351,110,80,3,0
7603,11740189.441182392,114,79,0,0
7604,18308851.558932655,117,93,5,0
7605,20102295.795446362,112,80,3,0
7606,15898055.812609376,108,71,1,0
7607,1410139.8984406888,115,70,3,0
7608,6638438.669161452,116,84,3,0
7609,18293429.374165643,116,87,0,0
7610,15689795.347809218,106,75,1,0
7611,15159372.313135657,108,73,0,0
7612,13650317.795054821,114,72,2,0
7613,8519412.15279459,109,74,5,0
7614,8275263.437032064,104,69,3,0
7615,16513877.384998951,115,83,2,0
7616,6052372.653048354,118,87,4,0
7617,13993691.738062289,122,82,2,0
7618,14833952.210284341,111,75,2,0
7619,17237305.20955818,114,77,2,0
7620,6582508.621841792,118,79,3,0
7621,15152390.475243473,108,74,0,0
7622,2248954.2440689416,114,71,0,0
7623,2890102.3668637,108,57,1,0
7624,8561493.36942537,108,71,2,0
7625,1207902.9759118196,112,73,1,0
7626,19331878.432989504,118,67,2,0
7627,18401739.36149989,118,87,2,0
7628,1080125.9152606123,109,71,2,0
7629,17110499.12349964,114,82,3,0
7630,10420413.177750599,107,72,2,0
7631,14341581.551934702,112,79,0,0
7632,18097843.41363987,120,85,4,0
7633,11803367.093779072,106,75,0,0
7634,2448724.221740141,117,84,4,0
7635,138765.390317399,120,67,2,0
7636,10177683.708349476,105,76,2,0
7637,19363026.446328655,110,78,3,0
7638,11714975.919972137,113,79,3,0
7639,7659898.8406405235,110,67,0,0
7640,714351.9540723561,114,77,6,0
7641,18667436.01431878,123,84,3,0
7642,6730166.606040778,116,79,1,0
7643,14398737.554946447,114,71,1,0
7644,14184691.405598784,114,76,4,0
7645,5242157.687811985,108,76,1,0
7646,1381568.0902018258,122,76,1,0
7647,7904833.68991633,109,74,0,0
7648,6526569.77660032,117,79,2,0
7649,14306926.845739644,112,73,1,0
7650,16734215.008861749,107,79,1,0
7651,4603732.558223172,106,70,3,1
7652,10813505.272592079,120,87,3,0
7653,911058.0754198317,112,77,3,0
7654,4437421.549803571,112,78,3,0
7655,15555949.976238733,108,82,1,0
7656,16198415.733163888,112,85,3,0
7657,15853311.28199384,114,81,3,0
7658,2977957.0254917946,106,70,1,0
7659,11276592.83153763,111,71,3,0
7660,8670593.397150444,107,67,2,0
7661,20221107.12079598,116,76,6,0
7662,13368989.272889066,112,75,5,0
7663,19078109.991227906,114,78,1,0
7664,3038115.8539893473,119,83,1,0
7665,9242554.080810212,112,65,1,0
7666,15755898.499909937,112,73,4,0
7667,7556707.597750205,109,73,2,0
7668,12931129.536489796,118,83,5,0
7669,10477843.035695352,111,77,1,0
7670,20230105.6706353,115,82,1,0
7671,3617333.9946339745,112,70,3,0
7672,19081087.1652861,117,81,0,0
7673,8241342.301455829,108,70,2,0
7674,9590213.964003546,120,76,3,0
7675,10821035.613222616,113,68,3,0
7676,5475357.739277366,108,75,4,0
7677,19655969.88156294,110,77,0,0
7678,18596517.56902601,112,81,3,0
7679,19843767.613052268,118,79,1,0
7680,20331443.90460211,109,82,2,0
7681,13688432.412897108,108,79,1,0
7682,9259048.37462474,115,74,3,0
7683,17362763.778026357,111,71,3,0
7684,569819.9371492289,109,78,2,0
7685,17031143.57842394,111,78,3,0
7686,10185085.66526744,113,82,3,0
7687,13757883.021999214,110,76,0,0
7688,7682377.795319107,110,73,2,0
7689,7572251.55946575,111,66,2,0
7690,730499.2524223834,108,81,4,0
7691,8692546.23738023,106,64,3,0
7692,8379093.658897587,107,69,3,0
7693,4651367.780296044,106,78,1,0
7694,5108942.109736182,117,81,5,0
7695,11948872.943794351,107,73,4,0
7696,6539575.346515212,114,77,1,0
7697,16946823.667559512,118,76,3,0
7698,2348364.1960105635,118,78,2,0
7699,11816982.517067356,111,74,5,0
7700,3336524.3008500347,112,75,4,0
7701,10813699.35525397,119,87,1,0
7702,11307280.853832291,109,75,4,0
7703,13129924.498889897,111,69,0,0
7704,8766374.859239016,111,70,2,0
7705,10432608.115730846,109,64,2,0
7706,3761113.3463324723,110,82,3,0
7707,9489130.516305488,109,64,0,0
7708,7661751.929571214,108,64,2,0
7709,13613924.02087989,113,76,8,0
7710,8916585.632077241,112,80,2,0
7711,15912958.51144592,108,66,4,0
7712,8737277.140995111,107,70,3,0
7713,4874346.672285963,111,74,1,0
7714,5644361.029123353,106,60,0,0
7715,1006034.2370709189,110,75,3,0
7716,11050855.238159042,105,68,3,0
7717,16959596.637894176,115,69,4,0
7718,15705212.897368487,98,69,0,0
7719,8976853.36661514,118,85,2,0
7720,4069133.724132696,105,79,3,0
7721,17621696.68070735,110,76,4,0
7722,1239486.526973631,115,78,4,0
7723,8193655.414322168,114,67,5,0
7724,17482197.665476326,112,69,0,0
7725,8070874.897129459,107,80,1,0
7726,2480167.9099440393,115,74,1,0
7727,5487196.073222289,108,68,4,0
7728,12271557.891139098,117,76,0,0
7729,3173884.3990982673,111,73,2,0
7730,13386564.643383823,111,74,2,0
7731,8984417.234021803,117,92,3,0
7732,6877048.22686283,117,77,3,0
7733,4979018.288272203,107,74,6,0
7734,16806256.020783715,113,74,4,0
7735,8141895.855507773,107,76,1,0
7736,15083141.53422503,103,71,1,0
7737,9028957.110002948,111,69,2,0
7738,1952002.0844219618,118,80,3,0
7739,9032019.141306657,110,67,3,0
7740,10396320.355762,111,67,4,0
7741,9384076.1285861,114,75,2,0
7742,16662310.18549922,119,79,3,0
7743,18583604.85582622,108,75,1,0
7744,16063986.624715593,115,83,0,0
7745,11921301.757339286,115,71,3,0
7746,11081949.218964498,100,67,1,0
7747,13177004.493339216,106,70,4,0
7748,5931542.527972242,108,80,1,0
7749,16573061.012849037,117,70,1,0
7750,17486930.051504105,114,75,0,0
7751,5512939.263031342,114,66,4,0
7752,18420471.04362544,110,76,1,0
7753,17322124.665733185,111,73,3,0
7754,8706707.479327826,109,75,1,0
7755,18546012.50401864,102,70,1,0
7756,2532226.9107265826,112,73,2,0
7757,654739.849790665,109,79,1,0
7758,7150740.3474338185,111,72,3,0
7759,11569041.997506192,115,85,5,1
7760,7223356.038887633,116,76,3,0
7761,19217534.708304502,114,84,0,0
7762,5258953.447560264,110,78,1,0
7763,5797169.111722687,117,86,2,0
7764,12978225.2245159,115,74,1,0
7765,164866.1770424735,114,72,2,0
7766,14861337.59639626,111,71,0,0
7767,7751899.2748626,104,63,3,0
7768,19942112.596952997,114,78,5,0
7769,14127431.912210923,118,82,2,0
7770,1146760.4218301903,110,75,1,0
7771,1967448.4888085036,111,74,0,0
7772,1876882.648173042,109,76,1,0
7773,19431871.804981638,108,71,1,0
7774,13977845.078430284,112,77,5,0
7775,8770051.75362079,110,69,5,0
7776,4157722.2730077184,110,80,1,0
7777,17827926.514719717,113,88,3,0
7778,4179517.1567785135,105,77,2,0
7779,14437358.85650431,118,81,1,0
7780,15587685.804518268,104,66,2,0
7781,6070157.990040089,118,82,4,0
7782,10340006.516566535,111,72,2,0
7783,4614777.149609015,104,74,1,0
7784,7781551.911743274,113,77,2,0
7785,19685963.306511108,118,83,3,0
7786,14162369.952548308,122,78,4,0
7787,17279102.653634503,114,70,2,0
7788,11064679.85751799,107,72,0,0
7789,4940723.46771288,111,80,4,0
7790,14563278.9772547,109,71,5,0
7791,10251733.920550507,113,71,2,0
7792,3677776.073970905,100,71,3,0
7793,8461861.226410765,111,72,2,0
7794,12978481.231695535,117,74,2,0
7795,15019225.212760221,112,78,5,0
7796,5025630.634622906,109,69,1,0
7797,17875803.568570476,117,85,2,0
7798,7794172.0620297305,107,75,2,0
7799,5592536.012278778,108,69,2,0
7800,4048820.0381320617,105,73,2,0
7801,16417189.790521827,117,79,0,0
7802,7278632.52258081,113,75,0,0
7803,9903074.098737022,110,76,2,0
7804,4611335.849005761,110,72,4,0
7805,14019263.036870195,114,79,3,0
7806,15947314.027211571,103,69,0,0
7807,6979312.18564488,114,74,2,0
7808,19278694.126368284,122,79,1,0
7809,708028.0147054504,111,79,0,0
7810,2786155.3640479017,113,77,1,0
7811,12043251.522117823,109,61,1,0
7812,14330289.991733674,112,72,1,0
7813,5177169.877754166,114,82,3,0
7814,11338254.207230749,107,73,1,0
7815,6552060.550446623,116,79,5,0
7816,11338622.764385005,108,72,1,0
7817,13475762.748965334,105,67,1,0
7818,19841796.82865899,117,76,1,0
7819,9340509.55456619,108,67,0,0
7820,13250112.059415089,116,78,3,0
7821,11824989.83105881,117,76,1,0
7822,6535177.763111277,113,80,2,0
7823,5225525.160864626,109,69,4,0
7824,20147683.46890315,118,77,1,0
7825,4287075.020489693,112,77,2,0
7826,16134994.013636772,106,77,2,0
7827,3063238.1018932066,117,74,3,0
7828,16420843.837680537,118,82,3,0
7829,3858098.928854546,111,72,3,0
7830,19727030.26402271,118,85,1,0
7831,14017162.934652667,114,81,4,0
7832,1916485.2452712625,114,76,1,0
7833,14163163.671125809,124,78,1,0
7834,12344489.002262643,112,70,5,0
7835,6941154.159362231,114,82,4,0
7836,5381322.348044258,106,73,1,0
7837,14682706.451428775,113,71,2,0
7838,15141670.217316695,107,71,3,0
7839,6731165.498188532,115,79,2,0
7840,17880469.676084306,114,80,3,0
7841,5545635.630299925,118,83,4,0
7842,1505178.8169260721,99,62,0,0
7843,12268276.245620536,112,76,1,0
7844,2260746.364835328,117,74,4,0
7845,5704783.1514980765,113,73,2,0
7846,10386138.395470459,113,76,4,1
7847,5901676.666983057,106,69,2,0
7848,4452459.723329294,122,86,2,0
7849,14366408.131738069,111,77,2,0
7850,11194643.825461257,103,69,2,0
7851,17139935.5249674,110,68,0,0
7852,11889981.192425577,113,74,0,0
7853,9904052.59781718,109,75,1,0
7854,5391889.485971242,104,78,1,0
7855,16171356.96500403,109,75,3,0
7856,4084377.693521744,108,72,2,0
7857,5005477.67867855,102,65,2,0
7858,17177044.587422643,118,78,2,0
7859,15138241.335498529,105,71,1,0
7860,12532389.664800512,112,71,2,1
7861,876782.5710014185,115,78,3,0
7862,2670696.8090789113,115,82,0,0
7863,10239336.118505903,114,74,1,0
7864,15242752.322521158,105,67,1,0
7865,9511174.709661871,119,73,2,0
7866,437579.822605649,113,83,2,0
7867,3828481.4249263485,102,74,1,0
7868,12042838.62920754,109,63,3,0
7869,14184282.361319853,115,75,0,0
7870,765248.8032282694,107,77,1,0
7871,966363.9165744566,117,88,0,0
7872,5392981.300641636,104,78,1,0
7873,1782119.029232206,111,70,2,0
7874,11092027.304889973,100,52,3,0
7875,2598490.368783484,112,80,2,0
7876,13250178.965444127,116,78,2,0
7877,15869980.894370753,111,80,1,0
7878,19795264.20081228,122,81,0,0
7879,19346269.214154046,112,68,3,0
7880,5637790.124917936,112,66,2,0
7881,683638.4462303445,109,72,1,0
7882,6775971.5199113395,114,75,1,0
7883,14473930.858769078,115,66,0,0
7884,1300819.0374230188,118,79,3,0
7885,7391300.766928305,115,74,2,0
7886,6138766.3777635675,115,82,4,0
7887,4540783.433957451,113,65,2,0
7888,14426220.914761351,114,84,5,0
7889,13471078.33923298,113,73,4,0
7890,10960999.864011832,115,78,6,1
7891,18582047.07279801,109,71,1,0
7892,2180902.5657052808,115,70,3,0
7893,3126228.8950120895,111,78,0,0
7894,7873342.705716154,112,74,3,0
7895,13405790.35641104,113,77,3,0
7896,11947648.635202931,107,72,3,0
7897,1590029.2800237753,107,73,3,0
7898,19549707.544561762,119,69,5,0
7899,6281534.266771354,116,78,4,0
7900,7376272.251661557,108,75,4,0
7901,12750824.507054228,107,63,1,0
7902,19280443.262365308,122,81,1,0
7903,13544007.684413606,113,80,3,0
7904,19475554.867122956,116,75,3,0
7905,3895925.4045587587,113,76,1,0
7906,12652944.513610775,114,73,5,0
7907,16918940.984666843,112,83,3,0
7908,10423465.291532135,111,70,2,0
7909,7441278.139271914,112,80,1,0
7910,20084482.324475348,113,77,4,0
7911,2949514.513839223,116,68,0,0
7912,8431392.473240947,111,74,1,0
7913,17822524.817500863,105,80,3,1
7914,18373002.80774364,116,72,1,0
7915,19995607.565635268,115,80,3,0
7916,18055530.964668155,108,71,2,0
7917,1121214.8887574188,113,79,1,0
7918,18967726.16783518,112,80,3,0
7919,8781448.056212433,112,71,0,0
7920,13319221.811193284,119,76,3,0
7921,8093196.640698188,115,85,3,0
7922,16610045.8326373,112,67,1,0
7923,11781938.295852205,108,69,2,0
7924,17257382.383129697,114,79,1,0
7925,4021433.5350551326,106,74,4,0
7926,3842962.6950446535,109,79,2,0
7927,9029395.93586322,111,69,2,0
7928,182892.47448006974,110,72,0,0
7929,14156580.66685125,118,80,0,0
7930,6098540.682833964,109,70,0,0
7931,11403812.203184562,109,74,2,0
7932,1508004.3044146942,98,60,2,0
7933,3551777.3925999957,107,71,2,0
7934,12735174.881137403,110,65,3,0
7935,6293674.366320219,115,75,3,0
7936,4446887.321252015,118,80,0,0
7937,4733723.199803827,115,83,3,0
7938,4448865.731099471,119,81,3,0
7939,12735007.940655801,110,65,0,0
7940,3491806.1069599474,107,73,0,0
7941,7452095.659681542,109,72,2,0
7942,14055731.31172559,113,74,1,0
7943,10517826.364193149,117,69,4,0
7944,12215741.011360217,110,66,2,0
7945,5181718.57615802,118,84,2,0
7946,19027600.55828973,116,83,4,0
7947,8491294.223108817,106,74,4,0
7948,5913948.839148645,112,79,4,0
7949,18451094.41538583,113,70,1,0
7950,13393759.390943065,115,81,3,0
7951,12554167.010270396,106,68,2,0
7952,18093852.622329675,117,84,3,0
7953,1275212.7174847662,119,84,0,0
7954,17097660.458045136,116,79,4,0
7955,13852198.364562267,110,72,2,0
7956,7396989.679276955,114,80,2,0
7957,5292280.52343745,104,62,4,0
7958,2214756.29243472,113,67,2,0
7959,19197357.819701683,118,84,2,0
7960,2968294.229574889,99,68,4,0
7961,5354974.008208506,114,77,2,0
7962,14121128.159824967,113,77,2,0
7963,14507891.647613583,113,69,2,0
7964,3351226.545587637,110,75,1,0
7965,16619449.96036406,118,71,5,0
7966,10449109.747525899,114,81,6,0
7967,17316518.836490385,112,71,4,0
7968,1858956.7828679953,116,80,0,0
7969,956174.4895950124,117,81,3,0
7970,13022145.871234657,114,80,3,0
7971,3133023.2621873165,113,83,1,0
7972,10746855.241133561,107,70,3,0
7973,372915.04004608927,104,73,2,0
7974,15924891.45150863,103,66,2,0
7975,18353698.883916937,120,98,7,0
7976,17122095.576865975,118,81,1,0
7977,19548245.588333435,119,72,3,0
7978,18426107.347308837,109,77,3,0
7979,9103340.308233421,111,72,1,0
7980,8175896.077790198,114,77,5,0
7981,18285739.455698907,112,81,3,0
7982,18910302.280596424,111,78,5,0
7983,19842363.30406337,117,75,3,0
7984,15689079.078293294,109,77,3,0
7985,4188308.3629175755,108,66,2,0
7986,19276150.61448211,123,81,4,0
7987,19320570.051517062,107,69,0,0
7988,13613929.285799058,113,76,7,0
7989,17495704.736918796,112,81,2,0
7990,11482546.290429078,106,75,3,0
7991,19259352.3566431,114,81,2,0
7992,1994022.767433551,117,80,4,0
7993,17631429.16273413,114,75,3,0
7994,1213545.497034611,124,80,2,0
7995,6972850.373622674,115,73,3,0
7996,2834539.019973693,110,75,1,0
7997,9816483.803699836,119,78,3,0
7998,4802762.078047883,116,76,0,0
7999,19420705.05056308,115,67,1,0
8000,11444873.91529998,109,74,2,0
8001,18317156.700561523,120,90,1,0
8002,5733100.166103153,108,67,3,0
8003,613941.8963707783,118,81,3,1
8004,15838091.552811608,109,75,3,1
8005,14350004.567646816,113,78,3,0
8006,11164026.143693253,110,69,1,0
8007,16644054.018248959,118,84,0,0
8008,17146497.405989215,115,77,2,0
8009,12025305.217909867,118,71,6,0
8010,19702075.22585301,114,81,5,0
8011,14702022.347433636,113,81,5,0
8012,13832114.3889602,115,75,0,0
8013,7426009.194563947,111,77,1,0
8014,132266.31077751567,117,75,2,0
8015,4979367.444373409,106,75,0,0
8016,15599792.084188778,109,67,2,0
8017,14502181.486608358,113,70,2,0
8018,6808665.30835162,106,67,4,0
8019,12790488.8137368,111,76,4,0
8020,4052220.0181486807,107,69,3,0
8021,5440046.271828039,111,77,2,0
8022,19325984.60773434,107,65,2,0
8023,8477105.802946879,112,74,0,0
8024,5061510.069983418,113,71,0,0
8025,9978399.433507502,106,67,2,0
8026,7945763.680369917,104,67,0,0
8027,14901383.878870698,108,69,3,0
8028,19624669.044174217,118,88,3,0
8029,12103166.920917023,116,83,6,0
8030,12091180.613440096,117,73,3,0
8031,7495300.069413004,106,76,3,0
8032,11552699.114181507,114,80,2,0
8033,6571202.887043447,118,74,2,0
8034,108577.40830531495,116,76,2,0
8035,17674734.640347123,110,71,2,0
8036,8807378.71114058,110,86,1,0
8037,10079536.119082544,104,67,4,0
8038,1782103.1901035793,111,70,5,0
8039,17086105.46203134,116,85,2,0
8040,3545537.0903999545,114,75,1,0
8041,8425130.244128374,107,71,2,0
8042,17150176.623554476,115,76,5,0
8043,9382872.83668007,114,75,2,0
8044,18995869.167718757,121,85,2,0
8045,4337071.148145998,114,83,3,0
8046,14611062.217589514,115,70,3,0
8047,19947202.817082137,112,81,3,0
8048,11247733.899215184,109,80,0,0
8049,14142993.74010275,122,85,1,0
8050,8071889.712513439,108,82,1,0
8051,15344258.160208933,109,69,2,0
8052,18543450.79026128,106,72,3,0
8053,14363771.233435327,111,78,1,0
8054,19092865.899240375,118,77,3,0
8055,12040522.595599027,109,65,2,0
8056,11806676.285701975,109,74,2,0
8057,6272651.146765484,115,79,2,0
8058,14497231.239557698,113,66,2,0
8059,17996739.0308153,103,73,3,0
8060,13211531.393735884,112,72,1,0
8061,4818867.276227783,115,63,3,0
8062,11135950.258122122,105,72,2,0
8063,15437674.688482556,107,75,2,0
8064,19162614.453109916,113,90,0,0
8065,3266489.9352436014,109,71,2,0
8066,2675559.924512526,112,77,4,0
8067,8472292.034557762,116,73,1,0
8068,2637261.3849789165,113,78,1,0
8069,19996558.183588944,115,80,2,0
8070,8703003.369027298,104,77,6,0
8071,10922748.977023385,104,70,2,0
8072,4698007.827381083,108,74,3,0
8073,9207073.666338544,114,81,1,0
8074,20083170.55158771,115,70,3,0
8075,10010463.19509987,114,69,1,0
8076,265592.75566718413,110,78,1,0
8077,5011552.073317706,109,68,6,0
8078,19956469.31542527,110,84,2,0
8079,20171987.43533979,111,61,3,0
8080,4361009.46984789,118,72,5,0
8081,12580936.990297839,106,77,2,0
8082,1648223.6125717547,107,69,1,0
8083,11812853.898108551,105,76,1,0
8084,2643547.2375059766,110,71,2,0
8085,16711450.75752564,112,77,0,0
8086,19166913.01823134,117,91,1,0
8087,3599346.9031456737,108,68,2,0
8088,9482973.634956248,110,62,2,0
8089,2158648.3958234806,118,72,6,1
8090,6973519.607635147,113,72,4,0
8091,1408379.1645748676,114,75,0,0
8092,5458705.072366701,115,81,1,0
8093,20195466.1417827,116,68,2,0
8094,992185.3114561002,115,78,2,0
8095,17529985.250564117,111,77,2,0
8096,1659275.9679992597,110,74,2,0
8097,10829058.078358902,109,71,4,0
8098,9267867.896697566,112,73,1,0
8099,19004039.41383525,119,92,0,0
8100,4128624.9833406853,103,71,3,0
8101,3735310.4955234784,114,76,2,0
8102,15290986.225000111,110,70,4,0
8103,14824020.771932747,103,74,0,0
8104,14285103.72245956,113,76,3,0
8105,616979.0243822389,117,80,5,0
8106,5365557.334134755,112,72,2,0
8107,17142655.31379397,112,72,1,0
8108,12288386.387295555,110,74,3,0
8109,12315533.572260851,112,74,3,0
8110,6095756.055918754,108,68,4,0
8111,5369891.013179075,109,72,1,0
8112,19308658.04391951,120,84,2,0
8113,14865363.100839492,110,71,3,1
8114,2662746.373872596,113,74,0,0
8115,19128977.4982787,124,82,4,0
8116,11912940.09506033,114,68,0,0
8117,6856189.603217762,106,68,2,0
8118,8151349.021704485,111,72,1,0
8119,14817624.634436829,101,70,0,0
8120,7727594.501380311,108,72,0,0
8121,11839317.882581023,116,73,3,0
8122,14514939.578137146,113,72,2,0
8123,4053997.295290605,108,72,0,0
8124,19261678.406019196,115,81,3,0
8125,7319414.173201729,104,71,1,0
8126,8602894.816815145,109,64,4,0
8127,14271550.376912555,104,69,2,0
8128,12449364.081250958,114,76,8,0
8129,9024177.600626076,112,71,1,0
8130,13281101.457612352,117,82,0,0
8131,18420676.138850052,110,76,0,0
8132,16338239.573388502,114,77,1,0
8133,16825122.27055756,114,78,4,0
8134,5334054.597821564,105,69,1,0
8135,8603475.456196705,107,62,2,0
8136,11333137.601053974,107,70,0,0
8137,983809.4792037307,115,73,2,0
8138,15719031.682230556,106,73,3,0
8139,6655165.837651859,120,79,4,0
8140,5825248.114425701,117,73,2,0
8141,5351998.409200878,114,76,2,0
8142,5841152.7704445,114,76,3,0
8143,6950670.005528394,116,78,1,0
8144,12368935.195587412,112,72,0,0
8145,11937211.131017722,115,69,4,0
8146,5279292.007445444,113,77,1,0
8147,4278381.638938068,113,81,4,0
8148,16867751.580693085,116,80,0,0
8149,1969388.452196581,110,67,1,0
8150,10500601.129971955,107,72,3,0
8151,10657742.008686144,105,73,1,0
8152,11745740.618007686,118,84,3,0
8153,18071828.29379575,116,83,3,0
8154,12756594.729868503,116,69,0,0
8155,19858565.07145836,117,79,1,0
8156,17781489.87541262,117,75,1,0
8157,4447259.293562497,118,79,1,0
8158,4984254.190731325,105,76,1,0
8159,7087935.2425109185,113,80,2,0
8160,8037118.135681274,103,74,1,0
8161,11316403.705160556,110,78,1,0
8162,4808173.5438056905,116,73,1,0
8163,4601696.999985907,106,73,0,0
8164,7831514.698248013,111,75,3,0
8165,13733576.573879283,115,75,0,0
8166,14060579.700512154,112,72,3,0
8167,19908988.310042184,121,86,2,0
8168,4196971.665910631,105,69,3,0
8169,8064426.512250822,105,77,1,0
8170,19676684.757147264,112,71,1,0
8171,14098821.542554967,118,74,4,0
8172,12114155.370675636,118,80,0,0
8173,11045316.153437993,109,67,2,0
8174,1619834.5956550436,112,76,1,0
8175,18228677.95990998,111,70,2,0
8176,12788909.712563839,112,73,2,0
8177,11695593.053239344,100,72,1,0
8178,11042357.172042651,110,70,3,0
8179,8045236.956594208,112,75,2,0
8180,5258028.686280466,111,79,1,0
8181,15425176.749378573,108,79,2,0
8182,10434493.323696729,111,68,4,0
8183,775630.4459165704,109,79,3,0
8184,8191051.463573183,117,69,2,0
8185,18944111.243573993,116,76,4,0
8186,7679301.197947226,113,75,1,0
8187,8478170.63174938,112,74,1,0
8188,12757552.90255244,116,70,7,0
8189,16366491.245971411,110,66,2,0
8190,13661240.993900213,105,76,0,0
8191,17348971.457752347,108,68,2,0
8192,2400869.093387685,112,77,2,0
8193,18862655.735773794,105,80,2,0
8194,18442885.034637462,113,75,2,0
8195,10629061.836945483,113,85,3,0
8196,12773415.468087364,112,72,5,0
8197,4408122.298269986,119,77,2,0
8198,9183137.391550854,116,85,2,0
8199,4202818.772215181,112,70,1,0
8200,532693.6052626478,103,73,3,0
8201,20006187.146296933,110,82,4,0
8202,5349043.782436561,115,74,2,0
8203,12131006.293773679,115,78,4,0
8204,6183764.688733508,113,75,3,0
8205,7612835.614585428,110,64,2,0
8206,8163982.627065403,102,75,3,0
8207,6890395.001050649,107,70,3,1
8208,13030459.352771679,114,79,5,0
8209,19600709.406574417,120,79,0,0
8210,8790941.018466577,111,82,0,0
8211,19852329.781404395,114,81,1,0
8212,13647759.177102918,115,74,4,0
8213,12415878.994008644,117,73,3,0
8214,4901410.180791809,104,70,0,0
8215,1364168.527122266,113,78,3,0
8216,17387150.541178342,109,75,4,0
8217,11742577.854154637,115,85,1,0
8218,8502150.952579532,105,76,2,0
8219,16575507.590044087,117,72,2,0
8220,6393542.177227159,113,72,1,0
8221,15999785.787224421,106,63,1,0
8222,6746558.383886763,116,80,1,0
8223,18787286.781021193,110,74,2,0
8224,5528164.099718964,111,74,1,0
8225,2879793.9980573608,108,68,2,0
8226,14263068.714476516,113,74,2,0
8227,3393436.8763381387,104,64,2,0
8228,19365685.080048606,110,80,3,0
8229,13399151.000348136,110,80,1,0
8230,4774625.96510164,111,70,4,0
8231,4327011.389894773,116,86,2,0
8232,18848084.744441874,110,74,2,0
8233,12430535.350990444,114,72,4,0
8234,18236033.32910077,110,75,3,0
8235,2324809.36992708,107,72,1,0
8236,18878894.550943676,110,82,5,0
8237,10647353.408251148,107,75,3,0
8238,13660444.908090534,105,75,2,0
8239,7658605.925871711,112,69,2,0
8240,1287398.003165516,113,84,2,0
8241,19540521.14979333,117,71,1,0
8242,20284305.02820341,117,81,2,0
8243,7489471.585887572,111,74,1,0
8244,19254092.3702313,119,81,4,0
8245,3492518.4263310614,106,73,1,0
8246,3227669.9298864882,110,64,2,0
8247,1571126.0021702508,111,67,6,0
8248,8032142.621455899,103,76,2,0
8249,1148533.1757878433,106,74,3,0
8250,8100940.343782862,114,77,1,0
8251,2896777.468846002,112,69,2,0
8252,14921666.261377389,106,75,5,0
8253,17009995.337664038,116,83,2,0
8254,14054280.581515899,114,75,0,0
8255,4157955.050012479,111,80,2,0
8256,15659246.3622976,111,81,0,0
8257,5153150.201272935,117,67,2,0
8258,15509790.631798068,109,73,4,0
8259,11608882.991965948,113,68,0,0
8260,7533451.09583537,115,73,3,0
8261,1781929.815798893,111,70,2,0
8262,16891132.121357158,114,78,2,0
8263,19168495.65440204,118,86,1,0
8264,13609591.909140946,111,73,2,0
8265,19673924.319783676,111,76,3,0
8266,19055961.053357445,115,86,1,0
8267,4038429.560162307,109,78,1,0
8268,14935567.89039308,111,83,3,0
8269,7179942.551212925,117,80,2,0
8270,9986707.551422507,103,73,0,0
8271,3273991.1895983,108,70,3,0
8272,19881830.713223584,120,84,3,0
8273,14832507.520562474,107,72,1,0
8274,5506667.188661848,109,63,7,0
8275,7630098.495256357,112,70,3,0
8276,8666014.284868222,105,69,2,0
8277,15267015.85642345,109,72,2,0
8278,18885089.814650014,112,72,4,0
8279,6614077.644597487,115,81,2,0
8280,9681742.792763447,118,79,4,1
8281,12133022.106097978,115,77,2,0
8282,8074272.460068649,109,81,4,0
8283,10325112.642380988,111,63,1,0
8284,2233068.2470886232,114,71,1,0
8285,3491464.3960660445,104,72,0,0
8286,8231803.8911238145,104,71,2,0
8287,18666615.475431673,124,87,2,0
8288,7181023.449763721,117,83,4,0
8289,5159092.440027175,116,71,2,0
8290,15172148.836118756,110,70,6,0
8291,19360955.76061735,110,68,0,0
8292,9410098.765879696,114,73,1,0
8293,261145.99567612758,111,76,4,0
8294,14061061.363874258,113,72,3,0
8295,8515288.734900024,104,63,2,0
8296,13766524.099387452,107,67,2,0
8297,5726155.916853134,107,63,3,0
8298,135303.62137734596,118,72,2,0
8299,7082291.411798223,117,75,2,0
8300,14399040.976846572,114,71,3,0
8301,8069587.306037411,106,80,2,0
8302,4537300.758421851,110,69,1,0
8303,9509265.79408968,117,74,3,0
8304,15364792.871734291,110,75,4,0
8305,2511799.3533434337,113,69,1,0
8306,14134223.598482665,122,85,3,0
8307,13638555.497801041,114,74,2,0
8308,7615196.565492555,110,66,4,0
8309,19791599.24005822,119,78,1,0
8310,18255717.339727186,112,73,4,0
8311,6506880.887536114,114,73,4,0
8312,717785.4882048077,110,78,3,0
8313,6347330.693456318,112,74,2,1
8314,4243811.32034649,119,76,2,0
8315,11199772.969712894,106,67,5,0
8316,18743894.207598723,118,71,3,0
8317,17760866.01883797,108,70,0,0
8318,6297056.161579035,113,77,1,0
8319,8790187.272434454,111,82,6,0
8320,828484.3620282039,113,81,3,0
8321,11137054.847935867,105,75,1,0
8322,1373251.5916781814,110,74,4,0
8323,19147238.581314065,106,82,4,0
8324,17691745.544646006,114,75,1,1
8325,4436036.642642236,111,78,0,0
8326,14288899.403166473,113,75,1,0
8327,11621530.718303155,118,64,2,0
8328,16360051.882693639,113,71,0,0
8329,9745752.723067166,114,67,1,0
8330,3980828.4714923534,114,73,3,0
8331,13080083.832334418,108,78,3,0
8332,1716700.7685028529,113,80,2,0
8333,11957979.089451848,106,69,4,0
8334,4405924.107450019,117,82,4,0
8335,13995815.190530412,121,84,1,0
8336,16901969.311109737,116,78,3,1
8337,2310584.3923686147,113,78,5,0
8338,8214893.649612755,110,73,4,0
8339,14982462.995919831,104,70,4,0
8340,3410816.292100371,108,68,2,0
8341,11591136.081617247,115,74,4,0
8342,13729837.308339434,111,73,5,0
8343,7291406.658374479,112,65,2,0
8344,16981963.23159674,114,74,3,0
8345,10456642.158654645,114,73,3,0
8346,12819160.4115759,106,72,5,0
8347,2947188.406361964,117,71,4,1
8348,556727.5603396301,104,77,0,0
8349,1116981.6768854917,108,81,3,0
8350,18442848.80155009,113,75,1,0
8351,18010748.482359786,109,75,2,0
8352,16486643.909923034,115,85,1,0
8353,4140042.503961059,100,75,2,0
8354,10757204.120329732,111,72,2,0
8355,16253627.631096147,117,79,7,0
8356,13787311.865269752,112,80,1,0
8357,2432358.1926934705,125,78,4,0
8358,18272692.469310775,113,91,0,0
8359,3349473.7595777465,112,81,0,0
8360,3575158.223560651,101,68,3,0
8361,18383722.837747075,121,78,2,0
8362,9927806.952355795,109,68,2,0
8363,7658938.044793546,112,69,2,0
8364,11329839.659892011,114,71,1,0
8365,20016224.476221386,111,77,1,0
8366,2515807.432853002,114,69,0,0
8367,15458214.441729745,115,78,2,0
8368,6875755.8801088445,119,77,4,0
8369,2463389.7726652035,117,83,3,0
8370,8654853.807165336,109,73,2,0
8371,11230253.939693712,112,69,2,0
8372,4268986.554328116,114,80,7,1
8373,8316450.067550165,113,76,0,0
8374,12995454.454881087,101,65,2,0
8375,11792675.805270385,109,74,3,0
8376,14772056.079828283,108,74,2,0
8377,17071768.69307957,117,71,3,0
8378,8395058.201439735,113,76,1,0
8379,8675850.24317673,106,64,4,0
8380,10173025.189661467,103,70,4,0
8381,11587677.86681616,115,75,5,0
8382,2286173.539353409,115,74,5,0
8383,6435273.718845794,117,76,1,0
8384,3577109.8237984576,104,68,3,0
8385,7922143.556579687,107,72,1,0
8386,19852885.164204504,116,85,6,0
8387,11920267.175894665,116,69,2,0
8388,8806108.153938485,110,83,2,0
8389,11579220.09344499,111,71,4,0
8390,13673739.056992985,104,68,3,0
8391,8919260.951116147,106,73,2,0
8392,9178311.620845933,118,86,3,0
8393,14330173.575031986,112,72,3,0
8394,1322372.994708099,116,76,6,0
8395,11054140.148572378,105,75,1,0
8396,11201314.279392194,106,63,4,0
8397,15454222.218090707,114,79,0,0
8398,20041556.572551917,115,76,2,0
8399,16246269.908151785,113,83,0,0
8400,10317137.630260644,113,71,3,0
8401,3527587.3901907387,116,77,1,0
8402,12032568.507537775,111,74,1,0
8403,17029008.071806543,114,77,4,0
8404,19021491.838883955,113,77,3,0
8405,16846473.062614396,117,79,0,0
8406,3923898.870568395,104,66,4,0
8407,14557105.622860482,107,62,3,0
8408,17960234.61156351,104,73,3,1
8409,13916220.151473962,110,80,1,0
8410,14012378.146353822,116,82,3,0
8411,10243495.644272406,115,70,2,0
8412,13021858.328435907,114,80,4,0
8413,6064565.893693424,121,89,2,0
8414,1889919.7184101993,111,73,4,0
8415,16895303.199607693,116,75,2,0
8416,19239397.33678394,115,75,2,0
8417,17486405.25790083,114,75,0,0
8418,6867382.884759035,116,76,5,0
8419,1985772.9007008846,114,82,3,0
8420,5775338.320663551,114,73,3,0
8421,17202363.677797128,113,76,3,0
8422,13404418.695212297,114,75,0,0
8423,19717640.031544805,118,90,3,0
8424,7045429.050013321,111,74,0,0
8425,11285475.230034556,112,74,3,0
8426,16130180.189740477,105,76,3,0
8427,4838214.776220553,114,76,4,0
8428,19664753.569398627,111,77,2,0
8429,12116574.973894779,116,80,1,0
8430,246780.55687018912,112,76,1,0
8431,597202.6601434245,109,80,3,0
8432,18002089.974677034,107,73,3,0
8433,13190519.153160857,113,73,0,0
8434,15582571.488141285,107,68,0,0
8435,16007883.341032505,104,70,1,0
8436,8624928.952190269,101,62,1,0
8437,16304277.74215941,109,74,1,0
8438,19125433.876275096,120,78,8,0
8439,3582781.9881423684,107,69,0,0
8440,15604176.347339537,106,66,2,0
8441,6336916.973853848,109,73,2,0
8442,6615151.308816443,115,84,0,0
8443,8468460.412906516,114,81,2,0
8444,17626470.522485435,113,76,2,0
8445,534305.7925055544,104,73,1,0
8446,8898399.837420115,109,75,3,0
8447,13896535.64839292,112,76,1,0
8448,2328672.960618143,112,76,1,0
8449,16175169.146790886,109,76,4,0
8450,19214181.197060287,111,79,2,0
8451,1933067.9725028505,115,71,0,0
8452,3192409.6038143407,103,73,3,0
8453,19867976.80531751,113,82,1,0
8454,4104373.210820526,108,75,4,1
8455,1689475.3583103954,111,74,3,0
8456,19423145.15211338,114,73,1,0
8457,18213424.94172677,115,79,3,0
8458,13402610.610075332,113,76,1,0
8459,11284638.698984716,108,71,3,0
8460,18753809.90343814,117,77,2,0
8461,13398439.477332728,111,79,1,0
8462,13456855.998706715,111,80,1,0
8463,17219628.96358758,116,78,2,0
8464,13352251.916183567,108,71,3,0
8465,10314868.75120634,111,73,2,0
8466,8000708.290722521,111,79,1,0
8467,10303841.8412474,111,67,3,0
8468,10696687.41420311,107,77,1,0
8469,7414029.508997011,110,75,0,0
8470,9186609.402209276,113,85,2,0
8471,16370494.463819243,107,67,3,0
8472,8544786.88572246,113,69,2,0
8473,605457.5169256453,114,84,3,0
8474,5833843.178854619,116,83,5,0
8475,4792521.07922857,119,68,3,0
8476,16202146.063478881,112,84,4,0
8477,9210463.714222103,112,77,2,0
8478,5778834.38374027,115,71,2,0
8479,16549870.499102177,111,71,1,0
8480,476647.18021385407,106,70,4,0
8481,3625016.4138484746,110,72,0,0
8482,16879867.690362148,120,83,2,0
8483,11268815.024636392,107,66,1,0
8484,15797370.162250256,112,76,5,0
8485,17107743.237382367,116,82,3,0
8486,19215417.740860626,111,80,1,0
8487,1374401.3928124667,113,75,1,0
8488,16316939.47300805,105,71,3,0
8489,14479739.43158912,116,70,1,0
8490,4290593.088299293,108,72,1,0
8491,19007036.943928685,119,91,1,0
8492,8294770.104510087,110,74,2,0
8493,18111639.547341183,115,80,0,0
8494,12374807.06885344,106,68,5,0
8495,10783386.59917513,113,82,1,0
8496,3325948.2399859913,108,70,2,0
8497,18654199.662977036,110,67,2,0
8498,11390867.34994955,116,73,1,0
8499,210122.1338671699,114,75,5,0
8500,457715.1462388833,104,80,0,0
8501,15878251.889664503,111,73,2,0
8502,3374938.689866985,109,63,3,0
8503,12245340.655362122,111,78,4,0
8504,13917540.050170498,109,81,1,0
8505,5759644.715360894,112,73,0,0
8506,11647797.0956956,107,69,2,0
8507,4965478.510047734,107,68,3,0
8508,19303795.17281739,115,82,2,0
8509,17554391.467076346,112,77,2,0
8510,5935857.792614005,109,74,4,0
8511,10825353.15642312,108,64,3,0
8512,10253051.809938656,112,69,1,0
8513,19582168.313146923,114,78,1,0
8514,8088178.856461634,108,76,1,0
8515,11503892.28823293,115,83,1,0
8516,18946202.046336118,118,78,2,0
8517,3392701.702873072,103,63,3,0
8518,11265441.437135179,104,64,2,0
8519,2232363.3975398913,113,71,0,0
8520,12626321.307797382,114,77,2,0
8521,7512548.221101936,112,71,3,0
8522,19736766.31970206,115,78,1,0
8523,8522363.487091813,107,73,3,0
8524,2852044.068141965,117,81,2,0
8525,17022937.606549658,107,75,4,0
8526,16756232.422739971,118,83,2,0
8527,14197331.209827049,111,75,1,0
8528,15292970.547944149,111,69,2,0
8529,5462130.754749399,113,80,2,0
8530,13124965.665185673,112,71,3,0
8531,858492.3364906517,114,83,3,0
8532,4084766.286061266,107,74,1,0
8533,19018758.109129064,110,81,5,1
8534,15098494.719035799,112,75,2,1
8535,4770805.693393452,113,66,3,0
8536,2348323.2287218953,119,78,6,0
8537,19356676.518611584,113,69,4,1
8538,2364662.247282752,114,63,2,0
8539,5306875.707724297,107,70,1,0
8540,3795258.076235776,103,71,5,0
8541,237972.27939401907,113,75,1,0
8542,6465723.338473439,115,76,0,0
8543,19869634.852879032,112,78,1,0
8544,7029635.573054087,113,77,3,0
8545,10327621.770279761,111,66,2,0
8546,15234565.525569968,100,63,2,0
8547,11277514.28098389,111,71,3,0
8548,15186958.895926157,113,61,3,0
8549,13522636.556865707,109,68,1,0
8550,12444854.445854792,116,79,4,0
8551,13279210.148093237,117,78,1,0
8552,16315510.199340291,104,65,2,0
8553,14508682.769062903,112,68,4,0
8554,16165448.379712747,109,69,3,0
8555,3043138.599206641,114,82,0,0
8556,13848327.094392568,113,79,1,0
8557,15053546.186741997,108,73,3,0
8558,6177998.324572717,115,70,3,0
8559,17846966.54291024,107,79,0,0
8560,6274361.355229919,113,77,3,0
8561,5038045.1474501565,103,65,2,0
8562,17695055.29005203,115,69,1,0
8563,5102780.064533147,116,79,2,0
8564,8524257.806080025,108,68,3,0
8565,7558029.663255704,108,72,3,0
8566,18323880.267784372,115,84,4,0
8567,9331145.278856663,110,73,2,0
8568,14186148.093806228,113,77,3,0
8569,16211424.459945021,110,66,2,0
8570,12837614.756381355,114,77,5,0
8571,19250570.394183036,118,75,3,0
8572,16383401.90111931,109,75,3,0
8573,8213636.112170051,110,75,6,0
8574,19395106.588139728,115,77,2,0
8575,10739255.884140946,107,66,4,0
8576,544891.243435768,106,76,1,0
8577,5366645.677879167,112,73,3,0
8578,12712235.761717994,117,72,5,0
8579,3270934.3104437315,110,73,2,0
8580,11947420.228473222,107,72,1,0
8581,7429587.997812392,112,78,3,0
8582,10938486.574831406,110,84,2,0
8583,124473.66067087001,111,75,3,0
8584,17315801.502070058,113,66,6,0
8585,7436238.03555032,114,79,6,0
8586,2932681.419942959,112,69,2,0
8587,8979420.057716362,117,87,3,0
8588,9959494.005253848,106,68,3,0
8589,13030519.283672405,114,79,4,0
8590,10739004.213697955,108,65,2,0
8591,970259.4951850813,114,86,1,0
8592,17784723.631826416,114,76,6,0
8593,9357000.783156894,107,70,2,0
8594,1649836.889491332,109,71,3,0
8595,15780686.696140079,114,72,0,0
8596,13492551.874879036,115,77,3,0
8597,13274922.514288248,115,82,4,0
8598,8755998.78164508,109,76,3,0
8599,8422610.148881983,106,71,2,0
8600,10978150.492299603,111,80,4,0
8601,1113851.0993898297,105,79,4,0
8602,6157514.69263185,117,76,2,0
8603,20148159.719035257,117,76,0,0
8604,13533940.192217313,115,79,2,0
8605,8593947.45762881,104,73,0,0
8606,4602060.949273544,106,72,1,0
8607,15219813.637725182,105,78,2,0
8608,5372271.493389452,108,77,1,0
8609,3383747.1208690275,108,58,0,0
8610,3224226.787997812,107,66,2,0
8611,14895986.96796572,110,78,2,0
8612,13140333.519993559,111,73,1,0
8613,1503994.3435912027,101,64,2,0
8614,2422643.4772494636,124,78,0,0
8615,12958308.643469501,119,84,3,0
8616,11684397.350379055,110,70,3,0
8617,14017394.518406639,114,80,1,0
8618,3701942.935477779,108,61,2,0
8619,14841656.564295743,110,70,3,0
8620,19096272.619961873,119,84,2,0
8621,12292289.367459927,109,70,1,0
8622,4069329.986897798,105,79,0,0
8623,13886304.795567522,115,83,3,0
8624,7053565.596780057,115,76,4,0
8625,1087315.8385026762,106,73,2,0
8626,6226173.289740398,111,75,3,0
8627,18476660.0163625,115,79,3,0
8628,8435652.858405635,113,78,3,0
8629,17645677.81860021,106,76,1,0
8630,10416050.484523444,109,73,1,0
8631,10584982.208595973,114,71,1,0
8632,192330.9616574482,108,61,0,0
8633,13024454.67872313,112,78,4,0
8634,2275840.439339762,114,70,0,0
8635,9808631.305997286,120,75,4,0
8636,5372810.57796241,111,80,3,0
8637,8054756.316875394,107,73,1,0
8638,10993152.107939124,109,68,5,1
8639,380131.4536910235,104,71,1,0
8640,5865609.575646807,115,76,5,0
8641,20183043.316825476,112,80,0,0
8642,1252038.4875135964,111,79,1,0
8643,6572515.200104574,119,74,5,0
8644,6613698.74499209,114,80,1,0
8645,7790817.527934169,109,71,4,0
8646,13992656.979359772,121,83,3,0
8647,5117481.966134172,113,67,2,0
8648,9433365.732977306,115,69,5,0
8649,13182031.370212797,109,63,2,0
8650,6631987.431713646,117,78,6,0
8651,19353694.055827893,113,63,1,0
8652,19981200.001361996,117,84,1,0
8653,2516682.9431709014,117,73,1,0
8654,7068556.684457892,114,70,2,0
8655,4309813.604801978,112,72,2,0
8656,3879648.390735672,116,72,3,0
8657,10057022.165038446,106,68,0,0
8658,11536375.381159866,115,72,2,0
8659,8730371.379639806,111,71,3,0
8660,5621335.340911962,111,65,2,0
8661,5744535.481313213,107,74,3,0
8662,20234141.747705024,118,72,3,0
8663,18844070.64004441,106,74,1,0
8664,1627723.3032754697,110,72,0,0
8665,13419368.02047652,111,83,3,0
8666,9364487.701759225,111,74,5,0
8667,14074561.160281701,119,74,3,0
8668,12209239.223835343,109,73,2,0
8669,18144982.0399137,117,85,2,0
8670,1446771.8912517428,111,75,1,0
8671,7185894.558903061,113,84,4,0
8672,20099420.508600265,113,82,1,0
8673,3788177.953161849,103,70,3,0
8674,2672236.556125189,111,74,1,0
8675,14890071.909057286,110,73,4,0
8676,15874242.25557064,112,75,3,0
8677,13738662.296757929,110,71,2,0
8678,15849074.41212506,110,72,2,0
8679,14174220.197439304,120,82,1,0
8680,2843576.707655686,113,82,2,0
8681,12437927.00523453,112,71,1,0
8682,15862900.918745961,115,75,1,0
8683,17662965.034594763,113,81,3,0
8684,5086846.814323662,115,80,2,0
8685,2674212.9208354657,113,75,0,0
8686,15948472.292097595,102,69,3,0
8687,5296281.171646278,100,58,3,0
8688,734811.0739492516,107,70,0,0
8689,16844506.96516461,116,80,2,0
8690,10361865.548977422,111,70,2,0
8691,6719535.0001034215,113,80,2,0
8692,318497.6974002078,114,85,1,0
8693,803815.6161511184,112,79,1,0
8694,16182676.32923024,108,71,2,0
8695,10031151.229512481,111,71,3,0
8696,3126895.488292794,113,81,2,0
8697,7366788.87592216,113,80,5,1
8698,3443350.814133,114,69,2,0
8699,2378753.429366019,113,70,2,0
8700,5697548.699122239,114,65,1,0
8701,11245599.778447382,108,82,3,0
8702,4351130.188807579,114,74,4,0
8703,7065534.850298536,109,71,2,0
8704,9792029.2190342,113,76,3,0
8705,8616195.931435775,104,65,6,0
8706,2698521.8934355015,110,56,2,0
8707,875667.7802086028,115,76,3,0
8708,806481.643388272,115,76,0,0
8709,7197695.426502719,117,85,2,0
8710,14683545.090104537,110,70,3,0
8711,2751880.104474537,114,72,3,0
8712,16068077.411082208,113,81,1,0
8713,14620027.603821672,109,73,2,0
8714,166482.83550863777,114,73,0,0
8715,629585.1053661178,117,77,6,0
8716,4047056.5278605376,104,71,3,0
8717,1226081.0132508606,114,82,0,0
8718,10876703.244587265,110,75,1,0
8719,891134.5747929242,110,70,1,0
8720,16386210.619675338,109,76,6,0
8721,10097276.511323942,108,81,0,0
8722,14869406.096638005,113,73,3,0
8723,15331367.123384688,108,64,4,0
8724,10377559.381247217,114,79,2,0
8725,18878299.14580489,109,82,1,0
8726,20195813.539144054,117,68,2,0
8727,7381188.157708991,110,75,0,0
8728,2642398.614525335,110,73,4,0
8729,7462895.636709422,112,66,1,0
8730,4622181.599006992,105,68,1,0
8731,10869850.684423197,111,68,7,0
8732,7770544.051193268,111,69,1,0
8733,9843174.525570435,113,76,2,0
8734,15584908.019921008,106,73,1,0
8735,5651108.342606117,114,70,3,0
8736,11001221.71809369,112,70,1,0
8737,6892720.586867273,108,72,0,0
8738,16027071.244216742,116,75,2,0
8739,13073854.116282534,110,69,1,0
8740,259110.6653172786,109,75,7,0
8741,13490458.614628332,112,76,2,0
8742,3541981.9950129273,114,73,3,0
8743,14798723.94192724,98,66,0,0
8744,11607686.710830824,109,67,0,0
8745,8239549.6261311425,108,74,2,0
8746,14181223.417769322,117,78,3,0
8747,17481753.81210884,112,72,3,0
8748,15900815.843625437,108,74,0,0
8749,11161744.19691167,110,69,2,0
8750,14762587.178102426,114,80,1,0
8751,8492011.204786282,103,72,4,0
8752,16109626.866255391,111,73,0,0
8753,16922454.194319542,114,84,2,0
8754,2874508.321751155,110,71,1,0
8755,4920245.638090024,108,77,3,0
8756,5569223.2825917695,112,81,2,0
8757,3459121.1164007224,110,69,1,0
8758,8057843.906070061,108,76,1,0
8759,4006441.244834146,110,78,2,0
8760,12180374.110573215,118,74,3,0
8761,2149965.7681876253,118,84,4,0
8762,5567810.192006159,112,83,0,0
8763,13601527.069620235,104,75,2,0
8764,8179894.942542803,109,80,1,0
8765,8645296.776462262,103,72,2,0
8766,16290346.866977785,114,78,3,0
8767,20079466.819612037,111,73,0,0
8768,11561570.515213255,111,81,4,0
8769,1692064.4912143608,111,74,4,0
8770,2176112.439343909,114,73,3,0
8771,19754325.26268457,118,80,3,0
8772,13880030.914130861,114,78,1,0
8773,15367241.86747587,112,78,3,0
8774,13809540.0855749,114,82,2,0
8775,3734002.408184495,115,75,0,0
8776,9191559.417164937,112,76,4,0
8777,16293498.29499903,118,75,2,0
8778,17680152.506242447,112,77,3,0
8779,4906114.699263425,107,69,0,0
8780,12188953.663536895,120,79,3,0
8781,3276762.6000514156,104,70,2,0
8782,19546703.42860728,118,73,1,0
8783,5208063.819143841,105,66,1,0
8784,14842615.537636492,110,68,0,0
8785,4779749.226181268,108,67,4,0
8786,12596977.050400272,107,78,2,0
8787,13474475.8412933,108,68,1,0
8788,6755986.553717736,117,76,2,0
8789,16714950.605526077,114,75,2,0
8790,18066158.053249925,114,85,1,0
8791,17450818.11562603,110,75,4,0
8792,6804117.921601693,105,73,3,0
8793,15202164.243925372,110,71,0,0
8794,11448314.453582257,108,71,2,0
8795,12121258.962453976,118,73,6,0
8796,9781757.66139474,115,77,1,0
8797,12276263.288492657,114,72,5,0
8798,2841210.3797267964,113,83,3,0
8799,8389106.071256034,110,71,0,0
8800,3694487.073746412,97,56,0,0
8801,5774671.080755326,114,73,1,0
8802,2682006.469692324,109,73,2,0
8803,4401675.752606695,118,83,1,0
8804,15965506.55483462,111,70,1,0
8805,11252258.939319257,104,63,1,0
8806,566534.9934990634,110,82,2,0
8807,16099439.807259843,110,64,1,0
8808,18555520.397177722,106,64,1,0
8809,17965805.560883492,114,71,2,0
8810,16799897.650638267,113,78,1,0
8811,20235934.633824307,119,75,2,0
8812,11994816.352282127,107,71,2,0
8813,19634244.524829283,109,78,6,0
8814,19355149.135945987,113,61,3,0
8815,6447526.843571644,107,66,3,0
8816,17620667.3444802,109,77,2,0
8817,16179617.903101424,113,76,4,0
8818,15841011.251950286,110,75,4,0
8819,18287711.391087834,113,80,2,0
8820,7888377.045457641,110,82,2,0
8821,8210556.225254596,118,74,3,0
8822,13084326.274383767,111,80,3,0
8823,15069439.432118533,112,75,6,0
8824,17951749.18592977,101,73,2,0
8825,17872716.433820434,117,84,2,0
8826,14735076.556186412,116,81,1,0
8827,19518595.774888355,114,72,2,0
8828,3713918.5421127095,110,72,0,0
8829,19385521.48059432,120,77,0,0
8830,1389974.9405459734,115,73,4,0
8831,11369746.914492998,117,77,2,0
8832,1918083.7241381432,116,78,3,0
8833,11621136.603933675,117,65,4,0
8834,8008591.996665768,108,70,2,0
8835,1743691.6911778715,114,72,1,0
8836,13248096.829709208,117,76,2,0
8837,14935276.497140823,111,85,4,0
8838,3623687.705629132,111,69,2,0
8839,14188743.121034756,114,79,2,0
8840,3722426.0090725007,107,69,0,0
8841,2876592.134114909,110,67,2,0
8842,3078994.2712779264,114,67,1,0
8843,12252245.916137053,109,75,0,0
8844,15901772.215111807,107,71,5,0
8845,12207878.532049617,109,75,1,0
8846,16522385.567313313,112,74,7,0
8847,12097885.25152063,113,81,5,0
8848,16278080.962654129,117,70,5,0
8849,19917228.344014615,119,79,2,0
8850,8025855.396295518,108,85,1,0
8851,3131365.752160607,114,83,3,0
8852,2835984.293379598,111,77,1,0
8853,12219736.04186353,110,67,1,0
8854,11196750.220163943,104,66,4,0
8855,3827778.373280144,104,74,2,0
8856,17999834.739870045,105,75,0,0
8857,19515663.167220276,113,75,1,0
8858,5228601.993884609,112,70,4,0
8859,4287695.807566509,110,75,5,0
8860,4430639.407920746,107,77,4,0
8861,7954001.456360252,110,63,3,0
8862,17413396.185100883,106,69,3,0
8863,12188929.682440246,120,79,4,0
8864,1458248.0702543678,115,82,3,0
8865,9691470.070040273,118,83,4,0
8866,1920819.6862612928,116,75,5,0
8867,8335633.741637798,109,74,2,0
8868,8280925.64183884,104,73,0,0
8869,13252886.5941652,116,79,1,0
8870,11244491.37949987,109,81,3,0
8871,17850570.217829224,111,81,3,0
8872,416909.89949734614,108,75,2,0
8873,15804458.479569295,114,77,0,0
8874,546536.5247948517,105,76,2,0
8875,6265796.12076665,113,71,2,0
8876,17950247.144895304,100,74,5,0
8877,14107054.832750317,113,77,5,0
8878,3579239.7455882914,103,70,1,0
8879,10053056.208007693,103,69,1,0
8880,14746541.345628545,115,79,3,1
8881,19121593.232434627,114,77,2,0
8882,12967941.185243594,112,74,2,0
8883,587498.3852153141,107,83,3,0
8884,10234145.485968247,108,73,3,0
8885,3192683.783625501,103,73,1,0
8886,1056687.9992245124,114,72,0,0
8887,12240714.56485974,108,83,2,0
8888,15863819.227420697,114,75,0,0
8889,818703.33679878,116,73,2,0
8890,15999217.479059383,105,65,1,0
8891,14431442.508060195,115,88,1,0
8892,15357448.930167815,111,79,0,0
8893,5056245.901761359,116,76,4,0
8894,8079379.071978361,104,75,2,0
8895,2518251.89859332,116,76,2,0
8896,4937701.860981451,112,82,1,0
8897,6235331.532495059,106,70,1,0
8898,6573391.501057238,118,74,1,0
8899,3641040.0315148155,115,69,3,0
8900,3918683.7105095508,107,71,3,0
8901,18393100.290819272,115,75,2,0
8902,16005397.972229397,103,65,2,0
8903,7081915.411422714,116,76,3,0
8904,19330765.942363556,116,68,2,0
8905,4938346.882301397,109,79,1,0
8906,8347947.040482249,110,68,1,0
8907,16607146.614488687,111,66,0,0
8908,9080359.251547169,119,86,4,0
8909,4851077.207489465,114,73,4,0
8910,7570470.862270137,111,67,4,0
8911,10254843.249356084,111,68,3,0
8912,12690197.885620667,114,81,1,0
8913,8323294.550901743,109,69,4,0
8914,8845155.834651988,105,65,3,0
8915,5446461.3113262225,118,83,2,0
8916,10958018.797341429,114,77,1,0
8917,4543029.41289844,113,67,5,0
8918,17703775.42685156,110,78,1,0
8919,15263631.516139943,106,70,2,0
8920,8418181.585119884,109,71,2,0
8921,15260804.226404259,104,70,3,0
8922,228470.7878880235,116,73,2,0
8923,7082149.337732732,117,76,2,0
8924,9027859.596105723,110,70,1,0
8925,9626880.171835002,118,78,2,0
8926,15291339.356750477,109,68,2,0
8927,19638708.115952257,115,77,0,0
8928,7803229.726180267,110,78,1,0
8929,7206241.504272268,114,84,2,0
8930,12484499.015304053,110,59,1,0
8931,5797985.895556908,117,85,2,0
8932,2956886.038985337,103,64,2,0
8933,19612987.381607376,117,85,1,0
8934,16526010.550894897,111,70,1,0
8935,19551225.52299278,118,69,2,0
8936,4510062.9671615055,107,71,6,0
8937,448062.41391808237,111,76,2,0
8938,8966133.17545917,113,78,1,0
8939,19045757.376847837,117,82,3,1
8940,2895455.6516721314,109,65,0,0
8941,2466156.72351589,119,86,3,0
8942,1486665.5613508623,108,69,1,0
8943,15622079.51511097,110,78,0,0
8944,16046681.678477975,111,73,0,0
8945,14207818.787991364,116,76,2,0
8946,1168629.4740063525,107,77,2,0
8947,14774650.208400832,109,71,2,0
8948,9196974.390716558,110,74,1,0
8949,3292856.762919799,104,72,2,0
8950,6079700.970517105,116,77,3,0
8951,10263489.566622598,106,76,3,0
8952,6780830.238263775,114,75,2,0
8953,19779679.396977562,119,78,2,0
8954,9727265.39389312,116,70,2,0
8955,7643883.701996432,105,66,2,0
8956,13756774.2653113,111,75,2,0
8957,13297408.796607176,114,80,4,0
8958,135935.93075800862,118,71,1,0
8959,12646116.475612167,111,77,6,0
8960,5036762.832019629,106,66,2,0
8961,7706494.699910877,109,69,0,0
8962,14430650.733486924,117,89,1,0
8963,11405576.421796806,110,74,1,0
8964,7572901.205444046,112,65,3,0
8965,3486102.4609675803,105,75,2,0
8966,10351530.065752473,104,71,4,0
8967,6571957.45897488,119,74,0,0
8968,18625772.762027826,109,74,3,0
8969,10937697.832333924,110,82,2,0
8970,17672050.40801507,108,71,2,0
8971,8010040.254031755,107,71,1,0
8972,16889662.947340388,114,78,1,0
8973,1234528.794549704,110,81,4,0
8974,6140481.92362502,115,78,0,0
8975,1673965.5778985373,104,74,2,0
8976,729139.2098853734,106,79,3,0
8977,18746286.933123767,116,79,3,0
8978,14644283.713770939,117,77,1,0
8979,12780885.145199914,109,76,5,0
8980,10900050.97641174,116,75,3,0
8981,11652675.54587714,108,79,3,0
8982,13056668.789043544,109,75,2,0
8983,16872251.83966412,115,76,2,0
8984,12207774.03567327,109,75,1,0
8985,15288278.704950556,108,72,2,0
8986,5792389.885337524,116,89,7,0
8987,19922086.66688179,117,72,1,0
8988,734155.7500558086,109,73,1,0
8989,7936842.866253612,110,69,0,0
8990,17998709.472116616,104,75,3,0
8991,3752388.1170460754,109,77,1,0
8992,2956637.4560595523,106,65,1,0
8993,7507421.841896683,114,75,4,0
8994,8782006.700215526,112,72,4,0
8995,19041393.2262941,116,77,1,0
8996,17065981.063052855,119,79,6,0
8997,9510946.726363884,119,73,3,0
8998,19845189.15866324,119,79,4,1
8999,13129532.920300616,112,70,2,0
9000,17828312.065595455,113,87,2,0
9001,5083226.736934257,113,81,2,0
9002,10016086.83525433,113,69,2,0
9003,689885.2819571047,104,76,1,0
9004,266735.41277773655,110,75,2,0
9005,14412461.82955027,112,78,4,0
9006,2488659.567582433,113,69,0,0
9007,11211070.55595164,105,71,0,0
9008,14220641.545728201,107,71,0,0
9009,741007.0833170223,117,73,0,0
9010,9199260.837290851,111,72,1,0
9011,13979883.87553364,113,75,1,0
9012,18154701.008961152,117,78,3,0
9013,6163045.190978198,115,76,2,0
9014,19870399.598217506,112,80,2,0
9015,17237010.95848927,113,75,4,0
9016,13299236.789809465,116,81,1,0
9017,8045466.430951534,112,76,4,0
9018,14527345.075708937,110,75,4,0
9019,16661326.430973109,117,77,4,0
9020,6245692.539246251,106,70,4,0
9021,20248395.82610599,108,68,1,0
9022,18538278.713229306,108,81,1,0
9023,9945769.049907936,108,69,3,0
9024,14765340.797600416,112,71,1,0
9025,10727763.028360374,111,74,4,0
9026,15539073.281796329,108,76,0,0
9027,16880423.803472493,120,77,2,1
9028,557994.3611071567,104,73,6,0
9029,1693381.6063489048,111,73,1,0
9030,6919245.694658222,110,81,3,0
9031,18720930.606044702,112,65,0,0
9032,8174380.6170427,114,78,2,0
9033,18109643.061434597,118,78,4,0
9034,9477322.924160587,111,71,1,0
9035,5952309.564519308,108,75,5,0
9036,18376342.11955993,119,73,4,0
9037,11472277.706892936,114,75,2,0
9038,7406970.869752067,111,76,0,0
9039,988199.6668722525,116,77,0,0
9040,2339185.6805055514,119,89,1,0
9041,2915458.409613145,108,74,3,0
9042,7495349.451142428,106,76,1,0
9043,12419874.73207384,115,74,4,0
9044,6332817.007634782,107,70,2,0
9045,1417108.9754420565,111,77,3,0
9046,5464029.913945488,111,83,3,0
9047,8385743.493808923,110,71,2,0
9048,20237020.80350619,120,75,6,0
9049,8067020.866920162,102,74,3,0
9050,1897744.8857555932,116,71,3,0
9051,11887447.206410851,109,74,4,0
9052,18762082.73886564,119,84,2,0
9053,16062301.574204875,114,82,2,0
9054,17067986.935650725,120,76,3,0
9055,18936560.022527684,115,81,1,0
9056,13013070.849352151,113,84,2,0
9057,20290892.84501899,117,82,1,0
9058,762268.8084879967,109,79,1,0
9059,17039990.207253005,111,73,1,0
9060,17490229.87239028,117,77,2,0
9061,18702384.85543768,112,75,1,0
9062,9796874.077885767,109,69,1,0
9063,16083832.194517696,109,64,2,0
9064,4048014.713193271,104,72,1,0
9065,12334527.360829106,115,76,2,0
9066,7369622.296136228,111,74,2,0
9067,12193256.028183132,118,74,1,0
9068,13805412.555167899,110,74,2,1
9069,7134531.656814702,111,76,3,0
9070,4477680.886923003,118,79,2,0
9071,6619109.377951826,117,80,1,0
9072,13569778.150743902,114,77,1,0
9073,13832091.187733967,115,75,1,0
9074,15140767.81000299,106,69,1,0
9075,2656054.832251084,111,73,2,0
9076,16708523.754331503,112,79,1,0
9077,14061030.294573108,113,72,2,0
9078,705884.8954028242,112,82,5,0
9079,6901586.887187237,115,78,2,0
9080,9564185.500446374,117,67,2,0
9081,7409675.74777928,107,72,2,0
9082,2470855.19898117,117,86,5,0
9083,4297105.407213881,106,60,2,0
9084,585182.9832770075,105,77,0,0
9085,1976573.761883305,110,78,1,0
9086,5494316.270702966,111,75,5,0
9087,16738028.166424163,106,72,2,0
9088,10781143.896800688,113,82,4,0
9089,8706933.364998704,109,74,2,0
9090,13533340.20073263,115,80,2,0
9091,11083179.854856076,101,68,0,0
9092,2757132.2189825554,115,76,3,0
9093,4607346.223196112,108,70,2,0
9094,4605295.098052863,108,69,4,0
9095,12269995.6451264,116,76,0,0
9096,9460882.978826772,115,70,2,0
9097,7957322.4164607925,116,72,2,0
9098,11390405.667214198,115,73,5,0
9099,19787123.33135786,114,85,0,0
9100,6466915.028200324,114,80,6,0
9101,10650320.788056016,107,76,1,0
9102,9841562.129694443,112,74,2,0
9103,14639700.031481918,116,72,3,0
9104,14916842.646089867,107,75,4,0
9105,14892076.582167462,111,75,1,0
9106,4178779.021564054,105,75,1,0
9107,9206403.775968457,113,83,2,0
9108,16559411.155543312,117,63,2,0
9109,7834362.091271177,113,77,2,0
9110,20074259.21987696,112,74,3,0
9111,7494343.237619264,107,76,2,0
9112,10192818.862929754,107,75,2,0
9113,9722875.9690122,116,64,2,0
9114,8893071.03502439,109,79,3,0
9115,17259143.575287547,116,80,4,0
9116,3239667.4140300397,108,72,2,0
9117,11614307.791972602,113,71,1,0
9118,12648713.392303001,112,70,4,0
9119,17372661.835749555,109,76,4,0
9120,12457793.16771544,112,67,1,0
9121,19582109.214735135,114,78,0,0
9122,17798033.03351004,116,82,1,0
9123,7168471.37516793,118,77,1,0
9124,17549036.12838815,112,77,0,0
9125,19550784.05748426,119,70,3,0
9126,5309457.471344129,107,67,3,0
9127,12478276.362218142,111,67,3,0
9128,5809161.130279152,110,71,3,0
9129,13277552.47669004,116,81,4,0
9130,1988060.617619102,116,82,3,0
9131,14995996.672908073,111,70,3,0
9132,8611933.151182784,105,65,3,0
9133,12013199.261689607,119,81,0,0
9134,611603.3254861908,120,81,3,0
9135,14209146.895829262,114,78,3,0
9136,10158794.023236869,107,73,1,0
9137,12783747.36372162,110,76,1,0
9138,6496858.915826392,116,76,2,0
9139,3047657.753772715,116,87,2,0
9140,8928916.782480853,107,78,5,0
9141,19256350.40343495,117,86,3,0
9142,4712349.975674817,118,85,0,0
9143,13811068.320807077,114,80,6,0
9144,1098602.7548358527,107,69,2,0
9145,14669283.199286675,119,74,2,0
9146,4928487.014690001,111,88,4,0
9147,9255627.852313193,114,71,2,0
9148,7554582.865638434,108,72,1,0
9149,2377916.5559515283,112,69,3,0
9150,7104340.058828136,115,80,1,0
9151,7196597.603034696,116,83,4,0
9152,10689112.475160584,104,74,2,0
9153,19832525.990332086,117,75,1,0
9154,9631327.840136876,115,68,2,0
9155,18656200.598125275,112,68,0,0
9156,9459528.30702495,115,70,4,0
9157,2270346.3368479204,111,69,4,0
9158,4760252.9361056825,114,80,1,0
9159,8362105.958307323,110,69,1,0
9160,6693858.8939693235,116,72,1,0
9161,17669314.839494828,111,74,2,0
9162,13868063.431166686,122,76,3,0
9163,11830456.718183652,120,76,1,0
9164,10062093.234694216,106,63,3,0
9165,8154012.807967054,112,71,2,0
9166,12518559.191132553,109,71,3,0
9167,2616872.4729783116,106,83,4,0
9168,3387058.973033633,102,56,0,0
9169,6241965.658238824,107,72,1,0
9170,3562748.7172449147,106,71,2,0
9171,13836649.946468366,111,72,3,0
9172,589385.163789467,109,86,4,0
9173,3339220.4297716944,116,73,1,0
9174,18416204.4444579,112,74,2,0
9175,20344107.23683485,113,84,4,0
9176,9988192.387541782,102,70,0,0
9177,10146177.294896659,111,77,1,0
9178,15792272.704013,102,70,3,0
9179,821323.4664875902,117,75,2,0
9180,8758181.445852304,107,73,3,0
9181,2113664.692745478,108,73,3,0
9182,8228252.608434854,110,70,3,0
9183,20065460.420908738,112,80,3,0
9184,15390883.213242337,113,80,2,0
9185,20090317.625065133,114,78,3,0
9186,15236857.070668312,101,60,4,0
9187,12435656.094219474,113,70,1,1
9188,15402814.986753289,107,78,1,0
9189,13470970.058025569,113,74,2,0
9190,9510467.308835994,120,74,2,0
9191,6027313.932444203,111,83,2,0
9192,10649967.957738345,106,76,2,0
9193,5335782.07060069,106,71,3,0
9194,9969628.57300851,106,72,3,0
9195,3054059.3692830456,117,79,0,0
9196,11568217.511844,115,84,2,0
9197,5067523.079535899,114,77,3,0
9198,6048875.93160382,119,91,2,0
9199,10220463.89206003,115,74,1,0
9200,3386918.135861053,103,56,3,0
9201,19630025.72492479,112,82,2,0
9202,9162766.379272372,117,77,2,0
9203,7240345.68356821,111,83,5,0
9204,679312.9775780964,109,74,4,0
9205,17210872.304337982,110,74,3,0
9206,12795584.81847593,110,75,0,0
9207,8542589.322455129,114,72,2,0
9208,5072581.875846029,112,71,1,0
9209,15218352.643492252,108,75,1,0
9210,19286719.49433148,122,75,3,0
9211,7819731.178498966,109,77,3,0
9212,2825409.246218077,109,73,3,0
9213,2303883.2497158414,109,72,1,0
9214,215596.38936762157,112,74,2,0
9215,15194349.50901582,113,70,3,0
9216,20016184.938736763,111,77,3,0
9217,20248145.795818362,108,68,0,0
9218,16011564.162294395,103,68,2,0
9219,3379963.2961247345,104,59,3,0
9220,19941332.546901308,114,80,1,0
9221,6743504.275106419,116,81,2,0
9222,6861413.581730779,111,74,2,0
9223,14044563.904558493,122,71,4,0
9224,1082471.271433129,106,73,2,0
9225,16855801.36707075,116,76,3,0
9226,20339114.17200251,109,73,1,0
9227,15826207.025538806,109,78,1,0
9228,15960373.512842039,112,72,0,0
9229,8012733.896397291,105,73,2,0
9230,1425105.1995743543,108,72,4,0
9231,16183573.187458975,110,76,1,0
9232,12213247.565627927,110,75,0,0
9233,18552886.36321564,103,64,4,0
9234,2441328.1914279684,118,84,3,1
9235,6282717.116089914,113,77,3,0
9236,7410460.907353043,108,73,7,0
9237,13962171.009242175,110,75,2,0
9238,16083613.67423363,109,64,2,1
9239,19602418.049368974,121,79,0,0
9240,6085410.408383599,115,72,1,0
9241,10110970.730559308,102,68,2,0
9242,674526.9837189756,114,76,1,0
9243,5223976.633484052,111,68,1,0
9244,7681513.641490408,113,76,0,0
9245,12145178.919636194,110,76,4,0
9246,9648141.945814587,120,75,3,0
9247,7488013.723927352,111,72,2,0
9248,12759925.713091256,116,70,1,0
9249,16913595.724621195,116,83,5,0
9250,4994363.776201906,103,67,1,0
9251,7049386.205668748,113,71,3,0
9252,14401707.508384125,113,72,2,0
9253,15884506.503348729,109,69,0,0
9254,16848229.51243852,114,79,2,0
9255,4337414.660873299,114,84,3,0
9256,11037617.742167095,112,72,0,0
9257,18363465.384412065,116,81,1,0
9258,8045973.061815977,111,76,1,0
9259,8816293.842983264,116,72,0,0
9260,20085790.415557567,114,75,2,0
9261,2382227.914569707,109,74,4,0
9262,14415482.96119112,111,84,5,0
9263,17351599.178295616,111,68,2,0
9264,3148654.418396972,111,76,1,0
9265,14595230.535540575,116,78,2,0
9266,9625655.917299258,119,81,2,0
9267,17406566.929618787,109,75,2,0
9268,18514578.669376846,105,68,0,0
9269,17804474.419301815,110,76,1,0
9270,1393907.6198995595,118,73,4,0
9271,15456314.219447771,115,80,0,0
9272,18800413.38178223,112,79,6,0
9273,12704495.593768997,112,66,2,0
9274,12288750.685772987,110,75,4,0
9275,1000351.4051258789,105,81,4,0
9276,17470376.201749317,114,69,3,0
9277,1028744.9518942806,121,79,1,0
9278,6453027.6826174045,114,66,2,0
9279,18888456.78462666,112,77,4,0
9280,19373444.46049384,110,78,2,0
9281,20229519.415768847,116,82,3,0
9282,9760987.055312248,115,82,4,0
9283,3689568.2560870154,97,61,2,0
9284,9995381.460730303,105,72,0,0
9285,2164129.9574165307,116,70,7,0
9286,17805514.28651856,109,75,2,0
9287,11469565.918282874,114,77,1,1
9288,8300943.9979187995,113,77,2,0
9289,1701477.6936991836,112,74,3,0
9290,8315865.568521405,112,73,3,0
9291,17676672.706542976,112,76,2,0
9292,14370886.314374246,114,75,2,0
9293,1760873.667405705,108,69,0,0
9294,3333731.4491592883,113,77,0,0
9295,8053243.905891721,109,70,2,0
9296,2145084.6291525615,118,79,0,0
9297,19054534.91052255,116,83,4,0
9298,13332885.925545976,116,76,1,0
9299,2012027.5812799947,112,71,3,0
9300,16089955.723037444,110,66,3,0
9301,7567840.235067587,109,67,2,0
9302,5059135.101328988,116,72,6,0
9303,11661426.20693447,112,76,2,0
9304,357955.93055870465,113,80,0,0
9305,9537509.52233317,108,70,2,0
9306,17222054.277779464,115,74,2,0
9307,18933022.436236527,117,80,1,0
9308,7042863.915407292,113,74,1,0
9309,13132745.257820455,109,72,0,0
9310,4692639.657018924,107,74,1,0
9311,11462982.960329078,111,80,1,0
9312,5245093.4516285015,105,74,0,0
9313,11689279.434602862,109,73,4,0
9314,3573664.0691440166,101,68,0,0
9315,19200574.269674473,120,77,2,0
9316,18097565.343888715,121,87,1,0
9317,6928401.04250726,117,79,1,0
9318,15858559.283132164,118,79,1,0
9319,2025859.685257114,114,82,3,0
9320,15121353.189626267,106,68,1,0
9321,5822467.02052295,115,73,2,0
9322,2840958.7815619414,113,83,2,0
9323,13858835.976699425,111,73,2,0
9324,9627048.93354903,118,78,2,0
9325,10852262.976101164,110,76,1,0
9326,10657110.64435924,105,72,3,0
9327,1293645.8414162023,115,82,0,0
9328,1129809.546474448,113,82,1,0
9329,12294669.203176374,108,64,3,0
9330,12755593.611096859,114,70,1,0
9331,1044402.0238863411,115,70,7,0
9332,7771594.576245048,110,72,3,0
9333,12531938.644801335,112,71,3,0
9334,13422008.084771173,110,80,1,0
9335,16906692.809084497,115,83,4,0
9336,8630462.922372017,104,69,1,0
9337,11220199.716420183,115,74,4,0
9338,11835572.683713617,116,72,4,0
9339,6423290.795149558,112,68,1,0
9340,1179464.742623272,109,70,1,0
9341,172218.41900278314,116,76,3,0
9342,17066100.500368554,119,78,4,0
9343,4152627.759055613,107,75,2,0
9344,12885359.61787806,112,73,0,0
9345,11804849.37730926,108,75,0,0
9346,8201988.669215763,111,66,3,0
9347,17012648.71576899,111,79,3,0
9348,14269260.244702864,104,70,0,0
9349,548224.5429373484,104,78,0,0
9350,15859192.564098211,117,80,2,0
9351,10382329.196452588,111,76,4,0
9352,7133528.914978821,111,74,1,0
9353,14847682.85057655,111,83,1,0
9354,14018746.38060458,114,81,2,0
9355,6393701.69934747,113,71,2,0
9356,20049560.186830375,112,75,4,0
9357,13260112.464747602,115,83,1,0
9358,12388332.08862869,112,76,3,0
9359,1505502.4694424344,99,62,2,0
9360,5758694.06372879,111,73,1,0
9361,9163369.249644443,118,75,2,0
9362,12892894.552839184,117,75,1,0
9363,10499398.70742022,108,76,2,0
9364,15581767.599763624,108,70,0,0
9365,5418520.0777131645,112,76,2,0
9366,14345523.397398578,114,76,2,0
9367,16669526.189446973,119,83,3,0
9368,15622728.884148382,108,77,2,0
9369,15740444.101179948,107,65,2,0
9370,18129845.91605715,118,83,3,0
9371,1795864.1692767886,109,79,3,0
9372,14244687.554836735,117,76,4,0
9373,19757929.43699264,117,75,4,0
9374,11735867.937392171,109,76,3,0
9375,4499572.737254252,112,77,2,0
9376,20368692.786140405,112,77,0,0
9377,3633676.591701465,113,73,1,0
9378,6900771.495209693,115,76,2,0
9379,3580570.097500477,104,70,0,0
9380,9519541.533428887,113,74,2,0
9381,8592766.452775497,104,71,1,0
9382,10062323.629978107,106,63,1,0
9383,18931515.694965642,117,78,1,0
9384,9800020.29776711,108,68,2,0
9385,10537225.5822162,110,69,5,0
9386,18092785.53414988,116,81,5,0
9387,16693102.239255609,109,77,1,0
9388,4954579.121313831,108,76,2,0
9389,348895.12840539846,112,82,1,0
9390,12870025.918602373,114,80,1,0
9391,17243272.282562822,111,79,2,0
9392,11313458.94684696,111,78,3,0
9393,4374896.420852854,115,78,4,0
9394,15141542.63939786,107,71,4,0
9395,13683135.935556626,107,70,3,0
9396,11560854.756677927,113,79,0,0
9397,17618685.68754853,113,76,0,0
9398,16012480.006544702,102,70,1,0
9399,13650903.891777255,116,74,0,0
9400,13586053.147055909,109,77,3,0
9401,13534146.216275647,114,78,4,0
9402,10751235.573867613,110,68,2,0
9403,9507535.190769387,118,78,3,0
9404,14496682.291316198,113,66,3,0
9405,12484077.731904866,110,58,3,0
9406,10036729.266974509,110,72,1,0
9407,2658588.1106838686,113,72,1,0
9408,14340889.068453025,111,78,3,0
9409,13205080.57186909,110,77,3,0
9410,7036644.1352995215,111,68,3,0
9411,7322468.330229293,109,72,3,0
9412,5096739.488065049,112,78,2,0
9413,19620590.260158256,116,86,2,1
9414,17555025.19659287,112,78,2,0
9415,11479959.269691534,106,75,0,0
9416,8243011.439051684,110,68,2,0
9417,15049552.725041486,111,77,2,0
9418,10803292.7094963,114,84,2,0
9419,19903592.45633457,118,86,1,0
9420,1205807.994485546,111,75,2,0
9421,782660.9728643515,113,84,3,0
9422,11633525.108596075,111,75,2,0
9423,4214513.142677243,110,66,1,0
9424,12358367.231711889,114,73,1,0
9425,15955226.294524658,106,68,2,0
9426,2891077.7862379234,107,54,7,0
9427,9034095.573551258,109,66,2,0
9428,14071575.663856126,121,77,2,0
9429,17020167.84779843,110,76,5,0
9430,10165957.242822329,107,76,2,0
9431,4272884.581452724,114,77,3,0
9432,11982576.962730799,109,72,2,0
9433,9316550.8248398,115,65,0,0
9434,15762352.801436298,109,69,2,0
9435,11368816.481407788,116,77,1,0
9436,5760807.366521521,111,75,1,0
9437,15406309.65653,106,81,1,0
9438,10600599.240426293,113,75,5,0
9439,3691944.3650473636,98,54,0,0
9440,11521047.509438368,112,64,3,0
9441,19344504.44732605,114,68,1,0
9442,14413742.02061917,113,80,3,0
9443,6154379.1431440525,119,75,1,0
9444,14522528.094577245,115,79,3,0
9445,5825455.921307849,117,72,5,0
9446,11107107.83725293,105,58,1,0
9447,10780296.132692108,115,82,2,0
9448,5110315.012589344,118,79,2,0
9449,7151032.254679392,111,72,1,0
9450,19219844.1112131,115,82,2,0
9451,5175454.8381100595,116,84,3,0
9452,16353336.791240608,109,76,4,0
9453,13639094.790654534,113,76,5,0
9454,10902819.371680215,114,75,2,0
9455,2878996.963150753,111,70,0,0
9456,4240741.017660039,120,69,2,0
9457,3721005.9888244867,107,69,2,0
9458,12002783.093535373,112,68,0,0
9459,19853476.605680164,116,85,3,0
9460,17901024.052729484,112,84,2,0
9461,599205.137780683,109,80,3,0
9462,5645130.798931548,110,61,3,0
9463,3279921.573109471,109,72,2,0
9464,19900075.34212583,116,84,1,0
9465,4871078.4001185885,112,81,4,0
9466,4174587.6364938114,108,72,2,0
9467,12694887.111951089,114,80,2,0
9468,11381214.664603334,107,71,4,0
9469,4672901.592035805,107,79,2,0
9470,13699901.523076499,110,76,0,0
9471,2056383.6440880292,112,76,2,0
9472,479739.2453289458,102,69,1,0
9473,1760046.6037482088,107,69,1,0
9474,7495997.9858256,106,75,5,0
9475,19886641.57995064,123,89,0,0
9476,11199673.153021038,106,67,5,0
9477,15413075.809596902,103,74,2,0
9478,6615207.138017614,115,84,3,0
9479,14694450.006209254,111,74,1,0
9480,19707221.298989587,119,87,1,0
9481,7351665.055491825,117,75,0,0
9482,20374899.376824994,114,80,1,0
9483,13050973.921570662,116,77,2,0
9484,15288494.967768626,108,71,2,0
9485,5207311.41963269,104,69,3,0
9486,13146030.104143752,114,70,1,0
9487,10463710.55219758,114,81,0,0
9488,19508642.36329758,112,79,3,0
9489,18458179.000490364,110,71,4,0
9490,8141868.469930898,107,76,1,0
9491,19315052.16633783,117,70,1,0
9492,18054819.396226097,108,69,0,0
9493,12075679.07975633,117,87,1,0
9494,1754017.6445344682,106,68,4,0
9495,3351663.8912176285,108,74,1,0
9496,1647531.4111376654,109,70,1,0
9497,2279480.9750472717,119,74,0,0
9498,19925958.038224865,115,70,1,0
9499,4395008.645561934,114,75,2,0
9500,14115998.516341249,108,75,3,0
9501,13012761.245718613,112,84,4,0
9502,12903437.457488861,111,74,6,0
9503,4284062.142196335,112,79,4,0
9504,11851538.900124896,114,67,2,0
9505,12789582.588031363,111,73,1,0
9506,11669963.008302258,112,70,5,0
9507,3866912.9204475717,111,71,0,0
9508,14770025.381154358,108,77,3,0
9509,1573792.8349357394,109,60,1,0
9510,12092253.360028153,116,73,4,0
9511,8945780.01867291,111,73,2,0
9512,5169120.018709207,110,72,5,0
9513,16482532.633547215,114,76,2,0
9514,3658355.8869520416,108,62,0,0
9515,19033020.387303628,109,79,1,0
9516,18049792.769135337,108,67,3,0
9517,7409067.672748716,108,72,3,0
9518,6283323.658703969,114,77,0,0
9519,2878424.572197697,110,71,3,0
9520,18694818.7548604,118,71,4,0
9521,12830065.976239478,110,71,1,0
9522,731848.2727353739,107,78,2,0
9523,10463571.711151361,115,81,2,0
9524,1828770.7129400575,122,79,2,0
9525,11737899.409748329,111,74,0,0
9526,10422190.990971731,110,74,2,0
9527,1768804.3536510775,109,67,3,0
9528,16654570.580778176,119,85,5,0
9529,5413432.3070219,109,79,1,0
9530,11082647.873751657,101,68,2,0
9531,13063745.89106224,109,74,1,0
9532,19628495.54603105,116,85,0,0
9533,10114530.334326759,103,75,3,0
9534,18714881.777314235,110,68,2,0
9535,7292700.9451525295,112,65,0,0
9536,17498891.71622744,108,85,1,0
9537,4875464.686438591,110,71,3,0
9538,14453616.02363349,115,81,1,0
9539,1885896.9243789671,108,74,2,0
9540,20110716.223389078,111,77,2,0
9541,19458558.833845023,106,71,0,0
9542,9066697.685555499,115,72,2,0
9543,10726266.832858874,111,73,3,0
9544,12225772.794009466,109,65,3,0
9545,5671752.747153943,114,73,0,0
9546,13783296.11757236,118,77,1,0
9547,14272516.586865868,105,70,3,0
9548,10749443.375544768,112,67,2,0
9549,3086658.886712807,118,74,0,0
9550,18752860.474173058,115,77,2,0
9551,2422689.514241817,124,78,1,0
9552,12863376.73330558,115,86,5,0
9553,2179881.984512263,116,69,2,0
9554,3053354.7607877394,118,79,2,0
9555,503483.8659718477,107,78,2,0
9556,7465452.46932953,110,66,3,0
9557,13074786.885256976,109,72,4,0
9558,10677711.396647273,114,77,0,0
9559,13784671.267893748,113,80,4,0
9560,13794413.019022962,109,82,2,0
9561,2932992.323537401,112,72,3,0
9562,1250785.053726831,112,81,3,0
9563,12785922.972691102,112,74,4,0
9564,13351817.895715237,109,72,1,0
9565,11391716.771763677,113,73,2,0
9566,5077245.8611226985,111,77,2,0
9567,16551095.720388819,113,74,2,0
9568,1623401.3282917903,111,72,1,0
9569,12927134.892822437,115,84,4,0
9570,2531669.3060239377,111,73,4,0
9571,13376662.446239455,114,77,2,0
9572,8569408.208804436,110,72,1,0
9573,14669349.608606055,119,75,3,0
9574,1146298.3710205988,110,76,1,0
9575,11358803.296863921,105,69,1,0
9576,3028522.419297105,120,74,1,0
9577,13943933.222092856,113,78,2,0
9578,2522410.978425122,117,74,0,0
9579,1580700.6891785287,102,67,2,0
9580,14568212.53639353,113,76,0,0
9581,1376581.1144388502,117,76,2,0
9582,4646082.038226056,110,81,7,0
9583,16834792.4891493,108,74,1,0
9584,16529226.279646337,114,69,3,1
9585,17431644.238708887,110,73,1,0
9586,6708706.117811763,115,76,4,0
9587,10809788.14864775,124,86,3,0
9588,15791228.697784692,105,69,4,0
9589,2868247.044639018,108,74,1,0
9590,14797040.21876112,98,68,3,0
9591,2066113.788966888,115,80,1,0
9592,18632328.059750978,108,67,2,0
9593,13028640.262373094,112,74,2,0
9594,10104246.967978487,108,70,2,0
9595,9930087.812078904,110,66,1,0
9596,3769427.9228153024,112,82,2,0
9597,7111151.632860126,107,76,1,0
9598,14852536.545794537,107,78,2,0
9599,11071666.67486258,111,60,2,0
9600,10835338.670386499,107,71,3,0
9601,4051375.528073808,107,70,1,0
9602,14106001.686230633,114,78,2,0
9603,8047667.649193477,112,75,2,0
9604,3797681.695674376,104,68,3,0
9605,19252403.221517615,121,77,4,0
9606,10378266.231847962,115,79,3,0
9607,10809557.023022113,123,86,4,0
9608,20015708.203878194,112,77,4,0
9609,7527229.271203512,110,76,1,0
9610,19236886.853820402,114,74,4,0
9611,14198666.263794873,112,73,1,0
9612,12943052.871528298,124,83,2,0
9613,4846873.108527119,115,78,4,0
9614,1137433.4925822865,107,83,4,0
9615,8976739.074359285,118,85,4,0
9616,292947.8278243869,106,70,3,0
9617,1528290.5877206388,109,70,3,0
9618,12176057.623939048,117,80,5,0
9619,14798684.197313812,98,66,4,0
9620,3497027.5453854464,109,70,1,0
9621,14961725.38041393,113,71,1,0
9622,19373052.19615558,110,79,5,0
9623,15178522.576955311,112,71,2,0
9624,16022082.793041937,108,71,1,0
9625,14316190.795057988,108,72,2,0
9626,4650278.045778905,108,81,0,0
9627,7415208.589323856,110,77,2,0
9628,19363733.773144342,110,77,2,0
9629,13513999.953493582,111,70,1,0
9630,16109598.686839566,111,73,0,0
9631,19758262.84165017,118,74,3,0
9632,4786328.407003011,113,72,3,0
9633,6619084.165400717,117,80,0,0
9634,13180774.045101885,110,65,4,0
9635,581041.8346161072,107,73,1,0
9636,11686488.534861961,107,70,2,0
9637,16508920.135828635,117,74,3,0
9638,12483039.858270803,111,60,2,0
9639,6085128.65204866,116,74,2,0
9640,14791216.082755405,100,70,2,0
9641,3051951.8213504627,116,79,2,0
9642,18257101.704720408,111,77,2,0
9643,2135742.084357152,119,83,2,0
9644,17621832.54799402,110,77,3,0
9645,10195714.734696316,111,81,4,0
9646,8791191.888028884,111,81,0,0
9647,10253638.769061629,112,67,1,0
9648,4152109.5206898064,107,74,2,0
9649,9380895.675448563,110,75,5,1
9650,17342170.1333436,112,78,1,0
9651,16351878.676882483,109,73,1,0
9652,3397524.4190361183,107,61,1,0
9653,13761963.855453735,107,63,0,0
9654,17486708.44201187,114,75,2,0
9655,16733912.282635331,109,80,3,0
9656,8729973.40550184,112,71,0,0
9657,1063050.1646127817,114,66,5,0
9658,18996216.173981708,120,86,3,0
9659,8125876.578596103,113,77,4,0
9660,7416969.158746927,109,79,3,0
9661,15510325.686497942,109,74,5,0
9662,5447042.163325797,118,85,7,0
9663,17038126.9245121,112,73,3,0
9664,1630824.6764943341,112,72,2,0
9665,15128466.779664524,109,67,3,0
9666,19699266.656090446,114,82,2,0
9667,20308074.419401966,121,86,1,0
9668,18846649.422439065,107,72,2,0
9669,17769494.62402917,115,73,2,0
9670,5749788.046197802,115,79,3,0
9671,19716708.288940195,117,88,1,0
9672,18929752.86854435,116,75,2,0
9673,10938223.123664679,110,84,1,0
9674,8251632.174365087,107,70,2,0
9675,2305355.6783582633,110,77,2,0
9676,12080760.598841503,115,83,2,0
9677,14312806.904209381,109,70,3,0
9678,8290601.012617218,109,70,2,0
9679,8331885.905460589,110,71,1,0
9680,11728978.398069795,114,76,2,0
9681,650628.3060442789,109,76,0,0
9682,19538357.477463543,115,68,1,0
9683,5973689.137437135,113,80,4,0
9684,2947555.2644577096,117,71,2,0
9685,197856.15334280801,110,64,0,0
9686,17487810.66584451,115,76,4,0
9687,17616070.10478936,116,81,1,0
9688,2021848.40190385,110,82,1,0
9689,3178055.4825446154,110,73,3,0
9690,9182219.351490248,117,87,2,0
9691,3857606.0649615107,113,74,1,0
9692,15029161.318426125,112,78,5,0
9693,1265047.9398935272,112,80,6,0
9694,11249677.238359213,104,73,1,0
9695,7859977.987707119,109,72,1,0
9696,9528347.212228768,116,74,3,0
9697,8712197.643315202,107,70,4,0
9698,3196695.4152407325,114,75,1,0
9699,4559788.29105216,113,78,0,0
9700,1402488.8263933791,115,70,1,0
9701,2427573.3489434193,128,84,2,0
9702,19945096.895754356,112,78,2,0
9703,5768198.656816961,113,82,2,0
9704,6321351.842692135,104,70,1,0
9705,2667624.5158833414,115,78,4,0
9706,15421972.59923823,106,70,3,0
9707,18853522.532159247,110,75,3,0
9708,16124338.006534722,109,79,0,0
9709,12527157.217817387,109,75,3,0
9710,16601208.757053338,113,73,5,0
9711,8295345.8783073155,112,73,3,0
9712,17540728.48803657,108,81,4,0
9713,16302401.390912345,110,74,4,0
9714,121423.38569962411,109,75,5,0
9715,9992328.174250968,106,72,2,0
9716,5460127.580386493,116,83,1,0
9717,1837583.5724286127,116,77,0,0
9718,17270610.757704712,112,67,4,0
9719,247839.00891347133,110,74,2,0
9720,14914268.334339434,109,75,4,0
9721,20154210.316362455,116,78,1,0
9722,9875064.614363551,111,75,2,0
9723,7625404.185838678,107,70,5,0
9724,12389413.30629069,109,75,2,0
9725,16427881.604737867,116,86,3,0
9726,4965341.388790852,107,66,4,0
9727,5177544.342678352,114,82,4,0
9728,12416728.23887005,115,73,0,0
9729,19173103.449980892,120,74,0,0
9730,6146999.651718665,112,77,0,0
9731,7737382.998989506,112,75,4,0
9732,20258615.352734976,112,75,3,0
9733,3665049.24214784,112,68,2,0
9734,1649438.776098325,108,71,2,0
9735,12062913.489091797,118,68,0,0
9736,579204.2940711542,110,74,3,0
9737,3750565.887436589,109,79,3,0
9738,12721975.157789748,115,71,4,0
9739,13479514.028279314,106,71,3,0
9740,10451911.799744003,115,76,0,0
9741,7879401.823607825,112,82,1,0
9742,11787590.065405127,110,66,4,0
9743,13152020.518297799,113,74,3,0
9744,16403192.003272325,115,73,2,0
9745,16185266.718954299,111,77,4,0
9746,13586908.025771355,107,73,4,0
9747,18246117.607170388,106,78,2,0
9748,17104681.639914326,117,79,2,0
9749,2792306.636486642,112,76,3,0
9750,19514263.42262077,114,77,2,0
9751,18195545.9785514,112,80,3,0
9752,6603660.790575844,112,77,2,0
9753,496297.09930431447,105,76,1,0
9754,12351701.936388599,116,72,4,0
9755,8989608.783971861,123,89,2,0
9756,15308299.957134133,106,71,3,0
9757,10739762.177735303,108,68,0,0
9758,1639737.162902127,108,74,4,0
9759,5055414.255565886,115,75,2,0
9760,18008339.42991511,111,78,1,0
9761,851787.2647029514,115,82,2,0
9762,15046392.978272654,114,77,1,0
9763,6015071.982074507,113,79,3,0
9764,9278428.064265814,113,64,1,0
9765,10869845.909088181,111,68,7,0
9766,5164952.171651716,111,71,3,0
9767,13326151.892219337,116,73,1,0
9768,14168547.18824443,128,73,2,0
9769,1813753.8893622323,119,87,1,0
9770,7679961.485560309,114,74,1,0
9771,15202916.481976885,110,70,3,1
9772,14741126.91022977,113,83,2,0
9773,11145986.866690034,101,63,1,0
9774,15879108.359647684,111,72,5,0
9775,2272409.429895921,112,68,3,1
9776,2486987.1428795788,112,71,3,0
9777,13438429.714698052,108,83,2,0
9778,14166346.855667118,127,72,3,0
9779,16627485.567118166,117,70,1,0
9780,3762824.499068195,109,83,1,1
9781,10580792.15106311,113,74,0,0
9782,13506297.649710553,109,80,3,0
9783,4629201.4654901065,111,76,3,0
9784,10583964.323336527,114,69,3,0
9785,13051686.177314468,116,79,2,0
9786,4441354.899284141,113,77,4,0
9787,7713191.509995772,103,69,1,0
9788,4479722.020711903,118,80,1,0
9789,18423003.32597421,113,80,1,0
9790,4895216.9746815,106,68,0,0
9791,2540261.2506691706,115,81,0,0
9792,800320.0043686231,112,78,1,0
9793,999297.1363407347,107,80,4,0
9794,3977056.6252121315,118,76,2,0
9795,12437655.164217064,112,71,1,0
9796,444826.5916220744,109,78,1,0
9797,5909480.926398242,109,75,2,0
9798,1267629.9622370335,109,81,6,0
9799,8283740.843727376,106,68,5,0
9800,1072876.9611536162,113,71,4,0
9801,12424115.382905126,112,69,0,0
9802,14066644.614453955,118,78,3,0
9803,14938110.423145693,112,80,4,0
9804,4642276.002348689,108,79,5,0
9805,17723553.8890543,108,74,3,0
9806,14104495.986889523,113,76,1,0
9807,1236829.9934530326,109,76,2,0
9808,9037314.0136251,114,70,4,0
9809,15677691.764811,112,68,2,0
9810,6399909.506263738,111,71,2,0
9811,7834942.956999171,112,78,4,0
9812,12872142.683207273,111,81,2,0
9813,1213083.521041606,124,78,1,0
9814,19722530.02861858,119,89,1,0
9815,3629690.57105811,113,70,2,0
9816,628044.3000163962,118,74,2,0
9817,194496.99008403835,109,58,1,0
9818,8200390.425737728,116,67,1,0
9819,18043463.64472778,111,87,0,0
9820,16733800.399926014,109,80,1,0
9821,18607861.252535507,109,75,4,0
9822,10926237.828003548,104,72,3,0
9823,9199359.019043287,111,72,0,0
9824,7922310.35838634,107,72,1,0
9825,1029039.7159395228,120,79,1,0
9826,18556593.864542536,110,68,3,0
9827,10162545.611681331,108,74,1,0
9828,9327727.362821648,116,76,4,0
9829,10548215.259287888,116,72,0,0
9830,16213772.292055937,113,67,2,0
9831,4644869.025699515,110,80,3,0
9832,14502779.028757304,114,70,3,0
9833,14520427.589367358,119,75,4,0
9834,17338778.080986276,116,79,1,0
9835,262743.0441648867,111,73,4,0
9836,3546724.533801768,115,77,0,0
9837,9652231.052584076,117,82,2,0
9838,17358833.97241272,108,61,2,0
9839,19685607.179196447,117,82,0,0
9840,12166753.87946341,114,78,0,0
9841,4394331.919300524,113,73,1,0
9842,3834872.168928574,107,72,3,0
9843,13071972.039971525,110,68,3,0
9844,4352400.210823565,111,72,0,0
9845,11318278.170015788,110,76,2,0
9846,17039426.732282706,111,74,2,0
9847,8002701.49310874,111,82,0,0
9848,7772261.840403201,112,72,4,0
9849,820323.5054491695,117,78,0,0
9850,5246247.984814491,105,72,0,0
9851,14264992.885364378,109,73,1,0
9852,7405081.249646593,112,76,2,0
9853,3301071.092756819,105,68,3,0
9854,2234288.8301112186,112,72,2,0
9855,2016705.9821333364,112,76,2,0
9856,13471818.106384968,113,72,0,0
9857,12527271.942747869,109,74,0,0
9858,10616317.1733649,112,77,3,0
9859,10246829.378636539,112,71,1,0
9860,3196241.949644221,110,76,0,0
9861,10252470.354737949,112,69,2,0
9862,1303592.3920898752,117,86,1,0
9863,18888363.233919945,113,79,1,0
9864,1264800.3556633387,111,79,4,0
9865,8687281.78582774,110,70,3,0
9866,97996.78501306042,119,73,2,0
9867,16051228.650634617,111,73,1,0
9868,3460917.7207061606,109,67,0,0
9869,18869224.52351551,105,77,4,0
9870,979482.5124532001,114,83,2,0
9871,16754620.875400554,118,80,1,0
9872,13421138.047533838,111,79,2,0
9873,5157933.08484711,119,69,2,0
9874,4197056.4564112285,105,69,0,0
9875,7349980.39984722,113,78,3,0
9876,16909274.390371837,117,84,4,0
9877,17590668.800977096,110,70,1,0
9878,3646025.373228198,111,73,3,0
9879,7264081.410693514,119,76,1,0
9880,4909280.027733411,106,70,3,0
9881,2576981.892691375,112,79,3,0
9882,13214235.582182458,113,77,2,0
9883,7110210.391457957,108,74,5,0
9884,4663409.027699883,108,75,0,0
9885,17672736.385168735,109,71,3,0
9886,15282941.213617267,107,68,4,0
9887,15799631.903265845,112,78,1,0
9888,882374.47979358,115,83,4,0
9889,18670503.1108048,124,84,1,0
9890,11757957.08454958,111,69,3,0
9891,10317425.836411333,113,71,2,0
9892,301362.97299376875,108,74,4,0
9893,18315765.104611624,120,86,7,0
9894,11131510.118441505,106,69,5,0
9895,16843286.451826654,117,77,1,0
9896,13398254.386288974,111,79,1,0
9897,16265335.225733556,115,82,2,0
9898,14158180.777012428,119,81,0,0
9899,18788966.543075033,109,72,2,0
9900,4665442.662509039,109,78,2,0
9901,4190568.086873986,108,69,1,0
9902,14556409.023356758,108,64,3,0
9903,10268525.052328855,107,75,0,0
9904,12253925.382692406,109,75,2,0
9905,14475197.047347762,116,68,1,0
9906,11203352.853397252,105,64,2,0
9907,16082563.457826046,108,61,2,0
9908,6561830.717402917,116,77,2,0
9909,17530434.332445107,110,76,2,0
9910,2273048.3046719297,113,67,3,0
9911,12961499.162536997,118,81,1,0
9912,18162854.909851197,112,77,1,0
9913,5218011.271776658,112,68,1,0
9914,6723627.8444848545,113,72,0,0
9915,6289189.460919145,112,83,3,0
9916,11545241.753242675,106,80,0,0
9917,8470835.681770809,116,75,4,0
9918,2278793.9759624796,119,73,5,0
9919,18186304.38454149,114,81,0,0
9920,4242891.114302691,119,74,2,0
9921,10932283.231150664,106,70,0,0
9922,12165459.904735532,114,81,0,0
9923,913972.1400568178,114,81,5,0
9924,2030087.665073219,117,75,2,0
9925,19819085.963519163,113,72,4,0
9926,13581050.7988176,113,75,3,1
9927,768028.1893880193,107,77,0,0
9928,16214680.093332838,113,65,1,0
9929,10413683.953683466,107,66,0,0
9930,1613522.8299408513,114,73,0,0
9931,13910841.306315325,112,78,2,0
9932,10227036.732854512,110,73,2,0
9933,4247829.353040185,120,81,1,0
9934,17910426.660670914,107,79,2,0
9935,6003625.6104182415,108,78,2,0
9936,5865062.330131593,116,77,4,0
9937,5625776.78960488,111,66,2,0
9938,15671584.938813616,109,72,2,0
9939,14425975.510619694,113,83,3,0
9940,18427121.32225783,109,78,0,0
9941,4743729.135629719,116,83,0,0
9942,16055577.660445135,110,76,2,0
9943,11723580.349901961,115,76,2,0
9944,6354942.040982517,116,80,1,0
9945,806388.3392836369,116,77,2,0
9946,16717259.263356403,115,74,0,0
9947,4981980.9841446355,105,82,1,0
9948,12915584.882238097,114,77,3,0
9949,11232590.49832825,115,74,0,0
9950,176759.4510234283,115,74,2,0
9951,20279132.699364718,114,80,0,0
9952,16623474.825846694,116,71,3,0
9953,9965463.975581484,108,70,4,0
9954,13902500.410334218,113,73,4,0
9955,9764885.118990773,116,80,2,0
9956,15207160.162619954,114,77,3,0
9957,2814290.3770717736,110,76,2,0
9958,9150717.470814595,114,76,3,0
9959,6900354.777124812,116,74,0,0
9960,9420894.822779462,123,70,2,0
9961,9234418.445227131,115,72,0,0
9962,2992294.6945359665,105,61,1,0
9963,19916539.29853068,120,81,2,0
9964,401008.23888418917,105,78,2,0
9965,290957.33417380875,106,70,0,0
9966,7670096.920254109,111,71,3,0
9967,12684754.751995431,114,77,2,0
9968,3734725.8688668367,114,76,3,0
9969,10914290.553684141,109,69,1,0
9970,14764164.016615143,112,73,4,0
9971,1996545.2241437729,114,82,3,0
9972,20077656.493024368,108,71,0,0
9973,6923982.074030493,115,82,0,0
9974,13132315.257025937,109,73,4,0
9975,2334854.592109705,118,84,4,0
9976,14494365.787597207,116,70,0,0
9977,17154051.31360614,115,76,1,0
9978,2224488.5563933467,115,61,1,0
9979,2642378.593685557,110,73,2,0
9980,5793798.472410065,116,87,7,0
9981,328787.76431603695,114,83,1,0
9982,20110735.26488273,111,77,2,0
9983,12238144.440508429,108,77,0,0
9984,12425083.514079696,111,67,5,0
9985,19560620.156417564,116,71,0,0
9986,16982917.285017196,115,76,4,0
9987,16621719.744932853,116,71,1,0
9988,6980878.327014253,113,72,3,0
9989,6886671.849122634,111,71,4,0
9990,6010897.792691307,110,81,3,0
9991,7126958.851848794,112,79,1,0
9992,7590236.122191302,114,75,1,0
9993,2929538.9143422972,113,70,2,0
9994,7314846.816609035,103,69,2,0
9995,9158760.09293583,118,80,3,0
9996,6368502.016331643,115,77,1,0
9997,3444200.0905562174,115,70,2,0
9998,7669469.002049658,111,71,2,0
9999,9852482.695370093,120,74,0,0
