candidate_id,gps_start,detector,legacy_class,score,class,variant
1368981884.0_L1,1368981884.0,L1,ROBUST,0.4383041858673095,ROBUST,idxq4-64_queryq4-64
1368986076.0_H1,1368986076.0,H1,ROBUST,0.3507210910320282,ROBUST,idxq4-64_queryq4-64
1368986812.0_L1,1368986812.0,L1,ROBUST,0.4305736720561981,ROBUST,idxq4-64_queryq4-64
1368987324.0_H1,1368987324.0,H1,BACKGROUND,0.0802247896790504,BACKGROUND,idxq4-64_queryq4-64
1368988220.0_H1,1368988220.0,H1,AMBIGUOUS,0.1639271974563598,AMBIGUOUS,idxq4-64_queryq4-64
1368989372.0_L1,1368989372.0,L1,ROBUST,0.4120590388774872,ROBUST,idxq4-64_queryq4-64
1368989404.0_L1,1368989404.0,L1,ROBUST,0.4345584809780121,ROBUST,idxq4-64_queryq4-64
1368991452.0_L1,1368991452.0,L1,BACKGROUND,0.0861303359270095,BACKGROUND,idxq4-64_queryq4-64
1368991932.0_L1,1368991932.0,L1,AMBIGUOUS,0.1654305160045623,AMBIGUOUS,idxq4-64_queryq4-64
1368993020.0_L1,1368993020.0,L1,ROBUST,0.4208893775939941,ROBUST,idxq4-64_queryq4-64
1368993692.0_H1,1368993692.0,H1,ROBUST,0.431799054145813,ROBUST,idxq4-64_queryq4-64
1368994780.0_H1,1368994780.0,H1,ROBUST,0.206779196858406,ROBUST,idxq4-64_queryq4-64
1368996572.0_H1,1368996572.0,H1,ROBUST,0.4349395632743835,ROBUST,idxq4-64_queryq4-64
1368996764.0_H1,1368996764.0,H1,ROBUST,0.4154054224491119,ROBUST,idxq4-64_queryq4-64
1369185436.0_L1,1369185436.0,L1,AMBIGUOUS,0.1595014184713363,AMBIGUOUS,idxq4-64_queryq4-64
1369186304.0_L1,1369186304.0,L1,BACKGROUND,0.0567808710038661,BACKGROUND,idxq4-64_queryq4-64
1369187516.0_L1,1369187516.0,L1,ROBUST,0.23771333694458,ROBUST,idxq4-64_queryq4-64
1369189084.0_H1,1369189084.0,H1,ROBUST,0.4152038693428039,ROBUST,idxq4-64_queryq4-64
1369189980.0_L1,1369189980.0,L1,BACKGROUND,0.0767065361142158,BACKGROUND,idxq4-64_queryq4-64
1369190172.0_H1,1369190172.0,H1,ROBUST,0.4507196247577667,ROBUST,idxq4-64_queryq4-64
1369190400.0_L1,1369190400.0,L1,BACKGROUND,0.0555352047085762,BACKGROUND,idxq4-64_queryq4-64
1369190400.0_H1,1369190400.0,H1,ROBUST,0.42110806703567505,ROBUST,idxq4-64_queryq4-64
1369190556.0_H1,1369190556.0,H1,BACKGROUND,0.0789562985301017,BACKGROUND,idxq4-64_queryq4-64
1369191196.0_L1,1369191196.0,L1,BACKGROUND,0.0790772289037704,BACKGROUND,idxq4-64_queryq4-64
1369191420.0_H1,1369191420.0,H1,ROBUST,0.4117217063903808,ROBUST,idxq4-64_queryq4-64
1369191484.0_L1,1369191484.0,L1,AMBIGUOUS,0.17137511074543,AMBIGUOUS,idxq4-64_queryq4-64
1369193244.0_L1,1369193244.0,L1,BACKGROUND,0.0754247829318046,BACKGROUND,idxq4-64_queryq4-64
1369193596.0_L1,1369193596.0,L1,ROBUST,0.3373517096042633,ROBUST,idxq4-64_queryq4-64
1369194496.0_L1,1369194496.0,L1,BACKGROUND,0.0757625624537468,BACKGROUND,idxq4-64_queryq4-64
1369195676.0_L1,1369195676.0,L1,ROBUST,0.4241111576557159,ROBUST,idxq4-64_queryq4-64
1369195996.0_H1,1369195996.0,H1,BACKGROUND,0.0771723091602325,BACKGROUND,idxq4-64_queryq4-64
1369196572.0_L1,1369196572.0,L1,ROBUST,0.4764287173748016,ROBUST,idxq4-64_queryq4-64
1369196796.0_L1,1369196796.0,L1,ROBUST,0.4501039981842041,ROBUST,idxq4-64_queryq4-64
1369197340.0_L1,1369197340.0,L1,BACKGROUND,0.0706294849514961,BACKGROUND,idxq4-64_queryq4-64
1369197564.0_H1,1369197564.0,H1,BACKGROUND,0.0956949591636657,BACKGROUND,idxq4-64_queryq4-64
1369198108.0_H1,1369198108.0,H1,AMBIGUOUS,0.1384861320257187,AMBIGUOUS,idxq4-64_queryq4-64
1369198556.0_H1,1369198556.0,H1,AMBIGUOUS,0.174470767378807,AMBIGUOUS,idxq4-64_queryq4-64
1369199228.0_L1,1369199228.0,L1,ROBUST,0.3823144137859344,ROBUST,idxq4-64_queryq4-64
1369199452.0_L1,1369199452.0,L1,ROBUST,0.4072257876396179,ROBUST,idxq4-64_queryq4-64
1369207516.0_H1,1369207516.0,H1,ROBUST,0.3110641539096832,ROBUST,idxq4-64_queryq4-64
1369211740.0_L1,1369211740.0,L1,ROBUST,0.4342482686042785,ROBUST,idxq4-64_queryq4-64
1369212092.0_H1,1369212092.0,H1,BACKGROUND,0.0783138871192932,BACKGROUND,idxq4-64_queryq4-64
1369212412.0_L1,1369212412.0,L1,ROBUST,0.4240713119506836,ROBUST,idxq4-64_queryq4-64
1369213564.0_H1,1369213564.0,H1,ROBUST,0.4320758283138275,ROBUST,idxq4-64_queryq4-64
1369216284.0_L1,1369216284.0,L1,AMBIGUOUS,0.1938857734203338,AMBIGUOUS,idxq4-64_queryq4-64
1369216572.0_L1,1369216572.0,L1,BACKGROUND,0.1210271492600441,BACKGROUND,idxq4-64_queryq4-64
1369216796.0_H1,1369216796.0,H1,ROBUST,0.4286919236183166,ROBUST,idxq4-64_queryq4-64
1369216860.0_H1,1369216860.0,H1,ROBUST,0.2647897601127624,ROBUST,idxq4-64_queryq4-64
1369217436.0_L1,1369217436.0,L1,BACKGROUND,0.1374971717596054,BACKGROUND,idxq4-64_queryq4-64
1369217532.0_L1,1369217532.0,L1,BACKGROUND,0.0980762168765068,BACKGROUND,idxq4-64_queryq4-64
1369217596.0_L1,1369217596.0,L1,BACKGROUND,0.0941400006413459,BACKGROUND,idxq4-64_queryq4-64
1369218844.0_L1,1369218844.0,L1,ROBUST,0.4048353135585785,ROBUST,idxq4-64_queryq4-64
1369218876.0_L1,1369218876.0,L1,ROBUST,0.462275892496109,ROBUST,idxq4-64_queryq4-64
1369218908.0_H1,1369218908.0,H1,BACKGROUND,0.0728876069188118,BACKGROUND,idxq4-64_queryq4-64
1369219228.0_H1,1369219228.0,H1,ROBUST,0.438382476568222,ROBUST,idxq4-64_queryq4-64
1369220604.0_L1,1369220604.0,L1,BACKGROUND,0.0841952264308929,BACKGROUND,idxq4-64_queryq4-64
1369220668.0_L1,1369220668.0,L1,BACKGROUND,0.1170694902539253,BACKGROUND,idxq4-64_queryq4-64
1369223168.0_H1,1369223168.0,H1,BACKGROUND,0.0606866739690303,BACKGROUND,idxq4-64_queryq4-64
1369223420.0_L1,1369223420.0,L1,ROBUST,0.4286045432090759,ROBUST,idxq4-64_queryq4-64
1369223868.0_H1,1369223868.0,H1,ROBUST,0.456029325723648,ROBUST,idxq4-64_queryq4-64
1369223932.0_L1,1369223932.0,L1,AMBIGUOUS,0.1594501435756683,AMBIGUOUS,idxq4-64_queryq4-64
1369224796.0_L1,1369224796.0,L1,AMBIGUOUS,0.1570915132761001,AMBIGUOUS,idxq4-64_queryq4-64
1369225052.0_L1,1369225052.0,L1,BACKGROUND,0.0742168724536895,BACKGROUND,idxq4-64_queryq4-64
1369225116.0_L1,1369225116.0,L1,BACKGROUND,0.1179103553295135,BACKGROUND,idxq4-64_queryq4-64
1369225404.0_L1,1369225404.0,L1,BACKGROUND,0.1480163931846618,BACKGROUND,idxq4-64_queryq4-64
1369225564.0_L1,1369225564.0,L1,BACKGROUND,0.0734077468514442,BACKGROUND,idxq4-64_queryq4-64
1369225724.0_H1,1369225724.0,H1,ROBUST,0.4452657699584961,ROBUST,idxq4-64_queryq4-64
1369227228.0_L1,1369227228.0,L1,AMBIGUOUS,0.1844842880964279,AMBIGUOUS,idxq4-64_queryq4-64
1369229084.0_H1,1369229084.0,H1,ROBUST,0.2674648463726043,ROBUST,idxq4-64_queryq4-64
1369229116.0_L1,1369229116.0,L1,BACKGROUND,0.0707668960094451,BACKGROUND,idxq4-64_queryq4-64
1369229468.0_L1,1369229468.0,L1,BACKGROUND,0.1408355683088302,BACKGROUND,idxq4-64_queryq4-64
1369230492.0_L1,1369230492.0,L1,BACKGROUND,0.1116509288549423,BACKGROUND,idxq4-64_queryq4-64
1369230556.0_H1,1369230556.0,H1,BACKGROUND,0.1064011082053184,BACKGROUND,idxq4-64_queryq4-64
1369230780.0_L1,1369230780.0,L1,BACKGROUND,0.1402280181646347,BACKGROUND,idxq4-64_queryq4-64
1369241756.0_H1,1369241756.0,H1,BACKGROUND,0.0847460851073265,BACKGROUND,idxq4-64_queryq4-64
1369242556.0_H1,1369242556.0,H1,BACKGROUND,0.0722448527812957,BACKGROUND,idxq4-64_queryq4-64
1369243100.0_H1,1369243100.0,H1,BACKGROUND,0.0775884613394737,BACKGROUND,idxq4-64_queryq4-64
1369243132.0_L1,1369243132.0,L1,ROBUST,0.4486826956272125,ROBUST,idxq4-64_queryq4-64
1369243580.0_L1,1369243580.0,L1,BACKGROUND,0.07313784211874,BACKGROUND,idxq4-64_queryq4-64
1369244220.0_L1,1369244220.0,L1,ROBUST,0.4685118794441223,ROBUST,idxq4-64_queryq4-64
1369244284.0_L1,1369244284.0,L1,AMBIGUOUS,0.1596952378749847,AMBIGUOUS,idxq4-64_queryq4-64
1369244508.0_L1,1369244508.0,L1,BACKGROUND,0.1090902462601661,BACKGROUND,idxq4-64_queryq4-64
1369244604.0_L1,1369244604.0,L1,BACKGROUND,0.1212654262781143,BACKGROUND,idxq4-64_queryq4-64
1369245116.0_L1,1369245116.0,L1,BACKGROUND,0.1068989858031272,BACKGROUND,idxq4-64_queryq4-64
1369245148.0_H1,1369245148.0,H1,BACKGROUND,0.1081067398190498,BACKGROUND,idxq4-64_queryq4-64
1369245436.0_L1,1369245436.0,L1,BACKGROUND,0.1151316836476326,BACKGROUND,idxq4-64_queryq4-64
1369245692.0_L1,1369245692.0,L1,BACKGROUND,0.1211281418800354,BACKGROUND,idxq4-64_queryq4-64
1369245852.0_L1,1369245852.0,L1,AMBIGUOUS,0.1537017673254013,AMBIGUOUS,idxq4-64_queryq4-64
1369246460.0_L1,1369246460.0,L1,AMBIGUOUS,0.1599007844924926,AMBIGUOUS,idxq4-64_queryq4-64
1369254108.0_H1,1369254108.0,H1,ROBUST,0.402709424495697,ROBUST,idxq4-64_queryq4-64
1369254172.0_L1,1369254172.0,L1,BACKGROUND,0.1180942729115486,BACKGROUND,idxq4-64_queryq4-64
1369254236.0_L1,1369254236.0,L1,AMBIGUOUS,0.1554037779569625,AMBIGUOUS,idxq4-64_queryq4-64
1369254396.0_L1,1369254396.0,L1,BACKGROUND,0.1130453050136566,BACKGROUND,idxq4-64_queryq4-64
1369254460.0_L1,1369254460.0,L1,BACKGROUND,0.1432921290397644,BACKGROUND,idxq4-64_queryq4-64
1369254652.0_L1,1369254652.0,L1,BACKGROUND,0.1130310967564582,BACKGROUND,idxq4-64_queryq4-64
1369255260.0_L1,1369255260.0,L1,BACKGROUND,0.0911934226751327,BACKGROUND,idxq4-64_queryq4-64
1369255612.0_L1,1369255612.0,L1,BACKGROUND,0.1458532661199569,BACKGROUND,idxq4-64_queryq4-64
1369255644.0_L1,1369255644.0,L1,BACKGROUND,0.0966976657509803,BACKGROUND,idxq4-64_queryq4-64
1369255996.0_L1,1369255996.0,L1,BACKGROUND,0.1102591007947921,BACKGROUND,idxq4-64_queryq4-64
1369256028.0_H1,1369256028.0,H1,BACKGROUND,0.0885229185223579,BACKGROUND,idxq4-64_queryq4-64
1369256540.0_H1,1369256540.0,H1,BACKGROUND,0.0756398811936378,BACKGROUND,idxq4-64_queryq4-64
1369258140.0_H1,1369258140.0,H1,ROBUST,0.434476763010025,ROBUST,idxq4-64_queryq4-64
1369259260.0_L1,1369259260.0,L1,ROBUST,0.4069575667381286,ROBUST,idxq4-64_queryq4-64
1369260988.0_H1,1369260988.0,H1,ROBUST,0.4370008409023285,ROBUST,idxq4-64_queryq4-64
1369261436.0_H1,1369261436.0,H1,ROBUST,0.4449500441551208,ROBUST,idxq4-64_queryq4-64
1369261884.0_H1,1369261884.0,H1,BACKGROUND,0.0848756954073906,BACKGROUND,idxq4-64_queryq4-64
1369262236.0_L1,1369262236.0,L1,ROBUST,0.4127010405063629,ROBUST,idxq4-64_queryq4-64
1369262588.0_L1,1369262588.0,L1,BACKGROUND,0.1177126839756965,BACKGROUND,idxq4-64_queryq4-64
1369262652.0_L1,1369262652.0,L1,BACKGROUND,0.1354544758796692,BACKGROUND,idxq4-64_queryq4-64
1369263036.0_L1,1369263036.0,L1,AMBIGUOUS,0.1878452599048614,AMBIGUOUS,idxq4-64_queryq4-64
1369263100.0_L1,1369263100.0,L1,BACKGROUND,0.109396256506443,BACKGROUND,idxq4-64_queryq4-64
1369263388.0_L1,1369263388.0,L1,BACKGROUND,0.1193542778491973,BACKGROUND,idxq4-64_queryq4-64
1369276636.0_H1,1369276636.0,H1,BACKGROUND,0.0716249570250511,BACKGROUND,idxq4-64_queryq4-64
1369276860.0_H1,1369276860.0,H1,ROBUST,0.4589080810546875,ROBUST,idxq4-64_queryq4-64
1369277212.0_L1,1369277212.0,L1,ROBUST,0.4423767328262329,ROBUST,idxq4-64_queryq4-64
1369279452.0_L1,1369279452.0,L1,BACKGROUND,0.134090855717659,BACKGROUND,idxq4-64_queryq4-64
1369281340.0_H1,1369281340.0,H1,ROBUST,0.4562239944934845,ROBUST,idxq4-64_queryq4-64
1369281884.0_H1,1369281884.0,H1,ROBUST,0.4034480154514313,ROBUST,idxq4-64_queryq4-64
1369282076.0_H1,1369282076.0,H1,ROBUST,0.4320996701717376,ROBUST,idxq4-64_queryq4-64
1369282364.0_H1,1369282364.0,H1,ROBUST,0.4566428959369659,ROBUST,idxq4-64_queryq4-64
1369284608.0_H1,1369284608.0,H1,BACKGROUND,0.0684888213872909,BACKGROUND,idxq4-64_queryq4-64
1369284700.0_L1,1369284700.0,L1,ROBUST,0.4440856277942657,ROBUST,idxq4-64_queryq4-64
1369285884.0_L1,1369285884.0,L1,ROBUST,0.4486102163791656,ROBUST,idxq4-64_queryq4-64
1369286780.0_H1,1369286780.0,H1,ROBUST,0.2484990358352661,ROBUST,idxq4-64_queryq4-64
1369287260.0_L1,1369287260.0,L1,AMBIGUOUS,0.1613743752241134,AMBIGUOUS,idxq4-64_queryq4-64
1369287676.0_H1,1369287676.0,H1,BACKGROUND,0.09232809394598,BACKGROUND,idxq4-64_queryq4-64
1369288704.0_H1,1369288704.0,H1,BACKGROUND,0.0784860923886299,BACKGROUND,idxq4-64_queryq4-64
1369288892.0_H1,1369288892.0,H1,ROBUST,0.4220768213272095,ROBUST,idxq4-64_queryq4-64
1369289084.0_H1,1369289084.0,H1,BACKGROUND,0.1088161617517471,BACKGROUND,idxq4-64_queryq4-64
1369289180.0_H1,1369289180.0,H1,BACKGROUND,0.0740153789520263,BACKGROUND,idxq4-64_queryq4-64
1369289724.0_L1,1369289724.0,L1,ROBUST,0.3908751904964447,ROBUST,idxq4-64_queryq4-64
1369290428.0_H1,1369290428.0,H1,ROBUST,0.2380896508693695,ROBUST,idxq4-64_queryq4-64
1369290876.0_H1,1369290876.0,H1,ROBUST,0.4410910904407501,ROBUST,idxq4-64_queryq4-64
1369291452.0_L1,1369291452.0,L1,ROBUST,0.4481833875179291,ROBUST,idxq4-64_queryq4-64
1369291964.0_H1,1369291964.0,H1,ROBUST,0.4064918458461761,ROBUST,idxq4-64_queryq4-64
1369300860.0_L1,1369300860.0,L1,ROBUST,0.4170876443386078,ROBUST,idxq4-64_queryq4-64
1369300992.0_L1,1369300992.0,L1,BACKGROUND,0.0542376451194286,BACKGROUND,idxq4-64_queryq4-64
1369300992.0_H1,1369300992.0,H1,BACKGROUND,0.05965471267700195,BACKGROUND,idxq4-64_queryq4-64
1369301340.0_H1,1369301340.0,H1,BACKGROUND,0.0724894702434539,BACKGROUND,idxq4-64_queryq4-64
1369301724.0_L1,1369301724.0,L1,ROBUST,0.4244416952133178,ROBUST,idxq4-64_queryq4-64
1369302236.0_L1,1369302236.0,L1,BACKGROUND,0.1140232756733894,BACKGROUND,idxq4-64_queryq4-64
1369302396.0_H1,1369302396.0,H1,ROBUST,0.4539784491062164,ROBUST,idxq4-64_queryq4-64
1369302940.0_L1,1369302940.0,L1,BACKGROUND,0.1017474457621574,BACKGROUND,idxq4-64_queryq4-64
1369303612.0_L1,1369303612.0,L1,BACKGROUND,0.0825072452425956,BACKGROUND,idxq4-64_queryq4-64
1369303804.0_L1,1369303804.0,L1,BACKGROUND,0.1384626924991607,BACKGROUND,idxq4-64_queryq4-64
1369304124.0_L1,1369304124.0,L1,BACKGROUND,0.1177224814891815,BACKGROUND,idxq4-64_queryq4-64
1369304636.0_L1,1369304636.0,L1,ROBUST,0.4350128769874573,ROBUST,idxq4-64_queryq4-64
1369304764.0_L1,1369304764.0,L1,ROBUST,0.4230715036392212,ROBUST,idxq4-64_queryq4-64
1369304828.0_H1,1369304828.0,H1,ROBUST,0.4099492132663727,ROBUST,idxq4-64_queryq4-64
1369305276.0_H1,1369305276.0,H1,ROBUST,0.4300166964530945,ROBUST,idxq4-64_queryq4-64
1369306172.0_H1,1369306172.0,H1,BACKGROUND,0.0743102431297302,BACKGROUND,idxq4-64_queryq4-64
1369306556.0_H1,1369306556.0,H1,AMBIGUOUS,0.190734788775444,AMBIGUOUS,idxq4-64_queryq4-64
1369306588.0_H1,1369306588.0,H1,BACKGROUND,0.0782225131988525,BACKGROUND,idxq4-64_queryq4-64
1369307932.0_L1,1369307932.0,L1,ROBUST,0.4171452224254608,ROBUST,idxq4-64_queryq4-64
1369308572.0_L1,1369308572.0,L1,ROBUST,0.2236547172069549,ROBUST,idxq4-64_queryq4-64
1369308988.0_L1,1369308988.0,L1,ROBUST,0.3120922744274139,ROBUST,idxq4-64_queryq4-64
1369309184.0_H1,1369309184.0,H1,ROBUST,0.4050264954566955,ROBUST,idxq4-64_queryq4-64
1369310556.0_H1,1369310556.0,H1,ROBUST,0.4293653964996338,ROBUST,idxq4-64_queryq4-64
1369310684.0_L1,1369310684.0,L1,ROBUST,0.4522441923618316,ROBUST,idxq4-64_queryq4-64
1369311388.0_L1,1369311388.0,L1,ROBUST,0.4411994218826294,ROBUST,idxq4-64_queryq4-64
1369312316.0_H1,1369312316.0,H1,BACKGROUND,0.0871880054473877,BACKGROUND,idxq4-64_queryq4-64
1369312412.0_H1,1369312412.0,H1,BACKGROUND,0.0804912894964218,BACKGROUND,idxq4-64_queryq4-64
1369316060.0_L1,1369316060.0,L1,ROBUST,0.4421096742153168,ROBUST,idxq4-64_queryq4-64
1369317564.0_H1,1369317564.0,H1,ROBUST,0.4219357371330261,ROBUST,idxq4-64_queryq4-64
1369317628.0_L1,1369317628.0,L1,ROBUST,0.4462597668170929,ROBUST,idxq4-64_queryq4-64
1369317692.0_L1,1369317692.0,L1,AMBIGUOUS,0.1880721449851989,AMBIGUOUS,idxq4-64_queryq4-64
1369318396.0_L1,1369318396.0,L1,BACKGROUND,0.1392627954483032,BACKGROUND,idxq4-64_queryq4-64
1369318620.0_L1,1369318620.0,L1,BACKGROUND,0.0742698013782501,BACKGROUND,idxq4-64_queryq4-64
1369320892.0_H1,1369320892.0,H1,ROBUST,0.3022067248821258,ROBUST,idxq4-64_queryq4-64
1369320988.0_H1,1369320988.0,H1,BACKGROUND,0.069817766547203,BACKGROUND,idxq4-64_queryq4-64
1369322940.0_H1,1369322940.0,H1,ROBUST,0.4071275889873504,ROBUST,idxq4-64_queryq4-64
1369325692.0_L1,1369325692.0,L1,BACKGROUND,0.0828349739313125,BACKGROUND,idxq4-64_queryq4-64
1369325788.0_L1,1369325788.0,L1,BACKGROUND,0.1380981355905532,BACKGROUND,idxq4-64_queryq4-64
1369326716.0_H1,1369326716.0,H1,ROBUST,0.4392445683479309,ROBUST,idxq4-64_queryq4-64
1369327228.0_L1,1369327228.0,L1,BACKGROUND,0.092566505074501,BACKGROUND,idxq4-64_queryq4-64
1369328604.0_H1,1369328604.0,H1,BACKGROUND,0.0712201297283172,BACKGROUND,idxq4-64_queryq4-64
1369328764.0_L1,1369328764.0,L1,ROBUST,0.4327238798141479,ROBUST,idxq4-64_queryq4-64
1369329628.0_H1,1369329628.0,H1,ROBUST,0.2215614467859268,ROBUST,idxq4-64_queryq4-64
1369329724.0_L1,1369329724.0,L1,ROBUST,0.4297814071178436,ROBUST,idxq4-64_queryq4-64
1369330108.0_H1,1369330108.0,H1,ROBUST,0.2302387058734893,ROBUST,idxq4-64_queryq4-64
1369330460.0_L1,1369330460.0,L1,ROBUST,0.4142816364765167,ROBUST,idxq4-64_queryq4-64
1369331868.0_L1,1369331868.0,L1,ROBUST,0.4457380175590515,ROBUST,idxq4-64_queryq4-64
1369331996.0_L1,1369331996.0,L1,BACKGROUND,0.1374858617782592,BACKGROUND,idxq4-64_queryq4-64
1369332732.0_H1,1369332732.0,H1,ROBUST,0.4264251291751861,ROBUST,idxq4-64_queryq4-64
1369332924.0_L1,1369332924.0,L1,BACKGROUND,0.099488079547882,BACKGROUND,idxq4-64_queryq4-64
1369333436.0_L1,1369333436.0,L1,ROBUST,0.4130314588546753,ROBUST,idxq4-64_queryq4-64
1369333468.0_H1,1369333468.0,H1,ROBUST,0.4220902323722839,ROBUST,idxq4-64_queryq4-64
1369376380.0_H1,1369376380.0,H1,BACKGROUND,0.0673668086528778,BACKGROUND,idxq4-64_queryq4-64
1369376828.0_H1,1369376828.0,H1,BACKGROUND,0.0705382898449897,BACKGROUND,idxq4-64_queryq4-64
1369377308.0_H1,1369377308.0,H1,BACKGROUND,0.0914007350802421,BACKGROUND,idxq4-64_queryq4-64
1369379964.0_L1,1369379964.0,L1,BACKGROUND,0.0807645469903945,BACKGROUND,idxq4-64_queryq4-64
1369380604.0_L1,1369380604.0,L1,ROBUST,0.4500645995140075,ROBUST,idxq4-64_queryq4-64
1369381404.0_H1,1369381404.0,H1,ROBUST,0.422451913356781,ROBUST,idxq4-64_queryq4-64
1369381468.0_H1,1369381468.0,H1,ROBUST,0.3625238239765167,ROBUST,idxq4-64_queryq4-64
1369387008.0_H1,1369387008.0,H1,BACKGROUND,0.0594008266925811,BACKGROUND,idxq4-64_queryq4-64
1369389308.0_H1,1369389308.0,H1,ROBUST,0.4106451570987701,ROBUST,idxq4-64_queryq4-64
1369389980.0_H1,1369389980.0,H1,ROBUST,0.4046650528907776,ROBUST,idxq4-64_queryq4-64
1369390332.0_L1,1369390332.0,L1,ROBUST,0.4328855276107788,ROBUST,idxq4-64_queryq4-64
1369391004.0_H1,1369391004.0,H1,AMBIGUOUS,0.1697166413068771,AMBIGUOUS,idxq4-64_queryq4-64
1369391104.0_H1,1369391104.0,H1,BACKGROUND,0.0705705657601356,BACKGROUND,idxq4-64_queryq4-64
1369391196.0_L1,1369391196.0,L1,AMBIGUOUS,0.2152943611145019,AMBIGUOUS,idxq4-64_queryq4-64
1369392476.0_H1,1369392476.0,H1,ROBUST,0.4170484542846679,ROBUST,idxq4-64_queryq4-64
1369392764.0_H1,1369392764.0,H1,ROBUST,0.4393838942050934,ROBUST,idxq4-64_queryq4-64
1369394172.0_H1,1369394172.0,H1,ROBUST,0.3578563630580902,ROBUST,idxq4-64_queryq4-64
1369394492.0_L1,1369394492.0,L1,BACKGROUND,0.0740852057933807,BACKGROUND,idxq4-64_queryq4-64
1369395964.0_L1,1369395964.0,L1,ROBUST,0.3697202801704407,ROBUST,idxq4-64_queryq4-64
1369396860.0_L1,1369396860.0,L1,ROBUST,0.4303071796894073,ROBUST,idxq4-64_queryq4-64
1369396892.0_H1,1369396892.0,H1,ROBUST,0.3737955689430237,ROBUST,idxq4-64_queryq4-64
1369396924.0_H1,1369396924.0,H1,ROBUST,0.3952380120754242,ROBUST,idxq4-64_queryq4-64
1369397596.0_H1,1369397596.0,H1,ROBUST,0.4018750488758087,ROBUST,idxq4-64_queryq4-64
1369398044.0_L1,1369398044.0,L1,ROBUST,0.4210495054721832,ROBUST,idxq4-64_queryq4-64
1369399740.0_H1,1369399740.0,H1,ROBUST,0.2282480150461197,ROBUST,idxq4-64_queryq4-64
1369399772.0_H1,1369399772.0,H1,ROBUST,0.4153039753437042,ROBUST,idxq4-64_queryq4-64
1369400316.0_H1,1369400316.0,H1,ROBUST,0.4537599384784698,ROBUST,idxq4-64_queryq4-64
1369400508.0_H1,1369400508.0,H1,ROBUST,0.3211858570575714,ROBUST,idxq4-64_queryq4-64
1369400636.0_H1,1369400636.0,H1,ROBUST,0.4406639635562897,ROBUST,idxq4-64_queryq4-64
1369402716.0_L1,1369402716.0,L1,ROBUST,0.3943886160850525,ROBUST,idxq4-64_queryq4-64
1369403392.0_L1,1369403392.0,L1,BACKGROUND,0.0649090036749839,BACKGROUND,idxq4-64_queryq4-64
1369404316.0_H1,1369404316.0,H1,ROBUST,0.2106449902057647,ROBUST,idxq4-64_queryq4-64
1369406012.0_H1,1369406012.0,H1,ROBUST,0.4159684479236603,ROBUST,idxq4-64_queryq4-64
1369406908.0_H1,1369406908.0,H1,BACKGROUND,0.0809369683265686,BACKGROUND,idxq4-64_queryq4-64
1369407036.0_L1,1369407036.0,L1,ROBUST,0.4249161183834076,ROBUST,idxq4-64_queryq4-64
1369407228.0_L1,1369407228.0,L1,AMBIGUOUS,0.157959371805191,AMBIGUOUS,idxq4-64_queryq4-64
1369407260.0_L1,1369407260.0,L1,BACKGROUND,0.0925261676311492,BACKGROUND,idxq4-64_queryq4-64
1369407772.0_L1,1369407772.0,L1,ROBUST,0.4525271356105804,ROBUST,idxq4-64_queryq4-64
1369408892.0_L1,1369408892.0,L1,ROBUST,0.4811431765556335,ROBUST,idxq4-64_queryq4-64
1369408956.0_L1,1369408956.0,L1,BACKGROUND,0.0709526240825653,BACKGROUND,idxq4-64_queryq4-64
1369409660.0_L1,1369409660.0,L1,AMBIGUOUS,0.2032103836536407,AMBIGUOUS,idxq4-64_queryq4-64
1369409724.0_L1,1369409724.0,L1,ROBUST,0.4492107927799225,ROBUST,idxq4-64_queryq4-64
1369411804.0_L1,1369411804.0,L1,AMBIGUOUS,0.160981073975563,AMBIGUOUS,idxq4-64_queryq4-64
1369412988.0_L1,1369412988.0,L1,ROBUST,0.4604218900203705,ROBUST,idxq4-64_queryq4-64
1369413148.0_H1,1369413148.0,H1,ROBUST,0.4850165545940399,ROBUST,idxq4-64_queryq4-64
1369434620.0_H1,1369434620.0,H1,ROBUST,0.3046176135540008,ROBUST,idxq4-64_queryq4-64
1369435548.0_L1,1369435548.0,L1,ROBUST,0.4095914959907532,ROBUST,idxq4-64_queryq4-64
1369435580.0_H1,1369435580.0,H1,BACKGROUND,0.0733166933059692,BACKGROUND,idxq4-64_queryq4-64
1369436892.0_L1,1369436892.0,L1,ROBUST,0.4263947904109955,ROBUST,idxq4-64_queryq4-64
1369438684.0_L1,1369438684.0,L1,ROBUST,0.4285118877887726,ROBUST,idxq4-64_queryq4-64
1369439900.0_L1,1369439900.0,L1,ROBUST,0.3359616100788116,ROBUST,idxq4-64_queryq4-64
1369439932.0_H1,1369439932.0,H1,ROBUST,0.2616685926914215,ROBUST,idxq4-64_queryq4-64
1369441084.0_H1,1369441084.0,H1,ROBUST,0.4058845639228821,ROBUST,idxq4-64_queryq4-64
1369441180.0_H1,1369441180.0,H1,ROBUST,0.4300211668014526,ROBUST,idxq4-64_queryq4-64
1369441308.0_H1,1369441308.0,H1,ROBUST,0.3687240481376648,ROBUST,idxq4-64_queryq4-64
1369441596.0_H1,1369441596.0,H1,ROBUST,0.210274800658226,ROBUST,idxq4-64_queryq4-64
1369442236.0_H1,1369442236.0,H1,ROBUST,0.4556319415569305,ROBUST,idxq4-64_queryq4-64
1369442396.0_L1,1369442396.0,L1,ROBUST,0.4252272248268127,ROBUST,idxq4-64_queryq4-64
1369442492.0_H1,1369442492.0,H1,AMBIGUOUS,0.1482066959142685,AMBIGUOUS,idxq4-64_queryq4-64
1369442556.0_H1,1369442556.0,H1,ROBUST,0.3081885576248169,ROBUST,idxq4-64_queryq4-64
1369442588.0_H1,1369442588.0,H1,AMBIGUOUS,0.1491485983133316,AMBIGUOUS,idxq4-64_queryq4-64
1369442748.0_L1,1369442748.0,L1,BACKGROUND,0.0795781686902046,BACKGROUND,idxq4-64_queryq4-64
1369443196.0_H1,1369443196.0,H1,ROBUST,0.4332626163959503,ROBUST,idxq4-64_queryq4-64
1369455740.0_L1,1369455740.0,L1,BACKGROUND,0.0822249501943588,BACKGROUND,idxq4-64_queryq4-64
1369456540.0_L1,1369456540.0,L1,BACKGROUND,0.0818930715322494,BACKGROUND,idxq4-64_queryq4-64
1369457756.0_L1,1369457756.0,L1,ROBUST,0.4312064349651336,ROBUST,idxq4-64_queryq4-64
1369457788.0_L1,1369457788.0,L1,ROBUST,0.3804340362548828,ROBUST,idxq4-64_queryq4-64
1369460092.0_L1,1369460092.0,L1,ROBUST,0.3422921001911163,ROBUST,idxq4-64_queryq4-64
1369462428.0_L1,1369462428.0,L1,ROBUST,0.4163554012775421,ROBUST,idxq4-64_queryq4-64
1369462556.0_H1,1369462556.0,H1,ROBUST,0.2144773751497268,ROBUST,idxq4-64_queryq4-64
1369463260.0_L1,1369463260.0,L1,BACKGROUND,0.1236427649855613,BACKGROUND,idxq4-64_queryq4-64
1369464796.0_H1,1369464796.0,H1,ROBUST,0.426137775182724,ROBUST,idxq4-64_queryq4-64
1369464832.0_L1,1369464832.0,L1,BACKGROUND,0.0661925673484802,BACKGROUND,idxq4-64_queryq4-64
1369465916.0_H1,1369465916.0,H1,ROBUST,0.4476779401302337,ROBUST,idxq4-64_queryq4-64
1369465948.0_L1,1369465948.0,L1,ROBUST,0.4283353686332702,ROBUST,idxq4-64_queryq4-64
1369466972.0_H1,1369466972.0,H1,ROBUST,0.3279103934764862,ROBUST,idxq4-64_queryq4-64
1369467388.0_L1,1369467388.0,L1,ROBUST,0.360381931066513,ROBUST,idxq4-64_queryq4-64
1369467484.0_H1,1369467484.0,H1,ROBUST,0.2580434381961822,ROBUST,idxq4-64_queryq4-64
1369468028.0_H1,1369468028.0,H1,AMBIGUOUS,0.1759485453367233,AMBIGUOUS,idxq4-64_queryq4-64
1369468316.0_H1,1369468316.0,H1,ROBUST,0.4139868915081024,ROBUST,idxq4-64_queryq4-64
1369469052.0_L1,1369469052.0,L1,ROBUST,0.4245325028896332,ROBUST,idxq4-64_queryq4-64
1369469084.0_H1,1369469084.0,H1,AMBIGUOUS,0.1379147469997406,AMBIGUOUS,idxq4-64_queryq4-64
1369469468.0_H1,1369469468.0,H1,BACKGROUND,0.1185726001858711,BACKGROUND,idxq4-64_queryq4-64
1369469884.0_H1,1369469884.0,H1,ROBUST,0.2597624957561493,ROBUST,idxq4-64_queryq4-64
1369470012.0_L1,1369470012.0,L1,BACKGROUND,0.0716628953814506,BACKGROUND,idxq4-64_queryq4-64
1369470076.0_H1,1369470076.0,H1,ROBUST,0.4125132858753204,ROBUST,idxq4-64_queryq4-64
1369480636.0_L1,1369480636.0,L1,ROBUST,0.2515187561511993,ROBUST,idxq4-64_queryq4-64
1369481148.0_H1,1369481148.0,H1,ROBUST,0.3247206211090088,ROBUST,idxq4-64_queryq4-64
1369481660.0_H1,1369481660.0,H1,BACKGROUND,0.075434610247612,BACKGROUND,idxq4-64_queryq4-64
1369482172.0_H1,1369482172.0,H1,ROBUST,0.2908498644828796,ROBUST,idxq4-64_queryq4-64
1369482556.0_H1,1369482556.0,H1,BACKGROUND,0.0924418941140174,BACKGROUND,idxq4-64_queryq4-64
1369483548.0_H1,1369483548.0,H1,ROBUST,0.4484411776065826,ROBUST,idxq4-64_queryq4-64
1369483612.0_L1,1369483612.0,L1,ROBUST,0.2718907594680786,ROBUST,idxq4-64_queryq4-64
1368980156.0_L1,1368980156.0,L1,BACKGROUND,0.0923195332288742,BACKGROUND,idxq4-64_queryq4-64
1368980220.0_L1,1368980220.0,L1,ROBUST,0.4102097153663635,ROBUST,idxq4-64_queryq4-64
1368980220.0_H1,1368980220.0,H1,BACKGROUND,0.12378816306591034,BACKGROUND,idxq4-64_queryq4-64
1369521884.0_L1,1369521884.0,L1,ROBUST,0.4409138262271881,ROBUST,idxq4-64_queryq4-64
1369522556.0_H1,1369522556.0,H1,ROBUST,0.4498529732227325,ROBUST,idxq4-64_queryq4-64
1369526524.0_H1,1369526524.0,H1,ROBUST,0.4331951141357422,ROBUST,idxq4-64_queryq4-64
1369527324.0_H1,1369527324.0,H1,BACKGROUND,0.0834440663456916,BACKGROUND,idxq4-64_queryq4-64
1369529788.0_H1,1369529788.0,H1,ROBUST,0.4446958005428314,ROBUST,idxq4-64_queryq4-64
1369530492.0_H1,1369530492.0,H1,BACKGROUND,0.1252655684947967,BACKGROUND,idxq4-64_queryq4-64
1369547836.0_H1,1369547836.0,H1,ROBUST,0.4452089965343475,ROBUST,idxq4-64_queryq4-64
1369548956.0_H1,1369548956.0,H1,BACKGROUND,0.1193094551563263,BACKGROUND,idxq4-64_queryq4-64
1369549056.0_L1,1369549056.0,L1,BACKGROUND,0.0565813519060611,BACKGROUND,idxq4-64_queryq4-64
1369549884.0_H1,1369549884.0,H1,ROBUST,0.4602140486240387,ROBUST,idxq4-64_queryq4-64
1369550300.0_L1,1369550300.0,L1,ROBUST,0.42073854804039,ROBUST,idxq4-64_queryq4-64
1369550332.0_H1,1369550332.0,H1,AMBIGUOUS,0.2040440589189529,AMBIGUOUS,idxq4-64_queryq4-64
1369554940.0_H1,1369554940.0,H1,ROBUST,0.3294715881347656,ROBUST,idxq4-64_queryq4-64
1369555036.0_H1,1369555036.0,H1,ROBUST,0.4413623809814453,ROBUST,idxq4-64_queryq4-64
1369555196.0_H1,1369555196.0,H1,ROBUST,0.4476703405380249,ROBUST,idxq4-64_queryq4-64
1369555260.0_H1,1369555260.0,H1,ROBUST,0.4273287355899811,ROBUST,idxq4-64_queryq4-64
1369562524.0_L1,1369562524.0,L1,BACKGROUND,0.0981884151697158,BACKGROUND,idxq4-64_queryq4-64
1369564572.0_H1,1369564572.0,H1,ROBUST,0.4079811573028564,ROBUST,idxq4-64_queryq4-64
1369566396.0_H1,1369566396.0,H1,BACKGROUND,0.0798973143100738,BACKGROUND,idxq4-64_queryq4-64
1369566716.0_L1,1369566716.0,L1,ROBUST,0.4557685852050781,ROBUST,idxq4-64_queryq4-64
1369584956.0_H1,1369584956.0,H1,BACKGROUND,0.0846969634294509,BACKGROUND,idxq4-64_queryq4-64
1369590332.0_L1,1369590332.0,L1,ROBUST,0.436057448387146,ROBUST,idxq4-64_queryq4-64
1369600092.0_H1,1369600092.0,H1,ROBUST,0.3356910347938537,ROBUST,idxq4-64_queryq4-64
1369610496.0_H1,1369610496.0,H1,BACKGROUND,0.0627340674400329,BACKGROUND,idxq4-64_queryq4-64
1369610588.0_H1,1369610588.0,H1,BACKGROUND,0.1015467643737793,BACKGROUND,idxq4-64_queryq4-64
1369610652.0_H1,1369610652.0,H1,ROBUST,0.4912011921405792,ROBUST,idxq4-64_queryq4-64
1369614592.0_H1,1369614592.0,H1,BACKGROUND,0.0552270300686359,BACKGROUND,idxq4-64_queryq4-64
1369617372.0_H1,1369617372.0,H1,ROBUST,0.4233124554157257,ROBUST,idxq4-64_queryq4-64
1369617468.0_L1,1369617468.0,L1,ROBUST,0.4135407209396362,ROBUST,idxq4-64_queryq4-64
1369628444.0_H1,1369628444.0,H1,ROBUST,0.4323430955410003,ROBUST,idxq4-64_queryq4-64
1369628540.0_H1,1369628540.0,H1,ROBUST,0.4333969950675964,ROBUST,idxq4-64_queryq4-64
1369639356.0_H1,1369639356.0,H1,ROBUST,0.4283336102962494,ROBUST,idxq4-64_queryq4-64
1369639580.0_H1,1369639580.0,H1,AMBIGUOUS,0.1413029432296753,AMBIGUOUS,idxq4-64_queryq4-64
1369640124.0_H1,1369640124.0,H1,ROBUST,0.4116185009479522,ROBUST,idxq4-64_queryq4-64
1369640892.0_H1,1369640892.0,H1,ROBUST,0.2340157181024551,ROBUST,idxq4-64_queryq4-64
1369653020.0_H1,1369653020.0,H1,ROBUST,0.4521355628967285,ROBUST,idxq4-64_queryq4-64
1369654780.0_H1,1369654780.0,H1,BACKGROUND,0.078303150832653,BACKGROUND,idxq4-64_queryq4-64
1369654940.0_H1,1369654940.0,H1,BACKGROUND,0.0890063419938087,BACKGROUND,idxq4-64_queryq4-64
1369681852.0_L1,1369681852.0,L1,ROBUST,0.4521015584468841,ROBUST,idxq4-64_queryq4-64
1369683196.0_H1,1369683196.0,H1,ROBUST,0.4670787453651428,ROBUST,idxq4-64_queryq4-64
1369686300.0_L1,1369686300.0,L1,ROBUST,0.4224291741847992,ROBUST,idxq4-64_queryq4-64
1369687772.0_H1,1369687772.0,H1,BACKGROUND,0.1288943886756897,BACKGROUND,idxq4-64_queryq4-64
1369687868.0_H1,1369687868.0,H1,ROBUST,0.4124033451080322,ROBUST,idxq4-64_queryq4-64
1369687964.0_H1,1369687964.0,H1,ROBUST,0.4168106615543365,ROBUST,idxq4-64_queryq4-64
1369688828.0_H1,1369688828.0,H1,ROBUST,0.438682496547699,ROBUST,idxq4-64_queryq4-64
1369689436.0_H1,1369689436.0,H1,ROBUST,0.4454355537891388,ROBUST,idxq4-64_queryq4-64
1369690332.0_L1,1369690332.0,L1,ROBUST,0.4790195524692535,ROBUST,idxq4-64_queryq4-64
1369692416.0_H1,1369692416.0,H1,BACKGROUND,0.0628685355186462,BACKGROUND,idxq4-64_queryq4-64
1369694396.0_L1,1369694396.0,L1,ROBUST,0.4628017842769623,ROBUST,idxq4-64_queryq4-64
1369695836.0_H1,1369695836.0,H1,ROBUST,0.4450377225875854,ROBUST,idxq4-64_queryq4-64
1369696512.0_H1,1369696512.0,H1,BACKGROUND,0.0651641488075256,BACKGROUND,idxq4-64_queryq4-64
1369700092.0_H1,1369700092.0,H1,ROBUST,0.4320763647556305,ROBUST,idxq4-64_queryq4-64
1369700220.0_H1,1369700220.0,H1,ROBUST,0.4398199021816253,ROBUST,idxq4-64_queryq4-64
1369701820.0_H1,1369701820.0,H1,ROBUST,0.4518390595912933,ROBUST,idxq4-64_queryq4-64
1369703068.0_L1,1369703068.0,L1,ROBUST,0.4258283376693725,ROBUST,idxq4-64_queryq4-64
1369704764.0_L1,1369704764.0,L1,ROBUST,0.3895891904830932,ROBUST,idxq4-64_queryq4-64
1369705788.0_L1,1369705788.0,L1,ROBUST,0.458101212978363,ROBUST,idxq4-64_queryq4-64
1369707612.0_H1,1369707612.0,H1,ROBUST,0.4338125884532928,ROBUST,idxq4-64_queryq4-64
1369708348.0_H1,1369708348.0,H1,ROBUST,0.4274258315563202,ROBUST,idxq4-64_queryq4-64
1369709500.0_H1,1369709500.0,H1,ROBUST,0.4378043413162231,ROBUST,idxq4-64_queryq4-64
1369713468.0_H1,1369713468.0,H1,ROBUST,0.4433441460132599,ROBUST,idxq4-64_queryq4-64
1369713948.0_H1,1369713948.0,H1,BACKGROUND,0.0847504138946533,BACKGROUND,idxq4-64_queryq4-64
1369714396.0_H1,1369714396.0,H1,BACKGROUND,0.0972704067826271,BACKGROUND,idxq4-64_queryq4-64
1369714876.0_H1,1369714876.0,H1,BACKGROUND,0.1064880043268203,BACKGROUND,idxq4-64_queryq4-64
1369715644.0_H1,1369715644.0,H1,ROBUST,0.4409897625446319,ROBUST,idxq4-64_queryq4-64
1369717564.0_H1,1369717564.0,H1,ROBUST,0.4144861400127411,ROBUST,idxq4-64_queryq4-64
1369718684.0_H1,1369718684.0,H1,ROBUST,0.4308522939682007,ROBUST,idxq4-64_queryq4-64
1369721916.0_H1,1369721916.0,H1,BACKGROUND,0.0943263247609138,BACKGROUND,idxq4-64_queryq4-64
1369729852.0_H1,1369729852.0,H1,ROBUST,0.4210999310016632,ROBUST,idxq4-64_queryq4-64
1369729884.0_H1,1369729884.0,H1,ROBUST,0.2445418089628219,ROBUST,idxq4-64_queryq4-64
1369767932.0_H1,1369767932.0,H1,BACKGROUND,0.0782961174845695,BACKGROUND,idxq4-64_queryq4-64
1369771548.0_L1,1369771548.0,L1,AMBIGUOUS,0.1503932923078537,AMBIGUOUS,idxq4-64_queryq4-64
1369782044.0_H1,1369782044.0,H1,BACKGROUND,0.0777188912034034,BACKGROUND,idxq4-64_queryq4-64
1369782528.0_H1,1369782528.0,H1,BACKGROUND,0.0596994943916797,BACKGROUND,idxq4-64_queryq4-64
1369782620.0_H1,1369782620.0,H1,ROBUST,0.4328357577323913,ROBUST,idxq4-64_queryq4-64
1369782652.0_H1,1369782652.0,H1,ROBUST,0.3425032794475555,ROBUST,idxq4-64_queryq4-64
1369785340.0_H1,1369785340.0,H1,ROBUST,0.2400403320789337,ROBUST,idxq4-64_queryq4-64
1369785372.0_H1,1369785372.0,H1,BACKGROUND,0.0815540552139282,BACKGROUND,idxq4-64_queryq4-64
1369785500.0_H1,1369785500.0,H1,ROBUST,0.3896900713443756,ROBUST,idxq4-64_queryq4-64
1369789340.0_L1,1369789340.0,L1,ROBUST,0.4513661861419678,ROBUST,idxq4-64_queryq4-64
1369790588.0_H1,1369790588.0,H1,BACKGROUND,0.0945365205407142,BACKGROUND,idxq4-64_queryq4-64
1369793372.0_H1,1369793372.0,H1,BACKGROUND,0.0783042758703231,BACKGROUND,idxq4-64_queryq4-64
1369794816.0_H1,1369794816.0,H1,BACKGROUND,0.0610029138624668,BACKGROUND,idxq4-64_queryq4-64
1369796636.0_H1,1369796636.0,H1,BACKGROUND,0.0741747692227363,BACKGROUND,idxq4-64_queryq4-64
1369805276.0_H1,1369805276.0,H1,BACKGROUND,0.0920465961098671,BACKGROUND,idxq4-64_queryq4-64
1369807612.0_H1,1369807612.0,H1,ROBUST,0.3702157139778137,ROBUST,idxq4-64_queryq4-64
1369808668.0_H1,1369808668.0,H1,ROBUST,0.4377578794956207,ROBUST,idxq4-64_queryq4-64
1369810812.0_H1,1369810812.0,H1,ROBUST,0.4175484478473663,ROBUST,idxq4-64_queryq4-64
1369812188.0_H1,1369812188.0,H1,BACKGROUND,0.0761255472898483,BACKGROUND,idxq4-64_queryq4-64
1369813276.0_H1,1369813276.0,H1,BACKGROUND,0.0887317135930061,BACKGROUND,idxq4-64_queryq4-64
1369813404.0_H1,1369813404.0,H1,BACKGROUND,0.0855545401573181,BACKGROUND,idxq4-64_queryq4-64
1369840668.0_H1,1369840668.0,H1,ROBUST,0.4187648594379425,ROBUST,idxq4-64_queryq4-64
1369843004.0_H1,1369843004.0,H1,ROBUST,0.3954595923423767,ROBUST,idxq4-64_queryq4-64
1369844060.0_H1,1369844060.0,H1,ROBUST,0.4936068058013916,ROBUST,idxq4-64_queryq4-64
1369844412.0_L1,1369844412.0,L1,ROBUST,0.4579591453075409,ROBUST,idxq4-64_queryq4-64
1369848700.0_L1,1369848700.0,L1,ROBUST,0.4305040240287781,ROBUST,idxq4-64_queryq4-64
1369849212.0_H1,1369849212.0,H1,ROBUST,0.5074646472930908,ROBUST,idxq4-64_queryq4-64
1369849980.0_H1,1369849980.0,H1,ROBUST,0.4232406616210937,ROBUST,idxq4-64_queryq4-64
1369852700.0_L1,1369852700.0,L1,ROBUST,0.509515643119812,ROBUST,idxq4-64_queryq4-64
1369854204.0_L1,1369854204.0,L1,ROBUST,0.4360620677471161,ROBUST,idxq4-64_queryq4-64
1369856156.0_H1,1369856156.0,H1,BACKGROUND,0.0842748060822486,BACKGROUND,idxq4-64_queryq4-64
1369857308.0_H1,1369857308.0,H1,BACKGROUND,0.0821491479873657,BACKGROUND,idxq4-64_queryq4-64
1369858364.0_H1,1369858364.0,H1,ROBUST,0.4322490394115448,ROBUST,idxq4-64_queryq4-64
1369858844.0_L1,1369858844.0,L1,ROBUST,0.44278484582901,ROBUST,idxq4-64_queryq4-64
1369860284.0_H1,1369860284.0,H1,BACKGROUND,0.0736331641674041,BACKGROUND,idxq4-64_queryq4-64
1369863804.0_L1,1369863804.0,L1,ROBUST,0.456876277923584,ROBUST,idxq4-64_queryq4-64
1369864124.0_H1,1369864124.0,H1,ROBUST,0.4427151083946228,ROBUST,idxq4-64_queryq4-64
1369864448.0_L1,1369864448.0,L1,ROBUST,0.4361755847930908,ROBUST,idxq4-64_queryq4-64
1369864860.0_H1,1369864860.0,H1,BACKGROUND,0.0752114728093147,BACKGROUND,idxq4-64_queryq4-64
1369865372.0_H1,1369865372.0,H1,ROBUST,0.4693740308284759,ROBUST,idxq4-64_queryq4-64
1369865852.0_H1,1369865852.0,H1,ROBUST,0.3016644120216369,ROBUST,idxq4-64_queryq4-64
1369867004.0_H1,1369867004.0,H1,BACKGROUND,0.0827455520629882,BACKGROUND,idxq4-64_queryq4-64
1369867068.0_L1,1369867068.0,L1,ROBUST,0.3908301591873169,ROBUST,idxq4-64_queryq4-64
1369886364.0_L1,1369886364.0,L1,ROBUST,0.4603137969970703,ROBUST,idxq4-64_queryq4-64
1369886876.0_H1,1369886876.0,H1,ROBUST,0.4577928483486175,ROBUST,idxq4-64_queryq4-64
1369886972.0_H1,1369886972.0,H1,AMBIGUOUS,0.1315948218107223,AMBIGUOUS,idxq4-64_queryq4-64
1369893820.0_L1,1369893820.0,L1,ROBUST,0.484483003616333,ROBUST,idxq4-64_queryq4-64
1369893852.0_L1,1369893852.0,L1,ROBUST,0.4424846470355987,ROBUST,idxq4-64_queryq4-64
1369894620.0_L1,1369894620.0,L1,ROBUST,0.4329163730144501,ROBUST,idxq4-64_queryq4-64
1369898076.0_L1,1369898076.0,L1,ROBUST,0.4314729273319244,ROBUST,idxq4-64_queryq4-64
1369898588.0_L1,1369898588.0,L1,ROBUST,0.3541001975536346,ROBUST,idxq4-64_queryq4-64
1369899356.0_H1,1369899356.0,H1,ROBUST,0.4529195129871368,ROBUST,idxq4-64_queryq4-64
1369901660.0_H1,1369901660.0,H1,ROBUST,0.424090564250946,ROBUST,idxq4-64_queryq4-64
1369901724.0_H1,1369901724.0,H1,ROBUST,0.434319257736206,ROBUST,idxq4-64_queryq4-64
1369901852.0_H1,1369901852.0,H1,ROBUST,0.4268633425235748,ROBUST,idxq4-64_queryq4-64
1369904956.0_H1,1369904956.0,H1,BACKGROUND,0.1193656101822853,BACKGROUND,idxq4-64_queryq4-64
1369905148.0_H1,1369905148.0,H1,ROBUST,0.4174399077892303,ROBUST,idxq4-64_queryq4-64
1369905596.0_L1,1369905596.0,L1,ROBUST,0.2204306423664093,ROBUST,idxq4-64_queryq4-64
1369907420.0_H1,1369907420.0,H1,ROBUST,0.4348367154598236,ROBUST,idxq4-64_queryq4-64
1369908028.0_L1,1369908028.0,L1,ROBUST,0.3177329301834106,ROBUST,idxq4-64_queryq4-64
1369908668.0_H1,1369908668.0,H1,ROBUST,0.4146668612957001,ROBUST,idxq4-64_queryq4-64
1369909468.0_H1,1369909468.0,H1,AMBIGUOUS,0.1495772302150726,AMBIGUOUS,idxq4-64_queryq4-64
1369909504.0_H1,1369909504.0,H1,BACKGROUND,0.0675594136118888,BACKGROUND,idxq4-64_queryq4-64
1369910524.0_L1,1369910524.0,L1,ROBUST,0.4249608516693115,ROBUST,idxq4-64_queryq4-64
1369911420.0_H1,1369911420.0,H1,ROBUST,0.4653122127056122,ROBUST,idxq4-64_queryq4-64
1369915932.0_H1,1369915932.0,H1,BACKGROUND,0.0876101180911064,BACKGROUND,idxq4-64_queryq4-64
1369916764.0_H1,1369916764.0,H1,ROBUST,0.2604448497295379,ROBUST,idxq4-64_queryq4-64
1369918012.0_H1,1369918012.0,H1,ROBUST,0.4624282121658325,ROBUST,idxq4-64_queryq4-64
1369918684.0_H1,1369918684.0,H1,ROBUST,0.2109617888927459,ROBUST,idxq4-64_queryq4-64
1369919068.0_H1,1369919068.0,H1,BACKGROUND,0.0880014449357986,BACKGROUND,idxq4-64_queryq4-64
1369942460.0_H1,1369942460.0,H1,ROBUST,0.4286516308784485,ROBUST,idxq4-64_queryq4-64
1369942844.0_L1,1369942844.0,L1,ROBUST,0.4141654670238495,ROBUST,idxq4-64_queryq4-64
1369944412.0_H1,1369944412.0,H1,ROBUST,0.4547099769115448,ROBUST,idxq4-64_queryq4-64
1369945436.0_L1,1369945436.0,L1,ROBUST,0.4510275423526764,ROBUST,idxq4-64_queryq4-64
1369961660.0_H1,1369961660.0,H1,ROBUST,0.4156026244163513,ROBUST,idxq4-64_queryq4-64
1369961852.0_H1,1369961852.0,H1,ROBUST,0.4424595534801483,ROBUST,idxq4-64_queryq4-64
1369962396.0_H1,1369962396.0,H1,BACKGROUND,0.1037991195917129,BACKGROUND,idxq4-64_queryq4-64
1369963356.0_L1,1369963356.0,L1,ROBUST,0.2215611785650253,ROBUST,idxq4-64_queryq4-64
1369982908.0_L1,1369982908.0,L1,ROBUST,0.4346366822719574,ROBUST,idxq4-64_queryq4-64
1369983932.0_L1,1369983932.0,L1,ROBUST,0.4063562452793121,ROBUST,idxq4-64_queryq4-64
1369987228.0_H1,1369987228.0,H1,BACKGROUND,0.077460840344429,BACKGROUND,idxq4-64_queryq4-64
1369987484.0_L1,1369987484.0,L1,AMBIGUOUS,0.1937566101551056,AMBIGUOUS,idxq4-64_queryq4-64
1369987804.0_H1,1369987804.0,H1,BACKGROUND,0.0866755247116088,BACKGROUND,idxq4-64_queryq4-64
1369989820.0_L1,1369989820.0,L1,ROBUST,0.2662585079669952,ROBUST,idxq4-64_queryq4-64
1369993916.0_H1,1369993916.0,H1,ROBUST,0.4086746573448181,ROBUST,idxq4-64_queryq4-64
1369993948.0_H1,1369993948.0,H1,ROBUST,0.4283910095691681,ROBUST,idxq4-64_queryq4-64
1369994428.0_H1,1369994428.0,H1,BACKGROUND,0.0912596732378006,BACKGROUND,idxq4-64_queryq4-64
1369995228.0_H1,1369995228.0,H1,BACKGROUND,0.1245171502232551,BACKGROUND,idxq4-64_queryq4-64
1370009596.0_H1,1370009596.0,H1,BACKGROUND,0.0936447009444236,BACKGROUND,idxq4-64_queryq4-64
1370010076.0_L1,1370010076.0,L1,ROBUST,0.2248593270778656,ROBUST,idxq4-64_queryq4-64
1369524060.0_L1,1369524060.0,L1,AMBIGUOUS,0.1870284676551818,AMBIGUOUS,idxq4-64_queryq4-64
1369527068.0_L1,1369527068.0,L1,AMBIGUOUS,0.1506614238023758,AMBIGUOUS,idxq4-64_queryq4-64
1369528380.0_L1,1369528380.0,L1,ROBUST,0.4412854313850403,ROBUST,idxq4-64_queryq4-64
1369529020.0_L1,1369529020.0,L1,AMBIGUOUS,0.219423621892929,AMBIGUOUS,idxq4-64_queryq4-64
1369530396.0_L1,1369530396.0,L1,ROBUST,0.4579356908798218,ROBUST,idxq4-64_queryq4-64
1369548572.0_L1,1369548572.0,L1,AMBIGUOUS,0.1919263303279876,AMBIGUOUS,idxq4-64_queryq4-64
1369551548.0_L1,1369551548.0,L1,BACKGROUND,0.0718080177903175,BACKGROUND,idxq4-64_queryq4-64
1369552348.0_L1,1369552348.0,L1,BACKGROUND,0.0746420919895172,BACKGROUND,idxq4-64_queryq4-64
1369566332.0_L1,1369566332.0,L1,BACKGROUND,0.0774775668978691,BACKGROUND,idxq4-64_queryq4-64
1369566460.0_L1,1369566460.0,L1,BACKGROUND,0.1180756390094757,BACKGROUND,idxq4-64_queryq4-64
1369587260.0_L1,1369587260.0,L1,BACKGROUND,0.0753073692321777,BACKGROUND,idxq4-64_queryq4-64
1369598268.0_L1,1369598268.0,L1,BACKGROUND,0.0740785598754882,BACKGROUND,idxq4-64_queryq4-64
1369611420.0_L1,1369611420.0,L1,ROBUST,0.4418327808380127,ROBUST,idxq4-64_queryq4-64
1369613276.0_L1,1369613276.0,L1,ROBUST,0.4644215404987335,ROBUST,idxq4-64_queryq4-64
1369614620.0_L1,1369614620.0,L1,ROBUST,0.4481740295886993,ROBUST,idxq4-64_queryq4-64
1369614652.0_L1,1369614652.0,L1,BACKGROUND,0.0812597647309303,BACKGROUND,idxq4-64_queryq4-64
1369616476.0_L1,1369616476.0,L1,BACKGROUND,0.079308696091175,BACKGROUND,idxq4-64_queryq4-64
1369627164.0_L1,1369627164.0,L1,BACKGROUND,0.0700746551156044,BACKGROUND,idxq4-64_queryq4-64
1369628988.0_L1,1369628988.0,L1,ROBUST,0.4114169478416443,ROBUST,idxq4-64_queryq4-64
1369629276.0_L1,1369629276.0,L1,ROBUST,0.4270512163639068,ROBUST,idxq4-64_queryq4-64
1369630976.0_L1,1369630976.0,L1,BACKGROUND,0.0628662556409835,BACKGROUND,idxq4-64_queryq4-64
1369642300.0_L1,1369642300.0,L1,ROBUST,0.4202912151813507,ROBUST,idxq4-64_queryq4-64
1369651804.0_L1,1369651804.0,L1,ROBUST,0.4126535952091217,ROBUST,idxq4-64_queryq4-64
1369655772.0_L1,1369655772.0,L1,AMBIGUOUS,0.1932984441518783,AMBIGUOUS,idxq4-64_queryq4-64
1369683132.0_L1,1369683132.0,L1,BACKGROUND,0.1244858279824256,BACKGROUND,idxq4-64_queryq4-64
1369688284.0_L1,1369688284.0,L1,ROBUST,0.257782518863678,ROBUST,idxq4-64_queryq4-64
1369688320.0_L1,1369688320.0,L1,BACKGROUND,0.0616348907351493,BACKGROUND,idxq4-64_queryq4-64
1369688508.0_L1,1369688508.0,L1,BACKGROUND,0.1126793548464775,BACKGROUND,idxq4-64_queryq4-64
1369690172.0_L1,1369690172.0,L1,AMBIGUOUS,0.2002874612808227,AMBIGUOUS,idxq4-64_queryq4-64
1369693948.0_L1,1369693948.0,L1,ROBUST,0.3270730078220367,ROBUST,idxq4-64_queryq4-64
1369696476.0_L1,1369696476.0,L1,AMBIGUOUS,0.1669545620679855,AMBIGUOUS,idxq4-64_queryq4-64
1369699708.0_L1,1369699708.0,L1,ROBUST,0.4598224461078644,ROBUST,idxq4-64_queryq4-64
1369699868.0_L1,1369699868.0,L1,BACKGROUND,0.0654585361480712,BACKGROUND,idxq4-64_queryq4-64
1369702684.0_L1,1369702684.0,L1,ROBUST,0.4361858367919922,ROBUST,idxq4-64_queryq4-64
1369710428.0_L1,1369710428.0,L1,BACKGROUND,0.1464390754699707,BACKGROUND,idxq4-64_queryq4-64
1369710908.0_L1,1369710908.0,L1,BACKGROUND,0.0829076319932937,BACKGROUND,idxq4-64_queryq4-64
1369711964.0_L1,1369711964.0,L1,BACKGROUND,0.0806856751441955,BACKGROUND,idxq4-64_queryq4-64
1369712828.0_L1,1369712828.0,L1,BACKGROUND,0.071067214012146,BACKGROUND,idxq4-64_queryq4-64
1369714396.0_L1,1369714396.0,L1,BACKGROUND,0.07913507521152496,BACKGROUND,idxq4-64_queryq4-64
1369714428.0_L1,1369714428.0,L1,BACKGROUND,0.0752493664622306,BACKGROUND,idxq4-64_queryq4-64
1369717916.0_L1,1369717916.0,L1,BACKGROUND,0.0704249739646911,BACKGROUND,idxq4-64_queryq4-64
1369719452.0_L1,1369719452.0,L1,ROBUST,0.4162642657756805,ROBUST,idxq4-64_queryq4-64
1369719868.0_L1,1369719868.0,L1,ROBUST,0.4715771377086639,ROBUST,idxq4-64_queryq4-64
1369722716.0_L1,1369722716.0,L1,ROBUST,0.4055050611495971,ROBUST,idxq4-64_queryq4-64
1369723708.0_L1,1369723708.0,L1,ROBUST,0.3296221196651459,ROBUST,idxq4-64_queryq4-64
1370011516.0_L1,1370011516.0,L1,ROBUST,0.4337234199047088,ROBUST,idxq4-64_queryq4-64
1370012284.0_L1,1370012284.0,L1,BACKGROUND,0.0760701522231102,BACKGROUND,idxq4-64_queryq4-64
1370021404.0_L1,1370021404.0,L1,ROBUST,0.4163911044597626,ROBUST,idxq4-64_queryq4-64
1370021820.0_H1,1370021820.0,H1,ROBUST,0.4359743893146515,ROBUST,idxq4-64_queryq4-64
1370023548.0_L1,1370023548.0,L1,BACKGROUND,0.1042449101805687,BACKGROUND,idxq4-64_queryq4-64
1370023580.0_L1,1370023580.0,L1,ROBUST,0.4069314301013946,ROBUST,idxq4-64_queryq4-64
1370023612.0_L1,1370023612.0,L1,ROBUST,0.4195373356342315,ROBUST,idxq4-64_queryq4-64
1370023804.0_L1,1370023804.0,L1,ROBUST,0.4437674283981323,ROBUST,idxq4-64_queryq4-64
1370023900.0_L1,1370023900.0,L1,AMBIGUOUS,0.1846398264169693,AMBIGUOUS,idxq4-64_queryq4-64
1370043900.0_H1,1370043900.0,H1,ROBUST,0.4336947500705719,ROBUST,idxq4-64_queryq4-64
1370045852.0_H1,1370045852.0,H1,BACKGROUND,0.1196623668074607,BACKGROUND,idxq4-64_queryq4-64
1370046976.0_L1,1370046976.0,L1,BACKGROUND,0.0663828700780868,BACKGROUND,idxq4-64_queryq4-64
1370048700.0_L1,1370048700.0,L1,ROBUST,0.4446079134941101,ROBUST,idxq4-64_queryq4-64
1370048956.0_H1,1370048956.0,H1,BACKGROUND,0.1149538829922676,BACKGROUND,idxq4-64_queryq4-64
1370054332.0_H1,1370054332.0,H1,ROBUST,0.4307956099510193,ROBUST,idxq4-64_queryq4-64
1370054652.0_L1,1370054652.0,L1,AMBIGUOUS,0.1749690175056457,AMBIGUOUS,idxq4-64_queryq4-64
1370056572.0_L1,1370056572.0,L1,ROBUST,0.4180662930011749,ROBUST,idxq4-64_queryq4-64
1370059772.0_H1,1370059772.0,H1,ROBUST,0.5201422572135925,ROBUST,idxq4-64_queryq4-64
1370061116.0_L1,1370061116.0,L1,ROBUST,0.4192862212657928,ROBUST,idxq4-64_queryq4-64
1370061788.0_H1,1370061788.0,H1,ROBUST,0.4602358937263489,ROBUST,idxq4-64_queryq4-64
1370062876.0_L1,1370062876.0,L1,ROBUST,0.3123796284198761,ROBUST,idxq4-64_queryq4-64
1370063324.0_L1,1370063324.0,L1,ROBUST,0.2483409792184829,ROBUST,idxq4-64_queryq4-64
1370063388.0_H1,1370063388.0,H1,ROBUST,0.5070272088050842,ROBUST,idxq4-64_queryq4-64
1370064668.0_L1,1370064668.0,L1,ROBUST,0.4349083006381988,ROBUST,idxq4-64_queryq4-64
1370066364.0_H1,1370066364.0,H1,ROBUST,0.4218564331531524,ROBUST,idxq4-64_queryq4-64
1370066908.0_L1,1370066908.0,L1,ROBUST,0.4413097202777862,ROBUST,idxq4-64_queryq4-64
1370066940.0_L1,1370066940.0,L1,ROBUST,0.4307814538478851,ROBUST,idxq4-64_queryq4-64
1370068540.0_L1,1370068540.0,L1,ROBUST,0.2519952952861786,ROBUST,idxq4-64_queryq4-64
1370069980.0_H1,1370069980.0,H1,ROBUST,0.2051543891429901,ROBUST,idxq4-64_queryq4-64
1370071356.0_H1,1370071356.0,H1,ROBUST,0.4416306316852569,ROBUST,idxq4-64_queryq4-64
1370077692.0_H1,1370077692.0,H1,ROBUST,0.4828211367130279,ROBUST,idxq4-64_queryq4-64
1370087260.0_L1,1370087260.0,L1,ROBUST,0.4312923550605774,ROBUST,idxq4-64_queryq4-64
1370090332.0_L1,1370090332.0,L1,BACKGROUND,0.0856780484318733,BACKGROUND,idxq4-64_queryq4-64
1370131004.0_L1,1370131004.0,L1,ROBUST,0.4461486637592315,ROBUST,idxq4-64_queryq4-64
1370136284.0_L1,1370136284.0,L1,ROBUST,0.4085395336151123,ROBUST,idxq4-64_queryq4-64
1370137088.0_L1,1370137088.0,L1,BACKGROUND,0.0572710968554019,BACKGROUND,idxq4-64_queryq4-64
1370138140.0_L1,1370138140.0,L1,BACKGROUND,0.0683359205722808,BACKGROUND,idxq4-64_queryq4-64
1370138940.0_H1,1370138940.0,H1,BACKGROUND,0.1160500720143318,BACKGROUND,idxq4-64_queryq4-64
1370141020.0_H1,1370141020.0,H1,ROBUST,0.4093807339668274,ROBUST,idxq4-64_queryq4-64
1370141532.0_H1,1370141532.0,H1,ROBUST,0.459114134311676,ROBUST,idxq4-64_queryq4-64
1370142684.0_L1,1370142684.0,L1,ROBUST,0.4208774268627167,ROBUST,idxq4-64_queryq4-64
1370144188.0_L1,1370144188.0,L1,ROBUST,0.4277904331684112,ROBUST,idxq4-64_queryq4-64
1370145244.0_H1,1370145244.0,H1,ROBUST,0.238059714436531,ROBUST,idxq4-64_queryq4-64
1370145628.0_L1,1370145628.0,L1,ROBUST,0.256023645401001,ROBUST,idxq4-64_queryq4-64
1370145660.0_L1,1370145660.0,L1,ROBUST,0.3999523818492889,ROBUST,idxq4-64_queryq4-64
1370148156.0_H1,1370148156.0,H1,BACKGROUND,0.1126328855752945,BACKGROUND,idxq4-64_queryq4-64
1370149376.0_H1,1370149376.0,H1,BACKGROUND,0.0694597363471984,BACKGROUND,idxq4-64_queryq4-64
1370152508.0_L1,1370152508.0,L1,ROBUST,0.4869230091571808,ROBUST,idxq4-64_queryq4-64
1370154556.0_L1,1370154556.0,L1,AMBIGUOUS,0.1702678948640823,AMBIGUOUS,idxq4-64_queryq4-64
1370156412.0_L1,1370156412.0,L1,ROBUST,0.4534654021263122,ROBUST,idxq4-64_queryq4-64
1370157084.0_H1,1370157084.0,H1,ROBUST,0.4019656777381897,ROBUST,idxq4-64_queryq4-64
1370157116.0_L1,1370157116.0,L1,BACKGROUND,0.079521894454956,BACKGROUND,idxq4-64_queryq4-64
1370157436.0_H1,1370157436.0,H1,ROBUST,0.4094265699386596,ROBUST,idxq4-64_queryq4-64
1370171132.0_H1,1370171132.0,H1,ROBUST,0.4302252531051636,ROBUST,idxq4-64_queryq4-64
1370173500.0_H1,1370173500.0,H1,ROBUST,0.4105229377746582,ROBUST,idxq4-64_queryq4-64
1370175772.0_L1,1370175772.0,L1,ROBUST,0.4799968600273132,ROBUST,idxq4-64_queryq4-64
1370186780.0_L1,1370186780.0,L1,ROBUST,0.4217800498008728,ROBUST,idxq4-64_queryq4-64
1370186908.0_L1,1370186908.0,L1,BACKGROUND,0.0927561447024345,BACKGROUND,idxq4-64_queryq4-64
1370195996.0_L1,1370195996.0,L1,AMBIGUOUS,0.1994100511074066,AMBIGUOUS,idxq4-64_queryq4-64
1370196092.0_L1,1370196092.0,L1,BACKGROUND,0.1348782777786255,BACKGROUND,idxq4-64_queryq4-64
1370196764.0_L1,1370196764.0,L1,ROBUST,0.4150150120258331,ROBUST,idxq4-64_queryq4-64
1370199164.0_L1,1370199164.0,L1,BACKGROUND,0.088014617562294,BACKGROUND,idxq4-64_queryq4-64
1370199452.0_L1,1370199452.0,L1,ROBUST,0.2956011295318603,ROBUST,idxq4-64_queryq4-64
1370199484.0_L1,1370199484.0,L1,AMBIGUOUS,0.2056483328342437,AMBIGUOUS,idxq4-64_queryq4-64
1370199996.0_L1,1370199996.0,L1,BACKGROUND,0.1489578634500503,BACKGROUND,idxq4-64_queryq4-64
1370201020.0_H1,1370201020.0,H1,ROBUST,0.4270699322223663,ROBUST,idxq4-64_queryq4-64
1370202524.0_H1,1370202524.0,H1,BACKGROUND,0.0884096622467041,BACKGROUND,idxq4-64_queryq4-64
1370203324.0_H1,1370203324.0,H1,ROBUST,0.4260339140892029,ROBUST,idxq4-64_queryq4-64
1370203836.0_L1,1370203836.0,L1,ROBUST,0.4007494747638702,ROBUST,idxq4-64_queryq4-64
1370204828.0_L1,1370204828.0,L1,ROBUST,0.4431716203689575,ROBUST,idxq4-64_queryq4-64
1370206108.0_H1,1370206108.0,H1,ROBUST,0.4309567511081695,ROBUST,idxq4-64_queryq4-64
1370206940.0_L1,1370206940.0,L1,AMBIGUOUS,0.2082356810569763,AMBIGUOUS,idxq4-64_queryq4-64
1370219516.0_H1,1370219516.0,H1,ROBUST,0.4582412242889404,ROBUST,idxq4-64_queryq4-64
1370219900.0_L1,1370219900.0,L1,BACKGROUND,0.0922271311283111,BACKGROUND,idxq4-64_queryq4-64
1370220956.0_L1,1370220956.0,L1,BACKGROUND,0.0755376741290092,BACKGROUND,idxq4-64_queryq4-64
1370222908.0_L1,1370222908.0,L1,ROBUST,0.441220223903656,ROBUST,idxq4-64_queryq4-64
1370223068.0_L1,1370223068.0,L1,AMBIGUOUS,0.2101541608572006,AMBIGUOUS,idxq4-64_queryq4-64
1370224252.0_L1,1370224252.0,L1,ROBUST,0.2312564700841903,ROBUST,idxq4-64_queryq4-64
1370233148.0_L1,1370233148.0,L1,ROBUST,0.4227788746356964,ROBUST,idxq4-64_queryq4-64
1370233628.0_L1,1370233628.0,L1,ROBUST,0.2588719427585602,ROBUST,idxq4-64_queryq4-64
1370235292.0_L1,1370235292.0,L1,BACKGROUND,0.1415105164051056,BACKGROUND,idxq4-64_queryq4-64
1370236700.0_L1,1370236700.0,L1,AMBIGUOUS,0.1986498981714248,AMBIGUOUS,idxq4-64_queryq4-64
1370239612.0_L1,1370239612.0,L1,ROBUST,0.4412856996059418,ROBUST,idxq4-64_queryq4-64
1370248796.0_H1,1370248796.0,H1,ROBUST,0.432996541261673,ROBUST,idxq4-64_queryq4-64
1370248828.0_H1,1370248828.0,H1,ROBUST,0.4521788656711578,ROBUST,idxq4-64_queryq4-64
1370251776.0_L1,1370251776.0,L1,BACKGROUND,0.0631137192249298,BACKGROUND,idxq4-64_queryq4-64
1370265340.0_L1,1370265340.0,L1,ROBUST,0.4319382905960083,ROBUST,idxq4-64_queryq4-64
1370284860.0_H1,1370284860.0,H1,ROBUST,0.4981744587421417,ROBUST,idxq4-64_queryq4-64
1370286140.0_L1,1370286140.0,L1,AMBIGUOUS,0.1671592444181442,AMBIGUOUS,idxq4-64_queryq4-64
1370286204.0_L1,1370286204.0,L1,ROBUST,0.4739102721214294,ROBUST,idxq4-64_queryq4-64
1370286492.0_L1,1370286492.0,L1,ROBUST,0.4236432611942291,ROBUST,idxq4-64_queryq4-64
1370286524.0_L1,1370286524.0,L1,ROBUST,0.4827301800251007,ROBUST,idxq4-64_queryq4-64
1370288380.0_L1,1370288380.0,L1,ROBUST,0.2462656944990158,ROBUST,idxq4-64_queryq4-64
1370289628.0_H1,1370289628.0,H1,ROBUST,0.2073927521705627,ROBUST,idxq4-64_queryq4-64
1370290844.0_L1,1370290844.0,L1,AMBIGUOUS,0.1625660955905914,AMBIGUOUS,idxq4-64_queryq4-64
1370290876.0_L1,1370290876.0,L1,ROBUST,0.4697465896606445,ROBUST,idxq4-64_queryq4-64
1370303228.0_L1,1370303228.0,L1,ROBUST,0.2582599520683288,ROBUST,idxq4-64_queryq4-64
1370303260.0_L1,1370303260.0,L1,BACKGROUND,0.1303831487894058,BACKGROUND,idxq4-64_queryq4-64
1370303868.0_L1,1370303868.0,L1,ROBUST,0.4349457025527954,ROBUST,idxq4-64_queryq4-64
1370307292.0_L1,1370307292.0,L1,AMBIGUOUS,0.1537705510854721,AMBIGUOUS,idxq4-64_queryq4-64
1370309820.0_L1,1370309820.0,L1,BACKGROUND,0.0959720239043235,BACKGROUND,idxq4-64_queryq4-64
1370312380.0_L1,1370312380.0,L1,ROBUST,0.411601722240448,ROBUST,idxq4-64_queryq4-64
1370312540.0_L1,1370312540.0,L1,ROBUST,0.2770967781543731,ROBUST,idxq4-64_queryq4-64
1370319164.0_L1,1370319164.0,L1,ROBUST,0.4170212745666504,ROBUST,idxq4-64_queryq4-64
1370322236.0_L1,1370322236.0,L1,ROBUST,0.4460535049438476,ROBUST,idxq4-64_queryq4-64
1370322492.0_H1,1370322492.0,H1,ROBUST,0.4832794070243835,ROBUST,idxq4-64_queryq4-64
1370329468.0_L1,1370329468.0,L1,ROBUST,0.4205062687397003,ROBUST,idxq4-64_queryq4-64
1370337756.0_L1,1370337756.0,L1,AMBIGUOUS,0.1701684594154358,AMBIGUOUS,idxq4-64_queryq4-64
1370338620.0_L1,1370338620.0,L1,AMBIGUOUS,0.193176731467247,AMBIGUOUS,idxq4-64_queryq4-64
1370339004.0_H1,1370339004.0,H1,ROBUST,0.3520515561103821,ROBUST,idxq4-64_queryq4-64
1370339324.0_L1,1370339324.0,L1,AMBIGUOUS,0.2170967757701873,AMBIGUOUS,idxq4-64_queryq4-64
1370340828.0_H1,1370340828.0,H1,ROBUST,0.4275076687335968,ROBUST,idxq4-64_queryq4-64
1370341436.0_L1,1370341436.0,L1,ROBUST,0.479489266872406,ROBUST,idxq4-64_queryq4-64
1370341788.0_L1,1370341788.0,L1,BACKGROUND,0.0816787853837013,BACKGROUND,idxq4-64_queryq4-64
1370343132.0_L1,1370343132.0,L1,ROBUST,0.2877157628536224,ROBUST,idxq4-64_queryq4-64
1370345596.0_L1,1370345596.0,L1,ROBUST,0.3947557806968689,ROBUST,idxq4-64_queryq4-64
1370348764.0_L1,1370348764.0,L1,AMBIGUOUS,0.1612671017646789,AMBIGUOUS,idxq4-64_queryq4-64
1370350236.0_L1,1370350236.0,L1,ROBUST,0.4323298037052154,ROBUST,idxq4-64_queryq4-64
1370351644.0_L1,1370351644.0,L1,ROBUST,0.3565523028373718,ROBUST,idxq4-64_queryq4-64
1370352924.0_L1,1370352924.0,L1,AMBIGUOUS,0.1979894489049911,AMBIGUOUS,idxq4-64_queryq4-64
1370353564.0_H1,1370353564.0,H1,ROBUST,0.4342677891254425,ROBUST,idxq4-64_queryq4-64
1370355196.0_L1,1370355196.0,L1,ROBUST,0.4127218723297119,ROBUST,idxq4-64_queryq4-64
1370361628.0_L1,1370361628.0,L1,ROBUST,0.4423225224018097,ROBUST,idxq4-64_queryq4-64
1370362044.0_L1,1370362044.0,L1,BACKGROUND,0.1090551242232322,BACKGROUND,idxq4-64_queryq4-64
1370362876.0_H1,1370362876.0,H1,ROBUST,0.4263024032115936,ROBUST,idxq4-64_queryq4-64
1370366012.0_L1,1370366012.0,L1,BACKGROUND,0.0990970730781555,BACKGROUND,idxq4-64_queryq4-64
1370366108.0_L1,1370366108.0,L1,ROBUST,0.4221347868442535,ROBUST,idxq4-64_queryq4-64
1370368188.0_L1,1370368188.0,L1,AMBIGUOUS,0.2169308215379715,AMBIGUOUS,idxq4-64_queryq4-64
1370369500.0_L1,1370369500.0,L1,ROBUST,0.4507482349872589,ROBUST,idxq4-64_queryq4-64
1370370332.0_H1,1370370332.0,H1,ROBUST,0.25389364361763,ROBUST,idxq4-64_queryq4-64
1370371516.0_L1,1370371516.0,L1,AMBIGUOUS,0.1625192016363144,AMBIGUOUS,idxq4-64_queryq4-64
1370374620.0_H1,1370374620.0,H1,ROBUST,0.2456746697425842,ROBUST,idxq4-64_queryq4-64
1370386876.0_L1,1370386876.0,L1,ROBUST,0.4370863735675812,ROBUST,idxq4-64_queryq4-64
1370387388.0_L1,1370387388.0,L1,AMBIGUOUS,0.1733723878860473,AMBIGUOUS,idxq4-64_queryq4-64
1370391932.0_L1,1370391932.0,L1,ROBUST,0.451086938381195,ROBUST,idxq4-64_queryq4-64
1370395516.0_H1,1370395516.0,H1,ROBUST,0.3187210261821747,ROBUST,idxq4-64_queryq4-64
1370395868.0_L1,1370395868.0,L1,ROBUST,0.4199753999710083,ROBUST,idxq4-64_queryq4-64
1370396156.0_L1,1370396156.0,L1,ROBUST,0.4559754133224487,ROBUST,idxq4-64_queryq4-64
1370396892.0_H1,1370396892.0,H1,ROBUST,0.4244179427623749,ROBUST,idxq4-64_queryq4-64
1370398780.0_L1,1370398780.0,L1,ROBUST,0.4098073244094848,ROBUST,idxq4-64_queryq4-64
1370398812.0_H1,1370398812.0,H1,ROBUST,0.4617230594158172,ROBUST,idxq4-64_queryq4-64
1370400028.0_L1,1370400028.0,L1,BACKGROUND,0.1428336799144745,BACKGROUND,idxq4-64_queryq4-64
1370405980.0_L1,1370405980.0,L1,AMBIGUOUS,0.176181823015213,AMBIGUOUS,idxq4-64_queryq4-64
1370406844.0_L1,1370406844.0,L1,BACKGROUND,0.0845104083418846,BACKGROUND,idxq4-64_queryq4-64
1370407964.0_L1,1370407964.0,L1,ROBUST,0.4236717224121094,ROBUST,idxq4-64_queryq4-64
1370408412.0_H1,1370408412.0,H1,ROBUST,0.4145177900791168,ROBUST,idxq4-64_queryq4-64
1370409916.0_L1,1370409916.0,L1,ROBUST,0.4691350758075714,ROBUST,idxq4-64_queryq4-64
1370411100.0_H1,1370411100.0,H1,ROBUST,0.424472451210022,ROBUST,idxq4-64_queryq4-64
1370413468.0_L1,1370413468.0,L1,ROBUST,0.3019862771034241,ROBUST,idxq4-64_queryq4-64
1370421724.0_L1,1370421724.0,L1,AMBIGUOUS,0.2111316919326782,AMBIGUOUS,idxq4-64_queryq4-64
1370422140.0_L1,1370422140.0,L1,ROBUST,0.4378970265388489,ROBUST,idxq4-64_queryq4-64
1370422908.0_H1,1370422908.0,H1,ROBUST,0.4400064051151275,ROBUST,idxq4-64_queryq4-64
1370423900.0_L1,1370423900.0,L1,ROBUST,0.2274271845817566,ROBUST,idxq4-64_queryq4-64
1370424732.0_L1,1370424732.0,L1,BACKGROUND,0.139125570654869,BACKGROUND,idxq4-64_queryq4-64
1370425596.0_H1,1370425596.0,H1,ROBUST,0.4240552186965942,ROBUST,idxq4-64_queryq4-64
1370425948.0_L1,1370425948.0,L1,BACKGROUND,0.0816120952367782,BACKGROUND,idxq4-64_queryq4-64
1370427036.0_L1,1370427036.0,L1,ROBUST,0.4368948340415954,ROBUST,idxq4-64_queryq4-64
1370431484.0_H1,1370431484.0,H1,ROBUST,0.4198024272918701,ROBUST,idxq4-64_queryq4-64
1370431932.0_H1,1370431932.0,H1,ROBUST,0.4302788078784942,ROBUST,idxq4-64_queryq4-64
1370432220.0_L1,1370432220.0,L1,ROBUST,0.4448379874229431,ROBUST,idxq4-64_queryq4-64
1370435324.0_L1,1370435324.0,L1,ROBUST,0.42287477850914,ROBUST,idxq4-64_queryq4-64
1370436096.0_H1,1370436096.0,H1,BACKGROUND,0.0572997406125068,BACKGROUND,idxq4-64_queryq4-64
1370437884.0_H1,1370437884.0,H1,ROBUST,0.4307985305786133,ROBUST,idxq4-64_queryq4-64
1370438844.0_L1,1370438844.0,L1,BACKGROUND,0.0765182450413703,BACKGROUND,idxq4-64_queryq4-64
1370441116.0_L1,1370441116.0,L1,BACKGROUND,0.1042444184422493,BACKGROUND,idxq4-64_queryq4-64
1370441244.0_L1,1370441244.0,L1,ROBUST,0.3248783648014068,ROBUST,idxq4-64_queryq4-64
1370441532.0_H1,1370441532.0,H1,ROBUST,0.4259835183620453,ROBUST,idxq4-64_queryq4-64
1370443484.0_L1,1370443484.0,L1,BACKGROUND,0.0980971977114677,BACKGROUND,idxq4-64_queryq4-64
1370445116.0_H1,1370445116.0,H1,ROBUST,0.4916619062423706,ROBUST,idxq4-64_queryq4-64
1370445500.0_L1,1370445500.0,L1,BACKGROUND,0.1300148069858551,BACKGROUND,idxq4-64_queryq4-64
1370447708.0_L1,1370447708.0,L1,ROBUST,0.4477828741073608,ROBUST,idxq4-64_queryq4-64
1370450780.0_L1,1370450780.0,L1,ROBUST,0.450894832611084,ROBUST,idxq4-64_queryq4-64
1370450812.0_L1,1370450812.0,L1,ROBUST,0.4156438708305359,ROBUST,idxq4-64_queryq4-64
1370451580.0_H1,1370451580.0,H1,ROBUST,0.4479407966136932,ROBUST,idxq4-64_queryq4-64
1370452060.0_L1,1370452060.0,L1,ROBUST,0.4495094120502472,ROBUST,idxq4-64_queryq4-64
1370452412.0_L1,1370452412.0,L1,ROBUST,0.416821539402008,ROBUST,idxq4-64_queryq4-64
1370455740.0_H1,1370455740.0,H1,ROBUST,0.4025165438652038,ROBUST,idxq4-64_queryq4-64
1370457628.0_L1,1370457628.0,L1,BACKGROUND,0.0702776610851287,BACKGROUND,idxq4-64_queryq4-64
1370471324.0_L1,1370471324.0,L1,ROBUST,0.3702821731567383,ROBUST,idxq4-64_queryq4-64
1370471932.0_H1,1370471932.0,H1,ROBUST,0.4867765307426452,ROBUST,idxq4-64_queryq4-64
1370471996.0_H1,1370471996.0,H1,ROBUST,0.4274693727493286,ROBUST,idxq4-64_queryq4-64
1370472060.0_L1,1370472060.0,L1,ROBUST,0.4537473618984222,ROBUST,idxq4-64_queryq4-64
1370473884.0_H1,1370473884.0,H1,ROBUST,0.4995986819267273,ROBUST,idxq4-64_queryq4-64
1370480540.0_H1,1370480540.0,H1,BACKGROUND,0.1297189146280288,BACKGROUND,idxq4-64_queryq4-64
1370480572.0_L1,1370480572.0,L1,ROBUST,0.314747005701065,ROBUST,idxq4-64_queryq4-64
1370480636.0_L1,1370480636.0,L1,ROBUST,0.4783499240875244,ROBUST,idxq4-64_queryq4-64
1370485532.0_L1,1370485532.0,L1,ROBUST,0.2404671311378479,ROBUST,idxq4-64_queryq4-64
1370486108.0_H1,1370486108.0,H1,ROBUST,0.4475874900817871,ROBUST,idxq4-64_queryq4-64
1370489724.0_H1,1370489724.0,H1,ROBUST,0.2968514859676361,ROBUST,idxq4-64_queryq4-64
1370497276.0_L1,1370497276.0,L1,ROBUST,0.4067120254039764,ROBUST,idxq4-64_queryq4-64
1370497500.0_L1,1370497500.0,L1,AMBIGUOUS,0.1665678173303604,AMBIGUOUS,idxq4-64_queryq4-64
1370499100.0_L1,1370499100.0,L1,ROBUST,0.4331003129482269,ROBUST,idxq4-64_queryq4-64
1370504956.0_L1,1370504956.0,L1,ROBUST,0.4526861011981964,ROBUST,idxq4-64_queryq4-64
1370508220.0_H1,1370508220.0,H1,ROBUST,0.398034930229187,ROBUST,idxq4-64_queryq4-64
1370508252.0_H1,1370508252.0,H1,ROBUST,0.4266480803489685,ROBUST,idxq4-64_queryq4-64
1370510012.0_L1,1370510012.0,L1,ROBUST,0.2307238280773162,ROBUST,idxq4-64_queryq4-64
1370510236.0_L1,1370510236.0,L1,BACKGROUND,0.091055728495121,BACKGROUND,idxq4-64_queryq4-64
1370523132.0_H1,1370523132.0,H1,BACKGROUND,0.114355593919754,BACKGROUND,idxq4-64_queryq4-64
1370534300.0_H1,1370534300.0,H1,ROBUST,0.4280789196491241,ROBUST,idxq4-64_queryq4-64
1370535580.0_H1,1370535580.0,H1,ROBUST,0.4500362277030945,ROBUST,idxq4-64_queryq4-64
1370537052.0_H1,1370537052.0,H1,ROBUST,0.4513554871082306,ROBUST,idxq4-64_queryq4-64
1370537276.0_H1,1370537276.0,H1,BACKGROUND,0.1041996031999588,BACKGROUND,idxq4-64_queryq4-64
1370537884.0_L1,1370537884.0,L1,ROBUST,0.4423765838146209,ROBUST,idxq4-64_queryq4-64
1370538524.0_L1,1370538524.0,L1,ROBUST,0.4318861663341522,ROBUST,idxq4-64_queryq4-64
1370538844.0_H1,1370538844.0,H1,BACKGROUND,0.0926858708262443,BACKGROUND,idxq4-64_queryq4-64
1370539900.0_H1,1370539900.0,H1,ROBUST,0.33907550573349,ROBUST,idxq4-64_queryq4-64
1370540800.0_L1,1370540800.0,L1,BACKGROUND,0.0618521906435489,BACKGROUND,idxq4-64_queryq4-64
1370545084.0_H1,1370545084.0,H1,BACKGROUND,0.0795036405324935,BACKGROUND,idxq4-64_queryq4-64
1370548508.0_L1,1370548508.0,L1,ROBUST,0.4232065081596374,ROBUST,idxq4-64_queryq4-64
1370550012.0_L1,1370550012.0,L1,ROBUST,0.4395454823970794,ROBUST,idxq4-64_queryq4-64
1370552188.0_H1,1370552188.0,H1,ROBUST,0.4075509011745453,ROBUST,idxq4-64_queryq4-64
1370553148.0_L1,1370553148.0,L1,ROBUST,0.3121047914028168,ROBUST,idxq4-64_queryq4-64
1370553980.0_H1,1370553980.0,H1,ROBUST,0.4942482113838196,ROBUST,idxq4-64_queryq4-64
1370554844.0_L1,1370554844.0,L1,ROBUST,0.4279979169368744,ROBUST,idxq4-64_queryq4-64
1370560348.0_L1,1370560348.0,L1,ROBUST,0.4341505765914917,ROBUST,idxq4-64_queryq4-64
1370563900.0_H1,1370563900.0,H1,BACKGROUND,0.1060586795210838,BACKGROUND,idxq4-64_queryq4-64
1370565376.0_H1,1370565376.0,H1,BACKGROUND,0.0564659424126148,BACKGROUND,idxq4-64_queryq4-64
1370568988.0_L1,1370568988.0,L1,ROBUST,0.3332730531692505,ROBUST,idxq4-64_queryq4-64
1370591036.0_H1,1370591036.0,H1,ROBUST,0.4298387169837951,ROBUST,idxq4-64_queryq4-64
1370592060.0_L1,1370592060.0,L1,ROBUST,0.3357127606868744,ROBUST,idxq4-64_queryq4-64
1370592156.0_L1,1370592156.0,L1,ROBUST,0.4153287410736084,ROBUST,idxq4-64_queryq4-64
1370593276.0_L1,1370593276.0,L1,ROBUST,0.4352193772792816,ROBUST,idxq4-64_queryq4-64
1370593500.0_L1,1370593500.0,L1,ROBUST,0.4171452820301056,ROBUST,idxq4-64_queryq4-64
1370593596.0_H1,1370593596.0,H1,ROBUST,0.4330871701240539,ROBUST,idxq4-64_queryq4-64
1370595036.0_L1,1370595036.0,L1,BACKGROUND,0.0805906057357788,BACKGROUND,idxq4-64_queryq4-64
1370595260.0_L1,1370595260.0,L1,ROBUST,0.5011665225028992,ROBUST,idxq4-64_queryq4-64
1370598812.0_H1,1370598812.0,H1,BACKGROUND,0.1109275966882705,BACKGROUND,idxq4-64_queryq4-64
1370601820.0_H1,1370601820.0,H1,BACKGROUND,0.1058411076664924,BACKGROUND,idxq4-64_queryq4-64
1370602240.0_L1,1370602240.0,L1,BACKGROUND,0.0634220540523529,BACKGROUND,idxq4-64_queryq4-64
1370604764.0_L1,1370604764.0,L1,ROBUST,0.4680032134056091,ROBUST,idxq4-64_queryq4-64
1370605372.0_L1,1370605372.0,L1,ROBUST,0.4196882843971252,ROBUST,idxq4-64_queryq4-64
1370606172.0_L1,1370606172.0,L1,ROBUST,0.4823896884918213,ROBUST,idxq4-64_queryq4-64
1370606780.0_L1,1370606780.0,L1,ROBUST,0.4167032837867737,ROBUST,idxq4-64_queryq4-64
1370614492.0_L1,1370614492.0,L1,AMBIGUOUS,0.1589276194572448,AMBIGUOUS,idxq4-64_queryq4-64
1370615580.0_H1,1370615580.0,H1,ROBUST,0.443933367729187,ROBUST,idxq4-64_queryq4-64
1370616956.0_L1,1370616956.0,L1,BACKGROUND,0.1395801901817321,BACKGROUND,idxq4-64_queryq4-64
1370619996.0_L1,1370619996.0,L1,ROBUST,0.4423271715641022,ROBUST,idxq4-64_queryq4-64
1370619996.0_H1,1370619996.0,H1,BACKGROUND,0.08657058328390121,BACKGROUND,idxq4-64_queryq4-64
1370620508.0_H1,1370620508.0,H1,ROBUST,0.4849578738212585,ROBUST,idxq4-64_queryq4-64
1370620924.0_H1,1370620924.0,H1,BACKGROUND,0.1283994168043136,BACKGROUND,idxq4-64_queryq4-64
1370627260.0_L1,1370627260.0,L1,BACKGROUND,0.0730606764554977,BACKGROUND,idxq4-64_queryq4-64
1370629308.0_L1,1370629308.0,L1,ROBUST,0.221891850233078,ROBUST,idxq4-64_queryq4-64
1370630876.0_L1,1370630876.0,L1,ROBUST,0.4466335773468017,ROBUST,idxq4-64_queryq4-64
1370632156.0_H1,1370632156.0,H1,ROBUST,0.410716563463211,ROBUST,idxq4-64_queryq4-64
1370634108.0_H1,1370634108.0,H1,ROBUST,0.2677941918373108,ROBUST,idxq4-64_queryq4-64
1370636828.0_L1,1370636828.0,L1,AMBIGUOUS,0.213463470339775,AMBIGUOUS,idxq4-64_queryq4-64
1370642940.0_L1,1370642940.0,L1,ROBUST,0.4237638413906097,ROBUST,idxq4-64_queryq4-64
1370644028.0_L1,1370644028.0,L1,ROBUST,0.4442827701568603,ROBUST,idxq4-64_queryq4-64
1370644124.0_H1,1370644124.0,H1,BACKGROUND,0.1080630645155906,BACKGROUND,idxq4-64_queryq4-64
1370648220.0_H1,1370648220.0,H1,ROBUST,0.4550654590129852,ROBUST,idxq4-64_queryq4-64
1370648444.0_L1,1370648444.0,L1,ROBUST,0.2593094408512115,ROBUST,idxq4-64_queryq4-64
1370657532.0_L1,1370657532.0,L1,ROBUST,0.3077409267425537,ROBUST,idxq4-64_queryq4-64
1370658012.0_H1,1370658012.0,H1,ROBUST,0.4347772896289825,ROBUST,idxq4-64_queryq4-64
1370659452.0_L1,1370659452.0,L1,ROBUST,0.2564978003501892,ROBUST,idxq4-64_queryq4-64
1370661660.0_H1,1370661660.0,H1,ROBUST,0.2551802098751068,ROBUST,idxq4-64_queryq4-64
1370661916.0_L1,1370661916.0,L1,ROBUST,0.4080517292022705,ROBUST,idxq4-64_queryq4-64
1370663100.0_L1,1370663100.0,L1,BACKGROUND,0.0861268639564514,BACKGROUND,idxq4-64_queryq4-64
1370663132.0_L1,1370663132.0,L1,ROBUST,0.2326200306415558,ROBUST,idxq4-64_queryq4-64
1370676348.0_L1,1370676348.0,L1,ROBUST,0.4359009563922882,ROBUST,idxq4-64_queryq4-64
1370676924.0_L1,1370676924.0,L1,ROBUST,0.4187743961811065,ROBUST,idxq4-64_queryq4-64
1370682492.0_H1,1370682492.0,H1,ROBUST,0.3447657227516174,ROBUST,idxq4-64_queryq4-64
1370683516.0_L1,1370683516.0,L1,BACKGROUND,0.0869048088788986,BACKGROUND,idxq4-64_queryq4-64
1370683836.0_H1,1370683836.0,H1,ROBUST,0.4736665189266205,ROBUST,idxq4-64_queryq4-64
1370686780.0_H1,1370686780.0,H1,ROBUST,0.4605218172073364,ROBUST,idxq4-64_queryq4-64
1370688316.0_L1,1370688316.0,L1,ROBUST,0.4195308983325958,ROBUST,idxq4-64_queryq4-64
1370690396.0_H1,1370690396.0,H1,ROBUST,0.4202877283096313,ROBUST,idxq4-64_queryq4-64
1370692444.0_L1,1370692444.0,L1,ROBUST,0.4854160249233246,ROBUST,idxq4-64_queryq4-64
1370693596.0_L1,1370693596.0,L1,ROBUST,0.4453585147857666,ROBUST,idxq4-64_queryq4-64
1370696092.0_H1,1370696092.0,H1,ROBUST,0.4377032518386841,ROBUST,idxq4-64_queryq4-64
1370697084.0_L1,1370697084.0,L1,ROBUST,0.2418406158685684,ROBUST,idxq4-64_queryq4-64
1370727868.0_L1,1370727868.0,L1,ROBUST,0.4311918914318084,ROBUST,idxq4-64_queryq4-64
1370727996.0_L1,1370727996.0,L1,ROBUST,0.4758278429508209,ROBUST,idxq4-64_queryq4-64
1370728412.0_L1,1370728412.0,L1,ROBUST,0.4156042635440826,ROBUST,idxq4-64_queryq4-64
1370728444.0_L1,1370728444.0,L1,ROBUST,0.4073338210582733,ROBUST,idxq4-64_queryq4-64
1370729216.0_L1,1370729216.0,L1,ROBUST,0.2659140825271606,ROBUST,idxq4-64_queryq4-64
1370729916.0_H1,1370729916.0,H1,ROBUST,0.4323399364948272,ROBUST,idxq4-64_queryq4-64
1370729980.0_L1,1370729980.0,L1,BACKGROUND,0.1464709639549255,BACKGROUND,idxq4-64_queryq4-64
1370731484.0_L1,1370731484.0,L1,ROBUST,0.411747932434082,ROBUST,idxq4-64_queryq4-64
1370731708.0_H1,1370731708.0,H1,ROBUST,0.443842202425003,ROBUST,idxq4-64_queryq4-64
1370759452.0_L1,1370759452.0,L1,ROBUST,0.4382683932781219,ROBUST,idxq4-64_queryq4-64
1370770492.0_H1,1370770492.0,H1,ROBUST,0.4430115222930908,ROBUST,idxq4-64_queryq4-64
1370770716.0_L1,1370770716.0,L1,BACKGROUND,0.140232428908348,BACKGROUND,idxq4-64_queryq4-64
1370778716.0_L1,1370778716.0,L1,ROBUST,0.4181627333164215,ROBUST,idxq4-64_queryq4-64
1370780348.0_H1,1370780348.0,H1,ROBUST,0.4608164429664612,ROBUST,idxq4-64_queryq4-64
1370781340.0_L1,1370781340.0,L1,BACKGROUND,0.1270351558923721,BACKGROUND,idxq4-64_queryq4-64
1370781404.0_L1,1370781404.0,L1,ROBUST,0.4398874342441559,ROBUST,idxq4-64_queryq4-64
1370783164.0_L1,1370783164.0,L1,BACKGROUND,0.091997317969799,BACKGROUND,idxq4-64_queryq4-64
1370785724.0_L1,1370785724.0,L1,ROBUST,0.4177838563919067,ROBUST,idxq4-64_queryq4-64
1370787260.0_L1,1370787260.0,L1,BACKGROUND,0.1497541666030883,BACKGROUND,idxq4-64_queryq4-64
1370788124.0_L1,1370788124.0,L1,ROBUST,0.4482272565364837,ROBUST,idxq4-64_queryq4-64
1370790972.0_L1,1370790972.0,L1,BACKGROUND,0.1113018691539764,BACKGROUND,idxq4-64_queryq4-64
1370794812.0_H1,1370794812.0,H1,AMBIGUOUS,0.1505689620971679,AMBIGUOUS,idxq4-64_queryq4-64
1370795228.0_L1,1370795228.0,L1,ROBUST,0.4367430508136749,ROBUST,idxq4-64_queryq4-64
1370795260.0_L1,1370795260.0,L1,ROBUST,0.427514910697937,ROBUST,idxq4-64_queryq4-64
1370795420.0_L1,1370795420.0,L1,AMBIGUOUS,0.1748132556676864,AMBIGUOUS,idxq4-64_queryq4-64
1370795452.0_H1,1370795452.0,H1,ROBUST,0.4555903077125549,ROBUST,idxq4-64_queryq4-64
1370795644.0_L1,1370795644.0,L1,ROBUST,0.4540748000144958,ROBUST,idxq4-64_queryq4-64
1370796892.0_H1,1370796892.0,H1,BACKGROUND,0.1147906482219696,BACKGROUND,idxq4-64_queryq4-64
1370798972.0_L1,1370798972.0,L1,BACKGROUND,0.115598440170288,BACKGROUND,idxq4-64_queryq4-64
1370807040.0_L1,1370807040.0,L1,BACKGROUND,0.0648302361369133,BACKGROUND,idxq4-64_queryq4-64
1370808476.0_H1,1370808476.0,H1,ROBUST,0.4383638203144073,ROBUST,idxq4-64_queryq4-64
1370809084.0_L1,1370809084.0,L1,ROBUST,0.4375003576278686,ROBUST,idxq4-64_queryq4-64
1370809564.0_L1,1370809564.0,L1,BACKGROUND,0.1329502910375595,BACKGROUND,idxq4-64_queryq4-64
1370811772.0_L1,1370811772.0,L1,BACKGROUND,0.10496836155653,BACKGROUND,idxq4-64_queryq4-64
1370820796.0_L1,1370820796.0,L1,BACKGROUND,0.1172648146748542,BACKGROUND,idxq4-64_queryq4-64
1370829788.0_L1,1370829788.0,L1,ROBUST,0.4557501971721649,ROBUST,idxq4-64_queryq4-64
1370830364.0_H1,1370830364.0,H1,ROBUST,0.3747888207435608,ROBUST,idxq4-64_queryq4-64
1370845052.0_L1,1370845052.0,L1,BACKGROUND,0.1191414073109626,BACKGROUND,idxq4-64_queryq4-64
1370845116.0_L1,1370845116.0,L1,AMBIGUOUS,0.1618514060974121,AMBIGUOUS,idxq4-64_queryq4-64
1370845244.0_L1,1370845244.0,L1,BACKGROUND,0.080084815621376,BACKGROUND,idxq4-64_queryq4-64
1370845404.0_L1,1370845404.0,L1,BACKGROUND,0.1227940693497657,BACKGROUND,idxq4-64_queryq4-64
1370845788.0_H1,1370845788.0,H1,ROBUST,0.4307302236557007,ROBUST,idxq4-64_queryq4-64
1370846364.0_L1,1370846364.0,L1,ROBUST,0.4169230759143829,ROBUST,idxq4-64_queryq4-64
1370848348.0_L1,1370848348.0,L1,ROBUST,0.435342788696289,ROBUST,idxq4-64_queryq4-64
1370848828.0_H1,1370848828.0,H1,ROBUST,0.4638611078262329,ROBUST,idxq4-64_queryq4-64
1370849180.0_L1,1370849180.0,L1,BACKGROUND,0.0981475263833999,BACKGROUND,idxq4-64_queryq4-64
1370849820.0_H1,1370849820.0,H1,ROBUST,0.4126060605049133,ROBUST,idxq4-64_queryq4-64
1370851004.0_L1,1370851004.0,L1,ROBUST,0.4237557053565979,ROBUST,idxq4-64_queryq4-64
1370857980.0_H1,1370857980.0,H1,ROBUST,0.4033721387386322,ROBUST,idxq4-64_queryq4-64
1370858684.0_H1,1370858684.0,H1,ROBUST,0.4681339561939239,ROBUST,idxq4-64_queryq4-64
1370859676.0_L1,1370859676.0,L1,BACKGROUND,0.1220043823122978,BACKGROUND,idxq4-64_queryq4-64
1370860156.0_L1,1370860156.0,L1,ROBUST,0.4270344078540802,ROBUST,idxq4-64_queryq4-64
1370861948.0_L1,1370861948.0,L1,ROBUST,0.4257190525531769,ROBUST,idxq4-64_queryq4-64
1370862076.0_L1,1370862076.0,L1,BACKGROUND,0.0837189108133316,BACKGROUND,idxq4-64_queryq4-64
1370863260.0_H1,1370863260.0,H1,ROBUST,0.3421034216880798,ROBUST,idxq4-64_queryq4-64
1370863484.0_L1,1370863484.0,L1,BACKGROUND,0.093720719218254,BACKGROUND,idxq4-64_queryq4-64
1370864348.0_L1,1370864348.0,L1,AMBIGUOUS,0.1949204355478286,AMBIGUOUS,idxq4-64_queryq4-64
1370866172.0_L1,1370866172.0,L1,BACKGROUND,0.1458134353160858,BACKGROUND,idxq4-64_queryq4-64
1370866204.0_L1,1370866204.0,L1,ROBUST,0.2731312215328216,ROBUST,idxq4-64_queryq4-64
1370866844.0_L1,1370866844.0,L1,ROBUST,0.4422142505645752,ROBUST,idxq4-64_queryq4-64
1370867132.0_L1,1370867132.0,L1,ROBUST,0.4369795620441437,ROBUST,idxq4-64_queryq4-64
1370867868.0_L1,1370867868.0,L1,BACKGROUND,0.1287544965744018,BACKGROUND,idxq4-64_queryq4-64
1370868060.0_L1,1370868060.0,L1,AMBIGUOUS,0.2020617574453354,AMBIGUOUS,idxq4-64_queryq4-64
1370868060.0_H1,1370868060.0,H1,ROBUST,0.4367921054363251,ROBUST,idxq4-64_queryq4-64
1370869532.0_L1,1370869532.0,L1,BACKGROUND,0.1083143353462219,BACKGROUND,idxq4-64_queryq4-64
1370869788.0_L1,1370869788.0,L1,BACKGROUND,0.0866589546203613,BACKGROUND,idxq4-64_queryq4-64
1370870524.0_H1,1370870524.0,H1,ROBUST,0.4067853391170501,ROBUST,idxq4-64_queryq4-64
1370871196.0_L1,1370871196.0,L1,BACKGROUND,0.0726196467876434,BACKGROUND,idxq4-64_queryq4-64
1370871772.0_H1,1370871772.0,H1,ROBUST,0.4617167711257934,ROBUST,idxq4-64_queryq4-64
1370871868.0_H1,1370871868.0,H1,ROBUST,0.4227892160415649,ROBUST,idxq4-64_queryq4-64
1370876672.0_H1,1370876672.0,H1,BACKGROUND,0.0613593906164169,BACKGROUND,idxq4-64_queryq4-64
1370877404.0_L1,1370877404.0,L1,BACKGROUND,0.1089778393507003,BACKGROUND,idxq4-64_queryq4-64
1370879132.0_H1,1370879132.0,H1,ROBUST,0.4270022809505462,ROBUST,idxq4-64_queryq4-64
1370879324.0_L1,1370879324.0,L1,ROBUST,0.458026111125946,ROBUST,idxq4-64_queryq4-64
1370879420.0_L1,1370879420.0,L1,BACKGROUND,0.0980164706707,BACKGROUND,idxq4-64_queryq4-64
1370880796.0_L1,1370880796.0,L1,BACKGROUND,0.1098970547318458,BACKGROUND,idxq4-64_queryq4-64
1370881212.0_L1,1370881212.0,L1,AMBIGUOUS,0.1676816493272781,AMBIGUOUS,idxq4-64_queryq4-64
1370881468.0_L1,1370881468.0,L1,ROBUST,0.4056523144245147,ROBUST,idxq4-64_queryq4-64
1370881948.0_L1,1370881948.0,L1,BACKGROUND,0.1229688972234726,BACKGROUND,idxq4-64_queryq4-64
1370881980.0_L1,1370881980.0,L1,BACKGROUND,0.0971323028206825,BACKGROUND,idxq4-64_queryq4-64
1370885660.0_L1,1370885660.0,L1,AMBIGUOUS,0.1966717392206192,AMBIGUOUS,idxq4-64_queryq4-64
1370885692.0_L1,1370885692.0,L1,AMBIGUOUS,0.1865285038948059,AMBIGUOUS,idxq4-64_queryq4-64
1370886172.0_H1,1370886172.0,H1,BACKGROUND,0.1212250888347625,BACKGROUND,idxq4-64_queryq4-64
1370886588.0_L1,1370886588.0,L1,ROBUST,0.3046039640903473,ROBUST,idxq4-64_queryq4-64
1370886748.0_L1,1370886748.0,L1,BACKGROUND,0.0816012844443321,BACKGROUND,idxq4-64_queryq4-64
1370886940.0_L1,1370886940.0,L1,ROBUST,0.2248906046152115,ROBUST,idxq4-64_queryq4-64
1370886972.0_L1,1370886972.0,L1,BACKGROUND,0.1360381543636322,BACKGROUND,idxq4-64_queryq4-64
1370887100.0_L1,1370887100.0,L1,BACKGROUND,0.1117064505815506,BACKGROUND,idxq4-64_queryq4-64
1370887868.0_L1,1370887868.0,L1,BACKGROUND,0.0756356567144393,BACKGROUND,idxq4-64_queryq4-64
1370887964.0_L1,1370887964.0,L1,BACKGROUND,0.0988267138600349,BACKGROUND,idxq4-64_queryq4-64
1370905372.0_L1,1370905372.0,L1,BACKGROUND,0.120080329477787,BACKGROUND,idxq4-64_queryq4-64
1370905980.0_L1,1370905980.0,L1,BACKGROUND,0.0907025784254074,BACKGROUND,idxq4-64_queryq4-64
1370915228.0_L1,1370915228.0,L1,ROBUST,0.4275310337543487,ROBUST,idxq4-64_queryq4-64
1370915708.0_L1,1370915708.0,L1,BACKGROUND,0.1124083697795867,BACKGROUND,idxq4-64_queryq4-64
1370916092.0_L1,1370916092.0,L1,BACKGROUND,0.0982486382126808,BACKGROUND,idxq4-64_queryq4-64
1370916572.0_L1,1370916572.0,L1,ROBUST,0.4022421836853027,ROBUST,idxq4-64_queryq4-64
1370920060.0_L1,1370920060.0,L1,ROBUST,0.4408468902111053,ROBUST,idxq4-64_queryq4-64
1370921372.0_L1,1370921372.0,L1,ROBUST,0.3973801434040069,ROBUST,idxq4-64_queryq4-64
1370924892.0_H1,1370924892.0,H1,ROBUST,0.2760755121707916,ROBUST,idxq4-64_queryq4-64
1370926300.0_L1,1370926300.0,L1,ROBUST,0.219608873128891,ROBUST,idxq4-64_queryq4-64
1370926876.0_L1,1370926876.0,L1,ROBUST,0.2620002627372741,ROBUST,idxq4-64_queryq4-64
1370928956.0_L1,1370928956.0,L1,ROBUST,0.4159426391124725,ROBUST,idxq4-64_queryq4-64
1370929084.0_H1,1370929084.0,H1,AMBIGUOUS,0.2010771185159683,AMBIGUOUS,idxq4-64_queryq4-64
1370929980.0_L1,1370929980.0,L1,ROBUST,0.4617053270339966,ROBUST,idxq4-64_queryq4-64
1370930012.0_L1,1370930012.0,L1,BACKGROUND,0.1475684940814972,BACKGROUND,idxq4-64_queryq4-64
1370930236.0_L1,1370930236.0,L1,AMBIGUOUS,0.1645604521036148,AMBIGUOUS,idxq4-64_queryq4-64
1370930556.0_H1,1370930556.0,H1,ROBUST,0.4620422720909118,ROBUST,idxq4-64_queryq4-64
1370931644.0_L1,1370931644.0,L1,BACKGROUND,0.0800427794456482,BACKGROUND,idxq4-64_queryq4-64
1370933468.0_L1,1370933468.0,L1,ROBUST,0.4421207904815674,ROBUST,idxq4-64_queryq4-64
1370934492.0_L1,1370934492.0,L1,ROBUST,0.417092502117157,ROBUST,idxq4-64_queryq4-64
1370935868.0_L1,1370935868.0,L1,ROBUST,0.4238745868206024,ROBUST,idxq4-64_queryq4-64
1370936604.0_H1,1370936604.0,H1,ROBUST,0.4373467266559601,ROBUST,idxq4-64_queryq4-64
1370938076.0_L1,1370938076.0,L1,ROBUST,0.5166686773300171,ROBUST,idxq4-64_queryq4-64
1370938204.0_L1,1370938204.0,L1,BACKGROUND,0.0931800752878189,BACKGROUND,idxq4-64_queryq4-64
1370938940.0_H1,1370938940.0,H1,BACKGROUND,0.1017147675156593,BACKGROUND,idxq4-64_queryq4-64
1370940892.0_H1,1370940892.0,H1,ROBUST,0.4377837181091308,ROBUST,idxq4-64_queryq4-64
1370950908.0_L1,1370950908.0,L1,AMBIGUOUS,0.175356775522232,AMBIGUOUS,idxq4-64_queryq4-64
1370951132.0_L1,1370951132.0,L1,ROBUST,0.3901138007640838,ROBUST,idxq4-64_queryq4-64
1370956636.0_L1,1370956636.0,L1,AMBIGUOUS,0.172618955373764,AMBIGUOUS,idxq4-64_queryq4-64
1370956956.0_L1,1370956956.0,L1,ROBUST,0.2623317539691925,ROBUST,idxq4-64_queryq4-64
1370957660.0_H1,1370957660.0,H1,ROBUST,0.4199343025684356,ROBUST,idxq4-64_queryq4-64
1370957820.0_L1,1370957820.0,L1,AMBIGUOUS,0.199498176574707,AMBIGUOUS,idxq4-64_queryq4-64
1370957916.0_L1,1370957916.0,L1,ROBUST,0.3592154085636139,ROBUST,idxq4-64_queryq4-64
1370958428.0_L1,1370958428.0,L1,ROBUST,0.4878912568092346,ROBUST,idxq4-64_queryq4-64
1370959164.0_L1,1370959164.0,L1,BACKGROUND,0.0967921316623687,BACKGROUND,idxq4-64_queryq4-64
1370959420.0_H1,1370959420.0,H1,ROBUST,0.4626616835594177,ROBUST,idxq4-64_queryq4-64
1370961372.0_H1,1370961372.0,H1,ROBUST,0.4442813694477081,ROBUST,idxq4-64_queryq4-64
1370961436.0_L1,1370961436.0,L1,ROBUST,0.4247729480266571,ROBUST,idxq4-64_queryq4-64
1370962688.0_L1,1370962688.0,L1,BACKGROUND,0.0698340162634849,BACKGROUND,idxq4-64_queryq4-64
1370965340.0_L1,1370965340.0,L1,BACKGROUND,0.0977412536740303,BACKGROUND,idxq4-64_queryq4-64
1370965436.0_H1,1370965436.0,H1,ROBUST,0.4158163666725158,ROBUST,idxq4-64_queryq4-64
1370966140.0_L1,1370966140.0,L1,ROBUST,0.4413450956344604,ROBUST,idxq4-64_queryq4-64
1370969148.0_H1,1370969148.0,H1,ROBUST,0.3999896943569183,ROBUST,idxq4-64_queryq4-64
1370998940.0_L1,1370998940.0,L1,BACKGROUND,0.0652575865387916,BACKGROUND,idxq4-64_queryq4-64
1370999260.0_L1,1370999260.0,L1,ROBUST,0.4389054477214813,ROBUST,idxq4-64_queryq4-64
1370999708.0_L1,1370999708.0,L1,BACKGROUND,0.0843826085329055,BACKGROUND,idxq4-64_queryq4-64
1371000028.0_L1,1371000028.0,L1,AMBIGUOUS,0.1606487035751342,AMBIGUOUS,idxq4-64_queryq4-64
1371001756.0_L1,1371001756.0,L1,ROBUST,0.4590885043144226,ROBUST,idxq4-64_queryq4-64
1371004540.0_L1,1371004540.0,L1,ROBUST,0.40700563788414,ROBUST,idxq4-64_queryq4-64
1371004572.0_L1,1371004572.0,L1,ROBUST,0.3461921811103821,ROBUST,idxq4-64_queryq4-64
1371007004.0_L1,1371007004.0,L1,ROBUST,0.3962360322475433,ROBUST,idxq4-64_queryq4-64
1371018172.0_H1,1371018172.0,H1,ROBUST,0.4563813805580139,ROBUST,idxq4-64_queryq4-64
1371020032.0_H1,1371020032.0,H1,BACKGROUND,0.0661901608109474,BACKGROUND,idxq4-64_queryq4-64
1371021020.0_H1,1371021020.0,H1,ROBUST,0.4269012808799743,ROBUST,idxq4-64_queryq4-64
1371024060.0_L1,1371024060.0,L1,BACKGROUND,0.0977237820625305,BACKGROUND,idxq4-64_queryq4-64
1371025468.0_L1,1371025468.0,L1,ROBUST,0.3941749632358551,ROBUST,idxq4-64_queryq4-64
1371027548.0_L1,1371027548.0,L1,BACKGROUND,0.0978373512625694,BACKGROUND,idxq4-64_queryq4-64
1371027932.0_H1,1371027932.0,H1,AMBIGUOUS,0.1496110409498214,AMBIGUOUS,idxq4-64_queryq4-64
1371033980.0_L1,1371033980.0,L1,BACKGROUND,0.0806588008999824,BACKGROUND,idxq4-64_queryq4-64
1371034428.0_L1,1371034428.0,L1,ROBUST,0.4251585602760315,ROBUST,idxq4-64_queryq4-64
1371034876.0_L1,1371034876.0,L1,ROBUST,0.4301989078521728,ROBUST,idxq4-64_queryq4-64
1371036188.0_L1,1371036188.0,L1,AMBIGUOUS,0.1543114632368087,AMBIGUOUS,idxq4-64_queryq4-64
1371039452.0_L1,1371039452.0,L1,BACKGROUND,0.138411596417427,BACKGROUND,idxq4-64_queryq4-64
1371039484.0_H1,1371039484.0,H1,BACKGROUND,0.1088161543011665,BACKGROUND,idxq4-64_queryq4-64
1371039580.0_L1,1371039580.0,L1,ROBUST,0.404041975736618,ROBUST,idxq4-64_queryq4-64
1371048156.0_L1,1371048156.0,L1,ROBUST,0.3973433673381805,ROBUST,idxq4-64_queryq4-64
1371050620.0_L1,1371050620.0,L1,ROBUST,0.2303607612848281,ROBUST,idxq4-64_queryq4-64
1371053084.0_L1,1371053084.0,L1,AMBIGUOUS,0.2006796300411224,AMBIGUOUS,idxq4-64_queryq4-64
1371062812.0_H1,1371062812.0,H1,ROBUST,0.4835739135742187,ROBUST,idxq4-64_queryq4-64
1371075036.0_L1,1371075036.0,L1,ROBUST,0.4115172624588012,ROBUST,idxq4-64_queryq4-64
1371094556.0_L1,1371094556.0,L1,ROBUST,0.4668781757354736,ROBUST,idxq4-64_queryq4-64
1371101052.0_H1,1371101052.0,H1,AMBIGUOUS,0.1890396773815155,AMBIGUOUS,idxq4-64_queryq4-64
1371101660.0_L1,1371101660.0,L1,BACKGROUND,0.1383283585309982,BACKGROUND,idxq4-64_queryq4-64
1371111260.0_H1,1371111260.0,H1,ROBUST,0.4313646256923675,ROBUST,idxq4-64_queryq4-64
1371117276.0_L1,1371117276.0,L1,ROBUST,0.4373213350772857,ROBUST,idxq4-64_queryq4-64
1371121084.0_L1,1371121084.0,L1,ROBUST,0.237361803650856,ROBUST,idxq4-64_queryq4-64
1371125148.0_H1,1371125148.0,H1,ROBUST,0.4398626089096069,ROBUST,idxq4-64_queryq4-64
1371151068.0_L1,1371151068.0,L1,ROBUST,0.4600016176700592,ROBUST,idxq4-64_queryq4-64
1371152284.0_H1,1371152284.0,H1,ROBUST,0.412933200597763,ROBUST,idxq4-64_queryq4-64
1371179100.0_L1,1371179100.0,L1,AMBIGUOUS,0.1766370683908462,AMBIGUOUS,idxq4-64_queryq4-64
1371179836.0_H1,1371179836.0,H1,ROBUST,0.4310095012187958,ROBUST,idxq4-64_queryq4-64
1371189628.0_H1,1371189628.0,H1,ROBUST,0.4175934493541717,ROBUST,idxq4-64_queryq4-64
1371190396.0_L1,1371190396.0,L1,ROBUST,0.4136424362659454,ROBUST,idxq4-64_queryq4-64
1371198044.0_L1,1371198044.0,L1,ROBUST,0.4508306980133056,ROBUST,idxq4-64_queryq4-64
1371200028.0_L1,1371200028.0,L1,ROBUST,0.483963280916214,ROBUST,idxq4-64_queryq4-64
1371206656.0_H1,1371206656.0,H1,BACKGROUND,0.0704624205827713,BACKGROUND,idxq4-64_queryq4-64
1371235964.0_H1,1371235964.0,H1,ROBUST,0.2153117507696151,ROBUST,idxq4-64_queryq4-64
1371238396.0_H1,1371238396.0,H1,ROBUST,0.4587621688842773,ROBUST,idxq4-64_queryq4-64
1371243356.0_L1,1371243356.0,L1,ROBUST,0.4166350662708282,ROBUST,idxq4-64_queryq4-64
1371243452.0_L1,1371243452.0,L1,ROBUST,0.417565256357193,ROBUST,idxq4-64_queryq4-64
1371243520.0_L1,1371243520.0,L1,BACKGROUND,0.1026099175214767,BACKGROUND,idxq4-64_queryq4-64
1371252060.0_L1,1371252060.0,L1,ROBUST,0.4156002104282379,ROBUST,idxq4-64_queryq4-64
1371252508.0_L1,1371252508.0,L1,ROBUST,0.4188786447048187,ROBUST,idxq4-64_queryq4-64
1371252956.0_L1,1371252956.0,L1,ROBUST,0.3722679316997528,ROBUST,idxq4-64_queryq4-64
1371253020.0_H1,1371253020.0,H1,BACKGROUND,0.0907936915755271,BACKGROUND,idxq4-64_queryq4-64
1371253180.0_L1,1371253180.0,L1,BACKGROUND,0.1157877743244171,BACKGROUND,idxq4-64_queryq4-64
1371255292.0_L1,1371255292.0,L1,ROBUST,0.2593690156936645,ROBUST,idxq4-64_queryq4-64
1371257148.0_L1,1371257148.0,L1,ROBUST,0.4331658184528351,ROBUST,idxq4-64_queryq4-64
1371258140.0_H1,1371258140.0,H1,ROBUST,0.4187789261341095,ROBUST,idxq4-64_queryq4-64
1371259164.0_L1,1371259164.0,L1,ROBUST,0.4255480170249939,ROBUST,idxq4-64_queryq4-64
1371263484.0_H1,1371263484.0,H1,ROBUST,0.4477355778217315,ROBUST,idxq4-64_queryq4-64
1371266588.0_L1,1371266588.0,L1,AMBIGUOUS,0.1573503613471985,AMBIGUOUS,idxq4-64_queryq4-64
1371267036.0_L1,1371267036.0,L1,ROBUST,0.3937314450740814,ROBUST,idxq4-64_queryq4-64
1371267420.0_L1,1371267420.0,L1,AMBIGUOUS,0.1897478997707367,AMBIGUOUS,idxq4-64_queryq4-64
1371267676.0_L1,1371267676.0,L1,AMBIGUOUS,0.1804479509592056,AMBIGUOUS,idxq4-64_queryq4-64
1371268124.0_L1,1371268124.0,L1,ROBUST,0.4013455808162689,ROBUST,idxq4-64_queryq4-64
1371268252.0_L1,1371268252.0,L1,ROBUST,0.4394513964653015,ROBUST,idxq4-64_queryq4-64
1371268796.0_L1,1371268796.0,L1,ROBUST,0.4009689390659332,ROBUST,idxq4-64_queryq4-64
1371268828.0_L1,1371268828.0,L1,AMBIGUOUS,0.1806324571371078,AMBIGUOUS,idxq4-64_queryq4-64
1371269020.0_L1,1371269020.0,L1,ROBUST,0.4132649302482605,ROBUST,idxq4-64_queryq4-64
1371269052.0_L1,1371269052.0,L1,ROBUST,0.4366525113582611,ROBUST,idxq4-64_queryq4-64
1371269148.0_L1,1371269148.0,L1,ROBUST,0.3868445158004761,ROBUST,idxq4-64_queryq4-64
1371269308.0_L1,1371269308.0,L1,BACKGROUND,0.148791030049324,BACKGROUND,idxq4-64_queryq4-64
1371269628.0_L1,1371269628.0,L1,ROBUST,0.2993278801441192,ROBUST,idxq4-64_queryq4-64
1371269660.0_L1,1371269660.0,L1,BACKGROUND,0.1344579309225082,BACKGROUND,idxq4-64_queryq4-64
1371269724.0_L1,1371269724.0,L1,ROBUST,0.3589168488979339,ROBUST,idxq4-64_queryq4-64
1371269756.0_L1,1371269756.0,L1,AMBIGUOUS,0.1972403526306152,AMBIGUOUS,idxq4-64_queryq4-64
1371270076.0_L1,1371270076.0,L1,ROBUST,0.4079150557518005,ROBUST,idxq4-64_queryq4-64
1371270140.0_L1,1371270140.0,L1,ROBUST,0.4101898074150085,ROBUST,idxq4-64_queryq4-64
1371270332.0_L1,1371270332.0,L1,ROBUST,0.4039000272750854,ROBUST,idxq4-64_queryq4-64
1371270492.0_L1,1371270492.0,L1,ROBUST,0.4270046949386596,ROBUST,idxq4-64_queryq4-64
1371270652.0_L1,1371270652.0,L1,ROBUST,0.3757040798664093,ROBUST,idxq4-64_queryq4-64
1371270684.0_H1,1371270684.0,H1,ROBUST,0.4174861907958984,ROBUST,idxq4-64_queryq4-64
1371271228.0_L1,1371271228.0,L1,AMBIGUOUS,0.1902811378240585,AMBIGUOUS,idxq4-64_queryq4-64
1371271388.0_H1,1371271388.0,H1,ROBUST,0.4029972553253174,ROBUST,idxq4-64_queryq4-64
1371275196.0_L1,1371275196.0,L1,ROBUST,0.2366915941238403,ROBUST,idxq4-64_queryq4-64
1371276028.0_L1,1371276028.0,L1,BACKGROUND,0.1229083091020584,BACKGROUND,idxq4-64_queryq4-64
1371276348.0_L1,1371276348.0,L1,ROBUST,0.3991475403308868,ROBUST,idxq4-64_queryq4-64
1371276540.0_L1,1371276540.0,L1,ROBUST,0.2505999505519867,ROBUST,idxq4-64_queryq4-64
1371280384.0_L1,1371280384.0,L1,BACKGROUND,0.1051694825291633,BACKGROUND,idxq4-64_queryq4-64
1371296540.0_H1,1371296540.0,H1,ROBUST,0.4111834764480591,ROBUST,idxq4-64_queryq4-64
1371297276.0_L1,1371297276.0,L1,ROBUST,0.4343161284923553,ROBUST,idxq4-64_queryq4-64
1371297852.0_L1,1371297852.0,L1,ROBUST,0.4317955076694488,ROBUST,idxq4-64_queryq4-64
1371299612.0_L1,1371299612.0,L1,ROBUST,0.4515237808227539,ROBUST,idxq4-64_queryq4-64
1371300732.0_L1,1371300732.0,L1,ROBUST,0.3359996676445007,ROBUST,idxq4-64_queryq4-64
1371301020.0_H1,1371301020.0,H1,ROBUST,0.3806254267692566,ROBUST,idxq4-64_queryq4-64
1371351452.0_L1,1371351452.0,L1,ROBUST,0.4451286792755127,ROBUST,idxq4-64_queryq4-64
1371356988.0_L1,1371356988.0,L1,ROBUST,0.4529443979263305,ROBUST,idxq4-64_queryq4-64
1371358492.0_H1,1371358492.0,H1,ROBUST,0.4156699478626251,ROBUST,idxq4-64_queryq4-64
1371361884.0_H1,1371361884.0,H1,BACKGROUND,0.1069522872567176,BACKGROUND,idxq4-64_queryq4-64
1371366748.0_H1,1371366748.0,H1,ROBUST,0.3908156454563141,ROBUST,idxq4-64_queryq4-64
1371366940.0_H1,1371366940.0,H1,ROBUST,0.4271349608898163,ROBUST,idxq4-64_queryq4-64
1371374556.0_H1,1371374556.0,H1,ROBUST,0.418780118227005,ROBUST,idxq4-64_queryq4-64
1371378688.0_L1,1371378688.0,L1,BACKGROUND,0.0652123168110847,BACKGROUND,idxq4-64_queryq4-64
1371380284.0_H1,1371380284.0,H1,ROBUST,0.424229234457016,ROBUST,idxq4-64_queryq4-64
1371381724.0_H1,1371381724.0,H1,ROBUST,0.4218426942825317,ROBUST,idxq4-64_queryq4-64
1371386524.0_L1,1371386524.0,L1,ROBUST,0.429457277059555,ROBUST,idxq4-64_queryq4-64
1371392220.0_L1,1371392220.0,L1,ROBUST,0.4153302609920501,ROBUST,idxq4-64_queryq4-64
1371393180.0_H1,1371393180.0,H1,ROBUST,0.4169199466705322,ROBUST,idxq4-64_queryq4-64
1371393308.0_H1,1371393308.0,H1,ROBUST,0.4082551002502441,ROBUST,idxq4-64_queryq4-64
1371394492.0_H1,1371394492.0,H1,ROBUST,0.4420660138130188,ROBUST,idxq4-64_queryq4-64
1371394876.0_H1,1371394876.0,H1,ROBUST,0.3827807307243347,ROBUST,idxq4-64_queryq4-64
1371429660.0_H1,1371429660.0,H1,BACKGROUND,0.1174454540014267,BACKGROUND,idxq4-64_queryq4-64
1371434876.0_L1,1371434876.0,L1,AMBIGUOUS,0.160660833120346,AMBIGUOUS,idxq4-64_queryq4-64
1371436032.0_L1,1371436032.0,L1,ROBUST,0.4138068556785583,ROBUST,idxq4-64_queryq4-64
1371437372.0_H1,1371437372.0,H1,ROBUST,0.4435132443904876,ROBUST,idxq4-64_queryq4-64
1371440128.0_L1,1371440128.0,L1,BACKGROUND,0.0679658278822898,BACKGROUND,idxq4-64_queryq4-64
1371449116.0_L1,1371449116.0,L1,ROBUST,0.4594495296478271,ROBUST,idxq4-64_queryq4-64
1371451996.0_H1,1371451996.0,H1,ROBUST,0.4230660200119018,ROBUST,idxq4-64_queryq4-64
1371452732.0_H1,1371452732.0,H1,BACKGROUND,0.1188616454601287,BACKGROUND,idxq4-64_queryq4-64
1371452988.0_L1,1371452988.0,L1,ROBUST,0.4484823048114776,ROBUST,idxq4-64_queryq4-64
1371453532.0_L1,1371453532.0,L1,ROBUST,0.3435007035732269,ROBUST,idxq4-64_queryq4-64
1371458492.0_H1,1371458492.0,H1,ROBUST,0.4205530881881714,ROBUST,idxq4-64_queryq4-64
1371460860.0_H1,1371460860.0,H1,ROBUST,0.4586021900177002,ROBUST,idxq4-64_queryq4-64
1371462140.0_L1,1371462140.0,L1,AMBIGUOUS,0.2147925794124603,AMBIGUOUS,idxq4-64_queryq4-64
1371466268.0_L1,1371466268.0,L1,ROBUST,0.4025357067584991,ROBUST,idxq4-64_queryq4-64
1371466876.0_L1,1371466876.0,L1,ROBUST,0.4286055266857147,ROBUST,idxq4-64_queryq4-64
1371467708.0_L1,1371467708.0,L1,ROBUST,0.4740712940692901,ROBUST,idxq4-64_queryq4-64
1371468348.0_L1,1371468348.0,L1,ROBUST,0.4239995777606964,ROBUST,idxq4-64_queryq4-64
1371474588.0_L1,1371474588.0,L1,ROBUST,0.4362266063690185,ROBUST,idxq4-64_queryq4-64
1371475868.0_L1,1371475868.0,L1,ROBUST,0.4554235935211181,ROBUST,idxq4-64_queryq4-64
1371477948.0_H1,1371477948.0,H1,ROBUST,0.4312486052513122,ROBUST,idxq4-64_queryq4-64
1371478204.0_L1,1371478204.0,L1,ROBUST,0.4542641341686249,ROBUST,idxq4-64_queryq4-64
1371479772.0_L1,1371479772.0,L1,ROBUST,0.4230397939682007,ROBUST,idxq4-64_queryq4-64
1371479772.0_H1,1371479772.0,H1,ROBUST,0.406241774559021,ROBUST,idxq4-64_queryq4-64
1371486492.0_H1,1371486492.0,H1,ROBUST,0.4159454107284546,ROBUST,idxq4-64_queryq4-64
1371488956.0_H1,1371488956.0,H1,ROBUST,0.4165470004081726,ROBUST,idxq4-64_queryq4-64
1371506012.0_L1,1371506012.0,L1,ROBUST,0.4339519143104553,ROBUST,idxq4-64_queryq4-64
1371506236.0_H1,1371506236.0,H1,ROBUST,0.2578534483909607,ROBUST,idxq4-64_queryq4-64
1371507868.0_H1,1371507868.0,H1,ROBUST,0.3197226524353027,ROBUST,idxq4-64_queryq4-64
1371508668.0_L1,1371508668.0,L1,ROBUST,0.3845674395561218,ROBUST,idxq4-64_queryq4-64
1371508860.0_L1,1371508860.0,L1,AMBIGUOUS,0.1755347102880478,AMBIGUOUS,idxq4-64_queryq4-64
1371521564.0_L1,1371521564.0,L1,ROBUST,0.4153400957584381,ROBUST,idxq4-64_queryq4-64
1371522364.0_L1,1371522364.0,L1,ROBUST,0.4237040579319,ROBUST,idxq4-64_queryq4-64
1371525180.0_H1,1371525180.0,H1,ROBUST,0.4315036833286285,ROBUST,idxq4-64_queryq4-64
1371525308.0_L1,1371525308.0,L1,AMBIGUOUS,0.1690319329500198,AMBIGUOUS,idxq4-64_queryq4-64
1371527868.0_H1,1371527868.0,H1,BACKGROUND,0.0944088771939277,BACKGROUND,idxq4-64_queryq4-64
1371530684.0_L1,1371530684.0,L1,ROBUST,0.4174190461635589,ROBUST,idxq4-64_queryq4-64
1371532412.0_L1,1371532412.0,L1,AMBIGUOUS,0.1696405708789825,AMBIGUOUS,idxq4-64_queryq4-64
1371532956.0_H1,1371532956.0,H1,ROBUST,0.4598249495029449,ROBUST,idxq4-64_queryq4-64
1371533212.0_L1,1371533212.0,L1,ROBUST,0.4435296952724457,ROBUST,idxq4-64_queryq4-64
1371534140.0_H1,1371534140.0,H1,ROBUST,0.4596611559391022,ROBUST,idxq4-64_queryq4-64
1371537084.0_L1,1371537084.0,L1,ROBUST,0.256175696849823,ROBUST,idxq4-64_queryq4-64
1371540156.0_L1,1371540156.0,L1,ROBUST,0.4300308227539062,ROBUST,idxq4-64_queryq4-64
1371564060.0_L1,1371564060.0,L1,ROBUST,0.4159249663352966,ROBUST,idxq4-64_queryq4-64
1371564444.0_L1,1371564444.0,L1,ROBUST,0.4112346768379211,ROBUST,idxq4-64_queryq4-64
1371566620.0_L1,1371566620.0,L1,ROBUST,0.4043429791927337,ROBUST,idxq4-64_queryq4-64
1371566812.0_H1,1371566812.0,H1,ROBUST,0.4553202688694,ROBUST,idxq4-64_queryq4-64
1371568892.0_H1,1371568892.0,H1,ROBUST,0.4265985488891601,ROBUST,idxq4-64_queryq4-64
1371569116.0_L1,1371569116.0,L1,ROBUST,0.4231740236282348,ROBUST,idxq4-64_queryq4-64
1372125852.0_H1,1372125852.0,H1,BACKGROUND,0.0845004022121429,BACKGROUND,idxq4-64_queryq4-64
1372126716.0_L1,1372126716.0,L1,BACKGROUND,0.0714072659611702,BACKGROUND,idxq4-64_queryq4-64
1372127068.0_H1,1372127068.0,H1,ROBUST,0.4333573281764984,ROBUST,idxq4-64_queryq4-64
1372127740.0_H1,1372127740.0,H1,AMBIGUOUS,0.1352782845497131,AMBIGUOUS,idxq4-64_queryq4-64
1372128252.0_L1,1372128252.0,L1,ROBUST,0.4308711290359497,ROBUST,idxq4-64_queryq4-64
1372128636.0_L1,1372128636.0,L1,BACKGROUND,0.0712140947580337,BACKGROUND,idxq4-64_queryq4-64
1372128700.0_H1,1372128700.0,H1,BACKGROUND,0.0764169842004776,BACKGROUND,idxq4-64_queryq4-64
1372131708.0_H1,1372131708.0,H1,BACKGROUND,0.0801232978701591,BACKGROUND,idxq4-64_queryq4-64
1372131740.0_L1,1372131740.0,L1,ROBUST,0.2221422791481018,ROBUST,idxq4-64_queryq4-64
1372132092.0_L1,1372132092.0,L1,ROBUST,0.4417012631893158,ROBUST,idxq4-64_queryq4-64
1372133308.0_L1,1372133308.0,L1,ROBUST,0.4253723919391632,ROBUST,idxq4-64_queryq4-64
1372134172.0_L1,1372134172.0,L1,AMBIGUOUS,0.1819068491458892,AMBIGUOUS,idxq4-64_queryq4-64
1372135644.0_L1,1372135644.0,L1,BACKGROUND,0.0750013515353202,BACKGROUND,idxq4-64_queryq4-64
1372135804.0_L1,1372135804.0,L1,AMBIGUOUS,0.2165586203336715,AMBIGUOUS,idxq4-64_queryq4-64
1372135932.0_L1,1372135932.0,L1,ROBUST,0.427892118692398,ROBUST,idxq4-64_queryq4-64
1372136508.0_H1,1372136508.0,H1,BACKGROUND,0.0941813811659812,BACKGROUND,idxq4-64_queryq4-64
1372136636.0_H1,1372136636.0,H1,ROBUST,0.4290675520896911,ROBUST,idxq4-64_queryq4-64
1372137276.0_L1,1372137276.0,L1,ROBUST,0.2475693076848983,ROBUST,idxq4-64_queryq4-64
1372140572.0_H1,1372140572.0,H1,BACKGROUND,0.1214096024632453,BACKGROUND,idxq4-64_queryq4-64
1372140700.0_H1,1372140700.0,H1,BACKGROUND,0.1060484424233436,BACKGROUND,idxq4-64_queryq4-64
1372141056.0_H1,1372141056.0,H1,BACKGROUND,0.0843957737088203,BACKGROUND,idxq4-64_queryq4-64
1372141884.0_H1,1372141884.0,H1,ROBUST,0.4444277286529541,ROBUST,idxq4-64_queryq4-64
1372142780.0_L1,1372142780.0,L1,ROBUST,0.350778579711914,ROBUST,idxq4-64_queryq4-64
1372143324.0_L1,1372143324.0,L1,BACKGROUND,0.0791551545262336,BACKGROUND,idxq4-64_queryq4-64
1372143388.0_L1,1372143388.0,L1,ROBUST,0.2517729103565216,ROBUST,idxq4-64_queryq4-64
1372143740.0_L1,1372143740.0,L1,ROBUST,0.250074177980423,ROBUST,idxq4-64_queryq4-64
1372144412.0_L1,1372144412.0,L1,BACKGROUND,0.0860180854797363,BACKGROUND,idxq4-64_queryq4-64
1372146716.0_H1,1372146716.0,H1,BACKGROUND,0.0970394909381866,BACKGROUND,idxq4-64_queryq4-64
1372147068.0_L1,1372147068.0,L1,ROBUST,0.2366558015346527,ROBUST,idxq4-64_queryq4-64
1372147356.0_L1,1372147356.0,L1,AMBIGUOUS,0.1644233614206314,AMBIGUOUS,idxq4-64_queryq4-64
1372147548.0_L1,1372147548.0,L1,ROBUST,0.4248059093952179,ROBUST,idxq4-64_queryq4-64
1372149980.0_H1,1372149980.0,H1,ROBUST,0.4049128293991089,ROBUST,idxq4-64_queryq4-64
1372150556.0_H1,1372150556.0,H1,BACKGROUND,0.0873210728168487,BACKGROUND,idxq4-64_queryq4-64
1372151452.0_L1,1372151452.0,L1,BACKGROUND,0.0752179101109504,BACKGROUND,idxq4-64_queryq4-64
1372151740.0_H1,1372151740.0,H1,ROBUST,0.4128177762031555,ROBUST,idxq4-64_queryq4-64
1372152284.0_L1,1372152284.0,L1,BACKGROUND,0.070205844938755,BACKGROUND,idxq4-64_queryq4-64
1372152636.0_L1,1372152636.0,L1,BACKGROUND,0.0720389708876609,BACKGROUND,idxq4-64_queryq4-64
1372152636.0_H1,1372152636.0,H1,BACKGROUND,0.12760210037231445,BACKGROUND,idxq4-64_queryq4-64
1372152668.0_L1,1372152668.0,L1,BACKGROUND,0.0759115889668464,BACKGROUND,idxq4-64_queryq4-64
1372152764.0_H1,1372152764.0,H1,ROBUST,0.4333167672157287,ROBUST,idxq4-64_queryq4-64
1372153532.0_H1,1372153532.0,H1,BACKGROUND,0.0895992442965507,BACKGROUND,idxq4-64_queryq4-64
1372153820.0_L1,1372153820.0,L1,ROBUST,0.238693356513977,ROBUST,idxq4-64_queryq4-64
1372154780.0_L1,1372154780.0,L1,BACKGROUND,0.0894150882959365,BACKGROUND,idxq4-64_queryq4-64
1372155676.0_L1,1372155676.0,L1,BACKGROUND,0.0895422771573066,BACKGROUND,idxq4-64_queryq4-64
1372155740.0_L1,1372155740.0,L1,BACKGROUND,0.1056749150156974,BACKGROUND,idxq4-64_queryq4-64
1372156508.0_H1,1372156508.0,H1,BACKGROUND,0.0822359398007392,BACKGROUND,idxq4-64_queryq4-64
1372156604.0_L1,1372156604.0,L1,ROBUST,0.4329280853271484,ROBUST,idxq4-64_queryq4-64
1372156668.0_H1,1372156668.0,H1,ROBUST,0.4164774715900421,ROBUST,idxq4-64_queryq4-64
1372156892.0_L1,1372156892.0,L1,AMBIGUOUS,0.1505914032459259,AMBIGUOUS,idxq4-64_queryq4-64
1372157404.0_H1,1372157404.0,H1,ROBUST,0.453709602355957,ROBUST,idxq4-64_queryq4-64
1372157660.0_H1,1372157660.0,H1,ROBUST,0.442751944065094,ROBUST,idxq4-64_queryq4-64
1372158140.0_L1,1372158140.0,L1,ROBUST,0.4112890362739563,ROBUST,idxq4-64_queryq4-64
1372158716.0_L1,1372158716.0,L1,ROBUST,0.4480140507221222,ROBUST,idxq4-64_queryq4-64
1372160252.0_H1,1372160252.0,H1,AMBIGUOUS,0.2011810541152954,AMBIGUOUS,idxq4-64_queryq4-64
1372160508.0_H1,1372160508.0,H1,BACKGROUND,0.127065896987915,BACKGROUND,idxq4-64_queryq4-64
1372161180.0_L1,1372161180.0,L1,AMBIGUOUS,0.1830316931009292,AMBIGUOUS,idxq4-64_queryq4-64
1372161916.0_H1,1372161916.0,H1,BACKGROUND,0.0859921500086784,BACKGROUND,idxq4-64_queryq4-64
1372163580.0_L1,1372163580.0,L1,BACKGROUND,0.113580971956253,BACKGROUND,idxq4-64_queryq4-64
1372165632.0_L1,1372165632.0,L1,BACKGROUND,0.0549604073166847,BACKGROUND,idxq4-64_queryq4-64
1372165820.0_L1,1372165820.0,L1,ROBUST,0.4376660585403442,ROBUST,idxq4-64_queryq4-64
1372168988.0_H1,1372168988.0,H1,BACKGROUND,0.0918156802654266,BACKGROUND,idxq4-64_queryq4-64
1372177884.0_H1,1372177884.0,H1,AMBIGUOUS,0.1993211954832077,AMBIGUOUS,idxq4-64_queryq4-64
1372179868.0_H1,1372179868.0,H1,ROBUST,0.4104202389717102,ROBUST,idxq4-64_queryq4-64
1372179900.0_L1,1372179900.0,L1,BACKGROUND,0.0727776512503624,BACKGROUND,idxq4-64_queryq4-64
1372181340.0_L1,1372181340.0,L1,AMBIGUOUS,0.203309491276741,AMBIGUOUS,idxq4-64_queryq4-64
1372181820.0_L1,1372181820.0,L1,ROBUST,0.413420021533966,ROBUST,idxq4-64_queryq4-64
1372184188.0_H1,1372184188.0,H1,ROBUST,0.4740306138992309,ROBUST,idxq4-64_queryq4-64
1372201532.0_L1,1372201532.0,L1,BACKGROUND,0.0759034901857376,BACKGROUND,idxq4-64_queryq4-64
1372202332.0_L1,1372202332.0,L1,ROBUST,0.4411699771881103,ROBUST,idxq4-64_queryq4-64
1372202396.0_L1,1372202396.0,L1,AMBIGUOUS,0.1552854180335998,AMBIGUOUS,idxq4-64_queryq4-64
1372204668.0_H1,1372204668.0,H1,BACKGROUND,0.0822534337639808,BACKGROUND,idxq4-64_queryq4-64
1372205564.0_L1,1372205564.0,L1,ROBUST,0.2799201905727386,ROBUST,idxq4-64_queryq4-64
1372205596.0_L1,1372205596.0,L1,ROBUST,0.4310366511344909,ROBUST,idxq4-64_queryq4-64
1372206556.0_L1,1372206556.0,L1,AMBIGUOUS,0.1608446687459945,AMBIGUOUS,idxq4-64_queryq4-64
1372209820.0_L1,1372209820.0,L1,ROBUST,0.436447411775589,ROBUST,idxq4-64_queryq4-64
1372209980.0_L1,1372209980.0,L1,ROBUST,0.4456501603126526,ROBUST,idxq4-64_queryq4-64
1372210688.0_L1,1372210688.0,L1,BACKGROUND,0.0557091459631919,BACKGROUND,idxq4-64_queryq4-64
1372211068.0_H1,1372211068.0,H1,BACKGROUND,0.0804582461714744,BACKGROUND,idxq4-64_queryq4-64
1372214044.0_L1,1372214044.0,L1,AMBIGUOUS,0.1960791647434234,AMBIGUOUS,idxq4-64_queryq4-64
1372214172.0_H1,1372214172.0,H1,ROBUST,0.4230193495750427,ROBUST,idxq4-64_queryq4-64
1372214236.0_H1,1372214236.0,H1,ROBUST,0.430951178073883,ROBUST,idxq4-64_queryq4-64
1372214784.0_H1,1372214784.0,H1,BACKGROUND,0.0684765502810478,BACKGROUND,idxq4-64_queryq4-64
1372215196.0_H1,1372215196.0,H1,AMBIGUOUS,0.1812765449285507,AMBIGUOUS,idxq4-64_queryq4-64
1372215548.0_L1,1372215548.0,L1,BACKGROUND,0.1144339144229888,BACKGROUND,idxq4-64_queryq4-64
1372216316.0_H1,1372216316.0,H1,ROBUST,0.2705350518226623,ROBUST,idxq4-64_queryq4-64
1372216988.0_L1,1372216988.0,L1,BACKGROUND,0.0701195746660232,BACKGROUND,idxq4-64_queryq4-64
1372217148.0_H1,1372217148.0,H1,ROBUST,0.3638389408588409,ROBUST,idxq4-64_queryq4-64
1372219068.0_L1,1372219068.0,L1,ROBUST,0.264364629983902,ROBUST,idxq4-64_queryq4-64
1372219420.0_L1,1372219420.0,L1,ROBUST,0.2235861271619796,ROBUST,idxq4-64_queryq4-64
1372219548.0_L1,1372219548.0,L1,BACKGROUND,0.0922516211867332,BACKGROUND,idxq4-64_queryq4-64
1372223260.0_H1,1372223260.0,H1,ROBUST,0.4178621768951416,ROBUST,idxq4-64_queryq4-64
1372223548.0_L1,1372223548.0,L1,ROBUST,0.4412101507186889,ROBUST,idxq4-64_queryq4-64
1372224700.0_L1,1372224700.0,L1,ROBUST,0.4308124184608459,ROBUST,idxq4-64_queryq4-64
1372225468.0_L1,1372225468.0,L1,ROBUST,0.4510964155197143,ROBUST,idxq4-64_queryq4-64
1372227072.0_H1,1372227072.0,H1,ROBUST,0.4600139558315277,ROBUST,idxq4-64_queryq4-64
1372227612.0_H1,1372227612.0,H1,AMBIGUOUS,0.1652170568704605,AMBIGUOUS,idxq4-64_queryq4-64
1372229980.0_H1,1372229980.0,H1,AMBIGUOUS,0.1443273872137069,AMBIGUOUS,idxq4-64_queryq4-64
1372230460.0_H1,1372230460.0,H1,BACKGROUND,0.1054690033197403,BACKGROUND,idxq4-64_queryq4-64
1372241916.0_H1,1372241916.0,H1,ROBUST,0.4224145710468292,ROBUST,idxq4-64_queryq4-64
1372243836.0_L1,1372243836.0,L1,BACKGROUND,0.0781179070472717,BACKGROUND,idxq4-64_queryq4-64
1372244188.0_H1,1372244188.0,H1,ROBUST,0.5006526708602905,ROBUST,idxq4-64_queryq4-64
1372245180.0_H1,1372245180.0,H1,BACKGROUND,0.0973612740635871,BACKGROUND,idxq4-64_queryq4-64
1372245564.0_L1,1372245564.0,L1,ROBUST,0.4694277346134186,ROBUST,idxq4-64_queryq4-64
1372247420.0_H1,1372247420.0,H1,BACKGROUND,0.1117838472127914,BACKGROUND,idxq4-64_queryq4-64
1372253468.0_L1,1372253468.0,L1,ROBUST,0.4207111895084381,ROBUST,idxq4-64_queryq4-64
1372255744.0_L1,1372255744.0,L1,BACKGROUND,0.0600379221141338,BACKGROUND,idxq4-64_queryq4-64
1372255932.0_H1,1372255932.0,H1,ROBUST,0.4054253995418548,ROBUST,idxq4-64_queryq4-64
1372256316.0_H1,1372256316.0,H1,ROBUST,0.407355397939682,ROBUST,idxq4-64_queryq4-64
1372256796.0_H1,1372256796.0,H1,ROBUST,0.4215187728404999,ROBUST,idxq4-64_queryq4-64
1372257148.0_H1,1372257148.0,H1,ROBUST,0.2407770752906799,ROBUST,idxq4-64_queryq4-64
1372258812.0_L1,1372258812.0,L1,ROBUST,0.4247868359088897,ROBUST,idxq4-64_queryq4-64
1372258876.0_H1,1372258876.0,H1,ROBUST,0.4470217823982239,ROBUST,idxq4-64_queryq4-64
1372259676.0_L1,1372259676.0,L1,ROBUST,0.4198014438152313,ROBUST,idxq4-64_queryq4-64
1372291516.0_H1,1372291516.0,H1,ROBUST,0.4461172223091125,ROBUST,idxq4-64_queryq4-64
1372291900.0_L1,1372291900.0,L1,AMBIGUOUS,0.1634873300790786,AMBIGUOUS,idxq4-64_queryq4-64
1372291932.0_H1,1372291932.0,H1,BACKGROUND,0.098817154765129,BACKGROUND,idxq4-64_queryq4-64
1372292028.0_L1,1372292028.0,L1,BACKGROUND,0.0690518841147422,BACKGROUND,idxq4-64_queryq4-64
1372292700.0_H1,1372292700.0,H1,AMBIGUOUS,0.13833649456501,AMBIGUOUS,idxq4-64_queryq4-64
1372292764.0_L1,1372292764.0,L1,ROBUST,0.4845090210437774,ROBUST,idxq4-64_queryq4-64
1372293660.0_L1,1372293660.0,L1,ROBUST,0.4567036628723144,ROBUST,idxq4-64_queryq4-64
1372294140.0_L1,1372294140.0,L1,BACKGROUND,0.0769074708223342,BACKGROUND,idxq4-64_queryq4-64
1372294652.0_H1,1372294652.0,H1,ROBUST,0.4159341752529144,ROBUST,idxq4-64_queryq4-64
1372295196.0_L1,1372295196.0,L1,ROBUST,0.4204289317131042,ROBUST,idxq4-64_queryq4-64
1372298300.0_L1,1372298300.0,L1,BACKGROUND,0.108136236667633,BACKGROUND,idxq4-64_queryq4-64
1372300092.0_L1,1372300092.0,L1,ROBUST,0.4734534621238708,ROBUST,idxq4-64_queryq4-64
1372302140.0_L1,1372302140.0,L1,BACKGROUND,0.0728800594806671,BACKGROUND,idxq4-64_queryq4-64
1372316092.0_L1,1372316092.0,L1,ROBUST,0.452685534954071,ROBUST,idxq4-64_queryq4-64
1372316220.0_L1,1372316220.0,L1,ROBUST,0.4242196381092071,ROBUST,idxq4-64_queryq4-64
1372316828.0_H1,1372316828.0,H1,ROBUST,0.4240092635154724,ROBUST,idxq4-64_queryq4-64
1372322108.0_L1,1372322108.0,L1,BACKGROUND,0.072946973145008,BACKGROUND,idxq4-64_queryq4-64
1372324220.0_H1,1372324220.0,H1,ROBUST,0.3993702530860901,ROBUST,idxq4-64_queryq4-64
1372325564.0_L1,1372325564.0,L1,ROBUST,0.2643592655658722,ROBUST,idxq4-64_queryq4-64
1372325788.0_L1,1372325788.0,L1,ROBUST,0.2630314230918884,ROBUST,idxq4-64_queryq4-64
1372327580.0_L1,1372327580.0,L1,ROBUST,0.4751459062099457,ROBUST,idxq4-64_queryq4-64
1372328156.0_H1,1372328156.0,H1,ROBUST,0.4130740463733673,ROBUST,idxq4-64_queryq4-64
1372350108.0_H1,1372350108.0,H1,BACKGROUND,0.0914442539215087,BACKGROUND,idxq4-64_queryq4-64
1372351036.0_H1,1372351036.0,H1,ROBUST,0.4466994404792785,ROBUST,idxq4-64_queryq4-64
1372351580.0_L1,1372351580.0,L1,ROBUST,0.4454937875270843,ROBUST,idxq4-64_queryq4-64
1372352828.0_H1,1372352828.0,H1,BACKGROUND,0.0811435282230377,BACKGROUND,idxq4-64_queryq4-64
1372353308.0_H1,1372353308.0,H1,BACKGROUND,0.0803311690688133,BACKGROUND,idxq4-64_queryq4-64
1372353884.0_L1,1372353884.0,L1,ROBUST,0.404039055109024,ROBUST,idxq4-64_queryq4-64
1372354364.0_L1,1372354364.0,L1,ROBUST,0.4547950327396393,ROBUST,idxq4-64_queryq4-64
1372354524.0_H1,1372354524.0,H1,BACKGROUND,0.0981285274028778,BACKGROUND,idxq4-64_queryq4-64
1372355580.0_L1,1372355580.0,L1,AMBIGUOUS,0.2140265703201294,AMBIGUOUS,idxq4-64_queryq4-64
1372357468.0_H1,1372357468.0,H1,BACKGROUND,0.0980745330452919,BACKGROUND,idxq4-64_queryq4-64
1372358716.0_H1,1372358716.0,H1,BACKGROUND,0.0845324471592903,BACKGROUND,idxq4-64_queryq4-64
1372360924.0_H1,1372360924.0,H1,BACKGROUND,0.0848205834627151,BACKGROUND,idxq4-64_queryq4-64
1372361884.0_L1,1372361884.0,L1,ROBUST,0.4913262724876404,ROBUST,idxq4-64_queryq4-64
1372363100.0_H1,1372363100.0,H1,ROBUST,0.2622741162776947,ROBUST,idxq4-64_queryq4-64
1372366844.0_L1,1372366844.0,L1,BACKGROUND,0.0898278802633285,BACKGROUND,idxq4-64_queryq4-64
1372369852.0_L1,1372369852.0,L1,BACKGROUND,0.0686559528112411,BACKGROUND,idxq4-64_queryq4-64
1372371324.0_L1,1372371324.0,L1,ROBUST,0.2250174880027771,ROBUST,idxq4-64_queryq4-64
1372371932.0_L1,1372371932.0,L1,ROBUST,0.3927687406539917,ROBUST,idxq4-64_queryq4-64
1372372412.0_L1,1372372412.0,L1,ROBUST,0.4210093319416046,ROBUST,idxq4-64_queryq4-64
1372373980.0_H1,1372373980.0,H1,ROBUST,0.4544848501682281,ROBUST,idxq4-64_queryq4-64
1372395324.0_H1,1372395324.0,H1,ROBUST,0.3499739468097687,ROBUST,idxq4-64_queryq4-64
1372395612.0_H1,1372395612.0,H1,ROBUST,0.4294871687889099,ROBUST,idxq4-64_queryq4-64
1372395708.0_H1,1372395708.0,H1,ROBUST,0.3480637371540069,ROBUST,idxq4-64_queryq4-64
1372396284.0_H1,1372396284.0,H1,BACKGROUND,0.0822253003716468,BACKGROUND,idxq4-64_queryq4-64
1372397820.0_H1,1372397820.0,H1,ROBUST,0.4408659040927887,ROBUST,idxq4-64_queryq4-64
1372398748.0_H1,1372398748.0,H1,ROBUST,0.4543280899524688,ROBUST,idxq4-64_queryq4-64
1372398780.0_L1,1372398780.0,L1,ROBUST,0.4386740922927856,ROBUST,idxq4-64_queryq4-64
1372400700.0_H1,1372400700.0,H1,ROBUST,0.4408027529716491,ROBUST,idxq4-64_queryq4-64
1372403164.0_H1,1372403164.0,H1,ROBUST,0.4039482176303863,ROBUST,idxq4-64_queryq4-64
1372405820.0_L1,1372405820.0,L1,ROBUST,0.4318002164363861,ROBUST,idxq4-64_queryq4-64
1372406972.0_H1,1372406972.0,H1,ROBUST,0.4110877513885498,ROBUST,idxq4-64_queryq4-64
1372407324.0_L1,1372407324.0,L1,ROBUST,0.4219590127468109,ROBUST,idxq4-64_queryq4-64
1372411260.0_H1,1372411260.0,H1,ROBUST,0.4150623977184295,ROBUST,idxq4-64_queryq4-64
1372411356.0_L1,1372411356.0,L1,AMBIGUOUS,0.1529451757669448,AMBIGUOUS,idxq4-64_queryq4-64
1372412764.0_L1,1372412764.0,L1,ROBUST,0.4973427355289459,ROBUST,idxq4-64_queryq4-64
1372414204.0_H1,1372414204.0,H1,ROBUST,0.4491124153137207,ROBUST,idxq4-64_queryq4-64
1372415356.0_H1,1372415356.0,H1,ROBUST,0.4267548024654388,ROBUST,idxq4-64_queryq4-64
1372415580.0_L1,1372415580.0,L1,AMBIGUOUS,0.1537539213895797,AMBIGUOUS,idxq4-64_queryq4-64
1372416412.0_L1,1372416412.0,L1,ROBUST,0.4741030931472778,ROBUST,idxq4-64_queryq4-64
1372419452.0_L1,1372419452.0,L1,ROBUST,0.4476257264614105,ROBUST,idxq4-64_queryq4-64
1372419484.0_L1,1372419484.0,L1,ROBUST,0.41919606924057,ROBUST,idxq4-64_queryq4-64
1372425372.0_L1,1372425372.0,L1,ROBUST,0.3290603458881378,ROBUST,idxq4-64_queryq4-64
1372426300.0_L1,1372426300.0,L1,ROBUST,0.4760015308856964,ROBUST,idxq4-64_queryq4-64
1372428060.0_L1,1372428060.0,L1,BACKGROUND,0.1348620802164077,BACKGROUND,idxq4-64_queryq4-64
1372429724.0_H1,1372429724.0,H1,ROBUST,0.3960455656051636,ROBUST,idxq4-64_queryq4-64
1372432028.0_L1,1372432028.0,L1,ROBUST,0.4286740720272064,ROBUST,idxq4-64_queryq4-64
1372432284.0_L1,1372432284.0,L1,BACKGROUND,0.1460146605968475,BACKGROUND,idxq4-64_queryq4-64
1372433500.0_L1,1372433500.0,L1,BACKGROUND,0.0753478035330772,BACKGROUND,idxq4-64_queryq4-64
1372435968.0_L1,1372435968.0,L1,BACKGROUND,0.0589219406247139,BACKGROUND,idxq4-64_queryq4-64
1372436092.0_L1,1372436092.0,L1,AMBIGUOUS,0.2027419358491897,AMBIGUOUS,idxq4-64_queryq4-64
1372436348.0_L1,1372436348.0,L1,ROBUST,0.4084758758544922,ROBUST,idxq4-64_queryq4-64
1372436380.0_L1,1372436380.0,L1,AMBIGUOUS,0.181449681520462,AMBIGUOUS,idxq4-64_queryq4-64
1372437244.0_H1,1372437244.0,H1,BACKGROUND,0.0968753769993782,BACKGROUND,idxq4-64_queryq4-64
1372437468.0_H1,1372437468.0,H1,BACKGROUND,0.1058865711092948,BACKGROUND,idxq4-64_queryq4-64
1372438460.0_L1,1372438460.0,L1,BACKGROUND,0.0746519044041633,BACKGROUND,idxq4-64_queryq4-64
1372445468.0_H1,1372445468.0,H1,ROBUST,0.438053160905838,ROBUST,idxq4-64_queryq4-64
1372447388.0_H1,1372447388.0,H1,AMBIGUOUS,0.145967498421669,AMBIGUOUS,idxq4-64_queryq4-64
1372447772.0_L1,1372447772.0,L1,ROBUST,0.3897129595279693,ROBUST,idxq4-64_queryq4-64
1372450364.0_L1,1372450364.0,L1,AMBIGUOUS,0.1834202855825424,AMBIGUOUS,idxq4-64_queryq4-64
1372450524.0_H1,1372450524.0,H1,BACKGROUND,0.116712138056755,BACKGROUND,idxq4-64_queryq4-64
1372454076.0_H1,1372454076.0,H1,ROBUST,0.3971410989761352,ROBUST,idxq4-64_queryq4-64
1372454588.0_L1,1372454588.0,L1,BACKGROUND,0.0723581612110138,BACKGROUND,idxq4-64_queryq4-64
1372465948.0_H1,1372465948.0,H1,ROBUST,0.453118622303009,ROBUST,idxq4-64_queryq4-64
1372467356.0_L1,1372467356.0,L1,BACKGROUND,0.0792474076151847,BACKGROUND,idxq4-64_queryq4-64
1372469692.0_H1,1372469692.0,H1,ROBUST,0.457897424697876,ROBUST,idxq4-64_queryq4-64
1372470204.0_L1,1372470204.0,L1,AMBIGUOUS,0.1927672326564788,AMBIGUOUS,idxq4-64_queryq4-64
1372470492.0_L1,1372470492.0,L1,BACKGROUND,0.0726721435785293,BACKGROUND,idxq4-64_queryq4-64
1372471580.0_H1,1372471580.0,H1,BACKGROUND,0.1132875904440879,BACKGROUND,idxq4-64_queryq4-64
1372472832.0_L1,1372472832.0,L1,BACKGROUND,0.0953469574451446,BACKGROUND,idxq4-64_queryq4-64
1372474204.0_L1,1372474204.0,L1,ROBUST,0.4441238939762115,ROBUST,idxq4-64_queryq4-64
1372474524.0_L1,1372474524.0,L1,BACKGROUND,0.0711720585823059,BACKGROUND,idxq4-64_queryq4-64
1372489564.0_L1,1372489564.0,L1,ROBUST,0.4644498825073242,ROBUST,idxq4-64_queryq4-64
1372490108.0_H1,1372490108.0,H1,BACKGROUND,0.1015909016132354,BACKGROUND,idxq4-64_queryq4-64
1372490588.0_L1,1372490588.0,L1,ROBUST,0.238832026720047,ROBUST,idxq4-64_queryq4-64
1372490876.0_H1,1372490876.0,H1,BACKGROUND,0.0834718346595764,BACKGROUND,idxq4-64_queryq4-64
1372491580.0_H1,1372491580.0,H1,ROBUST,0.4115135669708252,ROBUST,idxq4-64_queryq4-64
1372492700.0_L1,1372492700.0,L1,BACKGROUND,0.0822525918483734,BACKGROUND,idxq4-64_queryq4-64
1372507132.0_L1,1372507132.0,L1,ROBUST,0.4509735107421875,ROBUST,idxq4-64_queryq4-64
1372508060.0_L1,1372508060.0,L1,ROBUST,0.4289042055606842,ROBUST,idxq4-64_queryq4-64
1372508380.0_L1,1372508380.0,L1,ROBUST,0.4517953097820282,ROBUST,idxq4-64_queryq4-64
1372509372.0_L1,1372509372.0,L1,BACKGROUND,0.0662922412157058,BACKGROUND,idxq4-64_queryq4-64
1372509532.0_L1,1372509532.0,L1,BACKGROUND,0.0821844860911369,BACKGROUND,idxq4-64_queryq4-64
1372509916.0_L1,1372509916.0,L1,BACKGROUND,0.1092163994908332,BACKGROUND,idxq4-64_queryq4-64
1372511548.0_H1,1372511548.0,H1,ROBUST,0.4209550321102142,ROBUST,idxq4-64_queryq4-64
1372511612.0_L1,1372511612.0,L1,ROBUST,0.2538726031780243,ROBUST,idxq4-64_queryq4-64
1372512572.0_L1,1372512572.0,L1,ROBUST,0.4209257066249847,ROBUST,idxq4-64_queryq4-64
1372513084.0_H1,1372513084.0,H1,BACKGROUND,0.0858819931745529,BACKGROUND,idxq4-64_queryq4-64
1372513596.0_L1,1372513596.0,L1,ROBUST,0.4768188595771789,ROBUST,idxq4-64_queryq4-64
1372513756.0_L1,1372513756.0,L1,AMBIGUOUS,0.1704082190990448,AMBIGUOUS,idxq4-64_queryq4-64
1372513792.0_L1,1372513792.0,L1,BACKGROUND,0.0592991895973682,BACKGROUND,idxq4-64_queryq4-64
1372514076.0_H1,1372514076.0,H1,BACKGROUND,0.0949817895889282,BACKGROUND,idxq4-64_queryq4-64
1372516124.0_H1,1372516124.0,H1,ROBUST,0.2811627686023712,ROBUST,idxq4-64_queryq4-64
1372517148.0_L1,1372517148.0,L1,BACKGROUND,0.0641181617975235,BACKGROUND,idxq4-64_queryq4-64
1372518620.0_H1,1372518620.0,H1,BACKGROUND,0.089169330894947,BACKGROUND,idxq4-64_queryq4-64
1372519068.0_L1,1372519068.0,L1,ROBUST,0.3042040467262268,ROBUST,idxq4-64_queryq4-64
1372519900.0_L1,1372519900.0,L1,BACKGROUND,0.0988474860787391,BACKGROUND,idxq4-64_queryq4-64
1372521244.0_L1,1372521244.0,L1,BACKGROUND,0.142524167895317,BACKGROUND,idxq4-64_queryq4-64
1372521596.0_L1,1372521596.0,L1,ROBUST,0.4476957619190216,ROBUST,idxq4-64_queryq4-64
1372521756.0_H1,1372521756.0,H1,BACKGROUND,0.0856940373778343,BACKGROUND,idxq4-64_queryq4-64
1372522876.0_H1,1372522876.0,H1,BACKGROUND,0.1026497855782508,BACKGROUND,idxq4-64_queryq4-64
1372523580.0_L1,1372523580.0,L1,ROBUST,0.4137861430644989,ROBUST,idxq4-64_queryq4-64
1372524636.0_H1,1372524636.0,H1,ROBUST,0.4657376706600189,ROBUST,idxq4-64_queryq4-64
1372525148.0_H1,1372525148.0,H1,ROBUST,0.4913485944271087,ROBUST,idxq4-64_queryq4-64
1372525532.0_H1,1372525532.0,H1,ROBUST,0.4512301385402679,ROBUST,idxq4-64_queryq4-64
1372525564.0_L1,1372525564.0,L1,ROBUST,0.4395425021648407,ROBUST,idxq4-64_queryq4-64
1372525564.0_H1,1372525564.0,H1,ROBUST,0.37830883264541626,ROBUST,idxq4-64_queryq4-64
1372525756.0_L1,1372525756.0,L1,BACKGROUND,0.1059122532606124,BACKGROUND,idxq4-64_queryq4-64
1372538368.0_L1,1372538368.0,L1,BACKGROUND,0.0584391430020332,BACKGROUND,idxq4-64_queryq4-64
1372538748.0_L1,1372538748.0,L1,ROBUST,0.4258453845977783,ROBUST,idxq4-64_queryq4-64
1372538780.0_L1,1372538780.0,L1,ROBUST,0.3200131952762604,ROBUST,idxq4-64_queryq4-64
1372540828.0_H1,1372540828.0,H1,ROBUST,0.4536788761615753,ROBUST,idxq4-64_queryq4-64
1372541532.0_H1,1372541532.0,H1,BACKGROUND,0.0760438144207,BACKGROUND,idxq4-64_queryq4-64
1372541628.0_L1,1372541628.0,L1,ROBUST,0.477357417345047,ROBUST,idxq4-64_queryq4-64
1372541788.0_H1,1372541788.0,H1,BACKGROUND,0.0763638615608215,BACKGROUND,idxq4-64_queryq4-64
1372543228.0_L1,1372543228.0,L1,BACKGROUND,0.0729334354400634,BACKGROUND,idxq4-64_queryq4-64
1372552636.0_L1,1372552636.0,L1,BACKGROUND,0.0733456164598465,BACKGROUND,idxq4-64_queryq4-64
1372552636.0_H1,1372552636.0,H1,BACKGROUND,0.12036918103694916,BACKGROUND,idxq4-64_queryq4-64
1372553116.0_L1,1372553116.0,L1,ROBUST,0.4533438980579376,ROBUST,idxq4-64_queryq4-64
1372553596.0_H1,1372553596.0,H1,ROBUST,0.4599489569664001,ROBUST,idxq4-64_queryq4-64
1372553724.0_L1,1372553724.0,L1,BACKGROUND,0.0748732686042785,BACKGROUND,idxq4-64_queryq4-64
1372554716.0_L1,1372554716.0,L1,AMBIGUOUS,0.1613119393587112,AMBIGUOUS,idxq4-64_queryq4-64
1372555708.0_H1,1372555708.0,H1,BACKGROUND,0.1178769245743751,BACKGROUND,idxq4-64_queryq4-64
1372555900.0_L1,1372555900.0,L1,BACKGROUND,0.0859365314245224,BACKGROUND,idxq4-64_queryq4-64
1372556924.0_L1,1372556924.0,L1,BACKGROUND,0.0844655334949493,BACKGROUND,idxq4-64_queryq4-64
1372558012.0_L1,1372558012.0,L1,ROBUST,0.4359400868415832,ROBUST,idxq4-64_queryq4-64
1372559740.0_L1,1372559740.0,L1,ROBUST,0.4480184912681579,ROBUST,idxq4-64_queryq4-64
1372559996.0_L1,1372559996.0,L1,ROBUST,0.2324791252613067,ROBUST,idxq4-64_queryq4-64
1372562908.0_L1,1372562908.0,L1,AMBIGUOUS,0.183549627661705,AMBIGUOUS,idxq4-64_queryq4-64
1372562944.0_L1,1372562944.0,L1,ROBUST,0.4415383636951446,ROBUST,idxq4-64_queryq4-64
1372571580.0_H1,1372571580.0,H1,BACKGROUND,0.0889585390686988,BACKGROUND,idxq4-64_queryq4-64
1372572540.0_L1,1372572540.0,L1,BACKGROUND,0.0996100008487701,BACKGROUND,idxq4-64_queryq4-64
1372573212.0_H1,1372573212.0,H1,ROBUST,0.4113975763320923,ROBUST,idxq4-64_queryq4-64
1372575068.0_L1,1372575068.0,L1,BACKGROUND,0.0777998715639114,BACKGROUND,idxq4-64_queryq4-64
1372576156.0_H1,1372576156.0,H1,BACKGROUND,0.0948687344789505,BACKGROUND,idxq4-64_queryq4-64
1372576188.0_L1,1372576188.0,L1,ROBUST,0.455808013677597,ROBUST,idxq4-64_queryq4-64
1372576284.0_L1,1372576284.0,L1,ROBUST,0.4577737152576446,ROBUST,idxq4-64_queryq4-64
1372576700.0_H1,1372576700.0,H1,ROBUST,0.4612229168415069,ROBUST,idxq4-64_queryq4-64
1372576988.0_L1,1372576988.0,L1,BACKGROUND,0.0777981281280517,BACKGROUND,idxq4-64_queryq4-64
1372579196.0_H1,1372579196.0,H1,ROBUST,0.4306091368198395,ROBUST,idxq4-64_queryq4-64
1372581308.0_H1,1372581308.0,H1,ROBUST,0.4239158630371094,ROBUST,idxq4-64_queryq4-64
1372583548.0_H1,1372583548.0,H1,ROBUST,0.4877652525901794,ROBUST,idxq4-64_queryq4-64
1372583580.0_H1,1372583580.0,H1,BACKGROUND,0.105414904654026,BACKGROUND,idxq4-64_queryq4-64
1372587324.0_H1,1372587324.0,H1,BACKGROUND,0.0798401981592178,BACKGROUND,idxq4-64_queryq4-64
1372588732.0_L1,1372588732.0,L1,ROBUST,0.2420597970485687,ROBUST,idxq4-64_queryq4-64
1372588988.0_L1,1372588988.0,L1,ROBUST,0.4481886625289917,ROBUST,idxq4-64_queryq4-64
1372589020.0_L1,1372589020.0,L1,ROBUST,0.4503743350505829,ROBUST,idxq4-64_queryq4-64
1372590172.0_L1,1372590172.0,L1,ROBUST,0.3501033186912536,ROBUST,idxq4-64_queryq4-64
1372590652.0_H1,1372590652.0,H1,ROBUST,0.3897513747215271,ROBUST,idxq4-64_queryq4-64
1372594012.0_L1,1372594012.0,L1,BACKGROUND,0.0690729618072509,BACKGROUND,idxq4-64_queryq4-64
1372595164.0_L1,1372595164.0,L1,BACKGROUND,0.118385262787342,BACKGROUND,idxq4-64_queryq4-64
1372596252.0_L1,1372596252.0,L1,BACKGROUND,0.1011931374669075,BACKGROUND,idxq4-64_queryq4-64
1372602076.0_L1,1372602076.0,L1,AMBIGUOUS,0.1714662015438079,AMBIGUOUS,idxq4-64_queryq4-64
1372603132.0_H1,1372603132.0,H1,AMBIGUOUS,0.1640139818191528,AMBIGUOUS,idxq4-64_queryq4-64
1372603164.0_H1,1372603164.0,H1,ROBUST,0.2294974625110626,ROBUST,idxq4-64_queryq4-64
1372606460.0_H1,1372606460.0,H1,BACKGROUND,0.0889714434742927,BACKGROUND,idxq4-64_queryq4-64
1372606844.0_H1,1372606844.0,H1,ROBUST,0.4565155506134033,ROBUST,idxq4-64_queryq4-64
1372606876.0_H1,1372606876.0,H1,ROBUST,0.394432008266449,ROBUST,idxq4-64_queryq4-64
1372608316.0_H1,1372608316.0,H1,BACKGROUND,0.0872211530804634,BACKGROUND,idxq4-64_queryq4-64
1372608380.0_L1,1372608380.0,L1,ROBUST,0.4136135578155517,ROBUST,idxq4-64_queryq4-64
1372609948.0_H1,1372609948.0,H1,BACKGROUND,0.1185834258794784,BACKGROUND,idxq4-64_queryq4-64
1372610588.0_H1,1372610588.0,H1,BACKGROUND,0.0986826121807098,BACKGROUND,idxq4-64_queryq4-64
1372612476.0_H1,1372612476.0,H1,BACKGROUND,0.0863673165440559,BACKGROUND,idxq4-64_queryq4-64
1372613372.0_L1,1372613372.0,L1,ROBUST,0.4526030123233795,ROBUST,idxq4-64_queryq4-64
1372613436.0_H1,1372613436.0,H1,BACKGROUND,0.0972660854458808,BACKGROUND,idxq4-64_queryq4-64
1372615420.0_L1,1372615420.0,L1,ROBUST,0.4199775159358978,ROBUST,idxq4-64_queryq4-64
1372615452.0_H1,1372615452.0,H1,BACKGROUND,0.1197241619229316,BACKGROUND,idxq4-64_queryq4-64
1372617116.0_H1,1372617116.0,H1,BACKGROUND,0.0790116339921951,BACKGROUND,idxq4-64_queryq4-64
1372618684.0_H1,1372618684.0,H1,BACKGROUND,0.1058980077505111,BACKGROUND,idxq4-64_queryq4-64
1372636028.0_H1,1372636028.0,H1,ROBUST,0.4708394408226013,ROBUST,idxq4-64_queryq4-64
1372636892.0_L1,1372636892.0,L1,ROBUST,0.4259206652641296,ROBUST,idxq4-64_queryq4-64
1372637820.0_L1,1372637820.0,L1,ROBUST,0.457588642835617,ROBUST,idxq4-64_queryq4-64
1372638332.0_H1,1372638332.0,H1,BACKGROUND,0.0975738689303398,BACKGROUND,idxq4-64_queryq4-64
1372639420.0_L1,1372639420.0,L1,AMBIGUOUS,0.216431125998497,AMBIGUOUS,idxq4-64_queryq4-64
1372640060.0_L1,1372640060.0,L1,BACKGROUND,0.0955410599708557,BACKGROUND,idxq4-64_queryq4-64
1372641596.0_L1,1372641596.0,L1,AMBIGUOUS,0.1581225097179412,AMBIGUOUS,idxq4-64_queryq4-64
1372643804.0_H1,1372643804.0,H1,BACKGROUND,0.094043031334877,BACKGROUND,idxq4-64_queryq4-64
1372647900.0_L1,1372647900.0,L1,ROBUST,0.4171271622180938,ROBUST,idxq4-64_queryq4-64
1372648476.0_H1,1372648476.0,H1,ROBUST,0.4546549618244171,ROBUST,idxq4-64_queryq4-64
1372650748.0_H1,1372650748.0,H1,BACKGROUND,0.1007833406329155,BACKGROUND,idxq4-64_queryq4-64
1372654172.0_L1,1372654172.0,L1,ROBUST,0.2424710243940353,ROBUST,idxq4-64_queryq4-64
1372658588.0_L1,1372658588.0,L1,ROBUST,0.4581975638866424,ROBUST,idxq4-64_queryq4-64
1372658716.0_L1,1372658716.0,L1,BACKGROUND,0.1118752434849739,BACKGROUND,idxq4-64_queryq4-64
1372659612.0_H1,1372659612.0,H1,ROBUST,0.4414984881877899,ROBUST,idxq4-64_queryq4-64
1372661500.0_H1,1372661500.0,H1,BACKGROUND,0.1000083312392234,BACKGROUND,idxq4-64_queryq4-64
1372662044.0_H1,1372662044.0,H1,BACKGROUND,0.0887925922870636,BACKGROUND,idxq4-64_queryq4-64
1372662908.0_H1,1372662908.0,H1,BACKGROUND,0.0938609316945076,BACKGROUND,idxq4-64_queryq4-64
1372664828.0_H1,1372664828.0,H1,BACKGROUND,0.1099589616060257,BACKGROUND,idxq4-64_queryq4-64
1372665084.0_H1,1372665084.0,H1,BACKGROUND,0.0973396971821785,BACKGROUND,idxq4-64_queryq4-64
1372666172.0_H1,1372666172.0,H1,ROBUST,0.4495058059692383,ROBUST,idxq4-64_queryq4-64
1372666652.0_H1,1372666652.0,H1,BACKGROUND,0.092504508793354,BACKGROUND,idxq4-64_queryq4-64
1372667648.0_H1,1372667648.0,H1,BACKGROUND,0.0662069916725158,BACKGROUND,idxq4-64_queryq4-64
1372671580.0_L1,1372671580.0,L1,ROBUST,0.4504949450492859,ROBUST,idxq4-64_queryq4-64
1372671744.0_H1,1372671744.0,H1,BACKGROUND,0.086405448615551,BACKGROUND,idxq4-64_queryq4-64
1372671772.0_L1,1372671772.0,L1,ROBUST,0.4634434282779693,ROBUST,idxq4-64_queryq4-64
1372671836.0_H1,1372671836.0,H1,BACKGROUND,0.1053212285041809,BACKGROUND,idxq4-64_queryq4-64
1372674012.0_L1,1372674012.0,L1,ROBUST,0.4860929548740387,ROBUST,idxq4-64_queryq4-64
1372674108.0_H1,1372674108.0,H1,ROBUST,0.4225088059902191,ROBUST,idxq4-64_queryq4-64
1372675932.0_L1,1372675932.0,L1,BACKGROUND,0.0901493653655052,BACKGROUND,idxq4-64_queryq4-64
1372677308.0_H1,1372677308.0,H1,ROBUST,0.4283860027790069,ROBUST,idxq4-64_queryq4-64
1372678652.0_H1,1372678652.0,H1,ROBUST,0.2888328433036804,ROBUST,idxq4-64_queryq4-64
1372678716.0_L1,1372678716.0,L1,ROBUST,0.456077516078949,ROBUST,idxq4-64_queryq4-64
1372679936.0_H1,1372679936.0,H1,BACKGROUND,0.0772976800799369,BACKGROUND,idxq4-64_queryq4-64
1372681564.0_H1,1372681564.0,H1,BACKGROUND,0.0872687101364135,BACKGROUND,idxq4-64_queryq4-64
1372681852.0_L1,1372681852.0,L1,ROBUST,0.4380328357219696,ROBUST,idxq4-64_queryq4-64
1372682524.0_H1,1372682524.0,H1,BACKGROUND,0.1016108468174934,BACKGROUND,idxq4-64_queryq4-64
1372683484.0_L1,1372683484.0,L1,ROBUST,0.4335986375808716,ROBUST,idxq4-64_queryq4-64
1372684156.0_L1,1372684156.0,L1,ROBUST,0.428098201751709,ROBUST,idxq4-64_queryq4-64
1372687932.0_H1,1372687932.0,H1,ROBUST,0.4933036267757416,ROBUST,idxq4-64_queryq4-64
1372687964.0_H1,1372687964.0,H1,ROBUST,0.4714139997959137,ROBUST,idxq4-64_queryq4-64
1372687996.0_L1,1372687996.0,L1,ROBUST,0.303571879863739,ROBUST,idxq4-64_queryq4-64
1372687996.0_H1,1372687996.0,H1,ROBUST,0.444486141204834,ROBUST,idxq4-64_queryq4-64
1372688444.0_H1,1372688444.0,H1,ROBUST,0.3374519050121307,ROBUST,idxq4-64_queryq4-64
1372688476.0_H1,1372688476.0,H1,ROBUST,0.4005046188831329,ROBUST,idxq4-64_queryq4-64
1372689372.0_L1,1372689372.0,L1,ROBUST,0.4386756718158722,ROBUST,idxq4-64_queryq4-64
1372689788.0_H1,1372689788.0,H1,BACKGROUND,0.0856674388051033,BACKGROUND,idxq4-64_queryq4-64
1372689980.0_L1,1372689980.0,L1,ROBUST,0.3568174839019775,ROBUST,idxq4-64_queryq4-64
1372691676.0_H1,1372691676.0,H1,BACKGROUND,0.0875952541828155,BACKGROUND,idxq4-64_queryq4-64
1372693340.0_H1,1372693340.0,H1,ROBUST,0.4701177775859833,ROBUST,idxq4-64_queryq4-64
1372694940.0_H1,1372694940.0,H1,AMBIGUOUS,0.1441612094640731,AMBIGUOUS,idxq4-64_queryq4-64
1372695900.0_H1,1372695900.0,H1,AMBIGUOUS,0.1839308738708496,AMBIGUOUS,idxq4-64_queryq4-64
1372699868.0_L1,1372699868.0,L1,ROBUST,0.4542438387870788,ROBUST,idxq4-64_queryq4-64
1372701276.0_H1,1372701276.0,H1,BACKGROUND,0.0869422927498817,BACKGROUND,idxq4-64_queryq4-64
1372702044.0_H1,1372702044.0,H1,ROBUST,0.4464643895626068,ROBUST,idxq4-64_queryq4-64
1372702332.0_H1,1372702332.0,H1,ROBUST,0.4254062473773956,ROBUST,idxq4-64_queryq4-64
1372704380.0_H1,1372704380.0,H1,ROBUST,0.2518294751644134,ROBUST,idxq4-64_queryq4-64
1372704444.0_H1,1372704444.0,H1,BACKGROUND,0.1255837827920913,BACKGROUND,idxq4-64_queryq4-64
1372704476.0_L1,1372704476.0,L1,ROBUST,0.435606300830841,ROBUST,idxq4-64_queryq4-64
1372704476.0_H1,1372704476.0,H1,ROBUST,0.24552017450332642,ROBUST,idxq4-64_queryq4-64
1372705084.0_H1,1372705084.0,H1,AMBIGUOUS,0.1351708024740219,AMBIGUOUS,idxq4-64_queryq4-64
1372705660.0_L1,1372705660.0,L1,BACKGROUND,0.0900880843400955,BACKGROUND,idxq4-64_queryq4-64
1372705788.0_H1,1372705788.0,H1,BACKGROUND,0.0953945815563201,BACKGROUND,idxq4-64_queryq4-64
1372707420.0_L1,1372707420.0,L1,ROBUST,0.433929443359375,ROBUST,idxq4-64_queryq4-64
1372708348.0_H1,1372708348.0,H1,BACKGROUND,0.0771172493696212,BACKGROUND,idxq4-64_queryq4-64
1372709724.0_L1,1372709724.0,L1,ROBUST,0.4295559525489807,ROBUST,idxq4-64_queryq4-64
1372710044.0_L1,1372710044.0,L1,ROBUST,0.4160204529762268,ROBUST,idxq4-64_queryq4-64
1372710940.0_H1,1372710940.0,H1,ROBUST,0.3616926968097687,ROBUST,idxq4-64_queryq4-64
1372711484.0_H1,1372711484.0,H1,BACKGROUND,0.0794612243771553,BACKGROUND,idxq4-64_queryq4-64
1372712028.0_H1,1372712028.0,H1,ROBUST,0.4264766573905945,ROBUST,idxq4-64_queryq4-64
1372713596.0_H1,1372713596.0,H1,BACKGROUND,0.0915644466876983,BACKGROUND,idxq4-64_queryq4-64
1372714556.0_L1,1372714556.0,L1,ROBUST,0.4311252236366272,ROBUST,idxq4-64_queryq4-64
1372715388.0_H1,1372715388.0,H1,ROBUST,0.4239756762981415,ROBUST,idxq4-64_queryq4-64
1372715676.0_H1,1372715676.0,H1,ROBUST,0.4517504572868347,ROBUST,idxq4-64_queryq4-64
1372718588.0_L1,1372718588.0,L1,ROBUST,0.417850524187088,ROBUST,idxq4-64_queryq4-64
1372719132.0_L1,1372719132.0,L1,ROBUST,0.4379115402698517,ROBUST,idxq4-64_queryq4-64
1372719644.0_H1,1372719644.0,H1,ROBUST,0.4443390369415283,ROBUST,idxq4-64_queryq4-64
1372721948.0_L1,1372721948.0,L1,ROBUST,0.4670301377773285,ROBUST,idxq4-64_queryq4-64
1372725212.0_L1,1372725212.0,L1,ROBUST,0.4378329515457153,ROBUST,idxq4-64_queryq4-64
1372725404.0_H1,1372725404.0,H1,ROBUST,0.4148512482643127,ROBUST,idxq4-64_queryq4-64
1372726012.0_H1,1372726012.0,H1,BACKGROUND,0.1046492829918861,BACKGROUND,idxq4-64_queryq4-64
1372728092.0_H1,1372728092.0,H1,ROBUST,0.4825451672077179,ROBUST,idxq4-64_queryq4-64
1372732796.0_H1,1372732796.0,H1,BACKGROUND,0.1042601466178894,BACKGROUND,idxq4-64_queryq4-64
1372732956.0_H1,1372732956.0,H1,ROBUST,0.2156661748886108,ROBUST,idxq4-64_queryq4-64
1372733628.0_H1,1372733628.0,H1,ROBUST,0.4147443175315857,ROBUST,idxq4-64_queryq4-64
1372734812.0_H1,1372734812.0,H1,AMBIGUOUS,0.1996074318885803,AMBIGUOUS,idxq4-64_queryq4-64
1372734908.0_H1,1372734908.0,H1,BACKGROUND,0.0902959629893302,BACKGROUND,idxq4-64_queryq4-64
1372736092.0_H1,1372736092.0,H1,BACKGROUND,0.1199751496315002,BACKGROUND,idxq4-64_queryq4-64
1372736860.0_L1,1372736860.0,L1,ROBUST,0.4387211501598358,ROBUST,idxq4-64_queryq4-64
1372748284.0_L1,1372748284.0,L1,ROBUST,0.4836778044700622,ROBUST,idxq4-64_queryq4-64
1372753500.0_L1,1372753500.0,L1,ROBUST,0.3589625656604767,ROBUST,idxq4-64_queryq4-64
1372754332.0_L1,1372754332.0,L1,ROBUST,0.4979932904243469,ROBUST,idxq4-64_queryq4-64
1372755004.0_H1,1372755004.0,H1,BACKGROUND,0.1000535190105438,BACKGROUND,idxq4-64_queryq4-64
1372755356.0_L1,1372755356.0,L1,ROBUST,0.2434023171663284,ROBUST,idxq4-64_queryq4-64
1372756476.0_H1,1372756476.0,H1,BACKGROUND,0.083237200975418,BACKGROUND,idxq4-64_queryq4-64
1372757948.0_H1,1372757948.0,H1,ROBUST,0.463520735502243,ROBUST,idxq4-64_queryq4-64
1372759164.0_H1,1372759164.0,H1,ROBUST,0.4047782123088836,ROBUST,idxq4-64_queryq4-64
1372759196.0_L1,1372759196.0,L1,ROBUST,0.4222118258476257,ROBUST,idxq4-64_queryq4-64
1372762108.0_H1,1372762108.0,H1,ROBUST,0.4143379330635071,ROBUST,idxq4-64_queryq4-64
1372763228.0_H1,1372763228.0,H1,BACKGROUND,0.0881111323833465,BACKGROUND,idxq4-64_queryq4-64
1372765724.0_L1,1372765724.0,L1,ROBUST,0.3038564026355743,ROBUST,idxq4-64_queryq4-64
1372765852.0_H1,1372765852.0,H1,BACKGROUND,0.0844519957900047,BACKGROUND,idxq4-64_queryq4-64
1372766812.0_H1,1372766812.0,H1,BACKGROUND,0.0777981206774711,BACKGROUND,idxq4-64_queryq4-64
1372767100.0_L1,1372767100.0,L1,ROBUST,0.4273872971534729,ROBUST,idxq4-64_queryq4-64
1372767356.0_H1,1372767356.0,H1,BACKGROUND,0.0779292806982994,BACKGROUND,idxq4-64_queryq4-64
1372771996.0_L1,1372771996.0,L1,ROBUST,0.4432181715965271,ROBUST,idxq4-64_queryq4-64
1372773180.0_H1,1372773180.0,H1,ROBUST,0.4096279144287109,ROBUST,idxq4-64_queryq4-64
1372774396.0_H1,1372774396.0,H1,BACKGROUND,0.0780597552657127,BACKGROUND,idxq4-64_queryq4-64
1372775804.0_H1,1372775804.0,H1,ROBUST,0.407068133354187,ROBUST,idxq4-64_queryq4-64
1372776156.0_L1,1372776156.0,L1,AMBIGUOUS,0.2045323252677917,AMBIGUOUS,idxq4-64_queryq4-64
1372776956.0_L1,1372776956.0,L1,BACKGROUND,0.1460928618907928,BACKGROUND,idxq4-64_queryq4-64
1372776988.0_H1,1372776988.0,H1,ROBUST,0.3515143096446991,ROBUST,idxq4-64_queryq4-64
1372777020.0_H1,1372777020.0,H1,ROBUST,0.4260733425617218,ROBUST,idxq4-64_queryq4-64
1372778204.0_L1,1372778204.0,L1,AMBIGUOUS,0.1712180823087692,AMBIGUOUS,idxq4-64_queryq4-64
1372780316.0_L1,1372780316.0,L1,ROBUST,0.4514549970626831,ROBUST,idxq4-64_queryq4-64
1372781564.0_H1,1372781564.0,H1,ROBUST,0.4132371842861175,ROBUST,idxq4-64_queryq4-64
1372783196.0_L1,1372783196.0,L1,ROBUST,0.2415971159934997,ROBUST,idxq4-64_queryq4-64
1372783548.0_L1,1372783548.0,L1,ROBUST,0.3369239866733551,ROBUST,idxq4-64_queryq4-64
1372783676.0_L1,1372783676.0,L1,AMBIGUOUS,0.1887806802988052,AMBIGUOUS,idxq4-64_queryq4-64
1372784124.0_H1,1372784124.0,H1,ROBUST,0.3295202851295471,ROBUST,idxq4-64_queryq4-64
1372786076.0_L1,1372786076.0,L1,ROBUST,0.4820126891136169,ROBUST,idxq4-64_queryq4-64
1372786396.0_H1,1372786396.0,H1,ROBUST,0.2133664935827255,ROBUST,idxq4-64_queryq4-64
1372790076.0_H1,1372790076.0,H1,ROBUST,0.4117224514484405,ROBUST,idxq4-64_queryq4-64
1372791324.0_H1,1372791324.0,H1,BACKGROUND,0.1135053187608718,BACKGROUND,idxq4-64_queryq4-64
1372791612.0_L1,1372791612.0,L1,AMBIGUOUS,0.2181507349014282,AMBIGUOUS,idxq4-64_queryq4-64
1372791676.0_H1,1372791676.0,H1,BACKGROUND,0.0864555016160011,BACKGROUND,idxq4-64_queryq4-64
1372791836.0_H1,1372791836.0,H1,AMBIGUOUS,0.1446039825677871,AMBIGUOUS,idxq4-64_queryq4-64
1372793884.0_H1,1372793884.0,H1,ROBUST,0.4204807877540588,ROBUST,idxq4-64_queryq4-64
1372794012.0_L1,1372794012.0,L1,ROBUST,0.2486592531204223,ROBUST,idxq4-64_queryq4-64
1372795548.0_L1,1372795548.0,L1,ROBUST,0.2826816737651825,ROBUST,idxq4-64_queryq4-64
1372812252.0_H1,1372812252.0,H1,BACKGROUND,0.0844509229063987,BACKGROUND,idxq4-64_queryq4-64
1372813308.0_H1,1372813308.0,H1,ROBUST,0.4323662221431732,ROBUST,idxq4-64_queryq4-64
1372816252.0_H1,1372816252.0,H1,BACKGROUND,0.0846109092235565,BACKGROUND,idxq4-64_queryq4-64
1372819004.0_L1,1372819004.0,L1,ROBUST,0.4627389311790466,ROBUST,idxq4-64_queryq4-64
1372821628.0_L1,1372821628.0,L1,ROBUST,0.4361681640148163,ROBUST,idxq4-64_queryq4-64
1372822492.0_H1,1372822492.0,H1,ROBUST,0.4490643143653869,ROBUST,idxq4-64_queryq4-64
1372822524.0_H1,1372822524.0,H1,ROBUST,0.4734381437301636,ROBUST,idxq4-64_queryq4-64
1372822972.0_L1,1372822972.0,L1,ROBUST,0.3817978203296661,ROBUST,idxq4-64_queryq4-64
1372824828.0_H1,1372824828.0,H1,ROBUST,0.4451439678668976,ROBUST,idxq4-64_queryq4-64
1372824892.0_H1,1372824892.0,H1,BACKGROUND,0.0854813754558563,BACKGROUND,idxq4-64_queryq4-64
1372827740.0_L1,1372827740.0,L1,ROBUST,0.4016899764537811,ROBUST,idxq4-64_queryq4-64
1372831100.0_H1,1372831100.0,H1,ROBUST,0.4060308337211609,ROBUST,idxq4-64_queryq4-64
1372831452.0_H1,1372831452.0,H1,AMBIGUOUS,0.2003607302904129,AMBIGUOUS,idxq4-64_queryq4-64
1372831488.0_L1,1372831488.0,L1,ROBUST,0.4740904569625854,ROBUST,idxq4-64_queryq4-64
1372833180.0_L1,1372833180.0,L1,ROBUST,0.459433913230896,ROBUST,idxq4-64_queryq4-64
1372834364.0_H1,1372834364.0,H1,BACKGROUND,0.0729277357459068,BACKGROUND,idxq4-64_queryq4-64
1372834748.0_H1,1372834748.0,H1,BACKGROUND,0.112278826534748,BACKGROUND,idxq4-64_queryq4-64
1372835708.0_H1,1372835708.0,H1,BACKGROUND,0.0857402309775352,BACKGROUND,idxq4-64_queryq4-64
1372837852.0_L1,1372837852.0,L1,BACKGROUND,0.1328054815530777,BACKGROUND,idxq4-64_queryq4-64
1372839680.0_L1,1372839680.0,L1,BACKGROUND,0.0964347645640373,BACKGROUND,idxq4-64_queryq4-64
1372841180.0_L1,1372841180.0,L1,ROBUST,0.5059600472450256,ROBUST,idxq4-64_queryq4-64
1372842108.0_H1,1372842108.0,H1,ROBUST,0.4127235412597656,ROBUST,idxq4-64_queryq4-64
1372842300.0_H1,1372842300.0,H1,ROBUST,0.4188573658466339,ROBUST,idxq4-64_queryq4-64
1372842524.0_H1,1372842524.0,H1,ROBUST,0.4490332305431366,ROBUST,idxq4-64_queryq4-64
1372842684.0_H1,1372842684.0,H1,BACKGROUND,0.0929339602589607,BACKGROUND,idxq4-64_queryq4-64
1372842908.0_L1,1372842908.0,L1,ROBUST,0.4760174453258514,ROBUST,idxq4-64_queryq4-64
1372844892.0_H1,1372844892.0,H1,BACKGROUND,0.0994785279035568,BACKGROUND,idxq4-64_queryq4-64
1372845404.0_L1,1372845404.0,L1,ROBUST,0.3583911955356598,ROBUST,idxq4-64_queryq4-64
1372846588.0_L1,1372846588.0,L1,ROBUST,0.2673327326774597,ROBUST,idxq4-64_queryq4-64
1372854236.0_L1,1372854236.0,L1,ROBUST,0.424710214138031,ROBUST,idxq4-64_queryq4-64
1372854940.0_H1,1372854940.0,H1,BACKGROUND,0.10161092877388,BACKGROUND,idxq4-64_queryq4-64
1372855484.0_H1,1372855484.0,H1,ROBUST,0.4163058400154114,ROBUST,idxq4-64_queryq4-64
1372855932.0_H1,1372855932.0,H1,ROBUST,0.4381261169910431,ROBUST,idxq4-64_queryq4-64
1372857980.0_H1,1372857980.0,H1,BACKGROUND,0.1301591843366623,BACKGROUND,idxq4-64_queryq4-64
1372858524.0_H1,1372858524.0,H1,ROBUST,0.4285889863967895,ROBUST,idxq4-64_queryq4-64
1372858652.0_H1,1372858652.0,H1,ROBUST,0.412136822938919,ROBUST,idxq4-64_queryq4-64
1372859484.0_L1,1372859484.0,L1,ROBUST,0.4274050891399383,ROBUST,idxq4-64_queryq4-64
1372859516.0_L1,1372859516.0,L1,ROBUST,0.4227994382381439,ROBUST,idxq4-64_queryq4-64
1372859804.0_H1,1372859804.0,H1,ROBUST,0.4268335700035095,ROBUST,idxq4-64_queryq4-64
1372860028.0_L1,1372860028.0,L1,ROBUST,0.4197681248188019,ROBUST,idxq4-64_queryq4-64
1372862300.0_L1,1372862300.0,L1,ROBUST,0.4163650572299957,ROBUST,idxq4-64_queryq4-64
1372862300.0_H1,1372862300.0,H1,BACKGROUND,0.08759482949972153,BACKGROUND,idxq4-64_queryq4-64
1372864188.0_H1,1372864188.0,H1,BACKGROUND,0.088590569794178,BACKGROUND,idxq4-64_queryq4-64
1372864256.0_H1,1372864256.0,H1,BACKGROUND,0.0668931379914283,BACKGROUND,idxq4-64_queryq4-64
1372864668.0_H1,1372864668.0,H1,BACKGROUND,0.0994236916303634,BACKGROUND,idxq4-64_queryq4-64
1372867196.0_L1,1372867196.0,L1,ROBUST,0.4162757992744446,ROBUST,idxq4-64_queryq4-64
1372867996.0_L1,1372867996.0,L1,BACKGROUND,0.1428911834955215,BACKGROUND,idxq4-64_queryq4-64
1372868352.0_H1,1372868352.0,H1,BACKGROUND,0.0769094675779342,BACKGROUND,idxq4-64_queryq4-64
1372868668.0_H1,1372868668.0,H1,AMBIGUOUS,0.1303854286670684,AMBIGUOUS,idxq4-64_queryq4-64
1372869212.0_H1,1372869212.0,H1,BACKGROUND,0.0823203399777412,BACKGROUND,idxq4-64_queryq4-64
1372869308.0_H1,1372869308.0,H1,ROBUST,0.4192318022251129,ROBUST,idxq4-64_queryq4-64
1372869628.0_H1,1372869628.0,H1,ROBUST,0.4295162856578827,ROBUST,idxq4-64_queryq4-64
1372871196.0_L1,1372871196.0,L1,ROBUST,0.4505570530891418,ROBUST,idxq4-64_queryq4-64
1372871420.0_H1,1372871420.0,H1,ROBUST,0.4520399570465088,ROBUST,idxq4-64_queryq4-64
1372871452.0_H1,1372871452.0,H1,BACKGROUND,0.1091171205043792,BACKGROUND,idxq4-64_queryq4-64
1372872156.0_H1,1372872156.0,H1,ROBUST,0.4182776212692261,ROBUST,idxq4-64_queryq4-64
1372874076.0_H1,1372874076.0,H1,BACKGROUND,0.0753768756985664,BACKGROUND,idxq4-64_queryq4-64
1372876316.0_H1,1372876316.0,H1,BACKGROUND,0.0839588791131973,BACKGROUND,idxq4-64_queryq4-64
1372876956.0_H1,1372876956.0,H1,BACKGROUND,0.1085149273276329,BACKGROUND,idxq4-64_queryq4-64
1372881692.0_L1,1372881692.0,L1,AMBIGUOUS,0.1619560420513153,AMBIGUOUS,idxq4-64_queryq4-64
1372882716.0_L1,1372882716.0,L1,BACKGROUND,0.1163707673549652,BACKGROUND,idxq4-64_queryq4-64
1372885276.0_L1,1372885276.0,L1,ROBUST,0.4077962934970855,ROBUST,idxq4-64_queryq4-64
1372885372.0_L1,1372885372.0,L1,BACKGROUND,0.1230828613042831,BACKGROUND,idxq4-64_queryq4-64
1372885916.0_L1,1372885916.0,L1,ROBUST,0.2959401309490204,ROBUST,idxq4-64_queryq4-64
1372886012.0_L1,1372886012.0,L1,ROBUST,0.4432617723941803,ROBUST,idxq4-64_queryq4-64
1372887004.0_L1,1372887004.0,L1,BACKGROUND,0.148671492934227,BACKGROUND,idxq4-64_queryq4-64
1372888604.0_H1,1372888604.0,H1,BACKGROUND,0.1105358079075813,BACKGROUND,idxq4-64_queryq4-64
1372889244.0_H1,1372889244.0,H1,BACKGROUND,0.1052538082003593,BACKGROUND,idxq4-64_queryq4-64
1372890460.0_L1,1372890460.0,L1,ROBUST,0.4688908755779266,ROBUST,idxq4-64_queryq4-64
1372891548.0_H1,1372891548.0,H1,BACKGROUND,0.0762223526835441,BACKGROUND,idxq4-64_queryq4-64
1372893564.0_H1,1372893564.0,H1,ROBUST,0.4509054124355316,ROBUST,idxq4-64_queryq4-64
1372893788.0_L1,1372893788.0,L1,ROBUST,0.4571989476680755,ROBUST,idxq4-64_queryq4-64
1372897148.0_H1,1372897148.0,H1,ROBUST,0.4506650865077972,ROBUST,idxq4-64_queryq4-64
1372898268.0_H1,1372898268.0,H1,ROBUST,0.4228709638118744,ROBUST,idxq4-64_queryq4-64
1372898492.0_H1,1372898492.0,H1,ROBUST,0.4359657764434814,ROBUST,idxq4-64_queryq4-64
1372899196.0_H1,1372899196.0,H1,ROBUST,0.4559674561023712,ROBUST,idxq4-64_queryq4-64
1372901628.0_H1,1372901628.0,H1,ROBUST,0.4184754192829132,ROBUST,idxq4-64_queryq4-64
1372902140.0_L1,1372902140.0,L1,ROBUST,0.4339718222618103,ROBUST,idxq4-64_queryq4-64
1372903548.0_H1,1372903548.0,H1,ROBUST,0.4266054928302765,ROBUST,idxq4-64_queryq4-64
1372904156.0_H1,1372904156.0,H1,ROBUST,0.4469347596168518,ROBUST,idxq4-64_queryq4-64
1372905948.0_H1,1372905948.0,H1,ROBUST,0.45794278383255,ROBUST,idxq4-64_queryq4-64
1372908828.0_H1,1372908828.0,H1,BACKGROUND,0.0961032882332801,BACKGROUND,idxq4-64_queryq4-64
1372908988.0_H1,1372908988.0,H1,ROBUST,0.3862841427326202,ROBUST,idxq4-64_queryq4-64
1372909276.0_H1,1372909276.0,H1,ROBUST,0.4193826615810394,ROBUST,idxq4-64_queryq4-64
1372909628.0_H1,1372909628.0,H1,AMBIGUOUS,0.1662107408046722,AMBIGUOUS,idxq4-64_queryq4-64
1372912828.0_H1,1372912828.0,H1,ROBUST,0.4350958466529846,ROBUST,idxq4-64_queryq4-64
1372913852.0_H1,1372913852.0,H1,ROBUST,0.4445256292819977,ROBUST,idxq4-64_queryq4-64
1372914332.0_L1,1372914332.0,L1,AMBIGUOUS,0.2070114761590957,AMBIGUOUS,idxq4-64_queryq4-64
1372915292.0_L1,1372915292.0,L1,ROBUST,0.4497624635696411,ROBUST,idxq4-64_queryq4-64
1372919676.0_H1,1372919676.0,H1,BACKGROUND,0.0913848727941513,BACKGROUND,idxq4-64_queryq4-64
1372921692.0_L1,1372921692.0,L1,ROBUST,0.4329676926136017,ROBUST,idxq4-64_queryq4-64
1372925756.0_L1,1372925756.0,L1,AMBIGUOUS,0.1993619054555893,AMBIGUOUS,idxq4-64_queryq4-64
1372926588.0_H1,1372926588.0,H1,ROBUST,0.4698179960250854,ROBUST,idxq4-64_queryq4-64
1372927740.0_H1,1372927740.0,H1,ROBUST,0.4275444746017456,ROBUST,idxq4-64_queryq4-64
1372928860.0_H1,1372928860.0,H1,BACKGROUND,0.0890487432479858,BACKGROUND,idxq4-64_queryq4-64
1372929468.0_L1,1372929468.0,L1,ROBUST,0.4558613300323486,ROBUST,idxq4-64_queryq4-64
1372930204.0_L1,1372930204.0,L1,ROBUST,0.4591651260852813,ROBUST,idxq4-64_queryq4-64
1372931036.0_H1,1372931036.0,H1,BACKGROUND,0.1168808117508888,BACKGROUND,idxq4-64_queryq4-64
1372932060.0_L1,1372932060.0,L1,ROBUST,0.4266755580902099,ROBUST,idxq4-64_queryq4-64
1372934396.0_L1,1372934396.0,L1,ROBUST,0.4836098849773407,ROBUST,idxq4-64_queryq4-64
1372935676.0_H1,1372935676.0,H1,BACKGROUND,0.0765105411410331,BACKGROUND,idxq4-64_queryq4-64
1372936924.0_H1,1372936924.0,H1,BACKGROUND,0.0808465182781219,BACKGROUND,idxq4-64_queryq4-64
1372938460.0_H1,1372938460.0,H1,ROBUST,0.4395109713077545,ROBUST,idxq4-64_queryq4-64
1372940444.0_L1,1372940444.0,L1,ROBUST,0.4891759753227234,ROBUST,idxq4-64_queryq4-64
1372940956.0_L1,1372940956.0,L1,ROBUST,0.4764073193073272,ROBUST,idxq4-64_queryq4-64
1372941276.0_H1,1372941276.0,H1,ROBUST,0.4827753603458404,ROBUST,idxq4-64_queryq4-64
1372941340.0_H1,1372941340.0,H1,ROBUST,0.4525265395641327,ROBUST,idxq4-64_queryq4-64
1372941756.0_L1,1372941756.0,L1,ROBUST,0.4120908677577972,ROBUST,idxq4-64_queryq4-64
1373004892.0_H1,1373004892.0,H1,AMBIGUOUS,0.1961318999528885,AMBIGUOUS,idxq4-64_queryq4-64
1373005660.0_L1,1373005660.0,L1,ROBUST,0.4417153000831604,ROBUST,idxq4-64_queryq4-64
1373007292.0_L1,1373007292.0,L1,ROBUST,0.4336941242218017,ROBUST,idxq4-64_queryq4-64
1373010460.0_L1,1373010460.0,L1,AMBIGUOUS,0.1747428625822067,AMBIGUOUS,idxq4-64_queryq4-64
1373022716.0_L1,1373022716.0,L1,AMBIGUOUS,0.1620685756206512,AMBIGUOUS,idxq4-64_queryq4-64
1373026972.0_H1,1373026972.0,H1,ROBUST,0.4217141270637512,ROBUST,idxq4-64_queryq4-64
1373027740.0_L1,1373027740.0,L1,BACKGROUND,0.1413969993591308,BACKGROUND,idxq4-64_queryq4-64
1373028892.0_H1,1373028892.0,H1,BACKGROUND,0.0854448303580284,BACKGROUND,idxq4-64_queryq4-64
1373029852.0_H1,1373029852.0,H1,BACKGROUND,0.095878429710865,BACKGROUND,idxq4-64_queryq4-64
1373030716.0_H1,1373030716.0,H1,ROBUST,0.4432206451892853,ROBUST,idxq4-64_queryq4-64
1373031580.0_L1,1373031580.0,L1,ROBUST,0.4080787599086761,ROBUST,idxq4-64_queryq4-64
1373033212.0_H1,1373033212.0,H1,BACKGROUND,0.0824871882796287,BACKGROUND,idxq4-64_queryq4-64
1373034620.0_L1,1373034620.0,L1,ROBUST,0.4248997867107391,ROBUST,idxq4-64_queryq4-64
1373035996.0_H1,1373035996.0,H1,BACKGROUND,0.0911699905991554,BACKGROUND,idxq4-64_queryq4-64
1373036860.0_L1,1373036860.0,L1,ROBUST,0.4319658875465393,ROBUST,idxq4-64_queryq4-64
1373037084.0_L1,1373037084.0,L1,ROBUST,0.4427206814289093,ROBUST,idxq4-64_queryq4-64
1373037852.0_H1,1373037852.0,H1,ROBUST,0.4437182247638702,ROBUST,idxq4-64_queryq4-64
1373039580.0_L1,1373039580.0,L1,BACKGROUND,0.1448522955179214,BACKGROUND,idxq4-64_queryq4-64
1373039612.0_L1,1373039612.0,L1,AMBIGUOUS,0.1857653856277465,AMBIGUOUS,idxq4-64_queryq4-64
1373050204.0_H1,1373050204.0,H1,BACKGROUND,0.0728808641433715,BACKGROUND,idxq4-64_queryq4-64
1373050716.0_L1,1373050716.0,L1,ROBUST,0.4663135409355163,ROBUST,idxq4-64_queryq4-64
1373053116.0_H1,1373053116.0,H1,BACKGROUND,0.1252027750015258,BACKGROUND,idxq4-64_queryq4-64
1373054364.0_L1,1373054364.0,L1,BACKGROUND,0.1398643404245376,BACKGROUND,idxq4-64_queryq4-64
1373075228.0_L1,1373075228.0,L1,BACKGROUND,0.0957911983132362,BACKGROUND,idxq4-64_queryq4-64
1373077756.0_H1,1373077756.0,H1,BACKGROUND,0.0905504524707794,BACKGROUND,idxq4-64_queryq4-64
1373077852.0_H1,1373077852.0,H1,ROBUST,0.2619061768054962,ROBUST,idxq4-64_queryq4-64
1373078812.0_L1,1373078812.0,L1,BACKGROUND,0.0945981442928314,BACKGROUND,idxq4-64_queryq4-64
1373079036.0_H1,1373079036.0,H1,ROBUST,0.4343259632587433,ROBUST,idxq4-64_queryq4-64
1373080444.0_L1,1373080444.0,L1,ROBUST,0.3893945813179016,ROBUST,idxq4-64_queryq4-64
1373081692.0_H1,1373081692.0,H1,BACKGROUND,0.0973730236291885,BACKGROUND,idxq4-64_queryq4-64
1373084540.0_H1,1373084540.0,H1,AMBIGUOUS,0.1976606100797653,AMBIGUOUS,idxq4-64_queryq4-64
1373084796.0_H1,1373084796.0,H1,ROBUST,0.421467512845993,ROBUST,idxq4-64_queryq4-64
1373088092.0_H1,1373088092.0,H1,BACKGROUND,0.0951046869158744,BACKGROUND,idxq4-64_queryq4-64
1373088124.0_L1,1373088124.0,L1,ROBUST,0.4951354265213012,ROBUST,idxq4-64_queryq4-64
1373088284.0_H1,1373088284.0,H1,BACKGROUND,0.0800553634762764,BACKGROUND,idxq4-64_queryq4-64
1373088412.0_H1,1373088412.0,H1,BACKGROUND,0.1041995361447334,BACKGROUND,idxq4-64_queryq4-64
1373088924.0_H1,1373088924.0,H1,BACKGROUND,0.1171792224049568,BACKGROUND,idxq4-64_queryq4-64
1373090972.0_H1,1373090972.0,H1,ROBUST,0.4356099963188171,ROBUST,idxq4-64_queryq4-64
1373091676.0_H1,1373091676.0,H1,ROBUST,0.4847272932529449,ROBUST,idxq4-64_queryq4-64
1373092828.0_H1,1373092828.0,H1,ROBUST,0.4087923169136047,ROBUST,idxq4-64_queryq4-64
1373096604.0_H1,1373096604.0,H1,BACKGROUND,0.0782622843980789,BACKGROUND,idxq4-64_queryq4-64
1373097052.0_L1,1373097052.0,L1,ROBUST,0.4253064393997192,ROBUST,idxq4-64_queryq4-64
1373099676.0_H1,1373099676.0,H1,BACKGROUND,0.1027147993445396,BACKGROUND,idxq4-64_queryq4-64
1373099932.0_H1,1373099932.0,H1,BACKGROUND,0.1127002537250518,BACKGROUND,idxq4-64_queryq4-64
1373101020.0_L1,1373101020.0,L1,ROBUST,0.4191949665546417,ROBUST,idxq4-64_queryq4-64
1373101756.0_L1,1373101756.0,L1,ROBUST,0.423980176448822,ROBUST,idxq4-64_queryq4-64
1373103324.0_H1,1373103324.0,H1,BACKGROUND,0.0961362794041633,BACKGROUND,idxq4-64_queryq4-64
1373106812.0_H1,1373106812.0,H1,BACKGROUND,0.0830976441502571,BACKGROUND,idxq4-64_queryq4-64
1373107132.0_L1,1373107132.0,L1,ROBUST,0.4563133120536804,ROBUST,idxq4-64_queryq4-64
1373107260.0_L1,1373107260.0,L1,AMBIGUOUS,0.1980689167976379,AMBIGUOUS,idxq4-64_queryq4-64
1373108828.0_H1,1373108828.0,H1,BACKGROUND,0.0927881374955177,BACKGROUND,idxq4-64_queryq4-64
1373111036.0_L1,1373111036.0,L1,ROBUST,0.4518620669841766,ROBUST,idxq4-64_queryq4-64
1373111100.0_L1,1373111100.0,L1,ROBUST,0.4157039821147918,ROBUST,idxq4-64_queryq4-64
1373111196.0_L1,1373111196.0,L1,ROBUST,0.4380013644695282,ROBUST,idxq4-64_queryq4-64
1373113116.0_L1,1373113116.0,L1,ROBUST,0.4117300510406494,ROBUST,idxq4-64_queryq4-64
1373113468.0_L1,1373113468.0,L1,AMBIGUOUS,0.1990845501422882,AMBIGUOUS,idxq4-64_queryq4-64
1373114076.0_H1,1373114076.0,H1,AMBIGUOUS,0.165538027882576,AMBIGUOUS,idxq4-64_queryq4-64
1373114524.0_L1,1373114524.0,L1,ROBUST,0.4513958096504211,ROBUST,idxq4-64_queryq4-64
1373115484.0_L1,1373115484.0,L1,BACKGROUND,0.0947681441903114,BACKGROUND,idxq4-64_queryq4-64
1373116028.0_H1,1373116028.0,H1,AMBIGUOUS,0.1852365285158157,AMBIGUOUS,idxq4-64_queryq4-64
1373116540.0_H1,1373116540.0,H1,ROBUST,0.428463876247406,ROBUST,idxq4-64_queryq4-64
1373116924.0_H1,1373116924.0,H1,ROBUST,0.4594748318195343,ROBUST,idxq4-64_queryq4-64
1373117180.0_L1,1373117180.0,L1,ROBUST,0.4272061586380005,ROBUST,idxq4-64_queryq4-64
1373166492.0_L1,1373166492.0,L1,ROBUST,0.370812177658081,ROBUST,idxq4-64_queryq4-64
1373176252.0_H1,1373176252.0,H1,ROBUST,0.2253327220678329,ROBUST,idxq4-64_queryq4-64
1373179036.0_L1,1373179036.0,L1,ROBUST,0.4002068340778351,ROBUST,idxq4-64_queryq4-64
1373181916.0_L1,1373181916.0,L1,ROBUST,0.4475159347057342,ROBUST,idxq4-64_queryq4-64
1373186076.0_H1,1373186076.0,H1,ROBUST,0.4430406987667084,ROBUST,idxq4-64_queryq4-64
1373192252.0_L1,1373192252.0,L1,ROBUST,0.4160975515842438,ROBUST,idxq4-64_queryq4-64
1373193308.0_H1,1373193308.0,H1,AMBIGUOUS,0.1516202837228775,AMBIGUOUS,idxq4-64_queryq4-64
1373193916.0_L1,1373193916.0,L1,AMBIGUOUS,0.2033044546842575,AMBIGUOUS,idxq4-64_queryq4-64
1373196348.0_H1,1373196348.0,H1,ROBUST,0.4122236967086792,ROBUST,idxq4-64_queryq4-64
1373200860.0_H1,1373200860.0,H1,ROBUST,0.4207611083984375,ROBUST,idxq4-64_queryq4-64
1373203196.0_L1,1373203196.0,L1,ROBUST,0.4695881009101867,ROBUST,idxq4-64_queryq4-64
1373203420.0_L1,1373203420.0,L1,ROBUST,0.4408738017082214,ROBUST,idxq4-64_queryq4-64
1373203452.0_H1,1373203452.0,H1,ROBUST,0.2687244117259979,ROBUST,idxq4-64_queryq4-64
1373203516.0_L1,1373203516.0,L1,ROBUST,0.4449816644191742,ROBUST,idxq4-64_queryq4-64
1373252284.0_H1,1373252284.0,H1,AMBIGUOUS,0.1978464126586914,AMBIGUOUS,idxq4-64_queryq4-64
1373253756.0_L1,1373253756.0,L1,ROBUST,0.4322414994239807,ROBUST,idxq4-64_queryq4-64
1373254012.0_H1,1373254012.0,H1,ROBUST,0.4856607913970947,ROBUST,idxq4-64_queryq4-64
1373255964.0_H1,1373255964.0,H1,ROBUST,0.5106329321861267,ROBUST,idxq4-64_queryq4-64
1373258524.0_H1,1373258524.0,H1,ROBUST,0.4697315394878387,ROBUST,idxq4-64_queryq4-64
1373259644.0_H1,1373259644.0,H1,ROBUST,0.4667786955833435,ROBUST,idxq4-64_queryq4-64
1373260028.0_H1,1373260028.0,H1,ROBUST,0.2050518691539764,ROBUST,idxq4-64_queryq4-64
1373262620.0_L1,1373262620.0,L1,ROBUST,0.2435853332281112,ROBUST,idxq4-64_queryq4-64
1373264252.0_H1,1373264252.0,H1,ROBUST,0.2691144645214081,ROBUST,idxq4-64_queryq4-64
1373266268.0_L1,1373266268.0,L1,ROBUST,0.4400768280029297,ROBUST,idxq4-64_queryq4-64
1373268380.0_H1,1373268380.0,H1,BACKGROUND,0.1057617142796516,BACKGROUND,idxq4-64_queryq4-64
1373269660.0_H1,1373269660.0,H1,ROBUST,0.449360191822052,ROBUST,idxq4-64_queryq4-64
1373279292.0_H1,1373279292.0,H1,ROBUST,0.453349232673645,ROBUST,idxq4-64_queryq4-64
1373279612.0_H1,1373279612.0,H1,ROBUST,0.2169208228588104,ROBUST,idxq4-64_queryq4-64
1373280188.0_L1,1373280188.0,L1,ROBUST,0.4544761478900909,ROBUST,idxq4-64_queryq4-64
1373281116.0_H1,1373281116.0,H1,ROBUST,0.4995045363903045,ROBUST,idxq4-64_queryq4-64
1373282044.0_L1,1373282044.0,L1,ROBUST,0.4195732176303863,ROBUST,idxq4-64_queryq4-64
1373283004.0_H1,1373283004.0,H1,ROBUST,0.4696842133998871,ROBUST,idxq4-64_queryq4-64
1373289820.0_H1,1373289820.0,H1,ROBUST,0.4189105033874511,ROBUST,idxq4-64_queryq4-64
1373291004.0_L1,1373291004.0,L1,ROBUST,0.4562601745128631,ROBUST,idxq4-64_queryq4-64
1373291260.0_H1,1373291260.0,H1,BACKGROUND,0.1263339221477508,BACKGROUND,idxq4-64_queryq4-64
1373293628.0_L1,1373293628.0,L1,ROBUST,0.4627111256122589,ROBUST,idxq4-64_queryq4-64
1373297788.0_L1,1373297788.0,L1,ROBUST,0.4451766312122345,ROBUST,idxq4-64_queryq4-64
1373298204.0_L1,1373298204.0,L1,ROBUST,0.2942230701446533,ROBUST,idxq4-64_queryq4-64
1373331740.0_H1,1373331740.0,H1,ROBUST,0.2180711477994918,ROBUST,idxq4-64_queryq4-64
1373334108.0_L1,1373334108.0,L1,ROBUST,0.4510953724384308,ROBUST,idxq4-64_queryq4-64
1373336444.0_L1,1373336444.0,L1,ROBUST,0.4499490261077881,ROBUST,idxq4-64_queryq4-64
1373342332.0_H1,1373342332.0,H1,ROBUST,0.4615525901317596,ROBUST,idxq4-64_queryq4-64
1373345628.0_L1,1373345628.0,L1,AMBIGUOUS,0.2023493349552154,AMBIGUOUS,idxq4-64_queryq4-64
1373345916.0_L1,1373345916.0,L1,ROBUST,0.4323394000530243,ROBUST,idxq4-64_queryq4-64
1373346652.0_H1,1373346652.0,H1,ROBUST,0.2192865014076233,ROBUST,idxq4-64_queryq4-64
1373346876.0_H1,1373346876.0,H1,ROBUST,0.4718736708164215,ROBUST,idxq4-64_queryq4-64
1373347068.0_L1,1373347068.0,L1,ROBUST,0.4763025343418121,ROBUST,idxq4-64_queryq4-64
1373347132.0_H1,1373347132.0,H1,BACKGROUND,0.1237129718065261,BACKGROUND,idxq4-64_queryq4-64
1373347420.0_H1,1373347420.0,H1,ROBUST,0.4373133480548858,ROBUST,idxq4-64_queryq4-64
1373382076.0_H1,1373382076.0,H1,ROBUST,0.403399795293808,ROBUST,idxq4-64_queryq4-64
1373385884.0_H1,1373385884.0,H1,ROBUST,0.4307757019996643,ROBUST,idxq4-64_queryq4-64
1373417372.0_H1,1373417372.0,H1,ROBUST,0.409558355808258,ROBUST,idxq4-64_queryq4-64
1373422364.0_H1,1373422364.0,H1,BACKGROUND,0.1043297424912452,BACKGROUND,idxq4-64_queryq4-64
1373423580.0_L1,1373423580.0,L1,AMBIGUOUS,0.2161049842834472,AMBIGUOUS,idxq4-64_queryq4-64
1373427676.0_H1,1373427676.0,H1,ROBUST,0.2136632353067398,ROBUST,idxq4-64_queryq4-64
1373429244.0_H1,1373429244.0,H1,BACKGROUND,0.1191533729434013,BACKGROUND,idxq4-64_queryq4-64
1373431164.0_H1,1373431164.0,H1,BACKGROUND,0.1227150559425354,BACKGROUND,idxq4-64_queryq4-64
1373434300.0_L1,1373434300.0,L1,ROBUST,0.4364582896232605,ROBUST,idxq4-64_queryq4-64
1373436700.0_L1,1373436700.0,L1,ROBUST,0.2335127890110016,ROBUST,idxq4-64_queryq4-64
1373436892.0_L1,1373436892.0,L1,ROBUST,0.4491268694400787,ROBUST,idxq4-64_queryq4-64
1373437628.0_L1,1373437628.0,L1,ROBUST,0.4353958070278168,ROBUST,idxq4-64_queryq4-64
1373440188.0_H1,1373440188.0,H1,ROBUST,0.4149447679519653,ROBUST,idxq4-64_queryq4-64
1373440764.0_L1,1373440764.0,L1,ROBUST,0.4486167132854461,ROBUST,idxq4-64_queryq4-64
1373442812.0_L1,1373442812.0,L1,ROBUST,0.4275602400302887,ROBUST,idxq4-64_queryq4-64
1373451068.0_L1,1373451068.0,L1,ROBUST,0.4796108901500702,ROBUST,idxq4-64_queryq4-64
1373455324.0_L1,1373455324.0,L1,ROBUST,0.4220436513423919,ROBUST,idxq4-64_queryq4-64
1373457340.0_H1,1373457340.0,H1,ROBUST,0.4296554923057556,ROBUST,idxq4-64_queryq4-64
1373459196.0_L1,1373459196.0,L1,ROBUST,0.4376380741596222,ROBUST,idxq4-64_queryq4-64
1373468828.0_L1,1373468828.0,L1,ROBUST,0.4157201647758484,ROBUST,idxq4-64_queryq4-64
1373469532.0_H1,1373469532.0,H1,AMBIGUOUS,0.1304422467947006,AMBIGUOUS,idxq4-64_queryq4-64
1373471356.0_H1,1373471356.0,H1,ROBUST,0.45831960439682,ROBUST,idxq4-64_queryq4-64
1373476092.0_H1,1373476092.0,H1,ROBUST,0.4650113880634308,ROBUST,idxq4-64_queryq4-64
1373478716.0_L1,1373478716.0,L1,ROBUST,0.3535694479942322,ROBUST,idxq4-64_queryq4-64
1373491548.0_L1,1373491548.0,L1,ROBUST,0.4207436144351959,ROBUST,idxq4-64_queryq4-64
1373492188.0_L1,1373492188.0,L1,ROBUST,0.4104293286800384,ROBUST,idxq4-64_queryq4-64
1373492956.0_L1,1373492956.0,L1,ROBUST,0.4273340404033661,ROBUST,idxq4-64_queryq4-64
1373493788.0_H1,1373493788.0,H1,AMBIGUOUS,0.1379543989896774,AMBIGUOUS,idxq4-64_queryq4-64
1373493916.0_H1,1373493916.0,H1,ROBUST,0.4489336013793945,ROBUST,idxq4-64_queryq4-64
1373495036.0_H1,1373495036.0,H1,BACKGROUND,0.1261138767004013,BACKGROUND,idxq4-64_queryq4-64
1373502332.0_L1,1373502332.0,L1,ROBUST,0.2905997633934021,ROBUST,idxq4-64_queryq4-64
1373503452.0_H1,1373503452.0,H1,ROBUST,0.443067193031311,ROBUST,idxq4-64_queryq4-64
1373503580.0_H1,1373503580.0,H1,BACKGROUND,0.1267187744379043,BACKGROUND,idxq4-64_queryq4-64
1373504924.0_L1,1373504924.0,L1,ROBUST,0.4441393613815307,ROBUST,idxq4-64_queryq4-64
1373508412.0_H1,1373508412.0,H1,BACKGROUND,0.0964103192090988,BACKGROUND,idxq4-64_queryq4-64
1373511484.0_L1,1373511484.0,L1,ROBUST,0.4270139038562774,ROBUST,idxq4-64_queryq4-64
1373511676.0_L1,1373511676.0,L1,ROBUST,0.4194110333919525,ROBUST,idxq4-64_queryq4-64
1373516860.0_H1,1373516860.0,H1,AMBIGUOUS,0.1395334303379058,AMBIGUOUS,idxq4-64_queryq4-64
1373520348.0_L1,1373520348.0,L1,ROBUST,0.4377744495868683,ROBUST,idxq4-64_queryq4-64
1373523356.0_H1,1373523356.0,H1,ROBUST,0.4362251758575439,ROBUST,idxq4-64_queryq4-64
1373525212.0_H1,1373525212.0,H1,ROBUST,0.3041069209575653,ROBUST,idxq4-64_queryq4-64
1373553948.0_L1,1373553948.0,L1,ROBUST,0.4281402826309204,ROBUST,idxq4-64_queryq4-64
1373583452.0_L1,1373583452.0,L1,ROBUST,0.4409971535205841,ROBUST,idxq4-64_queryq4-64
1373584572.0_L1,1373584572.0,L1,ROBUST,0.4668422639369964,ROBUST,idxq4-64_queryq4-64
1373587456.0_L1,1373587456.0,L1,BACKGROUND,0.1228074356913566,BACKGROUND,idxq4-64_queryq4-64
1373587996.0_H1,1373587996.0,H1,ROBUST,0.4774070680141449,ROBUST,idxq4-64_queryq4-64
1373614332.0_L1,1373614332.0,L1,AMBIGUOUS,0.2100531607866287,AMBIGUOUS,idxq4-64_queryq4-64
1373615932.0_L1,1373615932.0,L1,ROBUST,0.4338929653167724,ROBUST,idxq4-64_queryq4-64
1373616092.0_L1,1373616092.0,L1,AMBIGUOUS,0.2078884392976761,AMBIGUOUS,idxq4-64_queryq4-64
1373622588.0_H1,1373622588.0,H1,BACKGROUND,0.110570415854454,BACKGROUND,idxq4-64_queryq4-64
1373623452.0_H1,1373623452.0,H1,ROBUST,0.4016389846801758,ROBUST,idxq4-64_queryq4-64
1373624348.0_L1,1373624348.0,L1,ROBUST,0.4165937304496765,ROBUST,idxq4-64_queryq4-64
1373630908.0_L1,1373630908.0,L1,ROBUST,0.4331368207931518,ROBUST,idxq4-64_queryq4-64
1373632540.0_H1,1373632540.0,H1,BACKGROUND,0.1058151870965957,BACKGROUND,idxq4-64_queryq4-64
1373636924.0_H1,1373636924.0,H1,AMBIGUOUS,0.1411985605955124,AMBIGUOUS,idxq4-64_queryq4-64
1373637916.0_L1,1373637916.0,L1,ROBUST,0.4219903349876404,ROBUST,idxq4-64_queryq4-64
1373638268.0_L1,1373638268.0,L1,ROBUST,0.4235885441303253,ROBUST,idxq4-64_queryq4-64
1373638460.0_L1,1373638460.0,L1,ROBUST,0.4390450716018677,ROBUST,idxq4-64_queryq4-64
1373639388.0_L1,1373639388.0,L1,ROBUST,0.4299505949020386,ROBUST,idxq4-64_queryq4-64
1373640508.0_L1,1373640508.0,L1,ROBUST,0.4366376101970672,ROBUST,idxq4-64_queryq4-64
1373643100.0_L1,1373643100.0,L1,ROBUST,0.4561398923397064,ROBUST,idxq4-64_queryq4-64
1373644028.0_H1,1373644028.0,H1,BACKGROUND,0.088830754160881,BACKGROUND,idxq4-64_queryq4-64
1373644092.0_H1,1373644092.0,H1,ROBUST,0.4741716384887695,ROBUST,idxq4-64_queryq4-64
1373644924.0_H1,1373644924.0,H1,ROBUST,0.4245610535144806,ROBUST,idxq4-64_queryq4-64
1373650076.0_L1,1373650076.0,L1,ROBUST,0.4436942636966705,ROBUST,idxq4-64_queryq4-64
1373658652.0_H1,1373658652.0,H1,BACKGROUND,0.1266257017850875,BACKGROUND,idxq4-64_queryq4-64
1373658748.0_L1,1373658748.0,L1,ROBUST,0.4489442706108093,ROBUST,idxq4-64_queryq4-64
1373658844.0_H1,1373658844.0,H1,ROBUST,0.4610021412372589,ROBUST,idxq4-64_queryq4-64
1373659964.0_H1,1373659964.0,H1,ROBUST,0.4242759644985199,ROBUST,idxq4-64_queryq4-64
1373661788.0_H1,1373661788.0,H1,ROBUST,0.4136770963668823,ROBUST,idxq4-64_queryq4-64
1373661980.0_L1,1373661980.0,L1,ROBUST,0.416867047548294,ROBUST,idxq4-64_queryq4-64
1373662012.0_H1,1373662012.0,H1,BACKGROUND,0.0916696041822433,BACKGROUND,idxq4-64_queryq4-64
1373663548.0_H1,1373663548.0,H1,ROBUST,0.2640865445137024,ROBUST,idxq4-64_queryq4-64
1373663836.0_H1,1373663836.0,H1,ROBUST,0.3175512552261352,ROBUST,idxq4-64_queryq4-64
1373664764.0_H1,1373664764.0,H1,AMBIGUOUS,0.1600074768066406,AMBIGUOUS,idxq4-64_queryq4-64
1373674140.0_H1,1373674140.0,H1,BACKGROUND,0.0815387591719627,BACKGROUND,idxq4-64_queryq4-64
1373680348.0_H1,1373680348.0,H1,ROBUST,0.4917305111885071,ROBUST,idxq4-64_queryq4-64
1373683968.0_H1,1373683968.0,H1,BACKGROUND,0.061194147914648,BACKGROUND,idxq4-64_queryq4-64
1373685564.0_H1,1373685564.0,H1,ROBUST,0.4159484803676605,ROBUST,idxq4-64_queryq4-64
1373685724.0_L1,1373685724.0,L1,ROBUST,0.4406497776508331,ROBUST,idxq4-64_queryq4-64
1373685756.0_L1,1373685756.0,L1,ROBUST,0.4421623945236206,ROBUST,idxq4-64_queryq4-64
1373688316.0_L1,1373688316.0,L1,ROBUST,0.4271550476551056,ROBUST,idxq4-64_queryq4-64
1373694332.0_L1,1373694332.0,L1,ROBUST,0.4248390793800354,ROBUST,idxq4-64_queryq4-64
1373694844.0_H1,1373694844.0,H1,ROBUST,0.4853336215019226,ROBUST,idxq4-64_queryq4-64
1373695100.0_L1,1373695100.0,L1,ROBUST,0.4288669228553772,ROBUST,idxq4-64_queryq4-64
1373698940.0_L1,1373698940.0,L1,ROBUST,0.2977516651153564,ROBUST,idxq4-64_queryq4-64
1373703228.0_L1,1373703228.0,L1,AMBIGUOUS,0.2186264991760254,AMBIGUOUS,idxq4-64_queryq4-64
1373705116.0_H1,1373705116.0,H1,BACKGROUND,0.0757399871945381,BACKGROUND,idxq4-64_queryq4-64
1373706940.0_L1,1373706940.0,L1,ROBUST,0.4568552076816559,ROBUST,idxq4-64_queryq4-64
1373776444.0_L1,1373776444.0,L1,ROBUST,0.44486203789711,ROBUST,idxq4-64_queryq4-64
1373776476.0_L1,1373776476.0,L1,ROBUST,0.4445126354694366,ROBUST,idxq4-64_queryq4-64
1373776604.0_L1,1373776604.0,L1,ROBUST,0.4499562084674835,ROBUST,idxq4-64_queryq4-64
1373783548.0_H1,1373783548.0,H1,BACKGROUND,0.102494291961193,BACKGROUND,idxq4-64_queryq4-64
1373799836.0_L1,1373799836.0,L1,AMBIGUOUS,0.1695127934217453,AMBIGUOUS,idxq4-64_queryq4-64
1373803356.0_L1,1373803356.0,L1,ROBUST,0.2585774958133697,ROBUST,idxq4-64_queryq4-64
1373803740.0_L1,1373803740.0,L1,AMBIGUOUS,0.1770718097686767,AMBIGUOUS,idxq4-64_queryq4-64
1373805180.0_H1,1373805180.0,H1,AMBIGUOUS,0.136059895157814,AMBIGUOUS,idxq4-64_queryq4-64
1373805212.0_H1,1373805212.0,H1,AMBIGUOUS,0.1433833688497543,AMBIGUOUS,idxq4-64_queryq4-64
1373805308.0_L1,1373805308.0,L1,ROBUST,0.2970045208930969,ROBUST,idxq4-64_queryq4-64
1373805532.0_H1,1373805532.0,H1,AMBIGUOUS,0.1723154932260513,AMBIGUOUS,idxq4-64_queryq4-64
1373805756.0_L1,1373805756.0,L1,AMBIGUOUS,0.1649073511362075,AMBIGUOUS,idxq4-64_queryq4-64
1373805820.0_H1,1373805820.0,H1,AMBIGUOUS,0.158496007323265,AMBIGUOUS,idxq4-64_queryq4-64
1373805884.0_H1,1373805884.0,H1,ROBUST,0.3948740363121032,ROBUST,idxq4-64_queryq4-64
1373806332.0_L1,1373806332.0,L1,ROBUST,0.4353851675987243,ROBUST,idxq4-64_queryq4-64
1373806428.0_L1,1373806428.0,L1,AMBIGUOUS,0.1855207830667495,AMBIGUOUS,idxq4-64_queryq4-64
1373811644.0_L1,1373811644.0,L1,AMBIGUOUS,0.2136856019496917,AMBIGUOUS,idxq4-64_queryq4-64
1373811804.0_L1,1373811804.0,L1,ROBUST,0.4246904253959656,ROBUST,idxq4-64_queryq4-64
1373811932.0_L1,1373811932.0,L1,ROBUST,0.4406975507736206,ROBUST,idxq4-64_queryq4-64
1373813500.0_L1,1373813500.0,L1,ROBUST,0.4276342391967773,ROBUST,idxq4-64_queryq4-64
1373813532.0_L1,1373813532.0,L1,AMBIGUOUS,0.1875119805335998,AMBIGUOUS,idxq4-64_queryq4-64
1373813628.0_L1,1373813628.0,L1,ROBUST,0.406109869480133,ROBUST,idxq4-64_queryq4-64
1373813660.0_L1,1373813660.0,L1,ROBUST,0.4094811379909515,ROBUST,idxq4-64_queryq4-64
1373814012.0_L1,1373814012.0,L1,ROBUST,0.2308105826377868,ROBUST,idxq4-64_queryq4-64
1373814140.0_L1,1373814140.0,L1,ROBUST,0.4263989329338074,ROBUST,idxq4-64_queryq4-64
1373814460.0_L1,1373814460.0,L1,ROBUST,0.4361119866371155,ROBUST,idxq4-64_queryq4-64
1373814492.0_L1,1373814492.0,L1,ROBUST,0.4265947937965393,ROBUST,idxq4-64_queryq4-64
1373814524.0_L1,1373814524.0,L1,ROBUST,0.4045724272727966,ROBUST,idxq4-64_queryq4-64
1373814588.0_L1,1373814588.0,L1,ROBUST,0.2987736463546753,ROBUST,idxq4-64_queryq4-64
1373814620.0_L1,1373814620.0,L1,ROBUST,0.4147678911685943,ROBUST,idxq4-64_queryq4-64
1373814652.0_L1,1373814652.0,L1,ROBUST,0.347276359796524,ROBUST,idxq4-64_queryq4-64
1373814748.0_L1,1373814748.0,L1,ROBUST,0.3622980713844299,ROBUST,idxq4-64_queryq4-64
1373814780.0_L1,1373814780.0,L1,ROBUST,0.389590322971344,ROBUST,idxq4-64_queryq4-64
1373814844.0_L1,1373814844.0,L1,ROBUST,0.4117989540100097,ROBUST,idxq4-64_queryq4-64
1373814908.0_L1,1373814908.0,L1,ROBUST,0.3726848065853119,ROBUST,idxq4-64_queryq4-64
1373814940.0_L1,1373814940.0,L1,ROBUST,0.2368588745594024,ROBUST,idxq4-64_queryq4-64
1373815004.0_H1,1373815004.0,H1,ROBUST,0.4414745569229126,ROBUST,idxq4-64_queryq4-64
1373815196.0_L1,1373815196.0,L1,AMBIGUOUS,0.1773176342248916,AMBIGUOUS,idxq4-64_queryq4-64
1373815420.0_L1,1373815420.0,L1,ROBUST,0.2722028493881225,ROBUST,idxq4-64_queryq4-64
1373815484.0_L1,1373815484.0,L1,ROBUST,0.4479841291904449,ROBUST,idxq4-64_queryq4-64
1373816060.0_L1,1373816060.0,L1,ROBUST,0.2266653180122375,ROBUST,idxq4-64_queryq4-64
1373816220.0_L1,1373816220.0,L1,ROBUST,0.253504067659378,ROBUST,idxq4-64_queryq4-64
1373816252.0_H1,1373816252.0,H1,ROBUST,0.4596741497516632,ROBUST,idxq4-64_queryq4-64
1373817084.0_L1,1373817084.0,L1,ROBUST,0.4172402024269104,ROBUST,idxq4-64_queryq4-64
1373819196.0_L1,1373819196.0,L1,ROBUST,0.4447638690471649,ROBUST,idxq4-64_queryq4-64
1373819388.0_H1,1373819388.0,H1,BACKGROUND,0.1207247748970985,BACKGROUND,idxq4-64_queryq4-64
1373819740.0_H1,1373819740.0,H1,ROBUST,0.4074579179286957,ROBUST,idxq4-64_queryq4-64
1373819772.0_H1,1373819772.0,H1,ROBUST,0.4139211773872375,ROBUST,idxq4-64_queryq4-64
1373822748.0_L1,1373822748.0,L1,AMBIGUOUS,0.1756703704595565,AMBIGUOUS,idxq4-64_queryq4-64
1373822780.0_L1,1373822780.0,L1,ROBUST,0.4643200039863586,ROBUST,idxq4-64_queryq4-64
1373822940.0_H1,1373822940.0,H1,BACKGROUND,0.0859870240092277,BACKGROUND,idxq4-64_queryq4-64
1373823004.0_L1,1373823004.0,L1,ROBUST,0.3229475617408752,ROBUST,idxq4-64_queryq4-64
1373823036.0_L1,1373823036.0,L1,ROBUST,0.2353048920631408,ROBUST,idxq4-64_queryq4-64
1373823132.0_L1,1373823132.0,L1,ROBUST,0.2672984302043915,ROBUST,idxq4-64_queryq4-64
1373823804.0_L1,1373823804.0,L1,ROBUST,0.4335801899433136,ROBUST,idxq4-64_queryq4-64
1373824028.0_H1,1373824028.0,H1,ROBUST,0.4302195012569427,ROBUST,idxq4-64_queryq4-64
1373824060.0_H1,1373824060.0,H1,ROBUST,0.4162408411502838,ROBUST,idxq4-64_queryq4-64
1373825948.0_L1,1373825948.0,L1,ROBUST,0.4077169895172119,ROBUST,idxq4-64_queryq4-64
1373825980.0_L1,1373825980.0,L1,AMBIGUOUS,0.1787207275629043,AMBIGUOUS,idxq4-64_queryq4-64
1373826044.0_L1,1373826044.0,L1,ROBUST,0.2584908306598663,ROBUST,idxq4-64_queryq4-64
1373826300.0_L1,1373826300.0,L1,ROBUST,0.2968581020832062,ROBUST,idxq4-64_queryq4-64
1373826396.0_L1,1373826396.0,L1,AMBIGUOUS,0.1729299128055572,AMBIGUOUS,idxq4-64_queryq4-64
1373826556.0_L1,1373826556.0,L1,AMBIGUOUS,0.1915466338396072,AMBIGUOUS,idxq4-64_queryq4-64
1373826812.0_L1,1373826812.0,L1,BACKGROUND,0.1403747797012329,BACKGROUND,idxq4-64_queryq4-64
1373826908.0_L1,1373826908.0,L1,AMBIGUOUS,0.1965530514717102,AMBIGUOUS,idxq4-64_queryq4-64
1373846108.0_L1,1373846108.0,L1,ROBUST,0.3539205491542816,ROBUST,idxq4-64_queryq4-64
1373849212.0_L1,1373849212.0,L1,ROBUST,0.4298216998577118,ROBUST,idxq4-64_queryq4-64
1373860220.0_L1,1373860220.0,L1,ROBUST,0.4382059872150421,ROBUST,idxq4-64_queryq4-64
1373860220.0_H1,1373860220.0,H1,BACKGROUND,0.09688793122768402,BACKGROUND,idxq4-64_queryq4-64
1373860572.0_H1,1373860572.0,H1,ROBUST,0.4257115721702575,ROBUST,idxq4-64_queryq4-64
1373864252.0_L1,1373864252.0,L1,ROBUST,0.4353969395160675,ROBUST,idxq4-64_queryq4-64
1373867228.0_L1,1373867228.0,L1,AMBIGUOUS,0.1870165765285492,AMBIGUOUS,idxq4-64_queryq4-64
1373867292.0_H1,1373867292.0,H1,ROBUST,0.515730082988739,ROBUST,idxq4-64_queryq4-64
1373869084.0_H1,1373869084.0,H1,AMBIGUOUS,0.1614191830158233,AMBIGUOUS,idxq4-64_queryq4-64
1373869372.0_L1,1373869372.0,L1,ROBUST,0.4744363725185394,ROBUST,idxq4-64_queryq4-64
1373869756.0_H1,1373869756.0,H1,ROBUST,0.4141746163368225,ROBUST,idxq4-64_queryq4-64
1373872604.0_H1,1373872604.0,H1,BACKGROUND,0.0906675159931182,BACKGROUND,idxq4-64_queryq4-64
1373876380.0_H1,1373876380.0,H1,ROBUST,0.3951636552810669,ROBUST,idxq4-64_queryq4-64
1373878780.0_H1,1373878780.0,H1,AMBIGUOUS,0.1586819589138031,AMBIGUOUS,idxq4-64_queryq4-64
1373879868.0_H1,1373879868.0,H1,BACKGROUND,0.0949177294969558,BACKGROUND,idxq4-64_queryq4-64
1373880348.0_H1,1373880348.0,H1,BACKGROUND,0.1183164119720459,BACKGROUND,idxq4-64_queryq4-64
1373882716.0_L1,1373882716.0,L1,ROBUST,0.4390334486961365,ROBUST,idxq4-64_queryq4-64
1373882812.0_H1,1373882812.0,H1,ROBUST,0.4636987149715423,ROBUST,idxq4-64_queryq4-64
1373897916.0_L1,1373897916.0,L1,ROBUST,0.4001078903675079,ROBUST,idxq4-64_queryq4-64
1373930140.0_L1,1373930140.0,L1,ROBUST,0.4043720960617065,ROBUST,idxq4-64_queryq4-64
1373944028.0_H1,1373944028.0,H1,ROBUST,0.2820813953876495,ROBUST,idxq4-64_queryq4-64
1373944476.0_H1,1373944476.0,H1,BACKGROUND,0.0912981480360031,BACKGROUND,idxq4-64_queryq4-64
1373944732.0_H1,1373944732.0,H1,ROBUST,0.4140005707740783,ROBUST,idxq4-64_queryq4-64
1373947740.0_L1,1373947740.0,L1,ROBUST,0.4414386749267578,ROBUST,idxq4-64_queryq4-64
1373949788.0_H1,1373949788.0,H1,ROBUST,0.4115197360515594,ROBUST,idxq4-64_queryq4-64
1373950208.0_H1,1373950208.0,H1,BACKGROUND,0.089299090206623,BACKGROUND,idxq4-64_queryq4-64
1373950588.0_H1,1373950588.0,H1,BACKGROUND,0.0976364091038703,BACKGROUND,idxq4-64_queryq4-64
1373953148.0_H1,1373953148.0,H1,BACKGROUND,0.1045758426189422,BACKGROUND,idxq4-64_queryq4-64
1373953308.0_L1,1373953308.0,L1,ROBUST,0.4206274747848511,ROBUST,idxq4-64_queryq4-64
1373956380.0_H1,1373956380.0,H1,ROBUST,0.4745157063007355,ROBUST,idxq4-64_queryq4-64
1373960284.0_H1,1373960284.0,H1,AMBIGUOUS,0.1330147832632064,AMBIGUOUS,idxq4-64_queryq4-64
1373961404.0_L1,1373961404.0,L1,ROBUST,0.4200828373432159,ROBUST,idxq4-64_queryq4-64
1373962364.0_L1,1373962364.0,L1,ROBUST,0.4305815994739532,ROBUST,idxq4-64_queryq4-64
1373965116.0_L1,1373965116.0,L1,AMBIGUOUS,0.1687220931053161,AMBIGUOUS,idxq4-64_queryq4-64
1373967260.0_H1,1373967260.0,H1,ROBUST,0.4313001632690429,ROBUST,idxq4-64_queryq4-64
1373967676.0_H1,1373967676.0,H1,ROBUST,0.4435289204120636,ROBUST,idxq4-64_queryq4-64
1373967964.0_L1,1373967964.0,L1,ROBUST,0.4414461851119995,ROBUST,idxq4-64_queryq4-64
1373968540.0_L1,1373968540.0,L1,ROBUST,0.4065580070018768,ROBUST,idxq4-64_queryq4-64
1373970844.0_H1,1373970844.0,H1,BACKGROUND,0.0969715490937233,BACKGROUND,idxq4-64_queryq4-64
1374014108.0_H1,1374014108.0,H1,ROBUST,0.4254534542560577,ROBUST,idxq4-64_queryq4-64
1374016092.0_H1,1374016092.0,H1,ROBUST,0.446283221244812,ROBUST,idxq4-64_queryq4-64
1374017148.0_H1,1374017148.0,H1,ROBUST,0.4071260392665863,ROBUST,idxq4-64_queryq4-64
1374018684.0_H1,1374018684.0,H1,ROBUST,0.4276878237724304,ROBUST,idxq4-64_queryq4-64
1374019324.0_H1,1374019324.0,H1,BACKGROUND,0.079575203359127,BACKGROUND,idxq4-64_queryq4-64
1374020348.0_H1,1374020348.0,H1,ROBUST,0.3327520191669464,ROBUST,idxq4-64_queryq4-64
1374021116.0_L1,1374021116.0,L1,ROBUST,0.4732235074043274,ROBUST,idxq4-64_queryq4-64
1374023388.0_L1,1374023388.0,L1,ROBUST,0.4301978349685669,ROBUST,idxq4-64_queryq4-64
1374023936.0_H1,1374023936.0,H1,BACKGROUND,0.0870750918984413,BACKGROUND,idxq4-64_queryq4-64
1374025564.0_L1,1374025564.0,L1,ROBUST,0.4530351758003235,ROBUST,idxq4-64_queryq4-64
1374028412.0_H1,1374028412.0,H1,ROBUST,0.4089527726173401,ROBUST,idxq4-64_queryq4-64
1374031356.0_L1,1374031356.0,L1,ROBUST,0.4199436008930206,ROBUST,idxq4-64_queryq4-64
1374033404.0_H1,1374033404.0,H1,BACKGROUND,0.1036507934331893,BACKGROUND,idxq4-64_queryq4-64
1374033788.0_H1,1374033788.0,H1,ROBUST,0.4302105605602264,ROBUST,idxq4-64_queryq4-64
1374034748.0_H1,1374034748.0,H1,BACKGROUND,0.0927971377968788,BACKGROUND,idxq4-64_queryq4-64
1374034940.0_H1,1374034940.0,H1,BACKGROUND,0.1247228011488914,BACKGROUND,idxq4-64_queryq4-64
1374035676.0_H1,1374035676.0,H1,ROBUST,0.4195393025875091,ROBUST,idxq4-64_queryq4-64
1374036540.0_L1,1374036540.0,L1,AMBIGUOUS,0.2110308557748794,AMBIGUOUS,idxq4-64_queryq4-64
1374045788.0_L1,1374045788.0,L1,ROBUST,0.4264880120754242,ROBUST,idxq4-64_queryq4-64
1374046812.0_L1,1374046812.0,L1,ROBUST,0.2879736721515655,ROBUST,idxq4-64_queryq4-64
1374050780.0_H1,1374050780.0,H1,ROBUST,0.4450904428958893,ROBUST,idxq4-64_queryq4-64
1374050940.0_H1,1374050940.0,H1,AMBIGUOUS,0.1605915427207946,AMBIGUOUS,idxq4-64_queryq4-64
1374051676.0_H1,1374051676.0,H1,AMBIGUOUS,0.1515446603298187,AMBIGUOUS,idxq4-64_queryq4-64
1374052188.0_H1,1374052188.0,H1,ROBUST,0.4267260432243347,ROBUST,idxq4-64_queryq4-64
1374052700.0_L1,1374052700.0,L1,ROBUST,0.4460251331329345,ROBUST,idxq4-64_queryq4-64
1374053308.0_L1,1374053308.0,L1,ROBUST,0.3877252042293548,ROBUST,idxq4-64_queryq4-64
1374055708.0_H1,1374055708.0,H1,BACKGROUND,0.1022455394268035,BACKGROUND,idxq4-64_queryq4-64
1374056476.0_H1,1374056476.0,H1,ROBUST,0.4843442738056183,ROBUST,idxq4-64_queryq4-64
1374057052.0_H1,1374057052.0,H1,AMBIGUOUS,0.1423390954732895,AMBIGUOUS,idxq4-64_queryq4-64
1374058236.0_H1,1374058236.0,H1,ROBUST,0.4235976636409759,ROBUST,idxq4-64_queryq4-64
1374059420.0_H1,1374059420.0,H1,BACKGROUND,0.0917549282312393,BACKGROUND,idxq4-64_queryq4-64
1374060284.0_H1,1374060284.0,H1,BACKGROUND,0.0920409336686134,BACKGROUND,idxq4-64_queryq4-64
1374060800.0_L1,1374060800.0,L1,BACKGROUND,0.0704391077160835,BACKGROUND,idxq4-64_queryq4-64
1374061020.0_H1,1374061020.0,H1,BACKGROUND,0.1146760210394859,BACKGROUND,idxq4-64_queryq4-64
1374061052.0_H1,1374061052.0,H1,ROBUST,0.4103060364723205,ROBUST,idxq4-64_queryq4-64
1374061948.0_H1,1374061948.0,H1,ROBUST,0.2409579306840896,ROBUST,idxq4-64_queryq4-64
1374062108.0_H1,1374062108.0,H1,ROBUST,0.4073289930820465,ROBUST,idxq4-64_queryq4-64
1374063036.0_L1,1374063036.0,L1,ROBUST,0.4193070232868194,ROBUST,idxq4-64_queryq4-64
1374063036.0_H1,1374063036.0,H1,ROBUST,0.4170083999633789,ROBUST,idxq4-64_queryq4-64
1374063868.0_L1,1374063868.0,L1,ROBUST,0.4473271667957306,ROBUST,idxq4-64_queryq4-64
1374064348.0_L1,1374064348.0,L1,ROBUST,0.4300535917282104,ROBUST,idxq4-64_queryq4-64
1374064540.0_H1,1374064540.0,H1,ROBUST,0.2065671235322952,ROBUST,idxq4-64_queryq4-64
1374066524.0_H1,1374066524.0,H1,ROBUST,0.457508236169815,ROBUST,idxq4-64_queryq4-64
1374067292.0_H1,1374067292.0,H1,ROBUST,0.4250863492488861,ROBUST,idxq4-64_queryq4-64
1374068092.0_L1,1374068092.0,L1,ROBUST,0.4234016537666321,ROBUST,idxq4-64_queryq4-64
1374071004.0_L1,1374071004.0,L1,ROBUST,0.4303033053874969,ROBUST,idxq4-64_queryq4-64
1374071100.0_H1,1374071100.0,H1,ROBUST,0.4417138993740082,ROBUST,idxq4-64_queryq4-64
1374079452.0_L1,1374079452.0,L1,ROBUST,0.477281391620636,ROBUST,idxq4-64_queryq4-64
1374087100.0_L1,1374087100.0,L1,ROBUST,0.4145212471485138,ROBUST,idxq4-64_queryq4-64
1374091516.0_H1,1374091516.0,H1,ROBUST,0.4764681458473205,ROBUST,idxq4-64_queryq4-64
1374112732.0_H1,1374112732.0,H1,BACKGROUND,0.0921801924705505,BACKGROUND,idxq4-64_queryq4-64
1374113820.0_H1,1374113820.0,H1,BACKGROUND,0.0942999273538589,BACKGROUND,idxq4-64_queryq4-64
1374113980.0_H1,1374113980.0,H1,BACKGROUND,0.0830505713820457,BACKGROUND,idxq4-64_queryq4-64
1374114588.0_L1,1374114588.0,L1,ROBUST,0.4368710815906524,ROBUST,idxq4-64_queryq4-64
1374114876.0_H1,1374114876.0,H1,AMBIGUOUS,0.1359370201826095,AMBIGUOUS,idxq4-64_queryq4-64
1374115100.0_H1,1374115100.0,H1,BACKGROUND,0.1137808933854103,BACKGROUND,idxq4-64_queryq4-64
1374116412.0_H1,1374116412.0,H1,BACKGROUND,0.0857333466410636,BACKGROUND,idxq4-64_queryq4-64
1374116444.0_H1,1374116444.0,H1,BACKGROUND,0.108848251402378,BACKGROUND,idxq4-64_queryq4-64
1374117116.0_H1,1374117116.0,H1,BACKGROUND,0.0892551466822624,BACKGROUND,idxq4-64_queryq4-64
1374117180.0_H1,1374117180.0,H1,BACKGROUND,0.1190183609724044,BACKGROUND,idxq4-64_queryq4-64
1374118652.0_H1,1374118652.0,H1,ROBUST,0.2109288722276687,ROBUST,idxq4-64_queryq4-64
1374118748.0_H1,1374118748.0,H1,ROBUST,0.430790513753891,ROBUST,idxq4-64_queryq4-64
1374118780.0_H1,1374118780.0,H1,BACKGROUND,0.1125779822468757,BACKGROUND,idxq4-64_queryq4-64
1374119260.0_H1,1374119260.0,H1,ROBUST,0.4815584123134613,ROBUST,idxq4-64_queryq4-64
1374119580.0_H1,1374119580.0,H1,BACKGROUND,0.0851518437266349,BACKGROUND,idxq4-64_queryq4-64
1374121628.0_H1,1374121628.0,H1,BACKGROUND,0.0933517441153526,BACKGROUND,idxq4-64_queryq4-64
1374123868.0_H1,1374123868.0,H1,BACKGROUND,0.1001390144228935,BACKGROUND,idxq4-64_queryq4-64
1374124220.0_H1,1374124220.0,H1,AMBIGUOUS,0.1484387367963791,AMBIGUOUS,idxq4-64_queryq4-64
1374125436.0_L1,1374125436.0,L1,AMBIGUOUS,0.1587975621223449,AMBIGUOUS,idxq4-64_queryq4-64
1374125852.0_H1,1374125852.0,H1,BACKGROUND,0.0975576713681221,BACKGROUND,idxq4-64_queryq4-64
1374126972.0_H1,1374126972.0,H1,ROBUST,0.4357490241527557,ROBUST,idxq4-64_queryq4-64
1374127132.0_H1,1374127132.0,H1,ROBUST,0.2397807389497757,ROBUST,idxq4-64_queryq4-64
1374128188.0_H1,1374128188.0,H1,ROBUST,0.4299051165580749,ROBUST,idxq4-64_queryq4-64
1374129244.0_H1,1374129244.0,H1,AMBIGUOUS,0.1489975899457931,AMBIGUOUS,idxq4-64_queryq4-64
1374129852.0_L1,1374129852.0,L1,ROBUST,0.4198496639728546,ROBUST,idxq4-64_queryq4-64
1374130140.0_H1,1374130140.0,H1,AMBIGUOUS,0.167194977402687,AMBIGUOUS,idxq4-64_queryq4-64
1374130396.0_H1,1374130396.0,H1,AMBIGUOUS,0.1877291351556778,AMBIGUOUS,idxq4-64_queryq4-64
1374130652.0_H1,1374130652.0,H1,BACKGROUND,0.0880022794008255,BACKGROUND,idxq4-64_queryq4-64
1374130684.0_H1,1374130684.0,H1,ROBUST,0.4758465588092804,ROBUST,idxq4-64_queryq4-64
1374131484.0_H1,1374131484.0,H1,BACKGROUND,0.0926912873983383,BACKGROUND,idxq4-64_queryq4-64
1374133372.0_H1,1374133372.0,H1,BACKGROUND,0.0994646325707435,BACKGROUND,idxq4-64_queryq4-64
1374133532.0_H1,1374133532.0,H1,BACKGROUND,0.1057600155472755,BACKGROUND,idxq4-64_queryq4-64
1374133692.0_H1,1374133692.0,H1,ROBUST,0.4403643608093261,ROBUST,idxq4-64_queryq4-64
1374134204.0_L1,1374134204.0,L1,ROBUST,0.4453608691692352,ROBUST,idxq4-64_queryq4-64
1374134528.0_L1,1374134528.0,L1,BACKGROUND,0.0564812086522579,BACKGROUND,idxq4-64_queryq4-64
1374135068.0_H1,1374135068.0,H1,BACKGROUND,0.0910442098975181,BACKGROUND,idxq4-64_queryq4-64
1374135356.0_L1,1374135356.0,L1,ROBUST,0.4838665723800659,ROBUST,idxq4-64_queryq4-64
1374136028.0_L1,1374136028.0,L1,ROBUST,0.415873646736145,ROBUST,idxq4-64_queryq4-64
1374136156.0_H1,1374136156.0,H1,ROBUST,0.4328771829605102,ROBUST,idxq4-64_queryq4-64
1374136444.0_H1,1374136444.0,H1,BACKGROUND,0.1060247644782066,BACKGROUND,idxq4-64_queryq4-64
1374136700.0_H1,1374136700.0,H1,BACKGROUND,0.0972822830080986,BACKGROUND,idxq4-64_queryq4-64
1374138204.0_H1,1374138204.0,H1,AMBIGUOUS,0.1422336548566818,AMBIGUOUS,idxq4-64_queryq4-64
1374138624.0_L1,1374138624.0,L1,BACKGROUND,0.0561715923249721,BACKGROUND,idxq4-64_queryq4-64
1374140732.0_H1,1374140732.0,H1,BACKGROUND,0.0972571149468422,BACKGROUND,idxq4-64_queryq4-64
1374142108.0_H1,1374142108.0,H1,AMBIGUOUS,0.13800710439682,AMBIGUOUS,idxq4-64_queryq4-64
1374142620.0_L1,1374142620.0,L1,ROBUST,0.4297725856304168,ROBUST,idxq4-64_queryq4-64
1374142748.0_H1,1374142748.0,H1,AMBIGUOUS,0.1583394706249237,AMBIGUOUS,idxq4-64_queryq4-64
1374143068.0_H1,1374143068.0,H1,BACKGROUND,0.0921248495578765,BACKGROUND,idxq4-64_queryq4-64
1374144188.0_L1,1374144188.0,L1,ROBUST,0.4321771562099457,ROBUST,idxq4-64_queryq4-64
1374145340.0_H1,1374145340.0,H1,ROBUST,0.4522750079631805,ROBUST,idxq4-64_queryq4-64
1374146428.0_H1,1374146428.0,H1,BACKGROUND,0.1056484654545784,BACKGROUND,idxq4-64_queryq4-64
1374146620.0_L1,1374146620.0,L1,ROBUST,0.4280064404010772,ROBUST,idxq4-64_queryq4-64
1374146972.0_H1,1374146972.0,H1,BACKGROUND,0.0911044105887413,BACKGROUND,idxq4-64_queryq4-64
1374147260.0_H1,1374147260.0,H1,BACKGROUND,0.0976394861936569,BACKGROUND,idxq4-64_queryq4-64
1374147356.0_H1,1374147356.0,H1,BACKGROUND,0.0835135951638221,BACKGROUND,idxq4-64_queryq4-64
1374148476.0_H1,1374148476.0,H1,ROBUST,0.5125672817230225,ROBUST,idxq4-64_queryq4-64
1374149724.0_H1,1374149724.0,H1,BACKGROUND,0.1018104031682014,BACKGROUND,idxq4-64_queryq4-64
1374150332.0_H1,1374150332.0,H1,BACKGROUND,0.1003656685352325,BACKGROUND,idxq4-64_queryq4-64
1374151548.0_L1,1374151548.0,L1,ROBUST,0.4401381015777588,ROBUST,idxq4-64_queryq4-64
1374153180.0_H1,1374153180.0,H1,BACKGROUND,0.0978601649403572,BACKGROUND,idxq4-64_queryq4-64
1374153660.0_H1,1374153660.0,H1,BACKGROUND,0.1264209747314453,BACKGROUND,idxq4-64_queryq4-64
1374154428.0_H1,1374154428.0,H1,AMBIGUOUS,0.182937279343605,AMBIGUOUS,idxq4-64_queryq4-64
1374154748.0_H1,1374154748.0,H1,BACKGROUND,0.1238148659467697,BACKGROUND,idxq4-64_queryq4-64
1374162172.0_H1,1374162172.0,H1,BACKGROUND,0.1166750267148017,BACKGROUND,idxq4-64_queryq4-64
1374163740.0_H1,1374163740.0,H1,BACKGROUND,0.0911647006869316,BACKGROUND,idxq4-64_queryq4-64
1374166012.0_L1,1374166012.0,L1,ROBUST,0.4765253663063049,ROBUST,idxq4-64_queryq4-64
1374166844.0_L1,1374166844.0,L1,ROBUST,0.428406298160553,ROBUST,idxq4-64_queryq4-64
1374167292.0_H1,1374167292.0,H1,BACKGROUND,0.0915746986865997,BACKGROUND,idxq4-64_queryq4-64
1374169276.0_H1,1374169276.0,H1,BACKGROUND,0.1044288128614425,BACKGROUND,idxq4-64_queryq4-64
1374169564.0_H1,1374169564.0,H1,AMBIGUOUS,0.1944475620985031,AMBIGUOUS,idxq4-64_queryq4-64
1374172572.0_L1,1374172572.0,L1,ROBUST,0.4383467435836792,ROBUST,idxq4-64_queryq4-64
1374173884.0_H1,1374173884.0,H1,BACKGROUND,0.0981067419052124,BACKGROUND,idxq4-64_queryq4-64
1374174684.0_H1,1374174684.0,H1,BACKGROUND,0.1081112772226333,BACKGROUND,idxq4-64_queryq4-64
1374175036.0_H1,1374175036.0,H1,BACKGROUND,0.1185487285256385,BACKGROUND,idxq4-64_queryq4-64
1374175068.0_H1,1374175068.0,H1,BACKGROUND,0.0975991934537887,BACKGROUND,idxq4-64_queryq4-64
1374175644.0_L1,1374175644.0,L1,ROBUST,0.4588475525379181,ROBUST,idxq4-64_queryq4-64
1374178140.0_L1,1374178140.0,L1,ROBUST,0.4303625226020813,ROBUST,idxq4-64_queryq4-64
1374178172.0_L1,1374178172.0,L1,ROBUST,0.5024364590644836,ROBUST,idxq4-64_queryq4-64
1374178940.0_H1,1374178940.0,H1,BACKGROUND,0.0987593978643417,BACKGROUND,idxq4-64_queryq4-64
1374180700.0_H1,1374180700.0,H1,ROBUST,0.4166782200336456,ROBUST,idxq4-64_queryq4-64
1374180732.0_H1,1374180732.0,H1,ROBUST,0.4378220438957214,ROBUST,idxq4-64_queryq4-64
1374180796.0_H1,1374180796.0,H1,AMBIGUOUS,0.1375268250703811,AMBIGUOUS,idxq4-64_queryq4-64
1374180860.0_H1,1374180860.0,H1,BACKGROUND,0.0980118885636329,BACKGROUND,idxq4-64_queryq4-64
1374181888.0_H1,1374181888.0,H1,BACKGROUND,0.0719830021262168,BACKGROUND,idxq4-64_queryq4-64
1374183004.0_L1,1374183004.0,L1,ROBUST,0.4162223935127258,ROBUST,idxq4-64_queryq4-64
1374185724.0_H1,1374185724.0,H1,BACKGROUND,0.0957500785589218,BACKGROUND,idxq4-64_queryq4-64
1374185984.0_H1,1374185984.0,H1,BACKGROUND,0.081356331706047,BACKGROUND,idxq4-64_queryq4-64
1374187292.0_H1,1374187292.0,H1,BACKGROUND,0.1004493236541748,BACKGROUND,idxq4-64_queryq4-64
1374187484.0_H1,1374187484.0,H1,ROBUST,0.2153016477823257,ROBUST,idxq4-64_queryq4-64
1374190620.0_L1,1374190620.0,L1,ROBUST,0.341547280550003,ROBUST,idxq4-64_queryq4-64
1374191228.0_H1,1374191228.0,H1,BACKGROUND,0.0835933163762092,BACKGROUND,idxq4-64_queryq4-64
1374191516.0_L1,1374191516.0,L1,BACKGROUND,0.119919553399086,BACKGROUND,idxq4-64_queryq4-64
1374192220.0_L1,1374192220.0,L1,AMBIGUOUS,0.2107343673706054,AMBIGUOUS,idxq4-64_queryq4-64
1374192636.0_H1,1374192636.0,H1,BACKGROUND,0.0921620056033134,BACKGROUND,idxq4-64_queryq4-64
1374193788.0_L1,1374193788.0,L1,ROBUST,0.4362963438034057,ROBUST,idxq4-64_queryq4-64
1374203900.0_H1,1374203900.0,H1,BACKGROUND,0.0854791924357414,BACKGROUND,idxq4-64_queryq4-64
1374204124.0_H1,1374204124.0,H1,ROBUST,0.2231757938861847,ROBUST,idxq4-64_queryq4-64
1374206140.0_H1,1374206140.0,H1,BACKGROUND,0.1285987198352813,BACKGROUND,idxq4-64_queryq4-64
1374213596.0_H1,1374213596.0,H1,BACKGROUND,0.1051464080810546,BACKGROUND,idxq4-64_queryq4-64
1374214204.0_H1,1374214204.0,H1,ROBUST,0.4024007618427276,ROBUST,idxq4-64_queryq4-64
1374215740.0_H1,1374215740.0,H1,BACKGROUND,0.0925518348813057,BACKGROUND,idxq4-64_queryq4-64
1374216316.0_H1,1374216316.0,H1,BACKGROUND,0.0912902355194091,BACKGROUND,idxq4-64_queryq4-64
1374216732.0_H1,1374216732.0,H1,BACKGROUND,0.0918328538537025,BACKGROUND,idxq4-64_queryq4-64
1374218556.0_H1,1374218556.0,H1,ROBUST,0.4048844277858734,ROBUST,idxq4-64_queryq4-64
1374219932.0_H1,1374219932.0,H1,AMBIGUOUS,0.1906142383813858,AMBIGUOUS,idxq4-64_queryq4-64
1374220028.0_H1,1374220028.0,H1,BACKGROUND,0.0869506224989891,BACKGROUND,idxq4-64_queryq4-64
1374221788.0_H1,1374221788.0,H1,BACKGROUND,0.0912442058324813,BACKGROUND,idxq4-64_queryq4-64
1374222848.0_H1,1374222848.0,H1,BACKGROUND,0.0852436646819114,BACKGROUND,idxq4-64_queryq4-64
1374223068.0_L1,1374223068.0,L1,ROBUST,0.416254848241806,ROBUST,idxq4-64_queryq4-64
1374223292.0_H1,1374223292.0,H1,ROBUST,0.438789814710617,ROBUST,idxq4-64_queryq4-64
1374224796.0_L1,1374224796.0,L1,ROBUST,0.2428031265735626,ROBUST,idxq4-64_queryq4-64
1374225212.0_H1,1374225212.0,H1,ROBUST,0.4320686161518097,ROBUST,idxq4-64_queryq4-64
1374225948.0_L1,1374225948.0,L1,ROBUST,0.4240216016769409,ROBUST,idxq4-64_queryq4-64
1374226300.0_H1,1374226300.0,H1,BACKGROUND,0.0971484780311584,BACKGROUND,idxq4-64_queryq4-64
1374226332.0_H1,1374226332.0,H1,ROBUST,0.443514883518219,ROBUST,idxq4-64_queryq4-64
1374226780.0_L1,1374226780.0,L1,ROBUST,0.4330696761608124,ROBUST,idxq4-64_queryq4-64
1374226812.0_H1,1374226812.0,H1,BACKGROUND,0.0827737674117088,BACKGROUND,idxq4-64_queryq4-64
1374227644.0_H1,1374227644.0,H1,BACKGROUND,0.0918040126562118,BACKGROUND,idxq4-64_queryq4-64
1374228764.0_H1,1374228764.0,H1,BACKGROUND,0.0952480807900428,BACKGROUND,idxq4-64_queryq4-64
1374229436.0_L1,1374229436.0,L1,ROBUST,0.4341560900211334,ROBUST,idxq4-64_queryq4-64
1374229596.0_H1,1374229596.0,H1,BACKGROUND,0.12415761500597,BACKGROUND,idxq4-64_queryq4-64
1374230716.0_L1,1374230716.0,L1,ROBUST,0.4182930886745453,ROBUST,idxq4-64_queryq4-64
1374230780.0_L1,1374230780.0,L1,ROBUST,0.4106948673725128,ROBUST,idxq4-64_queryq4-64
1374269564.0_H1,1374269564.0,H1,BACKGROUND,0.0791655853390693,BACKGROUND,idxq4-64_queryq4-64
1374270620.0_H1,1374270620.0,H1,BACKGROUND,0.1113694235682487,BACKGROUND,idxq4-64_queryq4-64
1374270908.0_H1,1374270908.0,H1,ROBUST,0.4273070096969604,ROBUST,idxq4-64_queryq4-64
1374271804.0_H1,1374271804.0,H1,AMBIGUOUS,0.18028624355793,AMBIGUOUS,idxq4-64_queryq4-64
1374272124.0_L1,1374272124.0,L1,ROBUST,0.48382169008255,ROBUST,idxq4-64_queryq4-64
1374272732.0_H1,1374272732.0,H1,ROBUST,0.4944863021373749,ROBUST,idxq4-64_queryq4-64
1374293756.0_H1,1374293756.0,H1,BACKGROUND,0.0878936722874641,BACKGROUND,idxq4-64_queryq4-64
1374294844.0_H1,1374294844.0,H1,BACKGROUND,0.1086295619606971,BACKGROUND,idxq4-64_queryq4-64
1374295324.0_H1,1374295324.0,H1,BACKGROUND,0.0933683589100837,BACKGROUND,idxq4-64_queryq4-64
1374295580.0_H1,1374295580.0,H1,ROBUST,0.4547778367996216,ROBUST,idxq4-64_queryq4-64
1374295964.0_H1,1374295964.0,H1,BACKGROUND,0.0868118479847908,BACKGROUND,idxq4-64_queryq4-64
1374296828.0_H1,1374296828.0,H1,BACKGROUND,0.0874725952744484,BACKGROUND,idxq4-64_queryq4-64
1374298620.0_H1,1374298620.0,H1,ROBUST,0.4344807267189026,ROBUST,idxq4-64_queryq4-64
1374304476.0_H1,1374304476.0,H1,BACKGROUND,0.0914524495601654,BACKGROUND,idxq4-64_queryq4-64
1374305596.0_H1,1374305596.0,H1,AMBIGUOUS,0.1557528227567672,AMBIGUOUS,idxq4-64_queryq4-64
1374306524.0_H1,1374306524.0,H1,BACKGROUND,0.1202658787369728,BACKGROUND,idxq4-64_queryq4-64
1374306556.0_L1,1374306556.0,L1,BACKGROUND,0.1311424821615219,BACKGROUND,idxq4-64_queryq4-64
1374307452.0_L1,1374307452.0,L1,BACKGROUND,0.1394955962896347,BACKGROUND,idxq4-64_queryq4-64
1374311292.0_H1,1374311292.0,H1,ROBUST,0.3822348415851593,ROBUST,idxq4-64_queryq4-64
1374312380.0_H1,1374312380.0,H1,AMBIGUOUS,0.1361894011497497,AMBIGUOUS,idxq4-64_queryq4-64
1374312412.0_H1,1374312412.0,H1,AMBIGUOUS,0.1481090486049652,AMBIGUOUS,idxq4-64_queryq4-64
1374312572.0_H1,1374312572.0,H1,ROBUST,0.425580769777298,ROBUST,idxq4-64_queryq4-64
1374312892.0_H1,1374312892.0,H1,AMBIGUOUS,0.1410468071699142,AMBIGUOUS,idxq4-64_queryq4-64
1374313020.0_H1,1374313020.0,H1,BACKGROUND,0.1257995069026947,BACKGROUND,idxq4-64_queryq4-64
1374313052.0_H1,1374313052.0,H1,BACKGROUND,0.1094459071755409,BACKGROUND,idxq4-64_queryq4-64
1374315548.0_H1,1374315548.0,H1,ROBUST,0.3889341652393341,ROBUST,idxq4-64_queryq4-64
1374315708.0_H1,1374315708.0,H1,BACKGROUND,0.0943541675806045,BACKGROUND,idxq4-64_queryq4-64
1374316156.0_L1,1374316156.0,L1,ROBUST,0.2341076135635376,ROBUST,idxq4-64_queryq4-64
1374317948.0_L1,1374317948.0,L1,ROBUST,0.3820266723632812,ROBUST,idxq4-64_queryq4-64
1374318908.0_L1,1374318908.0,L1,ROBUST,0.4240506887435913,ROBUST,idxq4-64_queryq4-64
1374319164.0_H1,1374319164.0,H1,BACKGROUND,0.1120855957269668,BACKGROUND,idxq4-64_queryq4-64
1374319580.0_L1,1374319580.0,L1,AMBIGUOUS,0.1622798591852188,AMBIGUOUS,idxq4-64_queryq4-64
1374319644.0_L1,1374319644.0,L1,ROBUST,0.4136550724506378,ROBUST,idxq4-64_queryq4-64
1374319964.0_L1,1374319964.0,L1,ROBUST,0.4113848209381103,ROBUST,idxq4-64_queryq4-64
1374320028.0_L1,1374320028.0,L1,ROBUST,0.4447931349277496,ROBUST,idxq4-64_queryq4-64
1374320732.0_L1,1374320732.0,L1,ROBUST,0.3605187237262726,ROBUST,idxq4-64_queryq4-64
1374320796.0_H1,1374320796.0,H1,BACKGROUND,0.0904985070228576,BACKGROUND,idxq4-64_queryq4-64
1374323740.0_L1,1374323740.0,L1,ROBUST,0.2510644793510437,ROBUST,idxq4-64_queryq4-64
1374323740.0_H1,1374323740.0,H1,BACKGROUND,0.12051475793123245,BACKGROUND,idxq4-64_queryq4-64
1374325148.0_H1,1374325148.0,H1,ROBUST,0.4530436992645263,ROBUST,idxq4-64_queryq4-64
1374325884.0_H1,1374325884.0,H1,BACKGROUND,0.098211646080017,BACKGROUND,idxq4-64_queryq4-64
1374326076.0_H1,1374326076.0,H1,BACKGROUND,0.096807911992073,BACKGROUND,idxq4-64_queryq4-64
1374327164.0_H1,1374327164.0,H1,ROBUST,0.4447327852249145,ROBUST,idxq4-64_queryq4-64
1374370012.0_L1,1374370012.0,L1,ROBUST,0.424917072057724,ROBUST,idxq4-64_queryq4-64
1374370620.0_H1,1374370620.0,H1,BACKGROUND,0.0900286212563514,BACKGROUND,idxq4-64_queryq4-64
1374371452.0_H1,1374371452.0,H1,BACKGROUND,0.1134537234902381,BACKGROUND,idxq4-64_queryq4-64
1374372252.0_H1,1374372252.0,H1,BACKGROUND,0.1055124327540397,BACKGROUND,idxq4-64_queryq4-64
1374374172.0_L1,1374374172.0,L1,ROBUST,0.4571629166603088,ROBUST,idxq4-64_queryq4-64
1374374364.0_H1,1374374364.0,H1,ROBUST,0.4143116176128387,ROBUST,idxq4-64_queryq4-64
1374374588.0_H1,1374374588.0,H1,ROBUST,0.4262146651744842,ROBUST,idxq4-64_queryq4-64
1374374748.0_H1,1374374748.0,H1,BACKGROUND,0.0779498741030693,BACKGROUND,idxq4-64_queryq4-64
1374375260.0_H1,1374375260.0,H1,BACKGROUND,0.1020357683300972,BACKGROUND,idxq4-64_queryq4-64
1374375516.0_L1,1374375516.0,L1,ROBUST,0.4236991107463836,ROBUST,idxq4-64_queryq4-64
1374377852.0_H1,1374377852.0,H1,BACKGROUND,0.1098564639687538,BACKGROUND,idxq4-64_queryq4-64
1374379964.0_H1,1374379964.0,H1,BACKGROUND,0.1210044100880622,BACKGROUND,idxq4-64_queryq4-64
1374384476.0_H1,1374384476.0,H1,BACKGROUND,0.0920951068401336,BACKGROUND,idxq4-64_queryq4-64
1374386172.0_H1,1374386172.0,H1,ROBUST,0.442597359418869,ROBUST,idxq4-64_queryq4-64
1374386204.0_H1,1374386204.0,H1,ROBUST,0.4168326258659363,ROBUST,idxq4-64_queryq4-64
1374386268.0_L1,1374386268.0,L1,ROBUST,0.4341042339801788,ROBUST,idxq4-64_queryq4-64
1374386588.0_H1,1374386588.0,H1,BACKGROUND,0.1087952330708503,BACKGROUND,idxq4-64_queryq4-64
1374386652.0_H1,1374386652.0,H1,ROBUST,0.2163580954074859,ROBUST,idxq4-64_queryq4-64
1374386688.0_H1,1374386688.0,H1,BACKGROUND,0.0786183848977088,BACKGROUND,idxq4-64_queryq4-64
1374386716.0_H1,1374386716.0,H1,BACKGROUND,0.0852758884429931,BACKGROUND,idxq4-64_queryq4-64
1374388124.0_L1,1374388124.0,L1,ROBUST,0.4403012692928314,ROBUST,idxq4-64_queryq4-64
1374390972.0_L1,1374390972.0,L1,ROBUST,0.4316550493240356,ROBUST,idxq4-64_queryq4-64
1374391228.0_H1,1374391228.0,H1,BACKGROUND,0.092389777302742,BACKGROUND,idxq4-64_queryq4-64
1374391612.0_H1,1374391612.0,H1,BACKGROUND,0.1012757718563079,BACKGROUND,idxq4-64_queryq4-64
1374391644.0_H1,1374391644.0,H1,BACKGROUND,0.0925677716732025,BACKGROUND,idxq4-64_queryq4-64
1374392764.0_H1,1374392764.0,H1,BACKGROUND,0.08914165943861,BACKGROUND,idxq4-64_queryq4-64
1374393340.0_H1,1374393340.0,H1,BACKGROUND,0.1045853793621063,BACKGROUND,idxq4-64_queryq4-64
1374393436.0_L1,1374393436.0,L1,ROBUST,0.4333200752735138,ROBUST,idxq4-64_queryq4-64
1374394076.0_H1,1374394076.0,H1,ROBUST,0.4165175855159759,ROBUST,idxq4-64_queryq4-64
1374394880.0_L1,1374394880.0,L1,BACKGROUND,0.0581853874027729,BACKGROUND,idxq4-64_queryq4-64
1374396028.0_H1,1374396028.0,H1,BACKGROUND,0.0871422961354255,BACKGROUND,idxq4-64_queryq4-64
1374396956.0_L1,1374396956.0,L1,ROBUST,0.4247019588947296,ROBUST,idxq4-64_queryq4-64
1374399100.0_H1,1374399100.0,H1,ROBUST,0.4160387516021728,ROBUST,idxq4-64_queryq4-64
1374399548.0_L1,1374399548.0,L1,ROBUST,0.4519095122814178,ROBUST,idxq4-64_queryq4-64
1374400348.0_H1,1374400348.0,H1,BACKGROUND,0.10661481320858,BACKGROUND,idxq4-64_queryq4-64
1374401084.0_H1,1374401084.0,H1,BACKGROUND,0.0977405533194542,BACKGROUND,idxq4-64_queryq4-64
1374401980.0_H1,1374401980.0,H1,BACKGROUND,0.0876454040408134,BACKGROUND,idxq4-64_queryq4-64
1374403036.0_H1,1374403036.0,H1,AMBIGUOUS,0.1951780766248703,AMBIGUOUS,idxq4-64_queryq4-64
1374451100.0_H1,1374451100.0,H1,BACKGROUND,0.0939552560448646,BACKGROUND,idxq4-64_queryq4-64
1374451324.0_L1,1374451324.0,L1,ROBUST,0.4301378130912781,ROBUST,idxq4-64_queryq4-64
1374452604.0_H1,1374452604.0,H1,BACKGROUND,0.1125323772430419,BACKGROUND,idxq4-64_queryq4-64
1374452860.0_H1,1374452860.0,H1,ROBUST,0.4480563998222351,ROBUST,idxq4-64_queryq4-64
1374453916.0_H1,1374453916.0,H1,BACKGROUND,0.1148895695805549,BACKGROUND,idxq4-64_queryq4-64
1374454236.0_L1,1374454236.0,L1,ROBUST,0.4008316099643707,ROBUST,idxq4-64_queryq4-64
1374454268.0_L1,1374454268.0,L1,ROBUST,0.4294389188289642,ROBUST,idxq4-64_queryq4-64
1374454684.0_H1,1374454684.0,H1,BACKGROUND,0.0860350951552391,BACKGROUND,idxq4-64_queryq4-64
1374455068.0_L1,1374455068.0,L1,ROBUST,0.2686820328235626,ROBUST,idxq4-64_queryq4-64
1374456028.0_H1,1374456028.0,H1,BACKGROUND,0.0808458998799324,BACKGROUND,idxq4-64_queryq4-64
1374456092.0_L1,1374456092.0,L1,AMBIGUOUS,0.207894742488861,AMBIGUOUS,idxq4-64_queryq4-64
1374457116.0_H1,1374457116.0,H1,BACKGROUND,0.1127723306417465,BACKGROUND,idxq4-64_queryq4-64
1374457180.0_H1,1374457180.0,H1,AMBIGUOUS,0.1364096701145172,AMBIGUOUS,idxq4-64_queryq4-64
1374459068.0_H1,1374459068.0,H1,BACKGROUND,0.1087266877293586,BACKGROUND,idxq4-64_queryq4-64
1374459324.0_L1,1374459324.0,L1,ROBUST,0.4485649168491363,ROBUST,idxq4-64_queryq4-64
1374461372.0_H1,1374461372.0,H1,ROBUST,0.4441639184951782,ROBUST,idxq4-64_queryq4-64
1374462556.0_H1,1374462556.0,H1,BACKGROUND,0.0937348827719688,BACKGROUND,idxq4-64_queryq4-64
1374464092.0_H1,1374464092.0,H1,ROBUST,0.4406278431415558,ROBUST,idxq4-64_queryq4-64
1374464668.0_H1,1374464668.0,H1,BACKGROUND,0.0916220024228096,BACKGROUND,idxq4-64_queryq4-64
1374466332.0_H1,1374466332.0,H1,BACKGROUND,0.0901236832141876,BACKGROUND,idxq4-64_queryq4-64
1374467452.0_H1,1374467452.0,H1,BACKGROUND,0.0858754143118858,BACKGROUND,idxq4-64_queryq4-64
1374468668.0_H1,1374468668.0,H1,BACKGROUND,0.0921323597431182,BACKGROUND,idxq4-64_queryq4-64
1374470428.0_H1,1374470428.0,H1,BACKGROUND,0.1155016720294952,BACKGROUND,idxq4-64_queryq4-64
1374471228.0_H1,1374471228.0,H1,BACKGROUND,0.0983877852559089,BACKGROUND,idxq4-64_queryq4-64
1374474108.0_L1,1374474108.0,L1,ROBUST,0.4153440296649933,ROBUST,idxq4-64_queryq4-64
1374475484.0_H1,1374475484.0,H1,BACKGROUND,0.1038799956440925,BACKGROUND,idxq4-64_queryq4-64
1374476988.0_H1,1374476988.0,H1,BACKGROUND,0.0956601202487945,BACKGROUND,idxq4-64_queryq4-64
1374477372.0_H1,1374477372.0,H1,AMBIGUOUS,0.1343332678079605,AMBIGUOUS,idxq4-64_queryq4-64
1374478556.0_H1,1374478556.0,H1,ROBUST,0.4091731309890747,ROBUST,idxq4-64_queryq4-64
1374479100.0_H1,1374479100.0,H1,ROBUST,0.3274884819984436,ROBUST,idxq4-64_queryq4-64
1374480896.0_H1,1374480896.0,H1,BACKGROUND,0.0873862653970718,BACKGROUND,idxq4-64_queryq4-64
1374481244.0_H1,1374481244.0,H1,ROBUST,0.5184107422828674,ROBUST,idxq4-64_queryq4-64
1374482396.0_L1,1374482396.0,L1,ROBUST,0.2441403716802597,ROBUST,idxq4-64_queryq4-64
1374482396.0_H1,1374482396.0,H1,BACKGROUND,0.0934968888759613,BACKGROUND,idxq4-64_queryq4-64
1374482876.0_H1,1374482876.0,H1,BACKGROUND,0.1070196330547332,BACKGROUND,idxq4-64_queryq4-64
1374483036.0_H1,1374483036.0,H1,ROBUST,0.4784618318080902,ROBUST,idxq4-64_queryq4-64
1374483132.0_H1,1374483132.0,H1,BACKGROUND,0.0838204100728035,BACKGROUND,idxq4-64_queryq4-64
1374483292.0_H1,1374483292.0,H1,BACKGROUND,0.1278064996004104,BACKGROUND,idxq4-64_queryq4-64
1374485436.0_H1,1374485436.0,H1,BACKGROUND,0.1036921590566635,BACKGROUND,idxq4-64_queryq4-64
1374485788.0_L1,1374485788.0,L1,BACKGROUND,0.0835169777274131,BACKGROUND,idxq4-64_queryq4-64
1374486972.0_L1,1374486972.0,L1,ROBUST,0.4389188587665558,ROBUST,idxq4-64_queryq4-64
1374487708.0_L1,1374487708.0,L1,ROBUST,0.4423126876354217,ROBUST,idxq4-64_queryq4-64
1374488220.0_H1,1374488220.0,H1,BACKGROUND,0.0883657410740852,BACKGROUND,idxq4-64_queryq4-64
1374488348.0_L1,1374488348.0,L1,ROBUST,0.328542023897171,ROBUST,idxq4-64_queryq4-64
1374488444.0_L1,1374488444.0,L1,ROBUST,0.477094829082489,ROBUST,idxq4-64_queryq4-64
1374489980.0_H1,1374489980.0,H1,BACKGROUND,0.0802287086844444,BACKGROUND,idxq4-64_queryq4-64
1374537372.0_L1,1374537372.0,L1,ROBUST,0.42316934466362,ROBUST,idxq4-64_queryq4-64
1374537532.0_L1,1374537532.0,L1,AMBIGUOUS,0.1826748847961425,AMBIGUOUS,idxq4-64_queryq4-64
1374538524.0_L1,1374538524.0,L1,ROBUST,0.462621808052063,ROBUST,idxq4-64_queryq4-64
1374538780.0_H1,1374538780.0,H1,BACKGROUND,0.0900018811225891,BACKGROUND,idxq4-64_queryq4-64
1374541756.0_H1,1374541756.0,H1,BACKGROUND,0.0919318795204162,BACKGROUND,idxq4-64_queryq4-64
1374542300.0_H1,1374542300.0,H1,ROBUST,0.4893519580364227,ROBUST,idxq4-64_queryq4-64
1374543420.0_H1,1374543420.0,H1,BACKGROUND,0.1198599338531494,BACKGROUND,idxq4-64_queryq4-64
1374543740.0_H1,1374543740.0,H1,BACKGROUND,0.0972404032945633,BACKGROUND,idxq4-64_queryq4-64
1374543932.0_L1,1374543932.0,L1,ROBUST,0.4950103759765625,ROBUST,idxq4-64_queryq4-64
1374544732.0_H1,1374544732.0,H1,BACKGROUND,0.104228101670742,BACKGROUND,idxq4-64_queryq4-64
1374545500.0_H1,1374545500.0,H1,BACKGROUND,0.0874598026275634,BACKGROUND,idxq4-64_queryq4-64
1374545916.0_H1,1374545916.0,H1,BACKGROUND,0.0962699428200721,BACKGROUND,idxq4-64_queryq4-64
1374546076.0_H1,1374546076.0,H1,BACKGROUND,0.1059449315071106,BACKGROUND,idxq4-64_queryq4-64
1374546300.0_H1,1374546300.0,H1,BACKGROUND,0.1102452799677848,BACKGROUND,idxq4-64_queryq4-64
1374546748.0_H1,1374546748.0,H1,ROBUST,0.5059417486190796,ROBUST,idxq4-64_queryq4-64
1374551420.0_L1,1374551420.0,L1,ROBUST,0.4664088487625122,ROBUST,idxq4-64_queryq4-64
1374551804.0_H1,1374551804.0,H1,BACKGROUND,0.0875209271907806,BACKGROUND,idxq4-64_queryq4-64
1374553308.0_L1,1374553308.0,L1,ROBUST,0.4357094168663025,ROBUST,idxq4-64_queryq4-64
1374553436.0_H1,1374553436.0,H1,ROBUST,0.4323753416538238,ROBUST,idxq4-64_queryq4-64
1374556156.0_H1,1374556156.0,H1,ROBUST,0.4625751674175262,ROBUST,idxq4-64_queryq4-64
1374556380.0_H1,1374556380.0,H1,BACKGROUND,0.0947308093309402,BACKGROUND,idxq4-64_queryq4-64
1374556956.0_L1,1374556956.0,L1,ROBUST,0.4469325244426727,ROBUST,idxq4-64_queryq4-64
1374557724.0_H1,1374557724.0,H1,BACKGROUND,0.0876197442412376,BACKGROUND,idxq4-64_queryq4-64
1374557852.0_H1,1374557852.0,H1,ROBUST,0.4885269105434418,ROBUST,idxq4-64_queryq4-64
1374559420.0_L1,1374559420.0,L1,ROBUST,0.442374974489212,ROBUST,idxq4-64_queryq4-64
1374559516.0_H1,1374559516.0,H1,BACKGROUND,0.0962781384587287,BACKGROUND,idxq4-64_queryq4-64
1374559580.0_H1,1374559580.0,H1,ROBUST,0.4974561631679535,ROBUST,idxq4-64_queryq4-64
1374561852.0_L1,1374561852.0,L1,BACKGROUND,0.0967254713177681,BACKGROUND,idxq4-64_queryq4-64
1374563100.0_H1,1374563100.0,H1,BACKGROUND,0.0943756625056266,BACKGROUND,idxq4-64_queryq4-64
1374563580.0_H1,1374563580.0,H1,BACKGROUND,0.1280898153781891,BACKGROUND,idxq4-64_queryq4-64
1374564572.0_H1,1374564572.0,H1,BACKGROUND,0.0984290614724159,BACKGROUND,idxq4-64_queryq4-64
1374565340.0_H1,1374565340.0,H1,ROBUST,0.4128533005714416,ROBUST,idxq4-64_queryq4-64
1374565788.0_H1,1374565788.0,H1,ROBUST,0.4104203581809997,ROBUST,idxq4-64_queryq4-64
1374565820.0_H1,1374565820.0,H1,ROBUST,0.3678670525550842,ROBUST,idxq4-64_queryq4-64
1374566044.0_L1,1374566044.0,L1,ROBUST,0.4475577175617218,ROBUST,idxq4-64_queryq4-64
1374566332.0_H1,1374566332.0,H1,BACKGROUND,0.1057466194033622,BACKGROUND,idxq4-64_queryq4-64
1374566620.0_L1,1374566620.0,L1,AMBIGUOUS,0.1564172059297561,AMBIGUOUS,idxq4-64_queryq4-64
1374566844.0_H1,1374566844.0,H1,AMBIGUOUS,0.1857429891824722,AMBIGUOUS,idxq4-64_queryq4-64
1374567708.0_H1,1374567708.0,H1,ROBUST,0.4140235185623169,ROBUST,idxq4-64_queryq4-64
1374568476.0_L1,1374568476.0,L1,ROBUST,0.4568623602390289,ROBUST,idxq4-64_queryq4-64
1374569756.0_H1,1374569756.0,H1,ROBUST,0.4588054716587066,ROBUST,idxq4-64_queryq4-64
1374570236.0_H1,1374570236.0,H1,BACKGROUND,0.0931543931365013,BACKGROUND,idxq4-64_queryq4-64
1374571740.0_H1,1374571740.0,H1,AMBIGUOUS,0.1433499902486801,AMBIGUOUS,idxq4-64_queryq4-64
1374572316.0_H1,1374572316.0,H1,BACKGROUND,0.1080119609832763,BACKGROUND,idxq4-64_queryq4-64
1374575104.0_H1,1374575104.0,H1,BACKGROUND,0.0679598003625869,BACKGROUND,idxq4-64_queryq4-64
1374575388.0_H1,1374575388.0,H1,BACKGROUND,0.1085862591862678,BACKGROUND,idxq4-64_queryq4-64
1374613020.0_L1,1374613020.0,L1,ROBUST,0.4562515914440155,ROBUST,idxq4-64_queryq4-64
1374615484.0_H1,1374615484.0,H1,ROBUST,0.4149475991725921,ROBUST,idxq4-64_queryq4-64
1374615996.0_H1,1374615996.0,H1,AMBIGUOUS,0.1564347594976425,AMBIGUOUS,idxq4-64_queryq4-64
1374616284.0_L1,1374616284.0,L1,ROBUST,0.4639286398887634,ROBUST,idxq4-64_queryq4-64
1374616444.0_H1,1374616444.0,H1,BACKGROUND,0.0888933837413787,BACKGROUND,idxq4-64_queryq4-64
1374619484.0_L1,1374619484.0,L1,ROBUST,0.443147212266922,ROBUST,idxq4-64_queryq4-64
1374623164.0_H1,1374623164.0,H1,ROBUST,0.2301478087902069,ROBUST,idxq4-64_queryq4-64
1374634460.0_H1,1374634460.0,H1,BACKGROUND,0.1067018210887909,BACKGROUND,idxq4-64_queryq4-64
1374635196.0_H1,1374635196.0,H1,BACKGROUND,0.1018486618995666,BACKGROUND,idxq4-64_queryq4-64
1374636060.0_H1,1374636060.0,H1,BACKGROUND,0.0929008200764656,BACKGROUND,idxq4-64_queryq4-64
1374636700.0_H1,1374636700.0,H1,BACKGROUND,0.0832686573266983,BACKGROUND,idxq4-64_queryq4-64
1374637980.0_H1,1374637980.0,H1,BACKGROUND,0.0911800563335418,BACKGROUND,idxq4-64_queryq4-64
1374638300.0_H1,1374638300.0,H1,BACKGROUND,0.0943126529455185,BACKGROUND,idxq4-64_queryq4-64
1374638556.0_H1,1374638556.0,H1,AMBIGUOUS,0.1913949400186538,AMBIGUOUS,idxq4-64_queryq4-64
1374638588.0_H1,1374638588.0,H1,BACKGROUND,0.1082569733262062,BACKGROUND,idxq4-64_queryq4-64
1374638844.0_H1,1374638844.0,H1,ROBUST,0.4215070009231567,ROBUST,idxq4-64_queryq4-64
1374638908.0_H1,1374638908.0,H1,BACKGROUND,0.0981937572360038,BACKGROUND,idxq4-64_queryq4-64
1374639196.0_H1,1374639196.0,H1,BACKGROUND,0.0919475853443145,BACKGROUND,idxq4-64_queryq4-64
1374639324.0_H1,1374639324.0,H1,ROBUST,0.4068978130817413,ROBUST,idxq4-64_queryq4-64
1374639900.0_H1,1374639900.0,H1,ROBUST,0.4085890650749206,ROBUST,idxq4-64_queryq4-64
1374639932.0_H1,1374639932.0,H1,ROBUST,0.3715328872203827,ROBUST,idxq4-64_queryq4-64
1374640828.0_H1,1374640828.0,H1,BACKGROUND,0.0937200561165809,BACKGROUND,idxq4-64_queryq4-64
1374640956.0_H1,1374640956.0,H1,ROBUST,0.4323594272136688,ROBUST,idxq4-64_queryq4-64
1374643356.0_L1,1374643356.0,L1,ROBUST,0.40926194190979,ROBUST,idxq4-64_queryq4-64
1374644284.0_H1,1374644284.0,H1,ROBUST,0.4227620661258697,ROBUST,idxq4-64_queryq4-64
1374647804.0_H1,1374647804.0,H1,BACKGROUND,0.1111605986952781,BACKGROUND,idxq4-64_queryq4-64
1374648252.0_H1,1374648252.0,H1,BACKGROUND,0.0804168954491615,BACKGROUND,idxq4-64_queryq4-64
1374648572.0_H1,1374648572.0,H1,BACKGROUND,0.091229073703289,BACKGROUND,idxq4-64_queryq4-64
1374649276.0_H1,1374649276.0,H1,ROBUST,0.4351027607917785,ROBUST,idxq4-64_queryq4-64
1374650876.0_H1,1374650876.0,H1,BACKGROUND,0.0842867493629455,BACKGROUND,idxq4-64_queryq4-64
1374651420.0_H1,1374651420.0,H1,BACKGROUND,0.0982725471258163,BACKGROUND,idxq4-64_queryq4-64
1374652604.0_L1,1374652604.0,L1,ROBUST,0.4639395475387573,ROBUST,idxq4-64_queryq4-64
1374652892.0_H1,1374652892.0,H1,AMBIGUOUS,0.1892308294773101,AMBIGUOUS,idxq4-64_queryq4-64
1374653980.0_L1,1374653980.0,L1,ROBUST,0.4414854347705841,ROBUST,idxq4-64_queryq4-64
1374654012.0_L1,1374654012.0,L1,ROBUST,0.4085680246353149,ROBUST,idxq4-64_queryq4-64
1374654812.0_H1,1374654812.0,H1,BACKGROUND,0.0855748280882835,BACKGROUND,idxq4-64_queryq4-64
1374655260.0_H1,1374655260.0,H1,BACKGROUND,0.084656186401844,BACKGROUND,idxq4-64_queryq4-64
1374656060.0_H1,1374656060.0,H1,BACKGROUND,0.0840536803007125,BACKGROUND,idxq4-64_queryq4-64
1374656348.0_H1,1374656348.0,H1,BACKGROUND,0.1209825351834297,BACKGROUND,idxq4-64_queryq4-64
1374656860.0_H1,1374656860.0,H1,BACKGROUND,0.0865205451846122,BACKGROUND,idxq4-64_queryq4-64
1374657180.0_L1,1374657180.0,L1,AMBIGUOUS,0.176024705171585,AMBIGUOUS,idxq4-64_queryq4-64
1374660028.0_H1,1374660028.0,H1,BACKGROUND,0.1009812653064727,BACKGROUND,idxq4-64_queryq4-64
1374660796.0_L1,1374660796.0,L1,BACKGROUND,0.1434136629104614,BACKGROUND,idxq4-64_queryq4-64
1374661120.0_L1,1374661120.0,L1,BACKGROUND,0.0784668773412704,BACKGROUND,idxq4-64_queryq4-64
1374662140.0_H1,1374662140.0,H1,BACKGROUND,0.0883134081959724,BACKGROUND,idxq4-64_queryq4-64
1374662620.0_H1,1374662620.0,H1,BACKGROUND,0.1125797927379608,BACKGROUND,idxq4-64_queryq4-64
1374663964.0_H1,1374663964.0,H1,BACKGROUND,0.0914410576224327,BACKGROUND,idxq4-64_queryq4-64
1374664668.0_H1,1374664668.0,H1,ROBUST,0.4752855896949768,ROBUST,idxq4-64_queryq4-64
1374664732.0_H1,1374664732.0,H1,BACKGROUND,0.0873269736766815,BACKGROUND,idxq4-64_queryq4-64
1374664988.0_H1,1374664988.0,H1,BACKGROUND,0.1119998097419738,BACKGROUND,idxq4-64_queryq4-64
1374665244.0_H1,1374665244.0,H1,ROBUST,0.4063877761363983,ROBUST,idxq4-64_queryq4-64
1374665756.0_L1,1374665756.0,L1,ROBUST,0.4567394256591797,ROBUST,idxq4-64_queryq4-64
1374666716.0_H1,1374666716.0,H1,BACKGROUND,0.1193222999572753,BACKGROUND,idxq4-64_queryq4-64
1374667260.0_H1,1374667260.0,H1,AMBIGUOUS,0.1423143446445465,AMBIGUOUS,idxq4-64_queryq4-64
1374669312.0_H1,1374669312.0,H1,BACKGROUND,0.0990259647369384,BACKGROUND,idxq4-64_queryq4-64
1374669884.0_H1,1374669884.0,H1,BACKGROUND,0.0956682339310646,BACKGROUND,idxq4-64_queryq4-64
1374671164.0_H1,1374671164.0,H1,ROBUST,0.4211176335811615,ROBUST,idxq4-64_queryq4-64
1374671836.0_H1,1374671836.0,H1,BACKGROUND,0.0968514010310173,BACKGROUND,idxq4-64_queryq4-64
1374672316.0_H1,1374672316.0,H1,BACKGROUND,0.0892553031444549,BACKGROUND,idxq4-64_queryq4-64
1374675068.0_L1,1374675068.0,L1,ROBUST,0.4511286914348602,ROBUST,idxq4-64_queryq4-64
1374677948.0_H1,1374677948.0,H1,AMBIGUOUS,0.1808403879404068,AMBIGUOUS,idxq4-64_queryq4-64
1374685084.0_L1,1374685084.0,L1,ROBUST,0.4309892058372497,ROBUST,idxq4-64_queryq4-64
1374685276.0_L1,1374685276.0,L1,ROBUST,0.4416095614433288,ROBUST,idxq4-64_queryq4-64
1374685308.0_L1,1374685308.0,L1,ROBUST,0.4741572141647339,ROBUST,idxq4-64_queryq4-64
1374688000.0_L1,1374688000.0,L1,BACKGROUND,0.0604116506874561,BACKGROUND,idxq4-64_queryq4-64
1374691452.0_L1,1374691452.0,L1,AMBIGUOUS,0.2064874470233917,AMBIGUOUS,idxq4-64_queryq4-64
1374691964.0_H1,1374691964.0,H1,ROBUST,0.3417752087116241,ROBUST,idxq4-64_queryq4-64
1374694460.0_H1,1374694460.0,H1,ROBUST,0.4411660134792328,ROBUST,idxq4-64_queryq4-64
1374700060.0_L1,1374700060.0,L1,ROBUST,0.4189610183238983,ROBUST,idxq4-64_queryq4-64
1374700636.0_H1,1374700636.0,H1,ROBUST,0.3997544348239898,ROBUST,idxq4-64_queryq4-64
1374701500.0_H1,1374701500.0,H1,ROBUST,0.4853598177433014,ROBUST,idxq4-64_queryq4-64
1374701756.0_L1,1374701756.0,L1,ROBUST,0.4242548644542694,ROBUST,idxq4-64_queryq4-64
1374703260.0_L1,1374703260.0,L1,ROBUST,0.4458777606487274,ROBUST,idxq4-64_queryq4-64
1374703548.0_H1,1374703548.0,H1,ROBUST,0.429698497056961,ROBUST,idxq4-64_queryq4-64
1374706396.0_L1,1374706396.0,L1,ROBUST,0.4425380527973175,ROBUST,idxq4-64_queryq4-64
1374707932.0_L1,1374707932.0,L1,ROBUST,0.4080961346626282,ROBUST,idxq4-64_queryq4-64
1374711324.0_L1,1374711324.0,L1,AMBIGUOUS,0.1774023622274398,AMBIGUOUS,idxq4-64_queryq4-64
1374725692.0_L1,1374725692.0,L1,AMBIGUOUS,0.1992336511611938,AMBIGUOUS,idxq4-64_queryq4-64
1374725788.0_L1,1374725788.0,L1,ROBUST,0.4203429818153381,ROBUST,idxq4-64_queryq4-64
1374726044.0_L1,1374726044.0,L1,ROBUST,0.2302274852991104,ROBUST,idxq4-64_queryq4-64
1374726268.0_H1,1374726268.0,H1,ROBUST,0.243875116109848,ROBUST,idxq4-64_queryq4-64
1374726460.0_L1,1374726460.0,L1,BACKGROUND,0.0945964828133583,BACKGROUND,idxq4-64_queryq4-64
1374728476.0_H1,1374728476.0,H1,BACKGROUND,0.1184816360473632,BACKGROUND,idxq4-64_queryq4-64
1374730876.0_L1,1374730876.0,L1,ROBUST,0.4497325420379638,ROBUST,idxq4-64_queryq4-64
1374731068.0_L1,1374731068.0,L1,ROBUST,0.2843502759933471,ROBUST,idxq4-64_queryq4-64
1374733056.0_H1,1374733056.0,H1,ROBUST,0.4198302328586578,ROBUST,idxq4-64_queryq4-64
1374733724.0_H1,1374733724.0,H1,ROBUST,0.4611612260341644,ROBUST,idxq4-64_queryq4-64
1374738684.0_L1,1374738684.0,L1,BACKGROUND,0.0764248073101043,BACKGROUND,idxq4-64_queryq4-64
1374741248.0_L1,1374741248.0,L1,BACKGROUND,0.0512439347803592,BACKGROUND,idxq4-64_queryq4-64
1374742172.0_L1,1374742172.0,L1,BACKGROUND,0.0923775285482406,BACKGROUND,idxq4-64_queryq4-64
1374742908.0_H1,1374742908.0,H1,AMBIGUOUS,0.1371354013681411,AMBIGUOUS,idxq4-64_queryq4-64
1374743580.0_L1,1374743580.0,L1,ROBUST,0.4324943423271179,ROBUST,idxq4-64_queryq4-64
1374744668.0_L1,1374744668.0,L1,ROBUST,0.4437491595745086,ROBUST,idxq4-64_queryq4-64
1374752380.0_H1,1374752380.0,H1,ROBUST,0.4389146864414215,ROBUST,idxq4-64_queryq4-64
1374752732.0_L1,1374752732.0,L1,ROBUST,0.40561044216156,ROBUST,idxq4-64_queryq4-64
1374753212.0_H1,1374753212.0,H1,BACKGROUND,0.1055401191115379,BACKGROUND,idxq4-64_queryq4-64
1374755612.0_H1,1374755612.0,H1,ROBUST,0.4412566423416137,ROBUST,idxq4-64_queryq4-64
1374756764.0_L1,1374756764.0,L1,ROBUST,0.3611672222614288,ROBUST,idxq4-64_queryq4-64
1374761020.0_H1,1374761020.0,H1,ROBUST,0.4289271533489227,ROBUST,idxq4-64_queryq4-64
1374761212.0_H1,1374761212.0,H1,ROBUST,0.4691522419452667,ROBUST,idxq4-64_queryq4-64
1374764380.0_L1,1374764380.0,L1,AMBIGUOUS,0.1849401146173477,AMBIGUOUS,idxq4-64_queryq4-64
1374765340.0_L1,1374765340.0,L1,ROBUST,0.4524113237857818,ROBUST,idxq4-64_queryq4-64
1374765596.0_H1,1374765596.0,H1,AMBIGUOUS,0.1306124776601791,AMBIGUOUS,idxq4-64_queryq4-64
1374766044.0_L1,1374766044.0,L1,ROBUST,0.4355877935886383,ROBUST,idxq4-64_queryq4-64
1374768252.0_H1,1374768252.0,H1,ROBUST,0.4215781986713409,ROBUST,idxq4-64_queryq4-64
1374768444.0_H1,1374768444.0,H1,AMBIGUOUS,0.134128525853157,AMBIGUOUS,idxq4-64_queryq4-64
1374770812.0_L1,1374770812.0,L1,AMBIGUOUS,0.1823276430368423,AMBIGUOUS,idxq4-64_queryq4-64
1374771548.0_L1,1374771548.0,L1,ROBUST,0.4485345780849457,ROBUST,idxq4-64_queryq4-64
1374784636.0_L1,1374784636.0,L1,BACKGROUND,0.1243868172168731,BACKGROUND,idxq4-64_queryq4-64
1374785372.0_L1,1374785372.0,L1,ROBUST,0.4200178980827331,ROBUST,idxq4-64_queryq4-64
1374785532.0_L1,1374785532.0,L1,ROBUST,0.4479710757732391,ROBUST,idxq4-64_queryq4-64
1374786140.0_L1,1374786140.0,L1,ROBUST,0.4958861768245697,ROBUST,idxq4-64_queryq4-64
1374786556.0_L1,1374786556.0,L1,ROBUST,0.4587757587432861,ROBUST,idxq4-64_queryq4-64
1374787900.0_L1,1374787900.0,L1,ROBUST,0.4289740920066833,ROBUST,idxq4-64_queryq4-64
1374791900.0_H1,1374791900.0,H1,BACKGROUND,0.1090693771839141,BACKGROUND,idxq4-64_queryq4-64
1374794300.0_L1,1374794300.0,L1,ROBUST,0.4720945358276367,ROBUST,idxq4-64_queryq4-64
1374796476.0_L1,1374796476.0,L1,ROBUST,0.4436109364032745,ROBUST,idxq4-64_queryq4-64
1374798140.0_L1,1374798140.0,L1,BACKGROUND,0.1057102158665657,BACKGROUND,idxq4-64_queryq4-64
1374798940.0_L1,1374798940.0,L1,ROBUST,0.4990385770797729,ROBUST,idxq4-64_queryq4-64
1374801340.0_H1,1374801340.0,H1,BACKGROUND,0.1170846447348594,BACKGROUND,idxq4-64_queryq4-64
1374801404.0_H1,1374801404.0,H1,BACKGROUND,0.1190843284130096,BACKGROUND,idxq4-64_queryq4-64
1374801564.0_H1,1374801564.0,H1,ROBUST,0.4396869540214538,ROBUST,idxq4-64_queryq4-64
1374802076.0_L1,1374802076.0,L1,ROBUST,0.458242267370224,ROBUST,idxq4-64_queryq4-64
1374807484.0_H1,1374807484.0,H1,BACKGROUND,0.1247845664620399,BACKGROUND,idxq4-64_queryq4-64
1374808156.0_H1,1374808156.0,H1,ROBUST,0.4553764164447784,ROBUST,idxq4-64_queryq4-64
1374808700.0_L1,1374808700.0,L1,BACKGROUND,0.0986780151724815,BACKGROUND,idxq4-64_queryq4-64
1374809244.0_L1,1374809244.0,L1,ROBUST,0.4678370058536529,ROBUST,idxq4-64_queryq4-64
1374812924.0_L1,1374812924.0,L1,ROBUST,0.4613970518112182,ROBUST,idxq4-64_queryq4-64
1374813212.0_H1,1374813212.0,H1,AMBIGUOUS,0.1317396163940429,AMBIGUOUS,idxq4-64_queryq4-64
1374813500.0_L1,1374813500.0,L1,ROBUST,0.4670139849185943,ROBUST,idxq4-64_queryq4-64
1374814876.0_H1,1374814876.0,H1,BACKGROUND,0.118766613304615,BACKGROUND,idxq4-64_queryq4-64
1374815100.0_L1,1374815100.0,L1,ROBUST,0.4393759667873382,ROBUST,idxq4-64_queryq4-64
1374817660.0_L1,1374817660.0,L1,ROBUST,0.4340322017669678,ROBUST,idxq4-64_queryq4-64
1374832700.0_H1,1374832700.0,H1,BACKGROUND,0.1255751848220825,BACKGROUND,idxq4-64_queryq4-64
1374832860.0_L1,1374832860.0,L1,ROBUST,0.4360314905643463,ROBUST,idxq4-64_queryq4-64
1374834300.0_H1,1374834300.0,H1,ROBUST,0.3987486660480499,ROBUST,idxq4-64_queryq4-64
1374877884.0_H1,1374877884.0,H1,ROBUST,0.4178000688552856,ROBUST,idxq4-64_queryq4-64
1374879196.0_L1,1374879196.0,L1,ROBUST,0.2373090088367462,ROBUST,idxq4-64_queryq4-64
1374880604.0_L1,1374880604.0,L1,ROBUST,0.482677012681961,ROBUST,idxq4-64_queryq4-64
1374881980.0_L1,1374881980.0,L1,AMBIGUOUS,0.2066019624471664,AMBIGUOUS,idxq4-64_queryq4-64
1374881980.0_H1,1374881980.0,H1,BACKGROUND,0.12552283704280853,BACKGROUND,idxq4-64_queryq4-64
1374882428.0_L1,1374882428.0,L1,ROBUST,0.4317672550678253,ROBUST,idxq4-64_queryq4-64
1374887068.0_H1,1374887068.0,H1,ROBUST,0.4488306045532226,ROBUST,idxq4-64_queryq4-64
1374887484.0_L1,1374887484.0,L1,ROBUST,0.4123974442481994,ROBUST,idxq4-64_queryq4-64
1374887516.0_L1,1374887516.0,L1,BACKGROUND,0.0899609997868537,BACKGROUND,idxq4-64_queryq4-64
1374887996.0_L1,1374887996.0,L1,BACKGROUND,0.1487342864274978,BACKGROUND,idxq4-64_queryq4-64
1374889756.0_L1,1374889756.0,L1,ROBUST,0.2601395845413208,ROBUST,idxq4-64_queryq4-64
1374889980.0_L1,1374889980.0,L1,ROBUST,0.4123561680316925,ROBUST,idxq4-64_queryq4-64
1374893500.0_L1,1374893500.0,L1,ROBUST,0.4754271805286407,ROBUST,idxq4-64_queryq4-64
1374899196.0_L1,1374899196.0,L1,ROBUST,0.4465339183807373,ROBUST,idxq4-64_queryq4-64
1374902588.0_H1,1374902588.0,H1,BACKGROUND,0.109253242611885,BACKGROUND,idxq4-64_queryq4-64
1374905088.0_L1,1374905088.0,L1,BACKGROUND,0.0596327856183052,BACKGROUND,idxq4-64_queryq4-64
1374906428.0_L1,1374906428.0,L1,ROBUST,0.4027451574802398,ROBUST,idxq4-64_queryq4-64
1374906492.0_H1,1374906492.0,H1,BACKGROUND,0.1085227578878402,BACKGROUND,idxq4-64_queryq4-64
1374906684.0_L1,1374906684.0,L1,AMBIGUOUS,0.1811366081237793,AMBIGUOUS,idxq4-64_queryq4-64
1374907484.0_H1,1374907484.0,H1,ROBUST,0.4358367919921875,ROBUST,idxq4-64_queryq4-64
1374909372.0_L1,1374909372.0,L1,AMBIGUOUS,0.1582092642784118,AMBIGUOUS,idxq4-64_queryq4-64
1374909948.0_H1,1374909948.0,H1,ROBUST,0.4354880750179291,ROBUST,idxq4-64_queryq4-64
1374919548.0_H1,1374919548.0,H1,BACKGROUND,0.1160326674580574,BACKGROUND,idxq4-64_queryq4-64
1374919836.0_H1,1374919836.0,H1,ROBUST,0.4511351883411407,ROBUST,idxq4-64_queryq4-64
1374921436.0_L1,1374921436.0,L1,ROBUST,0.3487266004085541,ROBUST,idxq4-64_queryq4-64
1374963452.0_H1,1374963452.0,H1,ROBUST,0.5625473260879517,ROBUST,idxq4-64_queryq4-64
1374964188.0_L1,1374964188.0,L1,ROBUST,0.4236400425434112,ROBUST,idxq4-64_queryq4-64
1374964444.0_L1,1374964444.0,L1,ROBUST,0.32935631275177,ROBUST,idxq4-64_queryq4-64
1374964604.0_L1,1374964604.0,L1,ROBUST,0.4023831188678741,ROBUST,idxq4-64_queryq4-64
1374965532.0_L1,1374965532.0,L1,ROBUST,0.4256623685359955,ROBUST,idxq4-64_queryq4-64
1374966044.0_H1,1374966044.0,H1,ROBUST,0.2364391386508941,ROBUST,idxq4-64_queryq4-64
1374966908.0_H1,1374966908.0,H1,BACKGROUND,0.0932692065834999,BACKGROUND,idxq4-64_queryq4-64
1374968028.0_H1,1374968028.0,H1,BACKGROUND,0.1140859946608543,BACKGROUND,idxq4-64_queryq4-64
1374968540.0_H1,1374968540.0,H1,AMBIGUOUS,0.1385310292243957,AMBIGUOUS,idxq4-64_queryq4-64
1374974236.0_L1,1374974236.0,L1,ROBUST,0.4137585163116455,ROBUST,idxq4-64_queryq4-64
1374975292.0_H1,1374975292.0,H1,ROBUST,0.4356808960437774,ROBUST,idxq4-64_queryq4-64
1374978588.0_L1,1374978588.0,L1,ROBUST,0.4142575263977051,ROBUST,idxq4-64_queryq4-64
1374979260.0_L1,1374979260.0,L1,BACKGROUND,0.0784339606761932,BACKGROUND,idxq4-64_queryq4-64
1374980028.0_L1,1374980028.0,L1,ROBUST,0.2308712601661682,ROBUST,idxq4-64_queryq4-64
1374980156.0_L1,1374980156.0,L1,BACKGROUND,0.0839521363377571,BACKGROUND,idxq4-64_queryq4-64
1374980828.0_L1,1374980828.0,L1,ROBUST,0.4421647489070892,ROBUST,idxq4-64_queryq4-64
1374981852.0_L1,1374981852.0,L1,ROBUST,0.4494031369686126,ROBUST,idxq4-64_queryq4-64
1374982876.0_L1,1374982876.0,L1,AMBIGUOUS,0.1706538796424865,AMBIGUOUS,idxq4-64_queryq4-64
1374984572.0_H1,1374984572.0,H1,ROBUST,0.4360122680664062,ROBUST,idxq4-64_queryq4-64
1374987008.0_H1,1374987008.0,H1,BACKGROUND,0.0649469420313835,BACKGROUND,idxq4-64_queryq4-64
1374989948.0_H1,1374989948.0,H1,ROBUST,0.4203901588916778,ROBUST,idxq4-64_queryq4-64
1374992156.0_L1,1374992156.0,L1,ROBUST,0.4295780658721924,ROBUST,idxq4-64_queryq4-64
1374992636.0_L1,1374992636.0,L1,ROBUST,0.2374833673238754,ROBUST,idxq4-64_queryq4-64
1375005404.0_L1,1375005404.0,L1,ROBUST,0.4266040921211242,ROBUST,idxq4-64_queryq4-64
1375007004.0_L1,1375007004.0,L1,ROBUST,0.455042153596878,ROBUST,idxq4-64_queryq4-64
1375007868.0_H1,1375007868.0,H1,ROBUST,0.2734390199184418,ROBUST,idxq4-64_queryq4-64
1375074716.0_H1,1375074716.0,H1,ROBUST,0.3842180967330932,ROBUST,idxq4-64_queryq4-64
1375075868.0_L1,1375075868.0,L1,ROBUST,0.2260715812444687,ROBUST,idxq4-64_queryq4-64
1375075900.0_L1,1375075900.0,L1,BACKGROUND,0.1390638351440429,BACKGROUND,idxq4-64_queryq4-64
1375076316.0_L1,1375076316.0,L1,ROBUST,0.4440650939941406,ROBUST,idxq4-64_queryq4-64
1375076412.0_L1,1375076412.0,L1,ROBUST,0.4362335205078125,ROBUST,idxq4-64_queryq4-64
1375081308.0_H1,1375081308.0,H1,ROBUST,0.4964433014392853,ROBUST,idxq4-64_queryq4-64
1375082108.0_L1,1375082108.0,L1,ROBUST,0.4410201609134674,ROBUST,idxq4-64_queryq4-64
1375082684.0_H1,1375082684.0,H1,ROBUST,0.4385526478290558,ROBUST,idxq4-64_queryq4-64
1375084220.0_L1,1375084220.0,L1,ROBUST,0.4395714402198791,ROBUST,idxq4-64_queryq4-64
1375086076.0_L1,1375086076.0,L1,BACKGROUND,0.1336654275655746,BACKGROUND,idxq4-64_queryq4-64
1375090076.0_H1,1375090076.0,H1,ROBUST,0.4300285875797272,ROBUST,idxq4-64_queryq4-64
1375090940.0_H1,1375090940.0,H1,ROBUST,0.4759291410446167,ROBUST,idxq4-64_queryq4-64
1375091420.0_H1,1375091420.0,H1,ROBUST,0.4612268507480621,ROBUST,idxq4-64_queryq4-64
1375091452.0_H1,1375091452.0,H1,ROBUST,0.4261004030704498,ROBUST,idxq4-64_queryq4-64
1375142780.0_L1,1375142780.0,L1,BACKGROUND,0.0811519399285316,BACKGROUND,idxq4-64_queryq4-64
1375143068.0_L1,1375143068.0,L1,ROBUST,0.4778943955898285,ROBUST,idxq4-64_queryq4-64
1375143804.0_L1,1375143804.0,L1,AMBIGUOUS,0.2182849198579788,AMBIGUOUS,idxq4-64_queryq4-64
1375144284.0_L1,1375144284.0,L1,ROBUST,0.4639882147312164,ROBUST,idxq4-64_queryq4-64
1375144508.0_L1,1375144508.0,L1,ROBUST,0.415479302406311,ROBUST,idxq4-64_queryq4-64
1375144892.0_L1,1375144892.0,L1,ROBUST,0.4708356261253357,ROBUST,idxq4-64_queryq4-64
1375151388.0_H1,1375151388.0,H1,ROBUST,0.4833854138851166,ROBUST,idxq4-64_queryq4-64
1375152924.0_L1,1375152924.0,L1,ROBUST,0.4181468486785888,ROBUST,idxq4-64_queryq4-64
1375154588.0_L1,1375154588.0,L1,ROBUST,0.4600766897201538,ROBUST,idxq4-64_queryq4-64
1375156380.0_L1,1375156380.0,L1,ROBUST,0.4404672384262085,ROBUST,idxq4-64_queryq4-64
1375156636.0_L1,1375156636.0,L1,ROBUST,0.4435316026210785,ROBUST,idxq4-64_queryq4-64
1375157244.0_L1,1375157244.0,L1,ROBUST,0.4439912140369415,ROBUST,idxq4-64_queryq4-64
1375160828.0_H1,1375160828.0,H1,AMBIGUOUS,0.1495370417833328,AMBIGUOUS,idxq4-64_queryq4-64
1375162268.0_L1,1375162268.0,L1,ROBUST,0.4241127371788025,ROBUST,idxq4-64_queryq4-64
1375164220.0_L1,1375164220.0,L1,ROBUST,0.3541233241558075,ROBUST,idxq4-64_queryq4-64
1375164380.0_L1,1375164380.0,L1,ROBUST,0.4492548704147339,ROBUST,idxq4-64_queryq4-64
1375165276.0_L1,1375165276.0,L1,ROBUST,0.4277350604534149,ROBUST,idxq4-64_queryq4-64
1375167868.0_L1,1375167868.0,L1,AMBIGUOUS,0.2101736664772033,AMBIGUOUS,idxq4-64_queryq4-64
1375168860.0_H1,1375168860.0,H1,ROBUST,0.4337071180343628,ROBUST,idxq4-64_queryq4-64
1375169180.0_H1,1375169180.0,H1,ROBUST,0.4498942792415619,ROBUST,idxq4-64_queryq4-64
1375172028.0_H1,1375172028.0,H1,ROBUST,0.4290647506713867,ROBUST,idxq4-64_queryq4-64
1375172316.0_L1,1375172316.0,L1,ROBUST,0.4421352446079254,ROBUST,idxq4-64_queryq4-64
1375173628.0_L1,1375173628.0,L1,BACKGROUND,0.1047169864177703,BACKGROUND,idxq4-64_queryq4-64
1375173852.0_H1,1375173852.0,H1,ROBUST,0.4722349047660827,ROBUST,idxq4-64_queryq4-64
1375174364.0_L1,1375174364.0,L1,BACKGROUND,0.0753275454044342,BACKGROUND,idxq4-64_queryq4-64
1375176956.0_H1,1375176956.0,H1,ROBUST,0.4312467575073242,ROBUST,idxq4-64_queryq4-64
1375178492.0_L1,1375178492.0,L1,ROBUST,0.430014044046402,ROBUST,idxq4-64_queryq4-64
1375179356.0_H1,1375179356.0,H1,ROBUST,0.4488151371479034,ROBUST,idxq4-64_queryq4-64
1375215196.0_L1,1375215196.0,L1,ROBUST,0.4219954311847687,ROBUST,idxq4-64_queryq4-64
1375223580.0_H1,1375223580.0,H1,ROBUST,0.4427447021007538,ROBUST,idxq4-64_queryq4-64
1375225564.0_H1,1375225564.0,H1,ROBUST,0.4702670872211456,ROBUST,idxq4-64_queryq4-64
1375225788.0_L1,1375225788.0,L1,ROBUST,0.4213794767856598,ROBUST,idxq4-64_queryq4-64
1375228668.0_L1,1375228668.0,L1,ROBUST,0.430711030960083,ROBUST,idxq4-64_queryq4-64
1375229820.0_L1,1375229820.0,L1,ROBUST,0.4048912525177002,ROBUST,idxq4-64_queryq4-64
1375233788.0_H1,1375233788.0,H1,ROBUST,0.2579505443572998,ROBUST,idxq4-64_queryq4-64
1375235612.0_L1,1375235612.0,L1,ROBUST,0.431072324514389,ROBUST,idxq4-64_queryq4-64
1375239644.0_L1,1375239644.0,L1,ROBUST,0.4495922029018402,ROBUST,idxq4-64_queryq4-64
1375246268.0_L1,1375246268.0,L1,ROBUST,0.4182449281215668,ROBUST,idxq4-64_queryq4-64
1375247772.0_L1,1375247772.0,L1,ROBUST,0.4427497684955597,ROBUST,idxq4-64_queryq4-64
1375247804.0_L1,1375247804.0,L1,ROBUST,0.4378491938114166,ROBUST,idxq4-64_queryq4-64
1375248988.0_H1,1375248988.0,H1,ROBUST,0.4326696991920471,ROBUST,idxq4-64_queryq4-64
1375250044.0_L1,1375250044.0,L1,ROBUST,0.4128964841365814,ROBUST,idxq4-64_queryq4-64
1375250780.0_H1,1375250780.0,H1,ROBUST,0.4524491131305694,ROBUST,idxq4-64_queryq4-64
1375253340.0_H1,1375253340.0,H1,ROBUST,0.4546337127685547,ROBUST,idxq4-64_queryq4-64
1375255580.0_H1,1375255580.0,H1,ROBUST,0.4628709256649017,ROBUST,idxq4-64_queryq4-64
1375260316.0_L1,1375260316.0,L1,ROBUST,0.4438816010951996,ROBUST,idxq4-64_queryq4-64
1375263676.0_L1,1375263676.0,L1,ROBUST,0.4371044635772705,ROBUST,idxq4-64_queryq4-64
1375265820.0_L1,1375265820.0,L1,ROBUST,0.4294145405292511,ROBUST,idxq4-64_queryq4-64
1375266908.0_L1,1375266908.0,L1,ROBUST,0.4440022706985473,ROBUST,idxq4-64_queryq4-64
1375266940.0_L1,1375266940.0,L1,ROBUST,0.4200400710105896,ROBUST,idxq4-64_queryq4-64
1375267804.0_L1,1375267804.0,L1,ROBUST,0.4720255434513092,ROBUST,idxq4-64_queryq4-64
1375276796.0_H1,1375276796.0,H1,ROBUST,0.4536094069480896,ROBUST,idxq4-64_queryq4-64
1375277788.0_H1,1375277788.0,H1,AMBIGUOUS,0.1699187159538269,AMBIGUOUS,idxq4-64_queryq4-64
1375277820.0_H1,1375277820.0,H1,ROBUST,0.2136666923761367,ROBUST,idxq4-64_queryq4-64
1375278588.0_L1,1375278588.0,L1,ROBUST,0.4254487454891205,ROBUST,idxq4-64_queryq4-64
1375278940.0_L1,1375278940.0,L1,AMBIGUOUS,0.1626733392477035,AMBIGUOUS,idxq4-64_queryq4-64
1375279932.0_H1,1375279932.0,H1,ROBUST,0.4170148074626922,ROBUST,idxq4-64_queryq4-64
1375286556.0_L1,1375286556.0,L1,ROBUST,0.4490186870098114,ROBUST,idxq4-64_queryq4-64
1375287452.0_L1,1375287452.0,L1,ROBUST,0.4243356883525848,ROBUST,idxq4-64_queryq4-64
1375291804.0_L1,1375291804.0,L1,ROBUST,0.4263977110385895,ROBUST,idxq4-64_queryq4-64
1375298332.0_L1,1375298332.0,L1,AMBIGUOUS,0.2002139091491699,AMBIGUOUS,idxq4-64_queryq4-64
1375299196.0_L1,1375299196.0,L1,AMBIGUOUS,0.1622575968503952,AMBIGUOUS,idxq4-64_queryq4-64
1375299228.0_L1,1375299228.0,L1,AMBIGUOUS,0.1994789093732834,AMBIGUOUS,idxq4-64_queryq4-64
1375299260.0_L1,1375299260.0,L1,AMBIGUOUS,0.1659955829381942,AMBIGUOUS,idxq4-64_queryq4-64
1375309276.0_L1,1375309276.0,L1,ROBUST,0.4342956840991974,ROBUST,idxq4-64_queryq4-64
1375309372.0_L1,1375309372.0,L1,ROBUST,0.4390462338924408,ROBUST,idxq4-64_queryq4-64
1375312796.0_L1,1375312796.0,L1,ROBUST,0.4629857242107391,ROBUST,idxq4-64_queryq4-64
1375318972.0_L1,1375318972.0,L1,ROBUST,0.426475465297699,ROBUST,idxq4-64_queryq4-64
1375327452.0_L1,1375327452.0,L1,BACKGROUND,0.1458305120468139,BACKGROUND,idxq4-64_queryq4-64
1375329372.0_H1,1375329372.0,H1,ROBUST,0.2599656283855438,ROBUST,idxq4-64_queryq4-64
1375331324.0_L1,1375331324.0,L1,BACKGROUND,0.1088252216577529,BACKGROUND,idxq4-64_queryq4-64
1375332476.0_L1,1375332476.0,L1,ROBUST,0.4580982327461242,ROBUST,idxq4-64_queryq4-64
1375334172.0_H1,1375334172.0,H1,AMBIGUOUS,0.1606332808732986,AMBIGUOUS,idxq4-64_queryq4-64
1375347708.0_H1,1375347708.0,H1,ROBUST,0.4105539917945862,ROBUST,idxq4-64_queryq4-64
1375348476.0_H1,1375348476.0,H1,ROBUST,0.4882167279720306,ROBUST,idxq4-64_queryq4-64
1375388828.0_H1,1375388828.0,H1,ROBUST,0.4537009596824646,ROBUST,idxq4-64_queryq4-64
1375389084.0_H1,1375389084.0,H1,ROBUST,0.4214513003826141,ROBUST,idxq4-64_queryq4-64
1375389436.0_H1,1375389436.0,H1,ROBUST,0.436976283788681,ROBUST,idxq4-64_queryq4-64
1375393308.0_L1,1375393308.0,L1,ROBUST,0.4141060411930084,ROBUST,idxq4-64_queryq4-64
1375477052.0_H1,1375477052.0,H1,AMBIGUOUS,0.1750498116016388,AMBIGUOUS,idxq4-64_queryq4-64
1375477244.0_H1,1375477244.0,H1,ROBUST,0.4548317492008209,ROBUST,idxq4-64_queryq4-64
1375477532.0_L1,1375477532.0,L1,AMBIGUOUS,0.1511444151401519,AMBIGUOUS,idxq4-64_queryq4-64
1375477564.0_L1,1375477564.0,L1,AMBIGUOUS,0.1659488976001739,AMBIGUOUS,idxq4-64_queryq4-64
1375494204.0_L1,1375494204.0,L1,ROBUST,0.4368111193180084,ROBUST,idxq4-64_queryq4-64
1375494236.0_L1,1375494236.0,L1,ROBUST,0.5249050259590149,ROBUST,idxq4-64_queryq4-64
1375495004.0_L1,1375495004.0,L1,ROBUST,0.4168622195720672,ROBUST,idxq4-64_queryq4-64
1375501244.0_L1,1375501244.0,L1,ROBUST,0.4047441184520721,ROBUST,idxq4-64_queryq4-64
1375501852.0_L1,1375501852.0,L1,ROBUST,0.3711424171924591,ROBUST,idxq4-64_queryq4-64
1375502236.0_H1,1375502236.0,H1,ROBUST,0.4429590106010437,ROBUST,idxq4-64_queryq4-64
1375508508.0_L1,1375508508.0,L1,ROBUST,0.4531721472740173,ROBUST,idxq4-64_queryq4-64
1375510236.0_L1,1375510236.0,L1,ROBUST,0.4317829608917236,ROBUST,idxq4-64_queryq4-64
1375510748.0_L1,1375510748.0,L1,BACKGROUND,0.1324717104434967,BACKGROUND,idxq4-64_queryq4-64
1375510780.0_L1,1375510780.0,L1,AMBIGUOUS,0.2045652568340301,AMBIGUOUS,idxq4-64_queryq4-64
1375512860.0_H1,1375512860.0,H1,AMBIGUOUS,0.1692867875099182,AMBIGUOUS,idxq4-64_queryq4-64
1375513020.0_L1,1375513020.0,L1,ROBUST,0.343151330947876,ROBUST,idxq4-64_queryq4-64
1375522204.0_H1,1375522204.0,H1,ROBUST,0.341002494096756,ROBUST,idxq4-64_queryq4-64
1375522524.0_H1,1375522524.0,H1,ROBUST,0.4410357475280761,ROBUST,idxq4-64_queryq4-64
1375523004.0_L1,1375523004.0,L1,ROBUST,0.4514957368373871,ROBUST,idxq4-64_queryq4-64
1375525084.0_L1,1375525084.0,L1,ROBUST,0.3771775066852569,ROBUST,idxq4-64_queryq4-64
1375571580.0_H1,1375571580.0,H1,ROBUST,0.476304829120636,ROBUST,idxq4-64_queryq4-64
1375581532.0_L1,1375581532.0,L1,ROBUST,0.444172203540802,ROBUST,idxq4-64_queryq4-64
1375586044.0_L1,1375586044.0,L1,ROBUST,0.4401338994503021,ROBUST,idxq4-64_queryq4-64
1375586268.0_L1,1375586268.0,L1,ROBUST,0.4375263452529907,ROBUST,idxq4-64_queryq4-64
1375595520.0_H1,1375595520.0,H1,AMBIGUOUS,0.1596556305885315,AMBIGUOUS,idxq4-64_queryq4-64
1375596412.0_L1,1375596412.0,L1,ROBUST,0.4231074154376983,ROBUST,idxq4-64_queryq4-64
1375597660.0_L1,1375597660.0,L1,AMBIGUOUS,0.1759583503007888,AMBIGUOUS,idxq4-64_queryq4-64
1375604124.0_L1,1375604124.0,L1,AMBIGUOUS,0.210978627204895,AMBIGUOUS,idxq4-64_queryq4-64
1375604988.0_L1,1375604988.0,L1,ROBUST,0.2892060875892639,ROBUST,idxq4-64_queryq4-64
1375605660.0_H1,1375605660.0,H1,ROBUST,0.436277836561203,ROBUST,idxq4-64_queryq4-64
1375670748.0_L1,1375670748.0,L1,ROBUST,0.4805955290794372,ROBUST,idxq4-64_queryq4-64
1375671676.0_H1,1375671676.0,H1,AMBIGUOUS,0.1582127958536148,AMBIGUOUS,idxq4-64_queryq4-64
1375673436.0_L1,1375673436.0,L1,AMBIGUOUS,0.1867304146289825,AMBIGUOUS,idxq4-64_queryq4-64
1375678204.0_L1,1375678204.0,L1,ROBUST,0.4425610303878784,ROBUST,idxq4-64_queryq4-64
1375685692.0_L1,1375685692.0,L1,ROBUST,0.4408260881900787,ROBUST,idxq4-64_queryq4-64
1375697148.0_H1,1375697148.0,H1,ROBUST,0.4635974764823913,ROBUST,idxq4-64_queryq4-64
1375697920.0_L1,1375697920.0,L1,BACKGROUND,0.0615264028310775,BACKGROUND,idxq4-64_queryq4-64
1375699996.0_L1,1375699996.0,L1,ROBUST,0.4274478256702423,ROBUST,idxq4-64_queryq4-64
1375700028.0_L1,1375700028.0,L1,ROBUST,0.3461705446243286,ROBUST,idxq4-64_queryq4-64
1375700124.0_L1,1375700124.0,L1,ROBUST,0.4045709371566772,ROBUST,idxq4-64_queryq4-64
1375700188.0_L1,1375700188.0,L1,ROBUST,0.4506043195724487,ROBUST,idxq4-64_queryq4-64
1375700220.0_L1,1375700220.0,L1,ROBUST,0.4151744842529297,ROBUST,idxq4-64_queryq4-64
1375761664.0_L1,1375761664.0,L1,BACKGROUND,0.088991530239582,BACKGROUND,idxq4-64_queryq4-64
1375785820.0_L1,1375785820.0,L1,ROBUST,0.4413435757160187,ROBUST,idxq4-64_queryq4-64
1375786012.0_L1,1375786012.0,L1,ROBUST,0.4203506112098694,ROBUST,idxq4-64_queryq4-64
1375786076.0_L1,1375786076.0,L1,ROBUST,0.491460919380188,ROBUST,idxq4-64_queryq4-64
1375825596.0_L1,1375825596.0,L1,ROBUST,0.4207047820091247,ROBUST,idxq4-64_queryq4-64
1375825628.0_H1,1375825628.0,H1,ROBUST,0.3153631091117859,ROBUST,idxq4-64_queryq4-64
1375826236.0_H1,1375826236.0,H1,ROBUST,0.4263736605644226,ROBUST,idxq4-64_queryq4-64
1375827996.0_H1,1375827996.0,H1,ROBUST,0.2620413601398468,ROBUST,idxq4-64_queryq4-64
1375828732.0_H1,1375828732.0,H1,AMBIGUOUS,0.1735189706087112,AMBIGUOUS,idxq4-64_queryq4-64
1375830268.0_H1,1375830268.0,H1,ROBUST,0.4671514630317688,ROBUST,idxq4-64_queryq4-64
1375832380.0_H1,1375832380.0,H1,ROBUST,0.462652713060379,ROBUST,idxq4-64_queryq4-64
1375832412.0_H1,1375832412.0,H1,ROBUST,0.4520245790481567,ROBUST,idxq4-64_queryq4-64
1375833564.0_L1,1375833564.0,L1,ROBUST,0.3450939059257507,ROBUST,idxq4-64_queryq4-64
1375835392.0_H1,1375835392.0,H1,ROBUST,0.4419286549091339,ROBUST,idxq4-64_queryq4-64
1375839740.0_H1,1375839740.0,H1,ROBUST,0.4138400852680206,ROBUST,idxq4-64_queryq4-64
1375843836.0_H1,1375843836.0,H1,AMBIGUOUS,0.1674344539642334,AMBIGUOUS,idxq4-64_queryq4-64
1375848124.0_H1,1375848124.0,H1,ROBUST,0.4287669360637665,ROBUST,idxq4-64_queryq4-64
1375851036.0_H1,1375851036.0,H1,ROBUST,0.4841434359550476,ROBUST,idxq4-64_queryq4-64
1375853500.0_L1,1375853500.0,L1,ROBUST,0.2293678969144821,ROBUST,idxq4-64_queryq4-64
1375856796.0_H1,1375856796.0,H1,ROBUST,0.4612337350845337,ROBUST,idxq4-64_queryq4-64
1375865020.0_L1,1375865020.0,L1,ROBUST,0.4418941438198089,ROBUST,idxq4-64_queryq4-64
1375873148.0_H1,1375873148.0,H1,AMBIGUOUS,0.1579147577285766,AMBIGUOUS,idxq4-64_queryq4-64
1375875676.0_H1,1375875676.0,H1,ROBUST,0.2885577976703644,ROBUST,idxq4-64_queryq4-64
1375887772.0_L1,1375887772.0,L1,ROBUST,0.4415343105792999,ROBUST,idxq4-64_queryq4-64
1375888572.0_L1,1375888572.0,L1,ROBUST,0.457850843667984,ROBUST,idxq4-64_queryq4-64
1375892572.0_L1,1375892572.0,L1,ROBUST,0.4301183819770813,ROBUST,idxq4-64_queryq4-64
1375900828.0_L1,1375900828.0,L1,ROBUST,0.4748008847236633,ROBUST,idxq4-64_queryq4-64
1375912284.0_L1,1375912284.0,L1,ROBUST,0.4755034744739532,ROBUST,idxq4-64_queryq4-64
1375929532.0_H1,1375929532.0,H1,ROBUST,0.4451312720775604,ROBUST,idxq4-64_queryq4-64
1375929564.0_H1,1375929564.0,H1,ROBUST,0.4676296412944793,ROBUST,idxq4-64_queryq4-64
1375931484.0_L1,1375931484.0,L1,ROBUST,0.4451043307781219,ROBUST,idxq4-64_queryq4-64
1375947580.0_L1,1375947580.0,L1,ROBUST,0.4337494671344757,ROBUST,idxq4-64_queryq4-64
1375948892.0_H1,1375948892.0,H1,ROBUST,0.4426605999469757,ROBUST,idxq4-64_queryq4-64
1375951132.0_L1,1375951132.0,L1,ROBUST,0.4299822151660919,ROBUST,idxq4-64_queryq4-64
1375964156.0_L1,1375964156.0,L1,ROBUST,0.4267674684524536,ROBUST,idxq4-64_queryq4-64
1375965340.0_H1,1375965340.0,H1,AMBIGUOUS,0.1715836077928543,AMBIGUOUS,idxq4-64_queryq4-64
1375967228.0_H1,1375967228.0,H1,ROBUST,0.4206837713718414,ROBUST,idxq4-64_queryq4-64
1375969692.0_H1,1375969692.0,H1,AMBIGUOUS,0.194192349910736,AMBIGUOUS,idxq4-64_queryq4-64
1375972124.0_L1,1375972124.0,L1,ROBUST,0.225746214389801,ROBUST,idxq4-64_queryq4-64
1375973820.0_L1,1375973820.0,L1,ROBUST,0.2307510077953338,ROBUST,idxq4-64_queryq4-64
1375975548.0_L1,1375975548.0,L1,ROBUST,0.4917184710502624,ROBUST,idxq4-64_queryq4-64
1375978780.0_H1,1375978780.0,H1,ROBUST,0.4383942782878876,ROBUST,idxq4-64_queryq4-64
1375979260.0_H1,1375979260.0,H1,ROBUST,0.4448312819004059,ROBUST,idxq4-64_queryq4-64
1375979292.0_H1,1375979292.0,H1,ROBUST,0.4359741806983948,ROBUST,idxq4-64_queryq4-64
1375980508.0_H1,1375980508.0,H1,ROBUST,0.4438754916191101,ROBUST,idxq4-64_queryq4-64
1375997884.0_H1,1375997884.0,H1,ROBUST,0.4241668581962585,ROBUST,idxq4-64_queryq4-64
1375997980.0_L1,1375997980.0,L1,ROBUST,0.4167008399963379,ROBUST,idxq4-64_queryq4-64
1376005436.0_H1,1376005436.0,H1,ROBUST,0.450099378824234,ROBUST,idxq4-64_queryq4-64
1376009500.0_H1,1376009500.0,H1,ROBUST,0.4282908141613006,ROBUST,idxq4-64_queryq4-64
1376010428.0_L1,1376010428.0,L1,ROBUST,0.5051261782646179,ROBUST,idxq4-64_queryq4-64
1376014460.0_L1,1376014460.0,L1,ROBUST,0.4452049732208252,ROBUST,idxq4-64_queryq4-64
1376014492.0_L1,1376014492.0,L1,ROBUST,0.4785369336605072,ROBUST,idxq4-64_queryq4-64
1376015452.0_H1,1376015452.0,H1,ROBUST,0.4505349993705749,ROBUST,idxq4-64_queryq4-64
1376017116.0_L1,1376017116.0,L1,AMBIGUOUS,0.191440463066101,AMBIGUOUS,idxq4-64_queryq4-64
1376022428.0_L1,1376022428.0,L1,ROBUST,0.4977402985095978,ROBUST,idxq4-64_queryq4-64
1376024828.0_H1,1376024828.0,H1,ROBUST,0.4257202446460724,ROBUST,idxq4-64_queryq4-64
1376025180.0_H1,1376025180.0,H1,ROBUST,0.4220717251300812,ROBUST,idxq4-64_queryq4-64
1376026844.0_L1,1376026844.0,L1,ROBUST,0.4407379031181335,ROBUST,idxq4-64_queryq4-64
1376038780.0_H1,1376038780.0,H1,ROBUST,0.4362515807151794,ROBUST,idxq4-64_queryq4-64
1376040924.0_L1,1376040924.0,L1,ROBUST,0.4472920596599579,ROBUST,idxq4-64_queryq4-64
1376040956.0_L1,1376040956.0,L1,ROBUST,0.4861820340156555,ROBUST,idxq4-64_queryq4-64
1376088092.0_H1,1376088092.0,H1,ROBUST,0.4935280382633209,ROBUST,idxq4-64_queryq4-64
1376088124.0_L1,1376088124.0,L1,ROBUST,0.4319826066493988,ROBUST,idxq4-64_queryq4-64
1376099644.0_L1,1376099644.0,L1,ROBUST,0.4357370734214782,ROBUST,idxq4-64_queryq4-64
1376122332.0_H1,1376122332.0,H1,ROBUST,0.2471525818109512,ROBUST,idxq4-64_queryq4-64
1376122716.0_H1,1376122716.0,H1,AMBIGUOUS,0.1597015708684921,AMBIGUOUS,idxq4-64_queryq4-64
1376129884.0_H1,1376129884.0,H1,ROBUST,0.4501239657402038,ROBUST,idxq4-64_queryq4-64
1376200348.0_H1,1376200348.0,H1,ROBUST,0.4344949722290039,ROBUST,idxq4-64_queryq4-64
1376202044.0_H1,1376202044.0,H1,ROBUST,0.2830717265605926,ROBUST,idxq4-64_queryq4-64
1376202492.0_L1,1376202492.0,L1,ROBUST,0.4346578419208526,ROBUST,idxq4-64_queryq4-64
1376205500.0_L1,1376205500.0,L1,BACKGROUND,0.1257242113351822,BACKGROUND,idxq4-64_queryq4-64
1376205788.0_H1,1376205788.0,H1,ROBUST,0.4361349046230316,ROBUST,idxq4-64_queryq4-64
1376210812.0_H1,1376210812.0,H1,ROBUST,0.4204648435115814,ROBUST,idxq4-64_queryq4-64
1376211228.0_L1,1376211228.0,L1,AMBIGUOUS,0.1622709333896637,AMBIGUOUS,idxq4-64_queryq4-64
1376213116.0_L1,1376213116.0,L1,ROBUST,0.3285211622714996,ROBUST,idxq4-64_queryq4-64
1376214076.0_L1,1376214076.0,L1,ROBUST,0.4392894804477691,ROBUST,idxq4-64_queryq4-64
1376221084.0_H1,1376221084.0,H1,AMBIGUOUS,0.1432015001773834,AMBIGUOUS,idxq4-64_queryq4-64
1376221244.0_L1,1376221244.0,L1,ROBUST,0.4188405275344848,ROBUST,idxq4-64_queryq4-64
1376233212.0_H1,1376233212.0,H1,ROBUST,0.3896114826202392,ROBUST,idxq4-64_queryq4-64
1376235836.0_L1,1376235836.0,L1,AMBIGUOUS,0.1646136492490768,AMBIGUOUS,idxq4-64_queryq4-64
1376236508.0_L1,1376236508.0,L1,ROBUST,0.4285938739776611,ROBUST,idxq4-64_queryq4-64
1376236540.0_L1,1376236540.0,L1,ROBUST,0.4193773865699768,ROBUST,idxq4-64_queryq4-64
1376237532.0_L1,1376237532.0,L1,ROBUST,0.4211309850215912,ROBUST,idxq4-64_queryq4-64
1376237596.0_L1,1376237596.0,L1,ROBUST,0.5319273471832275,ROBUST,idxq4-64_queryq4-64
1376237692.0_L1,1376237692.0,L1,ROBUST,0.5089106559753418,ROBUST,idxq4-64_queryq4-64
1376241820.0_H1,1376241820.0,H1,ROBUST,0.4002085030078888,ROBUST,idxq4-64_queryq4-64
1376242236.0_H1,1376242236.0,H1,ROBUST,0.4157622158527374,ROBUST,idxq4-64_queryq4-64
1376242716.0_L1,1376242716.0,L1,ROBUST,0.4290318489074707,ROBUST,idxq4-64_queryq4-64
1376243200.0_L1,1376243200.0,L1,BACKGROUND,0.0671171993017196,BACKGROUND,idxq4-64_queryq4-64
1376243676.0_L1,1376243676.0,L1,ROBUST,0.4460275769233703,ROBUST,idxq4-64_queryq4-64
1376245596.0_H1,1376245596.0,H1,ROBUST,0.4982775449752807,ROBUST,idxq4-64_queryq4-64
1376246588.0_H1,1376246588.0,H1,ROBUST,0.4077095091342926,ROBUST,idxq4-64_queryq4-64
1376272476.0_H1,1376272476.0,H1,ROBUST,0.404627114534378,ROBUST,idxq4-64_queryq4-64
1376273596.0_L1,1376273596.0,L1,ROBUST,0.4341171085834503,ROBUST,idxq4-64_queryq4-64
1376288284.0_H1,1376288284.0,H1,ROBUST,0.4218528568744659,ROBUST,idxq4-64_queryq4-64
1376289404.0_H1,1376289404.0,H1,ROBUST,0.4513724744319916,ROBUST,idxq4-64_queryq4-64
1376291004.0_H1,1376291004.0,H1,BACKGROUND,0.1068134903907775,BACKGROUND,idxq4-64_queryq4-64
1376292860.0_H1,1376292860.0,H1,BACKGROUND,0.1163711845874786,BACKGROUND,idxq4-64_queryq4-64
1376293116.0_L1,1376293116.0,L1,ROBUST,0.4392842352390289,ROBUST,idxq4-64_queryq4-64
1376293212.0_L1,1376293212.0,L1,AMBIGUOUS,0.171874463558197,AMBIGUOUS,idxq4-64_queryq4-64
1376294332.0_H1,1376294332.0,H1,ROBUST,0.423700213432312,ROBUST,idxq4-64_queryq4-64
1376295260.0_H1,1376295260.0,H1,ROBUST,0.4012286067008972,ROBUST,idxq4-64_queryq4-64
1376297916.0_H1,1376297916.0,H1,BACKGROUND,0.1287303864955902,BACKGROUND,idxq4-64_queryq4-64
1376298460.0_H1,1376298460.0,H1,BACKGROUND,0.1017000153660774,BACKGROUND,idxq4-64_queryq4-64
1376299772.0_H1,1376299772.0,H1,ROBUST,0.2532171010971069,ROBUST,idxq4-64_queryq4-64
1376300604.0_L1,1376300604.0,L1,ROBUST,0.4271395206451416,ROBUST,idxq4-64_queryq4-64
1376302364.0_H1,1376302364.0,H1,ROBUST,0.5017825961112976,ROBUST,idxq4-64_queryq4-64
1376303068.0_H1,1376303068.0,H1,ROBUST,0.4192429184913635,ROBUST,idxq4-64_queryq4-64
1376305788.0_H1,1376305788.0,H1,BACKGROUND,0.1285118162631988,BACKGROUND,idxq4-64_queryq4-64
1376309276.0_H1,1376309276.0,H1,BACKGROUND,0.0964792072772979,BACKGROUND,idxq4-64_queryq4-64
1376313148.0_H1,1376313148.0,H1,ROBUST,0.4001061022281647,ROBUST,idxq4-64_queryq4-64
1376313212.0_L1,1376313212.0,L1,AMBIGUOUS,0.2186657637357711,AMBIGUOUS,idxq4-64_queryq4-64
1376314780.0_H1,1376314780.0,H1,BACKGROUND,0.0919633358716964,BACKGROUND,idxq4-64_queryq4-64
1376316928.0_H1,1376316928.0,H1,BACKGROUND,0.063878133893013,BACKGROUND,idxq4-64_queryq4-64
1376317276.0_H1,1376317276.0,H1,BACKGROUND,0.0968288034200668,BACKGROUND,idxq4-64_queryq4-64
1376318236.0_H1,1376318236.0,H1,BACKGROUND,0.0803687423467636,BACKGROUND,idxq4-64_queryq4-64
1376319772.0_H1,1376319772.0,H1,AMBIGUOUS,0.1315663903951645,AMBIGUOUS,idxq4-64_queryq4-64
1376321500.0_H1,1376321500.0,H1,BACKGROUND,0.0931070521473884,BACKGROUND,idxq4-64_queryq4-64
1376322172.0_H1,1376322172.0,H1,BACKGROUND,0.0863498523831367,BACKGROUND,idxq4-64_queryq4-64
1376322556.0_H1,1376322556.0,H1,ROBUST,0.4473099112510681,ROBUST,idxq4-64_queryq4-64
1376322940.0_H1,1376322940.0,H1,ROBUST,0.442986249923706,ROBUST,idxq4-64_queryq4-64
1376323260.0_L1,1376323260.0,L1,ROBUST,0.43739914894104,ROBUST,idxq4-64_queryq4-64
1376324764.0_L1,1376324764.0,L1,ROBUST,0.4368471205234527,ROBUST,idxq4-64_queryq4-64
1376326492.0_H1,1376326492.0,H1,BACKGROUND,0.0830328166484832,BACKGROUND,idxq4-64_queryq4-64
1376326844.0_H1,1376326844.0,H1,AMBIGUOUS,0.1644933968782425,AMBIGUOUS,idxq4-64_queryq4-64
1376327228.0_H1,1376327228.0,H1,ROBUST,0.4296259582042694,ROBUST,idxq4-64_queryq4-64
1376327548.0_L1,1376327548.0,L1,ROBUST,0.3542389571666717,ROBUST,idxq4-64_queryq4-64
1376327580.0_L1,1376327580.0,L1,ROBUST,0.4382321238517761,ROBUST,idxq4-64_queryq4-64
1376327644.0_L1,1376327644.0,L1,ROBUST,0.4828037917613983,ROBUST,idxq4-64_queryq4-64
1376341340.0_H1,1376341340.0,H1,BACKGROUND,0.0885591059923172,BACKGROUND,idxq4-64_queryq4-64
1376349372.0_L1,1376349372.0,L1,ROBUST,0.4036666452884674,ROBUST,idxq4-64_queryq4-64
1376349788.0_H1,1376349788.0,H1,ROBUST,0.4241480529308319,ROBUST,idxq4-64_queryq4-64
1376352636.0_H1,1376352636.0,H1,BACKGROUND,0.1183069720864296,BACKGROUND,idxq4-64_queryq4-64
1376352668.0_H1,1376352668.0,H1,ROBUST,0.4675310850143432,ROBUST,idxq4-64_queryq4-64
1376353308.0_L1,1376353308.0,L1,ROBUST,0.4352362751960754,ROBUST,idxq4-64_queryq4-64
1376354748.0_L1,1376354748.0,L1,ROBUST,0.4108093082904815,ROBUST,idxq4-64_queryq4-64
1376355164.0_H1,1376355164.0,H1,BACKGROUND,0.0940345004200935,BACKGROUND,idxq4-64_queryq4-64
1376357756.0_L1,1376357756.0,L1,ROBUST,0.4251798391342163,ROBUST,idxq4-64_queryq4-64
1376357852.0_L1,1376357852.0,L1,AMBIGUOUS,0.2141103148460388,AMBIGUOUS,idxq4-64_queryq4-64
1376357852.0_H1,1376357852.0,H1,ROBUST,0.2671179473400116,ROBUST,idxq4-64_queryq4-64
1376361020.0_H1,1376361020.0,H1,ROBUST,0.2106214165687561,ROBUST,idxq4-64_queryq4-64
1376361180.0_L1,1376361180.0,L1,ROBUST,0.4309328198432922,ROBUST,idxq4-64_queryq4-64
1376364444.0_H1,1376364444.0,H1,ROBUST,0.4459925293922424,ROBUST,idxq4-64_queryq4-64
1376365340.0_H1,1376365340.0,H1,ROBUST,0.4552735090255737,ROBUST,idxq4-64_queryq4-64
1376368252.0_L1,1376368252.0,L1,ROBUST,0.2652058005332947,ROBUST,idxq4-64_queryq4-64
1376368348.0_H1,1376368348.0,H1,ROBUST,0.4094115793704986,ROBUST,idxq4-64_queryq4-64
1376368860.0_L1,1376368860.0,L1,ROBUST,0.4178431332111358,ROBUST,idxq4-64_queryq4-64
1376371388.0_H1,1376371388.0,H1,ROBUST,0.4291781187057495,ROBUST,idxq4-64_queryq4-64
1376373116.0_H1,1376373116.0,H1,ROBUST,0.4404741823673248,ROBUST,idxq4-64_queryq4-64
1376374524.0_L1,1376374524.0,L1,ROBUST,0.4695484340190887,ROBUST,idxq4-64_queryq4-64
1376375484.0_H1,1376375484.0,H1,ROBUST,0.433068037033081,ROBUST,idxq4-64_queryq4-64
1376376636.0_H1,1376376636.0,H1,BACKGROUND,0.0861719995737075,BACKGROUND,idxq4-64_queryq4-64
1376376892.0_L1,1376376892.0,L1,ROBUST,0.438642293214798,ROBUST,idxq4-64_queryq4-64
1376380156.0_L1,1376380156.0,L1,ROBUST,0.2241264730691909,ROBUST,idxq4-64_queryq4-64
1376382428.0_H1,1376382428.0,H1,ROBUST,0.2258668094873428,ROBUST,idxq4-64_queryq4-64
1376385052.0_H1,1376385052.0,H1,ROBUST,0.3059658110141754,ROBUST,idxq4-64_queryq4-64
1376386524.0_H1,1376386524.0,H1,ROBUST,0.2388064414262771,ROBUST,idxq4-64_queryq4-64
1376387804.0_H1,1376387804.0,H1,BACKGROUND,0.0800474733114242,BACKGROUND,idxq4-64_queryq4-64
1376390140.0_H1,1376390140.0,H1,ROBUST,0.4479333162307739,ROBUST,idxq4-64_queryq4-64
1376395388.0_H1,1376395388.0,H1,ROBUST,0.4261888563632965,ROBUST,idxq4-64_queryq4-64
1376399868.0_L1,1376399868.0,L1,ROBUST,0.4494336545467376,ROBUST,idxq4-64_queryq4-64
1376399964.0_H1,1376399964.0,H1,ROBUST,0.4329477548599243,ROBUST,idxq4-64_queryq4-64
1376402396.0_L1,1376402396.0,L1,ROBUST,0.4193775951862335,ROBUST,idxq4-64_queryq4-64
1376403612.0_H1,1376403612.0,H1,BACKGROUND,0.1260288804769516,BACKGROUND,idxq4-64_queryq4-64
1376406716.0_H1,1376406716.0,H1,ROBUST,0.4508914947509765,ROBUST,idxq4-64_queryq4-64
1376408444.0_H1,1376408444.0,H1,AMBIGUOUS,0.1858786940574646,AMBIGUOUS,idxq4-64_queryq4-64
1376412284.0_H1,1376412284.0,H1,BACKGROUND,0.089145541191101,BACKGROUND,idxq4-64_queryq4-64
1376412444.0_H1,1376412444.0,H1,ROBUST,0.4102865159511566,ROBUST,idxq4-64_queryq4-64
1376414524.0_H1,1376414524.0,H1,ROBUST,0.4347358644008636,ROBUST,idxq4-64_queryq4-64
1376414716.0_L1,1376414716.0,L1,ROBUST,0.4489542543888092,ROBUST,idxq4-64_queryq4-64
1376414716.0_H1,1376414716.0,H1,BACKGROUND,0.10159260034561157,BACKGROUND,idxq4-64_queryq4-64
1376423676.0_H1,1376423676.0,H1,ROBUST,0.4257498979568481,ROBUST,idxq4-64_queryq4-64
1376423740.0_H1,1376423740.0,H1,ROBUST,0.4503162205219269,ROBUST,idxq4-64_queryq4-64
1376424060.0_L1,1376424060.0,L1,ROBUST,0.4312154352664947,ROBUST,idxq4-64_queryq4-64
1376425308.0_H1,1376425308.0,H1,ROBUST,0.4201271831989288,ROBUST,idxq4-64_queryq4-64
1376425692.0_H1,1376425692.0,H1,BACKGROUND,0.0973680317401886,BACKGROUND,idxq4-64_queryq4-64
1376426332.0_L1,1376426332.0,L1,ROBUST,0.4517500698566437,ROBUST,idxq4-64_queryq4-64
1376438300.0_L1,1376438300.0,L1,AMBIGUOUS,0.2104567140340805,AMBIGUOUS,idxq4-64_queryq4-64
1376438588.0_L1,1376438588.0,L1,AMBIGUOUS,0.178881898522377,AMBIGUOUS,idxq4-64_queryq4-64
1376438684.0_L1,1376438684.0,L1,ROBUST,0.4545530676841736,ROBUST,idxq4-64_queryq4-64
1376441276.0_H1,1376441276.0,H1,ROBUST,0.4563353359699249,ROBUST,idxq4-64_queryq4-64
1376442108.0_H1,1376442108.0,H1,ROBUST,0.4056592881679535,ROBUST,idxq4-64_queryq4-64
1376442236.0_L1,1376442236.0,L1,ROBUST,0.3670594990253448,ROBUST,idxq4-64_queryq4-64
1376444604.0_L1,1376444604.0,L1,ROBUST,0.4928716123104095,ROBUST,idxq4-64_queryq4-64
1376444796.0_H1,1376444796.0,H1,BACKGROUND,0.1175406128168106,BACKGROUND,idxq4-64_queryq4-64
1376447292.0_L1,1376447292.0,L1,ROBUST,0.4362536072731018,ROBUST,idxq4-64_queryq4-64
1376448124.0_H1,1376448124.0,H1,BACKGROUND,0.0887042209506034,BACKGROUND,idxq4-64_queryq4-64
1376448508.0_L1,1376448508.0,L1,ROBUST,0.4114490449428558,ROBUST,idxq4-64_queryq4-64
1376448540.0_L1,1376448540.0,L1,ROBUST,0.4498575627803802,ROBUST,idxq4-64_queryq4-64
1376451036.0_H1,1376451036.0,H1,BACKGROUND,0.1002803519368171,BACKGROUND,idxq4-64_queryq4-64
1376454108.0_H1,1376454108.0,H1,BACKGROUND,0.0780658274888992,BACKGROUND,idxq4-64_queryq4-64
1376454396.0_H1,1376454396.0,H1,ROBUST,0.4341928660869598,ROBUST,idxq4-64_queryq4-64
1376459932.0_H1,1376459932.0,H1,ROBUST,0.424788236618042,ROBUST,idxq4-64_queryq4-64
1376460092.0_L1,1376460092.0,L1,ROBUST,0.4477359652519226,ROBUST,idxq4-64_queryq4-64
1376467676.0_H1,1376467676.0,H1,ROBUST,0.4185013473033905,ROBUST,idxq4-64_queryq4-64
1376468316.0_H1,1376468316.0,H1,BACKGROUND,0.1125985458493232,BACKGROUND,idxq4-64_queryq4-64
1376468828.0_L1,1376468828.0,L1,ROBUST,0.433708518743515,ROBUST,idxq4-64_queryq4-64
1376468860.0_L1,1376468860.0,L1,ROBUST,0.4096299409866333,ROBUST,idxq4-64_queryq4-64
1376476988.0_H1,1376476988.0,H1,ROBUST,0.4340764880180359,ROBUST,idxq4-64_queryq4-64
1376482652.0_H1,1376482652.0,H1,ROBUST,0.5016737580299377,ROBUST,idxq4-64_queryq4-64
1376483996.0_H1,1376483996.0,H1,AMBIGUOUS,0.1764846295118332,AMBIGUOUS,idxq4-64_queryq4-64
1376487996.0_H1,1376487996.0,H1,ROBUST,0.4302525520324707,ROBUST,idxq4-64_queryq4-64
1376489724.0_H1,1376489724.0,H1,AMBIGUOUS,0.1740618050098419,AMBIGUOUS,idxq4-64_queryq4-64
1376505180.0_L1,1376505180.0,L1,ROBUST,0.4581942558288574,ROBUST,idxq4-64_queryq4-64
1376505468.0_H1,1376505468.0,H1,ROBUST,0.4483718276023865,ROBUST,idxq4-64_queryq4-64
1376506844.0_L1,1376506844.0,L1,ROBUST,0.3985144197940826,ROBUST,idxq4-64_queryq4-64
1376507516.0_H1,1376507516.0,H1,AMBIGUOUS,0.1413928270339965,AMBIGUOUS,idxq4-64_queryq4-64
1376512860.0_H1,1376512860.0,H1,AMBIGUOUS,0.1361991614103317,AMBIGUOUS,idxq4-64_queryq4-64
1376513596.0_L1,1376513596.0,L1,ROBUST,0.2689141035079956,ROBUST,idxq4-64_queryq4-64
1376518268.0_L1,1376518268.0,L1,ROBUST,0.4276378154754638,ROBUST,idxq4-64_queryq4-64
1376540732.0_H1,1376540732.0,H1,BACKGROUND,0.0789808705449104,BACKGROUND,idxq4-64_queryq4-64
1376541052.0_H1,1376541052.0,H1,ROBUST,0.436276376247406,ROBUST,idxq4-64_queryq4-64
1376543644.0_H1,1376543644.0,H1,ROBUST,0.4897364974021911,ROBUST,idxq4-64_queryq4-64
1376543836.0_H1,1376543836.0,H1,BACKGROUND,0.0991203933954238,BACKGROUND,idxq4-64_queryq4-64
1376543900.0_H1,1376543900.0,H1,AMBIGUOUS,0.1657974272966385,AMBIGUOUS,idxq4-64_queryq4-64
1376545820.0_H1,1376545820.0,H1,ROBUST,0.4781690537929535,ROBUST,idxq4-64_queryq4-64
1376546268.0_H1,1376546268.0,H1,AMBIGUOUS,0.1934657990932464,AMBIGUOUS,idxq4-64_queryq4-64
1376562556.0_H1,1376562556.0,H1,ROBUST,0.4344178438186645,ROBUST,idxq4-64_queryq4-64
1376563740.0_H1,1376563740.0,H1,ROBUST,0.4257128834724426,ROBUST,idxq4-64_queryq4-64
1376564860.0_H1,1376564860.0,H1,ROBUST,0.4120305478572845,ROBUST,idxq4-64_queryq4-64
1376566204.0_H1,1376566204.0,H1,ROBUST,0.4320368766784668,ROBUST,idxq4-64_queryq4-64
1376568764.0_H1,1376568764.0,H1,ROBUST,0.4302325546741485,ROBUST,idxq4-64_queryq4-64
1376572156.0_H1,1376572156.0,H1,BACKGROUND,0.1224125698208808,BACKGROUND,idxq4-64_queryq4-64
1376573724.0_H1,1376573724.0,H1,ROBUST,0.4096488058567047,ROBUST,idxq4-64_queryq4-64
1376575164.0_H1,1376575164.0,H1,ROBUST,0.467613160610199,ROBUST,idxq4-64_queryq4-64
1376577532.0_H1,1376577532.0,H1,ROBUST,0.4797036945819855,ROBUST,idxq4-64_queryq4-64
1376581628.0_H1,1376581628.0,H1,ROBUST,0.458420991897583,ROBUST,idxq4-64_queryq4-64
1376582108.0_H1,1376582108.0,H1,BACKGROUND,0.1035790741443634,BACKGROUND,idxq4-64_queryq4-64
1376587644.0_H1,1376587644.0,H1,BACKGROUND,0.103908285498619,BACKGROUND,idxq4-64_queryq4-64
1376591360.0_H1,1376591360.0,H1,BACKGROUND,0.0702515617012977,BACKGROUND,idxq4-64_queryq4-64
1376592316.0_L1,1376592316.0,L1,ROBUST,0.4479264616966247,ROBUST,idxq4-64_queryq4-64
1376592444.0_L1,1376592444.0,L1,ROBUST,0.439082533121109,ROBUST,idxq4-64_queryq4-64
1376594012.0_L1,1376594012.0,L1,AMBIGUOUS,0.2043793350458145,AMBIGUOUS,idxq4-64_queryq4-64
1376612284.0_H1,1376612284.0,H1,ROBUST,0.4241517186164856,ROBUST,idxq4-64_queryq4-64
1376612764.0_L1,1376612764.0,L1,ROBUST,0.4146621525287628,ROBUST,idxq4-64_queryq4-64
1376614748.0_L1,1376614748.0,L1,ROBUST,0.4475135207176208,ROBUST,idxq4-64_queryq4-64
1376614940.0_H1,1376614940.0,H1,ROBUST,0.3352716565132141,ROBUST,idxq4-64_queryq4-64
1376615676.0_L1,1376615676.0,L1,ROBUST,0.4395875930786133,ROBUST,idxq4-64_queryq4-64
1376620060.0_H1,1376620060.0,H1,ROBUST,0.4284761548042297,ROBUST,idxq4-64_queryq4-64
1376621116.0_H1,1376621116.0,H1,BACKGROUND,0.0819898918271064,BACKGROUND,idxq4-64_queryq4-64
1376628284.0_H1,1376628284.0,H1,ROBUST,0.4511892199516296,ROBUST,idxq4-64_queryq4-64
1376629244.0_L1,1376629244.0,L1,ROBUST,0.439393937587738,ROBUST,idxq4-64_queryq4-64
1376629340.0_H1,1376629340.0,H1,AMBIGUOUS,0.1444519460201263,AMBIGUOUS,idxq4-64_queryq4-64
1376629596.0_H1,1376629596.0,H1,ROBUST,0.4841695129871368,ROBUST,idxq4-64_queryq4-64
1376631836.0_H1,1376631836.0,H1,BACKGROUND,0.111176922917366,BACKGROUND,idxq4-64_queryq4-64
1376635420.0_L1,1376635420.0,L1,ROBUST,0.4334199726581573,ROBUST,idxq4-64_queryq4-64
1376641692.0_L1,1376641692.0,L1,ROBUST,0.4404469728469848,ROBUST,idxq4-64_queryq4-64
1376642268.0_H1,1376642268.0,H1,ROBUST,0.3852895200252533,ROBUST,idxq4-64_queryq4-64
1376646076.0_L1,1376646076.0,L1,ROBUST,0.4474759697914123,ROBUST,idxq4-64_queryq4-64
1376651260.0_H1,1376651260.0,H1,ROBUST,0.4334373474121094,ROBUST,idxq4-64_queryq4-64
1376651932.0_L1,1376651932.0,L1,ROBUST,0.4511660933494568,ROBUST,idxq4-64_queryq4-64
1376655644.0_H1,1376655644.0,H1,BACKGROUND,0.0854831784963607,BACKGROUND,idxq4-64_queryq4-64
1376657148.0_H1,1376657148.0,H1,AMBIGUOUS,0.141794741153717,AMBIGUOUS,idxq4-64_queryq4-64
1376657884.0_L1,1376657884.0,L1,ROBUST,0.4503536224365234,ROBUST,idxq4-64_queryq4-64
1376659324.0_L1,1376659324.0,L1,ROBUST,0.4654331803321838,ROBUST,idxq4-64_queryq4-64
1376661756.0_H1,1376661756.0,H1,BACKGROUND,0.0779317319393158,BACKGROUND,idxq4-64_queryq4-64
1376662012.0_L1,1376662012.0,L1,BACKGROUND,0.1001539230346679,BACKGROUND,idxq4-64_queryq4-64
1376664892.0_L1,1376664892.0,L1,ROBUST,0.3370745480060577,ROBUST,idxq4-64_queryq4-64
1376668860.0_H1,1376668860.0,H1,AMBIGUOUS,0.1427900046110153,AMBIGUOUS,idxq4-64_queryq4-64
1376669244.0_H1,1376669244.0,H1,ROBUST,0.4337561428546905,ROBUST,idxq4-64_queryq4-64
1376669308.0_H1,1376669308.0,H1,ROBUST,0.4438394010066986,ROBUST,idxq4-64_queryq4-64
1376673280.0_H1,1376673280.0,H1,BACKGROUND,0.0936397537589073,BACKGROUND,idxq4-64_queryq4-64
1376675196.0_L1,1376675196.0,L1,ROBUST,0.3664574325084686,ROBUST,idxq4-64_queryq4-64
1376677020.0_L1,1376677020.0,L1,ROBUST,0.4467155635356903,ROBUST,idxq4-64_queryq4-64
1376677468.0_H1,1376677468.0,H1,ROBUST,0.420443594455719,ROBUST,idxq4-64_queryq4-64
1376683804.0_L1,1376683804.0,L1,AMBIGUOUS,0.1544322520494461,AMBIGUOUS,idxq4-64_queryq4-64
1376683836.0_L1,1376683836.0,L1,AMBIGUOUS,0.1893218010663986,AMBIGUOUS,idxq4-64_queryq4-64
1376685308.0_L1,1376685308.0,L1,AMBIGUOUS,0.1534102112054824,AMBIGUOUS,idxq4-64_queryq4-64
1376685628.0_L1,1376685628.0,L1,AMBIGUOUS,0.1653666794300079,AMBIGUOUS,idxq4-64_queryq4-64
1376687580.0_L1,1376687580.0,L1,ROBUST,0.4081922471523285,ROBUST,idxq4-64_queryq4-64
1376687740.0_H1,1376687740.0,H1,ROBUST,0.4196000099182129,ROBUST,idxq4-64_queryq4-64
1376688188.0_H1,1376688188.0,H1,ROBUST,0.4235053658485412,ROBUST,idxq4-64_queryq4-64
1376688284.0_H1,1376688284.0,H1,BACKGROUND,0.0918900147080421,BACKGROUND,idxq4-64_queryq4-64
1376689244.0_L1,1376689244.0,L1,ROBUST,0.4478968977928161,ROBUST,idxq4-64_queryq4-64
1376691388.0_L1,1376691388.0,L1,ROBUST,0.4361388385295868,ROBUST,idxq4-64_queryq4-64
1376692220.0_H1,1376692220.0,H1,BACKGROUND,0.0849021822214126,BACKGROUND,idxq4-64_queryq4-64
1376693020.0_L1,1376693020.0,L1,AMBIGUOUS,0.1599038988351822,AMBIGUOUS,idxq4-64_queryq4-64
1376693596.0_L1,1376693596.0,L1,ROBUST,0.2240564674139022,ROBUST,idxq4-64_queryq4-64
1376699644.0_L1,1376699644.0,L1,BACKGROUND,0.1149147674441337,BACKGROUND,idxq4-64_queryq4-64
1376700412.0_H1,1376700412.0,H1,ROBUST,0.4367110431194305,ROBUST,idxq4-64_queryq4-64
1376702044.0_L1,1376702044.0,L1,ROBUST,0.4528692960739136,ROBUST,idxq4-64_queryq4-64
1376703004.0_H1,1376703004.0,H1,BACKGROUND,0.1000083833932876,BACKGROUND,idxq4-64_queryq4-64
1376704156.0_H1,1376704156.0,H1,ROBUST,0.4239078462123871,ROBUST,idxq4-64_queryq4-64
1376705116.0_H1,1376705116.0,H1,ROBUST,0.4437790215015411,ROBUST,idxq4-64_queryq4-64
1376705564.0_L1,1376705564.0,L1,BACKGROUND,0.1148576736450195,BACKGROUND,idxq4-64_queryq4-64
1376708572.0_L1,1376708572.0,L1,ROBUST,0.4150047302246094,ROBUST,idxq4-64_queryq4-64
1376709564.0_L1,1376709564.0,L1,BACKGROUND,0.1363355368375778,BACKGROUND,idxq4-64_queryq4-64
1376712028.0_H1,1376712028.0,H1,BACKGROUND,0.0776400938630104,BACKGROUND,idxq4-64_queryq4-64
1376712348.0_L1,1376712348.0,L1,BACKGROUND,0.1424522697925567,BACKGROUND,idxq4-64_queryq4-64
1376713788.0_H1,1376713788.0,H1,ROBUST,0.4524621367454529,ROBUST,idxq4-64_queryq4-64
1376714044.0_H1,1376714044.0,H1,ROBUST,0.2223028540611267,ROBUST,idxq4-64_queryq4-64
1376715004.0_H1,1376715004.0,H1,ROBUST,0.4039928913116455,ROBUST,idxq4-64_queryq4-64
1376715676.0_H1,1376715676.0,H1,ROBUST,0.4357809722423553,ROBUST,idxq4-64_queryq4-64
1376716124.0_H1,1376716124.0,H1,ROBUST,0.4351179897785187,ROBUST,idxq4-64_queryq4-64
1376717020.0_H1,1376717020.0,H1,ROBUST,0.41338711977005,ROBUST,idxq4-64_queryq4-64
1376718492.0_L1,1376718492.0,L1,ROBUST,0.4278195798397064,ROBUST,idxq4-64_queryq4-64
1376719836.0_L1,1376719836.0,L1,ROBUST,0.4147075712680816,ROBUST,idxq4-64_queryq4-64
1376719868.0_H1,1376719868.0,H1,BACKGROUND,0.0838665515184402,BACKGROUND,idxq4-64_queryq4-64
1376720124.0_L1,1376720124.0,L1,ROBUST,0.4336729645729065,ROBUST,idxq4-64_queryq4-64
1376720284.0_L1,1376720284.0,L1,BACKGROUND,0.1131611466407775,BACKGROUND,idxq4-64_queryq4-64
1376722076.0_H1,1376722076.0,H1,BACKGROUND,0.1226673424243927,BACKGROUND,idxq4-64_queryq4-64
1376724060.0_L1,1376724060.0,L1,ROBUST,0.4084645807743072,ROBUST,idxq4-64_queryq4-64
1376724508.0_H1,1376724508.0,H1,ROBUST,0.4384941458702087,ROBUST,idxq4-64_queryq4-64
1376724572.0_L1,1376724572.0,L1,BACKGROUND,0.0801964774727821,BACKGROUND,idxq4-64_queryq4-64
1376727228.0_L1,1376727228.0,L1,BACKGROUND,0.1249028965830802,BACKGROUND,idxq4-64_queryq4-64
1376730300.0_H1,1376730300.0,H1,ROBUST,0.4158511459827423,ROBUST,idxq4-64_queryq4-64
1376730332.0_H1,1376730332.0,H1,ROBUST,0.4163786768913269,ROBUST,idxq4-64_queryq4-64
1376730460.0_H1,1376730460.0,H1,ROBUST,0.4100669920444488,ROBUST,idxq4-64_queryq4-64
1376730524.0_H1,1376730524.0,H1,BACKGROUND,0.0792728289961814,BACKGROUND,idxq4-64_queryq4-64
1376730624.0_L1,1376730624.0,L1,BACKGROUND,0.1409400999546051,BACKGROUND,idxq4-64_queryq4-64
1376731708.0_L1,1376731708.0,L1,ROBUST,0.3440099656581878,ROBUST,idxq4-64_queryq4-64
1376732156.0_L1,1376732156.0,L1,ROBUST,0.4317386448383331,ROBUST,idxq4-64_queryq4-64
1376732668.0_H1,1376732668.0,H1,ROBUST,0.2265122681856155,ROBUST,idxq4-64_queryq4-64
1376733084.0_H1,1376733084.0,H1,ROBUST,0.4282443523406982,ROBUST,idxq4-64_queryq4-64
1376735036.0_H1,1376735036.0,H1,ROBUST,0.4230674207210541,ROBUST,idxq4-64_queryq4-64
1376736188.0_L1,1376736188.0,L1,ROBUST,0.4569325149059295,ROBUST,idxq4-64_queryq4-64
1376738012.0_L1,1376738012.0,L1,ROBUST,0.4722822904586792,ROBUST,idxq4-64_queryq4-64
1376739196.0_L1,1376739196.0,L1,ROBUST,0.3667423725128174,ROBUST,idxq4-64_queryq4-64
1376739324.0_H1,1376739324.0,H1,BACKGROUND,0.1221757754683494,BACKGROUND,idxq4-64_queryq4-64
1376742268.0_H1,1376742268.0,H1,AMBIGUOUS,0.1438532173633575,AMBIGUOUS,idxq4-64_queryq4-64
1376744188.0_H1,1376744188.0,H1,BACKGROUND,0.0941086336970329,BACKGROUND,idxq4-64_queryq4-64
1376744284.0_H1,1376744284.0,H1,ROBUST,0.2228166460990905,ROBUST,idxq4-64_queryq4-64
1376779676.0_L1,1376779676.0,L1,ROBUST,0.4297876358032226,ROBUST,idxq4-64_queryq4-64
1376785052.0_L1,1376785052.0,L1,ROBUST,0.4389495253562927,ROBUST,idxq4-64_queryq4-64
1376808732.0_L1,1376808732.0,L1,ROBUST,0.2409963309764862,ROBUST,idxq4-64_queryq4-64
1376830300.0_L1,1376830300.0,L1,ROBUST,0.4607910215854645,ROBUST,idxq4-64_queryq4-64
1376832156.0_L1,1376832156.0,L1,ROBUST,0.2952982485294342,ROBUST,idxq4-64_queryq4-64
1376833948.0_L1,1376833948.0,L1,ROBUST,0.40959432721138,ROBUST,idxq4-64_queryq4-64
1376870588.0_L1,1376870588.0,L1,ROBUST,0.4354720711708069,ROBUST,idxq4-64_queryq4-64
1376890172.0_L1,1376890172.0,L1,ROBUST,0.4328861832618713,ROBUST,idxq4-64_queryq4-64
1376894588.0_L1,1376894588.0,L1,ROBUST,0.4535935819149017,ROBUST,idxq4-64_queryq4-64
1376901884.0_L1,1376901884.0,L1,ROBUST,0.3441571593284607,ROBUST,idxq4-64_queryq4-64
1376916636.0_L1,1376916636.0,L1,ROBUST,0.4618275463581085,ROBUST,idxq4-64_queryq4-64
1376917980.0_L1,1376917980.0,L1,ROBUST,0.242101788520813,ROBUST,idxq4-64_queryq4-64
1376922556.0_L1,1376922556.0,L1,ROBUST,0.3932110369205475,ROBUST,idxq4-64_queryq4-64
1376926268.0_L1,1376926268.0,L1,ROBUST,0.4318342506885528,ROBUST,idxq4-64_queryq4-64
1376936988.0_L1,1376936988.0,L1,ROBUST,0.4525685310363769,ROBUST,idxq4-64_queryq4-64
1376937148.0_L1,1376937148.0,L1,ROBUST,0.4350077211856842,ROBUST,idxq4-64_queryq4-64
1376956156.0_L1,1376956156.0,L1,ROBUST,0.435394674539566,ROBUST,idxq4-64_queryq4-64
1376956188.0_L1,1376956188.0,L1,ROBUST,0.4952923357486725,ROBUST,idxq4-64_queryq4-64
1376960124.0_L1,1376960124.0,L1,ROBUST,0.4231195151805877,ROBUST,idxq4-64_queryq4-64
1376960316.0_L1,1376960316.0,L1,ROBUST,0.4747074246406555,ROBUST,idxq4-64_queryq4-64
1376962268.0_L1,1376962268.0,L1,ROBUST,0.4690123200416565,ROBUST,idxq4-64_queryq4-64
1376963388.0_L1,1376963388.0,L1,ROBUST,0.4317232668399811,ROBUST,idxq4-64_queryq4-64
1376979836.0_L1,1376979836.0,L1,ROBUST,0.4161066710948944,ROBUST,idxq4-64_queryq4-64
1376981276.0_L1,1376981276.0,L1,ROBUST,0.3950763940811157,ROBUST,idxq4-64_queryq4-64
1376981980.0_L1,1376981980.0,L1,ROBUST,0.4410936236381531,ROBUST,idxq4-64_queryq4-64
1376982524.0_L1,1376982524.0,L1,ROBUST,0.4244819283485412,ROBUST,idxq4-64_queryq4-64
1376986108.0_L1,1376986108.0,L1,ROBUST,0.4297224581241607,ROBUST,idxq4-64_queryq4-64
1376988636.0_L1,1376988636.0,L1,ROBUST,0.4475278854370117,ROBUST,idxq4-64_queryq4-64
1376997852.0_L1,1376997852.0,L1,ROBUST,0.4305833280086517,ROBUST,idxq4-64_queryq4-64
1377007804.0_L1,1377007804.0,L1,ROBUST,0.4325449764728546,ROBUST,idxq4-64_queryq4-64
1377017660.0_L1,1377017660.0,L1,ROBUST,0.4304733574390411,ROBUST,idxq4-64_queryq4-64
1377022908.0_L1,1377022908.0,L1,ROBUST,0.4955666959285736,ROBUST,idxq4-64_queryq4-64
1377051740.0_L1,1377051740.0,L1,ROBUST,0.4299690127372741,ROBUST,idxq4-64_queryq4-64
1377053436.0_L1,1377053436.0,L1,ROBUST,0.3526936769485473,ROBUST,idxq4-64_queryq4-64
1377056540.0_L1,1377056540.0,L1,ROBUST,0.4229751527309418,ROBUST,idxq4-64_queryq4-64
1377090108.0_L1,1377090108.0,L1,ROBUST,0.4588481783866882,ROBUST,idxq4-64_queryq4-64
1377124316.0_L1,1377124316.0,L1,AMBIGUOUS,0.1677943170070648,AMBIGUOUS,idxq4-64_queryq4-64
1377142172.0_L1,1377142172.0,L1,ROBUST,0.4563961625099182,ROBUST,idxq4-64_queryq4-64
1377142204.0_L1,1377142204.0,L1,ROBUST,0.4796487092971802,ROBUST,idxq4-64_queryq4-64
1377168412.0_L1,1377168412.0,L1,ROBUST,0.4126036167144775,ROBUST,idxq4-64_queryq4-64
1377183516.0_L1,1377183516.0,L1,ROBUST,0.2303892076015472,ROBUST,idxq4-64_queryq4-64
1377186524.0_L1,1377186524.0,L1,ROBUST,0.4695182144641876,ROBUST,idxq4-64_queryq4-64
1377187388.0_L1,1377187388.0,L1,ROBUST,0.4516032636165619,ROBUST,idxq4-64_queryq4-64
1377190492.0_L1,1377190492.0,L1,ROBUST,0.4382146894931793,ROBUST,idxq4-64_queryq4-64
1377193500.0_L1,1377193500.0,L1,ROBUST,0.4479788839817047,ROBUST,idxq4-64_queryq4-64
1377195964.0_L1,1377195964.0,L1,ROBUST,0.423824667930603,ROBUST,idxq4-64_queryq4-64
1377208572.0_L1,1377208572.0,L1,ROBUST,0.4407066106796264,ROBUST,idxq4-64_queryq4-64
1377227356.0_L1,1377227356.0,L1,ROBUST,0.4328043758869171,ROBUST,idxq4-64_queryq4-64
1377237244.0_L1,1377237244.0,L1,ROBUST,0.5420737862586975,ROBUST,idxq4-64_queryq4-64
1377238652.0_L1,1377238652.0,L1,AMBIGUOUS,0.152932196855545,AMBIGUOUS,idxq4-64_queryq4-64
1377250620.0_L1,1377250620.0,L1,ROBUST,0.4350656270980835,ROBUST,idxq4-64_queryq4-64
1377255484.0_L1,1377255484.0,L1,ROBUST,0.4489305317401886,ROBUST,idxq4-64_queryq4-64
1377273340.0_L1,1377273340.0,L1,BACKGROUND,0.1485892981290817,BACKGROUND,idxq4-64_queryq4-64
1377274428.0_H1,1377274428.0,H1,ROBUST,0.3919675648212433,ROBUST,idxq4-64_queryq4-64
1377274460.0_H1,1377274460.0,H1,ROBUST,0.4842312633991241,ROBUST,idxq4-64_queryq4-64
1377277436.0_L1,1377277436.0,L1,AMBIGUOUS,0.153250366449356,AMBIGUOUS,idxq4-64_queryq4-64
1377279356.0_H1,1377279356.0,H1,BACKGROUND,0.0889501422643661,BACKGROUND,idxq4-64_queryq4-64
1377282076.0_L1,1377282076.0,L1,ROBUST,0.4454265832901001,ROBUST,idxq4-64_queryq4-64
1377282140.0_H1,1377282140.0,H1,ROBUST,0.4086884558200836,ROBUST,idxq4-64_queryq4-64
1377282492.0_H1,1377282492.0,H1,ROBUST,0.4468232989311218,ROBUST,idxq4-64_queryq4-64
1377282652.0_L1,1377282652.0,L1,ROBUST,0.4399950504302978,ROBUST,idxq4-64_queryq4-64
1377282908.0_H1,1377282908.0,H1,AMBIGUOUS,0.194404125213623,AMBIGUOUS,idxq4-64_queryq4-64
1377286620.0_H1,1377286620.0,H1,BACKGROUND,0.1217744648456573,BACKGROUND,idxq4-64_queryq4-64
1377286748.0_L1,1377286748.0,L1,ROBUST,0.2639665603637695,ROBUST,idxq4-64_queryq4-64
1377286908.0_L1,1377286908.0,L1,ROBUST,0.4421592652797699,ROBUST,idxq4-64_queryq4-64
1377288796.0_H1,1377288796.0,H1,BACKGROUND,0.0920058041810989,BACKGROUND,idxq4-64_queryq4-64
1377310492.0_L1,1377310492.0,L1,ROBUST,0.4431880116462707,ROBUST,idxq4-64_queryq4-64
1377310524.0_L1,1377310524.0,L1,ROBUST,0.4210147559642792,ROBUST,idxq4-64_queryq4-64
1377311068.0_L1,1377311068.0,L1,ROBUST,0.4105563759803772,ROBUST,idxq4-64_queryq4-64
1377312028.0_L1,1377312028.0,L1,BACKGROUND,0.0871217548847198,BACKGROUND,idxq4-64_queryq4-64
1377314780.0_L1,1377314780.0,L1,BACKGROUND,0.1477042585611343,BACKGROUND,idxq4-64_queryq4-64
1377316864.0_L1,1377316864.0,L1,BACKGROUND,0.0544799491763114,BACKGROUND,idxq4-64_queryq4-64
1377317116.0_L1,1377317116.0,L1,ROBUST,0.432026594877243,ROBUST,idxq4-64_queryq4-64
1377320924.0_L1,1377320924.0,L1,ROBUST,0.2540445625782013,ROBUST,idxq4-64_queryq4-64
1377321148.0_L1,1377321148.0,L1,AMBIGUOUS,0.1763767898082733,AMBIGUOUS,idxq4-64_queryq4-64
1377321500.0_H1,1377321500.0,H1,ROBUST,0.4538105726242065,ROBUST,idxq4-64_queryq4-64
1377322140.0_H1,1377322140.0,H1,ROBUST,0.4464708268642425,ROBUST,idxq4-64_queryq4-64
1377322972.0_H1,1377322972.0,H1,ROBUST,0.4137326776981354,ROBUST,idxq4-64_queryq4-64
1377323676.0_H1,1377323676.0,H1,BACKGROUND,0.1056515052914619,BACKGROUND,idxq4-64_queryq4-64
1377325340.0_L1,1377325340.0,L1,ROBUST,0.428170382976532,ROBUST,idxq4-64_queryq4-64
1377325852.0_H1,1377325852.0,H1,AMBIGUOUS,0.1303209215402603,AMBIGUOUS,idxq4-64_queryq4-64
1377326332.0_L1,1377326332.0,L1,ROBUST,0.3966560065746307,ROBUST,idxq4-64_queryq4-64
1377328540.0_H1,1377328540.0,H1,ROBUST,0.4483847320079803,ROBUST,idxq4-64_queryq4-64
1377329244.0_H1,1377329244.0,H1,BACKGROUND,0.0935831516981124,BACKGROUND,idxq4-64_queryq4-64
1377329308.0_H1,1377329308.0,H1,BACKGROUND,0.08009023219347,BACKGROUND,idxq4-64_queryq4-64
1377329916.0_H1,1377329916.0,H1,AMBIGUOUS,0.2034889906644821,AMBIGUOUS,idxq4-64_queryq4-64
1377332668.0_H1,1377332668.0,H1,BACKGROUND,0.0934725478291511,BACKGROUND,idxq4-64_queryq4-64
1377333308.0_L1,1377333308.0,L1,BACKGROUND,0.0842148661613464,BACKGROUND,idxq4-64_queryq4-64
1377334140.0_H1,1377334140.0,H1,ROBUST,0.4218162000179291,ROBUST,idxq4-64_queryq4-64
1377337564.0_L1,1377337564.0,L1,ROBUST,0.4055855274200439,ROBUST,idxq4-64_queryq4-64
1377337884.0_L1,1377337884.0,L1,AMBIGUOUS,0.2034200578927993,AMBIGUOUS,idxq4-64_queryq4-64
1377342556.0_H1,1377342556.0,H1,AMBIGUOUS,0.1332718729972839,AMBIGUOUS,idxq4-64_queryq4-64
1377343004.0_H1,1377343004.0,H1,BACKGROUND,0.1018185243010521,BACKGROUND,idxq4-64_queryq4-64
1377344956.0_H1,1377344956.0,H1,ROBUST,0.4438736140727997,ROBUST,idxq4-64_queryq4-64
1377345756.0_H1,1377345756.0,H1,BACKGROUND,0.0807830467820167,BACKGROUND,idxq4-64_queryq4-64
1377346364.0_H1,1377346364.0,H1,BACKGROUND,0.1279221475124359,BACKGROUND,idxq4-64_queryq4-64
1377347676.0_L1,1377347676.0,L1,ROBUST,0.4474002718925476,ROBUST,idxq4-64_queryq4-64
1377349852.0_H1,1377349852.0,H1,AMBIGUOUS,0.1351063549518585,AMBIGUOUS,idxq4-64_queryq4-64
1377350044.0_H1,1377350044.0,H1,BACKGROUND,0.1133684664964675,BACKGROUND,idxq4-64_queryq4-64
1377352348.0_H1,1377352348.0,H1,BACKGROUND,0.1063843071460723,BACKGROUND,idxq4-64_queryq4-64
1377352668.0_H1,1377352668.0,H1,BACKGROUND,0.1019663661718368,BACKGROUND,idxq4-64_queryq4-64
1377404508.0_H1,1377404508.0,H1,AMBIGUOUS,0.1741284132003784,AMBIGUOUS,idxq4-64_queryq4-64
1377406204.0_H1,1377406204.0,H1,BACKGROUND,0.1166035234928131,BACKGROUND,idxq4-64_queryq4-64
1377408476.0_L1,1377408476.0,L1,ROBUST,0.4312169849872589,ROBUST,idxq4-64_queryq4-64
1377408828.0_H1,1377408828.0,H1,AMBIGUOUS,0.143021360039711,AMBIGUOUS,idxq4-64_queryq4-64
1377409884.0_H1,1377409884.0,H1,BACKGROUND,0.1101065352559089,BACKGROUND,idxq4-64_queryq4-64
1377410364.0_H1,1377410364.0,H1,ROBUST,0.5001910328865051,ROBUST,idxq4-64_queryq4-64
1377410812.0_H1,1377410812.0,H1,ROBUST,0.4430121779441833,ROBUST,idxq4-64_queryq4-64
1377411036.0_H1,1377411036.0,H1,ROBUST,0.2061912268400192,ROBUST,idxq4-64_queryq4-64
1377412124.0_H1,1377412124.0,H1,ROBUST,0.4329566955566406,ROBUST,idxq4-64_queryq4-64
1377412156.0_H1,1377412156.0,H1,ROBUST,0.4583008587360382,ROBUST,idxq4-64_queryq4-64
1377413724.0_L1,1377413724.0,L1,ROBUST,0.4841082990169525,ROBUST,idxq4-64_queryq4-64
1377413756.0_L1,1377413756.0,L1,ROBUST,0.4106166064739227,ROBUST,idxq4-64_queryq4-64
1377416060.0_L1,1377416060.0,L1,BACKGROUND,0.1228849589824676,BACKGROUND,idxq4-64_queryq4-64
1377417180.0_H1,1377417180.0,H1,ROBUST,0.2789389789104461,ROBUST,idxq4-64_queryq4-64
1377420412.0_L1,1377420412.0,L1,AMBIGUOUS,0.1719034612178802,AMBIGUOUS,idxq4-64_queryq4-64
1377420572.0_L1,1377420572.0,L1,ROBUST,0.4402320384979248,ROBUST,idxq4-64_queryq4-64
1377423388.0_H1,1377423388.0,H1,ROBUST,0.4723036289215088,ROBUST,idxq4-64_queryq4-64
1377423484.0_L1,1377423484.0,L1,ROBUST,0.4392102062702179,ROBUST,idxq4-64_queryq4-64
1377423580.0_L1,1377423580.0,L1,ROBUST,0.4094919264316559,ROBUST,idxq4-64_queryq4-64
1377424956.0_H1,1377424956.0,H1,ROBUST,0.4745028018951416,ROBUST,idxq4-64_queryq4-64
1377425564.0_L1,1377425564.0,L1,AMBIGUOUS,0.2045360803604126,AMBIGUOUS,idxq4-64_queryq4-64
1377426140.0_L1,1377426140.0,L1,AMBIGUOUS,0.1629457622766494,AMBIGUOUS,idxq4-64_queryq4-64
1377426428.0_H1,1377426428.0,H1,AMBIGUOUS,0.1979487389326095,AMBIGUOUS,idxq4-64_queryq4-64
1377426460.0_H1,1377426460.0,H1,AMBIGUOUS,0.199910283088684,AMBIGUOUS,idxq4-64_queryq4-64
1377426684.0_L1,1377426684.0,L1,ROBUST,0.4168926477432251,ROBUST,idxq4-64_queryq4-64
1377426908.0_H1,1377426908.0,H1,ROBUST,0.4206371307373047,ROBUST,idxq4-64_queryq4-64
1377427004.0_L1,1377427004.0,L1,ROBUST,0.4219851195812225,ROBUST,idxq4-64_queryq4-64
1377429084.0_L1,1377429084.0,L1,BACKGROUND,0.1103305667638778,BACKGROUND,idxq4-64_queryq4-64
1377433340.0_L1,1377433340.0,L1,AMBIGUOUS,0.1902538239955902,AMBIGUOUS,idxq4-64_queryq4-64
1377435292.0_H1,1377435292.0,H1,AMBIGUOUS,0.1630996614694595,AMBIGUOUS,idxq4-64_queryq4-64
1377435324.0_H1,1377435324.0,H1,ROBUST,0.3751535713672638,ROBUST,idxq4-64_queryq4-64
1377435740.0_H1,1377435740.0,H1,ROBUST,0.3591913878917694,ROBUST,idxq4-64_queryq4-64
1377435964.0_L1,1377435964.0,L1,ROBUST,0.4185478091239929,ROBUST,idxq4-64_queryq4-64
1377436188.0_H1,1377436188.0,H1,ROBUST,0.3635435998439789,ROBUST,idxq4-64_queryq4-64
1377436284.0_L1,1377436284.0,L1,BACKGROUND,0.1191712021827697,BACKGROUND,idxq4-64_queryq4-64
1377436636.0_H1,1377436636.0,H1,AMBIGUOUS,0.1809051483869552,AMBIGUOUS,idxq4-64_queryq4-64
1377436732.0_H1,1377436732.0,H1,ROBUST,0.3905063569545746,ROBUST,idxq4-64_queryq4-64
1377437244.0_H1,1377437244.0,H1,ROBUST,0.3925538957118988,ROBUST,idxq4-64_queryq4-64
1377437276.0_H1,1377437276.0,H1,ROBUST,0.4089277684688568,ROBUST,idxq4-64_queryq4-64
1377437916.0_L1,1377437916.0,L1,AMBIGUOUS,0.2038532793521881,AMBIGUOUS,idxq4-64_queryq4-64
1377439420.0_L1,1377439420.0,L1,ROBUST,0.430944949388504,ROBUST,idxq4-64_queryq4-64
1377439644.0_L1,1377439644.0,L1,ROBUST,0.3899426758289337,ROBUST,idxq4-64_queryq4-64
1377439676.0_L1,1377439676.0,L1,ROBUST,0.2398222237825393,ROBUST,idxq4-64_queryq4-64
1377439868.0_L1,1377439868.0,L1,AMBIGUOUS,0.173953115940094,AMBIGUOUS,idxq4-64_queryq4-64
1377439964.0_L1,1377439964.0,L1,BACKGROUND,0.105274848639965,BACKGROUND,idxq4-64_queryq4-64
1377440988.0_L1,1377440988.0,L1,ROBUST,0.4228079617023468,ROBUST,idxq4-64_queryq4-64
1377442684.0_L1,1377442684.0,L1,ROBUST,0.4352962970733642,ROBUST,idxq4-64_queryq4-64
1377442908.0_H1,1377442908.0,H1,AMBIGUOUS,0.1949282586574554,AMBIGUOUS,idxq4-64_queryq4-64
1377443132.0_H1,1377443132.0,H1,ROBUST,0.3235041797161102,ROBUST,idxq4-64_queryq4-64
1377443196.0_H1,1377443196.0,H1,ROBUST,0.3843632340431213,ROBUST,idxq4-64_queryq4-64
1377471836.0_H1,1377471836.0,H1,BACKGROUND,0.1167125776410102,BACKGROUND,idxq4-64_queryq4-64
1377472156.0_H1,1377472156.0,H1,ROBUST,0.2493622750043869,ROBUST,idxq4-64_queryq4-64
1377479324.0_L1,1377479324.0,L1,AMBIGUOUS,0.1597890257835388,AMBIGUOUS,idxq4-64_queryq4-64
1377479900.0_L1,1377479900.0,L1,ROBUST,0.4216176867485046,ROBUST,idxq4-64_queryq4-64
1377480060.0_H1,1377480060.0,H1,BACKGROUND,0.0884681344032287,BACKGROUND,idxq4-64_queryq4-64
1377480316.0_L1,1377480316.0,L1,BACKGROUND,0.1287367194890976,BACKGROUND,idxq4-64_queryq4-64
1377480704.0_L1,1377480704.0,L1,ROBUST,0.4223716557025909,ROBUST,idxq4-64_queryq4-64
1377483740.0_L1,1377483740.0,L1,ROBUST,0.4254934191703796,ROBUST,idxq4-64_queryq4-64
1377484028.0_L1,1377484028.0,L1,ROBUST,0.4352666139602661,ROBUST,idxq4-64_queryq4-64
1377484800.0_H1,1377484800.0,H1,BACKGROUND,0.0951536148786544,BACKGROUND,idxq4-64_queryq4-64
1377485116.0_L1,1377485116.0,L1,ROBUST,0.4316655099391937,ROBUST,idxq4-64_queryq4-64
1377485756.0_L1,1377485756.0,L1,BACKGROUND,0.1493789106607437,BACKGROUND,idxq4-64_queryq4-64
1377487676.0_L1,1377487676.0,L1,ROBUST,0.4161734282970428,ROBUST,idxq4-64_queryq4-64
1377488700.0_L1,1377488700.0,L1,ROBUST,0.4678860902786255,ROBUST,idxq4-64_queryq4-64
1377491036.0_L1,1377491036.0,L1,ROBUST,0.4457257688045501,ROBUST,idxq4-64_queryq4-64
1377491388.0_H1,1377491388.0,H1,AMBIGUOUS,0.174442172050476,AMBIGUOUS,idxq4-64_queryq4-64
1377491516.0_L1,1377491516.0,L1,BACKGROUND,0.0860291272401809,BACKGROUND,idxq4-64_queryq4-64
1377491580.0_L1,1377491580.0,L1,BACKGROUND,0.1081532761454582,BACKGROUND,idxq4-64_queryq4-64
1377501276.0_L1,1377501276.0,L1,BACKGROUND,0.1306065320968628,BACKGROUND,idxq4-64_queryq4-64
1377505500.0_H1,1377505500.0,H1,ROBUST,0.2891775071620941,ROBUST,idxq4-64_queryq4-64
1377506780.0_L1,1377506780.0,L1,ROBUST,0.2223871648311615,ROBUST,idxq4-64_queryq4-64
1377508156.0_H1,1377508156.0,H1,ROBUST,0.4262146651744842,ROBUST,idxq4-64_queryq4-64
1377509308.0_L1,1377509308.0,L1,BACKGROUND,0.1125063151121139,BACKGROUND,idxq4-64_queryq4-64
1377509376.0_H1,1377509376.0,H1,BACKGROUND,0.0493034869432449,BACKGROUND,idxq4-64_queryq4-64
1377509980.0_L1,1377509980.0,L1,BACKGROUND,0.1199804916977882,BACKGROUND,idxq4-64_queryq4-64
1377510908.0_H1,1377510908.0,H1,BACKGROUND,0.1197670176625251,BACKGROUND,idxq4-64_queryq4-64
1377511996.0_L1,1377511996.0,L1,BACKGROUND,0.147745132446289,BACKGROUND,idxq4-64_queryq4-64
1377512252.0_L1,1377512252.0,L1,BACKGROUND,0.1402889490127563,BACKGROUND,idxq4-64_queryq4-64
1377512892.0_L1,1377512892.0,L1,ROBUST,0.4566565454006195,ROBUST,idxq4-64_queryq4-64
1377513116.0_L1,1377513116.0,L1,AMBIGUOUS,0.1513638645410537,AMBIGUOUS,idxq4-64_queryq4-64
1377514908.0_L1,1377514908.0,L1,BACKGROUND,0.1277432441711425,BACKGROUND,idxq4-64_queryq4-64
1377519804.0_L1,1377519804.0,L1,BACKGROUND,0.1386974900960922,BACKGROUND,idxq4-64_queryq4-64
1377519868.0_L1,1377519868.0,L1,BACKGROUND,0.1047450825572013,BACKGROUND,idxq4-64_queryq4-64
1377519996.0_L1,1377519996.0,L1,BACKGROUND,0.1099911779165268,BACKGROUND,idxq4-64_queryq4-64
1377520220.0_H1,1377520220.0,H1,BACKGROUND,0.1284276396036148,BACKGROUND,idxq4-64_queryq4-64
1377520860.0_L1,1377520860.0,L1,ROBUST,0.4226967394351959,ROBUST,idxq4-64_queryq4-64
1377522844.0_H1,1377522844.0,H1,ROBUST,0.4690583944320678,ROBUST,idxq4-64_queryq4-64
1377523324.0_L1,1377523324.0,L1,ROBUST,0.440605878829956,ROBUST,idxq4-64_queryq4-64
1377523356.0_L1,1377523356.0,L1,ROBUST,0.334501713514328,ROBUST,idxq4-64_queryq4-64
1377527228.0_L1,1377527228.0,L1,BACKGROUND,0.1185086220502853,BACKGROUND,idxq4-64_queryq4-64
1377528060.0_L1,1377528060.0,L1,ROBUST,0.2237493991851806,ROBUST,idxq4-64_queryq4-64
1377529372.0_L1,1377529372.0,L1,AMBIGUOUS,0.1792974025011062,AMBIGUOUS,idxq4-64_queryq4-64
1377529596.0_L1,1377529596.0,L1,BACKGROUND,0.1313275694847107,BACKGROUND,idxq4-64_queryq4-64
1377529856.0_L1,1377529856.0,L1,BACKGROUND,0.0914618298411369,BACKGROUND,idxq4-64_queryq4-64
1377529948.0_H1,1377529948.0,H1,ROBUST,0.4359002113342285,ROBUST,idxq4-64_queryq4-64
1377531004.0_L1,1377531004.0,L1,BACKGROUND,0.0933877155184745,BACKGROUND,idxq4-64_queryq4-64
1377537116.0_L1,1377537116.0,L1,AMBIGUOUS,0.1899467259645462,AMBIGUOUS,idxq4-64_queryq4-64
1377538300.0_L1,1377538300.0,L1,ROBUST,0.245014950633049,ROBUST,idxq4-64_queryq4-64
1377538620.0_H1,1377538620.0,H1,ROBUST,0.459271639585495,ROBUST,idxq4-64_queryq4-64
1377538748.0_L1,1377538748.0,L1,ROBUST,0.242025151848793,ROBUST,idxq4-64_queryq4-64
1377539612.0_L1,1377539612.0,L1,ROBUST,0.4123088121414184,ROBUST,idxq4-64_queryq4-64
1377539804.0_L1,1377539804.0,L1,ROBUST,0.3106917142868042,ROBUST,idxq4-64_queryq4-64
1377539964.0_L1,1377539964.0,L1,ROBUST,0.278207927942276,ROBUST,idxq4-64_queryq4-64
1377540668.0_L1,1377540668.0,L1,ROBUST,0.3502906560897827,ROBUST,idxq4-64_queryq4-64
1377548252.0_L1,1377548252.0,L1,AMBIGUOUS,0.202217623591423,AMBIGUOUS,idxq4-64_queryq4-64
1377549244.0_L1,1377549244.0,L1,ROBUST,0.4392145276069641,ROBUST,idxq4-64_queryq4-64
1377549340.0_L1,1377549340.0,L1,AMBIGUOUS,0.1734057664871215,AMBIGUOUS,idxq4-64_queryq4-64
1377549532.0_L1,1377549532.0,L1,BACKGROUND,0.1435420364141464,BACKGROUND,idxq4-64_queryq4-64
1377549980.0_L1,1377549980.0,L1,AMBIGUOUS,0.1873996555805206,AMBIGUOUS,idxq4-64_queryq4-64
1377556956.0_L1,1377556956.0,L1,AMBIGUOUS,0.1629096716642379,AMBIGUOUS,idxq4-64_queryq4-64
1377561852.0_L1,1377561852.0,L1,ROBUST,0.2280217558145523,ROBUST,idxq4-64_queryq4-64
1377561852.0_H1,1377561852.0,H1,ROBUST,0.42875322699546814,ROBUST,idxq4-64_queryq4-64
1377562716.0_L1,1377562716.0,L1,BACKGROUND,0.1113690733909607,BACKGROUND,idxq4-64_queryq4-64
1377562876.0_L1,1377562876.0,L1,AMBIGUOUS,0.1865643858909607,AMBIGUOUS,idxq4-64_queryq4-64
1377563452.0_H1,1377563452.0,H1,ROBUST,0.4336234629154205,ROBUST,idxq4-64_queryq4-64
1377563804.0_L1,1377563804.0,L1,ROBUST,0.3864543735980987,ROBUST,idxq4-64_queryq4-64
1377567612.0_L1,1377567612.0,L1,ROBUST,0.4281232953071594,ROBUST,idxq4-64_queryq4-64
1377568316.0_L1,1377568316.0,L1,ROBUST,0.4109097123146057,ROBUST,idxq4-64_queryq4-64
1377569628.0_L1,1377569628.0,L1,AMBIGUOUS,0.2027648389339447,AMBIGUOUS,idxq4-64_queryq4-64
1377570844.0_H1,1377570844.0,H1,ROBUST,0.409141331911087,ROBUST,idxq4-64_queryq4-64
1377571452.0_L1,1377571452.0,L1,ROBUST,0.4272598624229431,ROBUST,idxq4-64_queryq4-64
1377572988.0_H1,1377572988.0,H1,ROBUST,0.4226100742816925,ROBUST,idxq4-64_queryq4-64
1377573180.0_L1,1377573180.0,L1,BACKGROUND,0.1423019021749496,BACKGROUND,idxq4-64_queryq4-64
1377575356.0_H1,1377575356.0,H1,BACKGROUND,0.117871455848217,BACKGROUND,idxq4-64_queryq4-64
1377575580.0_L1,1377575580.0,L1,ROBUST,0.400007426738739,ROBUST,idxq4-64_queryq4-64
1377576508.0_H1,1377576508.0,H1,BACKGROUND,0.0991608723998069,BACKGROUND,idxq4-64_queryq4-64
1377577468.0_L1,1377577468.0,L1,BACKGROUND,0.1358754932880401,BACKGROUND,idxq4-64_queryq4-64
1377577884.0_H1,1377577884.0,H1,ROBUST,0.4248877167701721,ROBUST,idxq4-64_queryq4-64
1377583516.0_H1,1377583516.0,H1,ROBUST,0.4108042418956756,ROBUST,idxq4-64_queryq4-64
1377584092.0_L1,1377584092.0,L1,ROBUST,0.4226858615875244,ROBUST,idxq4-64_queryq4-64
1377585052.0_H1,1377585052.0,H1,BACKGROUND,0.1196572929620742,BACKGROUND,idxq4-64_queryq4-64
1377585404.0_L1,1377585404.0,L1,ROBUST,0.3657504916191101,ROBUST,idxq4-64_queryq4-64
1377586332.0_H1,1377586332.0,H1,ROBUST,0.4129313230514526,ROBUST,idxq4-64_queryq4-64
1377586492.0_L1,1377586492.0,L1,BACKGROUND,0.1362757235765457,BACKGROUND,idxq4-64_queryq4-64
1377592060.0_H1,1377592060.0,H1,BACKGROUND,0.0898072198033332,BACKGROUND,idxq4-64_queryq4-64
1377593148.0_H1,1377593148.0,H1,BACKGROUND,0.0901062041521072,BACKGROUND,idxq4-64_queryq4-64
1377594012.0_H1,1377594012.0,H1,AMBIGUOUS,0.1559881567955017,AMBIGUOUS,idxq4-64_queryq4-64
1377594396.0_H1,1377594396.0,H1,BACKGROUND,0.0880221575498581,BACKGROUND,idxq4-64_queryq4-64
1377595260.0_H1,1377595260.0,H1,BACKGROUND,0.1068525612354278,BACKGROUND,idxq4-64_queryq4-64
1377595324.0_L1,1377595324.0,L1,BACKGROUND,0.1497351080179214,BACKGROUND,idxq4-64_queryq4-64
1377598268.0_H1,1377598268.0,H1,BACKGROUND,0.0927800685167312,BACKGROUND,idxq4-64_queryq4-64
1377598332.0_H1,1377598332.0,H1,ROBUST,0.4131755232810974,ROBUST,idxq4-64_queryq4-64
1377598492.0_L1,1377598492.0,L1,BACKGROUND,0.1364196687936782,BACKGROUND,idxq4-64_queryq4-64
1377599196.0_L1,1377599196.0,L1,ROBUST,0.4804675281047821,ROBUST,idxq4-64_queryq4-64
1377599356.0_L1,1377599356.0,L1,AMBIGUOUS,0.2133316695690155,AMBIGUOUS,idxq4-64_queryq4-64
1377600156.0_H1,1377600156.0,H1,AMBIGUOUS,0.1536775529384613,AMBIGUOUS,idxq4-64_queryq4-64
1377602300.0_H1,1377602300.0,H1,ROBUST,0.4229029417037964,ROBUST,idxq4-64_queryq4-64
1377603584.0_H1,1377603584.0,H1,BACKGROUND,0.0711381360888481,BACKGROUND,idxq4-64_queryq4-64
1377604444.0_H1,1377604444.0,H1,ROBUST,0.4374374449253082,ROBUST,idxq4-64_queryq4-64
1377604508.0_H1,1377604508.0,H1,ROBUST,0.4315036833286285,ROBUST,idxq4-64_queryq4-64
1377605564.0_L1,1377605564.0,L1,AMBIGUOUS,0.2146245390176773,AMBIGUOUS,idxq4-64_queryq4-64
1377607484.0_H1,1377607484.0,H1,ROBUST,0.4625667929649353,ROBUST,idxq4-64_queryq4-64
1377610172.0_L1,1377610172.0,L1,ROBUST,0.2870989739894867,ROBUST,idxq4-64_queryq4-64
1377610780.0_L1,1377610780.0,L1,BACKGROUND,0.1364888846874237,BACKGROUND,idxq4-64_queryq4-64
1377611068.0_H1,1377611068.0,H1,AMBIGUOUS,0.1374753564596176,AMBIGUOUS,idxq4-64_queryq4-64
1377612060.0_H1,1377612060.0,H1,ROBUST,0.4457882642745971,ROBUST,idxq4-64_queryq4-64
1377615964.0_L1,1377615964.0,L1,BACKGROUND,0.1173116788268089,BACKGROUND,idxq4-64_queryq4-64
1377619836.0_L1,1377619836.0,L1,BACKGROUND,0.1391811072826385,BACKGROUND,idxq4-64_queryq4-64
1377619968.0_H1,1377619968.0,H1,BACKGROUND,0.0604143775999546,BACKGROUND,idxq4-64_queryq4-64
1377623068.0_L1,1377623068.0,L1,AMBIGUOUS,0.2007708847522735,AMBIGUOUS,idxq4-64_queryq4-64
1377624988.0_H1,1377624988.0,H1,BACKGROUND,0.0861120074987411,BACKGROUND,idxq4-64_queryq4-64
1377625724.0_H1,1377625724.0,H1,ROBUST,0.4631402790546417,ROBUST,idxq4-64_queryq4-64
1377626108.0_L1,1377626108.0,L1,AMBIGUOUS,0.1893646270036697,AMBIGUOUS,idxq4-64_queryq4-64
1377628380.0_L1,1377628380.0,L1,ROBUST,0.4427582919597626,ROBUST,idxq4-64_queryq4-64
1377666364.0_H1,1377666364.0,H1,ROBUST,0.3735532164573669,ROBUST,idxq4-64_queryq4-64
1377669500.0_L1,1377669500.0,L1,ROBUST,0.4659850895404815,ROBUST,idxq4-64_queryq4-64
1377679644.0_H1,1377679644.0,H1,ROBUST,0.3459802865982055,ROBUST,idxq4-64_queryq4-64
1377680284.0_H1,1377680284.0,H1,ROBUST,0.4900262653827667,ROBUST,idxq4-64_queryq4-64
1377680924.0_H1,1377680924.0,H1,ROBUST,0.4333230555057525,ROBUST,idxq4-64_queryq4-64
1377681180.0_L1,1377681180.0,L1,BACKGROUND,0.1215853989124298,BACKGROUND,idxq4-64_queryq4-64
1377681408.0_H1,1377681408.0,H1,BACKGROUND,0.1136149391531944,BACKGROUND,idxq4-64_queryq4-64
1377682396.0_H1,1377682396.0,H1,ROBUST,0.4618650376796722,ROBUST,idxq4-64_queryq4-64
1377682524.0_H1,1377682524.0,H1,ROBUST,0.440424233675003,ROBUST,idxq4-64_queryq4-64
1377683132.0_H1,1377683132.0,H1,BACKGROUND,0.0866388976573944,BACKGROUND,idxq4-64_queryq4-64
1377683900.0_L1,1377683900.0,L1,ROBUST,0.4367585182189941,ROBUST,idxq4-64_queryq4-64
1377684220.0_H1,1377684220.0,H1,ROBUST,0.4280118346214294,ROBUST,idxq4-64_queryq4-64
1377684380.0_L1,1377684380.0,L1,ROBUST,0.4465604722499847,ROBUST,idxq4-64_queryq4-64
1377684636.0_L1,1377684636.0,L1,BACKGROUND,0.1460703313350677,BACKGROUND,idxq4-64_queryq4-64
1377685596.0_L1,1377685596.0,L1,ROBUST,0.4103307127952575,ROBUST,idxq4-64_queryq4-64
1377696188.0_L1,1377696188.0,L1,ROBUST,0.4282375276088714,ROBUST,idxq4-64_queryq4-64
1377697628.0_H1,1377697628.0,H1,ROBUST,0.4594356715679168,ROBUST,idxq4-64_queryq4-64
1377698012.0_L1,1377698012.0,L1,BACKGROUND,0.1462171226739883,BACKGROUND,idxq4-64_queryq4-64
1377698108.0_L1,1377698108.0,L1,BACKGROUND,0.1394036263227462,BACKGROUND,idxq4-64_queryq4-64
1377701020.0_H1,1377701020.0,H1,BACKGROUND,0.0865974575281143,BACKGROUND,idxq4-64_queryq4-64
1377701916.0_H1,1377701916.0,H1,ROBUST,0.4443948566913605,ROBUST,idxq4-64_queryq4-64
1377702652.0_H1,1377702652.0,H1,BACKGROUND,0.0867572426795959,BACKGROUND,idxq4-64_queryq4-64
1377706076.0_H1,1377706076.0,H1,ROBUST,0.4902271330356598,ROBUST,idxq4-64_queryq4-64
1377706716.0_H1,1377706716.0,H1,ROBUST,0.4253097474575043,ROBUST,idxq4-64_queryq4-64
1377707516.0_H1,1377707516.0,H1,ROBUST,0.4448704719543457,ROBUST,idxq4-64_queryq4-64
1377708188.0_H1,1377708188.0,H1,BACKGROUND,0.0808855593204498,BACKGROUND,idxq4-64_queryq4-64
1377708220.0_H1,1377708220.0,H1,ROBUST,0.4521188139915466,ROBUST,idxq4-64_queryq4-64
1377710492.0_H1,1377710492.0,H1,ROBUST,0.4542540311813354,ROBUST,idxq4-64_queryq4-64
1377711068.0_L1,1377711068.0,L1,ROBUST,0.4282515943050384,ROBUST,idxq4-64_queryq4-64
1377712380.0_H1,1377712380.0,H1,BACKGROUND,0.0884041488170623,BACKGROUND,idxq4-64_queryq4-64
1377713948.0_H1,1377713948.0,H1,ROBUST,0.4462332427501678,ROBUST,idxq4-64_queryq4-64
1377714780.0_H1,1377714780.0,H1,ROBUST,0.4125353097915649,ROBUST,idxq4-64_queryq4-64
1377716412.0_H1,1377716412.0,H1,ROBUST,0.5152694582939148,ROBUST,idxq4-64_queryq4-64
1377716604.0_L1,1377716604.0,L1,ROBUST,0.4213195741176605,ROBUST,idxq4-64_queryq4-64
1377720380.0_L1,1377720380.0,L1,ROBUST,0.4502843022346496,ROBUST,idxq4-64_queryq4-64
1377728124.0_H1,1377728124.0,H1,BACKGROUND,0.0877920314669609,BACKGROUND,idxq4-64_queryq4-64
1377732348.0_H1,1377732348.0,H1,ROBUST,0.4138441681861877,ROBUST,idxq4-64_queryq4-64
1377732956.0_H1,1377732956.0,H1,AMBIGUOUS,0.1489608883857727,AMBIGUOUS,idxq4-64_queryq4-64
1377739260.0_H1,1377739260.0,H1,BACKGROUND,0.0899131447076797,BACKGROUND,idxq4-64_queryq4-64
1377745308.0_L1,1377745308.0,L1,ROBUST,0.4716159701347351,ROBUST,idxq4-64_queryq4-64
1377745340.0_L1,1377745340.0,L1,ROBUST,0.4666032195091247,ROBUST,idxq4-64_queryq4-64
1377746172.0_H1,1377746172.0,H1,BACKGROUND,0.0915609002113342,BACKGROUND,idxq4-64_queryq4-64
1377747708.0_H1,1377747708.0,H1,ROBUST,0.4287728071212768,ROBUST,idxq4-64_queryq4-64
1377748060.0_H1,1377748060.0,H1,BACKGROUND,0.0882841348648071,BACKGROUND,idxq4-64_queryq4-64
1377749916.0_H1,1377749916.0,H1,ROBUST,0.4373180866241455,ROBUST,idxq4-64_queryq4-64
1377750044.0_H1,1377750044.0,H1,ROBUST,0.4649454057216644,ROBUST,idxq4-64_queryq4-64
1377750076.0_H1,1377750076.0,H1,ROBUST,0.4072165489196777,ROBUST,idxq4-64_queryq4-64
1377751740.0_H1,1377751740.0,H1,ROBUST,0.4191708862781524,ROBUST,idxq4-64_queryq4-64
1377754172.0_L1,1377754172.0,L1,ROBUST,0.4747346937656402,ROBUST,idxq4-64_queryq4-64
1377755100.0_H1,1377755100.0,H1,ROBUST,0.2663567960262298,ROBUST,idxq4-64_queryq4-64
1377755420.0_L1,1377755420.0,L1,ROBUST,0.4362747371196747,ROBUST,idxq4-64_queryq4-64
1377756636.0_L1,1377756636.0,L1,ROBUST,0.485876202583313,ROBUST,idxq4-64_queryq4-64
1377757884.0_H1,1377757884.0,H1,ROBUST,0.2068425118923187,ROBUST,idxq4-64_queryq4-64
1377759232.0_L1,1377759232.0,L1,BACKGROUND,0.0620666667819023,BACKGROUND,idxq4-64_queryq4-64
1377760348.0_H1,1377760348.0,H1,ROBUST,0.4334810972213745,ROBUST,idxq4-64_queryq4-64
1377766492.0_H1,1377766492.0,H1,ROBUST,0.4370798766613006,ROBUST,idxq4-64_queryq4-64
1377766780.0_H1,1377766780.0,H1,ROBUST,0.425618439912796,ROBUST,idxq4-64_queryq4-64
1377773916.0_L1,1377773916.0,L1,ROBUST,0.4609178900718689,ROBUST,idxq4-64_queryq4-64
1377775036.0_H1,1377775036.0,H1,BACKGROUND,0.080497607588768,BACKGROUND,idxq4-64_queryq4-64
1377777628.0_L1,1377777628.0,L1,ROBUST,0.4529963731765747,ROBUST,idxq4-64_queryq4-64
1377777788.0_H1,1377777788.0,H1,ROBUST,0.4333412051200866,ROBUST,idxq4-64_queryq4-64
1377778140.0_H1,1377778140.0,H1,ROBUST,0.4761660993099212,ROBUST,idxq4-64_queryq4-64
1377779068.0_H1,1377779068.0,H1,AMBIGUOUS,0.1625267416238784,AMBIGUOUS,idxq4-64_queryq4-64
1377779516.0_H1,1377779516.0,H1,ROBUST,0.4587966203689575,ROBUST,idxq4-64_queryq4-64
1377782204.0_H1,1377782204.0,H1,ROBUST,0.436022400856018,ROBUST,idxq4-64_queryq4-64
1377783612.0_L1,1377783612.0,L1,ROBUST,0.4554359912872314,ROBUST,idxq4-64_queryq4-64
1377785596.0_H1,1377785596.0,H1,ROBUST,0.4281255006790161,ROBUST,idxq4-64_queryq4-64
1377786780.0_L1,1377786780.0,L1,ROBUST,0.4481772780418396,ROBUST,idxq4-64_queryq4-64
1377789788.0_H1,1377789788.0,H1,ROBUST,0.4505712389945984,ROBUST,idxq4-64_queryq4-64
1377789980.0_H1,1377789980.0,H1,ROBUST,0.4399396777153015,ROBUST,idxq4-64_queryq4-64
1377790300.0_L1,1377790300.0,L1,BACKGROUND,0.1202020943164825,BACKGROUND,idxq4-64_queryq4-64
1377791836.0_L1,1377791836.0,L1,BACKGROUND,0.078984148800373,BACKGROUND,idxq4-64_queryq4-64
1377791932.0_L1,1377791932.0,L1,BACKGROUND,0.0716388896107673,BACKGROUND,idxq4-64_queryq4-64
1377794304.0_L1,1377794304.0,L1,BACKGROUND,0.059405118227005,BACKGROUND,idxq4-64_queryq4-64
1377794524.0_L1,1377794524.0,L1,BACKGROUND,0.09482092410326,BACKGROUND,idxq4-64_queryq4-64
1377796284.0_L1,1377796284.0,L1,ROBUST,0.3862735629081726,ROBUST,idxq4-64_queryq4-64
1377800636.0_H1,1377800636.0,H1,ROBUST,0.4168306887149811,ROBUST,idxq4-64_queryq4-64
1377801052.0_L1,1377801052.0,L1,ROBUST,0.3773739635944366,ROBUST,idxq4-64_queryq4-64
1377802556.0_L1,1377802556.0,L1,ROBUST,0.4479739367961883,ROBUST,idxq4-64_queryq4-64
1377804540.0_H1,1377804540.0,H1,ROBUST,0.4633607566356659,ROBUST,idxq4-64_queryq4-64
1377810300.0_L1,1377810300.0,L1,ROBUST,0.3530342578887939,ROBUST,idxq4-64_queryq4-64
1377811004.0_L1,1377811004.0,L1,ROBUST,0.3951996862888336,ROBUST,idxq4-64_queryq4-64
1377813084.0_L1,1377813084.0,L1,ROBUST,0.5090519785881042,ROBUST,idxq4-64_queryq4-64
1377813532.0_H1,1377813532.0,H1,ROBUST,0.4595604538917541,ROBUST,idxq4-64_queryq4-64
1377814140.0_L1,1377814140.0,L1,BACKGROUND,0.0992105677723884,BACKGROUND,idxq4-64_queryq4-64
1377816924.0_H1,1377816924.0,H1,ROBUST,0.3759889006614685,ROBUST,idxq4-64_queryq4-64
1377819548.0_L1,1377819548.0,L1,ROBUST,0.4670488238334656,ROBUST,idxq4-64_queryq4-64
1377827676.0_L1,1377827676.0,L1,ROBUST,0.3536333739757538,ROBUST,idxq4-64_queryq4-64
1377827964.0_H1,1377827964.0,H1,ROBUST,0.447111576795578,ROBUST,idxq4-64_queryq4-64
1377828156.0_L1,1377828156.0,L1,AMBIGUOUS,0.1533940285444259,AMBIGUOUS,idxq4-64_queryq4-64
1377829148.0_L1,1377829148.0,L1,ROBUST,0.4153295755386352,ROBUST,idxq4-64_queryq4-64
1377831740.0_H1,1377831740.0,H1,ROBUST,0.424617737531662,ROBUST,idxq4-64_queryq4-64
1377834780.0_H1,1377834780.0,H1,ROBUST,0.2676471173763275,ROBUST,idxq4-64_queryq4-64
1377835900.0_H1,1377835900.0,H1,ROBUST,0.4685776531696319,ROBUST,idxq4-64_queryq4-64
1377836604.0_H1,1377836604.0,H1,ROBUST,0.420519083738327,ROBUST,idxq4-64_queryq4-64
1377836668.0_L1,1377836668.0,L1,ROBUST,0.4178932011127472,ROBUST,idxq4-64_queryq4-64
1377836956.0_L1,1377836956.0,L1,ROBUST,0.4340549111366272,ROBUST,idxq4-64_queryq4-64
1377837564.0_L1,1377837564.0,L1,BACKGROUND,0.0749046877026557,BACKGROUND,idxq4-64_queryq4-64
1377837852.0_L1,1377837852.0,L1,BACKGROUND,0.0706353858113288,BACKGROUND,idxq4-64_queryq4-64
1377839360.0_L1,1377839360.0,L1,BACKGROUND,0.0694291740655899,BACKGROUND,idxq4-64_queryq4-64
1377840604.0_H1,1377840604.0,H1,ROBUST,0.4368200302124023,ROBUST,idxq4-64_queryq4-64
1377843516.0_L1,1377843516.0,L1,BACKGROUND,0.0845135375857353,BACKGROUND,idxq4-64_queryq4-64
1377843676.0_L1,1377843676.0,L1,ROBUST,0.2683741748332977,ROBUST,idxq4-64_queryq4-64
1377844316.0_L1,1377844316.0,L1,BACKGROUND,0.0937894210219383,BACKGROUND,idxq4-64_queryq4-64
1377844380.0_H1,1377844380.0,H1,BACKGROUND,0.0802992433309555,BACKGROUND,idxq4-64_queryq4-64
1377844412.0_L1,1377844412.0,L1,ROBUST,0.4254685342311859,ROBUST,idxq4-64_queryq4-64
1377845404.0_L1,1377845404.0,L1,ROBUST,0.4225950241088867,ROBUST,idxq4-64_queryq4-64
1377847004.0_L1,1377847004.0,L1,BACKGROUND,0.0696415901184082,BACKGROUND,idxq4-64_queryq4-64
1377848572.0_H1,1377848572.0,H1,AMBIGUOUS,0.1725655347108841,AMBIGUOUS,idxq4-64_queryq4-64
1377850812.0_H1,1377850812.0,H1,AMBIGUOUS,0.1544613242149353,AMBIGUOUS,idxq4-64_queryq4-64
1377852092.0_L1,1377852092.0,L1,ROBUST,0.4498046934604645,ROBUST,idxq4-64_queryq4-64
1377852444.0_L1,1377852444.0,L1,ROBUST,0.4363532960414886,ROBUST,idxq4-64_queryq4-64
1377852572.0_L1,1377852572.0,L1,ROBUST,0.4328767657279968,ROBUST,idxq4-64_queryq4-64
1377853340.0_L1,1377853340.0,L1,BACKGROUND,0.0785211846232414,BACKGROUND,idxq4-64_queryq4-64
1377853404.0_L1,1377853404.0,L1,AMBIGUOUS,0.2011587172746658,AMBIGUOUS,idxq4-64_queryq4-64
1377853820.0_H1,1377853820.0,H1,AMBIGUOUS,0.1691260933876037,AMBIGUOUS,idxq4-64_queryq4-64
1377854012.0_L1,1377854012.0,L1,BACKGROUND,0.0986610725522041,BACKGROUND,idxq4-64_queryq4-64
1377854812.0_H1,1377854812.0,H1,BACKGROUND,0.1198153495788574,BACKGROUND,idxq4-64_queryq4-64
1377855744.0_L1,1377855744.0,L1,BACKGROUND,0.057103656232357,BACKGROUND,idxq4-64_queryq4-64
1377857596.0_H1,1377857596.0,H1,ROBUST,0.4278451800346374,ROBUST,idxq4-64_queryq4-64
1377857724.0_H1,1377857724.0,H1,ROBUST,0.2555852234363556,ROBUST,idxq4-64_queryq4-64
1377857916.0_H1,1377857916.0,H1,BACKGROUND,0.1250189691781997,BACKGROUND,idxq4-64_queryq4-64
1377858300.0_L1,1377858300.0,L1,ROBUST,0.4447257816791534,ROBUST,idxq4-64_queryq4-64
1377859840.0_H1,1377859840.0,H1,BACKGROUND,0.0664067417383194,BACKGROUND,idxq4-64_queryq4-64
1377863936.0_L1,1377863936.0,L1,BACKGROUND,0.0663596019148826,BACKGROUND,idxq4-64_queryq4-64
1377866140.0_L1,1377866140.0,L1,ROBUST,0.450138509273529,ROBUST,idxq4-64_queryq4-64
1377867132.0_L1,1377867132.0,L1,ROBUST,0.4447356462478637,ROBUST,idxq4-64_queryq4-64
1377867612.0_L1,1377867612.0,L1,ROBUST,0.4217035174369812,ROBUST,idxq4-64_queryq4-64
1377869116.0_L1,1377869116.0,L1,BACKGROUND,0.1007830128073692,BACKGROUND,idxq4-64_queryq4-64
1377869724.0_H1,1377869724.0,H1,ROBUST,0.4665449857711792,ROBUST,idxq4-64_queryq4-64
1377869980.0_L1,1377869980.0,L1,ROBUST,0.414244681596756,ROBUST,idxq4-64_queryq4-64
1377873276.0_L1,1377873276.0,L1,ROBUST,0.2280241996049881,ROBUST,idxq4-64_queryq4-64
1377873660.0_L1,1377873660.0,L1,ROBUST,0.447659820318222,ROBUST,idxq4-64_queryq4-64
1377873820.0_H1,1377873820.0,H1,ROBUST,0.4574501514434814,ROBUST,idxq4-64_queryq4-64
1377874556.0_L1,1377874556.0,L1,BACKGROUND,0.0909010395407676,BACKGROUND,idxq4-64_queryq4-64
1377875452.0_L1,1377875452.0,L1,BACKGROUND,0.1347547322511673,BACKGROUND,idxq4-64_queryq4-64
1377875932.0_L1,1377875932.0,L1,BACKGROUND,0.0775611847639083,BACKGROUND,idxq4-64_queryq4-64
1377876156.0_L1,1377876156.0,L1,BACKGROUND,0.0783165618777275,BACKGROUND,idxq4-64_queryq4-64
1377876188.0_L1,1377876188.0,L1,AMBIGUOUS,0.1626800298690796,AMBIGUOUS,idxq4-64_queryq4-64
1377876572.0_L1,1377876572.0,L1,ROBUST,0.4322592318058014,ROBUST,idxq4-64_queryq4-64
1377881148.0_L1,1377881148.0,L1,ROBUST,0.3837221264839172,ROBUST,idxq4-64_queryq4-64
1377881180.0_L1,1377881180.0,L1,ROBUST,0.3973328471183777,ROBUST,idxq4-64_queryq4-64
1377881372.0_H1,1377881372.0,H1,AMBIGUOUS,0.1593198329210281,AMBIGUOUS,idxq4-64_queryq4-64
1377881660.0_H1,1377881660.0,H1,ROBUST,0.3989613056182861,ROBUST,idxq4-64_queryq4-64
1377882620.0_L1,1377882620.0,L1,ROBUST,0.2297677248716354,ROBUST,idxq4-64_queryq4-64
1377883036.0_L1,1377883036.0,L1,ROBUST,0.4155386090278625,ROBUST,idxq4-64_queryq4-64
1377883420.0_H1,1377883420.0,H1,ROBUST,0.4217041730880737,ROBUST,idxq4-64_queryq4-64
1377883452.0_L1,1377883452.0,L1,ROBUST,0.2728866040706634,ROBUST,idxq4-64_queryq4-64
1377885756.0_L1,1377885756.0,L1,BACKGROUND,0.1420508772134781,BACKGROUND,idxq4-64_queryq4-64
1377885852.0_L1,1377885852.0,L1,ROBUST,0.4865884184837341,ROBUST,idxq4-64_queryq4-64
1377885884.0_L1,1377885884.0,L1,AMBIGUOUS,0.1949617862701416,AMBIGUOUS,idxq4-64_queryq4-64
1377885916.0_L1,1377885916.0,L1,BACKGROUND,0.1486424803733825,BACKGROUND,idxq4-64_queryq4-64
1377888156.0_H1,1377888156.0,H1,ROBUST,0.4213976562023163,ROBUST,idxq4-64_queryq4-64
1377888348.0_L1,1377888348.0,L1,BACKGROUND,0.1040800884366035,BACKGROUND,idxq4-64_queryq4-64
1377888572.0_L1,1377888572.0,L1,ROBUST,0.4289188385009765,ROBUST,idxq4-64_queryq4-64
1377889436.0_H1,1377889436.0,H1,ROBUST,0.4623081982135772,ROBUST,idxq4-64_queryq4-64
1377890428.0_H1,1377890428.0,H1,ROBUST,0.2290010452270507,ROBUST,idxq4-64_queryq4-64
1377892572.0_L1,1377892572.0,L1,AMBIGUOUS,0.1724792718887329,AMBIGUOUS,idxq4-64_queryq4-64
1377893884.0_L1,1377893884.0,L1,AMBIGUOUS,0.2129178047180175,AMBIGUOUS,idxq4-64_queryq4-64
1377893980.0_H1,1377893980.0,H1,ROBUST,0.4391411542892456,ROBUST,idxq4-64_queryq4-64
1377895036.0_L1,1377895036.0,L1,ROBUST,0.4534928202629089,ROBUST,idxq4-64_queryq4-64
1377895068.0_L1,1377895068.0,L1,ROBUST,0.5116574764251709,ROBUST,idxq4-64_queryq4-64
1377895868.0_L1,1377895868.0,L1,ROBUST,0.4206472933292389,ROBUST,idxq4-64_queryq4-64
1377906588.0_H1,1377906588.0,H1,ROBUST,0.221548393368721,ROBUST,idxq4-64_queryq4-64
1377919836.0_L1,1377919836.0,L1,ROBUST,0.4202487766742706,ROBUST,idxq4-64_queryq4-64
1377920860.0_L1,1377920860.0,L1,ROBUST,0.242040604352951,ROBUST,idxq4-64_queryq4-64
1377921052.0_L1,1377921052.0,L1,ROBUST,0.3196738064289093,ROBUST,idxq4-64_queryq4-64
1377921692.0_H1,1377921692.0,H1,ROBUST,0.4518446922302246,ROBUST,idxq4-64_queryq4-64
1377922716.0_H1,1377922716.0,H1,ROBUST,0.4179238080978393,ROBUST,idxq4-64_queryq4-64
1377923132.0_L1,1377923132.0,L1,BACKGROUND,0.0844218358397483,BACKGROUND,idxq4-64_queryq4-64
1377923612.0_H1,1377923612.0,H1,ROBUST,0.4671673476696014,ROBUST,idxq4-64_queryq4-64
1377924124.0_L1,1377924124.0,L1,ROBUST,0.4117436707019806,ROBUST,idxq4-64_queryq4-64
1377924476.0_L1,1377924476.0,L1,BACKGROUND,0.077926717698574,BACKGROUND,idxq4-64_queryq4-64
1377925404.0_L1,1377925404.0,L1,ROBUST,0.4377063810825348,ROBUST,idxq4-64_queryq4-64
1377926140.0_H1,1377926140.0,H1,BACKGROUND,0.1124212518334388,BACKGROUND,idxq4-64_queryq4-64
1377928092.0_L1,1377928092.0,L1,BACKGROUND,0.0711014196276664,BACKGROUND,idxq4-64_queryq4-64
1377929628.0_L1,1377929628.0,L1,BACKGROUND,0.0708130672574043,BACKGROUND,idxq4-64_queryq4-64
1377931292.0_L1,1377931292.0,L1,ROBUST,0.2306135147809982,ROBUST,idxq4-64_queryq4-64
1377939996.0_L1,1377939996.0,L1,BACKGROUND,0.0686530768871307,BACKGROUND,idxq4-64_queryq4-64
1377949212.0_H1,1377949212.0,H1,ROBUST,0.4364819228649139,ROBUST,idxq4-64_queryq4-64
1377982748.0_L1,1377982748.0,L1,AMBIGUOUS,0.1505868285894394,AMBIGUOUS,idxq4-64_queryq4-64
1377983132.0_L1,1377983132.0,L1,ROBUST,0.4371398389339447,ROBUST,idxq4-64_queryq4-64
1377988956.0_L1,1377988956.0,L1,BACKGROUND,0.1412680894136428,BACKGROUND,idxq4-64_queryq4-64
1377989180.0_L1,1377989180.0,L1,BACKGROUND,0.1165515109896659,BACKGROUND,idxq4-64_queryq4-64
1377989532.0_L1,1377989532.0,L1,BACKGROUND,0.1256091445684433,BACKGROUND,idxq4-64_queryq4-64
1377992956.0_H1,1377992956.0,H1,ROBUST,0.4135914444923401,ROBUST,idxq4-64_queryq4-64
1377996220.0_H1,1377996220.0,H1,BACKGROUND,0.1072565987706184,BACKGROUND,idxq4-64_queryq4-64
1377996284.0_L1,1377996284.0,L1,BACKGROUND,0.0789938271045684,BACKGROUND,idxq4-64_queryq4-64
1377996540.0_H1,1377996540.0,H1,ROBUST,0.4375385344028473,ROBUST,idxq4-64_queryq4-64
1377996764.0_H1,1377996764.0,H1,ROBUST,0.4607315063476562,ROBUST,idxq4-64_queryq4-64
1377996892.0_L1,1377996892.0,L1,ROBUST,0.4798504412174225,ROBUST,idxq4-64_queryq4-64
1377999104.0_L1,1377999104.0,L1,BACKGROUND,0.0890690982341766,BACKGROUND,idxq4-64_queryq4-64
1378000092.0_H1,1378000092.0,H1,ROBUST,0.2188755273818969,ROBUST,idxq4-64_queryq4-64
1378000188.0_L1,1378000188.0,L1,AMBIGUOUS,0.1843906342983245,AMBIGUOUS,idxq4-64_queryq4-64
1378001980.0_L1,1378001980.0,L1,ROBUST,0.4795264005661011,ROBUST,idxq4-64_queryq4-64
1378003200.0_L1,1378003200.0,L1,BACKGROUND,0.0567209012806415,BACKGROUND,idxq4-64_queryq4-64
1378003228.0_L1,1378003228.0,L1,ROBUST,0.4324363172054291,ROBUST,idxq4-64_queryq4-64
1378003484.0_H1,1378003484.0,H1,ROBUST,0.4700820744037628,ROBUST,idxq4-64_queryq4-64
1378004060.0_L1,1378004060.0,L1,ROBUST,0.398159772157669,ROBUST,idxq4-64_queryq4-64
1378004476.0_L1,1378004476.0,L1,ROBUST,0.5466336011886597,ROBUST,idxq4-64_queryq4-64
1378005436.0_H1,1378005436.0,H1,ROBUST,0.2588184177875519,ROBUST,idxq4-64_queryq4-64
1378005724.0_L1,1378005724.0,L1,BACKGROUND,0.1446801573038101,BACKGROUND,idxq4-64_queryq4-64
1378005820.0_L1,1378005820.0,L1,BACKGROUND,0.0905299633741378,BACKGROUND,idxq4-64_queryq4-64
1378007388.0_L1,1378007388.0,L1,BACKGROUND,0.0759489834308624,BACKGROUND,idxq4-64_queryq4-64
1378009180.0_H1,1378009180.0,H1,ROBUST,0.4468643963336944,ROBUST,idxq4-64_queryq4-64
1378009468.0_L1,1378009468.0,L1,BACKGROUND,0.1410942822694778,BACKGROUND,idxq4-64_queryq4-64
1378009564.0_L1,1378009564.0,L1,AMBIGUOUS,0.1616334319114685,AMBIGUOUS,idxq4-64_queryq4-64
1378010524.0_L1,1378010524.0,L1,ROBUST,0.2963809370994568,ROBUST,idxq4-64_queryq4-64
1378017564.0_L1,1378017564.0,L1,BACKGROUND,0.1388580650091171,BACKGROUND,idxq4-64_queryq4-64
1378019584.0_L1,1378019584.0,L1,AMBIGUOUS,0.1691909730434417,AMBIGUOUS,idxq4-64_queryq4-64
1378025468.0_L1,1378025468.0,L1,ROBUST,0.2206320464611053,ROBUST,idxq4-64_queryq4-64
1378027776.0_L1,1378027776.0,L1,BACKGROUND,0.0659679099917411,BACKGROUND,idxq4-64_queryq4-64
1378028028.0_L1,1378028028.0,L1,AMBIGUOUS,0.1962663382291793,AMBIGUOUS,idxq4-64_queryq4-64
1378030876.0_L1,1378030876.0,L1,BACKGROUND,0.0686107352375984,BACKGROUND,idxq4-64_queryq4-64
1378030908.0_H1,1378030908.0,H1,ROBUST,0.4836914539337158,ROBUST,idxq4-64_queryq4-64
1378033628.0_L1,1378033628.0,L1,AMBIGUOUS,0.1509663462638855,AMBIGUOUS,idxq4-64_queryq4-64
1378034204.0_L1,1378034204.0,L1,BACKGROUND,0.0780775845050811,BACKGROUND,idxq4-64_queryq4-64
1378034268.0_L1,1378034268.0,L1,BACKGROUND,0.0737932994961738,BACKGROUND,idxq4-64_queryq4-64
1378035036.0_L1,1378035036.0,L1,ROBUST,0.4500172138214111,ROBUST,idxq4-64_queryq4-64
1378035644.0_L1,1378035644.0,L1,BACKGROUND,0.1394381821155548,BACKGROUND,idxq4-64_queryq4-64
1378036924.0_L1,1378036924.0,L1,ROBUST,0.3139190673828125,ROBUST,idxq4-64_queryq4-64
1378037148.0_L1,1378037148.0,L1,BACKGROUND,0.1016788929700851,BACKGROUND,idxq4-64_queryq4-64
1378038236.0_L1,1378038236.0,L1,ROBUST,0.4717563092708587,ROBUST,idxq4-64_queryq4-64
1378039612.0_H1,1378039612.0,H1,ROBUST,0.4562431275844574,ROBUST,idxq4-64_queryq4-64
1378040316.0_H1,1378040316.0,H1,ROBUST,0.4238345026969909,ROBUST,idxq4-64_queryq4-64
1378049244.0_L1,1378049244.0,L1,BACKGROUND,0.146491527557373,BACKGROUND,idxq4-64_queryq4-64
1378053148.0_L1,1378053148.0,L1,BACKGROUND,0.0846068114042282,BACKGROUND,idxq4-64_queryq4-64
1378077148.0_L1,1378077148.0,L1,ROBUST,0.4470755755901336,ROBUST,idxq4-64_queryq4-64
1378077180.0_L1,1378077180.0,L1,ROBUST,0.4088327586650848,ROBUST,idxq4-64_queryq4-64
1378078588.0_L1,1378078588.0,L1,ROBUST,0.3108640611171722,ROBUST,idxq4-64_queryq4-64
1378079132.0_H1,1378079132.0,H1,ROBUST,0.2376969307661056,ROBUST,idxq4-64_queryq4-64
1378089216.0_H1,1378089216.0,H1,BACKGROUND,0.0920227020978927,BACKGROUND,idxq4-64_queryq4-64
1378089468.0_H1,1378089468.0,H1,AMBIGUOUS,0.164265751838684,AMBIGUOUS,idxq4-64_queryq4-64
1378090140.0_H1,1378090140.0,H1,BACKGROUND,0.1073809936642646,BACKGROUND,idxq4-64_queryq4-64
1378093820.0_L1,1378093820.0,L1,ROBUST,0.4425094723701477,ROBUST,idxq4-64_queryq4-64
1378096764.0_L1,1378096764.0,L1,ROBUST,0.4549709558486938,ROBUST,idxq4-64_queryq4-64
1378096828.0_L1,1378096828.0,L1,BACKGROUND,0.083392284810543,BACKGROUND,idxq4-64_queryq4-64
1378100060.0_H1,1378100060.0,H1,BACKGROUND,0.1228789165616035,BACKGROUND,idxq4-64_queryq4-64
1378100764.0_L1,1378100764.0,L1,ROBUST,0.3449638485908508,ROBUST,idxq4-64_queryq4-64
1378100828.0_L1,1378100828.0,L1,ROBUST,0.4275422990322113,ROBUST,idxq4-64_queryq4-64
1378101532.0_H1,1378101532.0,H1,ROBUST,0.4330492317676544,ROBUST,idxq4-64_queryq4-64
1378102652.0_L1,1378102652.0,L1,ROBUST,0.4698368012905121,ROBUST,idxq4-64_queryq4-64
1378105436.0_L1,1378105436.0,L1,BACKGROUND,0.0685577467083931,BACKGROUND,idxq4-64_queryq4-64
1378105500.0_L1,1378105500.0,L1,ROBUST,0.2630766332149505,ROBUST,idxq4-64_queryq4-64
1378108380.0_H1,1378108380.0,H1,BACKGROUND,0.1240871101617813,BACKGROUND,idxq4-64_queryq4-64
1378108604.0_L1,1378108604.0,L1,ROBUST,0.4580870270729065,ROBUST,idxq4-64_queryq4-64
1378109532.0_L1,1378109532.0,L1,BACKGROUND,0.0775056704878807,BACKGROUND,idxq4-64_queryq4-64
1378113276.0_L1,1378113276.0,L1,ROBUST,0.4349549114704132,ROBUST,idxq4-64_queryq4-64
1378113792.0_L1,1378113792.0,L1,BACKGROUND,0.0595942176878452,BACKGROUND,idxq4-64_queryq4-64
1378116028.0_H1,1378116028.0,H1,BACKGROUND,0.0999233797192573,BACKGROUND,idxq4-64_queryq4-64
1378117084.0_L1,1378117084.0,L1,BACKGROUND,0.081540510058403,BACKGROUND,idxq4-64_queryq4-64
1378117404.0_L1,1378117404.0,L1,BACKGROUND,0.0700974836945533,BACKGROUND,idxq4-64_queryq4-64
1378118620.0_L1,1378118620.0,L1,BACKGROUND,0.0745795518159866,BACKGROUND,idxq4-64_queryq4-64
1378121984.0_L1,1378121984.0,L1,BACKGROUND,0.0616300255060195,BACKGROUND,idxq4-64_queryq4-64
1378122588.0_H1,1378122588.0,H1,ROBUST,0.4278317391872406,ROBUST,idxq4-64_queryq4-64
1378122876.0_L1,1378122876.0,L1,BACKGROUND,0.0724193081259727,BACKGROUND,idxq4-64_queryq4-64
1378123676.0_L1,1378123676.0,L1,BACKGROUND,0.0858806446194648,BACKGROUND,idxq4-64_queryq4-64
1378124252.0_L1,1378124252.0,L1,BACKGROUND,0.0812679976224899,BACKGROUND,idxq4-64_queryq4-64
1378124732.0_L1,1378124732.0,L1,ROBUST,0.4392198026180267,ROBUST,idxq4-64_queryq4-64
1378125212.0_L1,1378125212.0,L1,ROBUST,0.4294350445270538,ROBUST,idxq4-64_queryq4-64
1378125852.0_L1,1378125852.0,L1,BACKGROUND,0.0685615092515945,BACKGROUND,idxq4-64_queryq4-64
1378126108.0_H1,1378126108.0,H1,ROBUST,0.4403294026851654,ROBUST,idxq4-64_queryq4-64
1378127868.0_L1,1378127868.0,L1,ROBUST,0.4324153959751129,ROBUST,idxq4-64_queryq4-64
1378129852.0_L1,1378129852.0,L1,BACKGROUND,0.0741537660360336,BACKGROUND,idxq4-64_queryq4-64
1378129916.0_H1,1378129916.0,H1,AMBIGUOUS,0.1576938778162002,AMBIGUOUS,idxq4-64_queryq4-64
1378130460.0_H1,1378130460.0,H1,ROBUST,0.307594358921051,ROBUST,idxq4-64_queryq4-64
1378130844.0_L1,1378130844.0,L1,BACKGROUND,0.0702845826745033,BACKGROUND,idxq4-64_queryq4-64
1378131644.0_H1,1378131644.0,H1,BACKGROUND,0.1009296327829361,BACKGROUND,idxq4-64_queryq4-64
1378132892.0_L1,1378132892.0,L1,AMBIGUOUS,0.1944272667169571,AMBIGUOUS,idxq4-64_queryq4-64
1378133724.0_L1,1378133724.0,L1,ROBUST,0.4376572370529175,ROBUST,idxq4-64_queryq4-64
1378133948.0_L1,1378133948.0,L1,BACKGROUND,0.1148690208792686,BACKGROUND,idxq4-64_queryq4-64
1378134652.0_H1,1378134652.0,H1,BACKGROUND,0.124660775065422,BACKGROUND,idxq4-64_queryq4-64
1378138780.0_H1,1378138780.0,H1,BACKGROUND,0.1155911460518837,BACKGROUND,idxq4-64_queryq4-64
1378139324.0_L1,1378139324.0,L1,BACKGROUND,0.080171950161457,BACKGROUND,idxq4-64_queryq4-64
1378140124.0_H1,1378140124.0,H1,ROBUST,0.4607632458209991,ROBUST,idxq4-64_queryq4-64
1378140156.0_H1,1378140156.0,H1,ROBUST,0.3948464095592499,ROBUST,idxq4-64_queryq4-64
1378140700.0_L1,1378140700.0,L1,BACKGROUND,0.0807369127869606,BACKGROUND,idxq4-64_queryq4-64
1378141052.0_L1,1378141052.0,L1,BACKGROUND,0.066400796175003,BACKGROUND,idxq4-64_queryq4-64
1378141084.0_L1,1378141084.0,L1,ROBUST,0.4104292392730713,ROBUST,idxq4-64_queryq4-64
1378141340.0_H1,1378141340.0,H1,ROBUST,0.4366379976272583,ROBUST,idxq4-64_queryq4-64
1378146560.0_L1,1378146560.0,L1,BACKGROUND,0.057886853814125,BACKGROUND,idxq4-64_queryq4-64
1378147324.0_L1,1378147324.0,L1,AMBIGUOUS,0.1796599775552749,AMBIGUOUS,idxq4-64_queryq4-64
1378148892.0_L1,1378148892.0,L1,AMBIGUOUS,0.1686537712812423,AMBIGUOUS,idxq4-64_queryq4-64
1378149596.0_L1,1378149596.0,L1,BACKGROUND,0.0723670199513435,BACKGROUND,idxq4-64_queryq4-64
1378150076.0_H1,1378150076.0,H1,ROBUST,0.4555574953556061,ROBUST,idxq4-64_queryq4-64
1378150396.0_L1,1378150396.0,L1,BACKGROUND,0.0844592899084091,BACKGROUND,idxq4-64_queryq4-64
1378153404.0_H1,1378153404.0,H1,AMBIGUOUS,0.1962457746267318,AMBIGUOUS,idxq4-64_queryq4-64
1378153596.0_L1,1378153596.0,L1,ROBUST,0.4426164031028747,ROBUST,idxq4-64_queryq4-64
1378153628.0_L1,1378153628.0,L1,ROBUST,0.4028051495552063,ROBUST,idxq4-64_queryq4-64
1378154752.0_L1,1378154752.0,L1,BACKGROUND,0.0607690028846263,BACKGROUND,idxq4-64_queryq4-64
1378156732.0_L1,1378156732.0,L1,BACKGROUND,0.1325747221708297,BACKGROUND,idxq4-64_queryq4-64
1378158396.0_L1,1378158396.0,L1,ROBUST,0.4334123730659485,ROBUST,idxq4-64_queryq4-64
1378158940.0_L1,1378158940.0,L1,BACKGROUND,0.1150329783558845,BACKGROUND,idxq4-64_queryq4-64
1378159100.0_L1,1378159100.0,L1,AMBIGUOUS,0.1685995608568191,AMBIGUOUS,idxq4-64_queryq4-64
1378159164.0_L1,1378159164.0,L1,BACKGROUND,0.138512909412384,BACKGROUND,idxq4-64_queryq4-64
1378159196.0_L1,1378159196.0,L1,ROBUST,0.3055267333984375,ROBUST,idxq4-64_queryq4-64
1378163292.0_L1,1378163292.0,L1,AMBIGUOUS,0.1928331851959228,AMBIGUOUS,idxq4-64_queryq4-64
1378163356.0_L1,1378163356.0,L1,ROBUST,0.3566054105758667,ROBUST,idxq4-64_queryq4-64
1378164028.0_L1,1378164028.0,L1,ROBUST,0.2496504485607147,ROBUST,idxq4-64_queryq4-64
1378164060.0_L1,1378164060.0,L1,AMBIGUOUS,0.1576494127511978,AMBIGUOUS,idxq4-64_queryq4-64
1378164124.0_L1,1378164124.0,L1,BACKGROUND,0.1116827949881553,BACKGROUND,idxq4-64_queryq4-64
1378164188.0_L1,1378164188.0,L1,BACKGROUND,0.0681005120277404,BACKGROUND,idxq4-64_queryq4-64
1378164796.0_L1,1378164796.0,L1,ROBUST,0.2831557691097259,ROBUST,idxq4-64_queryq4-64
1378165084.0_H1,1378165084.0,H1,ROBUST,0.4311809241771698,ROBUST,idxq4-64_queryq4-64
1378165404.0_L1,1378165404.0,L1,ROBUST,0.246117502450943,ROBUST,idxq4-64_queryq4-64
1378180444.0_H1,1378180444.0,H1,AMBIGUOUS,0.2020144015550613,AMBIGUOUS,idxq4-64_queryq4-64
1378182236.0_H1,1378182236.0,H1,ROBUST,0.4842129945755005,ROBUST,idxq4-64_queryq4-64
1378184316.0_L1,1378184316.0,L1,BACKGROUND,0.0757621005177497,BACKGROUND,idxq4-64_queryq4-64
1378184924.0_H1,1378184924.0,H1,ROBUST,0.4360255897045135,ROBUST,idxq4-64_queryq4-64
1378186684.0_L1,1378186684.0,L1,ROBUST,0.4418026506900787,ROBUST,idxq4-64_queryq4-64
1378186684.0_H1,1378186684.0,H1,ROBUST,0.5019494891166687,ROBUST,idxq4-64_queryq4-64
1378186716.0_L1,1378186716.0,L1,AMBIGUOUS,0.194051131606102,AMBIGUOUS,idxq4-64_queryq4-64
1378186812.0_L1,1378186812.0,L1,ROBUST,0.4215366244316101,ROBUST,idxq4-64_queryq4-64
1378187196.0_L1,1378187196.0,L1,BACKGROUND,0.0818960815668106,BACKGROUND,idxq4-64_queryq4-64
1378187484.0_L1,1378187484.0,L1,AMBIGUOUS,0.1781388521194458,AMBIGUOUS,idxq4-64_queryq4-64
1378187932.0_H1,1378187932.0,H1,ROBUST,0.215873122215271,ROBUST,idxq4-64_queryq4-64
1378193020.0_H1,1378193020.0,H1,ROBUST,0.4164922833442688,ROBUST,idxq4-64_queryq4-64
1378193180.0_L1,1378193180.0,L1,BACKGROUND,0.0806669518351554,BACKGROUND,idxq4-64_queryq4-64
1378194492.0_L1,1378194492.0,L1,AMBIGUOUS,0.1781085580587387,AMBIGUOUS,idxq4-64_queryq4-64
1378195100.0_H1,1378195100.0,H1,ROBUST,0.4164440333843231,ROBUST,idxq4-64_queryq4-64
1378196828.0_L1,1378196828.0,L1,ROBUST,0.3214650154113769,ROBUST,idxq4-64_queryq4-64
1378197116.0_L1,1378197116.0,L1,ROBUST,0.3422403335571289,ROBUST,idxq4-64_queryq4-64
1378199388.0_L1,1378199388.0,L1,ROBUST,0.2555428743362427,ROBUST,idxq4-64_queryq4-64
1378213436.0_H1,1378213436.0,H1,BACKGROUND,0.1090001910924911,BACKGROUND,idxq4-64_queryq4-64
1378213660.0_H1,1378213660.0,H1,BACKGROUND,0.1162126362323761,BACKGROUND,idxq4-64_queryq4-64
1378213916.0_H1,1378213916.0,H1,BACKGROUND,0.0914460942149162,BACKGROUND,idxq4-64_queryq4-64
1378215836.0_H1,1378215836.0,H1,AMBIGUOUS,0.1897239089012146,AMBIGUOUS,idxq4-64_queryq4-64
1378216540.0_L1,1378216540.0,L1,BACKGROUND,0.0802882760763168,BACKGROUND,idxq4-64_queryq4-64
1378278620.0_H1,1378278620.0,H1,ROBUST,0.3952352404594421,ROBUST,idxq4-64_queryq4-64
1378279356.0_L1,1378279356.0,L1,ROBUST,0.4251744747161865,ROBUST,idxq4-64_queryq4-64
1378279676.0_H1,1378279676.0,H1,ROBUST,0.2381657510995865,ROBUST,idxq4-64_queryq4-64
1378282620.0_L1,1378282620.0,L1,ROBUST,0.4401851892471313,ROBUST,idxq4-64_queryq4-64
1378282972.0_H1,1378282972.0,H1,ROBUST,0.3565965890884399,ROBUST,idxq4-64_queryq4-64
1378283740.0_L1,1378283740.0,L1,AMBIGUOUS,0.194912850856781,AMBIGUOUS,idxq4-64_queryq4-64
1378285824.0_H1,1378285824.0,H1,BACKGROUND,0.0662714466452598,BACKGROUND,idxq4-64_queryq4-64
1378288796.0_H1,1378288796.0,H1,ROBUST,0.4168316423892975,ROBUST,idxq4-64_queryq4-64
1378289920.0_L1,1378289920.0,L1,BACKGROUND,0.1074718683958053,BACKGROUND,idxq4-64_queryq4-64
1378290492.0_H1,1378290492.0,H1,AMBIGUOUS,0.152584046125412,AMBIGUOUS,idxq4-64_queryq4-64
1378291100.0_H1,1378291100.0,H1,ROBUST,0.4149610996246338,ROBUST,idxq4-64_queryq4-64
1378291132.0_H1,1378291132.0,H1,ROBUST,0.4255082309246063,ROBUST,idxq4-64_queryq4-64
1378293308.0_L1,1378293308.0,L1,ROBUST,0.4546410739421844,ROBUST,idxq4-64_queryq4-64
1378293596.0_L1,1378293596.0,L1,BACKGROUND,0.0792773440480232,BACKGROUND,idxq4-64_queryq4-64
1378293660.0_L1,1378293660.0,L1,BACKGROUND,0.0830560326576232,BACKGROUND,idxq4-64_queryq4-64
1378294016.0_L1,1378294016.0,L1,BACKGROUND,0.0588558763265609,BACKGROUND,idxq4-64_queryq4-64
1378295196.0_H1,1378295196.0,H1,ROBUST,0.4043557643890381,ROBUST,idxq4-64_queryq4-64
1378300028.0_L1,1378300028.0,L1,ROBUST,0.331289678812027,ROBUST,idxq4-64_queryq4-64
1378301468.0_L1,1378301468.0,L1,AMBIGUOUS,0.218780368566513,AMBIGUOUS,idxq4-64_queryq4-64
1378301628.0_L1,1378301628.0,L1,ROBUST,0.4371931254863739,ROBUST,idxq4-64_queryq4-64
1378302208.0_L1,1378302208.0,L1,BACKGROUND,0.0594600215554237,BACKGROUND,idxq4-64_queryq4-64
1378303132.0_L1,1378303132.0,L1,BACKGROUND,0.0821345373988151,BACKGROUND,idxq4-64_queryq4-64
1378303804.0_L1,1378303804.0,L1,BACKGROUND,0.1139914467930793,BACKGROUND,idxq4-64_queryq4-64
1378305052.0_L1,1378305052.0,L1,ROBUST,0.4282113313674927,ROBUST,idxq4-64_queryq4-64
1378306556.0_L1,1378306556.0,L1,BACKGROUND,0.0776954367756843,BACKGROUND,idxq4-64_queryq4-64
1378307644.0_H1,1378307644.0,H1,ROBUST,0.419923186302185,ROBUST,idxq4-64_queryq4-64
1378308828.0_H1,1378308828.0,H1,ROBUST,0.435273677110672,ROBUST,idxq4-64_queryq4-64
1378309532.0_H1,1378309532.0,H1,ROBUST,0.4264101386070251,ROBUST,idxq4-64_queryq4-64
1378316764.0_L1,1378316764.0,L1,AMBIGUOUS,0.2026693969964981,AMBIGUOUS,idxq4-64_queryq4-64
1378317820.0_L1,1378317820.0,L1,ROBUST,0.4227001667022705,ROBUST,idxq4-64_queryq4-64
1378320764.0_L1,1378320764.0,L1,ROBUST,0.4491674304008484,ROBUST,idxq4-64_queryq4-64
1378324764.0_L1,1378324764.0,L1,BACKGROUND,0.1031095311045646,BACKGROUND,idxq4-64_queryq4-64
1378324992.0_L1,1378324992.0,L1,BACKGROUND,0.1297665387392044,BACKGROUND,idxq4-64_queryq4-64
1378324992.0_H1,1378324992.0,H1,BACKGROUND,0.07097245007753372,BACKGROUND,idxq4-64_queryq4-64
1378325180.0_L1,1378325180.0,L1,AMBIGUOUS,0.1970830261707306,AMBIGUOUS,idxq4-64_queryq4-64
1378325436.0_L1,1378325436.0,L1,ROBUST,0.2685465216636657,ROBUST,idxq4-64_queryq4-64
1378328188.0_H1,1378328188.0,H1,BACKGROUND,0.1078024581074714,BACKGROUND,idxq4-64_queryq4-64
1378328252.0_L1,1378328252.0,L1,ROBUST,0.4206413924694061,ROBUST,idxq4-64_queryq4-64
1378328444.0_H1,1378328444.0,H1,ROBUST,0.4343886077404022,ROBUST,idxq4-64_queryq4-64
1378330748.0_L1,1378330748.0,L1,BACKGROUND,0.0749535709619522,BACKGROUND,idxq4-64_queryq4-64
1378331516.0_L1,1378331516.0,L1,ROBUST,0.4116273820400238,ROBUST,idxq4-64_queryq4-64
1378331644.0_L1,1378331644.0,L1,ROBUST,0.3393033146858215,ROBUST,idxq4-64_queryq4-64
1378331804.0_L1,1378331804.0,L1,ROBUST,0.241496592760086,ROBUST,idxq4-64_queryq4-64
1378331868.0_L1,1378331868.0,L1,ROBUST,0.2462593764066696,ROBUST,idxq4-64_queryq4-64
1378333184.0_L1,1378333184.0,L1,BACKGROUND,0.0630725100636482,BACKGROUND,idxq4-64_queryq4-64
1378333500.0_L1,1378333500.0,L1,ROBUST,0.4222148954868316,ROBUST,idxq4-64_queryq4-64
1378334012.0_L1,1378334012.0,L1,ROBUST,0.4458060562610626,ROBUST,idxq4-64_queryq4-64
1378339420.0_L1,1378339420.0,L1,ROBUST,0.4096980392932892,ROBUST,idxq4-64_queryq4-64
1378339452.0_L1,1378339452.0,L1,ROBUST,0.4361886084079742,ROBUST,idxq4-64_queryq4-64
1378340124.0_L1,1378340124.0,L1,ROBUST,0.4738652408123016,ROBUST,idxq4-64_queryq4-64
1378340444.0_L1,1378340444.0,L1,BACKGROUND,0.0701153948903083,BACKGROUND,idxq4-64_queryq4-64
1378341376.0_L1,1378341376.0,L1,BACKGROUND,0.0648057460784912,BACKGROUND,idxq4-64_queryq4-64
1378350748.0_H1,1378350748.0,H1,ROBUST,0.2160377502441406,ROBUST,idxq4-64_queryq4-64
1378351036.0_H1,1378351036.0,H1,ROBUST,0.4735926389694214,ROBUST,idxq4-64_queryq4-64
1378354300.0_L1,1378354300.0,L1,BACKGROUND,0.0767343640327453,BACKGROUND,idxq4-64_queryq4-64
1378355836.0_H1,1378355836.0,H1,ROBUST,0.4377434551715851,ROBUST,idxq4-64_queryq4-64
1378358524.0_L1,1378358524.0,L1,ROBUST,0.421356052160263,ROBUST,idxq4-64_queryq4-64
1378360764.0_H1,1378360764.0,H1,BACKGROUND,0.0861316546797752,BACKGROUND,idxq4-64_queryq4-64
1378361020.0_H1,1378361020.0,H1,ROBUST,0.3490278720855713,ROBUST,idxq4-64_queryq4-64
1378361148.0_L1,1378361148.0,L1,BACKGROUND,0.0765287354588508,BACKGROUND,idxq4-64_queryq4-64
1378361404.0_H1,1378361404.0,H1,ROBUST,0.3968032896518707,ROBUST,idxq4-64_queryq4-64
1378361856.0_L1,1378361856.0,L1,BACKGROUND,0.0655566528439521,BACKGROUND,idxq4-64_queryq4-64
1378363548.0_L1,1378363548.0,L1,ROBUST,0.4258556663990021,ROBUST,idxq4-64_queryq4-64
1378370492.0_L1,1378370492.0,L1,BACKGROUND,0.1397699415683746,BACKGROUND,idxq4-64_queryq4-64
1378371580.0_L1,1378371580.0,L1,BACKGROUND,0.0811789408326149,BACKGROUND,idxq4-64_queryq4-64
1378372764.0_H1,1378372764.0,H1,BACKGROUND,0.1245680153369903,BACKGROUND,idxq4-64_queryq4-64
1378372860.0_L1,1378372860.0,L1,BACKGROUND,0.1258590668439865,BACKGROUND,idxq4-64_queryq4-64
1378374812.0_H1,1378374812.0,H1,ROBUST,0.446256935596466,ROBUST,idxq4-64_queryq4-64
1378374908.0_L1,1378374908.0,L1,BACKGROUND,0.0867644920945167,BACKGROUND,idxq4-64_queryq4-64
1378378204.0_L1,1378378204.0,L1,AMBIGUOUS,0.1906874775886535,AMBIGUOUS,idxq4-64_queryq4-64
1378378716.0_L1,1378378716.0,L1,ROBUST,0.4350574910640716,ROBUST,idxq4-64_queryq4-64
1378381404.0_L1,1378381404.0,L1,ROBUST,0.4289626181125641,ROBUST,idxq4-64_queryq4-64
1378382300.0_H1,1378382300.0,H1,ROBUST,0.2436331659555435,ROBUST,idxq4-64_queryq4-64
1378382336.0_L1,1378382336.0,L1,BACKGROUND,0.0548734441399574,BACKGROUND,idxq4-64_queryq4-64
1378382716.0_L1,1378382716.0,L1,ROBUST,0.4386488795280456,ROBUST,idxq4-64_queryq4-64
1378382940.0_L1,1378382940.0,L1,ROBUST,0.4660953879356384,ROBUST,idxq4-64_queryq4-64
1378383132.0_L1,1378383132.0,L1,BACKGROUND,0.0768409594893455,BACKGROUND,idxq4-64_queryq4-64
1378383260.0_L1,1378383260.0,L1,BACKGROUND,0.0727348327636718,BACKGROUND,idxq4-64_queryq4-64
1378386236.0_L1,1378386236.0,L1,BACKGROUND,0.0800916627049446,BACKGROUND,idxq4-64_queryq4-64
1378389308.0_L1,1378389308.0,L1,BACKGROUND,0.0851975530385971,BACKGROUND,idxq4-64_queryq4-64
1378390528.0_L1,1378390528.0,L1,BACKGROUND,0.0601386874914169,BACKGROUND,idxq4-64_queryq4-64
1378392668.0_H1,1378392668.0,H1,BACKGROUND,0.0888713151216507,BACKGROUND,idxq4-64_queryq4-64
1378393020.0_L1,1378393020.0,L1,AMBIGUOUS,0.1622795015573501,AMBIGUOUS,idxq4-64_queryq4-64
1378396220.0_H1,1378396220.0,H1,ROBUST,0.4170223772525787,ROBUST,idxq4-64_queryq4-64
1378396412.0_L1,1378396412.0,L1,BACKGROUND,0.0678390935063362,BACKGROUND,idxq4-64_queryq4-64
1378396892.0_L1,1378396892.0,L1,BACKGROUND,0.0731773674488067,BACKGROUND,idxq4-64_queryq4-64
1378397756.0_L1,1378397756.0,L1,ROBUST,0.4234301447868347,ROBUST,idxq4-64_queryq4-64
1378399164.0_H1,1378399164.0,H1,ROBUST,0.4261820018291473,ROBUST,idxq4-64_queryq4-64
1378400316.0_L1,1378400316.0,L1,ROBUST,0.2524188458919525,ROBUST,idxq4-64_queryq4-64
1378400476.0_H1,1378400476.0,H1,ROBUST,0.4625883102416992,ROBUST,idxq4-64_queryq4-64
1378400860.0_H1,1378400860.0,H1,BACKGROUND,0.1194765865802764,BACKGROUND,idxq4-64_queryq4-64
1378401404.0_L1,1378401404.0,L1,AMBIGUOUS,0.1846165359020233,AMBIGUOUS,idxq4-64_queryq4-64
1378408444.0_L1,1378408444.0,L1,BACKGROUND,0.0953030213713646,BACKGROUND,idxq4-64_queryq4-64
1378410204.0_L1,1378410204.0,L1,BACKGROUND,0.0799232497811317,BACKGROUND,idxq4-64_queryq4-64
1378410812.0_H1,1378410812.0,H1,BACKGROUND,0.1189696639776229,BACKGROUND,idxq4-64_queryq4-64
1378411008.0_H1,1378411008.0,H1,BACKGROUND,0.0707928463816642,BACKGROUND,idxq4-64_queryq4-64
1378412924.0_L1,1378412924.0,L1,BACKGROUND,0.0839078947901725,BACKGROUND,idxq4-64_queryq4-64
1378413180.0_H1,1378413180.0,H1,ROBUST,0.4386143684387207,ROBUST,idxq4-64_queryq4-64
1378413372.0_H1,1378413372.0,H1,ROBUST,0.4274316430091858,ROBUST,idxq4-64_queryq4-64
1378415836.0_L1,1378415836.0,L1,BACKGROUND,0.0637740045785904,BACKGROUND,idxq4-64_queryq4-64
1378416828.0_L1,1378416828.0,L1,AMBIGUOUS,0.2032502591609954,AMBIGUOUS,idxq4-64_queryq4-64
1378418204.0_L1,1378418204.0,L1,ROBUST,0.4194432497024536,ROBUST,idxq4-64_queryq4-64
1378418876.0_L1,1378418876.0,L1,BACKGROUND,0.0756489783525466,BACKGROUND,idxq4-64_queryq4-64
1378420892.0_L1,1378420892.0,L1,ROBUST,0.4347899258136749,ROBUST,idxq4-64_queryq4-64
1378422108.0_L1,1378422108.0,L1,ROBUST,0.3489373028278351,ROBUST,idxq4-64_queryq4-64
1378422684.0_L1,1378422684.0,L1,AMBIGUOUS,0.1554005295038223,AMBIGUOUS,idxq4-64_queryq4-64
1378424796.0_H1,1378424796.0,H1,ROBUST,0.4206912815570831,ROBUST,idxq4-64_queryq4-64
1378432476.0_L1,1378432476.0,L1,BACKGROUND,0.0723514258861541,BACKGROUND,idxq4-64_queryq4-64
1378432956.0_H1,1378432956.0,H1,ROBUST,0.4501490294933319,ROBUST,idxq4-64_queryq4-64
1378433340.0_L1,1378433340.0,L1,BACKGROUND,0.0789524540305137,BACKGROUND,idxq4-64_queryq4-64
1378436508.0_L1,1378436508.0,L1,BACKGROUND,0.0805247947573661,BACKGROUND,idxq4-64_queryq4-64
1378439036.0_H1,1378439036.0,H1,ROBUST,0.4356599450111389,ROBUST,idxq4-64_queryq4-64
1378441212.0_L1,1378441212.0,L1,BACKGROUND,0.0742882117629051,BACKGROUND,idxq4-64_queryq4-64
1378441532.0_L1,1378441532.0,L1,AMBIGUOUS,0.1786293089389801,AMBIGUOUS,idxq4-64_queryq4-64
1378441884.0_L1,1378441884.0,L1,ROBUST,0.3345480263233185,ROBUST,idxq4-64_queryq4-64
1378443484.0_L1,1378443484.0,L1,BACKGROUND,0.1142552569508552,BACKGROUND,idxq4-64_queryq4-64
1378464540.0_H1,1378464540.0,H1,ROBUST,0.4713800549507141,ROBUST,idxq4-64_queryq4-64
1378465116.0_H1,1378465116.0,H1,ROBUST,0.4154222309589386,ROBUST,idxq4-64_queryq4-64
1378465372.0_L1,1378465372.0,L1,BACKGROUND,0.0753192752599716,BACKGROUND,idxq4-64_queryq4-64
1378465724.0_H1,1378465724.0,H1,ROBUST,0.4667856991291046,ROBUST,idxq4-64_queryq4-64
1378466972.0_H1,1378466972.0,H1,ROBUST,0.4352098405361175,ROBUST,idxq4-64_queryq4-64
1378469212.0_L1,1378469212.0,L1,BACKGROUND,0.1353015601634979,BACKGROUND,idxq4-64_queryq4-64
1378472540.0_L1,1378472540.0,L1,BACKGROUND,0.1032610610127449,BACKGROUND,idxq4-64_queryq4-64
1378474460.0_L1,1378474460.0,L1,ROBUST,0.2960420846939087,ROBUST,idxq4-64_queryq4-64
1378475420.0_H1,1378475420.0,H1,ROBUST,0.3916381895542145,ROBUST,idxq4-64_queryq4-64
1378476828.0_H1,1378476828.0,H1,ROBUST,0.329515129327774,ROBUST,idxq4-64_queryq4-64
1378477884.0_L1,1378477884.0,L1,BACKGROUND,0.1381521672010421,BACKGROUND,idxq4-64_queryq4-64
1378477980.0_H1,1378477980.0,H1,ROBUST,0.4460102617740631,ROBUST,idxq4-64_queryq4-64
1378478012.0_L1,1378478012.0,L1,AMBIGUOUS,0.2066106796264648,AMBIGUOUS,idxq4-64_queryq4-64
1378478044.0_L1,1378478044.0,L1,BACKGROUND,0.0757434666156768,BACKGROUND,idxq4-64_queryq4-64
1378479356.0_L1,1378479356.0,L1,ROBUST,0.4025348722934723,ROBUST,idxq4-64_queryq4-64
1378480828.0_H1,1378480828.0,H1,BACKGROUND,0.1001956611871719,BACKGROUND,idxq4-64_queryq4-64
1378487100.0_H1,1378487100.0,H1,BACKGROUND,0.1164421886205673,BACKGROUND,idxq4-64_queryq4-64
1378487836.0_H1,1378487836.0,H1,AMBIGUOUS,0.164140447974205,AMBIGUOUS,idxq4-64_queryq4-64
1378488060.0_L1,1378488060.0,L1,ROBUST,0.4478177726268768,ROBUST,idxq4-64_queryq4-64
1378488700.0_L1,1378488700.0,L1,ROBUST,0.4369403719902038,ROBUST,idxq4-64_queryq4-64
1378489244.0_L1,1378489244.0,L1,ROBUST,0.4703148007392883,ROBUST,idxq4-64_queryq4-64
1378489276.0_L1,1378489276.0,L1,BACKGROUND,0.073920227587223,BACKGROUND,idxq4-64_queryq4-64
1378490076.0_H1,1378490076.0,H1,ROBUST,0.2066894322633743,ROBUST,idxq4-64_queryq4-64
1378491740.0_L1,1378491740.0,L1,BACKGROUND,0.0776348710060119,BACKGROUND,idxq4-64_queryq4-64
1378491836.0_H1,1378491836.0,H1,ROBUST,0.4336258769035339,ROBUST,idxq4-64_queryq4-64
1378492220.0_L1,1378492220.0,L1,AMBIGUOUS,0.1819247305393219,AMBIGUOUS,idxq4-64_queryq4-64
1378495836.0_L1,1378495836.0,L1,ROBUST,0.3555323779582977,ROBUST,idxq4-64_queryq4-64
1378495900.0_L1,1378495900.0,L1,ROBUST,0.2328690588474273,ROBUST,idxq4-64_queryq4-64
1378496732.0_L1,1378496732.0,L1,BACKGROUND,0.0961226001381874,BACKGROUND,idxq4-64_queryq4-64
1378499132.0_H1,1378499132.0,H1,BACKGROUND,0.1272680014371872,BACKGROUND,idxq4-64_queryq4-64
1378502940.0_H1,1378502940.0,H1,BACKGROUND,0.1072879657149314,BACKGROUND,idxq4-64_queryq4-64
1378504636.0_H1,1378504636.0,H1,ROBUST,0.4233244657516479,ROBUST,idxq4-64_queryq4-64
1378505500.0_H1,1378505500.0,H1,ROBUST,0.2563030123710632,ROBUST,idxq4-64_queryq4-64
1378511484.0_L1,1378511484.0,L1,ROBUST,0.3588920831680298,ROBUST,idxq4-64_queryq4-64
1378513408.0_H1,1378513408.0,H1,BACKGROUND,0.0628709346055984,BACKGROUND,idxq4-64_queryq4-64
1378515548.0_L1,1378515548.0,L1,ROBUST,0.4144651293754577,ROBUST,idxq4-64_queryq4-64
1378515740.0_L1,1378515740.0,L1,BACKGROUND,0.0717393010854721,BACKGROUND,idxq4-64_queryq4-64
1378516092.0_H1,1378516092.0,H1,ROBUST,0.4342845380306244,ROBUST,idxq4-64_queryq4-64
1378516764.0_L1,1378516764.0,L1,BACKGROUND,0.0700913295149803,BACKGROUND,idxq4-64_queryq4-64
1378517180.0_L1,1378517180.0,L1,BACKGROUND,0.0747172981500625,BACKGROUND,idxq4-64_queryq4-64
1378517504.0_L1,1378517504.0,L1,BACKGROUND,0.0663608089089393,BACKGROUND,idxq4-64_queryq4-64
1378518716.0_H1,1378518716.0,H1,AMBIGUOUS,0.1543875783681869,AMBIGUOUS,idxq4-64_queryq4-64
1378518812.0_L1,1378518812.0,L1,BACKGROUND,0.0868353396654129,BACKGROUND,idxq4-64_queryq4-64
1378519548.0_L1,1378519548.0,L1,ROBUST,0.4560856521129608,ROBUST,idxq4-64_queryq4-64
1378521600.0_H1,1378521600.0,H1,BACKGROUND,0.0558446161448955,BACKGROUND,idxq4-64_queryq4-64
1378522492.0_H1,1378522492.0,H1,BACKGROUND,0.1004323661327362,BACKGROUND,idxq4-64_queryq4-64
1378522748.0_H1,1378522748.0,H1,AMBIGUOUS,0.1410955488681793,AMBIGUOUS,idxq4-64_queryq4-64
1378523420.0_H1,1378523420.0,H1,ROBUST,0.4335956573486328,ROBUST,idxq4-64_queryq4-64
1378523612.0_H1,1378523612.0,H1,BACKGROUND,0.0910271778702735,BACKGROUND,idxq4-64_queryq4-64
1378529372.0_L1,1378529372.0,L1,ROBUST,0.4135372936725616,ROBUST,idxq4-64_queryq4-64
1378529404.0_L1,1378529404.0,L1,BACKGROUND,0.1219284981489181,BACKGROUND,idxq4-64_queryq4-64
1378530076.0_L1,1378530076.0,L1,ROBUST,0.4614637196063995,ROBUST,idxq4-64_queryq4-64
1378531036.0_L1,1378531036.0,L1,ROBUST,0.46226766705513,ROBUST,idxq4-64_queryq4-64
1378531324.0_L1,1378531324.0,L1,ROBUST,0.4455189406871795,ROBUST,idxq4-64_queryq4-64
1378531612.0_L1,1378531612.0,L1,ROBUST,0.4206737577915191,ROBUST,idxq4-64_queryq4-64
1378532060.0_H1,1378532060.0,H1,ROBUST,0.4152668714523315,ROBUST,idxq4-64_queryq4-64
1378532220.0_H1,1378532220.0,H1,ROBUST,0.3943999707698822,ROBUST,idxq4-64_queryq4-64
1378532540.0_H1,1378532540.0,H1,ROBUST,0.4393670856952667,ROBUST,idxq4-64_queryq4-64
1378535196.0_H1,1378535196.0,H1,BACKGROUND,0.1299158781766891,BACKGROUND,idxq4-64_queryq4-64
1378537628.0_H1,1378537628.0,H1,BACKGROUND,0.1030070856213569,BACKGROUND,idxq4-64_queryq4-64
1378537948.0_L1,1378537948.0,L1,AMBIGUOUS,0.1569013446569442,AMBIGUOUS,idxq4-64_queryq4-64
1378538172.0_L1,1378538172.0,L1,ROBUST,0.2640437483787536,ROBUST,idxq4-64_queryq4-64
1378539868.0_L1,1378539868.0,L1,AMBIGUOUS,0.1720592528581619,AMBIGUOUS,idxq4-64_queryq4-64
1378540924.0_L1,1378540924.0,L1,BACKGROUND,0.1089411601424217,BACKGROUND,idxq4-64_queryq4-64
1378541116.0_H1,1378541116.0,H1,BACKGROUND,0.0980033427476883,BACKGROUND,idxq4-64_queryq4-64
1378542080.0_L1,1378542080.0,L1,BACKGROUND,0.0614869333803653,BACKGROUND,idxq4-64_queryq4-64
1378542108.0_L1,1378542108.0,L1,BACKGROUND,0.0732324123382568,BACKGROUND,idxq4-64_queryq4-64
1378544828.0_H1,1378544828.0,H1,BACKGROUND,0.0788073241710662,BACKGROUND,idxq4-64_queryq4-64
1378545500.0_H1,1378545500.0,H1,BACKGROUND,0.1174701079726219,BACKGROUND,idxq4-64_queryq4-64
1378546176.0_L1,1378546176.0,L1,BACKGROUND,0.0568778105080127,BACKGROUND,idxq4-64_queryq4-64
1378546908.0_L1,1378546908.0,L1,BACKGROUND,0.0708315372467041,BACKGROUND,idxq4-64_queryq4-64
1378547612.0_L1,1378547612.0,L1,ROBUST,0.464470773935318,ROBUST,idxq4-64_queryq4-64
1378548476.0_H1,1378548476.0,H1,ROBUST,0.4870145618915558,ROBUST,idxq4-64_queryq4-64
1378548668.0_L1,1378548668.0,L1,BACKGROUND,0.0728684216737747,BACKGROUND,idxq4-64_queryq4-64
1378551452.0_L1,1378551452.0,L1,BACKGROUND,0.0731971263885498,BACKGROUND,idxq4-64_queryq4-64
1378551804.0_L1,1378551804.0,L1,BACKGROUND,0.0685622990131378,BACKGROUND,idxq4-64_queryq4-64
1378552956.0_L1,1378552956.0,L1,ROBUST,0.3604105114936828,ROBUST,idxq4-64_queryq4-64
1378553180.0_H1,1378553180.0,H1,ROBUST,0.4322585463523865,ROBUST,idxq4-64_queryq4-64
1378553692.0_L1,1378553692.0,L1,BACKGROUND,0.1030186340212822,BACKGROUND,idxq4-64_queryq4-64
1378554140.0_H1,1378554140.0,H1,ROBUST,0.4172316789627075,ROBUST,idxq4-64_queryq4-64
1378554204.0_H1,1378554204.0,H1,BACKGROUND,0.1256850957870483,BACKGROUND,idxq4-64_queryq4-64
1378554368.0_L1,1378554368.0,L1,BACKGROUND,0.060499120503664,BACKGROUND,idxq4-64_queryq4-64
1378555196.0_L1,1378555196.0,L1,BACKGROUND,0.0998073890805244,BACKGROUND,idxq4-64_queryq4-64
1378560764.0_L1,1378560764.0,L1,BACKGROUND,0.0809190422296524,BACKGROUND,idxq4-64_queryq4-64
1378562396.0_L1,1378562396.0,L1,AMBIGUOUS,0.1992850750684738,AMBIGUOUS,idxq4-64_queryq4-64
1378587324.0_H1,1378587324.0,H1,AMBIGUOUS,0.1833963096141815,AMBIGUOUS,idxq4-64_queryq4-64
1378587772.0_H1,1378587772.0,H1,BACKGROUND,0.0809299945831298,BACKGROUND,idxq4-64_queryq4-64
1378587932.0_L1,1378587932.0,L1,AMBIGUOUS,0.198817640542984,AMBIGUOUS,idxq4-64_queryq4-64
1378588092.0_H1,1378588092.0,H1,ROBUST,0.5179816484451294,ROBUST,idxq4-64_queryq4-64
1378588668.0_H1,1378588668.0,H1,AMBIGUOUS,0.132553368806839,AMBIGUOUS,idxq4-64_queryq4-64
1378591740.0_H1,1378591740.0,H1,ROBUST,0.4423090815544128,ROBUST,idxq4-64_queryq4-64
1378592572.0_L1,1378592572.0,L1,BACKGROUND,0.0748461633920669,BACKGROUND,idxq4-64_queryq4-64
1378593372.0_H1,1378593372.0,H1,ROBUST,0.4441439807415008,ROBUST,idxq4-64_queryq4-64
1378594364.0_H1,1378594364.0,H1,ROBUST,0.448193609714508,ROBUST,idxq4-64_queryq4-64
1378594908.0_L1,1378594908.0,L1,BACKGROUND,0.065113715827465,BACKGROUND,idxq4-64_queryq4-64
1378595196.0_L1,1378595196.0,L1,ROBUST,0.4091494381427765,ROBUST,idxq4-64_queryq4-64
1378595328.0_H1,1378595328.0,H1,BACKGROUND,0.064326636493206,BACKGROUND,idxq4-64_queryq4-64
1378596284.0_L1,1378596284.0,L1,ROBUST,0.4339504837989807,ROBUST,idxq4-64_queryq4-64
1378599424.0_L1,1378599424.0,L1,BACKGROUND,0.0589050687849521,BACKGROUND,idxq4-64_queryq4-64
1378604732.0_L1,1378604732.0,L1,ROBUST,0.2712432146072387,ROBUST,idxq4-64_queryq4-64
1378605468.0_H1,1378605468.0,H1,ROBUST,0.4250559508800506,ROBUST,idxq4-64_queryq4-64
1378606876.0_L1,1378606876.0,L1,ROBUST,0.4422639310359955,ROBUST,idxq4-64_queryq4-64
1378607516.0_H1,1378607516.0,H1,ROBUST,0.427060604095459,ROBUST,idxq4-64_queryq4-64
1378607580.0_L1,1378607580.0,L1,AMBIGUOUS,0.1709555834531784,AMBIGUOUS,idxq4-64_queryq4-64
1378612188.0_L1,1378612188.0,L1,ROBUST,0.4352680742740631,ROBUST,idxq4-64_queryq4-64
1378612284.0_L1,1378612284.0,L1,BACKGROUND,0.0715946555137634,BACKGROUND,idxq4-64_queryq4-64
1378612476.0_H1,1378612476.0,H1,ROBUST,0.4288740754127502,ROBUST,idxq4-64_queryq4-64
1378613660.0_L1,1378613660.0,L1,AMBIGUOUS,0.1609653532505035,AMBIGUOUS,idxq4-64_queryq4-64
1378614108.0_L1,1378614108.0,L1,ROBUST,0.3686445951461792,ROBUST,idxq4-64_queryq4-64
1378614588.0_H1,1378614588.0,H1,ROBUST,0.4153698086738586,ROBUST,idxq4-64_queryq4-64
1378614748.0_H1,1378614748.0,H1,ROBUST,0.4152411818504333,ROBUST,idxq4-64_queryq4-64
1378626044.0_L1,1378626044.0,L1,ROBUST,0.4423307478427887,ROBUST,idxq4-64_queryq4-64
1378627260.0_H1,1378627260.0,H1,AMBIGUOUS,0.1344128251075744,AMBIGUOUS,idxq4-64_queryq4-64
1378627484.0_L1,1378627484.0,L1,ROBUST,0.4515527784824371,ROBUST,idxq4-64_queryq4-64
1378627868.0_H1,1378627868.0,H1,ROBUST,0.2499765455722808,ROBUST,idxq4-64_queryq4-64
1378628220.0_L1,1378628220.0,L1,AMBIGUOUS,0.2087845802307129,AMBIGUOUS,idxq4-64_queryq4-64
1378629596.0_L1,1378629596.0,L1,ROBUST,0.4271614551544189,ROBUST,idxq4-64_queryq4-64
1378630908.0_L1,1378630908.0,L1,ROBUST,0.425406277179718,ROBUST,idxq4-64_queryq4-64
1378631036.0_H1,1378631036.0,H1,ROBUST,0.4380186200141907,ROBUST,idxq4-64_queryq4-64
1378632124.0_L1,1378632124.0,L1,ROBUST,0.4296265542507171,ROBUST,idxq4-64_queryq4-64
1378632572.0_L1,1378632572.0,L1,ROBUST,0.4374389052391052,ROBUST,idxq4-64_queryq4-64
1378634396.0_H1,1378634396.0,H1,AMBIGUOUS,0.1660550832748413,AMBIGUOUS,idxq4-64_queryq4-64
1378634460.0_L1,1378634460.0,L1,ROBUST,0.4383801817893982,ROBUST,idxq4-64_queryq4-64
1378634492.0_L1,1378634492.0,L1,ROBUST,0.4413196444511413,ROBUST,idxq4-64_queryq4-64
1378634652.0_L1,1378634652.0,L1,ROBUST,0.417356938123703,ROBUST,idxq4-64_queryq4-64
1378634972.0_L1,1378634972.0,L1,BACKGROUND,0.1112789213657379,BACKGROUND,idxq4-64_queryq4-64
1378635644.0_L1,1378635644.0,L1,BACKGROUND,0.0704698413610458,BACKGROUND,idxq4-64_queryq4-64
1378636348.0_L1,1378636348.0,L1,ROBUST,0.4186795651912689,ROBUST,idxq4-64_queryq4-64
1378637884.0_L1,1378637884.0,L1,BACKGROUND,0.0766422227025032,BACKGROUND,idxq4-64_queryq4-64
1378639484.0_L1,1378639484.0,L1,BACKGROUND,0.1156314089894294,BACKGROUND,idxq4-64_queryq4-64
1378640092.0_H1,1378640092.0,H1,ROBUST,0.3949696719646454,ROBUST,idxq4-64_queryq4-64
1378642108.0_L1,1378642108.0,L1,AMBIGUOUS,0.1508248448371887,AMBIGUOUS,idxq4-64_queryq4-64
1378647740.0_H1,1378647740.0,H1,ROBUST,0.460634708404541,ROBUST,idxq4-64_queryq4-64
1378648576.0_L1,1378648576.0,L1,BACKGROUND,0.057766169309616,BACKGROUND,idxq4-64_queryq4-64
1378648892.0_L1,1378648892.0,L1,AMBIGUOUS,0.1989196389913559,AMBIGUOUS,idxq4-64_queryq4-64
1378650204.0_L1,1378650204.0,L1,BACKGROUND,0.1404489129781723,BACKGROUND,idxq4-64_queryq4-64
1378650684.0_L1,1378650684.0,L1,AMBIGUOUS,0.2049974799156189,AMBIGUOUS,idxq4-64_queryq4-64
1378651356.0_H1,1378651356.0,H1,ROBUST,0.2203132212162017,ROBUST,idxq4-64_queryq4-64
1378651452.0_L1,1378651452.0,L1,ROBUST,0.445935308933258,ROBUST,idxq4-64_queryq4-64
1378651836.0_L1,1378651836.0,L1,ROBUST,0.2989080846309662,ROBUST,idxq4-64_queryq4-64
1378651900.0_H1,1378651900.0,H1,ROBUST,0.2087671011686325,ROBUST,idxq4-64_queryq4-64
1378652060.0_L1,1378652060.0,L1,BACKGROUND,0.1235970631241798,BACKGROUND,idxq4-64_queryq4-64
1378652092.0_L1,1378652092.0,L1,AMBIGUOUS,0.1821775138378143,AMBIGUOUS,idxq4-64_queryq4-64
1378652508.0_H1,1378652508.0,H1,ROBUST,0.4210445880889892,ROBUST,idxq4-64_queryq4-64
1378652732.0_L1,1378652732.0,L1,AMBIGUOUS,0.1556555479764938,AMBIGUOUS,idxq4-64_queryq4-64
1378652764.0_L1,1378652764.0,L1,BACKGROUND,0.1501694917678833,BACKGROUND,idxq4-64_queryq4-64
1378652892.0_L1,1378652892.0,L1,AMBIGUOUS,0.2115579694509506,AMBIGUOUS,idxq4-64_queryq4-64
1378652924.0_L1,1378652924.0,L1,BACKGROUND,0.1348568350076675,BACKGROUND,idxq4-64_queryq4-64
1378652988.0_L1,1378652988.0,L1,ROBUST,0.2650191485881805,ROBUST,idxq4-64_queryq4-64
1378653052.0_L1,1378653052.0,L1,ROBUST,0.4073636829853058,ROBUST,idxq4-64_queryq4-64
1378653084.0_L1,1378653084.0,L1,AMBIGUOUS,0.2192724049091339,AMBIGUOUS,idxq4-64_queryq4-64
1378653116.0_L1,1378653116.0,L1,AMBIGUOUS,0.1642381399869918,AMBIGUOUS,idxq4-64_queryq4-64
1378653404.0_H1,1378653404.0,H1,BACKGROUND,0.0886113345623016,BACKGROUND,idxq4-64_queryq4-64
1378656988.0_L1,1378656988.0,L1,ROBUST,0.4084186255931854,ROBUST,idxq4-64_queryq4-64
1378658620.0_H1,1378658620.0,H1,AMBIGUOUS,0.131432220339775,AMBIGUOUS,idxq4-64_queryq4-64
1378659804.0_L1,1378659804.0,L1,BACKGROUND,0.1088406220078468,BACKGROUND,idxq4-64_queryq4-64
1378661884.0_H1,1378661884.0,H1,ROBUST,0.2782152891159057,ROBUST,idxq4-64_queryq4-64
1378662172.0_L1,1378662172.0,L1,BACKGROUND,0.1196456551551818,BACKGROUND,idxq4-64_queryq4-64
1378662460.0_H1,1378662460.0,H1,BACKGROUND,0.0866883918642997,BACKGROUND,idxq4-64_queryq4-64
1378664700.0_L1,1378664700.0,L1,BACKGROUND,0.0811425372958183,BACKGROUND,idxq4-64_queryq4-64
1378683068.0_L1,1378683068.0,L1,BACKGROUND,0.0785024389624595,BACKGROUND,idxq4-64_queryq4-64
1378685980.0_L1,1378685980.0,L1,BACKGROUND,0.0669531524181366,BACKGROUND,idxq4-64_queryq4-64
1378686108.0_H1,1378686108.0,H1,ROBUST,0.4759200513362884,ROBUST,idxq4-64_queryq4-64
1378686556.0_L1,1378686556.0,L1,BACKGROUND,0.0776218846440315,BACKGROUND,idxq4-64_queryq4-64
1378687420.0_L1,1378687420.0,L1,BACKGROUND,0.1156012415885925,BACKGROUND,idxq4-64_queryq4-64
1378689660.0_L1,1378689660.0,L1,BACKGROUND,0.0838501006364822,BACKGROUND,idxq4-64_queryq4-64
1378692252.0_H1,1378692252.0,H1,ROBUST,0.4673830568790436,ROBUST,idxq4-64_queryq4-64
1378693980.0_L1,1378693980.0,L1,ROBUST,0.4820713698863983,ROBUST,idxq4-64_queryq4-64
1378694300.0_L1,1378694300.0,L1,ROBUST,0.4216789603233337,ROBUST,idxq4-64_queryq4-64
1378695324.0_H1,1378695324.0,H1,ROBUST,0.4378338456153869,ROBUST,idxq4-64_queryq4-64
1378696380.0_L1,1378696380.0,L1,ROBUST,0.4524891376495361,ROBUST,idxq4-64_queryq4-64
1378697660.0_L1,1378697660.0,L1,BACKGROUND,0.0820804312825203,BACKGROUND,idxq4-64_queryq4-64
1378698108.0_H1,1378698108.0,H1,ROBUST,0.494421899318695,ROBUST,idxq4-64_queryq4-64
1378699100.0_L1,1378699100.0,L1,ROBUST,0.4580574631690979,ROBUST,idxq4-64_queryq4-64
1378699484.0_L1,1378699484.0,L1,AMBIGUOUS,0.1722409576177597,AMBIGUOUS,idxq4-64_queryq4-64
1378700444.0_H1,1378700444.0,H1,AMBIGUOUS,0.1549958139657974,AMBIGUOUS,idxq4-64_queryq4-64
1378707164.0_L1,1378707164.0,L1,BACKGROUND,0.0699117258191108,BACKGROUND,idxq4-64_queryq4-64
1378707836.0_L1,1378707836.0,L1,BACKGROUND,0.1274910569190979,BACKGROUND,idxq4-64_queryq4-64
1378709116.0_H1,1378709116.0,H1,ROBUST,0.4517329931259155,ROBUST,idxq4-64_queryq4-64
1378709756.0_L1,1378709756.0,L1,BACKGROUND,0.070536769926548,BACKGROUND,idxq4-64_queryq4-64
1378710364.0_L1,1378710364.0,L1,ROBUST,0.4467373192310333,ROBUST,idxq4-64_queryq4-64
1378710972.0_H1,1378710972.0,H1,BACKGROUND,0.1215674579143524,BACKGROUND,idxq4-64_queryq4-64
1378712220.0_L1,1378712220.0,L1,ROBUST,0.4187468886375427,ROBUST,idxq4-64_queryq4-64
1378713212.0_H1,1378713212.0,H1,ROBUST,0.4579701125621795,ROBUST,idxq4-64_queryq4-64
1378713244.0_H1,1378713244.0,H1,BACKGROUND,0.1004189178347587,BACKGROUND,idxq4-64_queryq4-64
1378713340.0_L1,1378713340.0,L1,BACKGROUND,0.0748569369316101,BACKGROUND,idxq4-64_queryq4-64
1378714044.0_H1,1378714044.0,H1,ROBUST,0.4370088875293731,ROBUST,idxq4-64_queryq4-64
1378714940.0_L1,1378714940.0,L1,ROBUST,0.4306771457195282,ROBUST,idxq4-64_queryq4-64
1378716028.0_L1,1378716028.0,L1,BACKGROUND,0.0835926681756973,BACKGROUND,idxq4-64_queryq4-64
1378722684.0_L1,1378722684.0,L1,ROBUST,0.4589117169380188,ROBUST,idxq4-64_queryq4-64
1378723164.0_H1,1378723164.0,H1,ROBUST,0.2732869386672973,ROBUST,idxq4-64_queryq4-64
1378723676.0_H1,1378723676.0,H1,ROBUST,0.2320624887943267,ROBUST,idxq4-64_queryq4-64
1378725340.0_L1,1378725340.0,L1,BACKGROUND,0.0880505368113517,BACKGROUND,idxq4-64_queryq4-64
1378725820.0_L1,1378725820.0,L1,BACKGROUND,0.1013504788279533,BACKGROUND,idxq4-64_queryq4-64
1378726620.0_H1,1378726620.0,H1,ROBUST,0.4532293379306793,ROBUST,idxq4-64_queryq4-64
1378729500.0_L1,1378729500.0,L1,ROBUST,0.4161771237850189,ROBUST,idxq4-64_queryq4-64
1378731132.0_H1,1378731132.0,H1,ROBUST,0.4526576399803161,ROBUST,idxq4-64_queryq4-64
1378731292.0_L1,1378731292.0,L1,BACKGROUND,0.0827258750796318,BACKGROUND,idxq4-64_queryq4-64
1378731804.0_L1,1378731804.0,L1,ROBUST,0.4235352873802185,ROBUST,idxq4-64_queryq4-64
1378732444.0_L1,1378732444.0,L1,ROBUST,0.416473239660263,ROBUST,idxq4-64_queryq4-64
1378733436.0_L1,1378733436.0,L1,BACKGROUND,0.0810624733567237,BACKGROUND,idxq4-64_queryq4-64
1378733468.0_L1,1378733468.0,L1,ROBUST,0.421690285205841,ROBUST,idxq4-64_queryq4-64
1378734300.0_H1,1378734300.0,H1,ROBUST,0.2123433500528335,ROBUST,idxq4-64_queryq4-64
1378734396.0_L1,1378734396.0,L1,ROBUST,0.4432603120803833,ROBUST,idxq4-64_queryq4-64
1378735516.0_L1,1378735516.0,L1,BACKGROUND,0.1076321303844451,BACKGROUND,idxq4-64_queryq4-64
1378736444.0_L1,1378736444.0,L1,ROBUST,0.4615953266620636,ROBUST,idxq4-64_queryq4-64
1378737212.0_H1,1378737212.0,H1,ROBUST,0.4525238275527954,ROBUST,idxq4-64_queryq4-64
1378738588.0_L1,1378738588.0,L1,ROBUST,0.4331450760364532,ROBUST,idxq4-64_queryq4-64
1378738652.0_L1,1378738652.0,L1,AMBIGUOUS,0.1887524574995041,AMBIGUOUS,idxq4-64_queryq4-64
1378739068.0_L1,1378739068.0,L1,ROBUST,0.4122686386108398,ROBUST,idxq4-64_queryq4-64
1378739612.0_L1,1378739612.0,L1,BACKGROUND,0.1184371784329414,BACKGROUND,idxq4-64_queryq4-64
1378739644.0_H1,1378739644.0,H1,ROBUST,0.4871426820755005,ROBUST,idxq4-64_queryq4-64
1378739676.0_L1,1378739676.0,L1,ROBUST,0.4202316105365753,ROBUST,idxq4-64_queryq4-64
1378739676.0_H1,1378739676.0,H1,ROBUST,0.41773876547813416,ROBUST,idxq4-64_queryq4-64
1378740764.0_L1,1378740764.0,L1,BACKGROUND,0.1493305563926696,BACKGROUND,idxq4-64_queryq4-64
1378741180.0_H1,1378741180.0,H1,ROBUST,0.4402460157871246,ROBUST,idxq4-64_queryq4-64
1378742172.0_L1,1378742172.0,L1,BACKGROUND,0.0745398476719856,BACKGROUND,idxq4-64_queryq4-64
1378742332.0_H1,1378742332.0,H1,ROBUST,0.439231276512146,ROBUST,idxq4-64_queryq4-64
1378743100.0_H1,1378743100.0,H1,ROBUST,0.451687753200531,ROBUST,idxq4-64_queryq4-64
1378746844.0_L1,1378746844.0,L1,AMBIGUOUS,0.1955139487981796,AMBIGUOUS,idxq4-64_queryq4-64
1378748124.0_H1,1378748124.0,H1,ROBUST,0.4390752613544464,ROBUST,idxq4-64_queryq4-64
1378748508.0_L1,1378748508.0,L1,AMBIGUOUS,0.1871644407510757,AMBIGUOUS,idxq4-64_queryq4-64
1378749852.0_H1,1378749852.0,H1,ROBUST,0.4539400339126587,ROBUST,idxq4-64_queryq4-64
1378749884.0_H1,1378749884.0,H1,ROBUST,0.4259654283523559,ROBUST,idxq4-64_queryq4-64
1378750076.0_H1,1378750076.0,H1,BACKGROUND,0.098589614033699,BACKGROUND,idxq4-64_queryq4-64
1378750300.0_L1,1378750300.0,L1,BACKGROUND,0.1136653423309326,BACKGROUND,idxq4-64_queryq4-64
1378750300.0_H1,1378750300.0,H1,ROBUST,0.421188622713089,ROBUST,idxq4-64_queryq4-64
1378753628.0_L1,1378753628.0,L1,BACKGROUND,0.0816772282123565,BACKGROUND,idxq4-64_queryq4-64
1378754236.0_L1,1378754236.0,L1,ROBUST,0.4303366839885711,ROBUST,idxq4-64_queryq4-64
1378755676.0_L1,1378755676.0,L1,ROBUST,0.4175358414649963,ROBUST,idxq4-64_queryq4-64
1378760188.0_L1,1378760188.0,L1,AMBIGUOUS,0.200388491153717,AMBIGUOUS,idxq4-64_queryq4-64
1378760924.0_L1,1378760924.0,L1,ROBUST,0.2749130129814148,ROBUST,idxq4-64_queryq4-64
1378760956.0_L1,1378760956.0,L1,ROBUST,0.4319725036621094,ROBUST,idxq4-64_queryq4-64
1378761340.0_L1,1378761340.0,L1,AMBIGUOUS,0.1543441414833068,AMBIGUOUS,idxq4-64_queryq4-64
1378761436.0_L1,1378761436.0,L1,AMBIGUOUS,0.1916415244340896,AMBIGUOUS,idxq4-64_queryq4-64
1378761916.0_L1,1378761916.0,L1,BACKGROUND,0.072356104850769,BACKGROUND,idxq4-64_queryq4-64
1378767420.0_H1,1378767420.0,H1,BACKGROUND,0.0838476046919822,BACKGROUND,idxq4-64_queryq4-64
1378768828.0_H1,1378768828.0,H1,ROBUST,0.416843444108963,ROBUST,idxq4-64_queryq4-64
1378770012.0_H1,1378770012.0,H1,AMBIGUOUS,0.1334866434335708,AMBIGUOUS,idxq4-64_queryq4-64
1378770140.0_L1,1378770140.0,L1,ROBUST,0.4574151933193207,ROBUST,idxq4-64_queryq4-64
1378774300.0_L1,1378774300.0,L1,ROBUST,0.4461926519870758,ROBUST,idxq4-64_queryq4-64
1378775228.0_L1,1378775228.0,L1,ROBUST,0.4165978133678436,ROBUST,idxq4-64_queryq4-64
1378775552.0_L1,1378775552.0,L1,BACKGROUND,0.0636149644851684,BACKGROUND,idxq4-64_queryq4-64
1378778684.0_H1,1378778684.0,H1,BACKGROUND,0.0845565274357795,BACKGROUND,idxq4-64_queryq4-64
1378778844.0_H1,1378778844.0,H1,BACKGROUND,0.0898073092103004,BACKGROUND,idxq4-64_queryq4-64
1378780188.0_L1,1378780188.0,L1,BACKGROUND,0.1292326748371124,BACKGROUND,idxq4-64_queryq4-64
1378780988.0_H1,1378780988.0,H1,ROBUST,0.4177810549736023,ROBUST,idxq4-64_queryq4-64
1378781436.0_L1,1378781436.0,L1,BACKGROUND,0.0775391682982444,BACKGROUND,idxq4-64_queryq4-64
1378781980.0_L1,1378781980.0,L1,BACKGROUND,0.0673735737800598,BACKGROUND,idxq4-64_queryq4-64
1378782172.0_L1,1378782172.0,L1,ROBUST,0.4184181690216064,ROBUST,idxq4-64_queryq4-64
1378783196.0_L1,1378783196.0,L1,BACKGROUND,0.0815417096018791,BACKGROUND,idxq4-64_queryq4-64
1378784252.0_L1,1378784252.0,L1,BACKGROUND,0.0696674063801765,BACKGROUND,idxq4-64_queryq4-64
1378785916.0_H1,1378785916.0,H1,ROBUST,0.4393945932388305,ROBUST,idxq4-64_queryq4-64
1378786524.0_L1,1378786524.0,L1,BACKGROUND,0.0768881365656852,BACKGROUND,idxq4-64_queryq4-64
1378787228.0_L1,1378787228.0,L1,ROBUST,0.4546575248241424,ROBUST,idxq4-64_queryq4-64
1378788252.0_L1,1378788252.0,L1,BACKGROUND,0.0776252821087837,BACKGROUND,idxq4-64_queryq4-64
1378788700.0_H1,1378788700.0,H1,ROBUST,0.4598086178302765,ROBUST,idxq4-64_queryq4-64
1378789436.0_H1,1378789436.0,H1,BACKGROUND,0.0990350022912025,BACKGROUND,idxq4-64_queryq4-64
1378789820.0_L1,1378789820.0,L1,AMBIGUOUS,0.1564757078886032,AMBIGUOUS,idxq4-64_queryq4-64
1378790396.0_L1,1378790396.0,L1,ROBUST,0.4231269359588623,ROBUST,idxq4-64_queryq4-64
1378790652.0_L1,1378790652.0,L1,ROBUST,0.4368515312671661,ROBUST,idxq4-64_queryq4-64
1378793340.0_H1,1378793340.0,H1,ROBUST,0.4631797671318054,ROBUST,idxq4-64_queryq4-64
1378793372.0_L1,1378793372.0,L1,ROBUST,0.4414809346199035,ROBUST,idxq4-64_queryq4-64
1378794172.0_L1,1378794172.0,L1,BACKGROUND,0.0716477110981941,BACKGROUND,idxq4-64_queryq4-64
1378795996.0_H1,1378795996.0,H1,ROBUST,0.2092803567647934,ROBUST,idxq4-64_queryq4-64
1378796032.0_L1,1378796032.0,L1,BACKGROUND,0.0643053129315376,BACKGROUND,idxq4-64_queryq4-64
1378796540.0_H1,1378796540.0,H1,BACKGROUND,0.0738848820328712,BACKGROUND,idxq4-64_queryq4-64
1378796668.0_L1,1378796668.0,L1,BACKGROUND,0.1479946076869964,BACKGROUND,idxq4-64_queryq4-64
1378796668.0_H1,1378796668.0,H1,BACKGROUND,0.10305152088403702,BACKGROUND,idxq4-64_queryq4-64
1378797852.0_L1,1378797852.0,L1,ROBUST,0.2982500195503235,ROBUST,idxq4-64_queryq4-64
1378798524.0_L1,1378798524.0,L1,ROBUST,0.4162671566009521,ROBUST,idxq4-64_queryq4-64
1378799708.0_L1,1378799708.0,L1,BACKGROUND,0.0931841805577278,BACKGROUND,idxq4-64_queryq4-64
1378803548.0_L1,1378803548.0,L1,ROBUST,0.4139945209026336,ROBUST,idxq4-64_queryq4-64
1378806684.0_H1,1378806684.0,H1,ROBUST,0.4402777254581451,ROBUST,idxq4-64_queryq4-64
1378808348.0_L1,1378808348.0,L1,ROBUST,0.4304006695747375,ROBUST,idxq4-64_queryq4-64
1378808956.0_L1,1378808956.0,L1,AMBIGUOUS,0.189813420176506,AMBIGUOUS,idxq4-64_queryq4-64
1378810076.0_L1,1378810076.0,L1,BACKGROUND,0.0799912884831428,BACKGROUND,idxq4-64_queryq4-64
1378810588.0_L1,1378810588.0,L1,ROBUST,0.4219946563243866,ROBUST,idxq4-64_queryq4-64
1378812252.0_L1,1378812252.0,L1,BACKGROUND,0.1168721318244934,BACKGROUND,idxq4-64_queryq4-64
1378813052.0_H1,1378813052.0,H1,ROBUST,0.4147430956363678,ROBUST,idxq4-64_queryq4-64
1378813820.0_L1,1378813820.0,L1,ROBUST,0.3284059464931488,ROBUST,idxq4-64_queryq4-64
1378814108.0_H1,1378814108.0,H1,ROBUST,0.4425327181816101,ROBUST,idxq4-64_queryq4-64
1378814684.0_L1,1378814684.0,L1,ROBUST,0.4343874752521515,ROBUST,idxq4-64_queryq4-64
1378814876.0_L1,1378814876.0,L1,ROBUST,0.2234627157449722,ROBUST,idxq4-64_queryq4-64
1378815132.0_L1,1378815132.0,L1,BACKGROUND,0.1303199529647827,BACKGROUND,idxq4-64_queryq4-64
1378815260.0_L1,1378815260.0,L1,BACKGROUND,0.0998826250433921,BACKGROUND,idxq4-64_queryq4-64
1378817468.0_L1,1378817468.0,L1,ROBUST,0.4471881985664367,ROBUST,idxq4-64_queryq4-64
1378817948.0_L1,1378817948.0,L1,BACKGROUND,0.1451520025730133,BACKGROUND,idxq4-64_queryq4-64
1378819804.0_H1,1378819804.0,H1,ROBUST,0.4431554079055786,ROBUST,idxq4-64_queryq4-64
1378820380.0_H1,1378820380.0,H1,ROBUST,0.4366889595985412,ROBUST,idxq4-64_queryq4-64
1378820540.0_H1,1378820540.0,H1,ROBUST,0.4568474590778351,ROBUST,idxq4-64_queryq4-64
1378820608.0_L1,1378820608.0,L1,BACKGROUND,0.0610562562942504,BACKGROUND,idxq4-64_queryq4-64
1378820860.0_L1,1378820860.0,L1,BACKGROUND,0.0838589742779731,BACKGROUND,idxq4-64_queryq4-64
1378821468.0_L1,1378821468.0,L1,AMBIGUOUS,0.1571910232305526,AMBIGUOUS,idxq4-64_queryq4-64
1378822588.0_L1,1378822588.0,L1,BACKGROUND,0.1409471184015274,BACKGROUND,idxq4-64_queryq4-64
1378824668.0_L1,1378824668.0,L1,BACKGROUND,0.1414038687944412,BACKGROUND,idxq4-64_queryq4-64
1378824988.0_H1,1378824988.0,H1,AMBIGUOUS,0.1318553984165191,AMBIGUOUS,idxq4-64_queryq4-64
1378828860.0_L1,1378828860.0,L1,ROBUST,0.2748279571533203,ROBUST,idxq4-64_queryq4-64
1378829276.0_H1,1378829276.0,H1,ROBUST,0.4381064474582672,ROBUST,idxq4-64_queryq4-64
1378832092.0_L1,1378832092.0,L1,ROBUST,0.4223490357398987,ROBUST,idxq4-64_queryq4-64
1378832316.0_H1,1378832316.0,H1,ROBUST,0.4315764904022217,ROBUST,idxq4-64_queryq4-64
1378834236.0_L1,1378834236.0,L1,ROBUST,0.3760908544063568,ROBUST,idxq4-64_queryq4-64
1378834844.0_L1,1378834844.0,L1,AMBIGUOUS,0.1752832978963852,AMBIGUOUS,idxq4-64_queryq4-64
1378835292.0_L1,1378835292.0,L1,AMBIGUOUS,0.1532782614231109,AMBIGUOUS,idxq4-64_queryq4-64
1378836220.0_L1,1378836220.0,L1,ROBUST,0.4284209012985229,ROBUST,idxq4-64_queryq4-64
1378836668.0_L1,1378836668.0,L1,AMBIGUOUS,0.1615370512008667,AMBIGUOUS,idxq4-64_queryq4-64
1378837148.0_L1,1378837148.0,L1,ROBUST,0.4158033430576324,ROBUST,idxq4-64_queryq4-64
1378841276.0_L1,1378841276.0,L1,ROBUST,0.233267143368721,ROBUST,idxq4-64_queryq4-64
1378842204.0_L1,1378842204.0,L1,AMBIGUOUS,0.1547414064407348,AMBIGUOUS,idxq4-64_queryq4-64
1378842492.0_H1,1378842492.0,H1,BACKGROUND,0.1014257743954658,BACKGROUND,idxq4-64_queryq4-64
1378848316.0_H1,1378848316.0,H1,BACKGROUND,0.0772234722971916,BACKGROUND,idxq4-64_queryq4-64
1378848892.0_L1,1378848892.0,L1,ROBUST,0.240384891629219,ROBUST,idxq4-64_queryq4-64
1378850396.0_H1,1378850396.0,H1,BACKGROUND,0.0863961428403854,BACKGROUND,idxq4-64_queryq4-64
1378851100.0_L1,1378851100.0,L1,AMBIGUOUS,0.2096849679946899,AMBIGUOUS,idxq4-64_queryq4-64
1378851584.0_H1,1378851584.0,H1,BACKGROUND,0.0649569779634475,BACKGROUND,idxq4-64_queryq4-64
1378853372.0_H1,1378853372.0,H1,BACKGROUND,0.120201826095581,BACKGROUND,idxq4-64_queryq4-64
1378854012.0_L1,1378854012.0,L1,AMBIGUOUS,0.1625007390975952,AMBIGUOUS,idxq4-64_queryq4-64
1378854844.0_H1,1378854844.0,H1,AMBIGUOUS,0.1303783357143402,AMBIGUOUS,idxq4-64_queryq4-64
1378857116.0_L1,1378857116.0,L1,AMBIGUOUS,0.1528457552194595,AMBIGUOUS,idxq4-64_queryq4-64
1378857212.0_H1,1378857212.0,H1,ROBUST,0.5065193772315979,ROBUST,idxq4-64_queryq4-64
1378858076.0_H1,1378858076.0,H1,AMBIGUOUS,0.1631272286176681,AMBIGUOUS,idxq4-64_queryq4-64
1378860604.0_L1,1378860604.0,L1,ROBUST,0.3625655472278595,ROBUST,idxq4-64_queryq4-64
1378861532.0_L1,1378861532.0,L1,ROBUST,0.4317758083343506,ROBUST,idxq4-64_queryq4-64
1378864636.0_L1,1378864636.0,L1,ROBUST,0.2265116721391677,ROBUST,idxq4-64_queryq4-64
1378865756.0_L1,1378865756.0,L1,AMBIGUOUS,0.1810804307460785,AMBIGUOUS,idxq4-64_queryq4-64
1378866268.0_L1,1378866268.0,L1,BACKGROUND,0.137685939669609,BACKGROUND,idxq4-64_queryq4-64
1378866428.0_L1,1378866428.0,L1,ROBUST,0.2343578189611435,ROBUST,idxq4-64_queryq4-64
1378869724.0_L1,1378869724.0,L1,ROBUST,0.4490222334861755,ROBUST,idxq4-64_queryq4-64
1378870588.0_H1,1378870588.0,H1,AMBIGUOUS,0.165386825799942,AMBIGUOUS,idxq4-64_queryq4-64
1378874460.0_H1,1378874460.0,H1,ROBUST,0.4326865971088409,ROBUST,idxq4-64_queryq4-64
1378874556.0_L1,1378874556.0,L1,AMBIGUOUS,0.1899759024381637,AMBIGUOUS,idxq4-64_queryq4-64
1378874972.0_H1,1378874972.0,H1,ROBUST,0.4388646483421325,ROBUST,idxq4-64_queryq4-64
1378875100.0_H1,1378875100.0,H1,BACKGROUND,0.1198034882545471,BACKGROUND,idxq4-64_queryq4-64
1378875964.0_H1,1378875964.0,H1,ROBUST,0.4691618084907532,ROBUST,idxq4-64_queryq4-64
1378876412.0_L1,1378876412.0,L1,ROBUST,0.2290759980678558,ROBUST,idxq4-64_queryq4-64
1378876956.0_H1,1378876956.0,H1,AMBIGUOUS,0.1453787833452224,AMBIGUOUS,idxq4-64_queryq4-64
1378879356.0_L1,1378879356.0,L1,ROBUST,0.223610371351242,ROBUST,idxq4-64_queryq4-64
1378884220.0_H1,1378884220.0,H1,ROBUST,0.4326926171779632,ROBUST,idxq4-64_queryq4-64
1378884252.0_L1,1378884252.0,L1,AMBIGUOUS,0.1680371165275573,AMBIGUOUS,idxq4-64_queryq4-64
1378886172.0_L1,1378886172.0,L1,ROBUST,0.4229426085948944,ROBUST,idxq4-64_queryq4-64
1378888316.0_L1,1378888316.0,L1,BACKGROUND,0.115221120417118,BACKGROUND,idxq4-64_queryq4-64
1378889116.0_L1,1378889116.0,L1,AMBIGUOUS,0.1508458703756332,AMBIGUOUS,idxq4-64_queryq4-64
1378890236.0_L1,1378890236.0,L1,AMBIGUOUS,0.1907079815864563,AMBIGUOUS,idxq4-64_queryq4-64
1378892604.0_H1,1378892604.0,H1,AMBIGUOUS,0.2007082849740982,AMBIGUOUS,idxq4-64_queryq4-64
1378893308.0_L1,1378893308.0,L1,AMBIGUOUS,0.2193067669868469,AMBIGUOUS,idxq4-64_queryq4-64
1378893404.0_L1,1378893404.0,L1,BACKGROUND,0.1251563280820846,BACKGROUND,idxq4-64_queryq4-64
1378893820.0_H1,1378893820.0,H1,ROBUST,0.3892621397972107,ROBUST,idxq4-64_queryq4-64
1378894716.0_H1,1378894716.0,H1,ROBUST,0.4664819836616516,ROBUST,idxq4-64_queryq4-64
1378897468.0_L1,1378897468.0,L1,BACKGROUND,0.1398509293794632,BACKGROUND,idxq4-64_queryq4-64
1378898620.0_H1,1378898620.0,H1,ROBUST,0.4520750641822815,ROBUST,idxq4-64_queryq4-64
1378902556.0_L1,1378902556.0,L1,BACKGROUND,0.1386299431324005,BACKGROUND,idxq4-64_queryq4-64
1378902556.0_H1,1378902556.0,H1,BACKGROUND,0.08084624260663986,BACKGROUND,idxq4-64_queryq4-64
1378903004.0_H1,1378903004.0,H1,ROBUST,0.4546492993831634,ROBUST,idxq4-64_queryq4-64
1378906652.0_H1,1378906652.0,H1,ROBUST,0.4328819811344147,ROBUST,idxq4-64_queryq4-64
1378907676.0_L1,1378907676.0,L1,AMBIGUOUS,0.1676256209611892,AMBIGUOUS,idxq4-64_queryq4-64
1378907964.0_L1,1378907964.0,L1,BACKGROUND,0.1376716196537017,BACKGROUND,idxq4-64_queryq4-64
1378908412.0_L1,1378908412.0,L1,BACKGROUND,0.1149225905537605,BACKGROUND,idxq4-64_queryq4-64
1378908572.0_L1,1378908572.0,L1,BACKGROUND,0.1323378682136535,BACKGROUND,idxq4-64_queryq4-64
1378908668.0_L1,1378908668.0,L1,AMBIGUOUS,0.2129564881324768,AMBIGUOUS,idxq4-64_queryq4-64
1378908828.0_H1,1378908828.0,H1,ROBUST,0.3663883805274963,ROBUST,idxq4-64_queryq4-64
1378909820.0_L1,1378909820.0,L1,ROBUST,0.4461363852024078,ROBUST,idxq4-64_queryq4-64
1378910460.0_H1,1378910460.0,H1,ROBUST,0.4343993365764618,ROBUST,idxq4-64_queryq4-64
1378911068.0_H1,1378911068.0,H1,BACKGROUND,0.1123133450746536,BACKGROUND,idxq4-64_queryq4-64
1378911356.0_L1,1378911356.0,L1,AMBIGUOUS,0.1787302047014236,AMBIGUOUS,idxq4-64_queryq4-64
1378915324.0_H1,1378915324.0,H1,ROBUST,0.421689361333847,ROBUST,idxq4-64_queryq4-64
1378926556.0_L1,1378926556.0,L1,BACKGROUND,0.1204568669199943,BACKGROUND,idxq4-64_queryq4-64
1378931804.0_H1,1378931804.0,H1,BACKGROUND,0.0800425633788108,BACKGROUND,idxq4-64_queryq4-64
1378933276.0_L1,1378933276.0,L1,ROBUST,0.4448944628238678,ROBUST,idxq4-64_queryq4-64
1378934300.0_L1,1378934300.0,L1,ROBUST,0.4699982404708862,ROBUST,idxq4-64_queryq4-64
1378939100.0_H1,1378939100.0,H1,ROBUST,0.4170990884304046,ROBUST,idxq4-64_queryq4-64
1378939772.0_L1,1378939772.0,L1,BACKGROUND,0.0982993468642234,BACKGROUND,idxq4-64_queryq4-64
1378940092.0_H1,1378940092.0,H1,ROBUST,0.4077660143375397,ROBUST,idxq4-64_queryq4-64
1378940668.0_H1,1378940668.0,H1,BACKGROUND,0.1233477294445037,BACKGROUND,idxq4-64_queryq4-64
1378940828.0_L1,1378940828.0,L1,AMBIGUOUS,0.1958402097225189,AMBIGUOUS,idxq4-64_queryq4-64
1378942268.0_H1,1378942268.0,H1,AMBIGUOUS,0.180840328335762,AMBIGUOUS,idxq4-64_queryq4-64
1378945436.0_L1,1378945436.0,L1,ROBUST,0.4729640185832977,ROBUST,idxq4-64_queryq4-64
1378946268.0_H1,1378946268.0,H1,ROBUST,0.4546024799346924,ROBUST,idxq4-64_queryq4-64
1378946300.0_H1,1378946300.0,H1,ROBUST,0.4722315371036529,ROBUST,idxq4-64_queryq4-64
1378947516.0_H1,1378947516.0,H1,ROBUST,0.4089009761810303,ROBUST,idxq4-64_queryq4-64
1378949276.0_L1,1378949276.0,L1,ROBUST,0.4202825427055359,ROBUST,idxq4-64_queryq4-64
1378950396.0_H1,1378950396.0,H1,ROBUST,0.4513136446475982,ROBUST,idxq4-64_queryq4-64
1378959260.0_H1,1378959260.0,H1,AMBIGUOUS,0.1379723250865936,AMBIGUOUS,idxq4-64_queryq4-64
1378962044.0_L1,1378962044.0,L1,ROBUST,0.4260354340076446,ROBUST,idxq4-64_queryq4-64
1378962364.0_H1,1378962364.0,H1,ROBUST,0.4261280000209808,ROBUST,idxq4-64_queryq4-64
1378962940.0_H1,1378962940.0,H1,ROBUST,0.4449120461940765,ROBUST,idxq4-64_queryq4-64
1378966844.0_L1,1378966844.0,L1,AMBIGUOUS,0.1792416274547577,AMBIGUOUS,idxq4-64_queryq4-64
1378967996.0_L1,1378967996.0,L1,AMBIGUOUS,0.1584947556257248,AMBIGUOUS,idxq4-64_queryq4-64
1378971676.0_H1,1378971676.0,H1,BACKGROUND,0.1231618225574493,BACKGROUND,idxq4-64_queryq4-64
1378979004.0_H1,1378979004.0,H1,ROBUST,0.3349095582962036,ROBUST,idxq4-64_queryq4-64
1378980124.0_L1,1378980124.0,L1,ROBUST,0.4074130356311798,ROBUST,idxq4-64_queryq4-64
1378980476.0_H1,1378980476.0,H1,ROBUST,0.4614031612873077,ROBUST,idxq4-64_queryq4-64
1378984988.0_H1,1378984988.0,H1,BACKGROUND,0.1203629523515701,BACKGROUND,idxq4-64_queryq4-64
1378995004.0_L1,1378995004.0,L1,AMBIGUOUS,0.1933986693620681,AMBIGUOUS,idxq4-64_queryq4-64
1378995676.0_H1,1378995676.0,H1,ROBUST,0.3601345419883728,ROBUST,idxq4-64_queryq4-64
1378999868.0_H1,1378999868.0,H1,BACKGROUND,0.1032916530966758,BACKGROUND,idxq4-64_queryq4-64
1379001628.0_H1,1379001628.0,H1,ROBUST,0.43137988448143,ROBUST,idxq4-64_queryq4-64
1379007132.0_H1,1379007132.0,H1,ROBUST,0.4137267470359802,ROBUST,idxq4-64_queryq4-64
1379009948.0_L1,1379009948.0,L1,ROBUST,0.4219594597816467,ROBUST,idxq4-64_queryq4-64
1379012860.0_H1,1379012860.0,H1,ROBUST,0.4493934512138366,ROBUST,idxq4-64_queryq4-64
1379013916.0_H1,1379013916.0,H1,ROBUST,0.4122611284255981,ROBUST,idxq4-64_queryq4-64
1379014524.0_H1,1379014524.0,H1,BACKGROUND,0.126249298453331,BACKGROUND,idxq4-64_queryq4-64
1379015356.0_L1,1379015356.0,L1,ROBUST,0.4304542541503906,ROBUST,idxq4-64_queryq4-64
1379015868.0_L1,1379015868.0,L1,ROBUST,0.4128592610359192,ROBUST,idxq4-64_queryq4-64
1379018172.0_H1,1379018172.0,H1,ROBUST,0.4289406538009643,ROBUST,idxq4-64_queryq4-64
1379019580.0_H1,1379019580.0,H1,ROBUST,0.503633975982666,ROBUST,idxq4-64_queryq4-64
1379021244.0_H1,1379021244.0,H1,BACKGROUND,0.0967692211270332,BACKGROUND,idxq4-64_queryq4-64
1379022204.0_L1,1379022204.0,L1,ROBUST,0.3847686946392059,ROBUST,idxq4-64_queryq4-64
1379022684.0_L1,1379022684.0,L1,AMBIGUOUS,0.1686041504144668,AMBIGUOUS,idxq4-64_queryq4-64
1379030044.0_L1,1379030044.0,L1,BACKGROUND,0.1117023453116417,BACKGROUND,idxq4-64_queryq4-64
1379030748.0_L1,1379030748.0,L1,BACKGROUND,0.1420480757951736,BACKGROUND,idxq4-64_queryq4-64
1379033372.0_H1,1379033372.0,H1,ROBUST,0.4284318089485168,ROBUST,idxq4-64_queryq4-64
1379035036.0_L1,1379035036.0,L1,AMBIGUOUS,0.1551580280065536,AMBIGUOUS,idxq4-64_queryq4-64
1379040700.0_H1,1379040700.0,H1,BACKGROUND,0.1012031063437461,BACKGROUND,idxq4-64_queryq4-64
1379046492.0_L1,1379046492.0,L1,AMBIGUOUS,0.1577643305063247,AMBIGUOUS,idxq4-64_queryq4-64
1379047644.0_L1,1379047644.0,L1,AMBIGUOUS,0.1602697372436523,AMBIGUOUS,idxq4-64_queryq4-64
1379048220.0_L1,1379048220.0,L1,AMBIGUOUS,0.1717803180217743,AMBIGUOUS,idxq4-64_queryq4-64
1379049532.0_H1,1379049532.0,H1,ROBUST,0.4707812070846557,ROBUST,idxq4-64_queryq4-64
1379049724.0_H1,1379049724.0,H1,ROBUST,0.4350106120109558,ROBUST,idxq4-64_queryq4-64
1379052288.0_H1,1379052288.0,H1,BACKGROUND,0.0566362850368022,BACKGROUND,idxq4-64_queryq4-64
1379052668.0_H1,1379052668.0,H1,ROBUST,0.4019084870815277,ROBUST,idxq4-64_queryq4-64
1379052828.0_H1,1379052828.0,H1,AMBIGUOUS,0.1876840591430664,AMBIGUOUS,idxq4-64_queryq4-64
1379053212.0_H1,1379053212.0,H1,ROBUST,0.4367815554141998,ROBUST,idxq4-64_queryq4-64
1379056028.0_L1,1379056028.0,L1,ROBUST,0.4269182980060577,ROBUST,idxq4-64_queryq4-64
1379057340.0_L1,1379057340.0,L1,AMBIGUOUS,0.1790989935398101,AMBIGUOUS,idxq4-64_queryq4-64
1379057852.0_L1,1379057852.0,L1,AMBIGUOUS,0.2116087526082992,AMBIGUOUS,idxq4-64_queryq4-64
1379058140.0_L1,1379058140.0,L1,AMBIGUOUS,0.1763264834880828,AMBIGUOUS,idxq4-64_queryq4-64
1379058652.0_H1,1379058652.0,H1,AMBIGUOUS,0.1452315300703048,AMBIGUOUS,idxq4-64_queryq4-64
1379060860.0_L1,1379060860.0,L1,AMBIGUOUS,0.1687214821577072,AMBIGUOUS,idxq4-64_queryq4-64
1379062268.0_H1,1379062268.0,H1,BACKGROUND,0.1198392733931541,BACKGROUND,idxq4-64_queryq4-64
1379063196.0_H1,1379063196.0,H1,AMBIGUOUS,0.1423175483942031,AMBIGUOUS,idxq4-64_queryq4-64
1379064764.0_L1,1379064764.0,L1,AMBIGUOUS,0.1917541921138763,AMBIGUOUS,idxq4-64_queryq4-64
1379065212.0_L1,1379065212.0,L1,ROBUST,0.4711292386054992,ROBUST,idxq4-64_queryq4-64
1379067228.0_L1,1379067228.0,L1,AMBIGUOUS,0.17143315076828,AMBIGUOUS,idxq4-64_queryq4-64
1379067900.0_L1,1379067900.0,L1,BACKGROUND,0.1437266916036605,BACKGROUND,idxq4-64_queryq4-64
1379073820.0_H1,1379073820.0,H1,ROBUST,0.2513799369335174,ROBUST,idxq4-64_queryq4-64
1379074044.0_L1,1379074044.0,L1,AMBIGUOUS,0.1738385409116745,AMBIGUOUS,idxq4-64_queryq4-64
1379076988.0_H1,1379076988.0,H1,AMBIGUOUS,0.1455350816249847,AMBIGUOUS,idxq4-64_queryq4-64
1379079324.0_L1,1379079324.0,L1,AMBIGUOUS,0.1789275109767913,AMBIGUOUS,idxq4-64_queryq4-64
1379079356.0_L1,1379079356.0,L1,AMBIGUOUS,0.1819385439157486,AMBIGUOUS,idxq4-64_queryq4-64
1379098972.0_L1,1379098972.0,L1,ROBUST,0.2229928225278854,ROBUST,idxq4-64_queryq4-64
1379099324.0_L1,1379099324.0,L1,BACKGROUND,0.1077167317271232,BACKGROUND,idxq4-64_queryq4-64
1379099452.0_H1,1379099452.0,H1,BACKGROUND,0.1127345263957977,BACKGROUND,idxq4-64_queryq4-64
1379099804.0_L1,1379099804.0,L1,BACKGROUND,0.1339791119098663,BACKGROUND,idxq4-64_queryq4-64
1379100092.0_H1,1379100092.0,H1,AMBIGUOUS,0.1867953538894653,AMBIGUOUS,idxq4-64_queryq4-64
1379100252.0_H1,1379100252.0,H1,ROBUST,0.4192622601985931,ROBUST,idxq4-64_queryq4-64
1379101020.0_L1,1379101020.0,L1,AMBIGUOUS,0.1991991847753524,AMBIGUOUS,idxq4-64_queryq4-64
1379104828.0_H1,1379104828.0,H1,ROBUST,0.4470276832580566,ROBUST,idxq4-64_queryq4-64
1379107932.0_L1,1379107932.0,L1,BACKGROUND,0.1462394744157791,BACKGROUND,idxq4-64_queryq4-64
1379109532.0_L1,1379109532.0,L1,BACKGROUND,0.1352554708719253,BACKGROUND,idxq4-64_queryq4-64
1379110460.0_H1,1379110460.0,H1,ROBUST,0.4402293562889099,ROBUST,idxq4-64_queryq4-64
1379111612.0_H1,1379111612.0,H1,ROBUST,0.3542806506156921,ROBUST,idxq4-64_queryq4-64
1379112348.0_H1,1379112348.0,H1,AMBIGUOUS,0.1952331513166427,AMBIGUOUS,idxq4-64_queryq4-64
1379112860.0_H1,1379112860.0,H1,ROBUST,0.4010829329490661,ROBUST,idxq4-64_queryq4-64
1379114716.0_H1,1379114716.0,H1,ROBUST,0.2121144235134124,ROBUST,idxq4-64_queryq4-64
1379115900.0_H1,1379115900.0,H1,ROBUST,0.2154079973697662,ROBUST,idxq4-64_queryq4-64
1379115964.0_H1,1379115964.0,H1,AMBIGUOUS,0.1585497558116912,AMBIGUOUS,idxq4-64_queryq4-64
1379116028.0_H1,1379116028.0,H1,AMBIGUOUS,0.172880619764328,AMBIGUOUS,idxq4-64_queryq4-64
1379116060.0_H1,1379116060.0,H1,ROBUST,0.2331824302673339,ROBUST,idxq4-64_queryq4-64
1379116124.0_H1,1379116124.0,H1,AMBIGUOUS,0.1688074022531509,AMBIGUOUS,idxq4-64_queryq4-64
1379116444.0_H1,1379116444.0,H1,ROBUST,0.3080875277519226,ROBUST,idxq4-64_queryq4-64
1379116732.0_H1,1379116732.0,H1,ROBUST,0.3125722110271454,ROBUST,idxq4-64_queryq4-64
1379116796.0_H1,1379116796.0,H1,ROBUST,0.2190182954072952,ROBUST,idxq4-64_queryq4-64
1379117052.0_L1,1379117052.0,L1,ROBUST,0.4247572720050812,ROBUST,idxq4-64_queryq4-64
1379117436.0_H1,1379117436.0,H1,AMBIGUOUS,0.1589708775281906,AMBIGUOUS,idxq4-64_queryq4-64
1379117468.0_H1,1379117468.0,H1,AMBIGUOUS,0.1841065734624862,AMBIGUOUS,idxq4-64_queryq4-64
1379117660.0_H1,1379117660.0,H1,AMBIGUOUS,0.1988924294710159,AMBIGUOUS,idxq4-64_queryq4-64
1379117756.0_H1,1379117756.0,H1,ROBUST,0.4254794418811798,ROBUST,idxq4-64_queryq4-64
1379117824.0_H1,1379117824.0,H1,AMBIGUOUS,0.20284403860569,AMBIGUOUS,idxq4-64_queryq4-64
1379117884.0_H1,1379117884.0,H1,AMBIGUOUS,0.1978085786104202,AMBIGUOUS,idxq4-64_queryq4-64
1379118012.0_H1,1379118012.0,H1,ROBUST,0.4240055680274963,ROBUST,idxq4-64_queryq4-64
1379118620.0_H1,1379118620.0,H1,ROBUST,0.2170254439115524,ROBUST,idxq4-64_queryq4-64
1379118748.0_H1,1379118748.0,H1,ROBUST,0.4557302594184875,ROBUST,idxq4-64_queryq4-64
1379118780.0_H1,1379118780.0,H1,ROBUST,0.4482085406780243,ROBUST,idxq4-64_queryq4-64
1379119164.0_H1,1379119164.0,H1,AMBIGUOUS,0.1669851541519165,AMBIGUOUS,idxq4-64_queryq4-64
1379119420.0_H1,1379119420.0,H1,AMBIGUOUS,0.1886421144008636,AMBIGUOUS,idxq4-64_queryq4-64
1379119452.0_H1,1379119452.0,H1,AMBIGUOUS,0.1834836900234222,AMBIGUOUS,idxq4-64_queryq4-64
1379120156.0_H1,1379120156.0,H1,ROBUST,0.4764422178268432,ROBUST,idxq4-64_queryq4-64
1379120284.0_L1,1379120284.0,L1,ROBUST,0.3985840678215027,ROBUST,idxq4-64_queryq4-64
1379121084.0_H1,1379121084.0,H1,AMBIGUOUS,0.1455160826444625,AMBIGUOUS,idxq4-64_queryq4-64
1379122140.0_L1,1379122140.0,L1,BACKGROUND,0.1491299867630005,BACKGROUND,idxq4-64_queryq4-64
1379122716.0_H1,1379122716.0,H1,AMBIGUOUS,0.1604376435279846,AMBIGUOUS,idxq4-64_queryq4-64
1379123708.0_H1,1379123708.0,H1,ROBUST,0.4402954578399658,ROBUST,idxq4-64_queryq4-64
1379124764.0_H1,1379124764.0,H1,ROBUST,0.440897673368454,ROBUST,idxq4-64_queryq4-64
1379127580.0_L1,1379127580.0,L1,ROBUST,0.4888851940631866,ROBUST,idxq4-64_queryq4-64
1379128924.0_H1,1379128924.0,H1,ROBUST,0.4276407659053802,ROBUST,idxq4-64_queryq4-64
1379139740.0_H1,1379139740.0,H1,AMBIGUOUS,0.1362727135419845,AMBIGUOUS,idxq4-64_queryq4-64
1379141372.0_L1,1379141372.0,L1,ROBUST,0.3518547713756561,ROBUST,idxq4-64_queryq4-64
1379208604.0_L1,1379208604.0,L1,ROBUST,0.4643044471740722,ROBUST,idxq4-64_queryq4-64
1379208764.0_H1,1379208764.0,H1,BACKGROUND,0.1106038391590118,BACKGROUND,idxq4-64_queryq4-64
1379209724.0_H1,1379209724.0,H1,ROBUST,0.4203526079654693,ROBUST,idxq4-64_queryq4-64
1379210364.0_H1,1379210364.0,H1,BACKGROUND,0.0917900055646896,BACKGROUND,idxq4-64_queryq4-64
1379211548.0_L1,1379211548.0,L1,AMBIGUOUS,0.1907171607017517,AMBIGUOUS,idxq4-64_queryq4-64
1379214684.0_L1,1379214684.0,L1,ROBUST,0.4317613840103149,ROBUST,idxq4-64_queryq4-64
1379216220.0_L1,1379216220.0,L1,ROBUST,0.3152945041656494,ROBUST,idxq4-64_queryq4-64
1379216860.0_H1,1379216860.0,H1,AMBIGUOUS,0.1611157059669494,AMBIGUOUS,idxq4-64_queryq4-64
1379217788.0_L1,1379217788.0,L1,ROBUST,0.3667393922805786,ROBUST,idxq4-64_queryq4-64
1379222204.0_H1,1379222204.0,H1,ROBUST,0.4241134524345398,ROBUST,idxq4-64_queryq4-64
1379225532.0_H1,1379225532.0,H1,ROBUST,0.4542804956436157,ROBUST,idxq4-64_queryq4-64
1379225820.0_H1,1379225820.0,H1,BACKGROUND,0.1092946380376815,BACKGROUND,idxq4-64_queryq4-64
1379228092.0_H1,1379228092.0,H1,BACKGROUND,0.0845368057489395,BACKGROUND,idxq4-64_queryq4-64
1379229532.0_H1,1379229532.0,H1,ROBUST,0.4351168870925903,ROBUST,idxq4-64_queryq4-64
1379235772.0_L1,1379235772.0,L1,ROBUST,0.4521315395832062,ROBUST,idxq4-64_queryq4-64
1379236188.0_H1,1379236188.0,H1,ROBUST,0.4160155653953552,ROBUST,idxq4-64_queryq4-64
1379236220.0_H1,1379236220.0,H1,ROBUST,0.447161316871643,ROBUST,idxq4-64_queryq4-64
1379236796.0_H1,1379236796.0,H1,AMBIGUOUS,0.1617942452430725,AMBIGUOUS,idxq4-64_queryq4-64
1379240572.0_H1,1379240572.0,H1,ROBUST,0.4352631866931915,ROBUST,idxq4-64_queryq4-64
1379240668.0_H1,1379240668.0,H1,ROBUST,0.4385000765323639,ROBUST,idxq4-64_queryq4-64
1379240860.0_L1,1379240860.0,L1,ROBUST,0.4565370380878448,ROBUST,idxq4-64_queryq4-64
1379242268.0_H1,1379242268.0,H1,ROBUST,0.447476327419281,ROBUST,idxq4-64_queryq4-64
1379246012.0_H1,1379246012.0,H1,ROBUST,0.4283989667892456,ROBUST,idxq4-64_queryq4-64
1379246972.0_L1,1379246972.0,L1,BACKGROUND,0.1135159209370613,BACKGROUND,idxq4-64_queryq4-64
1379248156.0_L1,1379248156.0,L1,ROBUST,0.3534616231918335,ROBUST,idxq4-64_queryq4-64
1379251420.0_L1,1379251420.0,L1,ROBUST,0.4662067294120788,ROBUST,idxq4-64_queryq4-64
1379251836.0_H1,1379251836.0,H1,BACKGROUND,0.1074759736657142,BACKGROUND,idxq4-64_queryq4-64
1379255836.0_L1,1379255836.0,L1,ROBUST,0.4479361176490783,ROBUST,idxq4-64_queryq4-64
1379271420.0_H1,1379271420.0,H1,AMBIGUOUS,0.1692724078893661,AMBIGUOUS,idxq4-64_queryq4-64
1379290332.0_H1,1379290332.0,H1,ROBUST,0.4395510852336883,ROBUST,idxq4-64_queryq4-64
1379290364.0_H1,1379290364.0,H1,ROBUST,0.4312627613544464,ROBUST,idxq4-64_queryq4-64
1379290652.0_H1,1379290652.0,H1,ROBUST,0.4310143887996673,ROBUST,idxq4-64_queryq4-64
1379291548.0_L1,1379291548.0,L1,ROBUST,0.296492338180542,ROBUST,idxq4-64_queryq4-64
1379291708.0_L1,1379291708.0,L1,ROBUST,0.4189192950725555,ROBUST,idxq4-64_queryq4-64
1379300380.0_H1,1379300380.0,H1,ROBUST,0.4520557224750519,ROBUST,idxq4-64_queryq4-64
1379300572.0_H1,1379300572.0,H1,BACKGROUND,0.1016894951462745,BACKGROUND,idxq4-64_queryq4-64
1379300956.0_H1,1379300956.0,H1,ROBUST,0.4333803057670593,ROBUST,idxq4-64_queryq4-64
1379302044.0_H1,1379302044.0,H1,ROBUST,0.4245036542415619,ROBUST,idxq4-64_queryq4-64
1379304668.0_H1,1379304668.0,H1,ROBUST,0.4764638841152191,ROBUST,idxq4-64_queryq4-64
1379304732.0_H1,1379304732.0,H1,ROBUST,0.414653480052948,ROBUST,idxq4-64_queryq4-64
1379307708.0_L1,1379307708.0,L1,ROBUST,0.4296117722988128,ROBUST,idxq4-64_queryq4-64
1379308764.0_L1,1379308764.0,L1,BACKGROUND,0.1200262084603309,BACKGROUND,idxq4-64_queryq4-64
1379310492.0_H1,1379310492.0,H1,BACKGROUND,0.0871407687664032,BACKGROUND,idxq4-64_queryq4-64
1379310876.0_H1,1379310876.0,H1,BACKGROUND,0.0998288467526435,BACKGROUND,idxq4-64_queryq4-64
1379313820.0_H1,1379313820.0,H1,ROBUST,0.4388664960861206,ROBUST,idxq4-64_queryq4-64
1379314432.0_H1,1379314432.0,H1,BACKGROUND,0.0568909794092178,BACKGROUND,idxq4-64_queryq4-64
1379316412.0_L1,1379316412.0,L1,AMBIGUOUS,0.172481968998909,AMBIGUOUS,idxq4-64_queryq4-64
1379316860.0_H1,1379316860.0,H1,ROBUST,0.450282484292984,ROBUST,idxq4-64_queryq4-64
1379317020.0_H1,1379317020.0,H1,ROBUST,0.4113931059837341,ROBUST,idxq4-64_queryq4-64
1379317180.0_L1,1379317180.0,L1,BACKGROUND,0.1359146684408188,BACKGROUND,idxq4-64_queryq4-64
1379318812.0_H1,1379318812.0,H1,ROBUST,0.2597530484199524,ROBUST,idxq4-64_queryq4-64
1379319068.0_H1,1379319068.0,H1,BACKGROUND,0.0783096328377723,BACKGROUND,idxq4-64_queryq4-64
1379319484.0_H1,1379319484.0,H1,BACKGROUND,0.1041638404130935,BACKGROUND,idxq4-64_queryq4-64
1379323228.0_H1,1379323228.0,H1,ROBUST,0.477322518825531,ROBUST,idxq4-64_queryq4-64
1379323388.0_L1,1379323388.0,L1,ROBUST,0.4549249112606048,ROBUST,idxq4-64_queryq4-64
1379323772.0_H1,1379323772.0,H1,ROBUST,0.463760644197464,ROBUST,idxq4-64_queryq4-64
1379325276.0_L1,1379325276.0,L1,ROBUST,0.4281709492206573,ROBUST,idxq4-64_queryq4-64
1379325340.0_L1,1379325340.0,L1,ROBUST,0.3568550944328308,ROBUST,idxq4-64_queryq4-64
1379325692.0_L1,1379325692.0,L1,ROBUST,0.4628157019615173,ROBUST,idxq4-64_queryq4-64
1379327868.0_L1,1379327868.0,L1,ROBUST,0.4373964965343475,ROBUST,idxq4-64_queryq4-64
1379327996.0_L1,1379327996.0,L1,ROBUST,0.4927771091461181,ROBUST,idxq4-64_queryq4-64
1379346940.0_H1,1379346940.0,H1,ROBUST,0.4516817927360534,ROBUST,idxq4-64_queryq4-64
1379347708.0_L1,1379347708.0,L1,ROBUST,0.4274403750896454,ROBUST,idxq4-64_queryq4-64
1379350236.0_L1,1379350236.0,L1,AMBIGUOUS,0.1759215891361236,AMBIGUOUS,idxq4-64_queryq4-64
1379351388.0_L1,1379351388.0,L1,BACKGROUND,0.1220204979181289,BACKGROUND,idxq4-64_queryq4-64
1379352316.0_L1,1379352316.0,L1,ROBUST,0.4520776569843292,ROBUST,idxq4-64_queryq4-64
1379381276.0_H1,1379381276.0,H1,AMBIGUOUS,0.1565736383199691,AMBIGUOUS,idxq4-64_queryq4-64
1379381788.0_H1,1379381788.0,H1,BACKGROUND,0.1287864446640014,BACKGROUND,idxq4-64_queryq4-64
1379384508.0_L1,1379384508.0,L1,ROBUST,0.390124499797821,ROBUST,idxq4-64_queryq4-64
1379386368.0_L1,1379386368.0,L1,ROBUST,0.4222440719604492,ROBUST,idxq4-64_queryq4-64
1379386396.0_L1,1379386396.0,L1,ROBUST,0.4755476713180542,ROBUST,idxq4-64_queryq4-64
1379391260.0_H1,1379391260.0,H1,ROBUST,0.4219867289066314,ROBUST,idxq4-64_queryq4-64
1379395356.0_H1,1379395356.0,H1,ROBUST,0.4402008652687073,ROBUST,idxq4-64_queryq4-64
1379397660.0_H1,1379397660.0,H1,ROBUST,0.4435159265995025,ROBUST,idxq4-64_queryq4-64
1379398236.0_H1,1379398236.0,H1,ROBUST,0.4411757290363312,ROBUST,idxq4-64_queryq4-64
1379399868.0_H1,1379399868.0,H1,BACKGROUND,0.0900444462895393,BACKGROUND,idxq4-64_queryq4-64
1379402876.0_H1,1379402876.0,H1,BACKGROUND,0.0930139571428299,BACKGROUND,idxq4-64_queryq4-64
1379404092.0_L1,1379404092.0,L1,ROBUST,0.4408516585826874,ROBUST,idxq4-64_queryq4-64
1379404572.0_H1,1379404572.0,H1,ROBUST,0.4312841892242431,ROBUST,idxq4-64_queryq4-64
1379408572.0_L1,1379408572.0,L1,AMBIGUOUS,0.1555899232625961,AMBIGUOUS,idxq4-64_queryq4-64
1379410844.0_L1,1379410844.0,L1,ROBUST,0.4438875913619995,ROBUST,idxq4-64_queryq4-64
1379435324.0_L1,1379435324.0,L1,BACKGROUND,0.1415492445230484,BACKGROUND,idxq4-64_queryq4-64
1379437756.0_L1,1379437756.0,L1,AMBIGUOUS,0.1710305660963058,AMBIGUOUS,idxq4-64_queryq4-64
1379439132.0_L1,1379439132.0,L1,ROBUST,0.42450812458992,ROBUST,idxq4-64_queryq4-64
1379440508.0_H1,1379440508.0,H1,ROBUST,0.4286267459392547,ROBUST,idxq4-64_queryq4-64
1379440892.0_H1,1379440892.0,H1,BACKGROUND,0.1019216328859329,BACKGROUND,idxq4-64_queryq4-64
1379441052.0_L1,1379441052.0,L1,AMBIGUOUS,0.1725620776414871,AMBIGUOUS,idxq4-64_queryq4-64
1379443740.0_H1,1379443740.0,H1,BACKGROUND,0.1225980594754219,BACKGROUND,idxq4-64_queryq4-64
1379444828.0_H1,1379444828.0,H1,AMBIGUOUS,0.1437552720308303,AMBIGUOUS,idxq4-64_queryq4-64
1379444956.0_H1,1379444956.0,H1,ROBUST,0.4428074657917022,ROBUST,idxq4-64_queryq4-64
1379445020.0_L1,1379445020.0,L1,AMBIGUOUS,0.1760892271995544,AMBIGUOUS,idxq4-64_queryq4-64
1379445052.0_L1,1379445052.0,L1,BACKGROUND,0.1084873974323272,BACKGROUND,idxq4-64_queryq4-64
1379448700.0_L1,1379448700.0,L1,AMBIGUOUS,0.1646182835102081,AMBIGUOUS,idxq4-64_queryq4-64
1379454012.0_L1,1379454012.0,L1,AMBIGUOUS,0.1869314163923263,AMBIGUOUS,idxq4-64_queryq4-64
1379455388.0_L1,1379455388.0,L1,ROBUST,0.3716123402118683,ROBUST,idxq4-64_queryq4-64
1379456924.0_L1,1379456924.0,L1,BACKGROUND,0.12610724568367,BACKGROUND,idxq4-64_queryq4-64
1379458172.0_L1,1379458172.0,L1,AMBIGUOUS,0.1720611900091171,AMBIGUOUS,idxq4-64_queryq4-64
1379458300.0_L1,1379458300.0,L1,BACKGROUND,0.0982154384255409,BACKGROUND,idxq4-64_queryq4-64
1379458844.0_H1,1379458844.0,H1,ROBUST,0.2758587002754211,ROBUST,idxq4-64_queryq4-64
1379459356.0_L1,1379459356.0,L1,AMBIGUOUS,0.1898253709077835,AMBIGUOUS,idxq4-64_queryq4-64
1379464192.0_H1,1379464192.0,H1,BACKGROUND,0.1049364134669303,BACKGROUND,idxq4-64_queryq4-64
1379465052.0_H1,1379465052.0,H1,ROBUST,0.4240748584270477,ROBUST,idxq4-64_queryq4-64
1379469308.0_H1,1379469308.0,H1,ROBUST,0.4945742785930633,ROBUST,idxq4-64_queryq4-64
1379474044.0_L1,1379474044.0,L1,ROBUST,0.3203282356262207,ROBUST,idxq4-64_queryq4-64
1379475996.0_H1,1379475996.0,H1,ROBUST,0.5022178888320923,ROBUST,idxq4-64_queryq4-64
1379476348.0_L1,1379476348.0,L1,ROBUST,0.3969676196575165,ROBUST,idxq4-64_queryq4-64
1379479740.0_L1,1379479740.0,L1,ROBUST,0.388802707195282,ROBUST,idxq4-64_queryq4-64
1379500252.0_H1,1379500252.0,H1,AMBIGUOUS,0.1935836225748062,AMBIGUOUS,idxq4-64_queryq4-64
1379500508.0_H1,1379500508.0,H1,AMBIGUOUS,0.1912409663200378,AMBIGUOUS,idxq4-64_queryq4-64
1379500988.0_L1,1379500988.0,L1,ROBUST,0.2304251492023468,ROBUST,idxq4-64_queryq4-64
1379502172.0_L1,1379502172.0,L1,ROBUST,0.4170432388782501,ROBUST,idxq4-64_queryq4-64
1379502204.0_L1,1379502204.0,L1,ROBUST,0.4434927105903625,ROBUST,idxq4-64_queryq4-64
1379502332.0_L1,1379502332.0,L1,ROBUST,0.2458272576332092,ROBUST,idxq4-64_queryq4-64
1379502748.0_L1,1379502748.0,L1,ROBUST,0.4201806485652923,ROBUST,idxq4-64_queryq4-64
1379502780.0_L1,1379502780.0,L1,ROBUST,0.4252195954322815,ROBUST,idxq4-64_queryq4-64
1379502876.0_L1,1379502876.0,L1,ROBUST,0.397404670715332,ROBUST,idxq4-64_queryq4-64
1379503292.0_L1,1379503292.0,L1,BACKGROUND,0.1327447593212127,BACKGROUND,idxq4-64_queryq4-64
1379503356.0_L1,1379503356.0,L1,ROBUST,0.3697430193424225,ROBUST,idxq4-64_queryq4-64
1379503580.0_H1,1379503580.0,H1,BACKGROUND,0.096497930586338,BACKGROUND,idxq4-64_queryq4-64
1379505116.0_L1,1379505116.0,L1,ROBUST,0.2336857914924621,ROBUST,idxq4-64_queryq4-64
1379505948.0_L1,1379505948.0,L1,ROBUST,0.4231179058551788,ROBUST,idxq4-64_queryq4-64
1379506172.0_L1,1379506172.0,L1,ROBUST,0.4741219282150268,ROBUST,idxq4-64_queryq4-64
1379506236.0_L1,1379506236.0,L1,AMBIGUOUS,0.2033938765525818,AMBIGUOUS,idxq4-64_queryq4-64
1379506812.0_H1,1379506812.0,H1,ROBUST,0.2915734648704529,ROBUST,idxq4-64_queryq4-64
1379507356.0_L1,1379507356.0,L1,ROBUST,0.4106621444225311,ROBUST,idxq4-64_queryq4-64
1379508284.0_H1,1379508284.0,H1,AMBIGUOUS,0.13044074177742,AMBIGUOUS,idxq4-64_queryq4-64
1379509148.0_H1,1379509148.0,H1,AMBIGUOUS,0.1503521203994751,AMBIGUOUS,idxq4-64_queryq4-64
1379510012.0_L1,1379510012.0,L1,ROBUST,0.4074814915657043,ROBUST,idxq4-64_queryq4-64
1379510492.0_L1,1379510492.0,L1,ROBUST,0.3527757525444031,ROBUST,idxq4-64_queryq4-64
1379511004.0_H1,1379511004.0,H1,ROBUST,0.4700782001018524,ROBUST,idxq4-64_queryq4-64
1379511676.0_L1,1379511676.0,L1,BACKGROUND,0.1496143937110901,BACKGROUND,idxq4-64_queryq4-64
1379511996.0_L1,1379511996.0,L1,ROBUST,0.4702809453010559,ROBUST,idxq4-64_queryq4-64
1379513532.0_L1,1379513532.0,L1,BACKGROUND,0.1445788741111755,BACKGROUND,idxq4-64_queryq4-64
1379513948.0_L1,1379513948.0,L1,ROBUST,0.2548303008079529,ROBUST,idxq4-64_queryq4-64
1379516220.0_L1,1379516220.0,L1,BACKGROUND,0.1478250473737716,BACKGROUND,idxq4-64_queryq4-64
1379518876.0_H1,1379518876.0,H1,ROBUST,0.4424918889999389,ROBUST,idxq4-64_queryq4-64
1379519804.0_L1,1379519804.0,L1,BACKGROUND,0.1486880332231521,BACKGROUND,idxq4-64_queryq4-64
1379521948.0_L1,1379521948.0,L1,ROBUST,0.4271347224712372,ROBUST,idxq4-64_queryq4-64
1379523132.0_L1,1379523132.0,L1,ROBUST,0.4732689559459686,ROBUST,idxq4-64_queryq4-64
1379523964.0_H1,1379523964.0,H1,ROBUST,0.4402428865432739,ROBUST,idxq4-64_queryq4-64
1379524668.0_L1,1379524668.0,L1,ROBUST,0.4187555909156799,ROBUST,idxq4-64_queryq4-64
1379528284.0_L1,1379528284.0,L1,BACKGROUND,0.1255683153867721,BACKGROUND,idxq4-64_queryq4-64
1379528380.0_L1,1379528380.0,L1,BACKGROUND,0.1188154518604278,BACKGROUND,idxq4-64_queryq4-64
1379530364.0_L1,1379530364.0,L1,BACKGROUND,0.1470629870891571,BACKGROUND,idxq4-64_queryq4-64
1379530908.0_L1,1379530908.0,L1,BACKGROUND,0.1500480026006698,BACKGROUND,idxq4-64_queryq4-64
1379540604.0_H1,1379540604.0,H1,AMBIGUOUS,0.1537709385156631,AMBIGUOUS,idxq4-64_queryq4-64
1379541244.0_L1,1379541244.0,L1,AMBIGUOUS,0.1531105041503906,AMBIGUOUS,idxq4-64_queryq4-64
1379544636.0_H1,1379544636.0,H1,BACKGROUND,0.12907774746418,BACKGROUND,idxq4-64_queryq4-64
1379549180.0_L1,1379549180.0,L1,BACKGROUND,0.114546462893486,BACKGROUND,idxq4-64_queryq4-64
1379549852.0_L1,1379549852.0,L1,BACKGROUND,0.1388777643442154,BACKGROUND,idxq4-64_queryq4-64
1379555228.0_H1,1379555228.0,H1,ROBUST,0.4510997235774994,ROBUST,idxq4-64_queryq4-64
1379558780.0_L1,1379558780.0,L1,BACKGROUND,0.1213978454470634,BACKGROUND,idxq4-64_queryq4-64
1379559964.0_L1,1379559964.0,L1,ROBUST,0.4304048418998718,ROBUST,idxq4-64_queryq4-64
1379562300.0_H1,1379562300.0,H1,BACKGROUND,0.0994746834039688,BACKGROUND,idxq4-64_queryq4-64
1379563484.0_L1,1379563484.0,L1,ROBUST,0.466327428817749,ROBUST,idxq4-64_queryq4-64
1379564508.0_H1,1379564508.0,H1,ROBUST,0.4962174594402313,ROBUST,idxq4-64_queryq4-64
1379568668.0_L1,1379568668.0,L1,ROBUST,0.4032793045043945,ROBUST,idxq4-64_queryq4-64
1379571196.0_H1,1379571196.0,H1,ROBUST,0.4106439650058746,ROBUST,idxq4-64_queryq4-64
1379585180.0_H1,1379585180.0,H1,BACKGROUND,0.1133178994059562,BACKGROUND,idxq4-64_queryq4-64
1379585820.0_L1,1379585820.0,L1,BACKGROUND,0.1259275376796722,BACKGROUND,idxq4-64_queryq4-64
1379594140.0_H1,1379594140.0,H1,ROBUST,0.4272448122501373,ROBUST,idxq4-64_queryq4-64
1379595868.0_H1,1379595868.0,H1,ROBUST,0.4488184750080108,ROBUST,idxq4-64_queryq4-64
1379598300.0_H1,1379598300.0,H1,ROBUST,0.4301883578300476,ROBUST,idxq4-64_queryq4-64
1379600636.0_L1,1379600636.0,L1,ROBUST,0.4633530378341675,ROBUST,idxq4-64_queryq4-64
1379600924.0_L1,1379600924.0,L1,ROBUST,0.31371009349823,ROBUST,idxq4-64_queryq4-64
1379606044.0_L1,1379606044.0,L1,ROBUST,0.4435288310050964,ROBUST,idxq4-64_queryq4-64
1379607452.0_H1,1379607452.0,H1,ROBUST,0.4509910941123962,ROBUST,idxq4-64_queryq4-64
1379607516.0_L1,1379607516.0,L1,ROBUST,0.4441092908382416,ROBUST,idxq4-64_queryq4-64
1379611004.0_H1,1379611004.0,H1,ROBUST,0.4439504444599151,ROBUST,idxq4-64_queryq4-64
1379613436.0_L1,1379613436.0,L1,ROBUST,0.4110115170478821,ROBUST,idxq4-64_queryq4-64
1379613468.0_L1,1379613468.0,L1,ROBUST,0.4649409055709839,ROBUST,idxq4-64_queryq4-64
1379615612.0_L1,1379615612.0,L1,ROBUST,0.4608539938926697,ROBUST,idxq4-64_queryq4-64
1379631164.0_H1,1379631164.0,H1,ROBUST,0.4736794829368591,ROBUST,idxq4-64_queryq4-64
1379632028.0_H1,1379632028.0,H1,BACKGROUND,0.091982252895832,BACKGROUND,idxq4-64_queryq4-64
1379632092.0_H1,1379632092.0,H1,ROBUST,0.263938844203949,ROBUST,idxq4-64_queryq4-64
1379632128.0_H1,1379632128.0,H1,BACKGROUND,0.0678292885422706,BACKGROUND,idxq4-64_queryq4-64
1379632348.0_L1,1379632348.0,L1,ROBUST,0.3463627099990845,ROBUST,idxq4-64_queryq4-64
1379641468.0_L1,1379641468.0,L1,ROBUST,0.4247650802135467,ROBUST,idxq4-64_queryq4-64
1379641596.0_H1,1379641596.0,H1,ROBUST,0.4299366772174835,ROBUST,idxq4-64_queryq4-64
1379643420.0_L1,1379643420.0,L1,ROBUST,0.3612467348575592,ROBUST,idxq4-64_queryq4-64
1379645692.0_L1,1379645692.0,L1,ROBUST,0.4696176946163177,ROBUST,idxq4-64_queryq4-64
1379653212.0_H1,1379653212.0,H1,BACKGROUND,0.1264827698469162,BACKGROUND,idxq4-64_queryq4-64
1379654652.0_H1,1379654652.0,H1,BACKGROUND,0.1294848173856735,BACKGROUND,idxq4-64_queryq4-64
1379654684.0_H1,1379654684.0,H1,ROBUST,0.4613192677497864,ROBUST,idxq4-64_queryq4-64
1379657020.0_H1,1379657020.0,H1,ROBUST,0.4968273043632507,ROBUST,idxq4-64_queryq4-64
1379659100.0_H1,1379659100.0,H1,ROBUST,0.4486720263957977,ROBUST,idxq4-64_queryq4-64
1379661852.0_H1,1379661852.0,H1,ROBUST,0.4526078701019287,ROBUST,idxq4-64_queryq4-64
1379661884.0_L1,1379661884.0,L1,ROBUST,0.4352297186851501,ROBUST,idxq4-64_queryq4-64
1379661884.0_H1,1379661884.0,H1,ROBUST,0.4576586186885834,ROBUST,idxq4-64_queryq4-64
1379662460.0_H1,1379662460.0,H1,ROBUST,0.3300566375255584,ROBUST,idxq4-64_queryq4-64
1379665980.0_H1,1379665980.0,H1,BACKGROUND,0.0959599465131759,BACKGROUND,idxq4-64_queryq4-64
1379667356.0_L1,1379667356.0,L1,ROBUST,0.4239154160022735,ROBUST,idxq4-64_queryq4-64
1379668508.0_L1,1379668508.0,L1,ROBUST,0.4051132798194885,ROBUST,idxq4-64_queryq4-64
1379668604.0_L1,1379668604.0,L1,ROBUST,0.4294709265232086,ROBUST,idxq4-64_queryq4-64
1379669916.0_H1,1379669916.0,H1,BACKGROUND,0.0905017927289009,BACKGROUND,idxq4-64_queryq4-64
1379669948.0_H1,1379669948.0,H1,ROBUST,0.4207398593425751,ROBUST,idxq4-64_queryq4-64
1379671868.0_L1,1379671868.0,L1,AMBIGUOUS,0.2034211456775665,AMBIGUOUS,idxq4-64_queryq4-64
1379672700.0_H1,1379672700.0,H1,ROBUST,0.3957039713859558,ROBUST,idxq4-64_queryq4-64
1379674012.0_L1,1379674012.0,L1,ROBUST,0.4401415884494781,ROBUST,idxq4-64_queryq4-64
1379675260.0_H1,1379675260.0,H1,ROBUST,0.40940722823143,ROBUST,idxq4-64_queryq4-64
1379680988.0_H1,1379680988.0,H1,ROBUST,0.4238161146640777,ROBUST,idxq4-64_queryq4-64
1379683036.0_H1,1379683036.0,H1,BACKGROUND,0.1271935701370239,BACKGROUND,idxq4-64_queryq4-64
1379687836.0_H1,1379687836.0,H1,BACKGROUND,0.1042148768901825,BACKGROUND,idxq4-64_queryq4-64
1379689472.0_L1,1379689472.0,L1,ROBUST,0.3886507749557495,ROBUST,idxq4-64_queryq4-64
1379690716.0_H1,1379690716.0,H1,AMBIGUOUS,0.1478438079357147,AMBIGUOUS,idxq4-64_queryq4-64
1379695292.0_L1,1379695292.0,L1,AMBIGUOUS,0.1977363377809524,AMBIGUOUS,idxq4-64_queryq4-64
1379698940.0_L1,1379698940.0,L1,AMBIGUOUS,0.1644991636276245,AMBIGUOUS,idxq4-64_queryq4-64
1379702140.0_L1,1379702140.0,L1,ROBUST,0.2758523225784302,ROBUST,idxq4-64_queryq4-64
1379702780.0_L1,1379702780.0,L1,BACKGROUND,0.1222373470664024,BACKGROUND,idxq4-64_queryq4-64
1379705148.0_L1,1379705148.0,L1,AMBIGUOUS,0.1615716367959976,AMBIGUOUS,idxq4-64_queryq4-64
1379711132.0_H1,1379711132.0,H1,BACKGROUND,0.086326315999031,BACKGROUND,idxq4-64_queryq4-64
1379712316.0_L1,1379712316.0,L1,ROBUST,0.4387960433959961,ROBUST,idxq4-64_queryq4-64
1379713052.0_H1,1379713052.0,H1,ROBUST,0.4251134693622589,ROBUST,idxq4-64_queryq4-64
1379714048.0_H1,1379714048.0,H1,BACKGROUND,0.0673610121011734,BACKGROUND,idxq4-64_queryq4-64
1379714204.0_H1,1379714204.0,H1,BACKGROUND,0.0927669182419776,BACKGROUND,idxq4-64_queryq4-64
1379714236.0_H1,1379714236.0,H1,ROBUST,0.432852953672409,ROBUST,idxq4-64_queryq4-64
1379714492.0_L1,1379714492.0,L1,ROBUST,0.4307003915309906,ROBUST,idxq4-64_queryq4-64
1379715740.0_L1,1379715740.0,L1,ROBUST,0.4325555264949798,ROBUST,idxq4-64_queryq4-64
1379716956.0_L1,1379716956.0,L1,ROBUST,0.4606333374977112,ROBUST,idxq4-64_queryq4-64
1379717372.0_L1,1379717372.0,L1,ROBUST,0.4615134000778198,ROBUST,idxq4-64_queryq4-64
1379718908.0_H1,1379718908.0,H1,ROBUST,0.5101556181907654,ROBUST,idxq4-64_queryq4-64
1379718972.0_L1,1379718972.0,L1,ROBUST,0.4152283072471618,ROBUST,idxq4-64_queryq4-64
1379721276.0_H1,1379721276.0,H1,ROBUST,0.446919173002243,ROBUST,idxq4-64_queryq4-64
1379721372.0_L1,1379721372.0,L1,ROBUST,0.4349483251571655,ROBUST,idxq4-64_queryq4-64
1379724796.0_H1,1379724796.0,H1,ROBUST,0.4272323846817016,ROBUST,idxq4-64_queryq4-64
1379725564.0_L1,1379725564.0,L1,ROBUST,0.4322934746742248,ROBUST,idxq4-64_queryq4-64
1379726300.0_H1,1379726300.0,H1,ROBUST,0.4648782014846802,ROBUST,idxq4-64_queryq4-64
1379745340.0_H1,1379745340.0,H1,BACKGROUND,0.1226032227277755,BACKGROUND,idxq4-64_queryq4-64
1379745532.0_L1,1379745532.0,L1,BACKGROUND,0.1367886811494827,BACKGROUND,idxq4-64_queryq4-64
1379747932.0_H1,1379747932.0,H1,BACKGROUND,0.0846943631768226,BACKGROUND,idxq4-64_queryq4-64
1379753532.0_L1,1379753532.0,L1,ROBUST,0.4435586035251617,ROBUST,idxq4-64_queryq4-64
1379756220.0_L1,1379756220.0,L1,ROBUST,0.4385381639003753,ROBUST,idxq4-64_queryq4-64
1379761116.0_H1,1379761116.0,H1,ROBUST,0.4402967393398285,ROBUST,idxq4-64_queryq4-64
1379765948.0_L1,1379765948.0,L1,ROBUST,0.4306494295597076,ROBUST,idxq4-64_queryq4-64
1379769084.0_H1,1379769084.0,H1,BACKGROUND,0.111490249633789,BACKGROUND,idxq4-64_queryq4-64
1379770428.0_H1,1379770428.0,H1,BACKGROUND,0.0963205024600029,BACKGROUND,idxq4-64_queryq4-64
1379770620.0_L1,1379770620.0,L1,AMBIGUOUS,0.1989278495311737,AMBIGUOUS,idxq4-64_queryq4-64
1379802044.0_H1,1379802044.0,H1,ROBUST,0.4683211743831634,ROBUST,idxq4-64_queryq4-64
1379815900.0_H1,1379815900.0,H1,BACKGROUND,0.1029386296868324,BACKGROUND,idxq4-64_queryq4-64
1379816540.0_H1,1379816540.0,H1,AMBIGUOUS,0.1499298065900802,AMBIGUOUS,idxq4-64_queryq4-64
1379821084.0_H1,1379821084.0,H1,ROBUST,0.4402729570865631,ROBUST,idxq4-64_queryq4-64
1379821180.0_H1,1379821180.0,H1,BACKGROUND,0.1209326088428497,BACKGROUND,idxq4-64_queryq4-64
1379822972.0_L1,1379822972.0,L1,ROBUST,0.2235255241394043,ROBUST,idxq4-64_queryq4-64
1379824220.0_H1,1379824220.0,H1,ROBUST,0.4744803607463836,ROBUST,idxq4-64_queryq4-64
1379826332.0_H1,1379826332.0,H1,ROBUST,0.2832917869091034,ROBUST,idxq4-64_queryq4-64
1379829308.0_L1,1379829308.0,L1,ROBUST,0.438347190618515,ROBUST,idxq4-64_queryq4-64
1379829436.0_H1,1379829436.0,H1,ROBUST,0.43900266289711,ROBUST,idxq4-64_queryq4-64
1379830588.0_L1,1379830588.0,L1,ROBUST,0.4683436751365661,ROBUST,idxq4-64_queryq4-64
1379835324.0_H1,1379835324.0,H1,ROBUST,0.4225716292858124,ROBUST,idxq4-64_queryq4-64
1379835484.0_H1,1379835484.0,H1,ROBUST,0.4132731258869171,ROBUST,idxq4-64_queryq4-64
1379836028.0_H1,1379836028.0,H1,ROBUST,0.4894361495971679,ROBUST,idxq4-64_queryq4-64
1379837564.0_L1,1379837564.0,L1,BACKGROUND,0.1453588604927063,BACKGROUND,idxq4-64_queryq4-64
1379837756.0_L1,1379837756.0,L1,ROBUST,0.4598123133182525,ROBUST,idxq4-64_queryq4-64
1379838012.0_L1,1379838012.0,L1,ROBUST,0.4124337434768677,ROBUST,idxq4-64_queryq4-64
1379839068.0_H1,1379839068.0,H1,ROBUST,0.4324856698513031,ROBUST,idxq4-64_queryq4-64
1379840924.0_H1,1379840924.0,H1,AMBIGUOUS,0.1588135510683059,AMBIGUOUS,idxq4-64_queryq4-64
1379844508.0_H1,1379844508.0,H1,AMBIGUOUS,0.1372673064470291,AMBIGUOUS,idxq4-64_queryq4-64
1379856348.0_H1,1379856348.0,H1,AMBIGUOUS,0.1426746100187301,AMBIGUOUS,idxq4-64_queryq4-64
1379856444.0_H1,1379856444.0,H1,ROBUST,0.4285474717617035,ROBUST,idxq4-64_queryq4-64
1379857724.0_H1,1379857724.0,H1,BACKGROUND,0.1003171131014823,BACKGROUND,idxq4-64_queryq4-64
1379858236.0_L1,1379858236.0,L1,ROBUST,0.4203626811504364,ROBUST,idxq4-64_queryq4-64
1379858268.0_L1,1379858268.0,L1,ROBUST,0.48081836104393,ROBUST,idxq4-64_queryq4-64
1379859548.0_L1,1379859548.0,L1,AMBIGUOUS,0.2032613009214401,AMBIGUOUS,idxq4-64_queryq4-64
1379859740.0_H1,1379859740.0,H1,ROBUST,0.44853475689888,ROBUST,idxq4-64_queryq4-64
1379860060.0_L1,1379860060.0,L1,BACKGROUND,0.1126970797777175,BACKGROUND,idxq4-64_queryq4-64
1379860860.0_L1,1379860860.0,L1,ROBUST,0.422959953546524,ROBUST,idxq4-64_queryq4-64
1379864476.0_L1,1379864476.0,L1,ROBUST,0.4175857007503509,ROBUST,idxq4-64_queryq4-64
1379864508.0_L1,1379864508.0,L1,ROBUST,0.4121932089328766,ROBUST,idxq4-64_queryq4-64
1379864700.0_L1,1379864700.0,L1,ROBUST,0.4414060413837433,ROBUST,idxq4-64_queryq4-64
1379867324.0_L1,1379867324.0,L1,ROBUST,0.4656822383403778,ROBUST,idxq4-64_queryq4-64
1379867612.0_L1,1379867612.0,L1,ROBUST,0.4281802773475647,ROBUST,idxq4-64_queryq4-64
1379871356.0_L1,1379871356.0,L1,ROBUST,0.4474755525588989,ROBUST,idxq4-64_queryq4-64
1379871388.0_L1,1379871388.0,L1,ROBUST,0.4208970963954925,ROBUST,idxq4-64_queryq4-64
1379906012.0_L1,1379906012.0,L1,ROBUST,0.4457138478755951,ROBUST,idxq4-64_queryq4-64
1379915964.0_L1,1379915964.0,L1,BACKGROUND,0.1414062827825546,BACKGROUND,idxq4-64_queryq4-64
1379916508.0_L1,1379916508.0,L1,ROBUST,0.3230301439762115,ROBUST,idxq4-64_queryq4-64
1379917660.0_L1,1379917660.0,L1,BACKGROUND,0.1446656584739685,BACKGROUND,idxq4-64_queryq4-64
1379917692.0_H1,1379917692.0,H1,ROBUST,0.4598154127597809,ROBUST,idxq4-64_queryq4-64
1379921372.0_L1,1379921372.0,L1,BACKGROUND,0.1049099788069725,BACKGROUND,idxq4-64_queryq4-64
1379922812.0_L1,1379922812.0,L1,ROBUST,0.450160264968872,ROBUST,idxq4-64_queryq4-64
1379923356.0_L1,1379923356.0,L1,ROBUST,0.4519413709640503,ROBUST,idxq4-64_queryq4-64
1379923388.0_L1,1379923388.0,L1,ROBUST,0.4301399290561676,ROBUST,idxq4-64_queryq4-64
1379923932.0_H1,1379923932.0,H1,AMBIGUOUS,0.1440875679254531,AMBIGUOUS,idxq4-64_queryq4-64
1379924380.0_L1,1379924380.0,L1,BACKGROUND,0.1195879280567169,BACKGROUND,idxq4-64_queryq4-64
1379924700.0_L1,1379924700.0,L1,BACKGROUND,0.1299492865800857,BACKGROUND,idxq4-64_queryq4-64
1379924796.0_H1,1379924796.0,H1,ROBUST,0.4204137027263641,ROBUST,idxq4-64_queryq4-64
1379926012.0_L1,1379926012.0,L1,BACKGROUND,0.1333375871181488,BACKGROUND,idxq4-64_queryq4-64
1379926332.0_L1,1379926332.0,L1,ROBUST,0.4213477373123169,ROBUST,idxq4-64_queryq4-64
1379926492.0_L1,1379926492.0,L1,ROBUST,0.4300582110881805,ROBUST,idxq4-64_queryq4-64
1379929052.0_L1,1379929052.0,L1,BACKGROUND,0.127901092171669,BACKGROUND,idxq4-64_queryq4-64
1379932540.0_H1,1379932540.0,H1,BACKGROUND,0.1291512548923492,BACKGROUND,idxq4-64_queryq4-64
1379935932.0_L1,1379935932.0,L1,ROBUST,0.4250610768795013,ROBUST,idxq4-64_queryq4-64
1379936060.0_H1,1379936060.0,H1,ROBUST,0.4331083595752716,ROBUST,idxq4-64_queryq4-64
1379936540.0_L1,1379936540.0,L1,BACKGROUND,0.1086627915501594,BACKGROUND,idxq4-64_queryq4-64
1379937884.0_L1,1379937884.0,L1,ROBUST,0.4135597050189972,ROBUST,idxq4-64_queryq4-64
1379940508.0_L1,1379940508.0,L1,ROBUST,0.417746365070343,ROBUST,idxq4-64_queryq4-64
1379941212.0_L1,1379941212.0,L1,ROBUST,0.2889902591705322,ROBUST,idxq4-64_queryq4-64
1379943996.0_L1,1379943996.0,L1,ROBUST,0.4498436748981476,ROBUST,idxq4-64_queryq4-64
1379945916.0_H1,1379945916.0,H1,ROBUST,0.4519032835960388,ROBUST,idxq4-64_queryq4-64
1379946300.0_L1,1379946300.0,L1,AMBIGUOUS,0.1517912149429321,AMBIGUOUS,idxq4-64_queryq4-64
1379948508.0_L1,1379948508.0,L1,BACKGROUND,0.1397778838872909,BACKGROUND,idxq4-64_queryq4-64
1379950012.0_L1,1379950012.0,L1,ROBUST,0.4409413635730743,ROBUST,idxq4-64_queryq4-64
1379952860.0_L1,1379952860.0,L1,AMBIGUOUS,0.1717902272939682,AMBIGUOUS,idxq4-64_queryq4-64
1379953116.0_H1,1379953116.0,H1,ROBUST,0.476048856973648,ROBUST,idxq4-64_queryq4-64
1379954684.0_L1,1379954684.0,L1,ROBUST,0.4210483729839325,ROBUST,idxq4-64_queryq4-64
1379955772.0_L1,1379955772.0,L1,ROBUST,0.4499360918998718,ROBUST,idxq4-64_queryq4-64
1379957820.0_L1,1379957820.0,L1,AMBIGUOUS,0.1973036825656891,AMBIGUOUS,idxq4-64_queryq4-64
1379958620.0_H1,1379958620.0,H1,AMBIGUOUS,0.177359327673912,AMBIGUOUS,idxq4-64_queryq4-64
1379959356.0_L1,1379959356.0,L1,BACKGROUND,0.1464647054672241,BACKGROUND,idxq4-64_queryq4-64
1379960860.0_L1,1379960860.0,L1,BACKGROUND,0.1409404724836349,BACKGROUND,idxq4-64_queryq4-64
1379972476.0_L1,1379972476.0,L1,AMBIGUOUS,0.1969046294689178,AMBIGUOUS,idxq4-64_queryq4-64
1379972892.0_L1,1379972892.0,L1,BACKGROUND,0.1192960441112518,BACKGROUND,idxq4-64_queryq4-64
1379973020.0_L1,1379973020.0,L1,ROBUST,0.4345309436321258,ROBUST,idxq4-64_queryq4-64
1379973820.0_L1,1379973820.0,L1,AMBIGUOUS,0.1594467610120773,AMBIGUOUS,idxq4-64_queryq4-64
1379974140.0_L1,1379974140.0,L1,BACKGROUND,0.0982095673680305,BACKGROUND,idxq4-64_queryq4-64
1379974364.0_L1,1379974364.0,L1,AMBIGUOUS,0.1884640753269195,AMBIGUOUS,idxq4-64_queryq4-64
1379977020.0_L1,1379977020.0,L1,ROBUST,0.4345356225967407,ROBUST,idxq4-64_queryq4-64
1379978140.0_L1,1379978140.0,L1,ROBUST,0.4300847053527832,ROBUST,idxq4-64_queryq4-64
1379978428.0_L1,1379978428.0,L1,ROBUST,0.2266018539667129,ROBUST,idxq4-64_queryq4-64
1379981596.0_L1,1379981596.0,L1,BACKGROUND,0.1003405526280403,BACKGROUND,idxq4-64_queryq4-64
1380008028.0_H1,1380008028.0,H1,ROBUST,0.4275542497634887,ROBUST,idxq4-64_queryq4-64
1380021884.0_H1,1380021884.0,H1,ROBUST,0.4412707984447479,ROBUST,idxq4-64_queryq4-64
1380022588.0_L1,1380022588.0,L1,ROBUST,0.4284661412239074,ROBUST,idxq4-64_queryq4-64
1380024508.0_L1,1380024508.0,L1,BACKGROUND,0.0863462164998054,BACKGROUND,idxq4-64_queryq4-64
1380026812.0_L1,1380026812.0,L1,ROBUST,0.430747777223587,ROBUST,idxq4-64_queryq4-64
1380027964.0_L1,1380027964.0,L1,ROBUST,0.4633829295635223,ROBUST,idxq4-64_queryq4-64
1380030044.0_H1,1380030044.0,H1,ROBUST,0.4494878053665161,ROBUST,idxq4-64_queryq4-64
1380031644.0_L1,1380031644.0,L1,BACKGROUND,0.133987620472908,BACKGROUND,idxq4-64_queryq4-64
1380036092.0_L1,1380036092.0,L1,BACKGROUND,0.1339519768953323,BACKGROUND,idxq4-64_queryq4-64
1380036092.0_H1,1380036092.0,H1,ROBUST,0.46101659536361694,ROBUST,idxq4-64_queryq4-64
1380036284.0_L1,1380036284.0,L1,BACKGROUND,0.1260042935609817,BACKGROUND,idxq4-64_queryq4-64
1380038012.0_L1,1380038012.0,L1,ROBUST,0.4489692747592926,ROBUST,idxq4-64_queryq4-64
1380040284.0_L1,1380040284.0,L1,ROBUST,0.4459281861782074,ROBUST,idxq4-64_queryq4-64
1380040860.0_L1,1380040860.0,L1,BACKGROUND,0.1058041527867317,BACKGROUND,idxq4-64_queryq4-64
1380042268.0_H1,1380042268.0,H1,ROBUST,0.4515646994113922,ROBUST,idxq4-64_queryq4-64
1380042396.0_L1,1380042396.0,L1,BACKGROUND,0.1286117285490036,BACKGROUND,idxq4-64_queryq4-64
1380043324.0_L1,1380043324.0,L1,ROBUST,0.4619829356670379,ROBUST,idxq4-64_queryq4-64
1380048128.0_L1,1380048128.0,L1,BACKGROUND,0.0657853260636329,BACKGROUND,idxq4-64_queryq4-64
1380063612.0_L1,1380063612.0,L1,ROBUST,0.4239311218261719,ROBUST,idxq4-64_queryq4-64
1380066460.0_L1,1380066460.0,L1,BACKGROUND,0.1335405856370926,BACKGROUND,idxq4-64_queryq4-64
1380067324.0_H1,1380067324.0,H1,ROBUST,0.4462435245513916,ROBUST,idxq4-64_queryq4-64
1380071804.0_H1,1380071804.0,H1,ROBUST,0.4875768721103668,ROBUST,idxq4-64_queryq4-64
1380071868.0_L1,1380071868.0,L1,ROBUST,0.4251708388328552,ROBUST,idxq4-64_queryq4-64
1380072828.0_L1,1380072828.0,L1,AMBIGUOUS,0.1794277429580688,AMBIGUOUS,idxq4-64_queryq4-64
1380077052.0_H1,1380077052.0,H1,ROBUST,0.4506354033946991,ROBUST,idxq4-64_queryq4-64
1380077788.0_L1,1380077788.0,L1,ROBUST,0.3250947296619415,ROBUST,idxq4-64_queryq4-64
1380079196.0_H1,1380079196.0,H1,BACKGROUND,0.1069532036781311,BACKGROUND,idxq4-64_queryq4-64
1380084700.0_H1,1380084700.0,H1,ROBUST,0.4713924527168274,ROBUST,idxq4-64_queryq4-64
1380089052.0_L1,1380089052.0,L1,ROBUST,0.220627948641777,ROBUST,idxq4-64_queryq4-64
1380090716.0_L1,1380090716.0,L1,ROBUST,0.3294309675693512,ROBUST,idxq4-64_queryq4-64
1380094108.0_L1,1380094108.0,L1,ROBUST,0.452483057975769,ROBUST,idxq4-64_queryq4-64
1380098556.0_L1,1380098556.0,L1,BACKGROUND,0.1462857574224472,BACKGROUND,idxq4-64_queryq4-64
1380100380.0_L1,1380100380.0,L1,BACKGROUND,0.1491154283285141,BACKGROUND,idxq4-64_queryq4-64
1380103388.0_L1,1380103388.0,L1,AMBIGUOUS,0.1640369147062301,AMBIGUOUS,idxq4-64_queryq4-64
1380103644.0_L1,1380103644.0,L1,ROBUST,0.4562309086322784,ROBUST,idxq4-64_queryq4-64
1380103964.0_L1,1380103964.0,L1,ROBUST,0.4414395987987518,ROBUST,idxq4-64_queryq4-64
1380105244.0_H1,1380105244.0,H1,ROBUST,0.4198040664196014,ROBUST,idxq4-64_queryq4-64
1380106236.0_L1,1380106236.0,L1,ROBUST,0.4399298131465912,ROBUST,idxq4-64_queryq4-64
1380106492.0_H1,1380106492.0,H1,ROBUST,0.3494029641151428,ROBUST,idxq4-64_queryq4-64
1380107388.0_L1,1380107388.0,L1,ROBUST,0.4203624725341797,ROBUST,idxq4-64_queryq4-64
1380111516.0_L1,1380111516.0,L1,ROBUST,0.3315613567829132,ROBUST,idxq4-64_queryq4-64
1380112412.0_L1,1380112412.0,L1,ROBUST,0.4133325517177582,ROBUST,idxq4-64_queryq4-64
1380113052.0_H1,1380113052.0,H1,BACKGROUND,0.1260491907596588,BACKGROUND,idxq4-64_queryq4-64
1380115772.0_H1,1380115772.0,H1,ROBUST,0.4332671463489532,ROBUST,idxq4-64_queryq4-64
1380117500.0_H1,1380117500.0,H1,ROBUST,0.4305257797241211,ROBUST,idxq4-64_queryq4-64
1380117724.0_L1,1380117724.0,L1,ROBUST,0.2377811819314956,ROBUST,idxq4-64_queryq4-64
1380121564.0_L1,1380121564.0,L1,AMBIGUOUS,0.1765352934598922,AMBIGUOUS,idxq4-64_queryq4-64
1380123324.0_L1,1380123324.0,L1,ROBUST,0.4135372936725616,ROBUST,idxq4-64_queryq4-64
1380130876.0_L1,1380130876.0,L1,BACKGROUND,0.107031337916851,BACKGROUND,idxq4-64_queryq4-64
1380131228.0_H1,1380131228.0,H1,ROBUST,0.4626299440860748,ROBUST,idxq4-64_queryq4-64
1380132412.0_H1,1380132412.0,H1,ROBUST,0.4719661176204681,ROBUST,idxq4-64_queryq4-64
1380132444.0_H1,1380132444.0,H1,ROBUST,0.4199891984462738,ROBUST,idxq4-64_queryq4-64
1380132636.0_L1,1380132636.0,L1,BACKGROUND,0.0980669483542442,BACKGROUND,idxq4-64_queryq4-64
1380135100.0_L1,1380135100.0,L1,ROBUST,0.4087848961353302,ROBUST,idxq4-64_queryq4-64
1380136252.0_H1,1380136252.0,H1,ROBUST,0.4418681263923645,ROBUST,idxq4-64_queryq4-64
1380142044.0_L1,1380142044.0,L1,BACKGROUND,0.1364468485116958,BACKGROUND,idxq4-64_queryq4-64
1380143036.0_H1,1380143036.0,H1,ROBUST,0.5042802095413208,ROBUST,idxq4-64_queryq4-64
1380144252.0_L1,1380144252.0,L1,ROBUST,0.4163148701190948,ROBUST,idxq4-64_queryq4-64
1380150332.0_H1,1380150332.0,H1,ROBUST,0.4683107435703277,ROBUST,idxq4-64_queryq4-64
1380151388.0_L1,1380151388.0,L1,ROBUST,0.412957102060318,ROBUST,idxq4-64_queryq4-64
1380155900.0_H1,1380155900.0,H1,ROBUST,0.2567401826381683,ROBUST,idxq4-64_queryq4-64
1380156380.0_H1,1380156380.0,H1,ROBUST,0.2522650063037872,ROBUST,idxq4-64_queryq4-64
1380157756.0_H1,1380157756.0,H1,ROBUST,0.5180062651634216,ROBUST,idxq4-64_queryq4-64
1380158556.0_H1,1380158556.0,H1,ROBUST,0.4490748643875122,ROBUST,idxq4-64_queryq4-64
1380159548.0_L1,1380159548.0,L1,ROBUST,0.4005639553070068,ROBUST,idxq4-64_queryq4-64
1380161628.0_H1,1380161628.0,H1,ROBUST,0.47567018866539,ROBUST,idxq4-64_queryq4-64
1380161692.0_L1,1380161692.0,L1,ROBUST,0.421066552400589,ROBUST,idxq4-64_queryq4-64
1380163292.0_L1,1380163292.0,L1,ROBUST,0.4425685703754425,ROBUST,idxq4-64_queryq4-64
1380168636.0_H1,1380168636.0,H1,AMBIGUOUS,0.1495792418718338,AMBIGUOUS,idxq4-64_queryq4-64
1380171228.0_L1,1380171228.0,L1,ROBUST,0.4464230239391327,ROBUST,idxq4-64_queryq4-64
1380172444.0_L1,1380172444.0,L1,ROBUST,0.4505947232246399,ROBUST,idxq4-64_queryq4-64
1380174172.0_L1,1380174172.0,L1,ROBUST,0.4321338534355163,ROBUST,idxq4-64_queryq4-64
1380178684.0_L1,1380178684.0,L1,ROBUST,0.4169623255729675,ROBUST,idxq4-64_queryq4-64
1380179292.0_L1,1380179292.0,L1,BACKGROUND,0.1471016854047775,BACKGROUND,idxq4-64_queryq4-64
1380179484.0_H1,1380179484.0,H1,AMBIGUOUS,0.1379321962594986,AMBIGUOUS,idxq4-64_queryq4-64
1380180316.0_L1,1380180316.0,L1,ROBUST,0.418296217918396,ROBUST,idxq4-64_queryq4-64
1380180700.0_L1,1380180700.0,L1,AMBIGUOUS,0.1524126380681991,AMBIGUOUS,idxq4-64_queryq4-64
1380183228.0_H1,1380183228.0,H1,ROBUST,0.4572642147541046,ROBUST,idxq4-64_queryq4-64
1380185436.0_L1,1380185436.0,L1,ROBUST,0.4191336929798126,ROBUST,idxq4-64_queryq4-64
1380186588.0_L1,1380186588.0,L1,BACKGROUND,0.1080393269658088,BACKGROUND,idxq4-64_queryq4-64
1380188732.0_L1,1380188732.0,L1,ROBUST,0.4299561381340027,ROBUST,idxq4-64_queryq4-64
1380189308.0_H1,1380189308.0,H1,AMBIGUOUS,0.1539133936166763,AMBIGUOUS,idxq4-64_queryq4-64
1380189500.0_L1,1380189500.0,L1,BACKGROUND,0.1161167472600936,BACKGROUND,idxq4-64_queryq4-64
1380189756.0_H1,1380189756.0,H1,ROBUST,0.4678282439708709,ROBUST,idxq4-64_queryq4-64
1380190396.0_H1,1380190396.0,H1,ROBUST,0.4611141681671142,ROBUST,idxq4-64_queryq4-64
1380191488.0_L1,1380191488.0,L1,BACKGROUND,0.062245886772871,BACKGROUND,idxq4-64_queryq4-64
1380195932.0_L1,1380195932.0,L1,BACKGROUND,0.0838872566819191,BACKGROUND,idxq4-64_queryq4-64
1380202396.0_L1,1380202396.0,L1,ROBUST,0.4302672445774078,ROBUST,idxq4-64_queryq4-64
1380204316.0_L1,1380204316.0,L1,BACKGROUND,0.1087690219283104,BACKGROUND,idxq4-64_queryq4-64
1380204380.0_L1,1380204380.0,L1,ROBUST,0.4270634353160858,ROBUST,idxq4-64_queryq4-64
1380228860.0_L1,1380228860.0,L1,BACKGROUND,0.1092164367437362,BACKGROUND,idxq4-64_queryq4-64
1380252988.0_L1,1380252988.0,L1,ROBUST,0.4928402602672577,ROBUST,idxq4-64_queryq4-64
1380254204.0_L1,1380254204.0,L1,ROBUST,0.4101040661334991,ROBUST,idxq4-64_queryq4-64
1380256060.0_L1,1380256060.0,L1,BACKGROUND,0.1131801307201385,BACKGROUND,idxq4-64_queryq4-64
1380259580.0_H1,1380259580.0,H1,ROBUST,0.4419202506542206,ROBUST,idxq4-64_queryq4-64
1380260028.0_L1,1380260028.0,L1,BACKGROUND,0.1263674050569534,BACKGROUND,idxq4-64_queryq4-64
1380262076.0_H1,1380262076.0,H1,AMBIGUOUS,0.2026242166757583,AMBIGUOUS,idxq4-64_queryq4-64
1380263452.0_L1,1380263452.0,L1,BACKGROUND,0.141014963388443,BACKGROUND,idxq4-64_queryq4-64
1380266076.0_L1,1380266076.0,L1,BACKGROUND,0.1177272349596023,BACKGROUND,idxq4-64_queryq4-64
1380266652.0_L1,1380266652.0,L1,ROBUST,0.4471900761127472,ROBUST,idxq4-64_queryq4-64
1380267164.0_H1,1380267164.0,H1,ROBUST,0.3986668884754181,ROBUST,idxq4-64_queryq4-64
1380267804.0_L1,1380267804.0,L1,ROBUST,0.3119671940803528,ROBUST,idxq4-64_queryq4-64
1380267836.0_H1,1380267836.0,H1,ROBUST,0.4739322662353515,ROBUST,idxq4-64_queryq4-64
1380271484.0_L1,1380271484.0,L1,ROBUST,0.4308030307292938,ROBUST,idxq4-64_queryq4-64
1380272220.0_H1,1380272220.0,H1,ROBUST,0.428642213344574,ROBUST,idxq4-64_queryq4-64
1380273596.0_H1,1380273596.0,H1,ROBUST,0.4460206627845764,ROBUST,idxq4-64_queryq4-64
1380276252.0_L1,1380276252.0,L1,ROBUST,0.419329434633255,ROBUST,idxq4-64_queryq4-64
1380276508.0_L1,1380276508.0,L1,ROBUST,0.4079949259757995,ROBUST,idxq4-64_queryq4-64
1380277504.0_L1,1380277504.0,L1,BACKGROUND,0.0929087400436401,BACKGROUND,idxq4-64_queryq4-64
1380279772.0_L1,1380279772.0,L1,AMBIGUOUS,0.1610321700572967,AMBIGUOUS,idxq4-64_queryq4-64
1380281244.0_L1,1380281244.0,L1,ROBUST,0.4225637316703796,ROBUST,idxq4-64_queryq4-64
1380285820.0_L1,1380285820.0,L1,ROBUST,0.353044718503952,ROBUST,idxq4-64_queryq4-64
1380289276.0_H1,1380289276.0,H1,ROBUST,0.4329734146595001,ROBUST,idxq4-64_queryq4-64
1380289692.0_L1,1380289692.0,L1,ROBUST,0.2980792820453644,ROBUST,idxq4-64_queryq4-64
1380291452.0_L1,1380291452.0,L1,ROBUST,0.4393658339977264,ROBUST,idxq4-64_queryq4-64
1380292924.0_L1,1380292924.0,L1,AMBIGUOUS,0.1535005122423172,AMBIGUOUS,idxq4-64_queryq4-64
1380294236.0_L1,1380294236.0,L1,BACKGROUND,0.1416646391153335,BACKGROUND,idxq4-64_queryq4-64
1380306268.0_L1,1380306268.0,L1,AMBIGUOUS,0.2030470818281173,AMBIGUOUS,idxq4-64_queryq4-64
1380309244.0_L1,1380309244.0,L1,ROBUST,0.420850545167923,ROBUST,idxq4-64_queryq4-64
1380309660.0_L1,1380309660.0,L1,AMBIGUOUS,0.1519920974969864,AMBIGUOUS,idxq4-64_queryq4-64
1380310620.0_L1,1380310620.0,L1,ROBUST,0.3576109409332275,ROBUST,idxq4-64_queryq4-64
1380311164.0_L1,1380311164.0,L1,BACKGROUND,0.1286439299583435,BACKGROUND,idxq4-64_queryq4-64
1380313756.0_L1,1380313756.0,L1,ROBUST,0.2854528427124023,ROBUST,idxq4-64_queryq4-64
1380313884.0_L1,1380313884.0,L1,ROBUST,0.4539572894573211,ROBUST,idxq4-64_queryq4-64
1380314268.0_L1,1380314268.0,L1,ROBUST,0.4225229620933532,ROBUST,idxq4-64_queryq4-64
1380314332.0_H1,1380314332.0,H1,ROBUST,0.43107670545578,ROBUST,idxq4-64_queryq4-64
1380314368.0_L1,1380314368.0,L1,BACKGROUND,0.068135991692543,BACKGROUND,idxq4-64_queryq4-64
1380317788.0_L1,1380317788.0,L1,ROBUST,0.2669409215450287,ROBUST,idxq4-64_queryq4-64
1380318464.0_L1,1380318464.0,L1,BACKGROUND,0.0787175893783569,BACKGROUND,idxq4-64_queryq4-64
1380321308.0_L1,1380321308.0,L1,ROBUST,0.4289866685867309,ROBUST,idxq4-64_queryq4-64
1380322620.0_L1,1380322620.0,L1,ROBUST,0.4333976805210113,ROBUST,idxq4-64_queryq4-64
1380324572.0_L1,1380324572.0,L1,ROBUST,0.481937974691391,ROBUST,idxq4-64_queryq4-64
1380326492.0_L1,1380326492.0,L1,BACKGROUND,0.1408974081277847,BACKGROUND,idxq4-64_queryq4-64
1380326556.0_L1,1380326556.0,L1,BACKGROUND,0.1219688728451728,BACKGROUND,idxq4-64_queryq4-64
1380327164.0_L1,1380327164.0,L1,BACKGROUND,0.1207427158951759,BACKGROUND,idxq4-64_queryq4-64
1380330140.0_H1,1380330140.0,H1,AMBIGUOUS,0.1604976654052734,AMBIGUOUS,idxq4-64_queryq4-64
1380333564.0_L1,1380333564.0,L1,ROBUST,0.4583951830863952,ROBUST,idxq4-64_queryq4-64
1380335356.0_H1,1380335356.0,H1,ROBUST,0.5021166205406189,ROBUST,idxq4-64_queryq4-64
1380336636.0_L1,1380336636.0,L1,BACKGROUND,0.1214654594659805,BACKGROUND,idxq4-64_queryq4-64
1380337116.0_L1,1380337116.0,L1,BACKGROUND,0.1320847421884536,BACKGROUND,idxq4-64_queryq4-64
1380337244.0_H1,1380337244.0,H1,ROBUST,0.4452707469463348,ROBUST,idxq4-64_queryq4-64
1380337692.0_L1,1380337692.0,L1,ROBUST,0.4949208498001098,ROBUST,idxq4-64_queryq4-64
1380340188.0_L1,1380340188.0,L1,BACKGROUND,0.111981488764286,BACKGROUND,idxq4-64_queryq4-64
1380347868.0_L1,1380347868.0,L1,BACKGROUND,0.1353922933340072,BACKGROUND,idxq4-64_queryq4-64
1380353116.0_L1,1380353116.0,L1,ROBUST,0.4231832325458526,ROBUST,idxq4-64_queryq4-64
1380353660.0_H1,1380353660.0,H1,ROBUST,0.4732643067836761,ROBUST,idxq4-64_queryq4-64
1380354588.0_L1,1380354588.0,L1,BACKGROUND,0.1057746112346649,BACKGROUND,idxq4-64_queryq4-64
1380356284.0_L1,1380356284.0,L1,BACKGROUND,0.1327143311500549,BACKGROUND,idxq4-64_queryq4-64
1380358972.0_H1,1380358972.0,H1,ROBUST,0.4076741635799408,ROBUST,idxq4-64_queryq4-64
1380359548.0_H1,1380359548.0,H1,ROBUST,0.4087791442871094,ROBUST,idxq4-64_queryq4-64
1380361244.0_L1,1380361244.0,L1,ROBUST,0.4510776400566101,ROBUST,idxq4-64_queryq4-64
1380361596.0_H1,1380361596.0,H1,ROBUST,0.4313057959079742,ROBUST,idxq4-64_queryq4-64
1380363196.0_H1,1380363196.0,H1,AMBIGUOUS,0.1555471122264862,AMBIGUOUS,idxq4-64_queryq4-64
1380368668.0_L1,1380368668.0,L1,AMBIGUOUS,0.2038778215646743,AMBIGUOUS,idxq4-64_queryq4-64
1380370364.0_L1,1380370364.0,L1,BACKGROUND,0.118569403886795,BACKGROUND,idxq4-64_queryq4-64
1380415452.0_L1,1380415452.0,L1,ROBUST,0.4412168562412262,ROBUST,idxq4-64_queryq4-64
1380415868.0_H1,1380415868.0,H1,ROBUST,0.4298487901687622,ROBUST,idxq4-64_queryq4-64
1380422332.0_H1,1380422332.0,H1,ROBUST,0.4427431225776672,ROBUST,idxq4-64_queryq4-64
1380428924.0_H1,1380428924.0,H1,BACKGROUND,0.0960916355252265,BACKGROUND,idxq4-64_queryq4-64
1380429084.0_H1,1380429084.0,H1,ROBUST,0.5194937586784363,ROBUST,idxq4-64_queryq4-64
1380429884.0_L1,1380429884.0,L1,BACKGROUND,0.1271920800209045,BACKGROUND,idxq4-64_queryq4-64
1380430588.0_H1,1380430588.0,H1,BACKGROUND,0.0841624736785888,BACKGROUND,idxq4-64_queryq4-64
1380446588.0_H1,1380446588.0,H1,BACKGROUND,0.1203136146068573,BACKGROUND,idxq4-64_queryq4-64
1380446908.0_L1,1380446908.0,L1,ROBUST,0.4578739702701568,ROBUST,idxq4-64_queryq4-64
1380447260.0_H1,1380447260.0,H1,ROBUST,0.420948714017868,ROBUST,idxq4-64_queryq4-64
1380447644.0_H1,1380447644.0,H1,AMBIGUOUS,0.1484063416719436,AMBIGUOUS,idxq4-64_queryq4-64
1380448124.0_L1,1380448124.0,L1,BACKGROUND,0.1189855262637138,BACKGROUND,idxq4-64_queryq4-64
1380449468.0_H1,1380449468.0,H1,ROBUST,0.3534379303455353,ROBUST,idxq4-64_queryq4-64
1380449532.0_L1,1380449532.0,L1,ROBUST,0.4722158908843994,ROBUST,idxq4-64_queryq4-64
1380450812.0_H1,1380450812.0,H1,ROBUST,0.4399212002754211,ROBUST,idxq4-64_queryq4-64
1380452316.0_L1,1380452316.0,L1,ROBUST,0.4323388338088989,ROBUST,idxq4-64_queryq4-64
1380452828.0_H1,1380452828.0,H1,ROBUST,0.4382508099079132,ROBUST,idxq4-64_queryq4-64
1380453052.0_L1,1380453052.0,L1,ROBUST,0.4371985197067261,ROBUST,idxq4-64_queryq4-64
1380468604.0_L1,1380468604.0,L1,ROBUST,0.4956218004226684,ROBUST,idxq4-64_queryq4-64
1380476316.0_H1,1380476316.0,H1,ROBUST,0.4526295959949493,ROBUST,idxq4-64_queryq4-64
1380480284.0_H1,1380480284.0,H1,ROBUST,0.4414535462856293,ROBUST,idxq4-64_queryq4-64
1380480348.0_H1,1380480348.0,H1,BACKGROUND,0.0891476273536682,BACKGROUND,idxq4-64_queryq4-64
1380498652.0_H1,1380498652.0,H1,BACKGROUND,0.0948699489235878,BACKGROUND,idxq4-64_queryq4-64
1380500380.0_L1,1380500380.0,L1,ROBUST,0.222849816083908,ROBUST,idxq4-64_queryq4-64
1380500604.0_H1,1380500604.0,H1,AMBIGUOUS,0.1595650464296341,AMBIGUOUS,idxq4-64_queryq4-64
1380501532.0_L1,1380501532.0,L1,ROBUST,0.4216016232967376,ROBUST,idxq4-64_queryq4-64
1380502012.0_H1,1380502012.0,H1,ROBUST,0.4813829362392425,ROBUST,idxq4-64_queryq4-64
1380508572.0_H1,1380508572.0,H1,ROBUST,0.4606940448284149,ROBUST,idxq4-64_queryq4-64
1380518204.0_L1,1380518204.0,L1,ROBUST,0.4326961934566498,ROBUST,idxq4-64_queryq4-64
1380519772.0_L1,1380519772.0,L1,ROBUST,0.4880816638469696,ROBUST,idxq4-64_queryq4-64
1380520956.0_H1,1380520956.0,H1,ROBUST,0.4475044012069702,ROBUST,idxq4-64_queryq4-64
1380521916.0_H1,1380521916.0,H1,ROBUST,0.4541273713111877,ROBUST,idxq4-64_queryq4-64
1380522972.0_H1,1380522972.0,H1,ROBUST,0.4211727082729339,ROBUST,idxq4-64_queryq4-64
1380525596.0_H1,1380525596.0,H1,ROBUST,0.4241158366203308,ROBUST,idxq4-64_queryq4-64
1380529852.0_L1,1380529852.0,L1,ROBUST,0.4772897660732269,ROBUST,idxq4-64_queryq4-64
1380530076.0_H1,1380530076.0,H1,AMBIGUOUS,0.1378657221794128,AMBIGUOUS,idxq4-64_queryq4-64
1380531356.0_L1,1380531356.0,L1,ROBUST,0.4846184253692627,ROBUST,idxq4-64_queryq4-64
1380531548.0_L1,1380531548.0,L1,ROBUST,0.4229581356048584,ROBUST,idxq4-64_queryq4-64
1380532380.0_L1,1380532380.0,L1,ROBUST,0.4363023042678833,ROBUST,idxq4-64_queryq4-64
1380533020.0_H1,1380533020.0,H1,BACKGROUND,0.0869543254375457,BACKGROUND,idxq4-64_queryq4-64
1380533468.0_L1,1380533468.0,L1,ROBUST,0.4403076767921448,ROBUST,idxq4-64_queryq4-64
1380533820.0_H1,1380533820.0,H1,ROBUST,0.437325656414032,ROBUST,idxq4-64_queryq4-64
1380534588.0_H1,1380534588.0,H1,BACKGROUND,0.0814479514956474,BACKGROUND,idxq4-64_queryq4-64
1380544444.0_H1,1380544444.0,H1,BACKGROUND,0.1238541305065155,BACKGROUND,idxq4-64_queryq4-64
1380549692.0_H1,1380549692.0,H1,ROBUST,0.4281631708145141,ROBUST,idxq4-64_queryq4-64
1380551868.0_L1,1380551868.0,L1,AMBIGUOUS,0.1836878657341003,AMBIGUOUS,idxq4-64_queryq4-64
1380551932.0_H1,1380551932.0,H1,AMBIGUOUS,0.1358290910720825,AMBIGUOUS,idxq4-64_queryq4-64
1380559996.0_H1,1380559996.0,H1,ROBUST,0.4283695518970489,ROBUST,idxq4-64_queryq4-64
1380561596.0_L1,1380561596.0,L1,ROBUST,0.4379226565361023,ROBUST,idxq4-64_queryq4-64
1380563356.0_L1,1380563356.0,L1,ROBUST,0.4123282134532928,ROBUST,idxq4-64_queryq4-64
1380563932.0_L1,1380563932.0,L1,ROBUST,0.3947691619396209,ROBUST,idxq4-64_queryq4-64
1380564828.0_L1,1380564828.0,L1,ROBUST,0.4092403650283813,ROBUST,idxq4-64_queryq4-64
1380564988.0_L1,1380564988.0,L1,ROBUST,0.4402203261852264,ROBUST,idxq4-64_queryq4-64
1380565148.0_L1,1380565148.0,L1,ROBUST,0.4383731782436371,ROBUST,idxq4-64_queryq4-64
1380565564.0_L1,1380565564.0,L1,ROBUST,0.2836253643035888,ROBUST,idxq4-64_queryq4-64
1380565884.0_L1,1380565884.0,L1,ROBUST,0.4909678101539612,ROBUST,idxq4-64_queryq4-64
1380566300.0_L1,1380566300.0,L1,ROBUST,0.4031705260276794,ROBUST,idxq4-64_queryq4-64
1380566428.0_L1,1380566428.0,L1,AMBIGUOUS,0.1919731050729751,AMBIGUOUS,idxq4-64_queryq4-64
1380567772.0_L1,1380567772.0,L1,ROBUST,0.4474075138568878,ROBUST,idxq4-64_queryq4-64
1380568604.0_L1,1380568604.0,L1,AMBIGUOUS,0.2118258774280548,AMBIGUOUS,idxq4-64_queryq4-64
1380568828.0_L1,1380568828.0,L1,AMBIGUOUS,0.1533558964729309,AMBIGUOUS,idxq4-64_queryq4-64
1380569052.0_H1,1380569052.0,H1,ROBUST,0.244402602314949,ROBUST,idxq4-64_queryq4-64
1380570332.0_L1,1380570332.0,L1,ROBUST,0.4474729299545288,ROBUST,idxq4-64_queryq4-64
1380570624.0_L1,1380570624.0,L1,ROBUST,0.4386268556118011,ROBUST,idxq4-64_queryq4-64
1380570908.0_L1,1380570908.0,L1,ROBUST,0.37505704164505,ROBUST,idxq4-64_queryq4-64
1380582940.0_H1,1380582940.0,H1,AMBIGUOUS,0.1373316496610641,AMBIGUOUS,idxq4-64_queryq4-64
1380586140.0_H1,1380586140.0,H1,ROBUST,0.4380137324333191,ROBUST,idxq4-64_queryq4-64
1380587740.0_H1,1380587740.0,H1,ROBUST,0.4235590100288391,ROBUST,idxq4-64_queryq4-64
1380592636.0_L1,1380592636.0,L1,ROBUST,0.277947336435318,ROBUST,idxq4-64_queryq4-64
1380618108.0_L1,1380618108.0,L1,ROBUST,0.4464845061302185,ROBUST,idxq4-64_queryq4-64
1380620092.0_L1,1380620092.0,L1,ROBUST,0.4445538818836212,ROBUST,idxq4-64_queryq4-64
1380621052.0_H1,1380621052.0,H1,ROBUST,0.4481010437011719,ROBUST,idxq4-64_queryq4-64
1380621468.0_H1,1380621468.0,H1,ROBUST,0.4139097332954407,ROBUST,idxq4-64_queryq4-64
1380624092.0_H1,1380624092.0,H1,ROBUST,0.4440191984176636,ROBUST,idxq4-64_queryq4-64
1380625052.0_H1,1380625052.0,H1,ROBUST,0.4441460967063904,ROBUST,idxq4-64_queryq4-64
1380625212.0_H1,1380625212.0,H1,ROBUST,0.5370422601699829,ROBUST,idxq4-64_queryq4-64
1380627132.0_H1,1380627132.0,H1,ROBUST,0.4172646999359131,ROBUST,idxq4-64_queryq4-64
1380627932.0_H1,1380627932.0,H1,ROBUST,0.3822587132453918,ROBUST,idxq4-64_queryq4-64
1380628572.0_L1,1380628572.0,L1,BACKGROUND,0.1427466720342636,BACKGROUND,idxq4-64_queryq4-64
1380628892.0_L1,1380628892.0,L1,ROBUST,0.4177823364734649,ROBUST,idxq4-64_queryq4-64
1380631388.0_H1,1380631388.0,H1,AMBIGUOUS,0.1787185370922088,AMBIGUOUS,idxq4-64_queryq4-64
1380632476.0_L1,1380632476.0,L1,ROBUST,0.4584210216999054,ROBUST,idxq4-64_queryq4-64
1380634972.0_H1,1380634972.0,H1,BACKGROUND,0.1094902381300926,BACKGROUND,idxq4-64_queryq4-64
1380638076.0_L1,1380638076.0,L1,ROBUST,0.2376002967357635,ROBUST,idxq4-64_queryq4-64
1380639708.0_L1,1380639708.0,L1,ROBUST,0.4342451095581054,ROBUST,idxq4-64_queryq4-64
1380640188.0_H1,1380640188.0,H1,ROBUST,0.4185057282447815,ROBUST,idxq4-64_queryq4-64
1380643548.0_L1,1380643548.0,L1,AMBIGUOUS,0.1623211950063705,AMBIGUOUS,idxq4-64_queryq4-64
1380643676.0_H1,1380643676.0,H1,ROBUST,0.4512145221233368,ROBUST,idxq4-64_queryq4-64
1380647996.0_H1,1380647996.0,H1,ROBUST,0.4194059073925018,ROBUST,idxq4-64_queryq4-64
1380649404.0_H1,1380649404.0,H1,ROBUST,0.4599842727184295,ROBUST,idxq4-64_queryq4-64
1380649436.0_H1,1380649436.0,H1,ROBUST,0.456612765789032,ROBUST,idxq4-64_queryq4-64
1380650940.0_H1,1380650940.0,H1,ROBUST,0.4501526057720184,ROBUST,idxq4-64_queryq4-64
1380651932.0_L1,1380651932.0,L1,ROBUST,0.4213394820690155,ROBUST,idxq4-64_queryq4-64
1380656092.0_H1,1380656092.0,H1,ROBUST,0.4496501386165619,ROBUST,idxq4-64_queryq4-64
1380656124.0_H1,1380656124.0,H1,ROBUST,0.4278590977191925,ROBUST,idxq4-64_queryq4-64
1380658684.0_H1,1380658684.0,H1,ROBUST,0.4501172006130218,ROBUST,idxq4-64_queryq4-64
1380659740.0_L1,1380659740.0,L1,ROBUST,0.285451740026474,ROBUST,idxq4-64_queryq4-64
1380661468.0_L1,1380661468.0,L1,AMBIGUOUS,0.1919575631618499,AMBIGUOUS,idxq4-64_queryq4-64
1380662012.0_L1,1380662012.0,L1,ROBUST,0.4390360414981842,ROBUST,idxq4-64_queryq4-64
1380664988.0_L1,1380664988.0,L1,ROBUST,0.4608291685581207,ROBUST,idxq4-64_queryq4-64
1380669116.0_L1,1380669116.0,L1,ROBUST,0.4107277691364288,ROBUST,idxq4-64_queryq4-64
1380672828.0_H1,1380672828.0,H1,BACKGROUND,0.1136347129940986,BACKGROUND,idxq4-64_queryq4-64
1380673308.0_L1,1380673308.0,L1,ROBUST,0.4521520435810089,ROBUST,idxq4-64_queryq4-64
1380673340.0_L1,1380673340.0,L1,ROBUST,0.4303799271583557,ROBUST,idxq4-64_queryq4-64
1380674844.0_H1,1380674844.0,H1,ROBUST,0.4450140297412872,ROBUST,idxq4-64_queryq4-64
1380675068.0_L1,1380675068.0,L1,ROBUST,0.4620213806629181,ROBUST,idxq4-64_queryq4-64
1380678716.0_H1,1380678716.0,H1,ROBUST,0.432554692029953,ROBUST,idxq4-64_queryq4-64
1380681500.0_L1,1380681500.0,L1,ROBUST,0.4830305576324463,ROBUST,idxq4-64_queryq4-64
1380686044.0_L1,1380686044.0,L1,ROBUST,0.4520254731178283,ROBUST,idxq4-64_queryq4-64
1380687868.0_H1,1380687868.0,H1,ROBUST,0.4210473299026489,ROBUST,idxq4-64_queryq4-64
1380688668.0_L1,1380688668.0,L1,ROBUST,0.4326264560222626,ROBUST,idxq4-64_queryq4-64
1380722364.0_L1,1380722364.0,L1,ROBUST,0.3522627651691437,ROBUST,idxq4-64_queryq4-64
1380723004.0_L1,1380723004.0,L1,ROBUST,0.4373379945755005,ROBUST,idxq4-64_queryq4-64
1380723516.0_L1,1380723516.0,L1,ROBUST,0.2984856367111206,ROBUST,idxq4-64_queryq4-64
1380724284.0_L1,1380724284.0,L1,ROBUST,0.4416320919990539,ROBUST,idxq4-64_queryq4-64
1380725692.0_L1,1380725692.0,L1,ROBUST,0.3354938626289367,ROBUST,idxq4-64_queryq4-64
1380727644.0_H1,1380727644.0,H1,ROBUST,0.4634059965610504,ROBUST,idxq4-64_queryq4-64
1380729052.0_L1,1380729052.0,L1,ROBUST,0.4979517757892608,ROBUST,idxq4-64_queryq4-64
1380730492.0_H1,1380730492.0,H1,ROBUST,0.4440881013870239,ROBUST,idxq4-64_queryq4-64
1380735484.0_L1,1380735484.0,L1,AMBIGUOUS,0.1748490035533905,AMBIGUOUS,idxq4-64_queryq4-64
1380735644.0_L1,1380735644.0,L1,BACKGROUND,0.1429053992033004,BACKGROUND,idxq4-64_queryq4-64
1380738268.0_H1,1380738268.0,H1,ROBUST,0.4232984185218811,ROBUST,idxq4-64_queryq4-64
1380738460.0_H1,1380738460.0,H1,ROBUST,0.4178738296031952,ROBUST,idxq4-64_queryq4-64
1380742524.0_L1,1380742524.0,L1,AMBIGUOUS,0.1661304831504821,AMBIGUOUS,idxq4-64_queryq4-64
1380743260.0_L1,1380743260.0,L1,ROBUST,0.4646598696708679,ROBUST,idxq4-64_queryq4-64
1380743292.0_L1,1380743292.0,L1,ROBUST,0.4185030162334442,ROBUST,idxq4-64_queryq4-64
1380748828.0_H1,1380748828.0,H1,ROBUST,0.4549400210380554,ROBUST,idxq4-64_queryq4-64
1380749468.0_H1,1380749468.0,H1,ROBUST,0.4255841076374054,ROBUST,idxq4-64_queryq4-64
1380749500.0_H1,1380749500.0,H1,ROBUST,0.4330571293830871,ROBUST,idxq4-64_queryq4-64
1380751676.0_H1,1380751676.0,H1,BACKGROUND,0.1250023692846298,BACKGROUND,idxq4-64_queryq4-64
1380756444.0_H1,1380756444.0,H1,ROBUST,0.4117065370082855,ROBUST,idxq4-64_queryq4-64
1380757372.0_L1,1380757372.0,L1,ROBUST,0.2352909445762634,ROBUST,idxq4-64_queryq4-64
1380759804.0_L1,1380759804.0,L1,ROBUST,0.4024587571620941,ROBUST,idxq4-64_queryq4-64
1380760988.0_L1,1380760988.0,L1,AMBIGUOUS,0.1604064851999282,AMBIGUOUS,idxq4-64_queryq4-64
1380761084.0_L1,1380761084.0,L1,ROBUST,0.2759988903999328,ROBUST,idxq4-64_queryq4-64
1380761340.0_L1,1380761340.0,L1,ROBUST,0.4537483751773834,ROBUST,idxq4-64_queryq4-64
1380763100.0_L1,1380763100.0,L1,ROBUST,0.291036307811737,ROBUST,idxq4-64_queryq4-64
1380763388.0_L1,1380763388.0,L1,ROBUST,0.3821455836296081,ROBUST,idxq4-64_queryq4-64
1380764636.0_L1,1380764636.0,L1,ROBUST,0.279986560344696,ROBUST,idxq4-64_queryq4-64
1380765564.0_L1,1380765564.0,L1,ROBUST,0.4489935934543609,ROBUST,idxq4-64_queryq4-64
1380775836.0_L1,1380775836.0,L1,ROBUST,0.4285497665405273,ROBUST,idxq4-64_queryq4-64
1380776092.0_H1,1380776092.0,H1,ROBUST,0.4338758289813995,ROBUST,idxq4-64_queryq4-64
1380776188.0_L1,1380776188.0,L1,ROBUST,0.4495432674884796,ROBUST,idxq4-64_queryq4-64
1380776348.0_L1,1380776348.0,L1,AMBIGUOUS,0.2108708024024963,AMBIGUOUS,idxq4-64_queryq4-64
1380776380.0_L1,1380776380.0,L1,ROBUST,0.3879754841327667,ROBUST,idxq4-64_queryq4-64
1380776508.0_L1,1380776508.0,L1,ROBUST,0.4195079505443573,ROBUST,idxq4-64_queryq4-64
1380776540.0_L1,1380776540.0,L1,ROBUST,0.4278805553913116,ROBUST,idxq4-64_queryq4-64
1380776828.0_L1,1380776828.0,L1,ROBUST,0.3485143482685089,ROBUST,idxq4-64_queryq4-64
1380776924.0_L1,1380776924.0,L1,ROBUST,0.2880941331386566,ROBUST,idxq4-64_queryq4-64
1380777020.0_L1,1380777020.0,L1,ROBUST,0.4290457963943481,ROBUST,idxq4-64_queryq4-64
1380777116.0_L1,1380777116.0,L1,AMBIGUOUS,0.162899300456047,AMBIGUOUS,idxq4-64_queryq4-64
1380777212.0_L1,1380777212.0,L1,ROBUST,0.4090780317783355,ROBUST,idxq4-64_queryq4-64
1380777276.0_L1,1380777276.0,L1,ROBUST,0.3997390568256378,ROBUST,idxq4-64_queryq4-64
1380777436.0_H1,1380777436.0,H1,BACKGROUND,0.1039516404271125,BACKGROUND,idxq4-64_queryq4-64
1380777692.0_L1,1380777692.0,L1,ROBUST,0.4381226599216461,ROBUST,idxq4-64_queryq4-64
1380777788.0_L1,1380777788.0,L1,ROBUST,0.440177172422409,ROBUST,idxq4-64_queryq4-64
1380777820.0_L1,1380777820.0,L1,ROBUST,0.381297767162323,ROBUST,idxq4-64_queryq4-64
1380777916.0_L1,1380777916.0,L1,ROBUST,0.4041329622268677,ROBUST,idxq4-64_queryq4-64
1380778108.0_L1,1380778108.0,L1,ROBUST,0.4158350527286529,ROBUST,idxq4-64_queryq4-64
1380778140.0_L1,1380778140.0,L1,ROBUST,0.2739827930927276,ROBUST,idxq4-64_queryq4-64
1380778172.0_L1,1380778172.0,L1,ROBUST,0.3649496734142303,ROBUST,idxq4-64_queryq4-64
1380778364.0_L1,1380778364.0,L1,ROBUST,0.3936814069747925,ROBUST,idxq4-64_queryq4-64
1380778428.0_L1,1380778428.0,L1,ROBUST,0.4269028902053833,ROBUST,idxq4-64_queryq4-64
1380778492.0_L1,1380778492.0,L1,ROBUST,0.4110099077224731,ROBUST,idxq4-64_queryq4-64
1380778556.0_L1,1380778556.0,L1,ROBUST,0.4022153615951538,ROBUST,idxq4-64_queryq4-64
1380778780.0_L1,1380778780.0,L1,ROBUST,0.3610714375972748,ROBUST,idxq4-64_queryq4-64
1380778812.0_L1,1380778812.0,L1,ROBUST,0.4231300354003906,ROBUST,idxq4-64_queryq4-64
1380779292.0_H1,1380779292.0,H1,ROBUST,0.4155024290084839,ROBUST,idxq4-64_queryq4-64
1380779324.0_L1,1380779324.0,L1,AMBIGUOUS,0.167783111333847,AMBIGUOUS,idxq4-64_queryq4-64
1380779356.0_L1,1380779356.0,L1,ROBUST,0.4389126598834991,ROBUST,idxq4-64_queryq4-64
1380779420.0_L1,1380779420.0,L1,ROBUST,0.4169242680072784,ROBUST,idxq4-64_queryq4-64
1380779644.0_L1,1380779644.0,L1,ROBUST,0.4363705217838287,ROBUST,idxq4-64_queryq4-64
1380779868.0_L1,1380779868.0,L1,ROBUST,0.3894926011562347,ROBUST,idxq4-64_queryq4-64
1380779900.0_L1,1380779900.0,L1,ROBUST,0.4143907427787781,ROBUST,idxq4-64_queryq4-64
1380779964.0_L1,1380779964.0,L1,ROBUST,0.4389011859893799,ROBUST,idxq4-64_queryq4-64
1380780028.0_L1,1380780028.0,L1,ROBUST,0.3864368498325348,ROBUST,idxq4-64_queryq4-64
1380780220.0_L1,1380780220.0,L1,ROBUST,0.4121256470680237,ROBUST,idxq4-64_queryq4-64
1380780316.0_L1,1380780316.0,L1,ROBUST,0.3532838225364685,ROBUST,idxq4-64_queryq4-64
1380780444.0_L1,1380780444.0,L1,ROBUST,0.4166293442249298,ROBUST,idxq4-64_queryq4-64
1380780476.0_L1,1380780476.0,L1,ROBUST,0.3952091038227081,ROBUST,idxq4-64_queryq4-64
1380780540.0_L1,1380780540.0,L1,ROBUST,0.4070973098278045,ROBUST,idxq4-64_queryq4-64
1380780540.0_H1,1380780540.0,H1,ROBUST,0.37629151344299316,ROBUST,idxq4-64_queryq4-64
1380780604.0_L1,1380780604.0,L1,ROBUST,0.2703543305397033,ROBUST,idxq4-64_queryq4-64
1380780636.0_L1,1380780636.0,L1,ROBUST,0.4259992241859436,ROBUST,idxq4-64_queryq4-64
1380780668.0_L1,1380780668.0,L1,ROBUST,0.4034720957279205,ROBUST,idxq4-64_queryq4-64
1380780860.0_L1,1380780860.0,L1,ROBUST,0.4368983805179596,ROBUST,idxq4-64_queryq4-64
1380781116.0_L1,1380781116.0,L1,ROBUST,0.4210493564605713,ROBUST,idxq4-64_queryq4-64
1380781276.0_L1,1380781276.0,L1,ROBUST,0.3934261202812195,ROBUST,idxq4-64_queryq4-64
1380781788.0_L1,1380781788.0,L1,ROBUST,0.4136362373828888,ROBUST,idxq4-64_queryq4-64
1380782428.0_L1,1380782428.0,L1,ROBUST,0.4402710795402527,ROBUST,idxq4-64_queryq4-64
1380782940.0_L1,1380782940.0,L1,ROBUST,0.4021571278572082,ROBUST,idxq4-64_queryq4-64
1380783004.0_L1,1380783004.0,L1,ROBUST,0.2291067689657211,ROBUST,idxq4-64_queryq4-64
1380783964.0_L1,1380783964.0,L1,ROBUST,0.2256888300180435,ROBUST,idxq4-64_queryq4-64
1380791228.0_L1,1380791228.0,L1,ROBUST,0.4381836652755737,ROBUST,idxq4-64_queryq4-64
1380793916.0_L1,1380793916.0,L1,ROBUST,0.3131421506404876,ROBUST,idxq4-64_queryq4-64
1380796316.0_L1,1380796316.0,L1,ROBUST,0.4652293026447296,ROBUST,idxq4-64_queryq4-64
1380796604.0_H1,1380796604.0,H1,ROBUST,0.4548175930976867,ROBUST,idxq4-64_queryq4-64
1380796764.0_L1,1380796764.0,L1,ROBUST,0.4527185559272766,ROBUST,idxq4-64_queryq4-64
1380798492.0_H1,1380798492.0,H1,ROBUST,0.4301371872425079,ROBUST,idxq4-64_queryq4-64
1380798940.0_L1,1380798940.0,L1,ROBUST,0.3779841661453247,ROBUST,idxq4-64_queryq4-64
1380801020.0_L1,1380801020.0,L1,ROBUST,0.4437368214130401,ROBUST,idxq4-64_queryq4-64
1380801596.0_H1,1380801596.0,H1,ROBUST,0.4802015423774719,ROBUST,idxq4-64_queryq4-64
1380803324.0_H1,1380803324.0,H1,ROBUST,0.4289648234844208,ROBUST,idxq4-64_queryq4-64
1380806204.0_L1,1380806204.0,L1,BACKGROUND,0.1482998579740524,BACKGROUND,idxq4-64_queryq4-64
1380807164.0_L1,1380807164.0,L1,BACKGROUND,0.1404559314250946,BACKGROUND,idxq4-64_queryq4-64
1380809244.0_L1,1380809244.0,L1,ROBUST,0.4160891473293304,ROBUST,idxq4-64_queryq4-64
1380813244.0_H1,1380813244.0,H1,ROBUST,0.4188166260719299,ROBUST,idxq4-64_queryq4-64
1380814268.0_H1,1380814268.0,H1,ROBUST,0.2741492092609405,ROBUST,idxq4-64_queryq4-64
1380820636.0_L1,1380820636.0,L1,AMBIGUOUS,0.1971189230680465,AMBIGUOUS,idxq4-64_queryq4-64
1380821596.0_L1,1380821596.0,L1,ROBUST,0.4862080812454223,ROBUST,idxq4-64_queryq4-64
1380824092.0_L1,1380824092.0,L1,ROBUST,0.2252381294965744,ROBUST,idxq4-64_queryq4-64
1380826076.0_H1,1380826076.0,H1,AMBIGUOUS,0.1672907024621963,AMBIGUOUS,idxq4-64_queryq4-64
1380826332.0_H1,1380826332.0,H1,AMBIGUOUS,0.1347539126873016,AMBIGUOUS,idxq4-64_queryq4-64
1380836252.0_L1,1380836252.0,L1,ROBUST,0.434448778629303,ROBUST,idxq4-64_queryq4-64
1380837052.0_H1,1380837052.0,H1,ROBUST,0.4226280152797699,ROBUST,idxq4-64_queryq4-64
1380839292.0_H1,1380839292.0,H1,BACKGROUND,0.1106693223118782,BACKGROUND,idxq4-64_queryq4-64
1380839548.0_L1,1380839548.0,L1,ROBUST,0.415365993976593,ROBUST,idxq4-64_queryq4-64
1380845148.0_H1,1380845148.0,H1,BACKGROUND,0.1078198924660682,BACKGROUND,idxq4-64_queryq4-64
1380849276.0_H1,1380849276.0,H1,ROBUST,0.4239419102668762,ROBUST,idxq4-64_queryq4-64
1380853020.0_L1,1380853020.0,L1,ROBUST,0.5026499629020691,ROBUST,idxq4-64_queryq4-64
1380862076.0_H1,1380862076.0,H1,ROBUST,0.4097429811954498,ROBUST,idxq4-64_queryq4-64
1380867804.0_H1,1380867804.0,H1,BACKGROUND,0.1127892881631851,BACKGROUND,idxq4-64_queryq4-64
1380872252.0_H1,1380872252.0,H1,ROBUST,0.4423098266124725,ROBUST,idxq4-64_queryq4-64
1380877564.0_H1,1380877564.0,H1,BACKGROUND,0.1262890398502349,BACKGROUND,idxq4-64_queryq4-64
1380877596.0_H1,1380877596.0,H1,ROBUST,0.4262716770172119,ROBUST,idxq4-64_queryq4-64
1380932988.0_H1,1380932988.0,H1,ROBUST,0.4309102296829223,ROBUST,idxq4-64_queryq4-64
1380934364.0_H1,1380934364.0,H1,ROBUST,0.3793448805809021,ROBUST,idxq4-64_queryq4-64
1380934780.0_H1,1380934780.0,H1,ROBUST,0.412476509809494,ROBUST,idxq4-64_queryq4-64
1380942620.0_H1,1380942620.0,H1,ROBUST,0.4487583041191101,ROBUST,idxq4-64_queryq4-64
1380945788.0_H1,1380945788.0,H1,BACKGROUND,0.1282926499843597,BACKGROUND,idxq4-64_queryq4-64
1380948700.0_H1,1380948700.0,H1,ROBUST,0.2046364843845367,ROBUST,idxq4-64_queryq4-64
1380952348.0_H1,1380952348.0,H1,AMBIGUOUS,0.1611391007900238,AMBIGUOUS,idxq4-64_queryq4-64
1380963932.0_H1,1380963932.0,H1,ROBUST,0.4773659408092499,ROBUST,idxq4-64_queryq4-64
1380973308.0_H1,1380973308.0,H1,ROBUST,0.4298498630523681,ROBUST,idxq4-64_queryq4-64
1380980348.0_H1,1380980348.0,H1,ROBUST,0.4935399293899536,ROBUST,idxq4-64_queryq4-64
1381007420.0_H1,1381007420.0,H1,AMBIGUOUS,0.1478060781955719,AMBIGUOUS,idxq4-64_queryq4-64
1381010716.0_H1,1381010716.0,H1,ROBUST,0.424507588148117,ROBUST,idxq4-64_queryq4-64
1381056828.0_H1,1381056828.0,H1,BACKGROUND,0.0997699722647667,BACKGROUND,idxq4-64_queryq4-64
1381057788.0_H1,1381057788.0,H1,ROBUST,0.4299603998661041,ROBUST,idxq4-64_queryq4-64
1381058076.0_H1,1381058076.0,H1,ROBUST,0.4333685040473938,ROBUST,idxq4-64_queryq4-64
1381064448.0_H1,1381064448.0,H1,BACKGROUND,0.0779354125261306,BACKGROUND,idxq4-64_queryq4-64
1381077020.0_L1,1381077020.0,L1,ROBUST,0.4625037014484405,ROBUST,idxq4-64_queryq4-64
1381077532.0_L1,1381077532.0,L1,ROBUST,0.446019172668457,ROBUST,idxq4-64_queryq4-64
1381077596.0_H1,1381077596.0,H1,ROBUST,0.4741914570331573,ROBUST,idxq4-64_queryq4-64
1381078652.0_L1,1381078652.0,L1,ROBUST,0.4541109204292297,ROBUST,idxq4-64_queryq4-64
1381080860.0_L1,1381080860.0,L1,ROBUST,0.393501341342926,ROBUST,idxq4-64_queryq4-64
1381081020.0_L1,1381081020.0,L1,ROBUST,0.4428087770938873,ROBUST,idxq4-64_queryq4-64
1381081212.0_L1,1381081212.0,L1,ROBUST,0.4513446986675262,ROBUST,idxq4-64_queryq4-64
1381081436.0_L1,1381081436.0,L1,ROBUST,0.4154036939144134,ROBUST,idxq4-64_queryq4-64
1381081468.0_L1,1381081468.0,L1,ROBUST,0.4562247097492218,ROBUST,idxq4-64_queryq4-64
1381081820.0_L1,1381081820.0,L1,ROBUST,0.453249990940094,ROBUST,idxq4-64_queryq4-64
1381082140.0_L1,1381082140.0,L1,ROBUST,0.4266707599163055,ROBUST,idxq4-64_queryq4-64
1381082332.0_H1,1381082332.0,H1,ROBUST,0.440434068441391,ROBUST,idxq4-64_queryq4-64
1381082748.0_L1,1381082748.0,L1,ROBUST,0.4662815034389496,ROBUST,idxq4-64_queryq4-64
1381082940.0_L1,1381082940.0,L1,ROBUST,0.4549404084682464,ROBUST,idxq4-64_queryq4-64
1381082972.0_L1,1381082972.0,L1,ROBUST,0.4281887114048004,ROBUST,idxq4-64_queryq4-64
1381083708.0_L1,1381083708.0,L1,ROBUST,0.4603065252304077,ROBUST,idxq4-64_queryq4-64
1381083836.0_L1,1381083836.0,L1,ROBUST,0.450652003288269,ROBUST,idxq4-64_queryq4-64
1381084028.0_L1,1381084028.0,L1,ROBUST,0.4346607029438019,ROBUST,idxq4-64_queryq4-64
1381084156.0_L1,1381084156.0,L1,ROBUST,0.4310371875762939,ROBUST,idxq4-64_queryq4-64
1381084572.0_L1,1381084572.0,L1,ROBUST,0.4496495723724365,ROBUST,idxq4-64_queryq4-64
1381085148.0_L1,1381085148.0,L1,ROBUST,0.4507956206798553,ROBUST,idxq4-64_queryq4-64
1381085660.0_L1,1381085660.0,L1,ROBUST,0.4524754583835602,ROBUST,idxq4-64_queryq4-64
1381085756.0_L1,1381085756.0,L1,ROBUST,0.457822173833847,ROBUST,idxq4-64_queryq4-64
1381206780.0_H1,1381206780.0,H1,ROBUST,0.4582433402538299,ROBUST,idxq4-64_queryq4-64
1381208956.0_H1,1381208956.0,H1,AMBIGUOUS,0.1638314574956894,AMBIGUOUS,idxq4-64_queryq4-64
1381209756.0_H1,1381209756.0,H1,ROBUST,0.4253394305706024,ROBUST,idxq4-64_queryq4-64
1381210460.0_H1,1381210460.0,H1,ROBUST,0.406545341014862,ROBUST,idxq4-64_queryq4-64
1381211868.0_H1,1381211868.0,H1,ROBUST,0.2263326048851013,ROBUST,idxq4-64_queryq4-64
1381213436.0_H1,1381213436.0,H1,AMBIGUOUS,0.1728485077619552,AMBIGUOUS,idxq4-64_queryq4-64
1381214108.0_H1,1381214108.0,H1,BACKGROUND,0.1061136573553085,BACKGROUND,idxq4-64_queryq4-64
1381217500.0_H1,1381217500.0,H1,ROBUST,0.4701418876647949,ROBUST,idxq4-64_queryq4-64
1381218556.0_H1,1381218556.0,H1,BACKGROUND,0.12326380610466,BACKGROUND,idxq4-64_queryq4-64
1381225212.0_H1,1381225212.0,H1,BACKGROUND,0.0941120460629463,BACKGROUND,idxq4-64_queryq4-64
1381225628.0_H1,1381225628.0,H1,BACKGROUND,0.1061029434204101,BACKGROUND,idxq4-64_queryq4-64
1381232796.0_H1,1381232796.0,H1,AMBIGUOUS,0.1355186551809311,AMBIGUOUS,idxq4-64_queryq4-64
1381232828.0_H1,1381232828.0,H1,BACKGROUND,0.12196596711874,BACKGROUND,idxq4-64_queryq4-64
1381233756.0_H1,1381233756.0,H1,BACKGROUND,0.091389313340187,BACKGROUND,idxq4-64_queryq4-64
1381244604.0_H1,1381244604.0,H1,BACKGROUND,0.1145358756184578,BACKGROUND,idxq4-64_queryq4-64
1381260508.0_H1,1381260508.0,H1,BACKGROUND,0.1051071137189865,BACKGROUND,idxq4-64_queryq4-64
1381261788.0_H1,1381261788.0,H1,ROBUST,0.419929176568985,ROBUST,idxq4-64_queryq4-64
1381261916.0_H1,1381261916.0,H1,ROBUST,0.4187517762184143,ROBUST,idxq4-64_queryq4-64
1381265852.0_H1,1381265852.0,H1,AMBIGUOUS,0.1498176157474517,AMBIGUOUS,idxq4-64_queryq4-64
1381269212.0_H1,1381269212.0,H1,ROBUST,0.4526773691177368,ROBUST,idxq4-64_queryq4-64
1381269468.0_H1,1381269468.0,H1,ROBUST,0.3477756977081299,ROBUST,idxq4-64_queryq4-64
1381276796.0_H1,1381276796.0,H1,ROBUST,0.4046732485294342,ROBUST,idxq4-64_queryq4-64
1381278588.0_H1,1381278588.0,H1,BACKGROUND,0.0932067111134529,BACKGROUND,idxq4-64_queryq4-64
1381283836.0_H1,1381283836.0,H1,BACKGROUND,0.0904556661844253,BACKGROUND,idxq4-64_queryq4-64
1381286940.0_H1,1381286940.0,H1,BACKGROUND,0.0846028178930282,BACKGROUND,idxq4-64_queryq4-64
1381290140.0_H1,1381290140.0,H1,BACKGROUND,0.0983544960618019,BACKGROUND,idxq4-64_queryq4-64
1381292604.0_H1,1381292604.0,H1,AMBIGUOUS,0.1515456587076187,AMBIGUOUS,idxq4-64_queryq4-64
1381293212.0_H1,1381293212.0,H1,BACKGROUND,0.0938710570335388,BACKGROUND,idxq4-64_queryq4-64
1381293916.0_H1,1381293916.0,H1,AMBIGUOUS,0.1793657541275024,AMBIGUOUS,idxq4-64_queryq4-64
1381299388.0_H1,1381299388.0,H1,BACKGROUND,0.095377616584301,BACKGROUND,idxq4-64_queryq4-64
1381301308.0_H1,1381301308.0,H1,ROBUST,0.3983528614044189,ROBUST,idxq4-64_queryq4-64
1381301436.0_H1,1381301436.0,H1,AMBIGUOUS,0.1576643735170364,AMBIGUOUS,idxq4-64_queryq4-64
1381303740.0_H1,1381303740.0,H1,ROBUST,0.4038573503494262,ROBUST,idxq4-64_queryq4-64
1381304956.0_H1,1381304956.0,H1,BACKGROUND,0.1029940694570541,BACKGROUND,idxq4-64_queryq4-64
1381310172.0_H1,1381310172.0,H1,ROBUST,0.2198828011751175,ROBUST,idxq4-64_queryq4-64
1381316540.0_H1,1381316540.0,H1,ROBUST,0.4652870595455169,ROBUST,idxq4-64_queryq4-64
1381318620.0_H1,1381318620.0,H1,BACKGROUND,0.0949396267533302,BACKGROUND,idxq4-64_queryq4-64
1381319292.0_H1,1381319292.0,H1,BACKGROUND,0.0962579250335693,BACKGROUND,idxq4-64_queryq4-64
1381323548.0_H1,1381323548.0,H1,BACKGROUND,0.1090594083070755,BACKGROUND,idxq4-64_queryq4-64
1381331900.0_H1,1381331900.0,H1,BACKGROUND,0.1068978011608123,BACKGROUND,idxq4-64_queryq4-64
1381333180.0_H1,1381333180.0,H1,ROBUST,0.4471873939037323,ROBUST,idxq4-64_queryq4-64
1381334940.0_H1,1381334940.0,H1,BACKGROUND,0.1286293417215347,BACKGROUND,idxq4-64_queryq4-64
1381335100.0_H1,1381335100.0,H1,BACKGROUND,0.0970928966999054,BACKGROUND,idxq4-64_queryq4-64
1381337372.0_H1,1381337372.0,H1,ROBUST,0.2059470266103744,ROBUST,idxq4-64_queryq4-64
1381339388.0_H1,1381339388.0,H1,BACKGROUND,0.1017123311758041,BACKGROUND,idxq4-64_queryq4-64
1381340284.0_H1,1381340284.0,H1,BACKGROUND,0.1004629209637641,BACKGROUND,idxq4-64_queryq4-64
1381343036.0_H1,1381343036.0,H1,BACKGROUND,0.0836100131273269,BACKGROUND,idxq4-64_queryq4-64
1381346684.0_H1,1381346684.0,H1,BACKGROUND,0.107401467859745,BACKGROUND,idxq4-64_queryq4-64
1381347516.0_H1,1381347516.0,H1,BACKGROUND,0.0966587215662002,BACKGROUND,idxq4-64_queryq4-64
1381352316.0_H1,1381352316.0,H1,ROBUST,0.4108453094959259,ROBUST,idxq4-64_queryq4-64
1381361948.0_H1,1381361948.0,H1,ROBUST,0.4982889890670776,ROBUST,idxq4-64_queryq4-64
1381365084.0_H1,1381365084.0,H1,ROBUST,0.4225738644599914,ROBUST,idxq4-64_queryq4-64
1381365212.0_H1,1381365212.0,H1,BACKGROUND,0.0936121642589569,BACKGROUND,idxq4-64_queryq4-64
1381371516.0_H1,1381371516.0,H1,ROBUST,0.4257652163505554,ROBUST,idxq4-64_queryq4-64
1381371548.0_H1,1381371548.0,H1,ROBUST,0.4391273856163025,ROBUST,idxq4-64_queryq4-64
1381375804.0_H1,1381375804.0,H1,ROBUST,0.4171378910541534,ROBUST,idxq4-64_queryq4-64
1381417756.0_L1,1381417756.0,L1,ROBUST,0.4026611149311065,ROBUST,idxq4-64_queryq4-64
1381418300.0_L1,1381418300.0,L1,BACKGROUND,0.1326692998409271,BACKGROUND,idxq4-64_queryq4-64
1381423580.0_L1,1381423580.0,L1,ROBUST,0.4364789128303528,ROBUST,idxq4-64_queryq4-64
1381426524.0_L1,1381426524.0,L1,ROBUST,0.4357759058475494,ROBUST,idxq4-64_queryq4-64
1381426940.0_L1,1381426940.0,L1,BACKGROUND,0.1317688971757888,BACKGROUND,idxq4-64_queryq4-64
1381435484.0_L1,1381435484.0,L1,ROBUST,0.4244085848331451,ROBUST,idxq4-64_queryq4-64
1381438876.0_L1,1381438876.0,L1,ROBUST,0.4683833718299866,ROBUST,idxq4-64_queryq4-64
1381441372.0_L1,1381441372.0,L1,BACKGROUND,0.1308976411819458,BACKGROUND,idxq4-64_queryq4-64
1381448700.0_L1,1381448700.0,L1,ROBUST,0.4393713474273681,ROBUST,idxq4-64_queryq4-64
1381451516.0_L1,1381451516.0,L1,ROBUST,0.4563151597976684,ROBUST,idxq4-64_queryq4-64
1381471068.0_H1,1381471068.0,H1,BACKGROUND,0.110146626830101,BACKGROUND,idxq4-64_queryq4-64
1381473532.0_H1,1381473532.0,H1,BACKGROUND,0.1274184137582779,BACKGROUND,idxq4-64_queryq4-64
1381474876.0_L1,1381474876.0,L1,BACKGROUND,0.133316159248352,BACKGROUND,idxq4-64_queryq4-64
1381478076.0_H1,1381478076.0,H1,ROBUST,0.2310308516025543,ROBUST,idxq4-64_queryq4-64
1381479772.0_L1,1381479772.0,L1,ROBUST,0.4322275519371032,ROBUST,idxq4-64_queryq4-64
1381481692.0_H1,1381481692.0,H1,AMBIGUOUS,0.1751114875078201,AMBIGUOUS,idxq4-64_queryq4-64
1381481756.0_L1,1381481756.0,L1,ROBUST,0.4096864759922027,ROBUST,idxq4-64_queryq4-64
1381481788.0_L1,1381481788.0,L1,ROBUST,0.4184097945690155,ROBUST,idxq4-64_queryq4-64
1381482140.0_H1,1381482140.0,H1,ROBUST,0.4162061512470245,ROBUST,idxq4-64_queryq4-64
1381484092.0_H1,1381484092.0,H1,BACKGROUND,0.1124598234891891,BACKGROUND,idxq4-64_queryq4-64
1381484220.0_H1,1381484220.0,H1,ROBUST,0.4311713576316833,ROBUST,idxq4-64_queryq4-64
1381484668.0_L1,1381484668.0,L1,ROBUST,0.3562047183513641,ROBUST,idxq4-64_queryq4-64
1381485436.0_H1,1381485436.0,H1,AMBIGUOUS,0.1338906735181808,AMBIGUOUS,idxq4-64_queryq4-64
1381488316.0_L1,1381488316.0,L1,BACKGROUND,0.1427603960037231,BACKGROUND,idxq4-64_queryq4-64
1381488732.0_H1,1381488732.0,H1,ROBUST,0.425272673368454,ROBUST,idxq4-64_queryq4-64
1381488892.0_L1,1381488892.0,L1,ROBUST,0.4039495289325714,ROBUST,idxq4-64_queryq4-64
1381491580.0_L1,1381491580.0,L1,ROBUST,0.4473178088665008,ROBUST,idxq4-64_queryq4-64
1381503548.0_H1,1381503548.0,H1,BACKGROUND,0.1269302517175674,BACKGROUND,idxq4-64_queryq4-64
1381504508.0_L1,1381504508.0,L1,ROBUST,0.4417446553707123,ROBUST,idxq4-64_queryq4-64
1381523484.0_L1,1381523484.0,L1,ROBUST,0.4426341950893402,ROBUST,idxq4-64_queryq4-64
1381524060.0_L1,1381524060.0,L1,AMBIGUOUS,0.209811121225357,AMBIGUOUS,idxq4-64_queryq4-64
1381525980.0_L1,1381525980.0,L1,ROBUST,0.3303396999835968,ROBUST,idxq4-64_queryq4-64
1381526236.0_L1,1381526236.0,L1,BACKGROUND,0.1427156925201416,BACKGROUND,idxq4-64_queryq4-64
1381526940.0_H1,1381526940.0,H1,BACKGROUND,0.106462076306343,BACKGROUND,idxq4-64_queryq4-64
1381528252.0_L1,1381528252.0,L1,ROBUST,0.2694593966007232,ROBUST,idxq4-64_queryq4-64
1381533852.0_H1,1381533852.0,H1,ROBUST,0.4438647329807281,ROBUST,idxq4-64_queryq4-64
1381534556.0_H1,1381534556.0,H1,BACKGROUND,0.0974621474742889,BACKGROUND,idxq4-64_queryq4-64
1381539612.0_L1,1381539612.0,L1,ROBUST,0.4542584419250488,ROBUST,idxq4-64_queryq4-64
1381541116.0_H1,1381541116.0,H1,BACKGROUND,0.0977060124278068,BACKGROUND,idxq4-64_queryq4-64
1381541148.0_H1,1381541148.0,H1,AMBIGUOUS,0.1922646015882492,AMBIGUOUS,idxq4-64_queryq4-64
1381541436.0_H1,1381541436.0,H1,BACKGROUND,0.1012537702918052,BACKGROUND,idxq4-64_queryq4-64
1381541532.0_L1,1381541532.0,L1,BACKGROUND,0.1401712596416473,BACKGROUND,idxq4-64_queryq4-64
1381543036.0_L1,1381543036.0,L1,BACKGROUND,0.1238838955760002,BACKGROUND,idxq4-64_queryq4-64
1381545884.0_L1,1381545884.0,L1,ROBUST,0.4464261829853058,ROBUST,idxq4-64_queryq4-64
1381545916.0_L1,1381545916.0,L1,ROBUST,0.4388270974159241,ROBUST,idxq4-64_queryq4-64
1381545984.0_L1,1381545984.0,L1,ROBUST,0.4218808114528656,ROBUST,idxq4-64_queryq4-64
1381545984.0_H1,1381545984.0,H1,BACKGROUND,0.12911030650138855,BACKGROUND,idxq4-64_queryq4-64
1381547164.0_H1,1381547164.0,H1,AMBIGUOUS,0.1616651564836502,AMBIGUOUS,idxq4-64_queryq4-64
1381547324.0_H1,1381547324.0,H1,BACKGROUND,0.084928847849369,BACKGROUND,idxq4-64_queryq4-64
1381549788.0_L1,1381549788.0,L1,ROBUST,0.4316886365413666,ROBUST,idxq4-64_queryq4-64
1381550748.0_H1,1381550748.0,H1,BACKGROUND,0.0998315587639808,BACKGROUND,idxq4-64_queryq4-64
1381550908.0_H1,1381550908.0,H1,BACKGROUND,0.126155212521553,BACKGROUND,idxq4-64_queryq4-64
1381554176.0_L1,1381554176.0,L1,ROBUST,0.4371990263462066,ROBUST,idxq4-64_queryq4-64
1381556764.0_H1,1381556764.0,H1,BACKGROUND,0.081955462694168,BACKGROUND,idxq4-64_queryq4-64
1381557884.0_L1,1381557884.0,L1,ROBUST,0.4202457368373871,ROBUST,idxq4-64_queryq4-64
1381571452.0_H1,1381571452.0,H1,ROBUST,0.4217031598091125,ROBUST,idxq4-64_queryq4-64
1381572412.0_L1,1381572412.0,L1,ROBUST,0.4257575273513794,ROBUST,idxq4-64_queryq4-64
1381573020.0_H1,1381573020.0,H1,BACKGROUND,0.1008300632238388,BACKGROUND,idxq4-64_queryq4-64
1381573084.0_H1,1381573084.0,H1,ROBUST,0.4799999892711639,ROBUST,idxq4-64_queryq4-64
1381574972.0_H1,1381574972.0,H1,ROBUST,0.4323356449604034,ROBUST,idxq4-64_queryq4-64
1381575100.0_H1,1381575100.0,H1,BACKGROUND,0.0965173691511154,BACKGROUND,idxq4-64_queryq4-64
1381579708.0_H1,1381579708.0,H1,BACKGROUND,0.1106971874833107,BACKGROUND,idxq4-64_queryq4-64
1381581468.0_L1,1381581468.0,L1,AMBIGUOUS,0.1655995696783065,AMBIGUOUS,idxq4-64_queryq4-64
1381584220.0_L1,1381584220.0,L1,AMBIGUOUS,0.1787593811750412,AMBIGUOUS,idxq4-64_queryq4-64
1381585052.0_L1,1381585052.0,L1,ROBUST,0.428028255701065,ROBUST,idxq4-64_queryq4-64
1381585372.0_H1,1381585372.0,H1,BACKGROUND,0.0908109918236732,BACKGROUND,idxq4-64_queryq4-64
1381586364.0_L1,1381586364.0,L1,AMBIGUOUS,0.1725913435220718,AMBIGUOUS,idxq4-64_queryq4-64
1381586492.0_L1,1381586492.0,L1,ROBUST,0.3578151762485504,ROBUST,idxq4-64_queryq4-64
1381614940.0_L1,1381614940.0,L1,ROBUST,0.2688295245170593,ROBUST,idxq4-64_queryq4-64
1381618076.0_L1,1381618076.0,L1,AMBIGUOUS,0.1803385764360427,AMBIGUOUS,idxq4-64_queryq4-64
1381623228.0_H1,1381623228.0,H1,BACKGROUND,0.1096590086817741,BACKGROUND,idxq4-64_queryq4-64
1381623708.0_H1,1381623708.0,H1,BACKGROUND,0.0939745083451271,BACKGROUND,idxq4-64_queryq4-64
1381623808.0_H1,1381623808.0,H1,BACKGROUND,0.0768628567457199,BACKGROUND,idxq4-64_queryq4-64
1381623996.0_H1,1381623996.0,H1,BACKGROUND,0.1192632317543029,BACKGROUND,idxq4-64_queryq4-64
1381626684.0_L1,1381626684.0,L1,AMBIGUOUS,0.1694151610136032,AMBIGUOUS,idxq4-64_queryq4-64
1381627740.0_H1,1381627740.0,H1,AMBIGUOUS,0.1441958099603653,AMBIGUOUS,idxq4-64_queryq4-64
1381639900.0_H1,1381639900.0,H1,AMBIGUOUS,0.1304082125425338,AMBIGUOUS,idxq4-64_queryq4-64
1381640028.0_H1,1381640028.0,H1,BACKGROUND,0.1032190769910812,BACKGROUND,idxq4-64_queryq4-64
1381641180.0_H1,1381641180.0,H1,ROBUST,0.4169513285160064,ROBUST,idxq4-64_queryq4-64
1381641372.0_H1,1381641372.0,H1,ROBUST,0.431520402431488,ROBUST,idxq4-64_queryq4-64
1381641436.0_L1,1381641436.0,L1,ROBUST,0.409245103597641,ROBUST,idxq4-64_queryq4-64
1381643164.0_L1,1381643164.0,L1,AMBIGUOUS,0.2088579833507537,AMBIGUOUS,idxq4-64_queryq4-64
1381647804.0_H1,1381647804.0,H1,BACKGROUND,0.0898305550217628,BACKGROUND,idxq4-64_queryq4-64
1381649052.0_H1,1381649052.0,H1,BACKGROUND,0.1267621368169784,BACKGROUND,idxq4-64_queryq4-64
1381651900.0_H1,1381651900.0,H1,BACKGROUND,0.0815661549568176,BACKGROUND,idxq4-64_queryq4-64
1381652156.0_L1,1381652156.0,L1,ROBUST,0.4632878601551056,ROBUST,idxq4-64_queryq4-64
1381652284.0_H1,1381652284.0,H1,ROBUST,0.4726357161998749,ROBUST,idxq4-64_queryq4-64
1381652316.0_H1,1381652316.0,H1,ROBUST,0.435175359249115,ROBUST,idxq4-64_queryq4-64
1381655836.0_H1,1381655836.0,H1,BACKGROUND,0.1235233768820762,BACKGROUND,idxq4-64_queryq4-64
1381656380.0_H1,1381656380.0,H1,AMBIGUOUS,0.135504275560379,AMBIGUOUS,idxq4-64_queryq4-64
1381656796.0_H1,1381656796.0,H1,BACKGROUND,0.1089985966682434,BACKGROUND,idxq4-64_queryq4-64
1381657020.0_H1,1381657020.0,H1,ROBUST,0.4354663491249084,ROBUST,idxq4-64_queryq4-64
1381658492.0_H1,1381658492.0,H1,BACKGROUND,0.1037041246891021,BACKGROUND,idxq4-64_queryq4-64
1381659132.0_H1,1381659132.0,H1,BACKGROUND,0.0858009979128837,BACKGROUND,idxq4-64_queryq4-64
1381659708.0_H1,1381659708.0,H1,BACKGROUND,0.1014289110898971,BACKGROUND,idxq4-64_queryq4-64
1381659836.0_H1,1381659836.0,H1,BACKGROUND,0.0934467166662216,BACKGROUND,idxq4-64_queryq4-64
1381659900.0_L1,1381659900.0,L1,ROBUST,0.2373700439929962,ROBUST,idxq4-64_queryq4-64
1381660672.0_H1,1381660672.0,H1,BACKGROUND,0.075705200433731,BACKGROUND,idxq4-64_queryq4-64
1381662108.0_H1,1381662108.0,H1,AMBIGUOUS,0.132476806640625,AMBIGUOUS,idxq4-64_queryq4-64
1381662684.0_L1,1381662684.0,L1,ROBUST,0.3715948164463043,ROBUST,idxq4-64_queryq4-64
1381664636.0_H1,1381664636.0,H1,BACKGROUND,0.1170151978731155,BACKGROUND,idxq4-64_queryq4-64
1381667484.0_H1,1381667484.0,H1,BACKGROUND,0.0899004936218261,BACKGROUND,idxq4-64_queryq4-64
1381667516.0_L1,1381667516.0,L1,ROBUST,0.4289858639240265,ROBUST,idxq4-64_queryq4-64
1381667644.0_L1,1381667644.0,L1,ROBUST,0.4342895746231079,ROBUST,idxq4-64_queryq4-64
1381668188.0_L1,1381668188.0,L1,ROBUST,0.4356655180454254,ROBUST,idxq4-64_queryq4-64
1381668828.0_H1,1381668828.0,H1,ROBUST,0.4962394535541534,ROBUST,idxq4-64_queryq4-64
1381668956.0_L1,1381668956.0,L1,ROBUST,0.4715002775192261,ROBUST,idxq4-64_queryq4-64
1381668956.0_H1,1381668956.0,H1,BACKGROUND,0.11069954186677933,BACKGROUND,idxq4-64_queryq4-64
1381669084.0_H1,1381669084.0,H1,BACKGROUND,0.1288304626941681,BACKGROUND,idxq4-64_queryq4-64
1381670908.0_H1,1381670908.0,H1,BACKGROUND,0.1175726130604744,BACKGROUND,idxq4-64_queryq4-64
1381673692.0_H1,1381673692.0,H1,AMBIGUOUS,0.1414045542478561,AMBIGUOUS,idxq4-64_queryq4-64
1381674300.0_H1,1381674300.0,H1,ROBUST,0.3409084975719452,ROBUST,idxq4-64_queryq4-64
1381675964.0_L1,1381675964.0,L1,ROBUST,0.4555824995040893,ROBUST,idxq4-64_queryq4-64
1381676412.0_H1,1381676412.0,H1,BACKGROUND,0.1246676743030548,BACKGROUND,idxq4-64_queryq4-64
1381676924.0_H1,1381676924.0,H1,BACKGROUND,0.1149257346987724,BACKGROUND,idxq4-64_queryq4-64
1381677148.0_L1,1381677148.0,L1,ROBUST,0.4411695599555969,ROBUST,idxq4-64_queryq4-64
1381677244.0_H1,1381677244.0,H1,BACKGROUND,0.1216593906283378,BACKGROUND,idxq4-64_queryq4-64
1381678428.0_H1,1381678428.0,H1,ROBUST,0.4573214054107666,ROBUST,idxq4-64_queryq4-64
1381679644.0_H1,1381679644.0,H1,ROBUST,0.2338931113481521,ROBUST,idxq4-64_queryq4-64
1381680380.0_H1,1381680380.0,H1,ROBUST,0.2565851509571075,ROBUST,idxq4-64_queryq4-64
1381680444.0_H1,1381680444.0,H1,ROBUST,0.2096303105354309,ROBUST,idxq4-64_queryq4-64
1381680604.0_H1,1381680604.0,H1,ROBUST,0.2851277589797973,ROBUST,idxq4-64_queryq4-64
1381680764.0_H1,1381680764.0,H1,ROBUST,0.2875017821788788,ROBUST,idxq4-64_queryq4-64
1381680796.0_H1,1381680796.0,H1,ROBUST,0.2680288255214691,ROBUST,idxq4-64_queryq4-64
1381681500.0_H1,1381681500.0,H1,BACKGROUND,0.124784916639328,BACKGROUND,idxq4-64_queryq4-64
1381685948.0_H1,1381685948.0,H1,ROBUST,0.4413319230079651,ROBUST,idxq4-64_queryq4-64
1381687036.0_L1,1381687036.0,L1,ROBUST,0.4297740459442138,ROBUST,idxq4-64_queryq4-64
1381688316.0_H1,1381688316.0,H1,AMBIGUOUS,0.1615049690008163,AMBIGUOUS,idxq4-64_queryq4-64
1381706716.0_L1,1381706716.0,L1,ROBUST,0.4391516447067261,ROBUST,idxq4-64_queryq4-64
1381707868.0_H1,1381707868.0,H1,BACKGROUND,0.1141575947403907,BACKGROUND,idxq4-64_queryq4-64
1381709372.0_L1,1381709372.0,L1,AMBIGUOUS,0.2138518989086151,AMBIGUOUS,idxq4-64_queryq4-64
1381710044.0_H1,1381710044.0,H1,ROBUST,0.4611729979515075,ROBUST,idxq4-64_queryq4-64
1381711228.0_H1,1381711228.0,H1,BACKGROUND,0.1127862781286239,BACKGROUND,idxq4-64_queryq4-64
1381712348.0_H1,1381712348.0,H1,ROBUST,0.4427921772003174,ROBUST,idxq4-64_queryq4-64
1381714492.0_L1,1381714492.0,L1,ROBUST,0.4487014710903168,ROBUST,idxq4-64_queryq4-64
1381717340.0_L1,1381717340.0,L1,AMBIGUOUS,0.2031924277544021,AMBIGUOUS,idxq4-64_queryq4-64
1381720988.0_H1,1381720988.0,H1,BACKGROUND,0.1104602813720703,BACKGROUND,idxq4-64_queryq4-64
1381723036.0_H1,1381723036.0,H1,BACKGROUND,0.1220678836107254,BACKGROUND,idxq4-64_queryq4-64
1381725692.0_H1,1381725692.0,H1,ROBUST,0.4365754425525665,ROBUST,idxq4-64_queryq4-64
1381726300.0_H1,1381726300.0,H1,ROBUST,0.4722709655761719,ROBUST,idxq4-64_queryq4-64
1381727580.0_H1,1381727580.0,H1,BACKGROUND,0.097203679382801,BACKGROUND,idxq4-64_queryq4-64
1381729436.0_H1,1381729436.0,H1,ROBUST,0.4545556902885437,ROBUST,idxq4-64_queryq4-64
1381730876.0_L1,1381730876.0,L1,ROBUST,0.4474073648452759,ROBUST,idxq4-64_queryq4-64
1381732284.0_H1,1381732284.0,H1,ROBUST,0.4327442646026611,ROBUST,idxq4-64_queryq4-64
1381732732.0_H1,1381732732.0,H1,AMBIGUOUS,0.1717320084571838,AMBIGUOUS,idxq4-64_queryq4-64
1381734012.0_H1,1381734012.0,H1,BACKGROUND,0.1046820282936096,BACKGROUND,idxq4-64_queryq4-64
1381737180.0_H1,1381737180.0,H1,ROBUST,0.4239200949668884,ROBUST,idxq4-64_queryq4-64
1381737404.0_L1,1381737404.0,L1,AMBIGUOUS,0.2195913642644882,AMBIGUOUS,idxq4-64_queryq4-64
1381738460.0_H1,1381738460.0,H1,ROBUST,0.2106201350688934,ROBUST,idxq4-64_queryq4-64
1381742236.0_L1,1381742236.0,L1,ROBUST,0.4232282638549804,ROBUST,idxq4-64_queryq4-64
1381742524.0_H1,1381742524.0,H1,ROBUST,0.4382453858852386,ROBUST,idxq4-64_queryq4-64
1381742844.0_L1,1381742844.0,L1,ROBUST,0.4450784921646118,ROBUST,idxq4-64_queryq4-64
1381743836.0_H1,1381743836.0,H1,BACKGROUND,0.114994004368782,BACKGROUND,idxq4-64_queryq4-64
1381744060.0_H1,1381744060.0,H1,BACKGROUND,0.088754802942276,BACKGROUND,idxq4-64_queryq4-64
1381745372.0_H1,1381745372.0,H1,BACKGROUND,0.1098312512040138,BACKGROUND,idxq4-64_queryq4-64
1381745596.0_H1,1381745596.0,H1,BACKGROUND,0.0873877480626106,BACKGROUND,idxq4-64_queryq4-64
1381746076.0_L1,1381746076.0,L1,ROBUST,0.4218392968177795,ROBUST,idxq4-64_queryq4-64
1381746492.0_H1,1381746492.0,H1,AMBIGUOUS,0.1329469084739685,AMBIGUOUS,idxq4-64_queryq4-64
1381747580.0_H1,1381747580.0,H1,ROBUST,0.4516901671886444,ROBUST,idxq4-64_queryq4-64
1381750716.0_H1,1381750716.0,H1,BACKGROUND,0.0978434681892395,BACKGROUND,idxq4-64_queryq4-64
1381752380.0_H1,1381752380.0,H1,BACKGROUND,0.1019251942634582,BACKGROUND,idxq4-64_queryq4-64
1381752924.0_H1,1381752924.0,H1,BACKGROUND,0.0940400213003158,BACKGROUND,idxq4-64_queryq4-64
1381753372.0_H1,1381753372.0,H1,ROBUST,0.4169333875179291,ROBUST,idxq4-64_queryq4-64
1381754172.0_H1,1381754172.0,H1,AMBIGUOUS,0.1417009830474853,AMBIGUOUS,idxq4-64_queryq4-64
1381754364.0_H1,1381754364.0,H1,AMBIGUOUS,0.1550222039222717,AMBIGUOUS,idxq4-64_queryq4-64
1381755580.0_L1,1381755580.0,L1,ROBUST,0.4295744895935058,ROBUST,idxq4-64_queryq4-64
1381757116.0_H1,1381757116.0,H1,BACKGROUND,0.0906811133027076,BACKGROUND,idxq4-64_queryq4-64
1381759516.0_L1,1381759516.0,L1,ROBUST,0.5069084167480469,ROBUST,idxq4-64_queryq4-64
1381759900.0_L1,1381759900.0,L1,ROBUST,0.436362475156784,ROBUST,idxq4-64_queryq4-64
1381759900.0_H1,1381759900.0,H1,ROBUST,0.4087667465209961,ROBUST,idxq4-64_queryq4-64
1381760764.0_H1,1381760764.0,H1,ROBUST,0.4504015743732452,ROBUST,idxq4-64_queryq4-64
1381764028.0_L1,1381764028.0,L1,ROBUST,0.4407668113708496,ROBUST,idxq4-64_queryq4-64
1381764380.0_H1,1381764380.0,H1,BACKGROUND,0.1079903021454811,BACKGROUND,idxq4-64_queryq4-64
1381767932.0_L1,1381767932.0,L1,ROBUST,0.4179008603096008,ROBUST,idxq4-64_queryq4-64
1381767964.0_L1,1381767964.0,L1,ROBUST,0.4387166798114776,ROBUST,idxq4-64_queryq4-64
1381769212.0_H1,1381769212.0,H1,BACKGROUND,0.0968219190835952,BACKGROUND,idxq4-64_queryq4-64
1381770460.0_L1,1381770460.0,L1,ROBUST,0.4222384691238403,ROBUST,idxq4-64_queryq4-64
1381770972.0_H1,1381770972.0,H1,BACKGROUND,0.0840544775128364,BACKGROUND,idxq4-64_queryq4-64
1381780476.0_L1,1381780476.0,L1,BACKGROUND,0.144627183675766,BACKGROUND,idxq4-64_queryq4-64
1381782108.0_H1,1381782108.0,H1,BACKGROUND,0.0829586386680603,BACKGROUND,idxq4-64_queryq4-64
1381782684.0_L1,1381782684.0,L1,ROBUST,0.442645251750946,ROBUST,idxq4-64_queryq4-64
1381784028.0_H1,1381784028.0,H1,BACKGROUND,0.08787851780653,BACKGROUND,idxq4-64_queryq4-64
1381784092.0_L1,1381784092.0,L1,ROBUST,0.2466548979282379,ROBUST,idxq4-64_queryq4-64
1381785084.0_L1,1381785084.0,L1,AMBIGUOUS,0.1584714949131012,AMBIGUOUS,idxq4-64_queryq4-64
1381789084.0_H1,1381789084.0,H1,AMBIGUOUS,0.181356742978096,AMBIGUOUS,idxq4-64_queryq4-64
1381789724.0_H1,1381789724.0,H1,BACKGROUND,0.1162906661629676,BACKGROUND,idxq4-64_queryq4-64
1381791836.0_H1,1381791836.0,H1,AMBIGUOUS,0.1923203915357589,AMBIGUOUS,idxq4-64_queryq4-64
1381792124.0_H1,1381792124.0,H1,BACKGROUND,0.0963994115591049,BACKGROUND,idxq4-64_queryq4-64
1381793660.0_H1,1381793660.0,H1,ROBUST,0.4376556575298309,ROBUST,idxq4-64_queryq4-64
1381793692.0_H1,1381793692.0,H1,ROBUST,0.4346098005771637,ROBUST,idxq4-64_queryq4-64
1381793916.0_H1,1381793916.0,H1,BACKGROUND,0.0998305454850196,BACKGROUND,idxq4-64_queryq4-64
1381796188.0_H1,1381796188.0,H1,BACKGROUND,0.0967276766896247,BACKGROUND,idxq4-64_queryq4-64
1381797468.0_L1,1381797468.0,L1,ROBUST,0.5050486326217651,ROBUST,idxq4-64_queryq4-64
1381799324.0_L1,1381799324.0,L1,ROBUST,0.2227140814065933,ROBUST,idxq4-64_queryq4-64
1381800924.0_H1,1381800924.0,H1,ROBUST,0.4601460099220276,ROBUST,idxq4-64_queryq4-64
1381801404.0_H1,1381801404.0,H1,BACKGROUND,0.0843130722641944,BACKGROUND,idxq4-64_queryq4-64
1381803068.0_L1,1381803068.0,L1,ROBUST,0.4809887707233429,ROBUST,idxq4-64_queryq4-64
1381803964.0_L1,1381803964.0,L1,AMBIGUOUS,0.1687526851892471,AMBIGUOUS,idxq4-64_queryq4-64
1381807228.0_L1,1381807228.0,L1,ROBUST,0.4234464764595032,ROBUST,idxq4-64_queryq4-64
1381808092.0_H1,1381808092.0,H1,ROBUST,0.2230188250541687,ROBUST,idxq4-64_queryq4-64
1381808892.0_L1,1381808892.0,L1,ROBUST,0.4164318442344665,ROBUST,idxq4-64_queryq4-64
1381809372.0_H1,1381809372.0,H1,ROBUST,0.4413274228572845,ROBUST,idxq4-64_queryq4-64
1381809404.0_H1,1381809404.0,H1,ROBUST,0.4367683231830597,ROBUST,idxq4-64_queryq4-64
1381810204.0_H1,1381810204.0,H1,BACKGROUND,0.119932621717453,BACKGROUND,idxq4-64_queryq4-64
1381813052.0_H1,1381813052.0,H1,BACKGROUND,0.0852858200669288,BACKGROUND,idxq4-64_queryq4-64
1381813756.0_H1,1381813756.0,H1,BACKGROUND,0.0970556661486625,BACKGROUND,idxq4-64_queryq4-64
1381814428.0_H1,1381814428.0,H1,AMBIGUOUS,0.1507640331983566,AMBIGUOUS,idxq4-64_queryq4-64
1381816444.0_L1,1381816444.0,L1,ROBUST,0.4315094649791717,ROBUST,idxq4-64_queryq4-64
1381817084.0_H1,1381817084.0,H1,ROBUST,0.430325299501419,ROBUST,idxq4-64_queryq4-64
1381819676.0_H1,1381819676.0,H1,ROBUST,0.4413272738456726,ROBUST,idxq4-64_queryq4-64
1381819708.0_L1,1381819708.0,L1,ROBUST,0.220337375998497,ROBUST,idxq4-64_queryq4-64
1381821596.0_H1,1381821596.0,H1,ROBUST,0.424612432718277,ROBUST,idxq4-64_queryq4-64
1381822972.0_L1,1381822972.0,L1,ROBUST,0.4228734374046325,ROBUST,idxq4-64_queryq4-64
1381823356.0_H1,1381823356.0,H1,ROBUST,0.235953614115715,ROBUST,idxq4-64_queryq4-64
1381825564.0_H1,1381825564.0,H1,BACKGROUND,0.109418548643589,BACKGROUND,idxq4-64_queryq4-64
1381830812.0_H1,1381830812.0,H1,BACKGROUND,0.1019474118947982,BACKGROUND,idxq4-64_queryq4-64
1381831260.0_H1,1381831260.0,H1,BACKGROUND,0.0967016220092773,BACKGROUND,idxq4-64_queryq4-64
1381833308.0_L1,1381833308.0,L1,ROBUST,0.3846388459205627,ROBUST,idxq4-64_queryq4-64
1381835708.0_H1,1381835708.0,H1,ROBUST,0.2160710096359253,ROBUST,idxq4-64_queryq4-64
1381836764.0_H1,1381836764.0,H1,ROBUST,0.241543635725975,ROBUST,idxq4-64_queryq4-64
1381837628.0_H1,1381837628.0,H1,BACKGROUND,0.1199576705694198,BACKGROUND,idxq4-64_queryq4-64
1381838716.0_L1,1381838716.0,L1,ROBUST,0.4621017277240753,ROBUST,idxq4-64_queryq4-64
1381840284.0_L1,1381840284.0,L1,ROBUST,0.2737981081008911,ROBUST,idxq4-64_queryq4-64
1381840956.0_L1,1381840956.0,L1,BACKGROUND,0.1492358595132827,BACKGROUND,idxq4-64_queryq4-64
1381842268.0_H1,1381842268.0,H1,BACKGROUND,0.1039016842842102,BACKGROUND,idxq4-64_queryq4-64
1381843164.0_H1,1381843164.0,H1,BACKGROUND,0.0920850783586502,BACKGROUND,idxq4-64_queryq4-64
1381843612.0_H1,1381843612.0,H1,BACKGROUND,0.1080253720283508,BACKGROUND,idxq4-64_queryq4-64
1381844028.0_L1,1381844028.0,L1,AMBIGUOUS,0.17999267578125,AMBIGUOUS,idxq4-64_queryq4-64
1381844992.0_L1,1381844992.0,L1,BACKGROUND,0.1120634898543357,BACKGROUND,idxq4-64_queryq4-64
1381846012.0_H1,1381846012.0,H1,ROBUST,0.4263556897640228,ROBUST,idxq4-64_queryq4-64
1381847100.0_L1,1381847100.0,L1,ROBUST,0.2425891607999801,ROBUST,idxq4-64_queryq4-64
1381850556.0_L1,1381850556.0,L1,ROBUST,0.4391796588897705,ROBUST,idxq4-64_queryq4-64
1381851868.0_L1,1381851868.0,L1,ROBUST,0.4367479681968689,ROBUST,idxq4-64_queryq4-64
1381851900.0_L1,1381851900.0,L1,ROBUST,0.4748076796531677,ROBUST,idxq4-64_queryq4-64
1381853148.0_H1,1381853148.0,H1,ROBUST,0.2078990340232849,ROBUST,idxq4-64_queryq4-64
1381856764.0_L1,1381856764.0,L1,AMBIGUOUS,0.2009438872337341,AMBIGUOUS,idxq4-64_queryq4-64
1381857280.0_L1,1381857280.0,L1,BACKGROUND,0.078049324452877,BACKGROUND,idxq4-64_queryq4-64
1381857756.0_L1,1381857756.0,L1,ROBUST,0.3447982370853424,ROBUST,idxq4-64_queryq4-64
1381858652.0_L1,1381858652.0,L1,ROBUST,0.4378941357135772,ROBUST,idxq4-64_queryq4-64
1381858972.0_H1,1381858972.0,H1,BACKGROUND,0.0973827987909317,BACKGROUND,idxq4-64_queryq4-64
1381859388.0_L1,1381859388.0,L1,AMBIGUOUS,0.1861282736063003,AMBIGUOUS,idxq4-64_queryq4-64
1381861148.0_L1,1381861148.0,L1,ROBUST,0.3015067279338836,ROBUST,idxq4-64_queryq4-64
1381862076.0_L1,1381862076.0,L1,ROBUST,0.4724439084529876,ROBUST,idxq4-64_queryq4-64
1381862332.0_H1,1381862332.0,H1,ROBUST,0.4121888875961303,ROBUST,idxq4-64_queryq4-64
1381862780.0_H1,1381862780.0,H1,BACKGROUND,0.0991706550121307,BACKGROUND,idxq4-64_queryq4-64
1381863356.0_H1,1381863356.0,H1,BACKGROUND,0.0982646495103836,BACKGROUND,idxq4-64_queryq4-64
1381864668.0_L1,1381864668.0,L1,ROBUST,0.2297209352254867,ROBUST,idxq4-64_queryq4-64
1381867036.0_L1,1381867036.0,L1,AMBIGUOUS,0.1826204806566238,AMBIGUOUS,idxq4-64_queryq4-64
1381879004.0_L1,1381879004.0,L1,AMBIGUOUS,0.1877530664205551,AMBIGUOUS,idxq4-64_queryq4-64
1381879100.0_L1,1381879100.0,L1,ROBUST,0.4285881817340851,ROBUST,idxq4-64_queryq4-64
1381882172.0_L1,1381882172.0,L1,AMBIGUOUS,0.1621684432029724,AMBIGUOUS,idxq4-64_queryq4-64
1381883068.0_L1,1381883068.0,L1,ROBUST,0.4373066425323486,ROBUST,idxq4-64_queryq4-64
1381883804.0_H1,1381883804.0,H1,BACKGROUND,0.1138932853937149,BACKGROUND,idxq4-64_queryq4-64
1381886428.0_H1,1381886428.0,H1,ROBUST,0.4548717439174652,ROBUST,idxq4-64_queryq4-64
1381886620.0_L1,1381886620.0,L1,ROBUST,0.3998606503009796,ROBUST,idxq4-64_queryq4-64
1381887964.0_L1,1381887964.0,L1,ROBUST,0.2945674359798431,ROBUST,idxq4-64_queryq4-64
1381890652.0_H1,1381890652.0,H1,BACKGROUND,0.1245991513133049,BACKGROUND,idxq4-64_queryq4-64
1381891868.0_L1,1381891868.0,L1,ROBUST,0.4384589493274688,ROBUST,idxq4-64_queryq4-64
1381891996.0_L1,1381891996.0,L1,ROBUST,0.4727057814598083,ROBUST,idxq4-64_queryq4-64
1381892380.0_L1,1381892380.0,L1,ROBUST,0.4468966722488403,ROBUST,idxq4-64_queryq4-64
1381892444.0_L1,1381892444.0,L1,AMBIGUOUS,0.1910085976123809,AMBIGUOUS,idxq4-64_queryq4-64
1381893084.0_L1,1381893084.0,L1,AMBIGUOUS,0.1939247250556945,AMBIGUOUS,idxq4-64_queryq4-64
1381893596.0_L1,1381893596.0,L1,ROBUST,0.4543304741382599,ROBUST,idxq4-64_queryq4-64
1381894108.0_L1,1381894108.0,L1,ROBUST,0.4877054095268249,ROBUST,idxq4-64_queryq4-64
1381897148.0_L1,1381897148.0,L1,ROBUST,0.4702384173870086,ROBUST,idxq4-64_queryq4-64
1381897340.0_H1,1381897340.0,H1,BACKGROUND,0.0948469191789627,BACKGROUND,idxq4-64_queryq4-64
1381897756.0_L1,1381897756.0,L1,ROBUST,0.433228075504303,ROBUST,idxq4-64_queryq4-64
1381900412.0_L1,1381900412.0,L1,ROBUST,0.4327886402606964,ROBUST,idxq4-64_queryq4-64
1381902108.0_L1,1381902108.0,L1,AMBIGUOUS,0.1998080313205719,AMBIGUOUS,idxq4-64_queryq4-64
1381904252.0_H1,1381904252.0,H1,ROBUST,0.4444678127765655,ROBUST,idxq4-64_queryq4-64
1381905308.0_L1,1381905308.0,L1,AMBIGUOUS,0.1844158917665481,AMBIGUOUS,idxq4-64_queryq4-64
1381905948.0_L1,1381905948.0,L1,AMBIGUOUS,0.1652049869298935,AMBIGUOUS,idxq4-64_queryq4-64
1381906076.0_L1,1381906076.0,L1,ROBUST,0.47296142578125,ROBUST,idxq4-64_queryq4-64
1381906332.0_L1,1381906332.0,L1,ROBUST,0.473495602607727,ROBUST,idxq4-64_queryq4-64
1381906780.0_L1,1381906780.0,L1,AMBIGUOUS,0.1635303795337677,AMBIGUOUS,idxq4-64_queryq4-64
1381910332.0_H1,1381910332.0,H1,ROBUST,0.5051594972610474,ROBUST,idxq4-64_queryq4-64
1381910396.0_H1,1381910396.0,H1,ROBUST,0.4242651164531708,ROBUST,idxq4-64_queryq4-64
1381956892.0_H1,1381956892.0,H1,ROBUST,0.4319457113742828,ROBUST,idxq4-64_queryq4-64
1381957244.0_H1,1381957244.0,H1,ROBUST,0.4190196990966797,ROBUST,idxq4-64_queryq4-64
1381957404.0_L1,1381957404.0,L1,ROBUST,0.3835596144199371,ROBUST,idxq4-64_queryq4-64
1381957852.0_L1,1381957852.0,L1,ROBUST,0.2227912843227386,ROBUST,idxq4-64_queryq4-64
1381957888.0_L1,1381957888.0,L1,BACKGROUND,0.1064350455999374,BACKGROUND,idxq4-64_queryq4-64
1381957980.0_L1,1381957980.0,L1,AMBIGUOUS,0.1544931679964065,AMBIGUOUS,idxq4-64_queryq4-64
1381970076.0_H1,1381970076.0,H1,BACKGROUND,0.0918179452419281,BACKGROUND,idxq4-64_queryq4-64
1381970492.0_H1,1381970492.0,H1,ROBUST,0.4478703737258911,ROBUST,idxq4-64_queryq4-64
1381972668.0_L1,1381972668.0,L1,ROBUST,0.4165976345539093,ROBUST,idxq4-64_queryq4-64
1381974588.0_L1,1381974588.0,L1,BACKGROUND,0.1167422905564308,BACKGROUND,idxq4-64_queryq4-64
1381974748.0_L1,1381974748.0,L1,ROBUST,0.42202028632164,ROBUST,idxq4-64_queryq4-64
1381975292.0_L1,1381975292.0,L1,AMBIGUOUS,0.1844618767499923,AMBIGUOUS,idxq4-64_queryq4-64
1381976636.0_L1,1381976636.0,L1,AMBIGUOUS,0.1937179565429687,AMBIGUOUS,idxq4-64_queryq4-64
1381978524.0_H1,1381978524.0,H1,ROBUST,0.4728307723999023,ROBUST,idxq4-64_queryq4-64
1381979420.0_L1,1381979420.0,L1,AMBIGUOUS,0.2168619781732559,AMBIGUOUS,idxq4-64_queryq4-64
1381980156.0_L1,1381980156.0,L1,ROBUST,0.3244901597499847,ROBUST,idxq4-64_queryq4-64
1381980188.0_L1,1381980188.0,L1,AMBIGUOUS,0.1737211048603058,AMBIGUOUS,idxq4-64_queryq4-64
1381980604.0_H1,1381980604.0,H1,ROBUST,0.4354932010173797,ROBUST,idxq4-64_queryq4-64
1381981180.0_H1,1381981180.0,H1,ROBUST,0.4649393558502197,ROBUST,idxq4-64_queryq4-64
1381997180.0_L1,1381997180.0,L1,AMBIGUOUS,0.2103697210550308,AMBIGUOUS,idxq4-64_queryq4-64
1381998108.0_L1,1381998108.0,L1,ROBUST,0.4465276896953583,ROBUST,idxq4-64_queryq4-64
1381998848.0_L1,1381998848.0,L1,BACKGROUND,0.0989870652556419,BACKGROUND,idxq4-64_queryq4-64
1382003772.0_L1,1382003772.0,L1,ROBUST,0.4492650032043457,ROBUST,idxq4-64_queryq4-64
1382004028.0_L1,1382004028.0,L1,BACKGROUND,0.1360431313514709,BACKGROUND,idxq4-64_queryq4-64
1382006940.0_L1,1382006940.0,L1,BACKGROUND,0.1487442702054977,BACKGROUND,idxq4-64_queryq4-64
1382007004.0_L1,1382007004.0,L1,ROBUST,0.278774082660675,ROBUST,idxq4-64_queryq4-64
1382007420.0_L1,1382007420.0,L1,AMBIGUOUS,0.1768948435783386,AMBIGUOUS,idxq4-64_queryq4-64
1382009500.0_H1,1382009500.0,H1,BACKGROUND,0.0998408943414688,BACKGROUND,idxq4-64_queryq4-64
1382012028.0_H1,1382012028.0,H1,BACKGROUND,0.1255997568368911,BACKGROUND,idxq4-64_queryq4-64
1382014748.0_H1,1382014748.0,H1,AMBIGUOUS,0.1373499631881714,AMBIGUOUS,idxq4-64_queryq4-64
1382015420.0_H1,1382015420.0,H1,BACKGROUND,0.1079275086522102,BACKGROUND,idxq4-64_queryq4-64
1382017916.0_H1,1382017916.0,H1,ROBUST,0.4307276904582977,ROBUST,idxq4-64_queryq4-64
1382022524.0_L1,1382022524.0,L1,AMBIGUOUS,0.2076666802167892,AMBIGUOUS,idxq4-64_queryq4-64
1382025276.0_L1,1382025276.0,L1,ROBUST,0.4531759619712829,ROBUST,idxq4-64_queryq4-64
1382025404.0_L1,1382025404.0,L1,ROBUST,0.398359090089798,ROBUST,idxq4-64_queryq4-64
1382028124.0_L1,1382028124.0,L1,ROBUST,0.4331382215023041,ROBUST,idxq4-64_queryq4-64
1382123612.0_L1,1382123612.0,L1,AMBIGUOUS,0.1633210182189941,AMBIGUOUS,idxq4-64_queryq4-64
1382124444.0_H1,1382124444.0,H1,AMBIGUOUS,0.1889165788888931,AMBIGUOUS,idxq4-64_queryq4-64
1382126364.0_L1,1382126364.0,L1,ROBUST,0.4384771883487701,ROBUST,idxq4-64_queryq4-64
1382127548.0_L1,1382127548.0,L1,ROBUST,0.4303779006004333,ROBUST,idxq4-64_queryq4-64
1382128412.0_H1,1382128412.0,H1,ROBUST,0.4475650787353515,ROBUST,idxq4-64_queryq4-64
1382128636.0_H1,1382128636.0,H1,ROBUST,0.4153541028499603,ROBUST,idxq4-64_queryq4-64
1382130780.0_L1,1382130780.0,L1,ROBUST,0.3920517265796661,ROBUST,idxq4-64_queryq4-64
1382131804.0_H1,1382131804.0,H1,ROBUST,0.4395778477191925,ROBUST,idxq4-64_queryq4-64
1382148092.0_H1,1382148092.0,H1,ROBUST,0.420559674501419,ROBUST,idxq4-64_queryq4-64
1382148540.0_L1,1382148540.0,L1,ROBUST,0.5034785866737366,ROBUST,idxq4-64_queryq4-64
1382148604.0_H1,1382148604.0,H1,ROBUST,0.4509118497371673,ROBUST,idxq4-64_queryq4-64
1382152124.0_L1,1382152124.0,L1,AMBIGUOUS,0.1744384765625,AMBIGUOUS,idxq4-64_queryq4-64
1382154908.0_L1,1382154908.0,L1,BACKGROUND,0.1402000188827514,BACKGROUND,idxq4-64_queryq4-64
1382162716.0_L1,1382162716.0,L1,ROBUST,0.4560934007167816,ROBUST,idxq4-64_queryq4-64
1382165596.0_L1,1382165596.0,L1,BACKGROUND,0.1238159611821174,BACKGROUND,idxq4-64_queryq4-64
1382166268.0_L1,1382166268.0,L1,AMBIGUOUS,0.1809219270944595,AMBIGUOUS,idxq4-64_queryq4-64
1382169436.0_L1,1382169436.0,L1,BACKGROUND,0.110890083014965,BACKGROUND,idxq4-64_queryq4-64
1382174172.0_L1,1382174172.0,L1,ROBUST,0.4615077078342438,ROBUST,idxq4-64_queryq4-64
1382238076.0_H1,1382238076.0,H1,ROBUST,0.4052079617977142,ROBUST,idxq4-64_queryq4-64
1382243932.0_H1,1382243932.0,H1,ROBUST,0.4483212232589721,ROBUST,idxq4-64_queryq4-64
1382244828.0_H1,1382244828.0,H1,ROBUST,0.441094160079956,ROBUST,idxq4-64_queryq4-64
1382251516.0_L1,1382251516.0,L1,BACKGROUND,0.1291558593511581,BACKGROUND,idxq4-64_queryq4-64
1382271388.0_L1,1382271388.0,L1,ROBUST,0.26548632979393,ROBUST,idxq4-64_queryq4-64
1382273404.0_H1,1382273404.0,H1,ROBUST,0.4236493706703186,ROBUST,idxq4-64_queryq4-64
1382274268.0_H1,1382274268.0,H1,ROBUST,0.440825343132019,ROBUST,idxq4-64_queryq4-64
1382279548.0_L1,1382279548.0,L1,BACKGROUND,0.1247547641396522,BACKGROUND,idxq4-64_queryq4-64
1382282236.0_H1,1382282236.0,H1,AMBIGUOUS,0.1407317072153091,AMBIGUOUS,idxq4-64_queryq4-64
1382284380.0_L1,1382284380.0,L1,BACKGROUND,0.139158010482788,BACKGROUND,idxq4-64_queryq4-64
1382288572.0_L1,1382288572.0,L1,AMBIGUOUS,0.2003172636032104,AMBIGUOUS,idxq4-64_queryq4-64
1382290044.0_L1,1382290044.0,L1,ROBUST,0.4220638573169708,ROBUST,idxq4-64_queryq4-64
1382294236.0_L1,1382294236.0,L1,ROBUST,0.4524158537387848,ROBUST,idxq4-64_queryq4-64
1382294844.0_L1,1382294844.0,L1,AMBIGUOUS,0.1692507714033126,AMBIGUOUS,idxq4-64_queryq4-64
1382312060.0_L1,1382312060.0,L1,ROBUST,0.2259763777256012,ROBUST,idxq4-64_queryq4-64
1382334748.0_H1,1382334748.0,H1,ROBUST,0.4896539747714996,ROBUST,idxq4-64_queryq4-64
1382339164.0_L1,1382339164.0,L1,BACKGROUND,0.1497492492198944,BACKGROUND,idxq4-64_queryq4-64
1382343356.0_L1,1382343356.0,L1,ROBUST,0.4515725374221802,ROBUST,idxq4-64_queryq4-64
1382344988.0_H1,1382344988.0,H1,AMBIGUOUS,0.1337883025407791,AMBIGUOUS,idxq4-64_queryq4-64
1382349468.0_H1,1382349468.0,H1,AMBIGUOUS,0.1456167548894882,AMBIGUOUS,idxq4-64_queryq4-64
1382360188.0_L1,1382360188.0,L1,BACKGROUND,0.148604616522789,BACKGROUND,idxq4-64_queryq4-64
1382363548.0_L1,1382363548.0,L1,ROBUST,0.4349018633365631,ROBUST,idxq4-64_queryq4-64
1382364796.0_H1,1382364796.0,H1,BACKGROUND,0.0989385545253753,BACKGROUND,idxq4-64_queryq4-64
1382365916.0_H1,1382365916.0,H1,ROBUST,0.4544410109519958,ROBUST,idxq4-64_queryq4-64
1382397308.0_H1,1382397308.0,H1,ROBUST,0.4252482056617737,ROBUST,idxq4-64_queryq4-64
1382398492.0_L1,1382398492.0,L1,ROBUST,0.4449545443058014,ROBUST,idxq4-64_queryq4-64
1382399516.0_L1,1382399516.0,L1,BACKGROUND,0.1189085766673088,BACKGROUND,idxq4-64_queryq4-64
1382400828.0_L1,1382400828.0,L1,AMBIGUOUS,0.1554429829120636,AMBIGUOUS,idxq4-64_queryq4-64
1382400828.0_H1,1382400828.0,H1,BACKGROUND,0.0995558351278305,BACKGROUND,idxq4-64_queryq4-64
1382401020.0_L1,1382401020.0,L1,ROBUST,0.4202068150043487,ROBUST,idxq4-64_queryq4-64
1382401692.0_L1,1382401692.0,L1,ROBUST,0.3747094273567199,ROBUST,idxq4-64_queryq4-64
1382413660.0_H1,1382413660.0,H1,ROBUST,0.4326961636543274,ROBUST,idxq4-64_queryq4-64
1382413820.0_H1,1382413820.0,H1,ROBUST,0.3195920288562774,ROBUST,idxq4-64_queryq4-64
1382413980.0_L1,1382413980.0,L1,ROBUST,0.4628426134586334,ROBUST,idxq4-64_queryq4-64
1382414012.0_H1,1382414012.0,H1,ROBUST,0.2169265896081924,ROBUST,idxq4-64_queryq4-64
1382415388.0_H1,1382415388.0,H1,ROBUST,0.4280757308006286,ROBUST,idxq4-64_queryq4-64
1382428060.0_L1,1382428060.0,L1,BACKGROUND,0.1400970667600631,BACKGROUND,idxq4-64_queryq4-64
1382431324.0_H1,1382431324.0,H1,ROBUST,0.4232470095157623,ROBUST,idxq4-64_queryq4-64
1382431996.0_H1,1382431996.0,H1,BACKGROUND,0.1179879158735275,BACKGROUND,idxq4-64_queryq4-64
1382432188.0_H1,1382432188.0,H1,BACKGROUND,0.1088236793875694,BACKGROUND,idxq4-64_queryq4-64
1382437596.0_L1,1382437596.0,L1,ROBUST,0.4539916515350342,ROBUST,idxq4-64_queryq4-64
1382437628.0_L1,1382437628.0,L1,ROBUST,0.421112596988678,ROBUST,idxq4-64_queryq4-64
1382442076.0_L1,1382442076.0,L1,ROBUST,0.4686861038208008,ROBUST,idxq4-64_queryq4-64
1382443356.0_H1,1382443356.0,H1,ROBUST,0.4417017102241516,ROBUST,idxq4-64_queryq4-64
1382449788.0_H1,1382449788.0,H1,AMBIGUOUS,0.1847434043884277,AMBIGUOUS,idxq4-64_queryq4-64
1382453468.0_L1,1382453468.0,L1,ROBUST,0.4668512344360351,ROBUST,idxq4-64_queryq4-64
1382457692.0_H1,1382457692.0,H1,ROBUST,0.3066211640834808,ROBUST,idxq4-64_queryq4-64
1382459420.0_L1,1382459420.0,L1,ROBUST,0.4200748205184936,ROBUST,idxq4-64_queryq4-64
1382459452.0_L1,1382459452.0,L1,ROBUST,0.4439526498317718,ROBUST,idxq4-64_queryq4-64
1382460316.0_L1,1382460316.0,L1,ROBUST,0.4761026501655578,ROBUST,idxq4-64_queryq4-64
1382464732.0_L1,1382464732.0,L1,ROBUST,0.4225885272026062,ROBUST,idxq4-64_queryq4-64
1382468028.0_H1,1382468028.0,H1,ROBUST,0.4154359996318817,ROBUST,idxq4-64_queryq4-64
1382469020.0_H1,1382469020.0,H1,BACKGROUND,0.1108445599675178,BACKGROUND,idxq4-64_queryq4-64
1382469468.0_H1,1382469468.0,H1,ROBUST,0.4169579148292541,ROBUST,idxq4-64_queryq4-64
1382470044.0_H1,1382470044.0,H1,ROBUST,0.413535475730896,ROBUST,idxq4-64_queryq4-64
1382488956.0_H1,1382488956.0,H1,ROBUST,0.4269371032714844,ROBUST,idxq4-64_queryq4-64
1382491868.0_H1,1382491868.0,H1,ROBUST,0.4216282665729522,ROBUST,idxq4-64_queryq4-64
1382493468.0_H1,1382493468.0,H1,ROBUST,0.2361805886030197,ROBUST,idxq4-64_queryq4-64
1382493756.0_H1,1382493756.0,H1,ROBUST,0.2658438384532928,ROBUST,idxq4-64_queryq4-64
1382495548.0_L1,1382495548.0,L1,ROBUST,0.4357324540615082,ROBUST,idxq4-64_queryq4-64
1382515228.0_H1,1382515228.0,H1,ROBUST,0.421551913022995,ROBUST,idxq4-64_queryq4-64
1382515964.0_H1,1382515964.0,H1,AMBIGUOUS,0.1509983390569687,AMBIGUOUS,idxq4-64_queryq4-64
1382516828.0_H1,1382516828.0,H1,BACKGROUND,0.1269693672657013,BACKGROUND,idxq4-64_queryq4-64
1382516860.0_L1,1382516860.0,L1,ROBUST,0.446849912405014,ROBUST,idxq4-64_queryq4-64
1382517180.0_H1,1382517180.0,H1,AMBIGUOUS,0.1351598054170608,AMBIGUOUS,idxq4-64_queryq4-64
1382517500.0_H1,1382517500.0,H1,BACKGROUND,0.095412328839302,BACKGROUND,idxq4-64_queryq4-64
1382519100.0_H1,1382519100.0,H1,BACKGROUND,0.0860658660531044,BACKGROUND,idxq4-64_queryq4-64
1382519772.0_H1,1382519772.0,H1,ROBUST,0.210371047258377,ROBUST,idxq4-64_queryq4-64
1382520348.0_H1,1382520348.0,H1,BACKGROUND,0.0870648100972175,BACKGROUND,idxq4-64_queryq4-64
1382520476.0_H1,1382520476.0,H1,AMBIGUOUS,0.1722797006368637,AMBIGUOUS,idxq4-64_queryq4-64
1382521884.0_H1,1382521884.0,H1,ROBUST,0.2251378297805786,ROBUST,idxq4-64_queryq4-64
1382522428.0_H1,1382522428.0,H1,ROBUST,0.4475752413272857,ROBUST,idxq4-64_queryq4-64
1382523548.0_H1,1382523548.0,H1,AMBIGUOUS,0.154249683022499,AMBIGUOUS,idxq4-64_queryq4-64
1382524060.0_H1,1382524060.0,H1,BACKGROUND,0.1254025995731353,BACKGROUND,idxq4-64_queryq4-64
1382525340.0_H1,1382525340.0,H1,BACKGROUND,0.0987517982721328,BACKGROUND,idxq4-64_queryq4-64
1382529212.0_H1,1382529212.0,H1,BACKGROUND,0.1215744316577911,BACKGROUND,idxq4-64_queryq4-64
1382532028.0_H1,1382532028.0,H1,AMBIGUOUS,0.144882783293724,AMBIGUOUS,idxq4-64_queryq4-64
1382532508.0_H1,1382532508.0,H1,BACKGROUND,0.0905870869755745,BACKGROUND,idxq4-64_queryq4-64
1382534620.0_H1,1382534620.0,H1,ROBUST,0.4181919991970062,ROBUST,idxq4-64_queryq4-64
1382535132.0_H1,1382535132.0,H1,BACKGROUND,0.1028357073664665,BACKGROUND,idxq4-64_queryq4-64
1382535324.0_H1,1382535324.0,H1,BACKGROUND,0.1295707672834396,BACKGROUND,idxq4-64_queryq4-64
1382536124.0_H1,1382536124.0,H1,BACKGROUND,0.1057832688093185,BACKGROUND,idxq4-64_queryq4-64
1382537052.0_L1,1382537052.0,L1,ROBUST,0.4605936706066131,ROBUST,idxq4-64_queryq4-64
1382537756.0_H1,1382537756.0,H1,BACKGROUND,0.0890464484691619,BACKGROUND,idxq4-64_queryq4-64
1382537852.0_L1,1382537852.0,L1,ROBUST,0.44918292760849,ROBUST,idxq4-64_queryq4-64
1382537980.0_L1,1382537980.0,L1,ROBUST,0.44225013256073,ROBUST,idxq4-64_queryq4-64
1382538140.0_H1,1382538140.0,H1,BACKGROUND,0.1138131618499755,BACKGROUND,idxq4-64_queryq4-64
1382541340.0_H1,1382541340.0,H1,BACKGROUND,0.107693500816822,BACKGROUND,idxq4-64_queryq4-64
1382546204.0_H1,1382546204.0,H1,AMBIGUOUS,0.1459538787603378,AMBIGUOUS,idxq4-64_queryq4-64
1382547356.0_H1,1382547356.0,H1,BACKGROUND,0.1215215176343917,BACKGROUND,idxq4-64_queryq4-64
1382548092.0_H1,1382548092.0,H1,ROBUST,0.4365133047103882,ROBUST,idxq4-64_queryq4-64
1382548444.0_H1,1382548444.0,H1,AMBIGUOUS,0.1390338838100433,AMBIGUOUS,idxq4-64_queryq4-64
1382549084.0_H1,1382549084.0,H1,BACKGROUND,0.1148112937808036,BACKGROUND,idxq4-64_queryq4-64
1382558172.0_L1,1382558172.0,L1,ROBUST,0.2222016900777816,ROBUST,idxq4-64_queryq4-64
1382559580.0_H1,1382559580.0,H1,ROBUST,0.4304671585559845,ROBUST,idxq4-64_queryq4-64
1382559612.0_H1,1382559612.0,H1,ROBUST,0.4446956813335418,ROBUST,idxq4-64_queryq4-64
1382559932.0_H1,1382559932.0,H1,ROBUST,0.2095967978239059,ROBUST,idxq4-64_queryq4-64
1382560156.0_H1,1382560156.0,H1,AMBIGUOUS,0.1575310975313186,AMBIGUOUS,idxq4-64_queryq4-64
1382570940.0_H1,1382570940.0,H1,BACKGROUND,0.119441270828247,BACKGROUND,idxq4-64_queryq4-64
1382572156.0_L1,1382572156.0,L1,BACKGROUND,0.1355285048484802,BACKGROUND,idxq4-64_queryq4-64
1382574812.0_H1,1382574812.0,H1,BACKGROUND,0.0896896794438362,BACKGROUND,idxq4-64_queryq4-64
1382575580.0_H1,1382575580.0,H1,BACKGROUND,0.0903107598423957,BACKGROUND,idxq4-64_queryq4-64
1382575836.0_H1,1382575836.0,H1,ROBUST,0.2908633053302765,ROBUST,idxq4-64_queryq4-64
1382576316.0_H1,1382576316.0,H1,BACKGROUND,0.1101418063044548,BACKGROUND,idxq4-64_queryq4-64
1382577276.0_L1,1382577276.0,L1,ROBUST,0.4426415264606476,ROBUST,idxq4-64_queryq4-64
1382577884.0_H1,1382577884.0,H1,ROBUST,0.4457771480083465,ROBUST,idxq4-64_queryq4-64
1382577948.0_H1,1382577948.0,H1,BACKGROUND,0.1192404702305793,BACKGROUND,idxq4-64_queryq4-64
1382587676.0_L1,1382587676.0,L1,ROBUST,0.4319990873336792,ROBUST,idxq4-64_queryq4-64
1382587868.0_H1,1382587868.0,H1,BACKGROUND,0.1175476089119911,BACKGROUND,idxq4-64_queryq4-64
1382589724.0_L1,1382589724.0,L1,ROBUST,0.4429214894771576,ROBUST,idxq4-64_queryq4-64
1382590748.0_H1,1382590748.0,H1,ROBUST,0.4623217284679413,ROBUST,idxq4-64_queryq4-64
1382591292.0_H1,1382591292.0,H1,AMBIGUOUS,0.1366221606731414,AMBIGUOUS,idxq4-64_queryq4-64
1382591804.0_L1,1382591804.0,L1,ROBUST,0.444997489452362,ROBUST,idxq4-64_queryq4-64
1382600284.0_H1,1382600284.0,H1,BACKGROUND,0.0983518287539482,BACKGROUND,idxq4-64_queryq4-64
1382600764.0_H1,1382600764.0,H1,ROBUST,0.4590528309345245,ROBUST,idxq4-64_queryq4-64
1382601692.0_L1,1382601692.0,L1,ROBUST,0.4380809664726257,ROBUST,idxq4-64_queryq4-64
1382602044.0_H1,1382602044.0,H1,ROBUST,0.2476178407669067,ROBUST,idxq4-64_queryq4-64
1382605916.0_L1,1382605916.0,L1,ROBUST,0.472476065158844,ROBUST,idxq4-64_queryq4-64
1382607036.0_H1,1382607036.0,H1,BACKGROUND,0.0983274802565574,BACKGROUND,idxq4-64_queryq4-64
1382607388.0_L1,1382607388.0,L1,ROBUST,0.4166464209556579,ROBUST,idxq4-64_queryq4-64
1382608188.0_H1,1382608188.0,H1,BACKGROUND,0.1021778210997581,BACKGROUND,idxq4-64_queryq4-64
1382609852.0_H1,1382609852.0,H1,BACKGROUND,0.0858030170202255,BACKGROUND,idxq4-64_queryq4-64
1382610908.0_L1,1382610908.0,L1,ROBUST,0.4426884353160858,ROBUST,idxq4-64_queryq4-64
1382611324.0_H1,1382611324.0,H1,BACKGROUND,0.1075191497802734,BACKGROUND,idxq4-64_queryq4-64
1382624188.0_L1,1382624188.0,L1,ROBUST,0.4207045137882232,ROBUST,idxq4-64_queryq4-64
1382624988.0_H1,1382624988.0,H1,BACKGROUND,0.1230952218174934,BACKGROUND,idxq4-64_queryq4-64
1382626556.0_H1,1382626556.0,H1,BACKGROUND,0.1018378213047981,BACKGROUND,idxq4-64_queryq4-64
1382627164.0_H1,1382627164.0,H1,BACKGROUND,0.1119773387908935,BACKGROUND,idxq4-64_queryq4-64
1382627740.0_H1,1382627740.0,H1,AMBIGUOUS,0.1726930886507034,AMBIGUOUS,idxq4-64_queryq4-64
1382628700.0_H1,1382628700.0,H1,ROBUST,0.4573451280593872,ROBUST,idxq4-64_queryq4-64
1382629020.0_L1,1382629020.0,L1,ROBUST,0.4339272975921631,ROBUST,idxq4-64_queryq4-64
1382629724.0_H1,1382629724.0,H1,ROBUST,0.4845449924468994,ROBUST,idxq4-64_queryq4-64
1382629980.0_H1,1382629980.0,H1,ROBUST,0.4468226730823517,ROBUST,idxq4-64_queryq4-64
1382640156.0_H1,1382640156.0,H1,BACKGROUND,0.0843087211251258,BACKGROUND,idxq4-64_queryq4-64
1382641692.0_L1,1382641692.0,L1,ROBUST,0.3263943195343017,ROBUST,idxq4-64_queryq4-64
1382642492.0_H1,1382642492.0,H1,ROBUST,0.4448406994342804,ROBUST,idxq4-64_queryq4-64
1382642844.0_H1,1382642844.0,H1,BACKGROUND,0.1044795885682106,BACKGROUND,idxq4-64_queryq4-64
1382646332.0_L1,1382646332.0,L1,AMBIGUOUS,0.1865236312150955,AMBIGUOUS,idxq4-64_queryq4-64
1382649788.0_L1,1382649788.0,L1,BACKGROUND,0.1449893862009048,BACKGROUND,idxq4-64_queryq4-64
1382650172.0_H1,1382650172.0,H1,ROBUST,0.480558842420578,ROBUST,idxq4-64_queryq4-64
1382650204.0_L1,1382650204.0,L1,AMBIGUOUS,0.1804911941289901,AMBIGUOUS,idxq4-64_queryq4-64
1382652636.0_H1,1382652636.0,H1,BACKGROUND,0.1064641401171684,BACKGROUND,idxq4-64_queryq4-64
1382653084.0_H1,1382653084.0,H1,ROBUST,0.4754661023616791,ROBUST,idxq4-64_queryq4-64
1382656028.0_H1,1382656028.0,H1,BACKGROUND,0.1225944384932518,BACKGROUND,idxq4-64_queryq4-64
1382656412.0_L1,1382656412.0,L1,ROBUST,0.4382122159004211,ROBUST,idxq4-64_queryq4-64
1382656512.0_H1,1382656512.0,H1,BACKGROUND,0.0797590389847755,BACKGROUND,idxq4-64_queryq4-64
1382657084.0_H1,1382657084.0,H1,BACKGROUND,0.0837357863783836,BACKGROUND,idxq4-64_queryq4-64
1382657500.0_L1,1382657500.0,L1,ROBUST,0.4140918850898742,ROBUST,idxq4-64_queryq4-64
1382658652.0_H1,1382658652.0,H1,BACKGROUND,0.1152266338467598,BACKGROUND,idxq4-64_queryq4-64
1382658716.0_L1,1382658716.0,L1,BACKGROUND,0.1127596721053123,BACKGROUND,idxq4-64_queryq4-64
1382660540.0_H1,1382660540.0,H1,BACKGROUND,0.0973442420363426,BACKGROUND,idxq4-64_queryq4-64
1382661148.0_H1,1382661148.0,H1,BACKGROUND,0.0886545032262802,BACKGROUND,idxq4-64_queryq4-64
1382662588.0_H1,1382662588.0,H1,BACKGROUND,0.0839417800307273,BACKGROUND,idxq4-64_queryq4-64
1382662620.0_H1,1382662620.0,H1,BACKGROUND,0.0977115482091903,BACKGROUND,idxq4-64_queryq4-64
1382663004.0_L1,1382663004.0,L1,AMBIGUOUS,0.1623612642288208,AMBIGUOUS,idxq4-64_queryq4-64
1382663356.0_L1,1382663356.0,L1,BACKGROUND,0.1469930708408355,BACKGROUND,idxq4-64_queryq4-64
1382665692.0_H1,1382665692.0,H1,ROBUST,0.4301157295703888,ROBUST,idxq4-64_queryq4-64
1382667804.0_H1,1382667804.0,H1,BACKGROUND,0.1179460063576698,BACKGROUND,idxq4-64_queryq4-64
1382668092.0_H1,1382668092.0,H1,ROBUST,0.4745071530342102,ROBUST,idxq4-64_queryq4-64
1382668800.0_L1,1382668800.0,L1,ROBUST,0.4211807250976562,ROBUST,idxq4-64_queryq4-64
1382670364.0_L1,1382670364.0,L1,ROBUST,0.4363594055175781,ROBUST,idxq4-64_queryq4-64
1382673788.0_L1,1382673788.0,L1,ROBUST,0.4529570937156677,ROBUST,idxq4-64_queryq4-64
1382682076.0_L1,1382682076.0,L1,AMBIGUOUS,0.1852683424949646,AMBIGUOUS,idxq4-64_queryq4-64
1382683164.0_H1,1382683164.0,H1,ROBUST,0.2092533707618713,ROBUST,idxq4-64_queryq4-64
1382685052.0_L1,1382685052.0,L1,ROBUST,0.428089439868927,ROBUST,idxq4-64_queryq4-64
1382685148.0_H1,1382685148.0,H1,ROBUST,0.2204763740301132,ROBUST,idxq4-64_queryq4-64
1382685692.0_L1,1382685692.0,L1,BACKGROUND,0.1246123015880584,BACKGROUND,idxq4-64_queryq4-64
1382686428.0_H1,1382686428.0,H1,BACKGROUND,0.0996245220303535,BACKGROUND,idxq4-64_queryq4-64
1382687932.0_L1,1382687932.0,L1,ROBUST,0.4466643929481506,ROBUST,idxq4-64_queryq4-64
1382698556.0_L1,1382698556.0,L1,BACKGROUND,0.1380686312913894,BACKGROUND,idxq4-64_queryq4-64
1382699068.0_L1,1382699068.0,L1,AMBIGUOUS,0.2013499289751052,AMBIGUOUS,idxq4-64_queryq4-64
1382699388.0_L1,1382699388.0,L1,ROBUST,0.415417730808258,ROBUST,idxq4-64_queryq4-64
1382699516.0_L1,1382699516.0,L1,ROBUST,0.4013231992721557,ROBUST,idxq4-64_queryq4-64
1382699548.0_L1,1382699548.0,L1,ROBUST,0.4221602082252502,ROBUST,idxq4-64_queryq4-64
1382699996.0_L1,1382699996.0,L1,ROBUST,0.4214330315589905,ROBUST,idxq4-64_queryq4-64
1382700316.0_L1,1382700316.0,L1,ROBUST,0.4234161376953125,ROBUST,idxq4-64_queryq4-64
1382700476.0_L1,1382700476.0,L1,ROBUST,0.4054619371891022,ROBUST,idxq4-64_queryq4-64
1382700572.0_L1,1382700572.0,L1,ROBUST,0.4562811255455017,ROBUST,idxq4-64_queryq4-64
1382701020.0_L1,1382701020.0,L1,ROBUST,0.3880683183670044,ROBUST,idxq4-64_queryq4-64
1382701180.0_L1,1382701180.0,L1,ROBUST,0.4515285193920135,ROBUST,idxq4-64_queryq4-64
1382701212.0_L1,1382701212.0,L1,ROBUST,0.4750251173973083,ROBUST,idxq4-64_queryq4-64
1382701276.0_L1,1382701276.0,L1,ROBUST,0.4101680815219879,ROBUST,idxq4-64_queryq4-64
1382701372.0_L1,1382701372.0,L1,ROBUST,0.3479889035224914,ROBUST,idxq4-64_queryq4-64
1382701404.0_L1,1382701404.0,L1,ROBUST,0.4627914428710937,ROBUST,idxq4-64_queryq4-64
1382701916.0_L1,1382701916.0,L1,ROBUST,0.2357857674360275,ROBUST,idxq4-64_queryq4-64
1382701948.0_L1,1382701948.0,L1,AMBIGUOUS,0.1696704179048538,AMBIGUOUS,idxq4-64_queryq4-64
1382702364.0_L1,1382702364.0,L1,BACKGROUND,0.1281768977642059,BACKGROUND,idxq4-64_queryq4-64
1382702428.0_L1,1382702428.0,L1,ROBUST,0.4375494420528412,ROBUST,idxq4-64_queryq4-64
1382702460.0_L1,1382702460.0,L1,ROBUST,0.4312202930450439,ROBUST,idxq4-64_queryq4-64
1382702588.0_L1,1382702588.0,L1,ROBUST,0.4472205638885498,ROBUST,idxq4-64_queryq4-64
1382702684.0_L1,1382702684.0,L1,ROBUST,0.4645886719226837,ROBUST,idxq4-64_queryq4-64
1382702780.0_L1,1382702780.0,L1,AMBIGUOUS,0.1733292937278747,AMBIGUOUS,idxq4-64_queryq4-64
1382702908.0_L1,1382702908.0,L1,ROBUST,0.4500139355659485,ROBUST,idxq4-64_queryq4-64
1382702972.0_L1,1382702972.0,L1,ROBUST,0.4361392259597778,ROBUST,idxq4-64_queryq4-64
1382703228.0_L1,1382703228.0,L1,ROBUST,0.3999840319156647,ROBUST,idxq4-64_queryq4-64
1382703260.0_L1,1382703260.0,L1,ROBUST,0.4260971546173095,ROBUST,idxq4-64_queryq4-64
1382703356.0_L1,1382703356.0,L1,ROBUST,0.474890649318695,ROBUST,idxq4-64_queryq4-64
1382703388.0_L1,1382703388.0,L1,ROBUST,0.4273940324783325,ROBUST,idxq4-64_queryq4-64
1382703836.0_L1,1382703836.0,L1,ROBUST,0.4583660662174225,ROBUST,idxq4-64_queryq4-64
1382703868.0_L1,1382703868.0,L1,ROBUST,0.4808666706085205,ROBUST,idxq4-64_queryq4-64
1382704156.0_L1,1382704156.0,L1,ROBUST,0.4380865693092346,ROBUST,idxq4-64_queryq4-64
1382704252.0_L1,1382704252.0,L1,ROBUST,0.4230050444602966,ROBUST,idxq4-64_queryq4-64
1382704316.0_L1,1382704316.0,L1,ROBUST,0.3123109042644501,ROBUST,idxq4-64_queryq4-64
1382704444.0_L1,1382704444.0,L1,ROBUST,0.4175366759300232,ROBUST,idxq4-64_queryq4-64
1382704476.0_L1,1382704476.0,L1,ROBUST,0.3923670649528503,ROBUST,idxq4-64_queryq4-64
1382704572.0_L1,1382704572.0,L1,ROBUST,0.4425374865531921,ROBUST,idxq4-64_queryq4-64
1382704732.0_L1,1382704732.0,L1,ROBUST,0.459767073392868,ROBUST,idxq4-64_queryq4-64
1382704764.0_L1,1382704764.0,L1,ROBUST,0.3569445312023163,ROBUST,idxq4-64_queryq4-64
1382704956.0_H1,1382704956.0,H1,AMBIGUOUS,0.2028253525495529,AMBIGUOUS,idxq4-64_queryq4-64
1382705404.0_L1,1382705404.0,L1,ROBUST,0.4433120787143707,ROBUST,idxq4-64_queryq4-64
1382705436.0_L1,1382705436.0,L1,ROBUST,0.5085240602493286,ROBUST,idxq4-64_queryq4-64
1382705596.0_L1,1382705596.0,L1,ROBUST,0.4438475668430328,ROBUST,idxq4-64_queryq4-64
1382705788.0_L1,1382705788.0,L1,ROBUST,0.4402236342430115,ROBUST,idxq4-64_queryq4-64
1382705980.0_L1,1382705980.0,L1,ROBUST,0.4277815222740173,ROBUST,idxq4-64_queryq4-64
1382706588.0_L1,1382706588.0,L1,ROBUST,0.4495595693588257,ROBUST,idxq4-64_queryq4-64
1382706652.0_L1,1382706652.0,L1,ROBUST,0.275000661611557,ROBUST,idxq4-64_queryq4-64
1382706780.0_L1,1382706780.0,L1,ROBUST,0.4423414170742035,ROBUST,idxq4-64_queryq4-64
1382706972.0_L1,1382706972.0,L1,ROBUST,0.4446370303630829,ROBUST,idxq4-64_queryq4-64
1382707516.0_L1,1382707516.0,L1,ROBUST,0.3808868825435638,ROBUST,idxq4-64_queryq4-64
1382707612.0_L1,1382707612.0,L1,AMBIGUOUS,0.1683110445737838,AMBIGUOUS,idxq4-64_queryq4-64
1382707900.0_L1,1382707900.0,L1,AMBIGUOUS,0.2032056897878646,AMBIGUOUS,idxq4-64_queryq4-64
1382708028.0_L1,1382708028.0,L1,ROBUST,0.4064202606678009,ROBUST,idxq4-64_queryq4-64
1382708156.0_L1,1382708156.0,L1,ROBUST,0.2359418869018554,ROBUST,idxq4-64_queryq4-64
1382708380.0_L1,1382708380.0,L1,ROBUST,0.3372914493083954,ROBUST,idxq4-64_queryq4-64
1382708508.0_L1,1382708508.0,L1,ROBUST,0.4494872987270355,ROBUST,idxq4-64_queryq4-64
1382709148.0_L1,1382709148.0,L1,ROBUST,0.4295825958251953,ROBUST,idxq4-64_queryq4-64
1382709180.0_L1,1382709180.0,L1,ROBUST,0.4751220047473907,ROBUST,idxq4-64_queryq4-64
1382709212.0_L1,1382709212.0,L1,ROBUST,0.4553987681865692,ROBUST,idxq4-64_queryq4-64
1382709404.0_L1,1382709404.0,L1,ROBUST,0.4344603717327118,ROBUST,idxq4-64_queryq4-64
1382709436.0_L1,1382709436.0,L1,ROBUST,0.4361628293991089,ROBUST,idxq4-64_queryq4-64
1382709596.0_L1,1382709596.0,L1,ROBUST,0.4058145880699157,ROBUST,idxq4-64_queryq4-64
1382709760.0_L1,1382709760.0,L1,ROBUST,0.2954696416854858,ROBUST,idxq4-64_queryq4-64
1382709820.0_L1,1382709820.0,L1,ROBUST,0.4709969758987427,ROBUST,idxq4-64_queryq4-64
1382710012.0_L1,1382710012.0,L1,ROBUST,0.4493738710880279,ROBUST,idxq4-64_queryq4-64
1382710076.0_L1,1382710076.0,L1,ROBUST,0.4119973480701446,ROBUST,idxq4-64_queryq4-64
1382710236.0_H1,1382710236.0,H1,BACKGROUND,0.1003282964229583,BACKGROUND,idxq4-64_queryq4-64
1382710268.0_L1,1382710268.0,L1,ROBUST,0.4411822855472564,ROBUST,idxq4-64_queryq4-64
1382710332.0_L1,1382710332.0,L1,ROBUST,0.4439239501953125,ROBUST,idxq4-64_queryq4-64
1382711388.0_L1,1382711388.0,L1,ROBUST,0.4381263554096222,ROBUST,idxq4-64_queryq4-64
1382711740.0_L1,1382711740.0,L1,ROBUST,0.2588946521282196,ROBUST,idxq4-64_queryq4-64
1382711772.0_L1,1382711772.0,L1,ROBUST,0.3420029282569885,ROBUST,idxq4-64_queryq4-64
1382712060.0_L1,1382712060.0,L1,ROBUST,0.4313908517360687,ROBUST,idxq4-64_queryq4-64
1382712188.0_L1,1382712188.0,L1,ROBUST,0.4107427597045898,ROBUST,idxq4-64_queryq4-64
1382712252.0_L1,1382712252.0,L1,ROBUST,0.4476705193519592,ROBUST,idxq4-64_queryq4-64
1382712380.0_L1,1382712380.0,L1,ROBUST,0.3888959884643554,ROBUST,idxq4-64_queryq4-64
1382712476.0_L1,1382712476.0,L1,ROBUST,0.4006971418857574,ROBUST,idxq4-64_queryq4-64
1382712508.0_L1,1382712508.0,L1,AMBIGUOUS,0.2134330719709396,AMBIGUOUS,idxq4-64_queryq4-64
1382712572.0_L1,1382712572.0,L1,AMBIGUOUS,0.1841997802257537,AMBIGUOUS,idxq4-64_queryq4-64
1382712764.0_L1,1382712764.0,L1,ROBUST,0.4785231351852417,ROBUST,idxq4-64_queryq4-64
1382712828.0_L1,1382712828.0,L1,ROBUST,0.4709769487380981,ROBUST,idxq4-64_queryq4-64
1382712924.0_L1,1382712924.0,L1,ROBUST,0.4243327677249908,ROBUST,idxq4-64_queryq4-64
1382713052.0_L1,1382713052.0,L1,ROBUST,0.4568561315536499,ROBUST,idxq4-64_queryq4-64
1382713084.0_L1,1382713084.0,L1,ROBUST,0.4694849848747253,ROBUST,idxq4-64_queryq4-64
1382713404.0_L1,1382713404.0,L1,ROBUST,0.4012109935283661,ROBUST,idxq4-64_queryq4-64
1382713404.0_H1,1382713404.0,H1,ROBUST,0.40069708228111267,ROBUST,idxq4-64_queryq4-64
1382713660.0_L1,1382713660.0,L1,ROBUST,0.3979101181030273,ROBUST,idxq4-64_queryq4-64
1382713692.0_L1,1382713692.0,L1,ROBUST,0.4470729529857635,ROBUST,idxq4-64_queryq4-64
1382713756.0_L1,1382713756.0,L1,ROBUST,0.4649648666381836,ROBUST,idxq4-64_queryq4-64
1382713820.0_L1,1382713820.0,L1,ROBUST,0.3779890835285187,ROBUST,idxq4-64_queryq4-64
1382713856.0_L1,1382713856.0,L1,ROBUST,0.4276896119117737,ROBUST,idxq4-64_queryq4-64
1382714012.0_L1,1382714012.0,L1,ROBUST,0.4268495440483093,ROBUST,idxq4-64_queryq4-64
1382714108.0_L1,1382714108.0,L1,ROBUST,0.280176430940628,ROBUST,idxq4-64_queryq4-64
1382714172.0_L1,1382714172.0,L1,ROBUST,0.4390057623386383,ROBUST,idxq4-64_queryq4-64
1382714300.0_L1,1382714300.0,L1,ROBUST,0.4466087818145752,ROBUST,idxq4-64_queryq4-64
1382714460.0_L1,1382714460.0,L1,ROBUST,0.2613848447799682,ROBUST,idxq4-64_queryq4-64
1382714556.0_L1,1382714556.0,L1,ROBUST,0.4318578839302063,ROBUST,idxq4-64_queryq4-64
1382714620.0_L1,1382714620.0,L1,ROBUST,0.3398553133010864,ROBUST,idxq4-64_queryq4-64
1382714684.0_L1,1382714684.0,L1,AMBIGUOUS,0.1729859262704849,AMBIGUOUS,idxq4-64_queryq4-64
1382714748.0_L1,1382714748.0,L1,ROBUST,0.4756418764591217,ROBUST,idxq4-64_queryq4-64
1382715004.0_L1,1382715004.0,L1,ROBUST,0.372319757938385,ROBUST,idxq4-64_queryq4-64
1382715068.0_L1,1382715068.0,L1,ROBUST,0.4318850040435791,ROBUST,idxq4-64_queryq4-64
1382715676.0_L1,1382715676.0,L1,ROBUST,0.4666119515895843,ROBUST,idxq4-64_queryq4-64
1382715708.0_H1,1382715708.0,H1,ROBUST,0.2111425846815109,ROBUST,idxq4-64_queryq4-64
1382715772.0_L1,1382715772.0,L1,ROBUST,0.4474857151508331,ROBUST,idxq4-64_queryq4-64
1382715804.0_L1,1382715804.0,L1,ROBUST,0.4574734270572662,ROBUST,idxq4-64_queryq4-64
1382715868.0_L1,1382715868.0,L1,ROBUST,0.4234333336353302,ROBUST,idxq4-64_queryq4-64
1382715964.0_L1,1382715964.0,L1,ROBUST,0.4208408892154693,ROBUST,idxq4-64_queryq4-64
1382716028.0_L1,1382716028.0,L1,ROBUST,0.4794962406158447,ROBUST,idxq4-64_queryq4-64
1382716060.0_L1,1382716060.0,L1,ROBUST,0.416662335395813,ROBUST,idxq4-64_queryq4-64
1382716092.0_L1,1382716092.0,L1,ROBUST,0.4571014940738678,ROBUST,idxq4-64_queryq4-64
1382716124.0_H1,1382716124.0,H1,AMBIGUOUS,0.1711891889572143,AMBIGUOUS,idxq4-64_queryq4-64
1382716348.0_L1,1382716348.0,L1,ROBUST,0.4176246523857116,ROBUST,idxq4-64_queryq4-64
1382716412.0_L1,1382716412.0,L1,BACKGROUND,0.1090830639004707,BACKGROUND,idxq4-64_queryq4-64
1382716508.0_L1,1382716508.0,L1,ROBUST,0.4218362271785736,ROBUST,idxq4-64_queryq4-64
1382716540.0_L1,1382716540.0,L1,ROBUST,0.3764678537845611,ROBUST,idxq4-64_queryq4-64
1382716572.0_L1,1382716572.0,L1,ROBUST,0.4206034243106842,ROBUST,idxq4-64_queryq4-64
1382716668.0_L1,1382716668.0,L1,ROBUST,0.4696563184261322,ROBUST,idxq4-64_queryq4-64
1382716700.0_L1,1382716700.0,L1,AMBIGUOUS,0.1610284000635147,AMBIGUOUS,idxq4-64_queryq4-64
1382716924.0_L1,1382716924.0,L1,ROBUST,0.4784367978572845,ROBUST,idxq4-64_queryq4-64
1382716956.0_L1,1382716956.0,L1,ROBUST,0.4213884174823761,ROBUST,idxq4-64_queryq4-64
1382716988.0_L1,1382716988.0,L1,ROBUST,0.4265056550502777,ROBUST,idxq4-64_queryq4-64
1382717020.0_L1,1382717020.0,L1,ROBUST,0.4290807545185089,ROBUST,idxq4-64_queryq4-64
1382717052.0_L1,1382717052.0,L1,ROBUST,0.4605632722377777,ROBUST,idxq4-64_queryq4-64
1382929340.0_H1,1382929340.0,H1,ROBUST,0.4342815279960632,ROBUST,idxq4-64_queryq4-64
1382936892.0_L1,1382936892.0,L1,ROBUST,0.4156760573387146,ROBUST,idxq4-64_queryq4-64
1382937564.0_H1,1382937564.0,H1,BACKGROUND,0.0906243994832038,BACKGROUND,idxq4-64_queryq4-64
1382939356.0_H1,1382939356.0,H1,ROBUST,0.3025422394275665,ROBUST,idxq4-64_queryq4-64
1382939804.0_H1,1382939804.0,H1,ROBUST,0.321666419506073,ROBUST,idxq4-64_queryq4-64
1382941660.0_H1,1382941660.0,H1,BACKGROUND,0.0941069945693016,BACKGROUND,idxq4-64_queryq4-64
1382941756.0_H1,1382941756.0,H1,BACKGROUND,0.1077762246131897,BACKGROUND,idxq4-64_queryq4-64
1382941884.0_H1,1382941884.0,H1,BACKGROUND,0.1129207089543342,BACKGROUND,idxq4-64_queryq4-64
1382944060.0_H1,1382944060.0,H1,BACKGROUND,0.1117795556783676,BACKGROUND,idxq4-64_queryq4-64
1382944828.0_H1,1382944828.0,H1,AMBIGUOUS,0.1886037141084671,AMBIGUOUS,idxq4-64_queryq4-64
1382946300.0_H1,1382946300.0,H1,BACKGROUND,0.1197515651583671,BACKGROUND,idxq4-64_queryq4-64
1382948060.0_H1,1382948060.0,H1,ROBUST,0.4368312060832977,ROBUST,idxq4-64_queryq4-64
1382949404.0_H1,1382949404.0,H1,BACKGROUND,0.0889357030391693,BACKGROUND,idxq4-64_queryq4-64
1382950460.0_H1,1382950460.0,H1,BACKGROUND,0.086279921233654,BACKGROUND,idxq4-64_queryq4-64
1382951612.0_L1,1382951612.0,L1,ROBUST,0.4740402102470398,ROBUST,idxq4-64_queryq4-64
1382952572.0_H1,1382952572.0,H1,BACKGROUND,0.1165556386113166,BACKGROUND,idxq4-64_queryq4-64
1382954204.0_H1,1382954204.0,H1,ROBUST,0.294840008020401,ROBUST,idxq4-64_queryq4-64
1382954940.0_H1,1382954940.0,H1,AMBIGUOUS,0.1406321078538894,AMBIGUOUS,idxq4-64_queryq4-64
1382955228.0_L1,1382955228.0,L1,ROBUST,0.5988767743110657,ROBUST,idxq4-64_queryq4-64
1382955836.0_H1,1382955836.0,H1,AMBIGUOUS,0.1660671979188919,AMBIGUOUS,idxq4-64_queryq4-64
1382956156.0_H1,1382956156.0,H1,BACKGROUND,0.1045712158083915,BACKGROUND,idxq4-64_queryq4-64
1382956284.0_L1,1382956284.0,L1,ROBUST,0.3564054369926452,ROBUST,idxq4-64_queryq4-64
1382956828.0_L1,1382956828.0,L1,ROBUST,0.4028405845165252,ROBUST,idxq4-64_queryq4-64
1382957436.0_L1,1382957436.0,L1,BACKGROUND,0.1377220749855041,BACKGROUND,idxq4-64_queryq4-64
1382958012.0_H1,1382958012.0,H1,BACKGROUND,0.0944429561495781,BACKGROUND,idxq4-64_queryq4-64
1382959164.0_H1,1382959164.0,H1,BACKGROUND,0.1301822960376739,BACKGROUND,idxq4-64_queryq4-64
1382959548.0_H1,1382959548.0,H1,ROBUST,0.2801275253295898,ROBUST,idxq4-64_queryq4-64
1382960252.0_L1,1382960252.0,L1,ROBUST,0.4206772744655609,ROBUST,idxq4-64_queryq4-64
1382961500.0_H1,1382961500.0,H1,BACKGROUND,0.0898909568786621,BACKGROUND,idxq4-64_queryq4-64
1382962140.0_L1,1382962140.0,L1,ROBUST,0.4366618990898132,ROBUST,idxq4-64_queryq4-64
1382965116.0_H1,1382965116.0,H1,ROBUST,0.4300460517406463,ROBUST,idxq4-64_queryq4-64
1382965372.0_H1,1382965372.0,H1,BACKGROUND,0.1163250058889389,BACKGROUND,idxq4-64_queryq4-64
1382966108.0_L1,1382966108.0,L1,BACKGROUND,0.1209607720375061,BACKGROUND,idxq4-64_queryq4-64
1382968220.0_H1,1382968220.0,H1,ROBUST,0.448229968547821,ROBUST,idxq4-64_queryq4-64
1382968796.0_L1,1382968796.0,L1,ROBUST,0.3423391580581665,ROBUST,idxq4-64_queryq4-64
1382969820.0_L1,1382969820.0,L1,ROBUST,0.4159095585346222,ROBUST,idxq4-64_queryq4-64
1382970396.0_L1,1382970396.0,L1,ROBUST,0.4637967348098755,ROBUST,idxq4-64_queryq4-64
1382970620.0_L1,1382970620.0,L1,BACKGROUND,0.1140672490000724,BACKGROUND,idxq4-64_queryq4-64
1382971164.0_H1,1382971164.0,H1,BACKGROUND,0.090408831834793,BACKGROUND,idxq4-64_queryq4-64
1382971964.0_L1,1382971964.0,L1,ROBUST,0.4392439723014831,ROBUST,idxq4-64_queryq4-64
1382972316.0_H1,1382972316.0,H1,ROBUST,0.2282576113939285,ROBUST,idxq4-64_queryq4-64
1382972412.0_H1,1382972412.0,H1,BACKGROUND,0.0815929397940635,BACKGROUND,idxq4-64_queryq4-64
1382972604.0_L1,1382972604.0,L1,ROBUST,0.4363008737564087,ROBUST,idxq4-64_queryq4-64
1382972636.0_L1,1382972636.0,L1,AMBIGUOUS,0.2168017774820327,AMBIGUOUS,idxq4-64_queryq4-64
1382974652.0_H1,1382974652.0,H1,BACKGROUND,0.0848461166024208,BACKGROUND,idxq4-64_queryq4-64
1382975324.0_H1,1382975324.0,H1,BACKGROUND,0.1051264479756355,BACKGROUND,idxq4-64_queryq4-64
1382976348.0_H1,1382976348.0,H1,BACKGROUND,0.1073092594742775,BACKGROUND,idxq4-64_queryq4-64
1382977532.0_H1,1382977532.0,H1,BACKGROUND,0.0986889377236366,BACKGROUND,idxq4-64_queryq4-64
1382977820.0_H1,1382977820.0,H1,ROBUST,0.4286230802536011,ROBUST,idxq4-64_queryq4-64
1382978204.0_H1,1382978204.0,H1,AMBIGUOUS,0.1933918744325637,AMBIGUOUS,idxq4-64_queryq4-64
1382978748.0_H1,1382978748.0,H1,AMBIGUOUS,0.15098737180233,AMBIGUOUS,idxq4-64_queryq4-64
1382980444.0_L1,1382980444.0,L1,BACKGROUND,0.0840183570981025,BACKGROUND,idxq4-64_queryq4-64
1382981276.0_L1,1382981276.0,L1,ROBUST,0.4422611892223358,ROBUST,idxq4-64_queryq4-64
1382981852.0_L1,1382981852.0,L1,ROBUST,0.4275958240032196,ROBUST,idxq4-64_queryq4-64
1382982108.0_H1,1382982108.0,H1,AMBIGUOUS,0.1439122557640075,AMBIGUOUS,idxq4-64_queryq4-64
1382982300.0_H1,1382982300.0,H1,BACKGROUND,0.0764621123671531,BACKGROUND,idxq4-64_queryq4-64
1382983676.0_L1,1382983676.0,L1,BACKGROUND,0.0792762413620948,BACKGROUND,idxq4-64_queryq4-64
1382983740.0_L1,1382983740.0,L1,ROBUST,0.2230075299739837,ROBUST,idxq4-64_queryq4-64
1382984220.0_H1,1382984220.0,H1,BACKGROUND,0.1192816570401191,BACKGROUND,idxq4-64_queryq4-64
1382986460.0_H1,1382986460.0,H1,ROBUST,0.2224557101726532,ROBUST,idxq4-64_queryq4-64
1382990844.0_H1,1382990844.0,H1,BACKGROUND,0.118031658232212,BACKGROUND,idxq4-64_queryq4-64
1382991388.0_H1,1382991388.0,H1,AMBIGUOUS,0.2019733190536499,AMBIGUOUS,idxq4-64_queryq4-64
1382992348.0_H1,1382992348.0,H1,ROBUST,0.4396968781948089,ROBUST,idxq4-64_queryq4-64
1382993148.0_L1,1382993148.0,L1,ROBUST,0.3342963457107544,ROBUST,idxq4-64_queryq4-64
1382996028.0_L1,1382996028.0,L1,ROBUST,0.4515015184879303,ROBUST,idxq4-64_queryq4-64
1383000796.0_H1,1383000796.0,H1,AMBIGUOUS,0.1629402488470077,AMBIGUOUS,idxq4-64_queryq4-64
1383001756.0_H1,1383001756.0,H1,AMBIGUOUS,0.1546342074871063,AMBIGUOUS,idxq4-64_queryq4-64
1383003004.0_L1,1383003004.0,L1,ROBUST,0.4457577168941498,ROBUST,idxq4-64_queryq4-64
1383003132.0_H1,1383003132.0,H1,BACKGROUND,0.0927708595991134,BACKGROUND,idxq4-64_queryq4-64
1383004284.0_H1,1383004284.0,H1,BACKGROUND,0.108795054256916,BACKGROUND,idxq4-64_queryq4-64
1383004924.0_L1,1383004924.0,L1,ROBUST,0.3256853818893432,ROBUST,idxq4-64_queryq4-64
1383005052.0_H1,1383005052.0,H1,ROBUST,0.4288385510444641,ROBUST,idxq4-64_queryq4-64
1383006108.0_L1,1383006108.0,L1,ROBUST,0.4279596209526062,ROBUST,idxq4-64_queryq4-64
1383007100.0_H1,1383007100.0,H1,BACKGROUND,0.1173673719167709,BACKGROUND,idxq4-64_queryq4-64
1383008156.0_L1,1383008156.0,L1,ROBUST,0.4471490681171417,ROBUST,idxq4-64_queryq4-64
1383010108.0_H1,1383010108.0,H1,BACKGROUND,0.111404187977314,BACKGROUND,idxq4-64_queryq4-64
1383010428.0_H1,1383010428.0,H1,AMBIGUOUS,0.1668087393045425,AMBIGUOUS,idxq4-64_queryq4-64
1383011004.0_H1,1383011004.0,H1,ROBUST,0.2531458437442779,ROBUST,idxq4-64_queryq4-64
1383017372.0_H1,1383017372.0,H1,ROBUST,0.4321002662181854,ROBUST,idxq4-64_queryq4-64
1383017820.0_L1,1383017820.0,L1,ROBUST,0.4317125976085663,ROBUST,idxq4-64_queryq4-64
1383057500.0_L1,1383057500.0,L1,AMBIGUOUS,0.1587902754545211,AMBIGUOUS,idxq4-64_queryq4-64
1383057724.0_L1,1383057724.0,L1,BACKGROUND,0.1100842133164405,BACKGROUND,idxq4-64_queryq4-64
1383057916.0_L1,1383057916.0,L1,ROBUST,0.2232713401317596,ROBUST,idxq4-64_queryq4-64
1383058268.0_L1,1383058268.0,L1,BACKGROUND,0.1229512691497802,BACKGROUND,idxq4-64_queryq4-64
1383058812.0_L1,1383058812.0,L1,BACKGROUND,0.1419719755649566,BACKGROUND,idxq4-64_queryq4-64
1383059100.0_L1,1383059100.0,L1,BACKGROUND,0.1425050050020218,BACKGROUND,idxq4-64_queryq4-64
1383059164.0_L1,1383059164.0,L1,BACKGROUND,0.106115736067295,BACKGROUND,idxq4-64_queryq4-64
1383059452.0_L1,1383059452.0,L1,ROBUST,0.3924697637557983,ROBUST,idxq4-64_queryq4-64
1383059644.0_L1,1383059644.0,L1,AMBIGUOUS,0.1619378328323364,AMBIGUOUS,idxq4-64_queryq4-64
1383059804.0_L1,1383059804.0,L1,AMBIGUOUS,0.1644765585660934,AMBIGUOUS,idxq4-64_queryq4-64
1383059868.0_L1,1383059868.0,L1,AMBIGUOUS,0.1618758589029312,AMBIGUOUS,idxq4-64_queryq4-64
1383059932.0_L1,1383059932.0,L1,AMBIGUOUS,0.1696981787681579,AMBIGUOUS,idxq4-64_queryq4-64
1383062076.0_L1,1383062076.0,L1,BACKGROUND,0.1271631419658661,BACKGROUND,idxq4-64_queryq4-64
1383062172.0_L1,1383062172.0,L1,ROBUST,0.4305684864521026,ROBUST,idxq4-64_queryq4-64
1383062204.0_L1,1383062204.0,L1,BACKGROUND,0.1141848266124725,BACKGROUND,idxq4-64_queryq4-64
1383062652.0_L1,1383062652.0,L1,BACKGROUND,0.1244910210371017,BACKGROUND,idxq4-64_queryq4-64
1383063804.0_H1,1383063804.0,H1,ROBUST,0.4538388550281524,ROBUST,idxq4-64_queryq4-64
1383064956.0_L1,1383064956.0,L1,AMBIGUOUS,0.1670222878456115,AMBIGUOUS,idxq4-64_queryq4-64
1383065244.0_L1,1383065244.0,L1,ROBUST,0.2596906125545501,ROBUST,idxq4-64_queryq4-64
1383065692.0_L1,1383065692.0,L1,ROBUST,0.4124500751495361,ROBUST,idxq4-64_queryq4-64
1383065820.0_H1,1383065820.0,H1,ROBUST,0.4510881304740906,ROBUST,idxq4-64_queryq4-64
1383067868.0_H1,1383067868.0,H1,AMBIGUOUS,0.177128180861473,AMBIGUOUS,idxq4-64_queryq4-64
1383067964.0_H1,1383067964.0,H1,ROBUST,0.3738805949687958,ROBUST,idxq4-64_queryq4-64
1383068828.0_H1,1383068828.0,H1,ROBUST,0.4310530722141266,ROBUST,idxq4-64_queryq4-64
1383104828.0_H1,1383104828.0,H1,ROBUST,0.4502953886985779,ROBUST,idxq4-64_queryq4-64
1383106332.0_L1,1383106332.0,L1,ROBUST,0.4490193724632263,ROBUST,idxq4-64_queryq4-64
1383106748.0_L1,1383106748.0,L1,ROBUST,0.4302121698856354,ROBUST,idxq4-64_queryq4-64
1383107612.0_L1,1383107612.0,L1,AMBIGUOUS,0.1699888855218887,AMBIGUOUS,idxq4-64_queryq4-64
1383109564.0_H1,1383109564.0,H1,ROBUST,0.4497246444225311,ROBUST,idxq4-64_queryq4-64
1383109628.0_H1,1383109628.0,H1,AMBIGUOUS,0.1361965835094452,AMBIGUOUS,idxq4-64_queryq4-64
1383113852.0_H1,1383113852.0,H1,ROBUST,0.4172543585300445,ROBUST,idxq4-64_queryq4-64
1383117788.0_H1,1383117788.0,H1,BACKGROUND,0.1058086603879928,BACKGROUND,idxq4-64_queryq4-64
1383119452.0_H1,1383119452.0,H1,ROBUST,0.2867659032344818,ROBUST,idxq4-64_queryq4-64
1383121564.0_H1,1383121564.0,H1,AMBIGUOUS,0.1568243652582168,AMBIGUOUS,idxq4-64_queryq4-64
1383123164.0_H1,1383123164.0,H1,BACKGROUND,0.128986969590187,BACKGROUND,idxq4-64_queryq4-64
1383123452.0_H1,1383123452.0,H1,BACKGROUND,0.1059625372290611,BACKGROUND,idxq4-64_queryq4-64
1383124348.0_L1,1383124348.0,L1,ROBUST,0.4129641652107239,ROBUST,idxq4-64_queryq4-64
1383125724.0_L1,1383125724.0,L1,ROBUST,0.2377700209617614,ROBUST,idxq4-64_queryq4-64
1383126044.0_H1,1383126044.0,H1,BACKGROUND,0.090942807495594,BACKGROUND,idxq4-64_queryq4-64
1383127804.0_H1,1383127804.0,H1,ROBUST,0.4310219585895538,ROBUST,idxq4-64_queryq4-64
1383130140.0_L1,1383130140.0,L1,AMBIGUOUS,0.2129953205585479,AMBIGUOUS,idxq4-64_queryq4-64
1383132060.0_L1,1383132060.0,L1,ROBUST,0.4287416934967041,ROBUST,idxq4-64_queryq4-64
1383132892.0_L1,1383132892.0,L1,BACKGROUND,0.0858143493533134,BACKGROUND,idxq4-64_queryq4-64
1383133020.0_H1,1383133020.0,H1,BACKGROUND,0.1019701436161995,BACKGROUND,idxq4-64_queryq4-64
1383136508.0_H1,1383136508.0,H1,ROBUST,0.4454474449157715,ROBUST,idxq4-64_queryq4-64
1383136636.0_H1,1383136636.0,H1,AMBIGUOUS,0.1367930620908737,AMBIGUOUS,idxq4-64_queryq4-64
1383137948.0_L1,1383137948.0,L1,ROBUST,0.4105793237686157,ROBUST,idxq4-64_queryq4-64
1383142876.0_L1,1383142876.0,L1,ROBUST,0.3054822981357574,ROBUST,idxq4-64_queryq4-64
1383143260.0_H1,1383143260.0,H1,ROBUST,0.479665994644165,ROBUST,idxq4-64_queryq4-64
1383143292.0_H1,1383143292.0,H1,ROBUST,0.4271804392337799,ROBUST,idxq4-64_queryq4-64
1383145020.0_L1,1383145020.0,L1,ROBUST,0.4207300841808319,ROBUST,idxq4-64_queryq4-64
1383145340.0_H1,1383145340.0,H1,AMBIGUOUS,0.1370610445737838,AMBIGUOUS,idxq4-64_queryq4-64
1383145820.0_H1,1383145820.0,H1,BACKGROUND,0.1254474818706512,BACKGROUND,idxq4-64_queryq4-64
1383146204.0_H1,1383146204.0,H1,ROBUST,0.2156351655721664,ROBUST,idxq4-64_queryq4-64
1383146428.0_L1,1383146428.0,L1,BACKGROUND,0.1289839446544647,BACKGROUND,idxq4-64_queryq4-64
1383149212.0_H1,1383149212.0,H1,ROBUST,0.4486084580421448,ROBUST,idxq4-64_queryq4-64
1383150336.0_L1,1383150336.0,L1,BACKGROUND,0.0713366344571113,BACKGROUND,idxq4-64_queryq4-64
1383154364.0_H1,1383154364.0,H1,BACKGROUND,0.1087519749999046,BACKGROUND,idxq4-64_queryq4-64
1383154396.0_H1,1383154396.0,H1,ROBUST,0.2041300684213638,ROBUST,idxq4-64_queryq4-64
1383154460.0_L1,1383154460.0,L1,BACKGROUND,0.141306921839714,BACKGROUND,idxq4-64_queryq4-64
1383154812.0_H1,1383154812.0,H1,ROBUST,0.4313913881778717,ROBUST,idxq4-64_queryq4-64
1383155388.0_L1,1383155388.0,L1,BACKGROUND,0.0802845433354377,BACKGROUND,idxq4-64_queryq4-64
1383156764.0_L1,1383156764.0,L1,ROBUST,0.3997735381126404,ROBUST,idxq4-64_queryq4-64
1383158492.0_H1,1383158492.0,H1,ROBUST,0.2103741019964218,ROBUST,idxq4-64_queryq4-64
1383158684.0_H1,1383158684.0,H1,ROBUST,0.4295776486396789,ROBUST,idxq4-64_queryq4-64
1383158844.0_H1,1383158844.0,H1,AMBIGUOUS,0.1360925287008285,AMBIGUOUS,idxq4-64_queryq4-64
1383160764.0_H1,1383160764.0,H1,ROBUST,0.4283197522163391,ROBUST,idxq4-64_queryq4-64
1383162460.0_H1,1383162460.0,H1,AMBIGUOUS,0.1440944969654083,AMBIGUOUS,idxq4-64_queryq4-64
1383163804.0_H1,1383163804.0,H1,BACKGROUND,0.1085594668984413,BACKGROUND,idxq4-64_queryq4-64
1383164764.0_H1,1383164764.0,H1,BACKGROUND,0.0897374749183654,BACKGROUND,idxq4-64_queryq4-64
1383165308.0_H1,1383165308.0,H1,BACKGROUND,0.0838781371712684,BACKGROUND,idxq4-64_queryq4-64
1383165340.0_L1,1383165340.0,L1,ROBUST,0.3135338425636291,ROBUST,idxq4-64_queryq4-64
1383165820.0_L1,1383165820.0,L1,ROBUST,0.4437922835350036,ROBUST,idxq4-64_queryq4-64
1383166620.0_H1,1383166620.0,H1,BACKGROUND,0.087708979845047,BACKGROUND,idxq4-64_queryq4-64
1383167740.0_L1,1383167740.0,L1,ROBUST,0.4378613829612732,ROBUST,idxq4-64_queryq4-64
1383170140.0_L1,1383170140.0,L1,ROBUST,0.4147895276546478,ROBUST,idxq4-64_queryq4-64
1383170844.0_H1,1383170844.0,H1,BACKGROUND,0.087397888302803,BACKGROUND,idxq4-64_queryq4-64
1383171260.0_H1,1383171260.0,H1,ROBUST,0.4492109417915344,ROBUST,idxq4-64_queryq4-64
1383184572.0_L1,1383184572.0,L1,BACKGROUND,0.1495255529880523,BACKGROUND,idxq4-64_queryq4-64
1383186844.0_L1,1383186844.0,L1,ROBUST,0.4367386698722839,ROBUST,idxq4-64_queryq4-64
1383189980.0_H1,1383189980.0,H1,ROBUST,0.4426106810569763,ROBUST,idxq4-64_queryq4-64
1383190844.0_H1,1383190844.0,H1,ROBUST,0.4258506000041961,ROBUST,idxq4-64_queryq4-64
1383251740.0_H1,1383251740.0,H1,AMBIGUOUS,0.1906071603298187,AMBIGUOUS,idxq4-64_queryq4-64
1383265756.0_H1,1383265756.0,H1,BACKGROUND,0.0896779149770736,BACKGROUND,idxq4-64_queryq4-64
1383266236.0_L1,1383266236.0,L1,ROBUST,0.4506644308567047,ROBUST,idxq4-64_queryq4-64
1383267260.0_L1,1383267260.0,L1,ROBUST,0.2470939308404922,ROBUST,idxq4-64_queryq4-64
1383268188.0_H1,1383268188.0,H1,AMBIGUOUS,0.1605079919099807,AMBIGUOUS,idxq4-64_queryq4-64
1383268636.0_H1,1383268636.0,H1,ROBUST,0.4374389052391052,ROBUST,idxq4-64_queryq4-64
1383271228.0_L1,1383271228.0,L1,ROBUST,0.3020157217979431,ROBUST,idxq4-64_queryq4-64
1383271548.0_L1,1383271548.0,L1,ROBUST,0.3166269361972809,ROBUST,idxq4-64_queryq4-64
1383271932.0_H1,1383271932.0,H1,ROBUST,0.4710198640823364,ROBUST,idxq4-64_queryq4-64
1383272156.0_L1,1383272156.0,L1,ROBUST,0.4376095533370971,ROBUST,idxq4-64_queryq4-64
1383273052.0_H1,1383273052.0,H1,ROBUST,0.4178457260131836,ROBUST,idxq4-64_queryq4-64
1383273116.0_L1,1383273116.0,L1,ROBUST,0.4089502990245819,ROBUST,idxq4-64_queryq4-64
1383273180.0_L1,1383273180.0,L1,ROBUST,0.2685845792293548,ROBUST,idxq4-64_queryq4-64
1383273628.0_H1,1383273628.0,H1,BACKGROUND,0.0949108973145484,BACKGROUND,idxq4-64_queryq4-64
1383274684.0_L1,1383274684.0,L1,ROBUST,0.4738320708274841,ROBUST,idxq4-64_queryq4-64
1383275516.0_L1,1383275516.0,L1,ROBUST,0.4199868440628052,ROBUST,idxq4-64_queryq4-64
1383276540.0_L1,1383276540.0,L1,ROBUST,0.414465844631195,ROBUST,idxq4-64_queryq4-64
1383277404.0_H1,1383277404.0,H1,BACKGROUND,0.113696165382862,BACKGROUND,idxq4-64_queryq4-64
1383278940.0_H1,1383278940.0,H1,ROBUST,0.4246172606945038,ROBUST,idxq4-64_queryq4-64
1383279196.0_L1,1383279196.0,L1,ROBUST,0.4171224534511566,ROBUST,idxq4-64_queryq4-64
1383282492.0_H1,1383282492.0,H1,BACKGROUND,0.1101347729563713,BACKGROUND,idxq4-64_queryq4-64
1383289884.0_L1,1383289884.0,L1,ROBUST,0.4453373551368713,ROBUST,idxq4-64_queryq4-64
1383294556.0_H1,1383294556.0,H1,ROBUST,0.4370710849761963,ROBUST,idxq4-64_queryq4-64
1383295100.0_H1,1383295100.0,H1,BACKGROUND,0.1109993755817413,BACKGROUND,idxq4-64_queryq4-64
1383296572.0_L1,1383296572.0,L1,ROBUST,0.4338447451591491,ROBUST,idxq4-64_queryq4-64
1383298684.0_H1,1383298684.0,H1,BACKGROUND,0.0805712640285492,BACKGROUND,idxq4-64_queryq4-64
1383299004.0_H1,1383299004.0,H1,AMBIGUOUS,0.1336451768875122,AMBIGUOUS,idxq4-64_queryq4-64
1383301308.0_L1,1383301308.0,L1,ROBUST,0.4300980865955353,ROBUST,idxq4-64_queryq4-64
1383301436.0_L1,1383301436.0,L1,AMBIGUOUS,0.2149573117494583,AMBIGUOUS,idxq4-64_queryq4-64
1383302332.0_L1,1383302332.0,L1,ROBUST,0.4456793367862701,ROBUST,idxq4-64_queryq4-64
1383303004.0_H1,1383303004.0,H1,BACKGROUND,0.1153871566057205,BACKGROUND,idxq4-64_queryq4-64
1383304028.0_H1,1383304028.0,H1,BACKGROUND,0.0859594717621803,BACKGROUND,idxq4-64_queryq4-64
1383304764.0_L1,1383304764.0,L1,ROBUST,0.292616993188858,ROBUST,idxq4-64_queryq4-64
1383305116.0_H1,1383305116.0,H1,ROBUST,0.4334123432636261,ROBUST,idxq4-64_queryq4-64
1383307004.0_L1,1383307004.0,L1,ROBUST,0.4508474469184875,ROBUST,idxq4-64_queryq4-64
1383309308.0_H1,1383309308.0,H1,BACKGROUND,0.1135836616158485,BACKGROUND,idxq4-64_queryq4-64
1383309916.0_H1,1383309916.0,H1,ROBUST,0.4222534894943237,ROBUST,idxq4-64_queryq4-64
1383310080.0_L1,1383310080.0,L1,BACKGROUND,0.06787870824337,BACKGROUND,idxq4-64_queryq4-64
1383311324.0_H1,1383311324.0,H1,AMBIGUOUS,0.1705493927001953,AMBIGUOUS,idxq4-64_queryq4-64
1383312444.0_H1,1383312444.0,H1,ROBUST,0.4495975971221924,ROBUST,idxq4-64_queryq4-64
1383313468.0_H1,1383313468.0,H1,AMBIGUOUS,0.143459290266037,AMBIGUOUS,idxq4-64_queryq4-64
1383313628.0_H1,1383313628.0,H1,ROBUST,0.4998062252998352,ROBUST,idxq4-64_queryq4-64
1383314176.0_L1,1383314176.0,L1,BACKGROUND,0.0972219556570053,BACKGROUND,idxq4-64_queryq4-64
1383315420.0_H1,1383315420.0,H1,BACKGROUND,0.1060146018862724,BACKGROUND,idxq4-64_queryq4-64
1383317180.0_L1,1383317180.0,L1,ROBUST,0.2221380025148391,ROBUST,idxq4-64_queryq4-64
1383317276.0_H1,1383317276.0,H1,ROBUST,0.433210551738739,ROBUST,idxq4-64_queryq4-64
1383317500.0_L1,1383317500.0,L1,ROBUST,0.273903340101242,ROBUST,idxq4-64_queryq4-64
1383318076.0_L1,1383318076.0,L1,ROBUST,0.471861332654953,ROBUST,idxq4-64_queryq4-64
1383318588.0_H1,1383318588.0,H1,BACKGROUND,0.0922209694981575,BACKGROUND,idxq4-64_queryq4-64
1383320124.0_H1,1383320124.0,H1,BACKGROUND,0.1063450649380683,BACKGROUND,idxq4-64_queryq4-64
1383322368.0_H1,1383322368.0,H1,BACKGROUND,0.0674818679690361,BACKGROUND,idxq4-64_queryq4-64
1383322460.0_L1,1383322460.0,L1,BACKGROUND,0.0969445705413818,BACKGROUND,idxq4-64_queryq4-64
1383324700.0_L1,1383324700.0,L1,AMBIGUOUS,0.2188239693641662,AMBIGUOUS,idxq4-64_queryq4-64
1383324892.0_H1,1383324892.0,H1,AMBIGUOUS,0.1335406452417373,AMBIGUOUS,idxq4-64_queryq4-64
1383324988.0_L1,1383324988.0,L1,AMBIGUOUS,0.2138747125864029,AMBIGUOUS,idxq4-64_queryq4-64
1383327804.0_H1,1383327804.0,H1,ROBUST,0.4264378249645233,ROBUST,idxq4-64_queryq4-64
1383329020.0_H1,1383329020.0,H1,ROBUST,0.4132932722568512,ROBUST,idxq4-64_queryq4-64
1383330716.0_H1,1383330716.0,H1,ROBUST,0.4322412312030792,ROBUST,idxq4-64_queryq4-64
1383331420.0_H1,1383331420.0,H1,AMBIGUOUS,0.1398585736751556,AMBIGUOUS,idxq4-64_queryq4-64
1383333052.0_L1,1383333052.0,L1,ROBUST,0.2873234450817108,ROBUST,idxq4-64_queryq4-64
1383335996.0_H1,1383335996.0,H1,BACKGROUND,0.1255227029323578,BACKGROUND,idxq4-64_queryq4-64
1383338332.0_L1,1383338332.0,L1,ROBUST,0.3731865882873535,ROBUST,idxq4-64_queryq4-64
1383338752.0_L1,1383338752.0,L1,BACKGROUND,0.0712906718254089,BACKGROUND,idxq4-64_queryq4-64
1383340380.0_H1,1383340380.0,H1,BACKGROUND,0.0869698673486709,BACKGROUND,idxq4-64_queryq4-64
1383340668.0_L1,1383340668.0,L1,BACKGROUND,0.0950961112976074,BACKGROUND,idxq4-64_queryq4-64
1383340860.0_L1,1383340860.0,L1,ROBUST,0.4250548183917999,ROBUST,idxq4-64_queryq4-64
1383342588.0_H1,1383342588.0,H1,ROBUST,0.4870247542858124,ROBUST,idxq4-64_queryq4-64
1383343644.0_L1,1383343644.0,L1,ROBUST,0.3211258053779602,ROBUST,idxq4-64_queryq4-64
1383344956.0_H1,1383344956.0,H1,BACKGROUND,0.1280996054410934,BACKGROUND,idxq4-64_queryq4-64
1383344988.0_H1,1383344988.0,H1,BACKGROUND,0.1050430536270141,BACKGROUND,idxq4-64_queryq4-64
1383345948.0_H1,1383345948.0,H1,AMBIGUOUS,0.1384677290916443,AMBIGUOUS,idxq4-64_queryq4-64
1383352604.0_L1,1383352604.0,L1,AMBIGUOUS,0.1830245852470398,AMBIGUOUS,idxq4-64_queryq4-64
1383354204.0_L1,1383354204.0,L1,ROBUST,0.3465707898139953,ROBUST,idxq4-64_queryq4-64
1383354588.0_H1,1383354588.0,H1,BACKGROUND,0.0936871543526649,BACKGROUND,idxq4-64_queryq4-64
1383355196.0_H1,1383355196.0,H1,ROBUST,0.4111040830612182,ROBUST,idxq4-64_queryq4-64
1383358236.0_H1,1383358236.0,H1,BACKGROUND,0.1072806194424629,BACKGROUND,idxq4-64_queryq4-64
1383359100.0_H1,1383359100.0,H1,AMBIGUOUS,0.183694526553154,AMBIGUOUS,idxq4-64_queryq4-64
1383363452.0_L1,1383363452.0,L1,ROBUST,0.2236918807029724,ROBUST,idxq4-64_queryq4-64
1383363708.0_H1,1383363708.0,H1,BACKGROUND,0.094244010746479,BACKGROUND,idxq4-64_queryq4-64
1383364828.0_L1,1383364828.0,L1,ROBUST,0.4017606377601623,ROBUST,idxq4-64_queryq4-64
1383365372.0_L1,1383365372.0,L1,ROBUST,0.4397294819355011,ROBUST,idxq4-64_queryq4-64
1383368060.0_L1,1383368060.0,L1,ROBUST,0.4320862293243408,ROBUST,idxq4-64_queryq4-64
1383368892.0_H1,1383368892.0,H1,ROBUST,0.4357647895812988,ROBUST,idxq4-64_queryq4-64
1383437056.0_L1,1383437056.0,L1,BACKGROUND,0.0639612153172493,BACKGROUND,idxq4-64_queryq4-64
1383437084.0_H1,1383437084.0,H1,BACKGROUND,0.1061209812760353,BACKGROUND,idxq4-64_queryq4-64
1383439676.0_H1,1383439676.0,H1,ROBUST,0.2510253190994262,ROBUST,idxq4-64_queryq4-64
1383439900.0_H1,1383439900.0,H1,ROBUST,0.2056944817304611,ROBUST,idxq4-64_queryq4-64
1383441500.0_H1,1383441500.0,H1,BACKGROUND,0.1052668094635009,BACKGROUND,idxq4-64_queryq4-64
1383442012.0_H1,1383442012.0,H1,ROBUST,0.4451446533203125,ROBUST,idxq4-64_queryq4-64
1383442268.0_L1,1383442268.0,L1,ROBUST,0.4333638548851013,ROBUST,idxq4-64_queryq4-64
1383442588.0_H1,1383442588.0,H1,AMBIGUOUS,0.1476649045944214,AMBIGUOUS,idxq4-64_queryq4-64
1383442844.0_H1,1383442844.0,H1,ROBUST,0.4079191982746124,ROBUST,idxq4-64_queryq4-64
1383443036.0_H1,1383443036.0,H1,ROBUST,0.4345614016056061,ROBUST,idxq4-64_queryq4-64
1383443516.0_L1,1383443516.0,L1,ROBUST,0.4288747310638428,ROBUST,idxq4-64_queryq4-64
1383443964.0_H1,1383443964.0,H1,ROBUST,0.4312188625335693,ROBUST,idxq4-64_queryq4-64
1383444572.0_H1,1383444572.0,H1,BACKGROUND,0.1090085729956626,BACKGROUND,idxq4-64_queryq4-64
1383445116.0_L1,1383445116.0,L1,ROBUST,0.3688497245311737,ROBUST,idxq4-64_queryq4-64
1383446908.0_L1,1383446908.0,L1,ROBUST,0.480200707912445,ROBUST,idxq4-64_queryq4-64
1383449116.0_L1,1383449116.0,L1,ROBUST,0.2283628433942794,ROBUST,idxq4-64_queryq4-64
1383450204.0_H1,1383450204.0,H1,ROBUST,0.4321506321430206,ROBUST,idxq4-64_queryq4-64
1383450396.0_L1,1383450396.0,L1,AMBIGUOUS,0.2008858174085617,AMBIGUOUS,idxq4-64_queryq4-64
1383450876.0_H1,1383450876.0,H1,ROBUST,0.2133131027221679,ROBUST,idxq4-64_queryq4-64
1383452124.0_H1,1383452124.0,H1,ROBUST,0.4545038044452667,ROBUST,idxq4-64_queryq4-64
1383453084.0_H1,1383453084.0,H1,ROBUST,0.4099583923816681,ROBUST,idxq4-64_queryq4-64
1383453116.0_L1,1383453116.0,L1,BACKGROUND,0.0995673686265945,BACKGROUND,idxq4-64_queryq4-64
1383453116.0_H1,1383453116.0,H1,AMBIGUOUS,0.15597668290138245,AMBIGUOUS,idxq4-64_queryq4-64
1383479484.0_L1,1383479484.0,L1,ROBUST,0.4025277495384216,ROBUST,idxq4-64_queryq4-64
1383479932.0_H1,1383479932.0,H1,AMBIGUOUS,0.1412948966026306,AMBIGUOUS,idxq4-64_queryq4-64
1383481436.0_H1,1383481436.0,H1,BACKGROUND,0.1178079918026924,BACKGROUND,idxq4-64_queryq4-64
1383484060.0_H1,1383484060.0,H1,ROBUST,0.410891592502594,ROBUST,idxq4-64_queryq4-64
1383484508.0_H1,1383484508.0,H1,ROBUST,0.4373259246349334,ROBUST,idxq4-64_queryq4-64
1383485052.0_H1,1383485052.0,H1,BACKGROUND,0.1280917972326278,BACKGROUND,idxq4-64_queryq4-64
1383501468.0_H1,1383501468.0,H1,AMBIGUOUS,0.1331253200769424,AMBIGUOUS,idxq4-64_queryq4-64
1383503644.0_L1,1383503644.0,L1,ROBUST,0.4377893507480621,ROBUST,idxq4-64_queryq4-64
1383503996.0_L1,1383503996.0,L1,AMBIGUOUS,0.1739961355924606,AMBIGUOUS,idxq4-64_queryq4-64
1383506012.0_L1,1383506012.0,L1,AMBIGUOUS,0.1800900399684906,AMBIGUOUS,idxq4-64_queryq4-64
1383526428.0_H1,1383526428.0,H1,ROBUST,0.4557258188724518,ROBUST,idxq4-64_queryq4-64
1383531132.0_L1,1383531132.0,L1,ROBUST,0.4920455813407898,ROBUST,idxq4-64_queryq4-64
1383531484.0_H1,1383531484.0,H1,AMBIGUOUS,0.1640644520521164,AMBIGUOUS,idxq4-64_queryq4-64
1383532028.0_H1,1383532028.0,H1,ROBUST,0.4296211302280426,ROBUST,idxq4-64_queryq4-64
1383532764.0_H1,1383532764.0,H1,BACKGROUND,0.1248207688331604,BACKGROUND,idxq4-64_queryq4-64
1383533660.0_L1,1383533660.0,L1,ROBUST,0.4218519330024719,ROBUST,idxq4-64_queryq4-64
1383534332.0_L1,1383534332.0,L1,AMBIGUOUS,0.177127406001091,AMBIGUOUS,idxq4-64_queryq4-64
1383536444.0_H1,1383536444.0,H1,AMBIGUOUS,0.1473567634820938,AMBIGUOUS,idxq4-64_queryq4-64
1383537664.0_L1,1383537664.0,L1,BACKGROUND,0.0655743330717086,BACKGROUND,idxq4-64_queryq4-64
1383538268.0_H1,1383538268.0,H1,BACKGROUND,0.1213187500834465,BACKGROUND,idxq4-64_queryq4-64
1383539036.0_H1,1383539036.0,H1,BACKGROUND,0.1106334999203682,BACKGROUND,idxq4-64_queryq4-64
1383539100.0_L1,1383539100.0,L1,BACKGROUND,0.1119612976908683,BACKGROUND,idxq4-64_queryq4-64
1383539868.0_H1,1383539868.0,H1,ROBUST,0.4366848170757293,ROBUST,idxq4-64_queryq4-64
1383540668.0_H1,1383540668.0,H1,AMBIGUOUS,0.1330567151308059,AMBIGUOUS,idxq4-64_queryq4-64
1383541596.0_L1,1383541596.0,L1,ROBUST,0.4206673204898834,ROBUST,idxq4-64_queryq4-64
1383542908.0_H1,1383542908.0,H1,BACKGROUND,0.0985043719410896,BACKGROUND,idxq4-64_queryq4-64
1383543356.0_L1,1383543356.0,L1,ROBUST,0.4318087995052337,ROBUST,idxq4-64_queryq4-64
1383543484.0_H1,1383543484.0,H1,AMBIGUOUS,0.1456662118434906,AMBIGUOUS,idxq4-64_queryq4-64
1383543548.0_L1,1383543548.0,L1,ROBUST,0.4538978636264801,ROBUST,idxq4-64_queryq4-64
1383544028.0_L1,1383544028.0,L1,ROBUST,0.443406343460083,ROBUST,idxq4-64_queryq4-64
1383544156.0_L1,1383544156.0,L1,ROBUST,0.4577644467353821,ROBUST,idxq4-64_queryq4-64
1383548828.0_H1,1383548828.0,H1,BACKGROUND,0.1031527146697044,BACKGROUND,idxq4-64_queryq4-64
1383550492.0_L1,1383550492.0,L1,ROBUST,0.4133005440235138,ROBUST,idxq4-64_queryq4-64
1383550684.0_H1,1383550684.0,H1,ROBUST,0.4252614378929138,ROBUST,idxq4-64_queryq4-64
1383551036.0_L1,1383551036.0,L1,ROBUST,0.4301837384700775,ROBUST,idxq4-64_queryq4-64
1383553948.0_H1,1383553948.0,H1,BACKGROUND,0.0948851555585861,BACKGROUND,idxq4-64_queryq4-64
1383555004.0_L1,1383555004.0,L1,BACKGROUND,0.1033025607466697,BACKGROUND,idxq4-64_queryq4-64
1383555164.0_L1,1383555164.0,L1,ROBUST,0.4238058030605316,ROBUST,idxq4-64_queryq4-64
1383557468.0_H1,1383557468.0,H1,BACKGROUND,0.1156955733895301,BACKGROUND,idxq4-64_queryq4-64
1383558144.0_H1,1383558144.0,H1,BACKGROUND,0.0633787140250206,BACKGROUND,idxq4-64_queryq4-64
1383558876.0_L1,1383558876.0,L1,BACKGROUND,0.1134243309497833,BACKGROUND,idxq4-64_queryq4-64
1383558972.0_L1,1383558972.0,L1,ROBUST,0.3738672733306885,ROBUST,idxq4-64_queryq4-64
1383559068.0_L1,1383559068.0,L1,ROBUST,0.2290262877941131,ROBUST,idxq4-64_queryq4-64
1383559868.0_H1,1383559868.0,H1,ROBUST,0.4428358376026153,ROBUST,idxq4-64_queryq4-64
1383560060.0_H1,1383560060.0,H1,AMBIGUOUS,0.1308182477951049,AMBIGUOUS,idxq4-64_queryq4-64
1383560636.0_H1,1383560636.0,H1,BACKGROUND,0.1108779162168502,BACKGROUND,idxq4-64_queryq4-64
1383560732.0_L1,1383560732.0,L1,BACKGROUND,0.0777273476123809,BACKGROUND,idxq4-64_queryq4-64
1383562240.0_L1,1383562240.0,L1,BACKGROUND,0.0692173317074775,BACKGROUND,idxq4-64_queryq4-64
1383562940.0_H1,1383562940.0,H1,BACKGROUND,0.0863223671913147,BACKGROUND,idxq4-64_queryq4-64
1383563996.0_H1,1383563996.0,H1,ROBUST,0.420223593711853,ROBUST,idxq4-64_queryq4-64
1383564188.0_H1,1383564188.0,H1,BACKGROUND,0.0985890701413154,BACKGROUND,idxq4-64_queryq4-64
1383564700.0_L1,1383564700.0,L1,ROBUST,0.4102497100830078,ROBUST,idxq4-64_queryq4-64
1383565500.0_L1,1383565500.0,L1,ROBUST,0.4328941702842712,ROBUST,idxq4-64_queryq4-64
1383566336.0_L1,1383566336.0,L1,BACKGROUND,0.0635241270065307,BACKGROUND,idxq4-64_queryq4-64
1383566524.0_H1,1383566524.0,H1,BACKGROUND,0.1249465644359588,BACKGROUND,idxq4-64_queryq4-64
1383566876.0_H1,1383566876.0,H1,BACKGROUND,0.0954350978136062,BACKGROUND,idxq4-64_queryq4-64
1383567292.0_H1,1383567292.0,H1,BACKGROUND,0.0951984524726867,BACKGROUND,idxq4-64_queryq4-64
1383567772.0_L1,1383567772.0,L1,ROBUST,0.4252966046333313,ROBUST,idxq4-64_queryq4-64
1383569116.0_L1,1383569116.0,L1,ROBUST,0.4351881742477417,ROBUST,idxq4-64_queryq4-64
1383569756.0_L1,1383569756.0,L1,AMBIGUOUS,0.2132878005504608,AMBIGUOUS,idxq4-64_queryq4-64
1383572220.0_L1,1383572220.0,L1,AMBIGUOUS,0.1603304147720337,AMBIGUOUS,idxq4-64_queryq4-64
1383573692.0_L1,1383573692.0,L1,ROBUST,0.4049557447433471,ROBUST,idxq4-64_queryq4-64
1383574204.0_L1,1383574204.0,L1,ROBUST,0.4412065744400024,ROBUST,idxq4-64_queryq4-64
1383581532.0_L1,1383581532.0,L1,ROBUST,0.3385608494281769,ROBUST,idxq4-64_queryq4-64
1383581660.0_H1,1383581660.0,H1,AMBIGUOUS,0.1606664359569549,AMBIGUOUS,idxq4-64_queryq4-64
1383582204.0_L1,1383582204.0,L1,BACKGROUND,0.1397031545639038,BACKGROUND,idxq4-64_queryq4-64
1383583292.0_H1,1383583292.0,H1,ROBUST,0.4363290071487427,ROBUST,idxq4-64_queryq4-64
1383583644.0_H1,1383583644.0,H1,BACKGROUND,0.0826840326189994,BACKGROUND,idxq4-64_queryq4-64
1383584540.0_L1,1383584540.0,L1,BACKGROUND,0.1351874768733978,BACKGROUND,idxq4-64_queryq4-64
1383587068.0_L1,1383587068.0,L1,BACKGROUND,0.0982776507735252,BACKGROUND,idxq4-64_queryq4-64
1383587228.0_L1,1383587228.0,L1,ROBUST,0.4809524416923523,ROBUST,idxq4-64_queryq4-64
1383588764.0_L1,1383588764.0,L1,AMBIGUOUS,0.2007200568914413,AMBIGUOUS,idxq4-64_queryq4-64
1383589404.0_L1,1383589404.0,L1,BACKGROUND,0.1425999104976654,BACKGROUND,idxq4-64_queryq4-64
1383590396.0_L1,1383590396.0,L1,AMBIGUOUS,0.171872541308403,AMBIGUOUS,idxq4-64_queryq4-64
1383591260.0_L1,1383591260.0,L1,ROBUST,0.4359230697154999,ROBUST,idxq4-64_queryq4-64
1383591388.0_H1,1383591388.0,H1,ROBUST,0.4129751026630401,ROBUST,idxq4-64_queryq4-64
1383593596.0_L1,1383593596.0,L1,AMBIGUOUS,0.1856415420770645,AMBIGUOUS,idxq4-64_queryq4-64
1383594204.0_H1,1383594204.0,H1,ROBUST,0.4401524364948272,ROBUST,idxq4-64_queryq4-64
1383594652.0_L1,1383594652.0,L1,ROBUST,0.2564747333526611,ROBUST,idxq4-64_queryq4-64
1383594780.0_L1,1383594780.0,L1,AMBIGUOUS,0.1799262911081314,AMBIGUOUS,idxq4-64_queryq4-64
1383595260.0_L1,1383595260.0,L1,BACKGROUND,0.0987706109881401,BACKGROUND,idxq4-64_queryq4-64
1383596700.0_H1,1383596700.0,H1,BACKGROUND,0.1211780086159706,BACKGROUND,idxq4-64_queryq4-64
1383598268.0_L1,1383598268.0,L1,BACKGROUND,0.085612803697586,BACKGROUND,idxq4-64_queryq4-64
1383599228.0_L1,1383599228.0,L1,BACKGROUND,0.0823507308959961,BACKGROUND,idxq4-64_queryq4-64
1383601660.0_H1,1383601660.0,H1,AMBIGUOUS,0.1658413261175155,AMBIGUOUS,idxq4-64_queryq4-64
1383601852.0_L1,1383601852.0,L1,BACKGROUND,0.1321961134672165,BACKGROUND,idxq4-64_queryq4-64
1383602620.0_L1,1383602620.0,L1,BACKGROUND,0.0832247212529182,BACKGROUND,idxq4-64_queryq4-64
1383603964.0_H1,1383603964.0,H1,ROBUST,0.4393999278545379,ROBUST,idxq4-64_queryq4-64
1383604316.0_L1,1383604316.0,L1,ROBUST,0.4382543563842773,ROBUST,idxq4-64_queryq4-64
1383604348.0_L1,1383604348.0,L1,ROBUST,0.4639647006988525,ROBUST,idxq4-64_queryq4-64
1383607296.0_L1,1383607296.0,L1,BACKGROUND,0.0614800937473773,BACKGROUND,idxq4-64_queryq4-64
1383607868.0_L1,1383607868.0,L1,ROBUST,0.4296283423900604,ROBUST,idxq4-64_queryq4-64
1383608060.0_L1,1383608060.0,L1,ROBUST,0.4257958829402923,ROBUST,idxq4-64_queryq4-64
1383608284.0_L1,1383608284.0,L1,ROBUST,0.4753454029560089,ROBUST,idxq4-64_queryq4-64
1383608508.0_H1,1383608508.0,H1,ROBUST,0.4472134113311767,ROBUST,idxq4-64_queryq4-64
1383609788.0_H1,1383609788.0,H1,BACKGROUND,0.0972926393151283,BACKGROUND,idxq4-64_queryq4-64
1383610428.0_H1,1383610428.0,H1,BACKGROUND,0.1130774021148681,BACKGROUND,idxq4-64_queryq4-64
1383610972.0_L1,1383610972.0,L1,ROBUST,0.4589693248271942,ROBUST,idxq4-64_queryq4-64
1383624604.0_L1,1383624604.0,L1,BACKGROUND,0.1039415523409843,BACKGROUND,idxq4-64_queryq4-64
1383624764.0_H1,1383624764.0,H1,ROBUST,0.3954963088035583,ROBUST,idxq4-64_queryq4-64
1383625628.0_L1,1383625628.0,L1,BACKGROUND,0.119675301015377,BACKGROUND,idxq4-64_queryq4-64
1383626140.0_H1,1383626140.0,H1,BACKGROUND,0.0982449129223823,BACKGROUND,idxq4-64_queryq4-64
1383626236.0_L1,1383626236.0,L1,ROBUST,0.4278161823749542,ROBUST,idxq4-64_queryq4-64
1383628892.0_L1,1383628892.0,L1,AMBIGUOUS,0.1687796860933303,AMBIGUOUS,idxq4-64_queryq4-64
1383635388.0_H1,1383635388.0,H1,BACKGROUND,0.0865717306733131,BACKGROUND,idxq4-64_queryq4-64
1383637116.0_L1,1383637116.0,L1,ROBUST,0.451196551322937,ROBUST,idxq4-64_queryq4-64
1383638044.0_L1,1383638044.0,L1,BACKGROUND,0.10992481559515,BACKGROUND,idxq4-64_queryq4-64
1383638556.0_H1,1383638556.0,H1,ROBUST,0.4305900335311889,ROBUST,idxq4-64_queryq4-64
1383638972.0_L1,1383638972.0,L1,ROBUST,0.4451145827770233,ROBUST,idxq4-64_queryq4-64
1383640700.0_L1,1383640700.0,L1,BACKGROUND,0.101342424750328,BACKGROUND,idxq4-64_queryq4-64
1383641212.0_L1,1383641212.0,L1,AMBIGUOUS,0.1821411699056625,AMBIGUOUS,idxq4-64_queryq4-64
1383641532.0_L1,1383641532.0,L1,BACKGROUND,0.1091421917080879,BACKGROUND,idxq4-64_queryq4-64
1383642076.0_H1,1383642076.0,H1,BACKGROUND,0.1278938353061676,BACKGROUND,idxq4-64_queryq4-64
1383643164.0_L1,1383643164.0,L1,BACKGROUND,0.0776123031973838,BACKGROUND,idxq4-64_queryq4-64
1383644220.0_H1,1383644220.0,H1,ROBUST,0.4269998371601105,ROBUST,idxq4-64_queryq4-64
1383644316.0_H1,1383644316.0,H1,BACKGROUND,0.094888150691986,BACKGROUND,idxq4-64_queryq4-64
1383646012.0_L1,1383646012.0,L1,ROBUST,0.2440448701381683,ROBUST,idxq4-64_queryq4-64
1383647196.0_L1,1383647196.0,L1,BACKGROUND,0.0814073756337165,BACKGROUND,idxq4-64_queryq4-64
1383648256.0_H1,1383648256.0,H1,BACKGROUND,0.0685717537999153,BACKGROUND,idxq4-64_queryq4-64
1383649052.0_L1,1383649052.0,L1,BACKGROUND,0.1368586272001266,BACKGROUND,idxq4-64_queryq4-64
1383650524.0_H1,1383650524.0,H1,BACKGROUND,0.0803044661879539,BACKGROUND,idxq4-64_queryq4-64
1383650716.0_L1,1383650716.0,L1,BACKGROUND,0.123930737376213,BACKGROUND,idxq4-64_queryq4-64
1383650940.0_L1,1383650940.0,L1,ROBUST,0.2371262907981872,ROBUST,idxq4-64_queryq4-64
1383651964.0_H1,1383651964.0,H1,AMBIGUOUS,0.1432870924472808,AMBIGUOUS,idxq4-64_queryq4-64
1383652380.0_H1,1383652380.0,H1,ROBUST,0.4468494951725006,ROBUST,idxq4-64_queryq4-64
1383652700.0_H1,1383652700.0,H1,ROBUST,0.4182992577552795,ROBUST,idxq4-64_queryq4-64
1383655900.0_L1,1383655900.0,L1,ROBUST,0.4328151643276214,ROBUST,idxq4-64_queryq4-64
1383656604.0_H1,1383656604.0,H1,AMBIGUOUS,0.1831149905920028,AMBIGUOUS,idxq4-64_queryq4-64
1383662172.0_H1,1383662172.0,H1,BACKGROUND,0.0905425027012825,BACKGROUND,idxq4-64_queryq4-64
1383662428.0_H1,1383662428.0,H1,ROBUST,0.443894624710083,ROBUST,idxq4-64_queryq4-64
1383662492.0_L1,1383662492.0,L1,AMBIGUOUS,0.1553030163049698,AMBIGUOUS,idxq4-64_queryq4-64
1383666940.0_H1,1383666940.0,H1,BACKGROUND,0.0815983191132545,BACKGROUND,idxq4-64_queryq4-64
1383667004.0_L1,1383667004.0,L1,ROBUST,0.4025229811668396,ROBUST,idxq4-64_queryq4-64
1383667932.0_H1,1383667932.0,H1,ROBUST,0.4179152846336365,ROBUST,idxq4-64_queryq4-64
1383668924.0_H1,1383668924.0,H1,BACKGROUND,0.1002345010638237,BACKGROUND,idxq4-64_queryq4-64
1383669212.0_H1,1383669212.0,H1,BACKGROUND,0.0859231427311897,BACKGROUND,idxq4-64_queryq4-64
1383671708.0_L1,1383671708.0,L1,ROBUST,0.4234497845172882,ROBUST,idxq4-64_queryq4-64
1383672252.0_H1,1383672252.0,H1,AMBIGUOUS,0.1770382821559906,AMBIGUOUS,idxq4-64_queryq4-64
1383672380.0_L1,1383672380.0,L1,AMBIGUOUS,0.1813758909702301,AMBIGUOUS,idxq4-64_queryq4-64
1383680860.0_H1,1383680860.0,H1,ROBUST,0.4144482910633087,ROBUST,idxq4-64_queryq4-64
1383681884.0_L1,1383681884.0,L1,BACKGROUND,0.0925766006112098,BACKGROUND,idxq4-64_queryq4-64
1383682652.0_H1,1383682652.0,H1,ROBUST,0.4235595166683197,ROBUST,idxq4-64_queryq4-64
1383684316.0_H1,1383684316.0,H1,ROBUST,0.4092780947685241,ROBUST,idxq4-64_queryq4-64
1383685052.0_H1,1383685052.0,H1,BACKGROUND,0.0917379036545753,BACKGROUND,idxq4-64_queryq4-64
1383709980.0_L1,1383709980.0,L1,ROBUST,0.4293172657489776,ROBUST,idxq4-64_queryq4-64
1383710012.0_H1,1383710012.0,H1,AMBIGUOUS,0.1432998329401016,AMBIGUOUS,idxq4-64_queryq4-64
1383710172.0_L1,1383710172.0,L1,ROBUST,0.475199818611145,ROBUST,idxq4-64_queryq4-64
1383711900.0_L1,1383711900.0,L1,BACKGROUND,0.0974098145961761,BACKGROUND,idxq4-64_queryq4-64
1383712252.0_H1,1383712252.0,H1,AMBIGUOUS,0.1378038078546524,AMBIGUOUS,idxq4-64_queryq4-64
1383713500.0_H1,1383713500.0,H1,BACKGROUND,0.0988895967602729,BACKGROUND,idxq4-64_queryq4-64
1383715324.0_H1,1383715324.0,H1,ROBUST,0.4265287220478058,ROBUST,idxq4-64_queryq4-64
1383715420.0_L1,1383715420.0,L1,ROBUST,0.4090809226036072,ROBUST,idxq4-64_queryq4-64
1383715740.0_H1,1383715740.0,H1,BACKGROUND,0.0863233283162117,BACKGROUND,idxq4-64_queryq4-64
1383717888.0_H1,1383717888.0,H1,BACKGROUND,0.0765911117196083,BACKGROUND,idxq4-64_queryq4-64
1383718748.0_L1,1383718748.0,L1,ROBUST,0.4299675822257995,ROBUST,idxq4-64_queryq4-64
1383718972.0_L1,1383718972.0,L1,ROBUST,0.3479748368263244,ROBUST,idxq4-64_queryq4-64
1383719836.0_L1,1383719836.0,L1,ROBUST,0.4212601482868194,ROBUST,idxq4-64_queryq4-64
1383720700.0_H1,1383720700.0,H1,BACKGROUND,0.1158821135759353,BACKGROUND,idxq4-64_queryq4-64
1383721116.0_H1,1383721116.0,H1,BACKGROUND,0.1133032813668251,BACKGROUND,idxq4-64_queryq4-64
1383721404.0_H1,1383721404.0,H1,AMBIGUOUS,0.1701768934726715,AMBIGUOUS,idxq4-64_queryq4-64
1383726172.0_L1,1383726172.0,L1,BACKGROUND,0.0763040781021118,BACKGROUND,idxq4-64_queryq4-64
1383727644.0_H1,1383727644.0,H1,BACKGROUND,0.0882934555411338,BACKGROUND,idxq4-64_queryq4-64
1383728700.0_H1,1383728700.0,H1,BACKGROUND,0.1028895229101181,BACKGROUND,idxq4-64_queryq4-64
1383729436.0_H1,1383729436.0,H1,BACKGROUND,0.0901305526494979,BACKGROUND,idxq4-64_queryq4-64
1383730364.0_L1,1383730364.0,L1,ROBUST,0.4206248521804809,ROBUST,idxq4-64_queryq4-64
1383731132.0_L1,1383731132.0,L1,BACKGROUND,0.1058993637561798,BACKGROUND,idxq4-64_queryq4-64
1383732060.0_L1,1383732060.0,L1,ROBUST,0.4536057114601135,ROBUST,idxq4-64_queryq4-64
1383734460.0_H1,1383734460.0,H1,BACKGROUND,0.1231838092207908,BACKGROUND,idxq4-64_queryq4-64
1383736092.0_H1,1383736092.0,H1,BACKGROUND,0.0971637293696403,BACKGROUND,idxq4-64_queryq4-64
1383736476.0_H1,1383736476.0,H1,AMBIGUOUS,0.1564090996980667,AMBIGUOUS,idxq4-64_queryq4-64
1383752188.0_L1,1383752188.0,L1,ROBUST,0.451726347208023,ROBUST,idxq4-64_queryq4-64
1383754044.0_L1,1383754044.0,L1,ROBUST,0.434402734041214,ROBUST,idxq4-64_queryq4-64
1383765308.0_H1,1383765308.0,H1,BACKGROUND,0.0923871025443077,BACKGROUND,idxq4-64_queryq4-64
1383766396.0_L1,1383766396.0,L1,ROBUST,0.4299446046352386,ROBUST,idxq4-64_queryq4-64
1383767040.0_L1,1383767040.0,L1,ROBUST,0.4060871005058288,ROBUST,idxq4-64_queryq4-64
1383767612.0_H1,1383767612.0,H1,ROBUST,0.4215728044509887,ROBUST,idxq4-64_queryq4-64
1383768668.0_L1,1383768668.0,L1,BACKGROUND,0.0776614621281623,BACKGROUND,idxq4-64_queryq4-64
1383769628.0_L1,1383769628.0,L1,AMBIGUOUS,0.1963231116533279,AMBIGUOUS,idxq4-64_queryq4-64
1383772188.0_H1,1383772188.0,H1,BACKGROUND,0.1019635125994682,BACKGROUND,idxq4-64_queryq4-64
1383772220.0_H1,1383772220.0,H1,ROBUST,0.4498035013675689,ROBUST,idxq4-64_queryq4-64
1383774012.0_L1,1383774012.0,L1,ROBUST,0.2725543975830078,ROBUST,idxq4-64_queryq4-64
1383778492.0_L1,1383778492.0,L1,ROBUST,0.422726958990097,ROBUST,idxq4-64_queryq4-64
1383778524.0_H1,1383778524.0,H1,AMBIGUOUS,0.1640037447214126,AMBIGUOUS,idxq4-64_queryq4-64
1383780156.0_L1,1383780156.0,L1,ROBUST,0.4133234918117523,ROBUST,idxq4-64_queryq4-64
1383781980.0_L1,1383781980.0,L1,ROBUST,0.4259439408779144,ROBUST,idxq4-64_queryq4-64
1383784956.0_H1,1383784956.0,H1,BACKGROUND,0.0948960557579994,BACKGROUND,idxq4-64_queryq4-64
1383799808.0_H1,1383799808.0,H1,BACKGROUND,0.076333612203598,BACKGROUND,idxq4-64_queryq4-64
1383802908.0_L1,1383802908.0,L1,ROBUST,0.4478923082351684,ROBUST,idxq4-64_queryq4-64
1383803292.0_H1,1383803292.0,H1,BACKGROUND,0.1204131618142128,BACKGROUND,idxq4-64_queryq4-64
1383804316.0_L1,1383804316.0,L1,BACKGROUND,0.1097995191812515,BACKGROUND,idxq4-64_queryq4-64
1383804860.0_L1,1383804860.0,L1,BACKGROUND,0.0919048935174942,BACKGROUND,idxq4-64_queryq4-64
1383804924.0_H1,1383804924.0,H1,ROBUST,0.4155032932758331,ROBUST,idxq4-64_queryq4-64
1383805564.0_H1,1383805564.0,H1,BACKGROUND,0.1227871254086494,BACKGROUND,idxq4-64_queryq4-64
1383806044.0_L1,1383806044.0,L1,ROBUST,0.332927942276001,ROBUST,idxq4-64_queryq4-64
1383808380.0_H1,1383808380.0,H1,BACKGROUND,0.0853448361158371,BACKGROUND,idxq4-64_queryq4-64
1383808572.0_H1,1383808572.0,H1,BACKGROUND,0.1277907788753509,BACKGROUND,idxq4-64_queryq4-64
1383811196.0_H1,1383811196.0,H1,AMBIGUOUS,0.1819716542959213,AMBIGUOUS,idxq4-64_queryq4-64
1383813404.0_L1,1383813404.0,L1,ROBUST,0.2774927914142608,ROBUST,idxq4-64_queryq4-64
1383813692.0_L1,1383813692.0,L1,ROBUST,0.4456347227096557,ROBUST,idxq4-64_queryq4-64
1383814492.0_H1,1383814492.0,H1,BACKGROUND,0.0983810126781463,BACKGROUND,idxq4-64_queryq4-64
1383814620.0_L1,1383814620.0,L1,BACKGROUND,0.0840166360139846,BACKGROUND,idxq4-64_queryq4-64
1383814780.0_H1,1383814780.0,H1,BACKGROUND,0.1126914620399475,BACKGROUND,idxq4-64_queryq4-64
1383815964.0_H1,1383815964.0,H1,ROBUST,0.4562119245529175,ROBUST,idxq4-64_queryq4-64
1383816828.0_L1,1383816828.0,L1,AMBIGUOUS,0.179665207862854,AMBIGUOUS,idxq4-64_queryq4-64
1383817468.0_H1,1383817468.0,H1,ROBUST,0.2080277055501938,ROBUST,idxq4-64_queryq4-64
1383819260.0_H1,1383819260.0,H1,AMBIGUOUS,0.1365271210670471,AMBIGUOUS,idxq4-64_queryq4-64
1383819516.0_H1,1383819516.0,H1,ROBUST,0.4202848374843597,ROBUST,idxq4-64_queryq4-64
1383820604.0_H1,1383820604.0,H1,BACKGROUND,0.1283623129129409,BACKGROUND,idxq4-64_queryq4-64
1383823772.0_H1,1383823772.0,H1,BACKGROUND,0.0855898335576057,BACKGROUND,idxq4-64_queryq4-64
1383826300.0_L1,1383826300.0,L1,ROBUST,0.4486971795558929,ROBUST,idxq4-64_queryq4-64
1383827612.0_H1,1383827612.0,H1,AMBIGUOUS,0.1543050408363342,AMBIGUOUS,idxq4-64_queryq4-64
1383832284.0_H1,1383832284.0,H1,BACKGROUND,0.1144758090376854,BACKGROUND,idxq4-64_queryq4-64
1383833276.0_H1,1383833276.0,H1,AMBIGUOUS,0.1620954424142837,AMBIGUOUS,idxq4-64_queryq4-64
1383833340.0_H1,1383833340.0,H1,BACKGROUND,0.0974540263414383,BACKGROUND,idxq4-64_queryq4-64
1383834332.0_H1,1383834332.0,H1,BACKGROUND,0.0989939197897911,BACKGROUND,idxq4-64_queryq4-64
1383835164.0_H1,1383835164.0,H1,AMBIGUOUS,0.1342143714427948,AMBIGUOUS,idxq4-64_queryq4-64
1383835644.0_L1,1383835644.0,L1,ROBUST,0.4127090573310852,ROBUST,idxq4-64_queryq4-64
1383837500.0_L1,1383837500.0,L1,ROBUST,0.4026756584644317,ROBUST,idxq4-64_queryq4-64
1383839004.0_H1,1383839004.0,H1,ROBUST,0.2557854950428009,ROBUST,idxq4-64_queryq4-64
1383840988.0_H1,1383840988.0,H1,BACKGROUND,0.0848157629370689,BACKGROUND,idxq4-64_queryq4-64
1383841212.0_L1,1383841212.0,L1,ROBUST,0.4245713651180267,ROBUST,idxq4-64_queryq4-64
1383842556.0_L1,1383842556.0,L1,ROBUST,0.3546530902385711,ROBUST,idxq4-64_queryq4-64
1383843228.0_H1,1383843228.0,H1,AMBIGUOUS,0.1732983887195587,AMBIGUOUS,idxq4-64_queryq4-64
1383845980.0_H1,1383845980.0,H1,BACKGROUND,0.1075002402067184,BACKGROUND,idxq4-64_queryq4-64
1383846428.0_L1,1383846428.0,L1,ROBUST,0.4431107640266418,ROBUST,idxq4-64_queryq4-64
1383846428.0_H1,1383846428.0,H1,ROBUST,0.43669459223747253,ROBUST,idxq4-64_queryq4-64
1383846940.0_L1,1383846940.0,L1,ROBUST,0.4126803576946258,ROBUST,idxq4-64_queryq4-64
1383848060.0_H1,1383848060.0,H1,ROBUST,0.4680699110031128,ROBUST,idxq4-64_queryq4-64
1383850108.0_L1,1383850108.0,L1,ROBUST,0.4105969071388244,ROBUST,idxq4-64_queryq4-64
1383850972.0_L1,1383850972.0,L1,ROBUST,0.3800130784511566,ROBUST,idxq4-64_queryq4-64
1383851036.0_H1,1383851036.0,H1,BACKGROUND,0.0968445762991905,BACKGROUND,idxq4-64_queryq4-64
1383853084.0_L1,1383853084.0,L1,ROBUST,0.4408498704433441,ROBUST,idxq4-64_queryq4-64
1383856412.0_H1,1383856412.0,H1,ROBUST,0.4539803862571716,ROBUST,idxq4-64_queryq4-64
1383857180.0_L1,1383857180.0,L1,BACKGROUND,0.087257370352745,BACKGROUND,idxq4-64_queryq4-64
1383857500.0_H1,1383857500.0,H1,BACKGROUND,0.0927237495779991,BACKGROUND,idxq4-64_queryq4-64
1383859036.0_L1,1383859036.0,L1,BACKGROUND,0.1192067489027977,BACKGROUND,idxq4-64_queryq4-64
1383862972.0_H1,1383862972.0,H1,BACKGROUND,0.1068150475621223,BACKGROUND,idxq4-64_queryq4-64
1383866300.0_L1,1383866300.0,L1,AMBIGUOUS,0.179447203874588,AMBIGUOUS,idxq4-64_queryq4-64
1383866972.0_H1,1383866972.0,H1,ROBUST,0.2487882524728775,ROBUST,idxq4-64_queryq4-64
1383867580.0_H1,1383867580.0,H1,BACKGROUND,0.082267440855503,BACKGROUND,idxq4-64_queryq4-64
1383872124.0_L1,1383872124.0,L1,BACKGROUND,0.1462313085794448,BACKGROUND,idxq4-64_queryq4-64
1383872124.0_H1,1383872124.0,H1,ROBUST,0.46233999729156494,ROBUST,idxq4-64_queryq4-64
1383872252.0_H1,1383872252.0,H1,ROBUST,0.2621009051799774,ROBUST,idxq4-64_queryq4-64
1383875004.0_L1,1383875004.0,L1,ROBUST,0.4544542133808136,ROBUST,idxq4-64_queryq4-64
1383875068.0_H1,1383875068.0,H1,ROBUST,0.4325192272663116,ROBUST,idxq4-64_queryq4-64
1383877596.0_H1,1383877596.0,H1,ROBUST,0.2530823647975921,ROBUST,idxq4-64_queryq4-64
1383879324.0_L1,1383879324.0,L1,ROBUST,0.4739187061786651,ROBUST,idxq4-64_queryq4-64
1383881728.0_L1,1383881728.0,L1,BACKGROUND,0.0618614442646503,BACKGROUND,idxq4-64_queryq4-64
1383882332.0_L1,1383882332.0,L1,ROBUST,0.4484999179840088,ROBUST,idxq4-64_queryq4-64
1383886556.0_H1,1383886556.0,H1,BACKGROUND,0.0932930335402488,BACKGROUND,idxq4-64_queryq4-64
1383886876.0_H1,1383886876.0,H1,ROBUST,0.4538763463497162,ROBUST,idxq4-64_queryq4-64
1383887612.0_H1,1383887612.0,H1,BACKGROUND,0.1056514456868171,BACKGROUND,idxq4-64_queryq4-64
1383887932.0_H1,1383887932.0,H1,BACKGROUND,0.1136453449726104,BACKGROUND,idxq4-64_queryq4-64
1383889212.0_H1,1383889212.0,H1,BACKGROUND,0.1029760986566543,BACKGROUND,idxq4-64_queryq4-64
1383889884.0_L1,1383889884.0,L1,AMBIGUOUS,0.1655862182378769,AMBIGUOUS,idxq4-64_queryq4-64
1383890108.0_H1,1383890108.0,H1,BACKGROUND,0.0909956470131874,BACKGROUND,idxq4-64_queryq4-64
1383891996.0_H1,1383891996.0,H1,ROBUST,0.4080875515937805,ROBUST,idxq4-64_queryq4-64
1383892796.0_H1,1383892796.0,H1,BACKGROUND,0.0856992900371551,BACKGROUND,idxq4-64_queryq4-64
1383892828.0_H1,1383892828.0,H1,BACKGROUND,0.0897512882947921,BACKGROUND,idxq4-64_queryq4-64
1383895388.0_H1,1383895388.0,H1,ROBUST,0.448420763015747,ROBUST,idxq4-64_queryq4-64
1383895612.0_H1,1383895612.0,H1,BACKGROUND,0.089212991297245,BACKGROUND,idxq4-64_queryq4-64
1383898396.0_L1,1383898396.0,L1,BACKGROUND,0.1336423009634018,BACKGROUND,idxq4-64_queryq4-64
1383900284.0_H1,1383900284.0,H1,BACKGROUND,0.1222812160849571,BACKGROUND,idxq4-64_queryq4-64
1383900348.0_H1,1383900348.0,H1,ROBUST,0.4276125729084015,ROBUST,idxq4-64_queryq4-64
1383900636.0_L1,1383900636.0,L1,BACKGROUND,0.0948874428868293,BACKGROUND,idxq4-64_queryq4-64
1383902748.0_H1,1383902748.0,H1,BACKGROUND,0.1004955992102623,BACKGROUND,idxq4-64_queryq4-64
1383902812.0_H1,1383902812.0,H1,BACKGROUND,0.1005417853593826,BACKGROUND,idxq4-64_queryq4-64
1383904188.0_H1,1383904188.0,H1,BACKGROUND,0.0944663286209106,BACKGROUND,idxq4-64_queryq4-64
1383906748.0_H1,1383906748.0,H1,BACKGROUND,0.1285461336374282,BACKGROUND,idxq4-64_queryq4-64
1383907068.0_L1,1383907068.0,L1,AMBIGUOUS,0.1629936546087265,AMBIGUOUS,idxq4-64_queryq4-64
1383907388.0_H1,1383907388.0,H1,ROBUST,0.4122645258903503,ROBUST,idxq4-64_queryq4-64
1383907516.0_H1,1383907516.0,H1,BACKGROUND,0.0904366001486778,BACKGROUND,idxq4-64_queryq4-64
1383908892.0_H1,1383908892.0,H1,ROBUST,0.4475784003734588,ROBUST,idxq4-64_queryq4-64
1383908988.0_L1,1383908988.0,L1,ROBUST,0.4470387697219848,ROBUST,idxq4-64_queryq4-64
1383918460.0_L1,1383918460.0,L1,ROBUST,0.4929695725440979,ROBUST,idxq4-64_queryq4-64
1383918620.0_L1,1383918620.0,L1,ROBUST,0.2772253155708313,ROBUST,idxq4-64_queryq4-64
1383918812.0_H1,1383918812.0,H1,BACKGROUND,0.0994028598070144,BACKGROUND,idxq4-64_queryq4-64
1383919932.0_L1,1383919932.0,L1,AMBIGUOUS,0.206473633646965,AMBIGUOUS,idxq4-64_queryq4-64
1383920412.0_H1,1383920412.0,H1,BACKGROUND,0.0924660041928291,BACKGROUND,idxq4-64_queryq4-64
1383920444.0_L1,1383920444.0,L1,ROBUST,0.4367750287055969,ROBUST,idxq4-64_queryq4-64
1383923772.0_H1,1383923772.0,H1,ROBUST,0.2061814218759536,ROBUST,idxq4-64_queryq4-64
1383924444.0_H1,1383924444.0,H1,BACKGROUND,0.0932423174381256,BACKGROUND,idxq4-64_queryq4-64
1383924476.0_H1,1383924476.0,H1,BACKGROUND,0.0918014198541641,BACKGROUND,idxq4-64_queryq4-64
1383924764.0_L1,1383924764.0,L1,ROBUST,0.4156822860240936,ROBUST,idxq4-64_queryq4-64
1383925692.0_L1,1383925692.0,L1,ROBUST,0.3923231065273285,ROBUST,idxq4-64_queryq4-64
1383925724.0_H1,1383925724.0,H1,AMBIGUOUS,0.1368018984794616,AMBIGUOUS,idxq4-64_queryq4-64
1383926108.0_H1,1383926108.0,H1,ROBUST,0.4375787079334259,ROBUST,idxq4-64_queryq4-64
1383938300.0_H1,1383938300.0,H1,BACKGROUND,0.1121616512537002,BACKGROUND,idxq4-64_queryq4-64
1383939036.0_H1,1383939036.0,H1,ROBUST,0.2319188117980957,ROBUST,idxq4-64_queryq4-64
1383939072.0_H1,1383939072.0,H1,BACKGROUND,0.0893951281905174,BACKGROUND,idxq4-64_queryq4-64
1383940124.0_L1,1383940124.0,L1,ROBUST,0.4534580409526825,ROBUST,idxq4-64_queryq4-64
1383942364.0_H1,1383942364.0,H1,ROBUST,0.4346678256988525,ROBUST,idxq4-64_queryq4-64
1383943292.0_H1,1383943292.0,H1,BACKGROUND,0.0995011404156684,BACKGROUND,idxq4-64_queryq4-64
1383943836.0_H1,1383943836.0,H1,AMBIGUOUS,0.1434691101312637,AMBIGUOUS,idxq4-64_queryq4-64
1383944316.0_L1,1383944316.0,L1,ROBUST,0.2332388311624527,ROBUST,idxq4-64_queryq4-64
1383947452.0_L1,1383947452.0,L1,ROBUST,0.2413556724786758,ROBUST,idxq4-64_queryq4-64
1383948220.0_L1,1383948220.0,L1,ROBUST,0.4187658131122589,ROBUST,idxq4-64_queryq4-64
1383948444.0_H1,1383948444.0,H1,BACKGROUND,0.0918495804071426,BACKGROUND,idxq4-64_queryq4-64
1383948540.0_L1,1383948540.0,L1,ROBUST,0.4328764975070953,ROBUST,idxq4-64_queryq4-64
1383948732.0_L1,1383948732.0,L1,ROBUST,0.4465520679950714,ROBUST,idxq4-64_queryq4-64
1383949020.0_H1,1383949020.0,H1,BACKGROUND,0.1161888092756271,BACKGROUND,idxq4-64_queryq4-64
1383949916.0_L1,1383949916.0,L1,BACKGROUND,0.0983434170484542,BACKGROUND,idxq4-64_queryq4-64
1383950780.0_H1,1383950780.0,H1,BACKGROUND,0.1201644912362098,BACKGROUND,idxq4-64_queryq4-64
1383951868.0_H1,1383951868.0,H1,ROBUST,0.2813751399517059,ROBUST,idxq4-64_queryq4-64
1383952092.0_H1,1383952092.0,H1,BACKGROUND,0.1083118394017219,BACKGROUND,idxq4-64_queryq4-64
1383955388.0_L1,1383955388.0,L1,BACKGROUND,0.127157524228096,BACKGROUND,idxq4-64_queryq4-64
1383955420.0_L1,1383955420.0,L1,AMBIGUOUS,0.1714030504226684,AMBIGUOUS,idxq4-64_queryq4-64
1383959552.0_H1,1383959552.0,H1,BACKGROUND,0.0738358870148658,BACKGROUND,idxq4-64_queryq4-64
1383962556.0_H1,1383962556.0,H1,ROBUST,0.425905168056488,ROBUST,idxq4-64_queryq4-64
1383964316.0_L1,1383964316.0,L1,ROBUST,0.4398800432682037,ROBUST,idxq4-64_queryq4-64
1383964380.0_H1,1383964380.0,H1,ROBUST,0.4492281675338745,ROBUST,idxq4-64_queryq4-64
1383964732.0_H1,1383964732.0,H1,AMBIGUOUS,0.1422435492277145,AMBIGUOUS,idxq4-64_queryq4-64
1383965180.0_L1,1383965180.0,L1,ROBUST,0.4159770309925079,ROBUST,idxq4-64_queryq4-64
1383965916.0_H1,1383965916.0,H1,BACKGROUND,0.0922178104519844,BACKGROUND,idxq4-64_queryq4-64
1383966620.0_H1,1383966620.0,H1,BACKGROUND,0.0940680652856826,BACKGROUND,idxq4-64_queryq4-64
1383966812.0_L1,1383966812.0,L1,ROBUST,0.4407739043235779,ROBUST,idxq4-64_queryq4-64
1383967868.0_L1,1383967868.0,L1,BACKGROUND,0.1377696543931961,BACKGROUND,idxq4-64_queryq4-64
1383968348.0_L1,1383968348.0,L1,ROBUST,0.4441240131855011,ROBUST,idxq4-64_queryq4-64
1383968476.0_L1,1383968476.0,L1,AMBIGUOUS,0.160402774810791,AMBIGUOUS,idxq4-64_queryq4-64
1383968700.0_L1,1383968700.0,L1,ROBUST,0.4389070272445678,ROBUST,idxq4-64_queryq4-64
1383968700.0_H1,1383968700.0,H1,ROBUST,0.46116024255752563,ROBUST,idxq4-64_queryq4-64
1383969852.0_L1,1383969852.0,L1,BACKGROUND,0.0799645259976387,BACKGROUND,idxq4-64_queryq4-64
1383970108.0_H1,1383970108.0,H1,BACKGROUND,0.1285557448863983,BACKGROUND,idxq4-64_queryq4-64
1383970524.0_L1,1383970524.0,L1,BACKGROUND,0.1312428265810012,BACKGROUND,idxq4-64_queryq4-64
1383972028.0_H1,1383972028.0,H1,AMBIGUOUS,0.144487977027893,AMBIGUOUS,idxq4-64_queryq4-64
1383973884.0_L1,1383973884.0,L1,AMBIGUOUS,0.2159271091222763,AMBIGUOUS,idxq4-64_queryq4-64
1383973980.0_L1,1383973980.0,L1,BACKGROUND,0.1116354465484619,BACKGROUND,idxq4-64_queryq4-64
1383975612.0_H1,1383975612.0,H1,BACKGROUND,0.0810417160391807,BACKGROUND,idxq4-64_queryq4-64
1383976444.0_H1,1383976444.0,H1,BACKGROUND,0.1012829467654228,BACKGROUND,idxq4-64_queryq4-64
1383976476.0_L1,1383976476.0,L1,ROBUST,0.4222557246685028,ROBUST,idxq4-64_queryq4-64
1383977180.0_L1,1383977180.0,L1,BACKGROUND,0.1494879424571991,BACKGROUND,idxq4-64_queryq4-64
1383977596.0_L1,1383977596.0,L1,AMBIGUOUS,0.1975776702165603,AMBIGUOUS,idxq4-64_queryq4-64
1383979004.0_H1,1383979004.0,H1,ROBUST,0.4341764152050018,ROBUST,idxq4-64_queryq4-64
1383980796.0_L1,1383980796.0,L1,ROBUST,0.3104429841041565,ROBUST,idxq4-64_queryq4-64
1383981340.0_L1,1383981340.0,L1,BACKGROUND,0.0788668170571327,BACKGROUND,idxq4-64_queryq4-64
1383981884.0_L1,1383981884.0,L1,ROBUST,0.4142684936523437,ROBUST,idxq4-64_queryq4-64
1383981916.0_L1,1383981916.0,L1,ROBUST,0.456601083278656,ROBUST,idxq4-64_queryq4-64
1383982076.0_L1,1383982076.0,L1,BACKGROUND,0.130634143948555,BACKGROUND,idxq4-64_queryq4-64
1383982108.0_L1,1383982108.0,L1,BACKGROUND,0.1332436650991439,BACKGROUND,idxq4-64_queryq4-64
1383982236.0_L1,1383982236.0,L1,ROBUST,0.4292243123054504,ROBUST,idxq4-64_queryq4-64
1383982300.0_H1,1383982300.0,H1,BACKGROUND,0.1048916280269622,BACKGROUND,idxq4-64_queryq4-64
1383982780.0_L1,1383982780.0,L1,ROBUST,0.4214965403079986,ROBUST,idxq4-64_queryq4-64
1383982844.0_L1,1383982844.0,L1,BACKGROUND,0.1069384142756462,BACKGROUND,idxq4-64_queryq4-64
1383983068.0_H1,1383983068.0,H1,BACKGROUND,0.0869378969073295,BACKGROUND,idxq4-64_queryq4-64
1383995676.0_H1,1383995676.0,H1,BACKGROUND,0.1168311685323715,BACKGROUND,idxq4-64_queryq4-64
1383996668.0_L1,1383996668.0,L1,AMBIGUOUS,0.1653756499290466,AMBIGUOUS,idxq4-64_queryq4-64
1383997404.0_L1,1383997404.0,L1,AMBIGUOUS,0.1922595649957656,AMBIGUOUS,idxq4-64_queryq4-64
1383997500.0_L1,1383997500.0,L1,AMBIGUOUS,0.2045348137617111,AMBIGUOUS,idxq4-64_queryq4-64
1383997564.0_H1,1383997564.0,H1,BACKGROUND,0.1098495945334434,BACKGROUND,idxq4-64_queryq4-64
1383997884.0_L1,1383997884.0,L1,ROBUST,0.4231011569499969,ROBUST,idxq4-64_queryq4-64
1383998236.0_L1,1383998236.0,L1,ROBUST,0.3966680765151977,ROBUST,idxq4-64_queryq4-64
1383998876.0_H1,1383998876.0,H1,BACKGROUND,0.1222531646490097,BACKGROUND,idxq4-64_queryq4-64
1383999100.0_L1,1383999100.0,L1,ROBUST,0.2262210696935653,ROBUST,idxq4-64_queryq4-64
1383999708.0_H1,1383999708.0,H1,BACKGROUND,0.0930105224251747,BACKGROUND,idxq4-64_queryq4-64
1383999996.0_L1,1383999996.0,L1,AMBIGUOUS,0.1827202141284942,AMBIGUOUS,idxq4-64_queryq4-64
1384000412.0_L1,1384000412.0,L1,AMBIGUOUS,0.1918431967496872,AMBIGUOUS,idxq4-64_queryq4-64
1384000668.0_L1,1384000668.0,L1,ROBUST,0.4455788433551788,ROBUST,idxq4-64_queryq4-64
1384000956.0_L1,1384000956.0,L1,AMBIGUOUS,0.1700722873210907,AMBIGUOUS,idxq4-64_queryq4-64
1384001660.0_L1,1384001660.0,L1,ROBUST,0.369982361793518,ROBUST,idxq4-64_queryq4-64
1384002940.0_L1,1384002940.0,L1,ROBUST,0.2980951070785522,ROBUST,idxq4-64_queryq4-64
1384003036.0_L1,1384003036.0,L1,ROBUST,0.2331190705299377,ROBUST,idxq4-64_queryq4-64
1384003836.0_L1,1384003836.0,L1,AMBIGUOUS,0.1757785826921463,AMBIGUOUS,idxq4-64_queryq4-64
1384003836.0_H1,1384003836.0,H1,ROBUST,0.4096444547176361,ROBUST,idxq4-64_queryq4-64
1384003868.0_L1,1384003868.0,L1,AMBIGUOUS,0.2114947885274887,AMBIGUOUS,idxq4-64_queryq4-64
1384004028.0_L1,1384004028.0,L1,ROBUST,0.3041988909244537,ROBUST,idxq4-64_queryq4-64
1384004124.0_L1,1384004124.0,L1,BACKGROUND,0.0994043946266174,BACKGROUND,idxq4-64_queryq4-64
1384004608.0_L1,1384004608.0,L1,ROBUST,0.4698027968406677,ROBUST,idxq4-64_queryq4-64
1384004892.0_L1,1384004892.0,L1,BACKGROUND,0.1326203048229217,BACKGROUND,idxq4-64_queryq4-64
1384005020.0_L1,1384005020.0,L1,ROBUST,0.4258953630924225,ROBUST,idxq4-64_queryq4-64
1384005052.0_L1,1384005052.0,L1,ROBUST,0.3022536337375641,ROBUST,idxq4-64_queryq4-64
1384005212.0_L1,1384005212.0,L1,BACKGROUND,0.1445670127868652,BACKGROUND,idxq4-64_queryq4-64
1384005468.0_L1,1384005468.0,L1,AMBIGUOUS,0.1962166428565979,AMBIGUOUS,idxq4-64_queryq4-64
1384006172.0_L1,1384006172.0,L1,ROBUST,0.4169417917728424,ROBUST,idxq4-64_queryq4-64
1384006428.0_H1,1384006428.0,H1,ROBUST,0.4313535094261169,ROBUST,idxq4-64_queryq4-64
1384006588.0_L1,1384006588.0,L1,AMBIGUOUS,0.1598176956176757,AMBIGUOUS,idxq4-64_queryq4-64
1384007708.0_H1,1384007708.0,H1,AMBIGUOUS,0.1410320550203323,AMBIGUOUS,idxq4-64_queryq4-64
1384220220.0_L1,1384220220.0,L1,ROBUST,0.4420710802078247,ROBUST,idxq4-64_queryq4-64
1384221276.0_L1,1384221276.0,L1,ROBUST,0.4439722001552582,ROBUST,idxq4-64_queryq4-64
1384223036.0_H1,1384223036.0,H1,ROBUST,0.4142146706581116,ROBUST,idxq4-64_queryq4-64
1384223356.0_L1,1384223356.0,L1,ROBUST,0.4409653842449188,ROBUST,idxq4-64_queryq4-64
1384223868.0_H1,1384223868.0,H1,ROBUST,0.4361043274402618,ROBUST,idxq4-64_queryq4-64
1384229500.0_H1,1384229500.0,H1,ROBUST,0.4273824691772461,ROBUST,idxq4-64_queryq4-64
1384230876.0_L1,1384230876.0,L1,ROBUST,0.4441913664340973,ROBUST,idxq4-64_queryq4-64
1384233500.0_H1,1384233500.0,H1,AMBIGUOUS,0.1570637375116348,AMBIGUOUS,idxq4-64_queryq4-64
1384233980.0_H1,1384233980.0,H1,BACKGROUND,0.1126106232404708,BACKGROUND,idxq4-64_queryq4-64
1384235196.0_H1,1384235196.0,H1,BACKGROUND,0.1284579634666443,BACKGROUND,idxq4-64_queryq4-64
1384235644.0_H1,1384235644.0,H1,AMBIGUOUS,0.1339146196842193,AMBIGUOUS,idxq4-64_queryq4-64
1384241532.0_H1,1384241532.0,H1,BACKGROUND,0.0949319303035736,BACKGROUND,idxq4-64_queryq4-64
1384243388.0_L1,1384243388.0,L1,ROBUST,0.4479974806308746,ROBUST,idxq4-64_queryq4-64
1384243964.0_L1,1384243964.0,L1,ROBUST,0.2678747773170471,ROBUST,idxq4-64_queryq4-64
1384257916.0_H1,1384257916.0,H1,ROBUST,0.4638356566429138,ROBUST,idxq4-64_queryq4-64
1384260124.0_L1,1384260124.0,L1,ROBUST,0.4330962598323822,ROBUST,idxq4-64_queryq4-64
1384260864.0_L1,1384260864.0,L1,BACKGROUND,0.0600069835782051,BACKGROUND,idxq4-64_queryq4-64
1384267676.0_L1,1384267676.0,L1,BACKGROUND,0.1416743248701095,BACKGROUND,idxq4-64_queryq4-64
1384270300.0_H1,1384270300.0,H1,BACKGROUND,0.1156662106513977,BACKGROUND,idxq4-64_queryq4-64
1384271836.0_L1,1384271836.0,L1,ROBUST,0.4445712566375732,ROBUST,idxq4-64_queryq4-64
1384272860.0_L1,1384272860.0,L1,ROBUST,0.2946935594081878,ROBUST,idxq4-64_queryq4-64
1384275932.0_H1,1384275932.0,H1,ROBUST,0.4256715774536133,ROBUST,idxq4-64_queryq4-64
1384277372.0_H1,1384277372.0,H1,ROBUST,0.4353548586368561,ROBUST,idxq4-64_queryq4-64
1384279740.0_H1,1384279740.0,H1,BACKGROUND,0.1281428337097168,BACKGROUND,idxq4-64_queryq4-64
1384282300.0_L1,1384282300.0,L1,ROBUST,0.4203662276268005,ROBUST,idxq4-64_queryq4-64
1384285212.0_L1,1384285212.0,L1,ROBUST,0.4291619062423706,ROBUST,idxq4-64_queryq4-64
1384285468.0_L1,1384285468.0,L1,ROBUST,0.4189553558826446,ROBUST,idxq4-64_queryq4-64
1384287452.0_H1,1384287452.0,H1,ROBUST,0.4518928229808807,ROBUST,idxq4-64_queryq4-64
1384287484.0_H1,1384287484.0,H1,ROBUST,0.3734387159347534,ROBUST,idxq4-64_queryq4-64
1384289052.0_H1,1384289052.0,H1,BACKGROUND,0.1243336349725723,BACKGROUND,idxq4-64_queryq4-64
1384300380.0_H1,1384300380.0,H1,ROBUST,0.3684443831443786,ROBUST,idxq4-64_queryq4-64
1384302492.0_H1,1384302492.0,H1,AMBIGUOUS,0.1614996194839477,AMBIGUOUS,idxq4-64_queryq4-64
1384309308.0_H1,1384309308.0,H1,ROBUST,0.3709687888622284,ROBUST,idxq4-64_queryq4-64
1384312092.0_L1,1384312092.0,L1,ROBUST,0.4495574831962585,ROBUST,idxq4-64_queryq4-64
1384313404.0_H1,1384313404.0,H1,BACKGROUND,0.0932733342051506,BACKGROUND,idxq4-64_queryq4-64
1384313596.0_H1,1384313596.0,H1,AMBIGUOUS,0.131591647863388,AMBIGUOUS,idxq4-64_queryq4-64
1384314364.0_H1,1384314364.0,H1,ROBUST,0.3088338673114776,ROBUST,idxq4-64_queryq4-64
1384316284.0_H1,1384316284.0,H1,ROBUST,0.4729840457439422,ROBUST,idxq4-64_queryq4-64
1384319644.0_L1,1384319644.0,L1,ROBUST,0.4399761855602264,ROBUST,idxq4-64_queryq4-64
1384322780.0_H1,1384322780.0,H1,AMBIGUOUS,0.1305232644081115,AMBIGUOUS,idxq4-64_queryq4-64
1384323900.0_H1,1384323900.0,H1,AMBIGUOUS,0.1407472342252731,AMBIGUOUS,idxq4-64_queryq4-64
1384325468.0_H1,1384325468.0,H1,AMBIGUOUS,0.1601560860872268,AMBIGUOUS,idxq4-64_queryq4-64
1384327644.0_L1,1384327644.0,L1,ROBUST,0.4294488728046417,ROBUST,idxq4-64_queryq4-64
1384327708.0_H1,1384327708.0,H1,BACKGROUND,0.1100219711661338,BACKGROUND,idxq4-64_queryq4-64
1384332028.0_L1,1384332028.0,L1,ROBUST,0.4198477566242218,ROBUST,idxq4-64_queryq4-64
1384332476.0_L1,1384332476.0,L1,ROBUST,0.4330587685108185,ROBUST,idxq4-64_queryq4-64
1384333468.0_H1,1384333468.0,H1,BACKGROUND,0.1073470339179039,BACKGROUND,idxq4-64_queryq4-64
1384336604.0_H1,1384336604.0,H1,ROBUST,0.4241654574871063,ROBUST,idxq4-64_queryq4-64
1384336892.0_L1,1384336892.0,L1,BACKGROUND,0.096798688173294,BACKGROUND,idxq4-64_queryq4-64
1384369948.0_L1,1384369948.0,L1,ROBUST,0.4476710557937622,ROBUST,idxq4-64_queryq4-64
1384370716.0_L1,1384370716.0,L1,ROBUST,0.4328821301460266,ROBUST,idxq4-64_queryq4-64
1384371996.0_L1,1384371996.0,L1,ROBUST,0.4428067505359649,ROBUST,idxq4-64_queryq4-64
1384372252.0_H1,1384372252.0,H1,AMBIGUOUS,0.1695441603660583,AMBIGUOUS,idxq4-64_queryq4-64
1384374556.0_H1,1384374556.0,H1,BACKGROUND,0.106074146926403,BACKGROUND,idxq4-64_queryq4-64
1384375228.0_L1,1384375228.0,L1,ROBUST,0.4640373587608337,ROBUST,idxq4-64_queryq4-64
1384376252.0_L1,1384376252.0,L1,ROBUST,0.4339111745357513,ROBUST,idxq4-64_queryq4-64
1384378780.0_H1,1384378780.0,H1,ROBUST,0.4506689310073852,ROBUST,idxq4-64_queryq4-64
1384397596.0_L1,1384397596.0,L1,ROBUST,0.5063538551330566,ROBUST,idxq4-64_queryq4-64
1384400060.0_H1,1384400060.0,H1,AMBIGUOUS,0.138834610581398,AMBIGUOUS,idxq4-64_queryq4-64
1384402460.0_H1,1384402460.0,H1,ROBUST,0.4363991618156433,ROBUST,idxq4-64_queryq4-64
1384403260.0_L1,1384403260.0,L1,BACKGROUND,0.1264127194881439,BACKGROUND,idxq4-64_queryq4-64
1384406140.0_H1,1384406140.0,H1,ROBUST,0.4498541057109833,ROBUST,idxq4-64_queryq4-64
1384409404.0_L1,1384409404.0,L1,ROBUST,0.4217158555984497,ROBUST,idxq4-64_queryq4-64
1384410652.0_L1,1384410652.0,L1,ROBUST,0.4475793242454529,ROBUST,idxq4-64_queryq4-64
1384412764.0_L1,1384412764.0,L1,AMBIGUOUS,0.2014142274856567,AMBIGUOUS,idxq4-64_queryq4-64
1384415228.0_L1,1384415228.0,L1,AMBIGUOUS,0.2132866084575653,AMBIGUOUS,idxq4-64_queryq4-64
1384415996.0_H1,1384415996.0,H1,ROBUST,0.5152199864387512,ROBUST,idxq4-64_queryq4-64
1384417244.0_H1,1384417244.0,H1,AMBIGUOUS,0.1542801409959793,AMBIGUOUS,idxq4-64_queryq4-64
1384418044.0_H1,1384418044.0,H1,AMBIGUOUS,0.1502186805009842,AMBIGUOUS,idxq4-64_queryq4-64
1384419260.0_L1,1384419260.0,L1,ROBUST,0.4245361387729645,ROBUST,idxq4-64_queryq4-64
1384419708.0_L1,1384419708.0,L1,ROBUST,0.4286049604415893,ROBUST,idxq4-64_queryq4-64
1384419932.0_H1,1384419932.0,H1,BACKGROUND,0.1221788749098777,BACKGROUND,idxq4-64_queryq4-64
1384420732.0_L1,1384420732.0,L1,ROBUST,0.4299719631671905,ROBUST,idxq4-64_queryq4-64
1384421724.0_H1,1384421724.0,H1,BACKGROUND,0.1301677972078323,BACKGROUND,idxq4-64_queryq4-64
1384422716.0_H1,1384422716.0,H1,ROBUST,0.4366570115089416,ROBUST,idxq4-64_queryq4-64
1384425724.0_H1,1384425724.0,H1,BACKGROUND,0.106452040374279,BACKGROUND,idxq4-64_queryq4-64
1384427484.0_H1,1384427484.0,H1,BACKGROUND,0.0939396768808364,BACKGROUND,idxq4-64_queryq4-64
1384427804.0_L1,1384427804.0,L1,ROBUST,0.4359725415706634,ROBUST,idxq4-64_queryq4-64
1384428476.0_L1,1384428476.0,L1,ROBUST,0.4214982986450195,ROBUST,idxq4-64_queryq4-64
1384432220.0_H1,1384432220.0,H1,ROBUST,0.4199518859386444,ROBUST,idxq4-64_queryq4-64
1384435484.0_L1,1384435484.0,L1,BACKGROUND,0.1490288823843002,BACKGROUND,idxq4-64_queryq4-64
1384435708.0_L1,1384435708.0,L1,AMBIGUOUS,0.1822890341281891,AMBIGUOUS,idxq4-64_queryq4-64
1384437180.0_L1,1384437180.0,L1,ROBUST,0.4485742449760437,ROBUST,idxq4-64_queryq4-64
1384465724.0_L1,1384465724.0,L1,BACKGROUND,0.1240503266453743,BACKGROUND,idxq4-64_queryq4-64
1384472668.0_L1,1384472668.0,L1,ROBUST,0.4679732620716095,ROBUST,idxq4-64_queryq4-64
1384475548.0_H1,1384475548.0,H1,ROBUST,0.4231816530227661,ROBUST,idxq4-64_queryq4-64
1384476188.0_H1,1384476188.0,H1,ROBUST,0.4360657930374145,ROBUST,idxq4-64_queryq4-64
1384479452.0_H1,1384479452.0,H1,BACKGROUND,0.08986746519804,BACKGROUND,idxq4-64_queryq4-64
1384479516.0_L1,1384479516.0,L1,ROBUST,0.2455187141895294,ROBUST,idxq4-64_queryq4-64
1384479868.0_L1,1384479868.0,L1,ROBUST,0.4265093803405761,ROBUST,idxq4-64_queryq4-64
1384480604.0_L1,1384480604.0,L1,ROBUST,0.2966768741607666,ROBUST,idxq4-64_queryq4-64
1384481884.0_L1,1384481884.0,L1,ROBUST,0.3001203238964081,ROBUST,idxq4-64_queryq4-64
1384481916.0_L1,1384481916.0,L1,ROBUST,0.4513267576694488,ROBUST,idxq4-64_queryq4-64
1384482396.0_L1,1384482396.0,L1,AMBIGUOUS,0.1619737297296524,AMBIGUOUS,idxq4-64_queryq4-64
1384482524.0_L1,1384482524.0,L1,ROBUST,0.3732946217060089,ROBUST,idxq4-64_queryq4-64
1384483900.0_L1,1384483900.0,L1,BACKGROUND,0.090877927839756,BACKGROUND,idxq4-64_queryq4-64
1384484124.0_H1,1384484124.0,H1,BACKGROUND,0.1019385308027267,BACKGROUND,idxq4-64_queryq4-64
1384484156.0_L1,1384484156.0,L1,ROBUST,0.3898427188396454,ROBUST,idxq4-64_queryq4-64
1384485596.0_L1,1384485596.0,L1,ROBUST,0.4116891324520111,ROBUST,idxq4-64_queryq4-64
1384486748.0_L1,1384486748.0,L1,ROBUST,0.4397037327289581,ROBUST,idxq4-64_queryq4-64
1384487004.0_L1,1384487004.0,L1,ROBUST,0.3504330813884735,ROBUST,idxq4-64_queryq4-64
1384487036.0_L1,1384487036.0,L1,ROBUST,0.4386802613735199,ROBUST,idxq4-64_queryq4-64
1384489212.0_L1,1384489212.0,L1,ROBUST,0.2648193836212158,ROBUST,idxq4-64_queryq4-64
1384489564.0_L1,1384489564.0,L1,ROBUST,0.3747762143611908,ROBUST,idxq4-64_queryq4-64
1384492316.0_L1,1384492316.0,L1,ROBUST,0.431751012802124,ROBUST,idxq4-64_queryq4-64
1384492348.0_L1,1384492348.0,L1,ROBUST,0.4575634598731994,ROBUST,idxq4-64_queryq4-64
1384492444.0_L1,1384492444.0,L1,ROBUST,0.4604846239089966,ROBUST,idxq4-64_queryq4-64
1384492796.0_L1,1384492796.0,L1,ROBUST,0.4771307706832886,ROBUST,idxq4-64_queryq4-64
1384493276.0_L1,1384493276.0,L1,ROBUST,0.3333152234554291,ROBUST,idxq4-64_queryq4-64
1384493788.0_H1,1384493788.0,H1,ROBUST,0.4583845734596252,ROBUST,idxq4-64_queryq4-64
1384493916.0_H1,1384493916.0,H1,AMBIGUOUS,0.1315831542015075,AMBIGUOUS,idxq4-64_queryq4-64
1384494140.0_L1,1384494140.0,L1,ROBUST,0.2320324331521988,ROBUST,idxq4-64_queryq4-64
1384494336.0_L1,1384494336.0,L1,ROBUST,0.3430250883102417,ROBUST,idxq4-64_queryq4-64
1384494364.0_L1,1384494364.0,L1,ROBUST,0.388118028640747,ROBUST,idxq4-64_queryq4-64
1384502748.0_L1,1384502748.0,L1,ROBUST,0.4484055042266845,ROBUST,idxq4-64_queryq4-64
1384502940.0_L1,1384502940.0,L1,ROBUST,0.4462916254997253,ROBUST,idxq4-64_queryq4-64
1384502972.0_L1,1384502972.0,L1,ROBUST,0.4286036789417267,ROBUST,idxq4-64_queryq4-64
1384503036.0_L1,1384503036.0,L1,ROBUST,0.3275894820690155,ROBUST,idxq4-64_queryq4-64
1384503164.0_L1,1384503164.0,L1,ROBUST,0.2938758134841919,ROBUST,idxq4-64_queryq4-64
1384503260.0_L1,1384503260.0,L1,ROBUST,0.4878822863101959,ROBUST,idxq4-64_queryq4-64
1384503644.0_L1,1384503644.0,L1,ROBUST,0.2493323683738708,ROBUST,idxq4-64_queryq4-64
1384503676.0_L1,1384503676.0,L1,ROBUST,0.4559853971004486,ROBUST,idxq4-64_queryq4-64
1384503740.0_L1,1384503740.0,L1,AMBIGUOUS,0.2189546525478363,AMBIGUOUS,idxq4-64_queryq4-64
1384503996.0_L1,1384503996.0,L1,ROBUST,0.4181223213672638,ROBUST,idxq4-64_queryq4-64
1384504124.0_L1,1384504124.0,L1,ROBUST,0.409106582403183,ROBUST,idxq4-64_queryq4-64
1384504156.0_L1,1384504156.0,L1,ROBUST,0.471007227897644,ROBUST,idxq4-64_queryq4-64
1384504572.0_L1,1384504572.0,L1,ROBUST,0.4127185642719269,ROBUST,idxq4-64_queryq4-64
1384504892.0_L1,1384504892.0,L1,ROBUST,0.3739726841449737,ROBUST,idxq4-64_queryq4-64
1384505020.0_L1,1384505020.0,L1,ROBUST,0.4500507414340973,ROBUST,idxq4-64_queryq4-64
1384505052.0_L1,1384505052.0,L1,BACKGROUND,0.1435781568288803,BACKGROUND,idxq4-64_queryq4-64
1384505340.0_L1,1384505340.0,L1,BACKGROUND,0.1406845897436142,BACKGROUND,idxq4-64_queryq4-64
1384505628.0_L1,1384505628.0,L1,ROBUST,0.4285296201705932,ROBUST,idxq4-64_queryq4-64
1384505884.0_L1,1384505884.0,L1,ROBUST,0.2715060114860534,ROBUST,idxq4-64_queryq4-64
1384506300.0_L1,1384506300.0,L1,ROBUST,0.3087406754493713,ROBUST,idxq4-64_queryq4-64
1384506364.0_L1,1384506364.0,L1,ROBUST,0.4621659815311432,ROBUST,idxq4-64_queryq4-64
1384506652.0_L1,1384506652.0,L1,ROBUST,0.4718376696109772,ROBUST,idxq4-64_queryq4-64
1384506716.0_L1,1384506716.0,L1,ROBUST,0.3337459564208984,ROBUST,idxq4-64_queryq4-64
1384507164.0_L1,1384507164.0,L1,ROBUST,0.4367218017578125,ROBUST,idxq4-64_queryq4-64
1384507260.0_L1,1384507260.0,L1,ROBUST,0.2557785809040069,ROBUST,idxq4-64_queryq4-64
1384507452.0_L1,1384507452.0,L1,ROBUST,0.4173130095005035,ROBUST,idxq4-64_queryq4-64
1384507516.0_L1,1384507516.0,L1,ROBUST,0.4246805906295776,ROBUST,idxq4-64_queryq4-64
1384507548.0_L1,1384507548.0,L1,ROBUST,0.4509564340114593,ROBUST,idxq4-64_queryq4-64
1384507580.0_L1,1384507580.0,L1,ROBUST,0.4336641132831573,ROBUST,idxq4-64_queryq4-64
1384507964.0_L1,1384507964.0,L1,ROBUST,0.2940119504928589,ROBUST,idxq4-64_queryq4-64
1384508188.0_L1,1384508188.0,L1,ROBUST,0.373813658952713,ROBUST,idxq4-64_queryq4-64
1384508252.0_L1,1384508252.0,L1,AMBIGUOUS,0.1664870530366897,AMBIGUOUS,idxq4-64_queryq4-64
1384508860.0_L1,1384508860.0,L1,ROBUST,0.3939704298973083,ROBUST,idxq4-64_queryq4-64
1384508924.0_L1,1384508924.0,L1,BACKGROUND,0.1180301681160926,BACKGROUND,idxq4-64_queryq4-64
1384509852.0_L1,1384509852.0,L1,ROBUST,0.4646988213062286,ROBUST,idxq4-64_queryq4-64
1384509884.0_L1,1384509884.0,L1,ROBUST,0.4136471450328827,ROBUST,idxq4-64_queryq4-64
1384509884.0_H1,1384509884.0,H1,ROBUST,0.43100687861442566,ROBUST,idxq4-64_queryq4-64
1384510172.0_L1,1384510172.0,L1,ROBUST,0.3241220116615295,ROBUST,idxq4-64_queryq4-64
1384510204.0_L1,1384510204.0,L1,ROBUST,0.4358867704868316,ROBUST,idxq4-64_queryq4-64
1384510300.0_L1,1384510300.0,L1,ROBUST,0.4642186164855957,ROBUST,idxq4-64_queryq4-64
1384510748.0_L1,1384510748.0,L1,ROBUST,0.4265853762626648,ROBUST,idxq4-64_queryq4-64
1384510844.0_L1,1384510844.0,L1,ROBUST,0.4059608280658722,ROBUST,idxq4-64_queryq4-64
1384510972.0_L1,1384510972.0,L1,ROBUST,0.4402111172676086,ROBUST,idxq4-64_queryq4-64
1384511036.0_L1,1384511036.0,L1,AMBIGUOUS,0.2087527960538864,AMBIGUOUS,idxq4-64_queryq4-64
1384511260.0_L1,1384511260.0,L1,ROBUST,0.2630670070648193,ROBUST,idxq4-64_queryq4-64
1384511868.0_L1,1384511868.0,L1,ROBUST,0.4499785900115967,ROBUST,idxq4-64_queryq4-64
1384512092.0_L1,1384512092.0,L1,ROBUST,0.4553917050361633,ROBUST,idxq4-64_queryq4-64
1384512252.0_L1,1384512252.0,L1,ROBUST,0.4101552665233612,ROBUST,idxq4-64_queryq4-64
1384512540.0_L1,1384512540.0,L1,ROBUST,0.4617337584495544,ROBUST,idxq4-64_queryq4-64
1384512988.0_L1,1384512988.0,L1,ROBUST,0.379187524318695,ROBUST,idxq4-64_queryq4-64
1384513500.0_L1,1384513500.0,L1,ROBUST,0.4648548066616058,ROBUST,idxq4-64_queryq4-64
1384513596.0_L1,1384513596.0,L1,BACKGROUND,0.0872476994991302,BACKGROUND,idxq4-64_queryq4-64
1384513980.0_L1,1384513980.0,L1,BACKGROUND,0.1232654228806495,BACKGROUND,idxq4-64_queryq4-64
1384514108.0_L1,1384514108.0,L1,ROBUST,0.375479519367218,ROBUST,idxq4-64_queryq4-64
1384514300.0_L1,1384514300.0,L1,ROBUST,0.4554137587547302,ROBUST,idxq4-64_queryq4-64
1384514748.0_L1,1384514748.0,L1,ROBUST,0.4584341049194336,ROBUST,idxq4-64_queryq4-64
1384514780.0_L1,1384514780.0,L1,ROBUST,0.3853187561035156,ROBUST,idxq4-64_queryq4-64
1384514816.0_L1,1384514816.0,L1,ROBUST,0.2943392693996429,ROBUST,idxq4-64_queryq4-64
1384514844.0_L1,1384514844.0,L1,ROBUST,0.4445938766002655,ROBUST,idxq4-64_queryq4-64
1384514876.0_L1,1384514876.0,L1,ROBUST,0.4633474349975586,ROBUST,idxq4-64_queryq4-64
1384515388.0_L1,1384515388.0,L1,ROBUST,0.554424524307251,ROBUST,idxq4-64_queryq4-64
1384515804.0_L1,1384515804.0,L1,ROBUST,0.4164027571678161,ROBUST,idxq4-64_queryq4-64
1384515836.0_L1,1384515836.0,L1,ROBUST,0.4106564223766327,ROBUST,idxq4-64_queryq4-64
1384516572.0_L1,1384516572.0,L1,AMBIGUOUS,0.2126977443695068,AMBIGUOUS,idxq4-64_queryq4-64
1384516604.0_L1,1384516604.0,L1,ROBUST,0.4668629169464111,ROBUST,idxq4-64_queryq4-64
1384517244.0_L1,1384517244.0,L1,AMBIGUOUS,0.1858487576246261,AMBIGUOUS,idxq4-64_queryq4-64
1384517468.0_L1,1384517468.0,L1,BACKGROUND,0.0987392663955688,BACKGROUND,idxq4-64_queryq4-64
1384517788.0_L1,1384517788.0,L1,ROBUST,0.4576140642166137,ROBUST,idxq4-64_queryq4-64
1384518396.0_L1,1384518396.0,L1,BACKGROUND,0.1233971938490867,BACKGROUND,idxq4-64_queryq4-64
1384518716.0_L1,1384518716.0,L1,AMBIGUOUS,0.1503685861825943,AMBIGUOUS,idxq4-64_queryq4-64
1384555740.0_L1,1384555740.0,L1,ROBUST,0.3226209282875061,ROBUST,idxq4-64_queryq4-64
1384555772.0_L1,1384555772.0,L1,ROBUST,0.4739284515380859,ROBUST,idxq4-64_queryq4-64
1384558204.0_L1,1384558204.0,L1,ROBUST,0.5017411708831787,ROBUST,idxq4-64_queryq4-64
1384559804.0_H1,1384559804.0,H1,ROBUST,0.2204211205244064,ROBUST,idxq4-64_queryq4-64
1384563900.0_H1,1384563900.0,H1,BACKGROUND,0.1097228378057479,BACKGROUND,idxq4-64_queryq4-64
1384565148.0_L1,1384565148.0,L1,BACKGROUND,0.1350755542516708,BACKGROUND,idxq4-64_queryq4-64
1384568604.0_L1,1384568604.0,L1,ROBUST,0.4564868509769439,ROBUST,idxq4-64_queryq4-64
1384569180.0_L1,1384569180.0,L1,ROBUST,0.4220053255558014,ROBUST,idxq4-64_queryq4-64
1384571804.0_L1,1384571804.0,L1,ROBUST,0.4738122820854187,ROBUST,idxq4-64_queryq4-64
1384573340.0_L1,1384573340.0,L1,ROBUST,0.3284730315208435,ROBUST,idxq4-64_queryq4-64
1384574172.0_L1,1384574172.0,L1,ROBUST,0.4695288836956024,ROBUST,idxq4-64_queryq4-64
1384575164.0_L1,1384575164.0,L1,ROBUST,0.4156818091869354,ROBUST,idxq4-64_queryq4-64
1384575356.0_L1,1384575356.0,L1,ROBUST,0.4313401579856872,ROBUST,idxq4-64_queryq4-64
1384742940.0_H1,1384742940.0,H1,AMBIGUOUS,0.1393287628889084,AMBIGUOUS,idxq4-64_queryq4-64
1384744348.0_L1,1384744348.0,L1,ROBUST,0.4303443729877472,ROBUST,idxq4-64_queryq4-64
1384745884.0_L1,1384745884.0,L1,ROBUST,0.3696691989898681,ROBUST,idxq4-64_queryq4-64
1384746460.0_L1,1384746460.0,L1,ROBUST,0.4504669904708862,ROBUST,idxq4-64_queryq4-64
1384747292.0_H1,1384747292.0,H1,BACKGROUND,0.1209056228399276,BACKGROUND,idxq4-64_queryq4-64
1384748348.0_L1,1384748348.0,L1,ROBUST,0.4654121100902557,ROBUST,idxq4-64_queryq4-64
1384748860.0_H1,1384748860.0,H1,ROBUST,0.2324186414480209,ROBUST,idxq4-64_queryq4-64
1384749436.0_L1,1384749436.0,L1,AMBIGUOUS,0.2086765021085739,AMBIGUOUS,idxq4-64_queryq4-64
1384749852.0_H1,1384749852.0,H1,AMBIGUOUS,0.1402742713689804,AMBIGUOUS,idxq4-64_queryq4-64
1384751324.0_H1,1384751324.0,H1,BACKGROUND,0.107343390583992,BACKGROUND,idxq4-64_queryq4-64
1384752316.0_H1,1384752316.0,H1,BACKGROUND,0.1029961705207824,BACKGROUND,idxq4-64_queryq4-64
1384755708.0_H1,1384755708.0,H1,BACKGROUND,0.1144492179155349,BACKGROUND,idxq4-64_queryq4-64
1384759036.0_L1,1384759036.0,L1,ROBUST,0.4141029715538025,ROBUST,idxq4-64_queryq4-64
1384759388.0_H1,1384759388.0,H1,ROBUST,0.4412069320678711,ROBUST,idxq4-64_queryq4-64
1384761116.0_H1,1384761116.0,H1,BACKGROUND,0.1075231879949569,BACKGROUND,idxq4-64_queryq4-64
1384761340.0_L1,1384761340.0,L1,BACKGROUND,0.1072448566555976,BACKGROUND,idxq4-64_queryq4-64
1384762652.0_L1,1384762652.0,L1,ROBUST,0.4378072917461395,ROBUST,idxq4-64_queryq4-64
1384763772.0_H1,1384763772.0,H1,ROBUST,0.4614513218402862,ROBUST,idxq4-64_queryq4-64
1384764092.0_L1,1384764092.0,L1,ROBUST,0.4206596314907074,ROBUST,idxq4-64_queryq4-64
1384766780.0_H1,1384766780.0,H1,BACKGROUND,0.1017059162259101,BACKGROUND,idxq4-64_queryq4-64
1384774812.0_L1,1384774812.0,L1,ROBUST,0.3244351744651794,ROBUST,idxq4-64_queryq4-64
1384775100.0_H1,1384775100.0,H1,BACKGROUND,0.1118310913443565,BACKGROUND,idxq4-64_queryq4-64
1384777084.0_H1,1384777084.0,H1,BACKGROUND,0.1267971396446228,BACKGROUND,idxq4-64_queryq4-64
1384777596.0_L1,1384777596.0,L1,AMBIGUOUS,0.1641715914011001,AMBIGUOUS,idxq4-64_queryq4-64
1384781404.0_L1,1384781404.0,L1,AMBIGUOUS,0.1569830328226089,AMBIGUOUS,idxq4-64_queryq4-64
1384782428.0_H1,1384782428.0,H1,BACKGROUND,0.0996956825256347,BACKGROUND,idxq4-64_queryq4-64
1384783964.0_H1,1384783964.0,H1,BACKGROUND,0.1300102174282074,BACKGROUND,idxq4-64_queryq4-64
1384790428.0_H1,1384790428.0,H1,BACKGROUND,0.1150730475783348,BACKGROUND,idxq4-64_queryq4-64
1384791132.0_L1,1384791132.0,L1,AMBIGUOUS,0.1666197627782821,AMBIGUOUS,idxq4-64_queryq4-64
1384791708.0_L1,1384791708.0,L1,AMBIGUOUS,0.1726800054311752,AMBIGUOUS,idxq4-64_queryq4-64
1384792060.0_L1,1384792060.0,L1,ROBUST,0.2242437750101089,ROBUST,idxq4-64_queryq4-64
1384793500.0_H1,1384793500.0,H1,BACKGROUND,0.1052891835570335,BACKGROUND,idxq4-64_queryq4-64
1384793660.0_H1,1384793660.0,H1,BACKGROUND,0.1007483005523681,BACKGROUND,idxq4-64_queryq4-64
1384796028.0_H1,1384796028.0,H1,BACKGROUND,0.1263191848993301,BACKGROUND,idxq4-64_queryq4-64
1384796348.0_H1,1384796348.0,H1,ROBUST,0.4235240817070007,ROBUST,idxq4-64_queryq4-64
1384800092.0_H1,1384800092.0,H1,ROBUST,0.4198256134986877,ROBUST,idxq4-64_queryq4-64
1384813148.0_H1,1384813148.0,H1,ROBUST,0.442552238702774,ROBUST,idxq4-64_queryq4-64
1384820060.0_L1,1384820060.0,L1,ROBUST,0.4625861346721649,ROBUST,idxq4-64_queryq4-64
1384824060.0_L1,1384824060.0,L1,ROBUST,0.4457328915596008,ROBUST,idxq4-64_queryq4-64
1384827804.0_H1,1384827804.0,H1,BACKGROUND,0.09492027759552,BACKGROUND,idxq4-64_queryq4-64
1384827964.0_L1,1384827964.0,L1,ROBUST,0.4543236792087555,ROBUST,idxq4-64_queryq4-64
1384828380.0_H1,1384828380.0,H1,ROBUST,0.4187643826007843,ROBUST,idxq4-64_queryq4-64
1384828668.0_H1,1384828668.0,H1,ROBUST,0.4456415772438049,ROBUST,idxq4-64_queryq4-64
1384833756.0_L1,1384833756.0,L1,AMBIGUOUS,0.2024571299552917,AMBIGUOUS,idxq4-64_queryq4-64
1384834620.0_L1,1384834620.0,L1,AMBIGUOUS,0.161139965057373,AMBIGUOUS,idxq4-64_queryq4-64
1384834908.0_L1,1384834908.0,L1,ROBUST,0.2298448234796524,ROBUST,idxq4-64_queryq4-64
1384838908.0_L1,1384838908.0,L1,ROBUST,0.4452675282955169,ROBUST,idxq4-64_queryq4-64
1384842908.0_H1,1384842908.0,H1,ROBUST,0.4878312349319458,ROBUST,idxq4-64_queryq4-64
1384843324.0_H1,1384843324.0,H1,ROBUST,0.2085751891136169,ROBUST,idxq4-64_queryq4-64
1384843708.0_H1,1384843708.0,H1,ROBUST,0.3000072240829468,ROBUST,idxq4-64_queryq4-64
1384847452.0_L1,1384847452.0,L1,ROBUST,0.3685600757598877,ROBUST,idxq4-64_queryq4-64
1384849916.0_H1,1384849916.0,H1,BACKGROUND,0.1292651444673538,BACKGROUND,idxq4-64_queryq4-64
1384850812.0_L1,1384850812.0,L1,ROBUST,0.4293106198310852,ROBUST,idxq4-64_queryq4-64
1384851292.0_H1,1384851292.0,H1,ROBUST,0.4380185902118683,ROBUST,idxq4-64_queryq4-64
1384887516.0_H1,1384887516.0,H1,BACKGROUND,0.1122220978140831,BACKGROUND,idxq4-64_queryq4-64
1384888316.0_L1,1384888316.0,L1,ROBUST,0.3288555145263672,ROBUST,idxq4-64_queryq4-64
1384888476.0_H1,1384888476.0,H1,BACKGROUND,0.106817178428173,BACKGROUND,idxq4-64_queryq4-64
1384889436.0_L1,1384889436.0,L1,ROBUST,0.4190851151943207,ROBUST,idxq4-64_queryq4-64
1384889468.0_L1,1384889468.0,L1,ROBUST,0.4294230043888092,ROBUST,idxq4-64_queryq4-64
1384897564.0_H1,1384897564.0,H1,AMBIGUOUS,0.1581732481718063,AMBIGUOUS,idxq4-64_queryq4-64
1384899196.0_H1,1384899196.0,H1,ROBUST,0.4999582171440124,ROBUST,idxq4-64_queryq4-64
1384900988.0_H1,1384900988.0,H1,BACKGROUND,0.1109182089567184,BACKGROUND,idxq4-64_queryq4-64
1384904316.0_L1,1384904316.0,L1,BACKGROUND,0.1338119953870773,BACKGROUND,idxq4-64_queryq4-64
1384907292.0_H1,1384907292.0,H1,AMBIGUOUS,0.1922401934862136,AMBIGUOUS,idxq4-64_queryq4-64
1384907612.0_H1,1384907612.0,H1,BACKGROUND,0.1024839654564857,BACKGROUND,idxq4-64_queryq4-64
1384912284.0_L1,1384912284.0,L1,ROBUST,0.4999502301216125,ROBUST,idxq4-64_queryq4-64
1384912892.0_L1,1384912892.0,L1,BACKGROUND,0.1427386850118637,BACKGROUND,idxq4-64_queryq4-64
1384913884.0_L1,1384913884.0,L1,ROBUST,0.4385148286819458,ROBUST,idxq4-64_queryq4-64
1384916444.0_L1,1384916444.0,L1,ROBUST,0.4575300514698028,ROBUST,idxq4-64_queryq4-64
1384923772.0_H1,1384923772.0,H1,ROBUST,0.2575697004795074,ROBUST,idxq4-64_queryq4-64
1384931772.0_H1,1384931772.0,H1,AMBIGUOUS,0.1305933892726898,AMBIGUOUS,idxq4-64_queryq4-64
1384931804.0_H1,1384931804.0,H1,ROBUST,0.4547373354434967,ROBUST,idxq4-64_queryq4-64
1384931932.0_H1,1384931932.0,H1,ROBUST,0.4204667508602142,ROBUST,idxq4-64_queryq4-64
1384932284.0_L1,1384932284.0,L1,ROBUST,0.4300234019756317,ROBUST,idxq4-64_queryq4-64
1384934556.0_H1,1384934556.0,H1,ROBUST,0.4189772307872772,ROBUST,idxq4-64_queryq4-64
1384935772.0_L1,1384935772.0,L1,ROBUST,0.4927105605602264,ROBUST,idxq4-64_queryq4-64
1384936060.0_L1,1384936060.0,L1,BACKGROUND,0.1328691840171814,BACKGROUND,idxq4-64_queryq4-64
1384937372.0_H1,1384937372.0,H1,BACKGROUND,0.0905530601739883,BACKGROUND,idxq4-64_queryq4-64
1384937468.0_H1,1384937468.0,H1,ROBUST,0.437722772359848,ROBUST,idxq4-64_queryq4-64
1384937948.0_L1,1384937948.0,L1,AMBIGUOUS,0.1685603708028793,AMBIGUOUS,idxq4-64_queryq4-64
1384938012.0_L1,1384938012.0,L1,AMBIGUOUS,0.150394320487976,AMBIGUOUS,idxq4-64_queryq4-64
1384940156.0_L1,1384940156.0,L1,ROBUST,0.4650961458683014,ROBUST,idxq4-64_queryq4-64
1384941564.0_H1,1384941564.0,H1,ROBUST,0.4264813661575317,ROBUST,idxq4-64_queryq4-64
1384942972.0_L1,1384942972.0,L1,ROBUST,0.4272808134555816,ROBUST,idxq4-64_queryq4-64
1384945052.0_L1,1384945052.0,L1,AMBIGUOUS,0.1824120879173278,AMBIGUOUS,idxq4-64_queryq4-64
1384947676.0_L1,1384947676.0,L1,ROBUST,0.2377605438232422,ROBUST,idxq4-64_queryq4-64
1384951004.0_L1,1384951004.0,L1,ROBUST,0.4570867717266083,ROBUST,idxq4-64_queryq4-64
1384951164.0_L1,1384951164.0,L1,ROBUST,0.2222477346658706,ROBUST,idxq4-64_queryq4-64
1384953340.0_L1,1384953340.0,L1,ROBUST,0.4167452752590179,ROBUST,idxq4-64_queryq4-64
1384955356.0_L1,1384955356.0,L1,ROBUST,0.3139806389808655,ROBUST,idxq4-64_queryq4-64
1384956124.0_L1,1384956124.0,L1,ROBUST,0.4508624374866485,ROBUST,idxq4-64_queryq4-64
1384958332.0_H1,1384958332.0,H1,ROBUST,0.3456473052501678,ROBUST,idxq4-64_queryq4-64
1384958748.0_L1,1384958748.0,L1,AMBIGUOUS,0.1622106730937957,AMBIGUOUS,idxq4-64_queryq4-64
1384964540.0_L1,1384964540.0,L1,ROBUST,0.2876487672328949,ROBUST,idxq4-64_queryq4-64
1384965884.0_L1,1384965884.0,L1,AMBIGUOUS,0.1543978303670883,AMBIGUOUS,idxq4-64_queryq4-64
1384966300.0_L1,1384966300.0,L1,ROBUST,0.3531383574008941,ROBUST,idxq4-64_queryq4-64
1384977436.0_L1,1384977436.0,L1,ROBUST,0.4110120832920074,ROBUST,idxq4-64_queryq4-64
1384987644.0_H1,1384987644.0,H1,ROBUST,0.2764805555343628,ROBUST,idxq4-64_queryq4-64
1384988540.0_H1,1384988540.0,H1,ROBUST,0.4130792617797851,ROBUST,idxq4-64_queryq4-64
1384990396.0_H1,1384990396.0,H1,AMBIGUOUS,0.1642544418573379,AMBIGUOUS,idxq4-64_queryq4-64
1384991644.0_L1,1384991644.0,L1,ROBUST,0.4334610998630523,ROBUST,idxq4-64_queryq4-64
1384992508.0_H1,1384992508.0,H1,ROBUST,0.4521174132823944,ROBUST,idxq4-64_queryq4-64
1384994268.0_H1,1384994268.0,H1,ROBUST,0.4397186040878296,ROBUST,idxq4-64_queryq4-64
1384994812.0_H1,1384994812.0,H1,BACKGROUND,0.1085297316312789,BACKGROUND,idxq4-64_queryq4-64
1384995516.0_H1,1384995516.0,H1,AMBIGUOUS,0.1506885141134262,AMBIGUOUS,idxq4-64_queryq4-64
1384996604.0_H1,1384996604.0,H1,ROBUST,0.4268883168697357,ROBUST,idxq4-64_queryq4-64
1384996668.0_H1,1384996668.0,H1,ROBUST,0.4280999004840851,ROBUST,idxq4-64_queryq4-64
1384997916.0_L1,1384997916.0,L1,ROBUST,0.410723477602005,ROBUST,idxq4-64_queryq4-64
1384999580.0_L1,1384999580.0,L1,BACKGROUND,0.1329566985368728,BACKGROUND,idxq4-64_queryq4-64
1385001692.0_L1,1385001692.0,L1,ROBUST,0.4397204220294952,ROBUST,idxq4-64_queryq4-64
1385002492.0_L1,1385002492.0,L1,ROBUST,0.4384027421474457,ROBUST,idxq4-64_queryq4-64
1385003420.0_L1,1385003420.0,L1,AMBIGUOUS,0.1674249023199081,AMBIGUOUS,idxq4-64_queryq4-64
1385004700.0_L1,1385004700.0,L1,ROBUST,0.4103512167930603,ROBUST,idxq4-64_queryq4-64
1385005212.0_L1,1385005212.0,L1,BACKGROUND,0.1350691318511963,BACKGROUND,idxq4-64_queryq4-64
1385005404.0_H1,1385005404.0,H1,ROBUST,0.4322312176227569,ROBUST,idxq4-64_queryq4-64
1385005692.0_H1,1385005692.0,H1,ROBUST,0.4718519747257232,ROBUST,idxq4-64_queryq4-64
1385005980.0_L1,1385005980.0,L1,ROBUST,0.4263844192028045,ROBUST,idxq4-64_queryq4-64
1385006844.0_L1,1385006844.0,L1,ROBUST,0.4397076666355133,ROBUST,idxq4-64_queryq4-64
1385006876.0_L1,1385006876.0,L1,AMBIGUOUS,0.1570540368556976,AMBIGUOUS,idxq4-64_queryq4-64
1385008956.0_H1,1385008956.0,H1,BACKGROUND,0.0995529145002365,BACKGROUND,idxq4-64_queryq4-64
1385010812.0_H1,1385010812.0,H1,BACKGROUND,0.0923660993576049,BACKGROUND,idxq4-64_queryq4-64
1385012156.0_H1,1385012156.0,H1,ROBUST,0.4418618083000183,ROBUST,idxq4-64_queryq4-64
1385014428.0_H1,1385014428.0,H1,ROBUST,0.420855700969696,ROBUST,idxq4-64_queryq4-64
1385015356.0_L1,1385015356.0,L1,ROBUST,0.4259192645549774,ROBUST,idxq4-64_queryq4-64
1385017532.0_H1,1385017532.0,H1,AMBIGUOUS,0.1476864516735077,AMBIGUOUS,idxq4-64_queryq4-64
1385018332.0_H1,1385018332.0,H1,ROBUST,0.4616566896438598,ROBUST,idxq4-64_queryq4-64
1385018652.0_H1,1385018652.0,H1,ROBUST,0.2327868491411209,ROBUST,idxq4-64_queryq4-64
1385018876.0_H1,1385018876.0,H1,AMBIGUOUS,0.1939973682165146,AMBIGUOUS,idxq4-64_queryq4-64
1385018908.0_L1,1385018908.0,L1,AMBIGUOUS,0.1910028010606765,AMBIGUOUS,idxq4-64_queryq4-64
1385019292.0_H1,1385019292.0,H1,ROBUST,0.4304641187191009,ROBUST,idxq4-64_queryq4-64
1385025180.0_H1,1385025180.0,H1,ROBUST,0.4209840893745422,ROBUST,idxq4-64_queryq4-64
1385025564.0_L1,1385025564.0,L1,ROBUST,0.4287381768226623,ROBUST,idxq4-64_queryq4-64
1385028092.0_L1,1385028092.0,L1,AMBIGUOUS,0.2167484909296035,AMBIGUOUS,idxq4-64_queryq4-64
1385028956.0_L1,1385028956.0,L1,ROBUST,0.459281861782074,ROBUST,idxq4-64_queryq4-64
1385031804.0_H1,1385031804.0,H1,BACKGROUND,0.1127524971961975,BACKGROUND,idxq4-64_queryq4-64
1385032188.0_H1,1385032188.0,H1,AMBIGUOUS,0.1855351030826568,AMBIGUOUS,idxq4-64_queryq4-64
1385033180.0_H1,1385033180.0,H1,ROBUST,0.222757950425148,ROBUST,idxq4-64_queryq4-64
1385033216.0_H1,1385033216.0,H1,BACKGROUND,0.0716863498091697,BACKGROUND,idxq4-64_queryq4-64
1385034492.0_L1,1385034492.0,L1,BACKGROUND,0.1114852279424667,BACKGROUND,idxq4-64_queryq4-64
1385035132.0_H1,1385035132.0,H1,BACKGROUND,0.117230124771595,BACKGROUND,idxq4-64_queryq4-64
1385037980.0_L1,1385037980.0,L1,ROBUST,0.4423013627529144,ROBUST,idxq4-64_queryq4-64
1385039260.0_L1,1385039260.0,L1,ROBUST,0.2845756113529205,ROBUST,idxq4-64_queryq4-64
1385039292.0_L1,1385039292.0,L1,ROBUST,0.4207606613636017,ROBUST,idxq4-64_queryq4-64
1385039452.0_L1,1385039452.0,L1,ROBUST,0.4065964519977569,ROBUST,idxq4-64_queryq4-64
1385039580.0_L1,1385039580.0,L1,ROBUST,0.4810920059680938,ROBUST,idxq4-64_queryq4-64
1385039612.0_L1,1385039612.0,L1,ROBUST,0.4224598407745361,ROBUST,idxq4-64_queryq4-64
1385039676.0_H1,1385039676.0,H1,BACKGROUND,0.1234167888760566,BACKGROUND,idxq4-64_queryq4-64
1385039836.0_L1,1385039836.0,L1,ROBUST,0.4169073104858398,ROBUST,idxq4-64_queryq4-64
1385040092.0_L1,1385040092.0,L1,ROBUST,0.4432366788387298,ROBUST,idxq4-64_queryq4-64
1385040220.0_L1,1385040220.0,L1,ROBUST,0.3544846475124359,ROBUST,idxq4-64_queryq4-64
1385040284.0_L1,1385040284.0,L1,ROBUST,0.4177358746528625,ROBUST,idxq4-64_queryq4-64
1385040700.0_L1,1385040700.0,L1,AMBIGUOUS,0.1971856504678726,AMBIGUOUS,idxq4-64_queryq4-64
1385041308.0_L1,1385041308.0,L1,AMBIGUOUS,0.1564446836709976,AMBIGUOUS,idxq4-64_queryq4-64
1385041500.0_L1,1385041500.0,L1,ROBUST,0.4132521450519562,ROBUST,idxq4-64_queryq4-64
1385041564.0_L1,1385041564.0,L1,ROBUST,0.4190654158592224,ROBUST,idxq4-64_queryq4-64
1385041820.0_L1,1385041820.0,L1,ROBUST,0.4277929961681366,ROBUST,idxq4-64_queryq4-64
1385041852.0_L1,1385041852.0,L1,ROBUST,0.4002597630023956,ROBUST,idxq4-64_queryq4-64
1385041980.0_L1,1385041980.0,L1,ROBUST,0.4653130173683166,ROBUST,idxq4-64_queryq4-64
1385042012.0_L1,1385042012.0,L1,ROBUST,0.4669460952281952,ROBUST,idxq4-64_queryq4-64
1385042044.0_L1,1385042044.0,L1,ROBUST,0.4113128781318664,ROBUST,idxq4-64_queryq4-64
1385042076.0_L1,1385042076.0,L1,AMBIGUOUS,0.2108510136604309,AMBIGUOUS,idxq4-64_queryq4-64
1385042172.0_L1,1385042172.0,L1,ROBUST,0.4557596743106842,ROBUST,idxq4-64_queryq4-64
1385042300.0_L1,1385042300.0,L1,AMBIGUOUS,0.1926009058952331,AMBIGUOUS,idxq4-64_queryq4-64
1385042556.0_L1,1385042556.0,L1,ROBUST,0.4066641628742218,ROBUST,idxq4-64_queryq4-64
1385042620.0_L1,1385042620.0,L1,ROBUST,0.4292385280132293,ROBUST,idxq4-64_queryq4-64
1385042876.0_L1,1385042876.0,L1,ROBUST,0.4512578845024109,ROBUST,idxq4-64_queryq4-64
1385042940.0_L1,1385042940.0,L1,ROBUST,0.4262398183345794,ROBUST,idxq4-64_queryq4-64
1385043292.0_L1,1385043292.0,L1,ROBUST,0.4143787026405334,ROBUST,idxq4-64_queryq4-64
1385043324.0_L1,1385043324.0,L1,ROBUST,0.4386523067951202,ROBUST,idxq4-64_queryq4-64
1385043356.0_L1,1385043356.0,L1,ROBUST,0.4330512881278991,ROBUST,idxq4-64_queryq4-64
1385043420.0_L1,1385043420.0,L1,ROBUST,0.4395807981491089,ROBUST,idxq4-64_queryq4-64
1385043452.0_L1,1385043452.0,L1,ROBUST,0.4399292469024658,ROBUST,idxq4-64_queryq4-64
1385043676.0_L1,1385043676.0,L1,ROBUST,0.4182126224040985,ROBUST,idxq4-64_queryq4-64
1385043740.0_L1,1385043740.0,L1,ROBUST,0.4561441838741302,ROBUST,idxq4-64_queryq4-64
1385043964.0_L1,1385043964.0,L1,ROBUST,0.4145092666149139,ROBUST,idxq4-64_queryq4-64
1385044028.0_L1,1385044028.0,L1,ROBUST,0.4578939974308014,ROBUST,idxq4-64_queryq4-64
1385044220.0_L1,1385044220.0,L1,ROBUST,0.4446348249912262,ROBUST,idxq4-64_queryq4-64
1385044476.0_L1,1385044476.0,L1,ROBUST,0.4193198382854461,ROBUST,idxq4-64_queryq4-64
1385044508.0_L1,1385044508.0,L1,ROBUST,0.445481538772583,ROBUST,idxq4-64_queryq4-64
1385044636.0_L1,1385044636.0,L1,ROBUST,0.4086723923683166,ROBUST,idxq4-64_queryq4-64
1385044668.0_L1,1385044668.0,L1,ROBUST,0.4249798655509949,ROBUST,idxq4-64_queryq4-64
1385044700.0_L1,1385044700.0,L1,ROBUST,0.3985467553138733,ROBUST,idxq4-64_queryq4-64
1385044732.0_L1,1385044732.0,L1,ROBUST,0.443802922964096,ROBUST,idxq4-64_queryq4-64
1385045212.0_L1,1385045212.0,L1,ROBUST,0.4441842436790466,ROBUST,idxq4-64_queryq4-64
1385045308.0_L1,1385045308.0,L1,ROBUST,0.4243862330913543,ROBUST,idxq4-64_queryq4-64
1385045372.0_L1,1385045372.0,L1,ROBUST,0.4179299175739288,ROBUST,idxq4-64_queryq4-64
1385045756.0_L1,1385045756.0,L1,ROBUST,0.4504287540912628,ROBUST,idxq4-64_queryq4-64
1385045820.0_L1,1385045820.0,L1,ROBUST,0.4405075013637543,ROBUST,idxq4-64_queryq4-64
1385045916.0_L1,1385045916.0,L1,AMBIGUOUS,0.1978770941495895,AMBIGUOUS,idxq4-64_queryq4-64
1385045948.0_L1,1385045948.0,L1,ROBUST,0.4358401000499725,ROBUST,idxq4-64_queryq4-64
1385046012.0_L1,1385046012.0,L1,ROBUST,0.3857271075248718,ROBUST,idxq4-64_queryq4-64
1385046044.0_L1,1385046044.0,L1,ROBUST,0.4133520126342773,ROBUST,idxq4-64_queryq4-64
1385046172.0_L1,1385046172.0,L1,ROBUST,0.4270833432674408,ROBUST,idxq4-64_queryq4-64
1385046204.0_L1,1385046204.0,L1,ROBUST,0.4074614942073822,ROBUST,idxq4-64_queryq4-64
1385046332.0_L1,1385046332.0,L1,ROBUST,0.4130915999412536,ROBUST,idxq4-64_queryq4-64
1385046492.0_L1,1385046492.0,L1,ROBUST,0.4372201859951019,ROBUST,idxq4-64_queryq4-64
1385046620.0_L1,1385046620.0,L1,ROBUST,0.4091572761535644,ROBUST,idxq4-64_queryq4-64
1385046748.0_L1,1385046748.0,L1,ROBUST,0.442948043346405,ROBUST,idxq4-64_queryq4-64
1385046780.0_L1,1385046780.0,L1,ROBUST,0.4232863187789917,ROBUST,idxq4-64_queryq4-64
1385046844.0_L1,1385046844.0,L1,ROBUST,0.3957362473011017,ROBUST,idxq4-64_queryq4-64
1385047004.0_L1,1385047004.0,L1,ROBUST,0.4351487457752228,ROBUST,idxq4-64_queryq4-64
1385047036.0_L1,1385047036.0,L1,ROBUST,0.4069066941738128,ROBUST,idxq4-64_queryq4-64
1385047068.0_L1,1385047068.0,L1,ROBUST,0.4390395581722259,ROBUST,idxq4-64_queryq4-64
1385047452.0_L1,1385047452.0,L1,ROBUST,0.4092403948307037,ROBUST,idxq4-64_queryq4-64
1385047548.0_L1,1385047548.0,L1,ROBUST,0.416740208864212,ROBUST,idxq4-64_queryq4-64
1385047612.0_L1,1385047612.0,L1,ROBUST,0.4475210309028625,ROBUST,idxq4-64_queryq4-64
1385047900.0_L1,1385047900.0,L1,ROBUST,0.4135544598102569,ROBUST,idxq4-64_queryq4-64
1385047964.0_L1,1385047964.0,L1,ROBUST,0.4282273054122925,ROBUST,idxq4-64_queryq4-64
1385048092.0_L1,1385048092.0,L1,ROBUST,0.4246480166912079,ROBUST,idxq4-64_queryq4-64
1385048124.0_L1,1385048124.0,L1,ROBUST,0.4109265804290771,ROBUST,idxq4-64_queryq4-64
1385048188.0_L1,1385048188.0,L1,ROBUST,0.5102874636650085,ROBUST,idxq4-64_queryq4-64
1385048540.0_L1,1385048540.0,L1,ROBUST,0.4145056903362274,ROBUST,idxq4-64_queryq4-64
1385048572.0_L1,1385048572.0,L1,ROBUST,0.4078217446804046,ROBUST,idxq4-64_queryq4-64
1385048764.0_L1,1385048764.0,L1,ROBUST,0.4533908069133758,ROBUST,idxq4-64_queryq4-64
1385048828.0_L1,1385048828.0,L1,ROBUST,0.4483433663845062,ROBUST,idxq4-64_queryq4-64
1385049020.0_L1,1385049020.0,L1,ROBUST,0.3693319857120514,ROBUST,idxq4-64_queryq4-64
1385049116.0_L1,1385049116.0,L1,ROBUST,0.3576208353042602,ROBUST,idxq4-64_queryq4-64
1385049468.0_L1,1385049468.0,L1,ROBUST,0.4183970093727112,ROBUST,idxq4-64_queryq4-64
1385049916.0_L1,1385049916.0,L1,ROBUST,0.4086498916149139,ROBUST,idxq4-64_queryq4-64
1385050172.0_L1,1385050172.0,L1,ROBUST,0.3469599485397339,ROBUST,idxq4-64_queryq4-64
1385050204.0_L1,1385050204.0,L1,ROBUST,0.4713804125785827,ROBUST,idxq4-64_queryq4-64
1385050236.0_L1,1385050236.0,L1,ROBUST,0.4250032603740692,ROBUST,idxq4-64_queryq4-64
1385050396.0_L1,1385050396.0,L1,ROBUST,0.3079454898834228,ROBUST,idxq4-64_queryq4-64
1385050556.0_L1,1385050556.0,L1,ROBUST,0.409841924905777,ROBUST,idxq4-64_queryq4-64
1385050556.0_H1,1385050556.0,H1,BACKGROUND,0.10351020842790604,BACKGROUND,idxq4-64_queryq4-64
1385050684.0_L1,1385050684.0,L1,ROBUST,0.4703004956245422,ROBUST,idxq4-64_queryq4-64
1385050908.0_L1,1385050908.0,L1,ROBUST,0.4233125746250152,ROBUST,idxq4-64_queryq4-64
1385051004.0_L1,1385051004.0,L1,ROBUST,0.4427574276924133,ROBUST,idxq4-64_queryq4-64
1385051292.0_L1,1385051292.0,L1,ROBUST,0.4359940886497497,ROBUST,idxq4-64_queryq4-64
1385051708.0_L1,1385051708.0,L1,ROBUST,0.4226214587688446,ROBUST,idxq4-64_queryq4-64
1385051772.0_L1,1385051772.0,L1,ROBUST,0.4259408414363861,ROBUST,idxq4-64_queryq4-64
1385052060.0_L1,1385052060.0,L1,ROBUST,0.4109123349189758,ROBUST,idxq4-64_queryq4-64
1385052124.0_L1,1385052124.0,L1,ROBUST,0.4046241641044616,ROBUST,idxq4-64_queryq4-64
1385052156.0_L1,1385052156.0,L1,ROBUST,0.422526478767395,ROBUST,idxq4-64_queryq4-64
1385052188.0_L1,1385052188.0,L1,ROBUST,0.4361609518527984,ROBUST,idxq4-64_queryq4-64
1385052220.0_L1,1385052220.0,L1,ROBUST,0.4169263243675232,ROBUST,idxq4-64_queryq4-64
1385052380.0_H1,1385052380.0,H1,ROBUST,0.5022379755973816,ROBUST,idxq4-64_queryq4-64
1385052828.0_L1,1385052828.0,L1,ROBUST,0.4437864124774933,ROBUST,idxq4-64_queryq4-64
1385052988.0_L1,1385052988.0,L1,ROBUST,0.4293948709964752,ROBUST,idxq4-64_queryq4-64
1385053052.0_L1,1385053052.0,L1,ROBUST,0.4023318588733673,ROBUST,idxq4-64_queryq4-64
1385053116.0_L1,1385053116.0,L1,ROBUST,0.3642322421073913,ROBUST,idxq4-64_queryq4-64
1385053500.0_L1,1385053500.0,L1,ROBUST,0.4211992919445038,ROBUST,idxq4-64_queryq4-64
1385053724.0_L1,1385053724.0,L1,ROBUST,0.4553784132003784,ROBUST,idxq4-64_queryq4-64
1385053756.0_L1,1385053756.0,L1,ROBUST,0.4151568710803985,ROBUST,idxq4-64_queryq4-64
1385053788.0_L1,1385053788.0,L1,ROBUST,0.2668475806713104,ROBUST,idxq4-64_queryq4-64
1385053820.0_L1,1385053820.0,L1,ROBUST,0.4219278395175934,ROBUST,idxq4-64_queryq4-64
1385054204.0_L1,1385054204.0,L1,ROBUST,0.4504523575305938,ROBUST,idxq4-64_queryq4-64
1385054236.0_L1,1385054236.0,L1,ROBUST,0.4532366693019867,ROBUST,idxq4-64_queryq4-64
1385054492.0_L1,1385054492.0,L1,ROBUST,0.412474125623703,ROBUST,idxq4-64_queryq4-64
1385054556.0_L1,1385054556.0,L1,ROBUST,0.4378615021705627,ROBUST,idxq4-64_queryq4-64
1385054684.0_L1,1385054684.0,L1,ROBUST,0.4405938684940338,ROBUST,idxq4-64_queryq4-64
1385060956.0_L1,1385060956.0,L1,ROBUST,0.4597098529338836,ROBUST,idxq4-64_queryq4-64
1385061052.0_L1,1385061052.0,L1,ROBUST,0.4433830380439758,ROBUST,idxq4-64_queryq4-64
1385061308.0_L1,1385061308.0,L1,ROBUST,0.4270328283309936,ROBUST,idxq4-64_queryq4-64
1385061468.0_L1,1385061468.0,L1,ROBUST,0.4295776784420013,ROBUST,idxq4-64_queryq4-64
1385061724.0_L1,1385061724.0,L1,ROBUST,0.4313673079013824,ROBUST,idxq4-64_queryq4-64
1385061884.0_L1,1385061884.0,L1,ROBUST,0.4412993788719177,ROBUST,idxq4-64_queryq4-64
1385061948.0_L1,1385061948.0,L1,ROBUST,0.428324818611145,ROBUST,idxq4-64_queryq4-64
1385062108.0_L1,1385062108.0,L1,ROBUST,0.4277872145175934,ROBUST,idxq4-64_queryq4-64
1385062364.0_L1,1385062364.0,L1,ROBUST,0.4304790198802948,ROBUST,idxq4-64_queryq4-64
1385062492.0_L1,1385062492.0,L1,ROBUST,0.3383761048316955,ROBUST,idxq4-64_queryq4-64
1385062652.0_L1,1385062652.0,L1,ROBUST,0.4087828397750854,ROBUST,idxq4-64_queryq4-64
1385063068.0_L1,1385063068.0,L1,ROBUST,0.424875408411026,ROBUST,idxq4-64_queryq4-64
1385063964.0_L1,1385063964.0,L1,ROBUST,0.4221225082874298,ROBUST,idxq4-64_queryq4-64
1385064092.0_L1,1385064092.0,L1,ROBUST,0.4101461470127105,ROBUST,idxq4-64_queryq4-64
1385064380.0_L1,1385064380.0,L1,ROBUST,0.4059026837348938,ROBUST,idxq4-64_queryq4-64
1385065084.0_H1,1385065084.0,H1,ROBUST,0.4450663328170776,ROBUST,idxq4-64_queryq4-64
1385066972.0_L1,1385066972.0,L1,ROBUST,0.4449010789394378,ROBUST,idxq4-64_queryq4-64
1385067260.0_L1,1385067260.0,L1,ROBUST,0.418388307094574,ROBUST,idxq4-64_queryq4-64
1385067292.0_L1,1385067292.0,L1,ROBUST,0.4417632222175598,ROBUST,idxq4-64_queryq4-64
1385068252.0_L1,1385068252.0,L1,ROBUST,0.3982039988040924,ROBUST,idxq4-64_queryq4-64
1385068604.0_L1,1385068604.0,L1,ROBUST,0.3974311947822571,ROBUST,idxq4-64_queryq4-64
1385068700.0_L1,1385068700.0,L1,ROBUST,0.40104541182518,ROBUST,idxq4-64_queryq4-64
1385068828.0_L1,1385068828.0,L1,ROBUST,0.4315591156482696,ROBUST,idxq4-64_queryq4-64
1385069020.0_L1,1385069020.0,L1,ROBUST,0.4241282045841217,ROBUST,idxq4-64_queryq4-64
1385069724.0_L1,1385069724.0,L1,ROBUST,0.4133613705635071,ROBUST,idxq4-64_queryq4-64
1385070108.0_L1,1385070108.0,L1,ROBUST,0.2682525813579559,ROBUST,idxq4-64_queryq4-64
1385071068.0_L1,1385071068.0,L1,ROBUST,0.2541703581809997,ROBUST,idxq4-64_queryq4-64
1385073916.0_L1,1385073916.0,L1,ROBUST,0.4350198209285736,ROBUST,idxq4-64_queryq4-64
1385074908.0_L1,1385074908.0,L1,ROBUST,0.4433388113975525,ROBUST,idxq4-64_queryq4-64
1385076540.0_H1,1385076540.0,H1,AMBIGUOUS,0.1314498335123062,AMBIGUOUS,idxq4-64_queryq4-64
1385077276.0_L1,1385077276.0,L1,ROBUST,0.4066750109195709,ROBUST,idxq4-64_queryq4-64
1385079292.0_H1,1385079292.0,H1,BACKGROUND,0.1082984879612922,BACKGROUND,idxq4-64_queryq4-64
1385080156.0_H1,1385080156.0,H1,ROBUST,0.395842581987381,ROBUST,idxq4-64_queryq4-64
1385080892.0_L1,1385080892.0,L1,ROBUST,0.4379896521568298,ROBUST,idxq4-64_queryq4-64
1385080892.0_H1,1385080892.0,H1,BACKGROUND,0.12856830656528473,BACKGROUND,idxq4-64_queryq4-64
1385081020.0_L1,1385081020.0,L1,ROBUST,0.4161302447319031,ROBUST,idxq4-64_queryq4-64
1385081788.0_L1,1385081788.0,L1,ROBUST,0.3672787547111511,ROBUST,idxq4-64_queryq4-64
1385084060.0_L1,1385084060.0,L1,ROBUST,0.4787609875202179,ROBUST,idxq4-64_queryq4-64
1385087004.0_L1,1385087004.0,L1,ROBUST,0.391074925661087,ROBUST,idxq4-64_queryq4-64
1385090748.0_L1,1385090748.0,L1,ROBUST,0.4446968138217926,ROBUST,idxq4-64_queryq4-64
1385092668.0_H1,1385092668.0,H1,ROBUST,0.2641947567462921,ROBUST,idxq4-64_queryq4-64
1385094524.0_L1,1385094524.0,L1,ROBUST,0.4330809116363525,ROBUST,idxq4-64_queryq4-64
1385095004.0_H1,1385095004.0,H1,AMBIGUOUS,0.1752921789884567,AMBIGUOUS,idxq4-64_queryq4-64
1385095196.0_L1,1385095196.0,L1,ROBUST,0.4299387633800506,ROBUST,idxq4-64_queryq4-64
1385096188.0_H1,1385096188.0,H1,ROBUST,0.4100424349308014,ROBUST,idxq4-64_queryq4-64
1385097148.0_L1,1385097148.0,L1,ROBUST,0.4116454720497131,ROBUST,idxq4-64_queryq4-64
1385098460.0_L1,1385098460.0,L1,ROBUST,0.4068972766399383,ROBUST,idxq4-64_queryq4-64
1385099420.0_L1,1385099420.0,L1,ROBUST,0.4185054898262024,ROBUST,idxq4-64_queryq4-64
1385099996.0_L1,1385099996.0,L1,ROBUST,0.4155399203300476,ROBUST,idxq4-64_queryq4-64
1385100764.0_L1,1385100764.0,L1,ROBUST,0.3995728194713592,ROBUST,idxq4-64_queryq4-64
1385100764.0_H1,1385100764.0,H1,AMBIGUOUS,0.1483621746301651,AMBIGUOUS,idxq4-64_queryq4-64
1385100956.0_H1,1385100956.0,H1,ROBUST,0.4156478345394134,ROBUST,idxq4-64_queryq4-64
1385101628.0_H1,1385101628.0,H1,ROBUST,0.4565406143665313,ROBUST,idxq4-64_queryq4-64
1385113532.0_L1,1385113532.0,L1,ROBUST,0.3049895465373993,ROBUST,idxq4-64_queryq4-64
1385113884.0_L1,1385113884.0,L1,AMBIGUOUS,0.1902613341808319,AMBIGUOUS,idxq4-64_queryq4-64
1385114076.0_L1,1385114076.0,L1,ROBUST,0.3350917100906372,ROBUST,idxq4-64_queryq4-64
1385114108.0_L1,1385114108.0,L1,ROBUST,0.4242981076240539,ROBUST,idxq4-64_queryq4-64
1385114460.0_L1,1385114460.0,L1,ROBUST,0.4309976398944855,ROBUST,idxq4-64_queryq4-64
1385114556.0_L1,1385114556.0,L1,ROBUST,0.3450420796871185,ROBUST,idxq4-64_queryq4-64
1385115196.0_L1,1385115196.0,L1,ROBUST,0.4500032961368561,ROBUST,idxq4-64_queryq4-64
1385115260.0_L1,1385115260.0,L1,ROBUST,0.4306117296218872,ROBUST,idxq4-64_queryq4-64
1385115292.0_L1,1385115292.0,L1,ROBUST,0.44153892993927,ROBUST,idxq4-64_queryq4-64
1385116028.0_H1,1385116028.0,H1,AMBIGUOUS,0.1366744339466095,AMBIGUOUS,idxq4-64_queryq4-64
1385116476.0_L1,1385116476.0,L1,ROBUST,0.4166137278079986,ROBUST,idxq4-64_queryq4-64
1385116892.0_L1,1385116892.0,L1,ROBUST,0.4194452166557312,ROBUST,idxq4-64_queryq4-64
1385116956.0_L1,1385116956.0,L1,ROBUST,0.4038459062576294,ROBUST,idxq4-64_queryq4-64
1385117148.0_L1,1385117148.0,L1,ROBUST,0.4231565296649933,ROBUST,idxq4-64_queryq4-64
1385117276.0_L1,1385117276.0,L1,ROBUST,0.4352414608001709,ROBUST,idxq4-64_queryq4-64
1385117308.0_L1,1385117308.0,L1,ROBUST,0.4048806428909302,ROBUST,idxq4-64_queryq4-64
1385117532.0_L1,1385117532.0,L1,ROBUST,0.4270725548267364,ROBUST,idxq4-64_queryq4-64
1385118620.0_L1,1385118620.0,L1,ROBUST,0.4101062715053558,ROBUST,idxq4-64_queryq4-64
1385118716.0_L1,1385118716.0,L1,ROBUST,0.3513948917388916,ROBUST,idxq4-64_queryq4-64
1385118908.0_L1,1385118908.0,L1,ROBUST,0.4091267883777618,ROBUST,idxq4-64_queryq4-64
1385118940.0_H1,1385118940.0,H1,BACKGROUND,0.1120558083057403,BACKGROUND,idxq4-64_queryq4-64
1385119292.0_L1,1385119292.0,L1,ROBUST,0.4660766422748565,ROBUST,idxq4-64_queryq4-64
1385119324.0_L1,1385119324.0,L1,ROBUST,0.4149258136749267,ROBUST,idxq4-64_queryq4-64
1385119452.0_L1,1385119452.0,L1,ROBUST,0.4355896711349487,ROBUST,idxq4-64_queryq4-64
1385119708.0_L1,1385119708.0,L1,ROBUST,0.435527354478836,ROBUST,idxq4-64_queryq4-64
1385120220.0_L1,1385120220.0,L1,ROBUST,0.391614705324173,ROBUST,idxq4-64_queryq4-64
1385120444.0_L1,1385120444.0,L1,ROBUST,0.4334810078144073,ROBUST,idxq4-64_queryq4-64
1385120540.0_L1,1385120540.0,L1,ROBUST,0.4231204986572265,ROBUST,idxq4-64_queryq4-64
1385120924.0_L1,1385120924.0,L1,ROBUST,0.4282764196395874,ROBUST,idxq4-64_queryq4-64
1385121020.0_L1,1385121020.0,L1,ROBUST,0.4225593209266662,ROBUST,idxq4-64_queryq4-64
1385121436.0_L1,1385121436.0,L1,ROBUST,0.4212241172790527,ROBUST,idxq4-64_queryq4-64
1385121596.0_L1,1385121596.0,L1,ROBUST,0.4506982266902923,ROBUST,idxq4-64_queryq4-64
1385121628.0_L1,1385121628.0,L1,ROBUST,0.4046361148357391,ROBUST,idxq4-64_queryq4-64
1385123516.0_L1,1385123516.0,L1,ROBUST,0.4330339431762695,ROBUST,idxq4-64_queryq4-64
1385123708.0_L1,1385123708.0,L1,ROBUST,0.4147641062736511,ROBUST,idxq4-64_queryq4-64
1385124348.0_L1,1385124348.0,L1,AMBIGUOUS,0.2003797590732574,AMBIGUOUS,idxq4-64_queryq4-64
1385124444.0_L1,1385124444.0,L1,ROBUST,0.4361163377761841,ROBUST,idxq4-64_queryq4-64
1385124892.0_L1,1385124892.0,L1,ROBUST,0.4416066408157348,ROBUST,idxq4-64_queryq4-64
1385125340.0_L1,1385125340.0,L1,ROBUST,0.4741502106189728,ROBUST,idxq4-64_queryq4-64
1385125660.0_L1,1385125660.0,L1,ROBUST,0.440035879611969,ROBUST,idxq4-64_queryq4-64
1385125948.0_L1,1385125948.0,L1,ROBUST,0.4227244257926941,ROBUST,idxq4-64_queryq4-64
1385126236.0_L1,1385126236.0,L1,ROBUST,0.4437677562236786,ROBUST,idxq4-64_queryq4-64
1385126268.0_L1,1385126268.0,L1,ROBUST,0.4022735953330993,ROBUST,idxq4-64_queryq4-64
1385126684.0_L1,1385126684.0,L1,ROBUST,0.4307219982147217,ROBUST,idxq4-64_queryq4-64
1385128028.0_L1,1385128028.0,L1,ROBUST,0.4186126291751861,ROBUST,idxq4-64_queryq4-64
1385128604.0_L1,1385128604.0,L1,ROBUST,0.4468002915382385,ROBUST,idxq4-64_queryq4-64
1385128764.0_L1,1385128764.0,L1,ROBUST,0.4118461608886719,ROBUST,idxq4-64_queryq4-64
1385128828.0_L1,1385128828.0,L1,ROBUST,0.3999848365783691,ROBUST,idxq4-64_queryq4-64
1385128860.0_L1,1385128860.0,L1,ROBUST,0.3811022341251373,ROBUST,idxq4-64_queryq4-64
1385129052.0_L1,1385129052.0,L1,ROBUST,0.417583703994751,ROBUST,idxq4-64_queryq4-64
1385129340.0_L1,1385129340.0,L1,ROBUST,0.4405121207237243,ROBUST,idxq4-64_queryq4-64
1385129500.0_H1,1385129500.0,H1,ROBUST,0.3441055417060852,ROBUST,idxq4-64_queryq4-64
1385129692.0_L1,1385129692.0,L1,ROBUST,0.4309275448322296,ROBUST,idxq4-64_queryq4-64
1385129820.0_L1,1385129820.0,L1,ROBUST,0.3957927823066711,ROBUST,idxq4-64_queryq4-64
1385130044.0_L1,1385130044.0,L1,ROBUST,0.4222874343395233,ROBUST,idxq4-64_queryq4-64
1385130076.0_L1,1385130076.0,L1,ROBUST,0.4314811527729034,ROBUST,idxq4-64_queryq4-64
1385130428.0_L1,1385130428.0,L1,ROBUST,0.4443760514259338,ROBUST,idxq4-64_queryq4-64
1385131260.0_H1,1385131260.0,H1,AMBIGUOUS,0.1456483453512191,AMBIGUOUS,idxq4-64_queryq4-64
1385132604.0_L1,1385132604.0,L1,ROBUST,0.4511010944843292,ROBUST,idxq4-64_queryq4-64
1385133084.0_L1,1385133084.0,L1,ROBUST,0.4159274399280548,ROBUST,idxq4-64_queryq4-64
1385133788.0_L1,1385133788.0,L1,ROBUST,0.2719584107398987,ROBUST,idxq4-64_queryq4-64
1385134268.0_H1,1385134268.0,H1,AMBIGUOUS,0.1718016415834427,AMBIGUOUS,idxq4-64_queryq4-64
1385135068.0_L1,1385135068.0,L1,ROBUST,0.3608507215976715,ROBUST,idxq4-64_queryq4-64
1385137660.0_L1,1385137660.0,L1,AMBIGUOUS,0.2111474275588989,AMBIGUOUS,idxq4-64_queryq4-64
1385138204.0_L1,1385138204.0,L1,ROBUST,0.4144177138805389,ROBUST,idxq4-64_queryq4-64
1385139036.0_H1,1385139036.0,H1,ROBUST,0.4711143970489502,ROBUST,idxq4-64_queryq4-64
1385144252.0_H1,1385144252.0,H1,AMBIGUOUS,0.1521466970443725,AMBIGUOUS,idxq4-64_queryq4-64
1385148060.0_H1,1385148060.0,H1,BACKGROUND,0.1025052592158317,BACKGROUND,idxq4-64_queryq4-64
1385148636.0_H1,1385148636.0,H1,AMBIGUOUS,0.1540683805942535,AMBIGUOUS,idxq4-64_queryq4-64
1385151996.0_H1,1385151996.0,H1,ROBUST,0.4957945346832275,ROBUST,idxq4-64_queryq4-64
1385156700.0_H1,1385156700.0,H1,BACKGROUND,0.1092959716916084,BACKGROUND,idxq4-64_queryq4-64
1385157372.0_H1,1385157372.0,H1,ROBUST,0.4394574463367462,ROBUST,idxq4-64_queryq4-64
1385158268.0_H1,1385158268.0,H1,ROBUST,0.3925520479679107,ROBUST,idxq4-64_queryq4-64
1385175324.0_H1,1385175324.0,H1,BACKGROUND,0.1276139169931411,BACKGROUND,idxq4-64_queryq4-64
1385177340.0_H1,1385177340.0,H1,ROBUST,0.2680471539497375,ROBUST,idxq4-64_queryq4-64
1385178492.0_L1,1385178492.0,L1,ROBUST,0.2279078513383865,ROBUST,idxq4-64_queryq4-64
1385184156.0_H1,1385184156.0,H1,ROBUST,0.4391866028308868,ROBUST,idxq4-64_queryq4-64
1385210876.0_H1,1385210876.0,H1,AMBIGUOUS,0.1314036399126052,AMBIGUOUS,idxq4-64_queryq4-64
1385210908.0_H1,1385210908.0,H1,BACKGROUND,0.1062146201729774,BACKGROUND,idxq4-64_queryq4-64
1385211676.0_H1,1385211676.0,H1,ROBUST,0.2281897068023681,ROBUST,idxq4-64_queryq4-64
1385214748.0_H1,1385214748.0,H1,ROBUST,0.4305932223796844,ROBUST,idxq4-64_queryq4-64
1385215324.0_H1,1385215324.0,H1,ROBUST,0.2546850144863128,ROBUST,idxq4-64_queryq4-64
1385253052.0_H1,1385253052.0,H1,BACKGROUND,0.1206995174288749,BACKGROUND,idxq4-64_queryq4-64
1385253372.0_H1,1385253372.0,H1,ROBUST,0.2395582199096679,ROBUST,idxq4-64_queryq4-64
1385253724.0_H1,1385253724.0,H1,BACKGROUND,0.1040582135319709,BACKGROUND,idxq4-64_queryq4-64
1385255292.0_H1,1385255292.0,H1,BACKGROUND,0.1252054125070572,BACKGROUND,idxq4-64_queryq4-64
1385264572.0_H1,1385264572.0,H1,ROBUST,0.4339540302753448,ROBUST,idxq4-64_queryq4-64
1385279356.0_H1,1385279356.0,H1,ROBUST,0.2793638706207275,ROBUST,idxq4-64_queryq4-64
1385279452.0_L1,1385279452.0,L1,ROBUST,0.44373220205307,ROBUST,idxq4-64_queryq4-64
1385279804.0_L1,1385279804.0,L1,AMBIGUOUS,0.1985412389039993,AMBIGUOUS,idxq4-64_queryq4-64
1385282844.0_L1,1385282844.0,L1,ROBUST,0.2574100196361542,ROBUST,idxq4-64_queryq4-64
1385284156.0_L1,1385284156.0,L1,ROBUST,0.4604327976703644,ROBUST,idxq4-64_queryq4-64
1385687132.0_H1,1385687132.0,H1,BACKGROUND,0.1070082709193229,BACKGROUND,idxq4-64_queryq4-64
1385687292.0_H1,1385687292.0,H1,AMBIGUOUS,0.1481371521949768,AMBIGUOUS,idxq4-64_queryq4-64
1385687932.0_H1,1385687932.0,H1,ROBUST,0.4600406587123871,ROBUST,idxq4-64_queryq4-64
1385688380.0_L1,1385688380.0,L1,ROBUST,0.4412733912467956,ROBUST,idxq4-64_queryq4-64
1385690268.0_L1,1385690268.0,L1,BACKGROUND,0.1229736506938934,BACKGROUND,idxq4-64_queryq4-64
1385692956.0_L1,1385692956.0,L1,ROBUST,0.4514203369617462,ROBUST,idxq4-64_queryq4-64
1385693916.0_L1,1385693916.0,L1,ROBUST,0.4482167065143585,ROBUST,idxq4-64_queryq4-64
1385699868.0_L1,1385699868.0,L1,ROBUST,0.4717832505702972,ROBUST,idxq4-64_queryq4-64
1385704636.0_L1,1385704636.0,L1,ROBUST,0.4315575063228607,ROBUST,idxq4-64_queryq4-64
1385706396.0_L1,1385706396.0,L1,ROBUST,0.2976097762584686,ROBUST,idxq4-64_queryq4-64
1385706684.0_L1,1385706684.0,L1,AMBIGUOUS,0.1541899591684341,AMBIGUOUS,idxq4-64_queryq4-64
1385706844.0_L1,1385706844.0,L1,ROBUST,0.4298580884933471,ROBUST,idxq4-64_queryq4-64
1385707772.0_L1,1385707772.0,L1,BACKGROUND,0.1409380882978439,BACKGROUND,idxq4-64_queryq4-64
1385709916.0_L1,1385709916.0,L1,BACKGROUND,0.1312019079923629,BACKGROUND,idxq4-64_queryq4-64
1385710492.0_L1,1385710492.0,L1,ROBUST,0.2966344952583313,ROBUST,idxq4-64_queryq4-64
1385711516.0_L1,1385711516.0,L1,ROBUST,0.4596627354621887,ROBUST,idxq4-64_queryq4-64
1385713948.0_H1,1385713948.0,H1,ROBUST,0.4466487467288971,ROBUST,idxq4-64_queryq4-64
1385714620.0_L1,1385714620.0,L1,BACKGROUND,0.1311486214399337,BACKGROUND,idxq4-64_queryq4-64
1385717212.0_L1,1385717212.0,L1,BACKGROUND,0.1207408457994461,BACKGROUND,idxq4-64_queryq4-64
1385717916.0_L1,1385717916.0,L1,BACKGROUND,0.1281043738126754,BACKGROUND,idxq4-64_queryq4-64
1385718012.0_L1,1385718012.0,L1,BACKGROUND,0.1230077072978019,BACKGROUND,idxq4-64_queryq4-64
1385718460.0_L1,1385718460.0,L1,BACKGROUND,0.1366454064846038,BACKGROUND,idxq4-64_queryq4-64
1385719004.0_H1,1385719004.0,H1,ROBUST,0.4658894538879394,ROBUST,idxq4-64_queryq4-64
1385726076.0_L1,1385726076.0,L1,BACKGROUND,0.1420328319072723,BACKGROUND,idxq4-64_queryq4-64
1385726204.0_H1,1385726204.0,H1,ROBUST,0.4464057385921478,ROBUST,idxq4-64_queryq4-64
1385726556.0_L1,1385726556.0,L1,ROBUST,0.4224235415458679,ROBUST,idxq4-64_queryq4-64
1385727068.0_L1,1385727068.0,L1,AMBIGUOUS,0.1591803580522537,AMBIGUOUS,idxq4-64_queryq4-64
1385727740.0_H1,1385727740.0,H1,AMBIGUOUS,0.1465455442667007,AMBIGUOUS,idxq4-64_queryq4-64
1385729788.0_H1,1385729788.0,H1,AMBIGUOUS,0.1849458664655685,AMBIGUOUS,idxq4-64_queryq4-64
1385730204.0_L1,1385730204.0,L1,BACKGROUND,0.1433345824480056,BACKGROUND,idxq4-64_queryq4-64
1385731676.0_L1,1385731676.0,L1,AMBIGUOUS,0.1652093529701233,AMBIGUOUS,idxq4-64_queryq4-64
1385733084.0_L1,1385733084.0,L1,ROBUST,0.4337444305419922,ROBUST,idxq4-64_queryq4-64
1385734144.0_L1,1385734144.0,L1,BACKGROUND,0.0637310072779655,BACKGROUND,idxq4-64_queryq4-64
1385734780.0_H1,1385734780.0,H1,ROBUST,0.4683846235275268,ROBUST,idxq4-64_queryq4-64
1385735036.0_L1,1385735036.0,L1,ROBUST,0.2902156114578247,ROBUST,idxq4-64_queryq4-64
1385735196.0_L1,1385735196.0,L1,ROBUST,0.4563796818256378,ROBUST,idxq4-64_queryq4-64
1385735740.0_L1,1385735740.0,L1,ROBUST,0.4438215792179107,ROBUST,idxq4-64_queryq4-64
1385737884.0_L1,1385737884.0,L1,AMBIGUOUS,0.2132108062505722,AMBIGUOUS,idxq4-64_queryq4-64
1385744124.0_H1,1385744124.0,H1,ROBUST,0.4314834475517273,ROBUST,idxq4-64_queryq4-64
1385745052.0_L1,1385745052.0,L1,ROBUST,0.2434036880731582,ROBUST,idxq4-64_queryq4-64
1385747548.0_L1,1385747548.0,L1,BACKGROUND,0.0987858399748802,BACKGROUND,idxq4-64_queryq4-64
1385759676.0_L1,1385759676.0,L1,ROBUST,0.4536254405975342,ROBUST,idxq4-64_queryq4-64
1385760476.0_L1,1385760476.0,L1,BACKGROUND,0.137984037399292,BACKGROUND,idxq4-64_queryq4-64
1385760860.0_H1,1385760860.0,H1,AMBIGUOUS,0.1528660356998443,AMBIGUOUS,idxq4-64_queryq4-64
1385761468.0_L1,1385761468.0,L1,BACKGROUND,0.1261233240365982,BACKGROUND,idxq4-64_queryq4-64
1385761692.0_L1,1385761692.0,L1,AMBIGUOUS,0.1554097235202789,AMBIGUOUS,idxq4-64_queryq4-64
1385764764.0_L1,1385764764.0,L1,BACKGROUND,0.1316714286804199,BACKGROUND,idxq4-64_queryq4-64
1385765180.0_H1,1385765180.0,H1,ROBUST,0.4037770628929138,ROBUST,idxq4-64_queryq4-64
1385765916.0_L1,1385765916.0,L1,BACKGROUND,0.1447117775678634,BACKGROUND,idxq4-64_queryq4-64
1385767356.0_L1,1385767356.0,L1,AMBIGUOUS,0.1661364883184433,AMBIGUOUS,idxq4-64_queryq4-64
1385767900.0_L1,1385767900.0,L1,AMBIGUOUS,0.1518941521644592,AMBIGUOUS,idxq4-64_queryq4-64
1385770428.0_H1,1385770428.0,H1,BACKGROUND,0.1218004897236824,BACKGROUND,idxq4-64_queryq4-64
1385770492.0_L1,1385770492.0,L1,ROBUST,0.4206767678260803,ROBUST,idxq4-64_queryq4-64
1385774396.0_L1,1385774396.0,L1,ROBUST,0.4354579150676727,ROBUST,idxq4-64_queryq4-64
1385777436.0_H1,1385777436.0,H1,BACKGROUND,0.120203211903572,BACKGROUND,idxq4-64_queryq4-64
1385779068.0_H1,1385779068.0,H1,AMBIGUOUS,0.1499923169612884,AMBIGUOUS,idxq4-64_queryq4-64
1385779868.0_L1,1385779868.0,L1,ROBUST,0.4411235153675079,ROBUST,idxq4-64_queryq4-64
1385779868.0_H1,1385779868.0,H1,BACKGROUND,0.10264430195093155,BACKGROUND,idxq4-64_queryq4-64
1385781596.0_L1,1385781596.0,L1,ROBUST,0.3635094463825226,ROBUST,idxq4-64_queryq4-64
1385781756.0_L1,1385781756.0,L1,ROBUST,0.4165694415569305,ROBUST,idxq4-64_queryq4-64
1385782460.0_H1,1385782460.0,H1,ROBUST,0.4702434539794922,ROBUST,idxq4-64_queryq4-64
1385783260.0_L1,1385783260.0,L1,ROBUST,0.2484931051731109,ROBUST,idxq4-64_queryq4-64
1385785244.0_L1,1385785244.0,L1,ROBUST,0.4332349002361297,ROBUST,idxq4-64_queryq4-64
1385786076.0_H1,1385786076.0,H1,AMBIGUOUS,0.1430250257253646,AMBIGUOUS,idxq4-64_queryq4-64
1385787356.0_L1,1385787356.0,L1,ROBUST,0.4120660126209259,ROBUST,idxq4-64_queryq4-64
1385788508.0_L1,1385788508.0,L1,ROBUST,0.4357040226459503,ROBUST,idxq4-64_queryq4-64
1385788668.0_H1,1385788668.0,H1,AMBIGUOUS,0.1609073877334594,AMBIGUOUS,idxq4-64_queryq4-64
1385791548.0_L1,1385791548.0,L1,BACKGROUND,0.125845193862915,BACKGROUND,idxq4-64_queryq4-64
1385794300.0_H1,1385794300.0,H1,AMBIGUOUS,0.139506384730339,AMBIGUOUS,idxq4-64_queryq4-64
1385794652.0_H1,1385794652.0,H1,AMBIGUOUS,0.1596050560474395,AMBIGUOUS,idxq4-64_queryq4-64
1385797724.0_H1,1385797724.0,H1,ROBUST,0.4961616992950439,ROBUST,idxq4-64_queryq4-64
1385806140.0_L1,1385806140.0,L1,ROBUST,0.4385943114757538,ROBUST,idxq4-64_queryq4-64
1385806492.0_H1,1385806492.0,H1,ROBUST,0.415790319442749,ROBUST,idxq4-64_queryq4-64
1385807836.0_H1,1385807836.0,H1,ROBUST,0.4438079297542572,ROBUST,idxq4-64_queryq4-64
1385809020.0_L1,1385809020.0,L1,BACKGROUND,0.1305902153253555,BACKGROUND,idxq4-64_queryq4-64
1385809724.0_H1,1385809724.0,H1,AMBIGUOUS,0.1533282846212387,AMBIGUOUS,idxq4-64_queryq4-64
1385810012.0_L1,1385810012.0,L1,BACKGROUND,0.1300569623708725,BACKGROUND,idxq4-64_queryq4-64
1385812860.0_L1,1385812860.0,L1,AMBIGUOUS,0.2029511481523513,AMBIGUOUS,idxq4-64_queryq4-64
1385812924.0_H1,1385812924.0,H1,ROBUST,0.4470012485980987,ROBUST,idxq4-64_queryq4-64
1385813148.0_L1,1385813148.0,L1,ROBUST,0.4362580478191376,ROBUST,idxq4-64_queryq4-64
1385816092.0_H1,1385816092.0,H1,AMBIGUOUS,0.1330828070640564,AMBIGUOUS,idxq4-64_queryq4-64
1385816636.0_H1,1385816636.0,H1,AMBIGUOUS,0.1823299676179886,AMBIGUOUS,idxq4-64_queryq4-64
1385816988.0_H1,1385816988.0,H1,ROBUST,0.4131747484207153,ROBUST,idxq4-64_queryq4-64
1385818812.0_H1,1385818812.0,H1,ROBUST,0.4530039429664612,ROBUST,idxq4-64_queryq4-64
1385821884.0_L1,1385821884.0,L1,AMBIGUOUS,0.1945053339004516,AMBIGUOUS,idxq4-64_queryq4-64
1385855356.0_L1,1385855356.0,L1,AMBIGUOUS,0.1625662297010421,AMBIGUOUS,idxq4-64_queryq4-64
1385855804.0_L1,1385855804.0,L1,AMBIGUOUS,0.1957760155200958,AMBIGUOUS,idxq4-64_queryq4-64
1385857468.0_L1,1385857468.0,L1,AMBIGUOUS,0.1617356240749359,AMBIGUOUS,idxq4-64_queryq4-64
1385858332.0_L1,1385858332.0,L1,AMBIGUOUS,0.1786114871501922,AMBIGUOUS,idxq4-64_queryq4-64
1385859868.0_L1,1385859868.0,L1,BACKGROUND,0.1266553848981857,BACKGROUND,idxq4-64_queryq4-64
1385861660.0_H1,1385861660.0,H1,ROBUST,0.4826655685901642,ROBUST,idxq4-64_queryq4-64
1385862044.0_L1,1385862044.0,L1,ROBUST,0.4291666150093078,ROBUST,idxq4-64_queryq4-64
1385862780.0_L1,1385862780.0,L1,ROBUST,0.2771295607089996,ROBUST,idxq4-64_queryq4-64
1385862780.0_H1,1385862780.0,H1,ROBUST,0.45717132091522217,ROBUST,idxq4-64_queryq4-64
1385864828.0_L1,1385864828.0,L1,AMBIGUOUS,0.1894370466470718,AMBIGUOUS,idxq4-64_queryq4-64
1385865216.0_H1,1385865216.0,H1,ROBUST,0.4784181714057922,ROBUST,idxq4-64_queryq4-64
1385865308.0_L1,1385865308.0,L1,BACKGROUND,0.1285661309957504,BACKGROUND,idxq4-64_queryq4-64
1385866396.0_L1,1385866396.0,L1,BACKGROUND,0.1434514075517654,BACKGROUND,idxq4-64_queryq4-64
1385867164.0_L1,1385867164.0,L1,ROBUST,0.4038280844688415,ROBUST,idxq4-64_queryq4-64
1385867580.0_L1,1385867580.0,L1,ROBUST,0.3902720808982849,ROBUST,idxq4-64_queryq4-64
1385867612.0_L1,1385867612.0,L1,AMBIGUOUS,0.1546228229999542,AMBIGUOUS,idxq4-64_queryq4-64
1385867644.0_L1,1385867644.0,L1,BACKGROUND,0.1083210185170173,BACKGROUND,idxq4-64_queryq4-64
1385868668.0_L1,1385868668.0,L1,ROBUST,0.4549975097179413,ROBUST,idxq4-64_queryq4-64
1385869468.0_L1,1385869468.0,L1,ROBUST,0.4590187966823578,ROBUST,idxq4-64_queryq4-64
1385870396.0_L1,1385870396.0,L1,BACKGROUND,0.1319600641727447,BACKGROUND,idxq4-64_queryq4-64
1385872060.0_H1,1385872060.0,H1,ROBUST,0.4172489941120147,ROBUST,idxq4-64_queryq4-64
1385872956.0_L1,1385872956.0,L1,AMBIGUOUS,0.2080305069684982,AMBIGUOUS,idxq4-64_queryq4-64
1385875676.0_H1,1385875676.0,H1,AMBIGUOUS,0.1492350995540619,AMBIGUOUS,idxq4-64_queryq4-64
1385876508.0_L1,1385876508.0,L1,BACKGROUND,0.1210221573710441,BACKGROUND,idxq4-64_queryq4-64
1385878556.0_L1,1385878556.0,L1,BACKGROUND,0.1186851039528846,BACKGROUND,idxq4-64_queryq4-64
1385879452.0_L1,1385879452.0,L1,BACKGROUND,0.1205533370375633,BACKGROUND,idxq4-64_queryq4-64
1385880284.0_L1,1385880284.0,L1,ROBUST,0.4371652603149414,ROBUST,idxq4-64_queryq4-64
1385880540.0_L1,1385880540.0,L1,AMBIGUOUS,0.1808807849884033,AMBIGUOUS,idxq4-64_queryq4-64
1385881756.0_L1,1385881756.0,L1,AMBIGUOUS,0.1543017625808715,AMBIGUOUS,idxq4-64_queryq4-64
1385881820.0_L1,1385881820.0,L1,ROBUST,0.4227614998817444,ROBUST,idxq4-64_queryq4-64
1385881852.0_H1,1385881852.0,H1,BACKGROUND,0.1235227584838867,BACKGROUND,idxq4-64_queryq4-64
1385882748.0_L1,1385882748.0,L1,AMBIGUOUS,0.1761404275894165,AMBIGUOUS,idxq4-64_queryq4-64
1385888988.0_L1,1385888988.0,L1,AMBIGUOUS,0.1524530351161956,AMBIGUOUS,idxq4-64_queryq4-64
1385890588.0_H1,1385890588.0,H1,ROBUST,0.3219249546527862,ROBUST,idxq4-64_queryq4-64
1385890652.0_L1,1385890652.0,L1,AMBIGUOUS,0.1702788919210434,AMBIGUOUS,idxq4-64_queryq4-64
1385892252.0_H1,1385892252.0,H1,BACKGROUND,0.1105661690235138,BACKGROUND,idxq4-64_queryq4-64
1385894396.0_L1,1385894396.0,L1,AMBIGUOUS,0.1938277930021286,AMBIGUOUS,idxq4-64_queryq4-64
1385895420.0_L1,1385895420.0,L1,AMBIGUOUS,0.1611452102661132,AMBIGUOUS,idxq4-64_queryq4-64
1385896220.0_L1,1385896220.0,L1,BACKGROUND,0.1365817636251449,BACKGROUND,idxq4-64_queryq4-64
1385897532.0_H1,1385897532.0,H1,ROBUST,0.4505797624588012,ROBUST,idxq4-64_queryq4-64
1385897756.0_L1,1385897756.0,L1,ROBUST,0.4441162347793579,ROBUST,idxq4-64_queryq4-64
1385899164.0_H1,1385899164.0,H1,ROBUST,0.4321576654911041,ROBUST,idxq4-64_queryq4-64
1385899484.0_L1,1385899484.0,L1,ROBUST,0.4261493682861328,ROBUST,idxq4-64_queryq4-64
1385899804.0_L1,1385899804.0,L1,ROBUST,0.2972075641155243,ROBUST,idxq4-64_queryq4-64
1385899836.0_L1,1385899836.0,L1,AMBIGUOUS,0.1577876508235931,AMBIGUOUS,idxq4-64_queryq4-64
1385903004.0_L1,1385903004.0,L1,ROBUST,0.3070424497127533,ROBUST,idxq4-64_queryq4-64
1385903772.0_L1,1385903772.0,L1,BACKGROUND,0.1432659476995468,BACKGROUND,idxq4-64_queryq4-64
1385904700.0_L1,1385904700.0,L1,AMBIGUOUS,0.1509704291820526,AMBIGUOUS,idxq4-64_queryq4-64
1385907132.0_L1,1385907132.0,L1,ROBUST,0.2813489437103271,ROBUST,idxq4-64_queryq4-64
1385908060.0_L1,1385908060.0,L1,AMBIGUOUS,0.1505134105682373,AMBIGUOUS,idxq4-64_queryq4-64
1385908764.0_H1,1385908764.0,H1,ROBUST,0.4293014109134674,ROBUST,idxq4-64_queryq4-64
1385908956.0_L1,1385908956.0,L1,ROBUST,0.2924030125141144,ROBUST,idxq4-64_queryq4-64
1385909372.0_L1,1385909372.0,L1,ROBUST,0.4215126037597656,ROBUST,idxq4-64_queryq4-64
1385910236.0_L1,1385910236.0,L1,ROBUST,0.2710961699485779,ROBUST,idxq4-64_queryq4-64
1385910588.0_L1,1385910588.0,L1,BACKGROUND,0.1158538162708282,BACKGROUND,idxq4-64_queryq4-64
1385911132.0_L1,1385911132.0,L1,AMBIGUOUS,0.2132685929536819,AMBIGUOUS,idxq4-64_queryq4-64
1385912028.0_L1,1385912028.0,L1,ROBUST,0.4732646942138672,ROBUST,idxq4-64_queryq4-64
1385912028.0_H1,1385912028.0,H1,BACKGROUND,0.11736803501844406,BACKGROUND,idxq4-64_queryq4-64
1385913148.0_L1,1385913148.0,L1,BACKGROUND,0.0927887931466102,BACKGROUND,idxq4-64_queryq4-64
1385915676.0_L1,1385915676.0,L1,AMBIGUOUS,0.1830730885267257,AMBIGUOUS,idxq4-64_queryq4-64
1385915708.0_L1,1385915708.0,L1,ROBUST,0.3474802076816559,ROBUST,idxq4-64_queryq4-64
1385915740.0_L1,1385915740.0,L1,ROBUST,0.3561629354953766,ROBUST,idxq4-64_queryq4-64
1385915836.0_L1,1385915836.0,L1,BACKGROUND,0.1358576118946075,BACKGROUND,idxq4-64_queryq4-64
1385916316.0_H1,1385916316.0,H1,BACKGROUND,0.1265431344509124,BACKGROUND,idxq4-64_queryq4-64
1385916444.0_H1,1385916444.0,H1,ROBUST,0.4403826296329498,ROBUST,idxq4-64_queryq4-64
1385916572.0_L1,1385916572.0,L1,ROBUST,0.3542053997516632,ROBUST,idxq4-64_queryq4-64
1385916636.0_L1,1385916636.0,L1,ROBUST,0.2867896854877472,ROBUST,idxq4-64_queryq4-64
1385916860.0_H1,1385916860.0,H1,ROBUST,0.5289915204048157,ROBUST,idxq4-64_queryq4-64
1385916924.0_H1,1385916924.0,H1,ROBUST,0.4346717000007629,ROBUST,idxq4-64_queryq4-64
1385917308.0_H1,1385917308.0,H1,ROBUST,0.3176944553852081,ROBUST,idxq4-64_queryq4-64
1385918588.0_H1,1385918588.0,H1,BACKGROUND,0.1200116500258445,BACKGROUND,idxq4-64_queryq4-64
1385919676.0_L1,1385919676.0,L1,BACKGROUND,0.1121484488248825,BACKGROUND,idxq4-64_queryq4-64
1385920220.0_L1,1385920220.0,L1,ROBUST,0.439893513917923,ROBUST,idxq4-64_queryq4-64
1385920700.0_L1,1385920700.0,L1,AMBIGUOUS,0.1747918128967285,AMBIGUOUS,idxq4-64_queryq4-64
1385921532.0_L1,1385921532.0,L1,AMBIGUOUS,0.1567429453134536,AMBIGUOUS,idxq4-64_queryq4-64
1385921692.0_L1,1385921692.0,L1,AMBIGUOUS,0.1817172616720199,AMBIGUOUS,idxq4-64_queryq4-64
1385921948.0_L1,1385921948.0,L1,BACKGROUND,0.1037230864167213,BACKGROUND,idxq4-64_queryq4-64
1385922524.0_L1,1385922524.0,L1,ROBUST,0.2659956812858581,ROBUST,idxq4-64_queryq4-64
1385924188.0_L1,1385924188.0,L1,AMBIGUOUS,0.1554194986820221,AMBIGUOUS,idxq4-64_queryq4-64
1385924316.0_L1,1385924316.0,L1,BACKGROUND,0.1151531189680099,BACKGROUND,idxq4-64_queryq4-64
1385924412.0_H1,1385924412.0,H1,AMBIGUOUS,0.1745277941226959,AMBIGUOUS,idxq4-64_queryq4-64
1385924796.0_L1,1385924796.0,L1,ROBUST,0.3021005094051361,ROBUST,idxq4-64_queryq4-64
1385925116.0_L1,1385925116.0,L1,AMBIGUOUS,0.1570796370506286,AMBIGUOUS,idxq4-64_queryq4-64
1385940860.0_L1,1385940860.0,L1,ROBUST,0.4215469360351562,ROBUST,idxq4-64_queryq4-64
1385941788.0_L1,1385941788.0,L1,BACKGROUND,0.121341623365879,BACKGROUND,idxq4-64_queryq4-64
1385942108.0_H1,1385942108.0,H1,ROBUST,0.4357526302337646,ROBUST,idxq4-64_queryq4-64
1385942652.0_L1,1385942652.0,L1,ROBUST,0.4463223814964294,ROBUST,idxq4-64_queryq4-64
1385944540.0_L1,1385944540.0,L1,ROBUST,0.4322702884674072,ROBUST,idxq4-64_queryq4-64
1385945788.0_L1,1385945788.0,L1,BACKGROUND,0.140224203467369,BACKGROUND,idxq4-64_queryq4-64
1385946204.0_H1,1385946204.0,H1,ROBUST,0.505764365196228,ROBUST,idxq4-64_queryq4-64
1385947388.0_L1,1385947388.0,L1,BACKGROUND,0.112468846142292,BACKGROUND,idxq4-64_queryq4-64
1385949084.0_L1,1385949084.0,L1,ROBUST,0.2723471224308014,ROBUST,idxq4-64_queryq4-64
1385949788.0_L1,1385949788.0,L1,AMBIGUOUS,0.1761164516210556,AMBIGUOUS,idxq4-64_queryq4-64
1385949948.0_H1,1385949948.0,H1,ROBUST,0.2163131237030029,ROBUST,idxq4-64_queryq4-64
1385951232.0_L1,1385951232.0,L1,BACKGROUND,0.0839586928486824,BACKGROUND,idxq4-64_queryq4-64
1385952380.0_L1,1385952380.0,L1,BACKGROUND,0.1175089254975318,BACKGROUND,idxq4-64_queryq4-64
1385953532.0_L1,1385953532.0,L1,BACKGROUND,0.1294020861387252,BACKGROUND,idxq4-64_queryq4-64
1385954012.0_L1,1385954012.0,L1,BACKGROUND,0.1315540224313736,BACKGROUND,idxq4-64_queryq4-64
1385957660.0_L1,1385957660.0,L1,ROBUST,0.4048583209514618,ROBUST,idxq4-64_queryq4-64
1385958204.0_L1,1385958204.0,L1,AMBIGUOUS,0.1628446877002716,AMBIGUOUS,idxq4-64_queryq4-64
1385958364.0_H1,1385958364.0,H1,ROBUST,0.4585026502609253,ROBUST,idxq4-64_queryq4-64
1385958588.0_L1,1385958588.0,L1,BACKGROUND,0.0819066241383552,BACKGROUND,idxq4-64_queryq4-64
1385958844.0_H1,1385958844.0,H1,ROBUST,0.4203760623931885,ROBUST,idxq4-64_queryq4-64
1385959932.0_L1,1385959932.0,L1,AMBIGUOUS,0.1513018012046814,AMBIGUOUS,idxq4-64_queryq4-64
1385960188.0_L1,1385960188.0,L1,AMBIGUOUS,0.19452466070652,AMBIGUOUS,idxq4-64_queryq4-64
1385960508.0_H1,1385960508.0,H1,BACKGROUND,0.1112997233867645,BACKGROUND,idxq4-64_queryq4-64
1385962684.0_H1,1385962684.0,H1,BACKGROUND,0.1288402825593948,BACKGROUND,idxq4-64_queryq4-64
1385964380.0_H1,1385964380.0,H1,ROBUST,0.4605996906757355,ROBUST,idxq4-64_queryq4-64
1385964476.0_L1,1385964476.0,L1,AMBIGUOUS,0.2063144594430923,AMBIGUOUS,idxq4-64_queryq4-64
1385965596.0_H1,1385965596.0,H1,ROBUST,0.4259777963161468,ROBUST,idxq4-64_queryq4-64
1385966172.0_L1,1385966172.0,L1,BACKGROUND,0.1390150040388107,BACKGROUND,idxq4-64_queryq4-64
1385967708.0_L1,1385967708.0,L1,BACKGROUND,0.1363010704517364,BACKGROUND,idxq4-64_queryq4-64
1385968060.0_L1,1385968060.0,L1,ROBUST,0.4401803910732269,ROBUST,idxq4-64_queryq4-64
1385969916.0_L1,1385969916.0,L1,ROBUST,0.4469211399555206,ROBUST,idxq4-64_queryq4-64
1385970972.0_L1,1385970972.0,L1,AMBIGUOUS,0.1797731965780258,AMBIGUOUS,idxq4-64_queryq4-64
1385971292.0_L1,1385971292.0,L1,ROBUST,0.4323099255561828,ROBUST,idxq4-64_queryq4-64
1385971388.0_L1,1385971388.0,L1,ROBUST,0.4520320296287536,ROBUST,idxq4-64_queryq4-64
1385972188.0_L1,1385972188.0,L1,ROBUST,0.4499293565750122,ROBUST,idxq4-64_queryq4-64
1385972220.0_L1,1385972220.0,L1,ROBUST,0.4460361301898956,ROBUST,idxq4-64_queryq4-64
1385972508.0_H1,1385972508.0,H1,ROBUST,0.4621375799179077,ROBUST,idxq4-64_queryq4-64
1385973212.0_L1,1385973212.0,L1,BACKGROUND,0.1140524819493293,BACKGROUND,idxq4-64_queryq4-64
1385976348.0_H1,1385976348.0,H1,ROBUST,0.3440077900886535,ROBUST,idxq4-64_queryq4-64
1385977372.0_L1,1385977372.0,L1,BACKGROUND,0.1246782913804054,BACKGROUND,idxq4-64_queryq4-64
1385978012.0_L1,1385978012.0,L1,ROBUST,0.4213562607765198,ROBUST,idxq4-64_queryq4-64
1385978396.0_L1,1385978396.0,L1,BACKGROUND,0.1437130570411682,BACKGROUND,idxq4-64_queryq4-64
1385980732.0_H1,1385980732.0,H1,ROBUST,0.3439452648162842,ROBUST,idxq4-64_queryq4-64
1385983324.0_L1,1385983324.0,L1,AMBIGUOUS,0.158616617321968,AMBIGUOUS,idxq4-64_queryq4-64
1386398108.0_H1,1386398108.0,H1,BACKGROUND,0.1065298542380333,BACKGROUND,idxq4-64_queryq4-64
1386398588.0_L1,1386398588.0,L1,ROBUST,0.2495425790548324,ROBUST,idxq4-64_queryq4-64
1386461440.0_H1,1386461440.0,H1,BACKGROUND,0.0624704211950302,BACKGROUND,idxq4-64_queryq4-64
1386462684.0_H1,1386462684.0,H1,ROBUST,0.2572767436504364,ROBUST,idxq4-64_queryq4-64
1386465180.0_H1,1386465180.0,H1,BACKGROUND,0.122221328318119,BACKGROUND,idxq4-64_queryq4-64
1386469372.0_H1,1386469372.0,H1,ROBUST,0.4662253558635711,ROBUST,idxq4-64_queryq4-64
1386470268.0_H1,1386470268.0,H1,BACKGROUND,0.1026466563344001,BACKGROUND,idxq4-64_queryq4-64
1386471516.0_H1,1386471516.0,H1,BACKGROUND,0.0938436463475227,BACKGROUND,idxq4-64_queryq4-64
1386472156.0_L1,1386472156.0,L1,AMBIGUOUS,0.1897898614406585,AMBIGUOUS,idxq4-64_queryq4-64
1386473084.0_H1,1386473084.0,H1,ROBUST,0.412649393081665,ROBUST,idxq4-64_queryq4-64
1386473820.0_L1,1386473820.0,L1,ROBUST,0.4735666215419769,ROBUST,idxq4-64_queryq4-64
1386475228.0_H1,1386475228.0,H1,BACKGROUND,0.1001963317394256,BACKGROUND,idxq4-64_queryq4-64
1386480668.0_H1,1386480668.0,H1,BACKGROUND,0.0917973443865776,BACKGROUND,idxq4-64_queryq4-64
1386483196.0_L1,1386483196.0,L1,AMBIGUOUS,0.1513992995023727,AMBIGUOUS,idxq4-64_queryq4-64
1386483452.0_L1,1386483452.0,L1,ROBUST,0.4330989122390747,ROBUST,idxq4-64_queryq4-64
1386486364.0_L1,1386486364.0,L1,AMBIGUOUS,0.1854761391878128,AMBIGUOUS,idxq4-64_queryq4-64
1386489180.0_L1,1386489180.0,L1,ROBUST,0.243241474032402,ROBUST,idxq4-64_queryq4-64
1386489660.0_L1,1386489660.0,L1,AMBIGUOUS,0.174448475241661,AMBIGUOUS,idxq4-64_queryq4-64
1386491772.0_H1,1386491772.0,H1,BACKGROUND,0.1146107539534568,BACKGROUND,idxq4-64_queryq4-64
1386497308.0_H1,1386497308.0,H1,AMBIGUOUS,0.1655776053667068,AMBIGUOUS,idxq4-64_queryq4-64
1386497916.0_H1,1386497916.0,H1,BACKGROUND,0.1024255231022834,BACKGROUND,idxq4-64_queryq4-64
1386498332.0_H1,1386498332.0,H1,ROBUST,0.4710755050182342,ROBUST,idxq4-64_queryq4-64
1386498524.0_H1,1386498524.0,H1,ROBUST,0.4360064566135406,ROBUST,idxq4-64_queryq4-64
1386498684.0_L1,1386498684.0,L1,ROBUST,0.4246367216110229,ROBUST,idxq4-64_queryq4-64
1386499996.0_L1,1386499996.0,L1,ROBUST,0.3869090378284454,ROBUST,idxq4-64_queryq4-64
1386501916.0_H1,1386501916.0,H1,AMBIGUOUS,0.1545458734035492,AMBIGUOUS,idxq4-64_queryq4-64
1386502524.0_H1,1386502524.0,H1,ROBUST,0.4741580188274383,ROBUST,idxq4-64_queryq4-64
1386506140.0_L1,1386506140.0,L1,ROBUST,0.4426960051059723,ROBUST,idxq4-64_queryq4-64
1386506780.0_L1,1386506780.0,L1,ROBUST,0.4170900285243988,ROBUST,idxq4-64_queryq4-64
1386507036.0_L1,1386507036.0,L1,ROBUST,0.4575771987438202,ROBUST,idxq4-64_queryq4-64
1386554844.0_L1,1386554844.0,L1,ROBUST,0.3800941407680511,ROBUST,idxq4-64_queryq4-64
1386555740.0_L1,1386555740.0,L1,ROBUST,0.4192950427532196,ROBUST,idxq4-64_queryq4-64
1386558780.0_H1,1386558780.0,H1,AMBIGUOUS,0.1983190476894378,AMBIGUOUS,idxq4-64_queryq4-64
1386559068.0_L1,1386559068.0,L1,ROBUST,0.4606498181819916,ROBUST,idxq4-64_queryq4-64
1386559644.0_H1,1386559644.0,H1,ROBUST,0.4406660199165344,ROBUST,idxq4-64_queryq4-64
1386563580.0_L1,1386563580.0,L1,BACKGROUND,0.1409028768539428,BACKGROUND,idxq4-64_queryq4-64
1386564220.0_H1,1386564220.0,H1,ROBUST,0.4178384840488434,ROBUST,idxq4-64_queryq4-64
1386575228.0_H1,1386575228.0,H1,ROBUST,0.4441486895084381,ROBUST,idxq4-64_queryq4-64
1386576156.0_H1,1386576156.0,H1,ROBUST,0.4235506653785705,ROBUST,idxq4-64_queryq4-64
1386578428.0_H1,1386578428.0,H1,ROBUST,0.4424337744712829,ROBUST,idxq4-64_queryq4-64
1386585180.0_L1,1386585180.0,L1,ROBUST,0.4324027299880981,ROBUST,idxq4-64_queryq4-64
1386585660.0_H1,1386585660.0,H1,ROBUST,0.4022946357727051,ROBUST,idxq4-64_queryq4-64
1386586236.0_L1,1386586236.0,L1,AMBIGUOUS,0.164916381239891,AMBIGUOUS,idxq4-64_queryq4-64
1386587260.0_L1,1386587260.0,L1,ROBUST,0.5156912207603455,ROBUST,idxq4-64_queryq4-64
1386588380.0_H1,1386588380.0,H1,ROBUST,0.441769927740097,ROBUST,idxq4-64_queryq4-64
1386589980.0_L1,1386589980.0,L1,ROBUST,0.3852297961711883,ROBUST,idxq4-64_queryq4-64
1386592284.0_L1,1386592284.0,L1,ROBUST,0.4359450042247772,ROBUST,idxq4-64_queryq4-64
1386592796.0_H1,1386592796.0,H1,BACKGROUND,0.1160821169614791,BACKGROUND,idxq4-64_queryq4-64
1386592988.0_L1,1386592988.0,L1,AMBIGUOUS,0.1683607995510101,AMBIGUOUS,idxq4-64_queryq4-64
1386594204.0_H1,1386594204.0,H1,ROBUST,0.4432688653469085,ROBUST,idxq4-64_queryq4-64
1386595004.0_H1,1386595004.0,H1,BACKGROUND,0.1277870386838913,BACKGROUND,idxq4-64_queryq4-64
1386595196.0_L1,1386595196.0,L1,ROBUST,0.4420066475868225,ROBUST,idxq4-64_queryq4-64
1386596028.0_H1,1386596028.0,H1,ROBUST,0.4644291400909424,ROBUST,idxq4-64_queryq4-64
1386596252.0_L1,1386596252.0,L1,ROBUST,0.4221821129322052,ROBUST,idxq4-64_queryq4-64
1386597500.0_L1,1386597500.0,L1,ROBUST,0.3597837388515472,ROBUST,idxq4-64_queryq4-64
1386597788.0_H1,1386597788.0,H1,BACKGROUND,0.1214834824204444,BACKGROUND,idxq4-64_queryq4-64
1386598940.0_H1,1386598940.0,H1,BACKGROUND,0.1094136163592338,BACKGROUND,idxq4-64_queryq4-64
1386608348.0_H1,1386608348.0,H1,AMBIGUOUS,0.1942790895700454,AMBIGUOUS,idxq4-64_queryq4-64
1386637180.0_H1,1386637180.0,H1,ROBUST,0.5104573369026184,ROBUST,idxq4-64_queryq4-64
1386637596.0_H1,1386637596.0,H1,ROBUST,0.4851284623146057,ROBUST,idxq4-64_queryq4-64
1386640956.0_L1,1386640956.0,L1,ROBUST,0.4872512221336365,ROBUST,idxq4-64_queryq4-64
1386642492.0_H1,1386642492.0,H1,ROBUST,0.4512644410133362,ROBUST,idxq4-64_queryq4-64
1386647996.0_H1,1386647996.0,H1,AMBIGUOUS,0.165269061923027,AMBIGUOUS,idxq4-64_queryq4-64
1386651580.0_L1,1386651580.0,L1,ROBUST,0.4739347398281097,ROBUST,idxq4-64_queryq4-64
1386686364.0_H1,1386686364.0,H1,ROBUST,0.2139973491430282,ROBUST,idxq4-64_queryq4-64
1386686620.0_H1,1386686620.0,H1,BACKGROUND,0.0963071212172508,BACKGROUND,idxq4-64_queryq4-64
1386688028.0_H1,1386688028.0,H1,AMBIGUOUS,0.145327016711235,AMBIGUOUS,idxq4-64_queryq4-64
1386688764.0_H1,1386688764.0,H1,ROBUST,0.4689566791057586,ROBUST,idxq4-64_queryq4-64
1386714812.0_H1,1386714812.0,H1,AMBIGUOUS,0.1388012319803238,AMBIGUOUS,idxq4-64_queryq4-64
1386724924.0_H1,1386724924.0,H1,ROBUST,0.4439537525177002,ROBUST,idxq4-64_queryq4-64
1386725276.0_H1,1386725276.0,H1,AMBIGUOUS,0.1509839445352554,AMBIGUOUS,idxq4-64_queryq4-64
1386732124.0_H1,1386732124.0,H1,BACKGROUND,0.1216571778059005,BACKGROUND,idxq4-64_queryq4-64
1386737404.0_H1,1386737404.0,H1,AMBIGUOUS,0.148879662156105,AMBIGUOUS,idxq4-64_queryq4-64
1386740828.0_H1,1386740828.0,H1,AMBIGUOUS,0.1302821487188339,AMBIGUOUS,idxq4-64_queryq4-64
1386743004.0_H1,1386743004.0,H1,BACKGROUND,0.1012562364339828,BACKGROUND,idxq4-64_queryq4-64
1386752124.0_H1,1386752124.0,H1,AMBIGUOUS,0.132934883236885,AMBIGUOUS,idxq4-64_queryq4-64
1386765692.0_H1,1386765692.0,H1,ROBUST,0.4038043022155761,ROBUST,idxq4-64_queryq4-64
1386766236.0_H1,1386766236.0,H1,ROBUST,0.4760861098766327,ROBUST,idxq4-64_queryq4-64
1386776700.0_L1,1386776700.0,L1,ROBUST,0.4570993185043335,ROBUST,idxq4-64_queryq4-64
1386779100.0_H1,1386779100.0,H1,ROBUST,0.2416147887706756,ROBUST,idxq4-64_queryq4-64
1386783232.0_H1,1386783232.0,H1,BACKGROUND,0.0812820866703987,BACKGROUND,idxq4-64_queryq4-64
1386785756.0_H1,1386785756.0,H1,ROBUST,0.4269044101238251,ROBUST,idxq4-64_queryq4-64
1386788476.0_H1,1386788476.0,H1,ROBUST,0.4430807828903198,ROBUST,idxq4-64_queryq4-64
1386788508.0_H1,1386788508.0,H1,ROBUST,0.4123099446296692,ROBUST,idxq4-64_queryq4-64
1386788572.0_H1,1386788572.0,H1,ROBUST,0.4385786950588226,ROBUST,idxq4-64_queryq4-64
1386797724.0_H1,1386797724.0,H1,BACKGROUND,0.107957899570465,BACKGROUND,idxq4-64_queryq4-64
1386798812.0_H1,1386798812.0,H1,BACKGROUND,0.1093135848641395,BACKGROUND,idxq4-64_queryq4-64
1386798908.0_H1,1386798908.0,H1,AMBIGUOUS,0.1404920071363449,AMBIGUOUS,idxq4-64_queryq4-64
1386800284.0_L1,1386800284.0,L1,ROBUST,0.4510650634765625,ROBUST,idxq4-64_queryq4-64
1386800476.0_H1,1386800476.0,H1,AMBIGUOUS,0.1340024471282959,AMBIGUOUS,idxq4-64_queryq4-64
1386801052.0_H1,1386801052.0,H1,BACKGROUND,0.1279199570417404,BACKGROUND,idxq4-64_queryq4-64
1386802524.0_H1,1386802524.0,H1,BACKGROUND,0.0955580696463584,BACKGROUND,idxq4-64_queryq4-64
1386802780.0_H1,1386802780.0,H1,BACKGROUND,0.1220498904585838,BACKGROUND,idxq4-64_queryq4-64
1386804284.0_H1,1386804284.0,H1,AMBIGUOUS,0.1381169259548187,AMBIGUOUS,idxq4-64_queryq4-64
1386804668.0_L1,1386804668.0,L1,ROBUST,0.5129132866859436,ROBUST,idxq4-64_queryq4-64
1386805852.0_H1,1386805852.0,H1,ROBUST,0.4339089393615722,ROBUST,idxq4-64_queryq4-64
1386811036.0_H1,1386811036.0,H1,AMBIGUOUS,0.1311588883399963,AMBIGUOUS,idxq4-64_queryq4-64
1386811356.0_L1,1386811356.0,L1,ROBUST,0.488679438829422,ROBUST,idxq4-64_queryq4-64
1386811644.0_L1,1386811644.0,L1,ROBUST,0.4782653748989105,ROBUST,idxq4-64_queryq4-64
1386812124.0_L1,1386812124.0,L1,ROBUST,0.4759232103824615,ROBUST,idxq4-64_queryq4-64
1386812828.0_H1,1386812828.0,H1,BACKGROUND,0.1104059442877769,BACKGROUND,idxq4-64_queryq4-64
1386813308.0_L1,1386813308.0,L1,ROBUST,0.4547625780105591,ROBUST,idxq4-64_queryq4-64
1386813340.0_L1,1386813340.0,L1,ROBUST,0.5003817081451416,ROBUST,idxq4-64_queryq4-64
1386815132.0_L1,1386815132.0,L1,ROBUST,0.4818917512893677,ROBUST,idxq4-64_queryq4-64
1386816252.0_L1,1386816252.0,L1,ROBUST,0.5007392168045044,ROBUST,idxq4-64_queryq4-64
1386816316.0_L1,1386816316.0,L1,ROBUST,0.4834913313388824,ROBUST,idxq4-64_queryq4-64
1386816412.0_H1,1386816412.0,H1,BACKGROUND,0.1100310161709785,BACKGROUND,idxq4-64_queryq4-64
1386817084.0_L1,1386817084.0,L1,ROBUST,0.4634106159210205,ROBUST,idxq4-64_queryq4-64
1386817436.0_L1,1386817436.0,L1,ROBUST,0.4896999299526214,ROBUST,idxq4-64_queryq4-64
1386817500.0_H1,1386817500.0,H1,ROBUST,0.436386227607727,ROBUST,idxq4-64_queryq4-64
1386817884.0_L1,1386817884.0,L1,ROBUST,0.491536021232605,ROBUST,idxq4-64_queryq4-64
1386817948.0_L1,1386817948.0,L1,ROBUST,0.466116726398468,ROBUST,idxq4-64_queryq4-64
1386817948.0_H1,1386817948.0,H1,AMBIGUOUS,0.13316787779331207,AMBIGUOUS,idxq4-64_queryq4-64
1386818268.0_L1,1386818268.0,L1,ROBUST,0.4855250120162964,ROBUST,idxq4-64_queryq4-64
1386818908.0_L1,1386818908.0,L1,ROBUST,0.5257094502449036,ROBUST,idxq4-64_queryq4-64
1386819484.0_L1,1386819484.0,L1,ROBUST,0.501014232635498,ROBUST,idxq4-64_queryq4-64
1386825084.0_L1,1386825084.0,L1,ROBUST,0.4864855408668518,ROBUST,idxq4-64_queryq4-64
1386825116.0_L1,1386825116.0,L1,ROBUST,0.4910786151885986,ROBUST,idxq4-64_queryq4-64
1386825180.0_L1,1386825180.0,L1,ROBUST,0.5344216227531433,ROBUST,idxq4-64_queryq4-64
1386825340.0_H1,1386825340.0,H1,ROBUST,0.4305640161037445,ROBUST,idxq4-64_queryq4-64
1386825724.0_L1,1386825724.0,L1,ROBUST,0.4676356017589569,ROBUST,idxq4-64_queryq4-64
1386876284.0_L1,1386876284.0,L1,ROBUST,0.4846535921096802,ROBUST,idxq4-64_queryq4-64
1386878172.0_L1,1386878172.0,L1,ROBUST,0.4635061025619507,ROBUST,idxq4-64_queryq4-64
1386882108.0_L1,1386882108.0,L1,ROBUST,0.4601991474628448,ROBUST,idxq4-64_queryq4-64
1386883292.0_L1,1386883292.0,L1,ROBUST,0.4984209537506103,ROBUST,idxq4-64_queryq4-64
1386888476.0_H1,1386888476.0,H1,ROBUST,0.4476163685321808,ROBUST,idxq4-64_queryq4-64
1386903484.0_L1,1386903484.0,L1,ROBUST,0.4868147373199463,ROBUST,idxq4-64_queryq4-64
1386904828.0_L1,1386904828.0,L1,ROBUST,0.4776261150836944,ROBUST,idxq4-64_queryq4-64
1386905820.0_L1,1386905820.0,L1,ROBUST,0.487129658460617,ROBUST,idxq4-64_queryq4-64
1386908444.0_L1,1386908444.0,L1,ROBUST,0.4867613315582275,ROBUST,idxq4-64_queryq4-64
1386909468.0_H1,1386909468.0,H1,BACKGROUND,0.1295036971569061,BACKGROUND,idxq4-64_queryq4-64
1386909564.0_L1,1386909564.0,L1,ROBUST,0.5157833099365234,ROBUST,idxq4-64_queryq4-64
1387081468.0_H1,1387081468.0,H1,ROBUST,0.2078082263469696,ROBUST,idxq4-64_queryq4-64
1387088668.0_H1,1387088668.0,H1,BACKGROUND,0.109715886414051,BACKGROUND,idxq4-64_queryq4-64
1387093500.0_H1,1387093500.0,H1,BACKGROUND,0.1116259768605232,BACKGROUND,idxq4-64_queryq4-64
1387094528.0_H1,1387094528.0,H1,BACKGROUND,0.0754039138555526,BACKGROUND,idxq4-64_queryq4-64
1387103548.0_H1,1387103548.0,H1,ROBUST,0.4281469285488128,ROBUST,idxq4-64_queryq4-64
1387104924.0_H1,1387104924.0,H1,AMBIGUOUS,0.1684317290782928,AMBIGUOUS,idxq4-64_queryq4-64
1387106556.0_H1,1387106556.0,H1,ROBUST,0.4467653036117553,ROBUST,idxq4-64_queryq4-64
1387124124.0_H1,1387124124.0,H1,BACKGROUND,0.1075926199555397,BACKGROUND,idxq4-64_queryq4-64
1387124956.0_H1,1387124956.0,H1,ROBUST,0.4485893845558166,ROBUST,idxq4-64_queryq4-64
1387127420.0_H1,1387127420.0,H1,BACKGROUND,0.0832899808883667,BACKGROUND,idxq4-64_queryq4-64
1387129212.0_H1,1387129212.0,H1,ROBUST,0.4376507997512817,ROBUST,idxq4-64_queryq4-64
1387130108.0_L1,1387130108.0,L1,AMBIGUOUS,0.1837833970785141,AMBIGUOUS,idxq4-64_queryq4-64
1387158108.0_H1,1387158108.0,H1,BACKGROUND,0.0893718674778938,BACKGROUND,idxq4-64_queryq4-64
1387159100.0_H1,1387159100.0,H1,BACKGROUND,0.1196682900190353,BACKGROUND,idxq4-64_queryq4-64
1387162492.0_H1,1387162492.0,H1,ROBUST,0.4539580643177032,ROBUST,idxq4-64_queryq4-64
1387166012.0_H1,1387166012.0,H1,BACKGROUND,0.0934014022350311,BACKGROUND,idxq4-64_queryq4-64
1387167676.0_H1,1387167676.0,H1,ROBUST,0.21271713078022,ROBUST,idxq4-64_queryq4-64
1387167964.0_H1,1387167964.0,H1,AMBIGUOUS,0.1445698142051696,AMBIGUOUS,idxq4-64_queryq4-64
1387173180.0_L1,1387173180.0,L1,ROBUST,0.4459993541240692,ROBUST,idxq4-64_queryq4-64
1387173628.0_H1,1387173628.0,H1,ROBUST,0.4448237717151642,ROBUST,idxq4-64_queryq4-64
1387173916.0_H1,1387173916.0,H1,BACKGROUND,0.0979990065097808,BACKGROUND,idxq4-64_queryq4-64
1387180604.0_H1,1387180604.0,H1,BACKGROUND,0.0944591239094734,BACKGROUND,idxq4-64_queryq4-64
1387183900.0_H1,1387183900.0,H1,ROBUST,0.4102671444416046,ROBUST,idxq4-64_queryq4-64
1387184604.0_H1,1387184604.0,H1,BACKGROUND,0.1066172793507576,BACKGROUND,idxq4-64_queryq4-64
1387200956.0_H1,1387200956.0,H1,BACKGROUND,0.0958063304424285,BACKGROUND,idxq4-64_queryq4-64
1387202172.0_L1,1387202172.0,L1,ROBUST,0.4311741590499878,ROBUST,idxq4-64_queryq4-64
1387203516.0_H1,1387203516.0,H1,BACKGROUND,0.1086622178554534,BACKGROUND,idxq4-64_queryq4-64
1387203836.0_L1,1387203836.0,L1,AMBIGUOUS,0.2025815993547439,AMBIGUOUS,idxq4-64_queryq4-64
1387205468.0_L1,1387205468.0,L1,ROBUST,0.4922737777233124,ROBUST,idxq4-64_queryq4-64
1387205756.0_H1,1387205756.0,H1,BACKGROUND,0.1093993410468101,BACKGROUND,idxq4-64_queryq4-64
1387223292.0_L1,1387223292.0,L1,BACKGROUND,0.1368027329444885,BACKGROUND,idxq4-64_queryq4-64
1387224380.0_H1,1387224380.0,H1,BACKGROUND,0.1083745136857032,BACKGROUND,idxq4-64_queryq4-64
1387228796.0_H1,1387228796.0,H1,ROBUST,0.4467666447162628,ROBUST,idxq4-64_queryq4-64
1387254140.0_H1,1387254140.0,H1,BACKGROUND,0.1103680729866027,BACKGROUND,idxq4-64_queryq4-64
1387254620.0_H1,1387254620.0,H1,ROBUST,0.291441410779953,ROBUST,idxq4-64_queryq4-64
1387255612.0_H1,1387255612.0,H1,BACKGROUND,0.1197682544589042,BACKGROUND,idxq4-64_queryq4-64
1387256860.0_H1,1387256860.0,H1,BACKGROUND,0.092037484049797,BACKGROUND,idxq4-64_queryq4-64
1387257084.0_H1,1387257084.0,H1,BACKGROUND,0.1060511395335197,BACKGROUND,idxq4-64_queryq4-64
1387257500.0_H1,1387257500.0,H1,ROBUST,0.4214210510253906,ROBUST,idxq4-64_queryq4-64
1387258012.0_H1,1387258012.0,H1,BACKGROUND,0.1294050514698028,BACKGROUND,idxq4-64_queryq4-64
1387258556.0_H1,1387258556.0,H1,BACKGROUND,0.1043968796730041,BACKGROUND,idxq4-64_queryq4-64
1387259388.0_H1,1387259388.0,H1,ROBUST,0.4395413100719452,ROBUST,idxq4-64_queryq4-64
1387259804.0_H1,1387259804.0,H1,BACKGROUND,0.1106627881526947,BACKGROUND,idxq4-64_queryq4-64
1387262172.0_H1,1387262172.0,H1,ROBUST,0.4173408448696136,ROBUST,idxq4-64_queryq4-64
1387264316.0_H1,1387264316.0,H1,BACKGROUND,0.1278712898492813,BACKGROUND,idxq4-64_queryq4-64
1387266268.0_H1,1387266268.0,H1,BACKGROUND,0.10828847438097,BACKGROUND,idxq4-64_queryq4-64
1387266652.0_H1,1387266652.0,H1,AMBIGUOUS,0.1383318901062011,AMBIGUOUS,idxq4-64_queryq4-64
1387272476.0_H1,1387272476.0,H1,BACKGROUND,0.0900682434439659,BACKGROUND,idxq4-64_queryq4-64
1387287580.0_H1,1387287580.0,H1,AMBIGUOUS,0.1432375311851501,AMBIGUOUS,idxq4-64_queryq4-64
1387287932.0_H1,1387287932.0,H1,AMBIGUOUS,0.1396172493696212,AMBIGUOUS,idxq4-64_queryq4-64
1387294748.0_H1,1387294748.0,H1,BACKGROUND,0.1115673035383224,BACKGROUND,idxq4-64_queryq4-64
1387297536.0_H1,1387297536.0,H1,AMBIGUOUS,0.1461350470781326,AMBIGUOUS,idxq4-64_queryq4-64
1387298044.0_H1,1387298044.0,H1,BACKGROUND,0.0897541046142578,BACKGROUND,idxq4-64_queryq4-64
1387298812.0_H1,1387298812.0,H1,ROBUST,0.4820027649402618,ROBUST,idxq4-64_queryq4-64
1387301116.0_H1,1387301116.0,H1,BACKGROUND,0.1206159740686416,BACKGROUND,idxq4-64_queryq4-64
1387301372.0_H1,1387301372.0,H1,BACKGROUND,0.1081499233841896,BACKGROUND,idxq4-64_queryq4-64
1387303708.0_H1,1387303708.0,H1,BACKGROUND,0.0988225415349006,BACKGROUND,idxq4-64_queryq4-64
1387312444.0_H1,1387312444.0,H1,BACKGROUND,0.1152437254786491,BACKGROUND,idxq4-64_queryq4-64
1387312764.0_H1,1387312764.0,H1,BACKGROUND,0.1191256493330001,BACKGROUND,idxq4-64_queryq4-64
1387312828.0_H1,1387312828.0,H1,BACKGROUND,0.1111861020326614,BACKGROUND,idxq4-64_queryq4-64
1387313052.0_H1,1387313052.0,H1,BACKGROUND,0.1056487336754798,BACKGROUND,idxq4-64_queryq4-64
1387313404.0_H1,1387313404.0,H1,BACKGROUND,0.1118423864245414,BACKGROUND,idxq4-64_queryq4-64
1387315804.0_H1,1387315804.0,H1,BACKGROUND,0.1164988577365875,BACKGROUND,idxq4-64_queryq4-64
1387317308.0_H1,1387317308.0,H1,AMBIGUOUS,0.1348461806774139,AMBIGUOUS,idxq4-64_queryq4-64
1387317532.0_H1,1387317532.0,H1,BACKGROUND,0.1036888435482978,BACKGROUND,idxq4-64_queryq4-64
1387318812.0_H1,1387318812.0,H1,BACKGROUND,0.1091406196355819,BACKGROUND,idxq4-64_queryq4-64
1387321372.0_H1,1387321372.0,H1,AMBIGUOUS,0.1936630308628082,AMBIGUOUS,idxq4-64_queryq4-64
1387321596.0_H1,1387321596.0,H1,ROBUST,0.304721474647522,ROBUST,idxq4-64_queryq4-64
1387322492.0_H1,1387322492.0,H1,BACKGROUND,0.087793655693531,BACKGROUND,idxq4-64_queryq4-64
1387325532.0_H1,1387325532.0,H1,BACKGROUND,0.085474669933319,BACKGROUND,idxq4-64_queryq4-64
1387327004.0_H1,1387327004.0,H1,ROBUST,0.2533572614192962,ROBUST,idxq4-64_queryq4-64
1387331036.0_H1,1387331036.0,H1,BACKGROUND,0.1191409900784492,BACKGROUND,idxq4-64_queryq4-64
1387335452.0_H1,1387335452.0,H1,BACKGROUND,0.1087689399719238,BACKGROUND,idxq4-64_queryq4-64
1387336316.0_H1,1387336316.0,H1,ROBUST,0.4462575316429138,ROBUST,idxq4-64_queryq4-64
1387338460.0_H1,1387338460.0,H1,AMBIGUOUS,0.1882578134536743,AMBIGUOUS,idxq4-64_queryq4-64
1387339708.0_H1,1387339708.0,H1,AMBIGUOUS,0.1310506016016006,AMBIGUOUS,idxq4-64_queryq4-64
1387340892.0_H1,1387340892.0,H1,BACKGROUND,0.0907821506261825,BACKGROUND,idxq4-64_queryq4-64
1387343612.0_H1,1387343612.0,H1,ROBUST,0.2197618931531906,ROBUST,idxq4-64_queryq4-64
1387346972.0_H1,1387346972.0,H1,BACKGROUND,0.1291994750499725,BACKGROUND,idxq4-64_queryq4-64
1387351228.0_H1,1387351228.0,H1,AMBIGUOUS,0.1429370492696762,AMBIGUOUS,idxq4-64_queryq4-64
1387355484.0_H1,1387355484.0,H1,AMBIGUOUS,0.1553349196910858,AMBIGUOUS,idxq4-64_queryq4-64
1387356764.0_H1,1387356764.0,H1,BACKGROUND,0.0992539301514625,BACKGROUND,idxq4-64_queryq4-64
1387359004.0_H1,1387359004.0,H1,BACKGROUND,0.1115413159132003,BACKGROUND,idxq4-64_queryq4-64
1387361756.0_H1,1387361756.0,H1,AMBIGUOUS,0.1750742346048355,AMBIGUOUS,idxq4-64_queryq4-64
1387362652.0_H1,1387362652.0,H1,BACKGROUND,0.0946394428610801,BACKGROUND,idxq4-64_queryq4-64
1387362716.0_H1,1387362716.0,H1,BACKGROUND,0.0886881351470947,BACKGROUND,idxq4-64_queryq4-64
1387363420.0_H1,1387363420.0,H1,AMBIGUOUS,0.1514836549758911,AMBIGUOUS,idxq4-64_queryq4-64
1387371228.0_H1,1387371228.0,H1,ROBUST,0.2111057192087173,ROBUST,idxq4-64_queryq4-64
1387371452.0_H1,1387371452.0,H1,AMBIGUOUS,0.1322475671768188,AMBIGUOUS,idxq4-64_queryq4-64
1387375360.0_H1,1387375360.0,H1,BACKGROUND,0.0657131522893905,BACKGROUND,idxq4-64_queryq4-64
1387375804.0_H1,1387375804.0,H1,BACKGROUND,0.106798805296421,BACKGROUND,idxq4-64_queryq4-64
1387376860.0_H1,1387376860.0,H1,BACKGROUND,0.0942983329296112,BACKGROUND,idxq4-64_queryq4-64
1387376892.0_H1,1387376892.0,H1,BACKGROUND,0.11777263879776,BACKGROUND,idxq4-64_queryq4-64
1387377084.0_H1,1387377084.0,H1,ROBUST,0.3138797879219055,ROBUST,idxq4-64_queryq4-64
1387378332.0_H1,1387378332.0,H1,BACKGROUND,0.0929953977465629,BACKGROUND,idxq4-64_queryq4-64
1387378396.0_H1,1387378396.0,H1,BACKGROUND,0.1140749007463455,BACKGROUND,idxq4-64_queryq4-64
1387380764.0_H1,1387380764.0,H1,BACKGROUND,0.0899558886885643,BACKGROUND,idxq4-64_queryq4-64
1387381148.0_H1,1387381148.0,H1,BACKGROUND,0.1046460196375846,BACKGROUND,idxq4-64_queryq4-64
1387383516.0_H1,1387383516.0,H1,AMBIGUOUS,0.1923720836639404,AMBIGUOUS,idxq4-64_queryq4-64
1387402268.0_H1,1387402268.0,H1,BACKGROUND,0.0984071791172027,BACKGROUND,idxq4-64_queryq4-64
1387403868.0_H1,1387403868.0,H1,BACKGROUND,0.1268771737813949,BACKGROUND,idxq4-64_queryq4-64
1387407196.0_H1,1387407196.0,H1,ROBUST,0.4867775738239288,ROBUST,idxq4-64_queryq4-64
1387407420.0_H1,1387407420.0,H1,ROBUST,0.4529661536216736,ROBUST,idxq4-64_queryq4-64
1387409084.0_H1,1387409084.0,H1,BACKGROUND,0.0824778378009796,BACKGROUND,idxq4-64_queryq4-64
1387409724.0_H1,1387409724.0,H1,BACKGROUND,0.098926268517971,BACKGROUND,idxq4-64_queryq4-64
1387420284.0_H1,1387420284.0,H1,BACKGROUND,0.1083747372031211,BACKGROUND,idxq4-64_queryq4-64
1387431644.0_H1,1387431644.0,H1,BACKGROUND,0.103922426700592,BACKGROUND,idxq4-64_queryq4-64
1387432348.0_H1,1387432348.0,H1,BACKGROUND,0.1046391427516937,BACKGROUND,idxq4-64_queryq4-64
1387432636.0_H1,1387432636.0,H1,AMBIGUOUS,0.1305177062749862,AMBIGUOUS,idxq4-64_queryq4-64
1387433212.0_H1,1387433212.0,H1,BACKGROUND,0.1049245074391365,BACKGROUND,idxq4-64_queryq4-64
1387454140.0_H1,1387454140.0,H1,BACKGROUND,0.1006316468119621,BACKGROUND,idxq4-64_queryq4-64
1387455516.0_H1,1387455516.0,H1,ROBUST,0.4225403368473053,ROBUST,idxq4-64_queryq4-64
1387457280.0_H1,1387457280.0,H1,BACKGROUND,0.0812017396092414,BACKGROUND,idxq4-64_queryq4-64
1387457820.0_H1,1387457820.0,H1,BACKGROUND,0.1135846599936485,BACKGROUND,idxq4-64_queryq4-64
1387457884.0_H1,1387457884.0,H1,ROBUST,0.4372284412384033,ROBUST,idxq4-64_queryq4-64
1387459324.0_H1,1387459324.0,H1,BACKGROUND,0.1246708109974861,BACKGROUND,idxq4-64_queryq4-64
1387460604.0_H1,1387460604.0,H1,BACKGROUND,0.1044477522373199,BACKGROUND,idxq4-64_queryq4-64
1387461276.0_H1,1387461276.0,H1,BACKGROUND,0.1082924976944923,BACKGROUND,idxq4-64_queryq4-64
1387461376.0_H1,1387461376.0,H1,BACKGROUND,0.0728256553411483,BACKGROUND,idxq4-64_queryq4-64
1387461820.0_H1,1387461820.0,H1,ROBUST,0.4590801298618316,ROBUST,idxq4-64_queryq4-64
1387463260.0_H1,1387463260.0,H1,BACKGROUND,0.0989855527877807,BACKGROUND,idxq4-64_queryq4-64
1387463932.0_H1,1387463932.0,H1,BACKGROUND,0.1030134186148643,BACKGROUND,idxq4-64_queryq4-64
1387493308.0_H1,1387493308.0,H1,ROBUST,0.4676551818847656,ROBUST,idxq4-64_queryq4-64
1387493340.0_H1,1387493340.0,H1,ROBUST,0.3613735139369964,ROBUST,idxq4-64_queryq4-64
1387493788.0_H1,1387493788.0,H1,ROBUST,0.4612583220005035,ROBUST,idxq4-64_queryq4-64
1387494940.0_H1,1387494940.0,H1,BACKGROUND,0.096434362232685,BACKGROUND,idxq4-64_queryq4-64
1387495004.0_H1,1387495004.0,H1,ROBUST,0.4233229458332062,ROBUST,idxq4-64_queryq4-64
1387495868.0_H1,1387495868.0,H1,AMBIGUOUS,0.1782235950231552,AMBIGUOUS,idxq4-64_queryq4-64
1387495932.0_H1,1387495932.0,H1,BACKGROUND,0.1016619428992271,BACKGROUND,idxq4-64_queryq4-64
1387564604.0_H1,1387564604.0,H1,BACKGROUND,0.0853844359517097,BACKGROUND,idxq4-64_queryq4-64
1387564988.0_H1,1387564988.0,H1,BACKGROUND,0.1060309708118438,BACKGROUND,idxq4-64_queryq4-64
1387565660.0_H1,1387565660.0,H1,AMBIGUOUS,0.1336710304021835,AMBIGUOUS,idxq4-64_queryq4-64
1387567068.0_H1,1387567068.0,H1,BACKGROUND,0.09372328966856,BACKGROUND,idxq4-64_queryq4-64
1388186300.0_H1,1388186300.0,H1,BACKGROUND,0.1272751241922378,BACKGROUND,idxq4-64_queryq4-64
1388187132.0_H1,1388187132.0,H1,BACKGROUND,0.0996428281068801,BACKGROUND,idxq4-64_queryq4-64
1388192476.0_L1,1388192476.0,L1,ROBUST,0.4316432178020477,ROBUST,idxq4-64_queryq4-64
1388194652.0_L1,1388194652.0,L1,ROBUST,0.4797323346138,ROBUST,idxq4-64_queryq4-64
1388195072.0_H1,1388195072.0,H1,BACKGROUND,0.1144738346338272,BACKGROUND,idxq4-64_queryq4-64
1388196220.0_H1,1388196220.0,H1,BACKGROUND,0.0953140929341316,BACKGROUND,idxq4-64_queryq4-64
1388196860.0_H1,1388196860.0,H1,BACKGROUND,0.0909849479794502,BACKGROUND,idxq4-64_queryq4-64
1388201148.0_H1,1388201148.0,H1,BACKGROUND,0.1221319362521171,BACKGROUND,idxq4-64_queryq4-64
1388201532.0_H1,1388201532.0,H1,ROBUST,0.2045888900756836,ROBUST,idxq4-64_queryq4-64
1388201660.0_H1,1388201660.0,H1,AMBIGUOUS,0.2032232731580734,AMBIGUOUS,idxq4-64_queryq4-64
1388201820.0_H1,1388201820.0,H1,BACKGROUND,0.0919564738869667,BACKGROUND,idxq4-64_queryq4-64
1388202652.0_H1,1388202652.0,H1,ROBUST,0.2253442108631134,ROBUST,idxq4-64_queryq4-64
1388204572.0_H1,1388204572.0,H1,BACKGROUND,0.113399788737297,BACKGROUND,idxq4-64_queryq4-64
1388205052.0_L1,1388205052.0,L1,ROBUST,0.445106953382492,ROBUST,idxq4-64_queryq4-64
1388205308.0_H1,1388205308.0,H1,ROBUST,0.4149269163608551,ROBUST,idxq4-64_queryq4-64
1388205436.0_H1,1388205436.0,H1,BACKGROUND,0.1086585372686386,BACKGROUND,idxq4-64_queryq4-64
1388207420.0_H1,1388207420.0,H1,BACKGROUND,0.1152722314000129,BACKGROUND,idxq4-64_queryq4-64
1388208252.0_H1,1388208252.0,H1,BACKGROUND,0.1185207813978195,BACKGROUND,idxq4-64_queryq4-64
1388208700.0_L1,1388208700.0,L1,ROBUST,0.4446138441562652,ROBUST,idxq4-64_queryq4-64
1388209948.0_H1,1388209948.0,H1,AMBIGUOUS,0.1401605904102325,AMBIGUOUS,idxq4-64_queryq4-64
1388210556.0_H1,1388210556.0,H1,BACKGROUND,0.1203317642211914,BACKGROUND,idxq4-64_queryq4-64
1388210780.0_H1,1388210780.0,H1,BACKGROUND,0.1237812638282775,BACKGROUND,idxq4-64_queryq4-64
1388210908.0_H1,1388210908.0,H1,BACKGROUND,0.0934974923729896,BACKGROUND,idxq4-64_queryq4-64
1388211292.0_H1,1388211292.0,H1,AMBIGUOUS,0.1420246213674545,AMBIGUOUS,idxq4-64_queryq4-64
1388276700.0_H1,1388276700.0,H1,ROBUST,0.4152770936489105,ROBUST,idxq4-64_queryq4-64
1388276892.0_H1,1388276892.0,H1,ROBUST,0.4343708753585815,ROBUST,idxq4-64_queryq4-64
1388283836.0_H1,1388283836.0,H1,ROBUST,0.4305991530418396,ROBUST,idxq4-64_queryq4-64
1388285020.0_H1,1388285020.0,H1,ROBUST,0.4425319135189056,ROBUST,idxq4-64_queryq4-64
1388285084.0_H1,1388285084.0,H1,BACKGROUND,0.1018762290477752,BACKGROUND,idxq4-64_queryq4-64
1388287676.0_H1,1388287676.0,H1,BACKGROUND,0.0896978825330734,BACKGROUND,idxq4-64_queryq4-64
1388294940.0_H1,1388294940.0,H1,ROBUST,0.4252638518810272,ROBUST,idxq4-64_queryq4-64
1388298204.0_H1,1388298204.0,H1,ROBUST,0.475920170545578,ROBUST,idxq4-64_queryq4-64
1388308572.0_H1,1388308572.0,H1,BACKGROUND,0.0996540933847427,BACKGROUND,idxq4-64_queryq4-64
1388312348.0_H1,1388312348.0,H1,ROBUST,0.4277130663394928,ROBUST,idxq4-64_queryq4-64
1388313500.0_L1,1388313500.0,L1,ROBUST,0.4727467894554138,ROBUST,idxq4-64_queryq4-64
1388314268.0_H1,1388314268.0,H1,BACKGROUND,0.1012685894966125,BACKGROUND,idxq4-64_queryq4-64
1388314780.0_H1,1388314780.0,H1,AMBIGUOUS,0.1331738382577896,AMBIGUOUS,idxq4-64_queryq4-64
1388315932.0_L1,1388315932.0,L1,ROBUST,0.4543317556381225,ROBUST,idxq4-64_queryq4-64
1388316028.0_H1,1388316028.0,H1,BACKGROUND,0.1136787310242652,BACKGROUND,idxq4-64_queryq4-64
1388317724.0_L1,1388317724.0,L1,ROBUST,0.4618818759918213,ROBUST,idxq4-64_queryq4-64
1388318012.0_L1,1388318012.0,L1,ROBUST,0.447331428527832,ROBUST,idxq4-64_queryq4-64
1388319868.0_L1,1388319868.0,L1,ROBUST,0.440930038690567,ROBUST,idxq4-64_queryq4-64
1388320764.0_H1,1388320764.0,H1,ROBUST,0.4683168530464172,ROBUST,idxq4-64_queryq4-64
1388321244.0_L1,1388321244.0,L1,ROBUST,0.4410308599472046,ROBUST,idxq4-64_queryq4-64
1388321276.0_L1,1388321276.0,L1,ROBUST,0.4654935896396637,ROBUST,idxq4-64_queryq4-64
1388321308.0_L1,1388321308.0,L1,ROBUST,0.4128305912017822,ROBUST,idxq4-64_queryq4-64
1388321692.0_L1,1388321692.0,L1,ROBUST,0.465554416179657,ROBUST,idxq4-64_queryq4-64
1388322048.0_L1,1388322048.0,L1,ROBUST,0.4434810578823089,ROBUST,idxq4-64_queryq4-64
1388322844.0_L1,1388322844.0,L1,ROBUST,0.3970838189125061,ROBUST,idxq4-64_queryq4-64
1388322908.0_L1,1388322908.0,L1,ROBUST,0.4441445767879486,ROBUST,idxq4-64_queryq4-64
1388323196.0_L1,1388323196.0,L1,ROBUST,0.4305707514286041,ROBUST,idxq4-64_queryq4-64
1388323676.0_L1,1388323676.0,L1,ROBUST,0.470669537782669,ROBUST,idxq4-64_queryq4-64
1388324316.0_H1,1388324316.0,H1,BACKGROUND,0.1071924045681953,BACKGROUND,idxq4-64_queryq4-64
1388325212.0_L1,1388325212.0,L1,ROBUST,0.4640240371227264,ROBUST,idxq4-64_queryq4-64
1388325308.0_H1,1388325308.0,H1,AMBIGUOUS,0.1850934773683548,AMBIGUOUS,idxq4-64_queryq4-64
1388328060.0_H1,1388328060.0,H1,BACKGROUND,0.0903052985668182,BACKGROUND,idxq4-64_queryq4-64
1388328188.0_L1,1388328188.0,L1,ROBUST,0.4576417803764343,ROBUST,idxq4-64_queryq4-64
1388328476.0_L1,1388328476.0,L1,ROBUST,0.3994331955909729,ROBUST,idxq4-64_queryq4-64
1388328860.0_L1,1388328860.0,L1,ROBUST,0.4626747965812683,ROBUST,idxq4-64_queryq4-64
1388330076.0_L1,1388330076.0,L1,ROBUST,0.4571006298065185,ROBUST,idxq4-64_queryq4-64
1388330076.0_H1,1388330076.0,H1,AMBIGUOUS,0.14569832384586334,AMBIGUOUS,idxq4-64_queryq4-64
1388330204.0_H1,1388330204.0,H1,ROBUST,0.2102764993906021,ROBUST,idxq4-64_queryq4-64
1388331868.0_L1,1388331868.0,L1,ROBUST,0.4276575744152069,ROBUST,idxq4-64_queryq4-64
1388332508.0_L1,1388332508.0,L1,ROBUST,0.4753777682781219,ROBUST,idxq4-64_queryq4-64
1388333116.0_H1,1388333116.0,H1,BACKGROUND,0.1240137889981269,BACKGROUND,idxq4-64_queryq4-64
1388335036.0_L1,1388335036.0,L1,ROBUST,0.4601103365421295,ROBUST,idxq4-64_queryq4-64
1388336284.0_L1,1388336284.0,L1,ROBUST,0.3539706766605377,ROBUST,idxq4-64_queryq4-64
1388336892.0_L1,1388336892.0,L1,ROBUST,0.4595158696174621,ROBUST,idxq4-64_queryq4-64
1388337340.0_L1,1388337340.0,L1,ROBUST,0.4526315629482269,ROBUST,idxq4-64_queryq4-64
1388337852.0_H1,1388337852.0,H1,ROBUST,0.4556961059570312,ROBUST,idxq4-64_queryq4-64
1388337884.0_H1,1388337884.0,H1,ROBUST,0.3531167209148407,ROBUST,idxq4-64_queryq4-64
1388338076.0_L1,1388338076.0,L1,ROBUST,0.4194748401641845,ROBUST,idxq4-64_queryq4-64
1388338908.0_L1,1388338908.0,L1,ROBUST,0.4659762382507324,ROBUST,idxq4-64_queryq4-64
1388339452.0_H1,1388339452.0,H1,ROBUST,0.4245796501636505,ROBUST,idxq4-64_queryq4-64
1388341084.0_L1,1388341084.0,L1,ROBUST,0.4271389245986938,ROBUST,idxq4-64_queryq4-64
1388342140.0_L1,1388342140.0,L1,ROBUST,0.4527995884418487,ROBUST,idxq4-64_queryq4-64
1388343612.0_L1,1388343612.0,L1,ROBUST,0.4424609243869781,ROBUST,idxq4-64_queryq4-64
1388345884.0_L1,1388345884.0,L1,ROBUST,0.4579411149024963,ROBUST,idxq4-64_queryq4-64
1388346460.0_H1,1388346460.0,H1,AMBIGUOUS,0.185404434800148,AMBIGUOUS,idxq4-64_queryq4-64
1388362300.0_H1,1388362300.0,H1,ROBUST,0.4830237030982971,ROBUST,idxq4-64_queryq4-64
1388366108.0_H1,1388366108.0,H1,BACKGROUND,0.0989544168114662,BACKGROUND,idxq4-64_queryq4-64
1388367772.0_H1,1388367772.0,H1,ROBUST,0.4563764035701751,ROBUST,idxq4-64_queryq4-64
1388368284.0_L1,1388368284.0,L1,ROBUST,0.4291461706161499,ROBUST,idxq4-64_queryq4-64
1388368796.0_H1,1388368796.0,H1,BACKGROUND,0.1284635514020919,BACKGROUND,idxq4-64_queryq4-64
1388368988.0_L1,1388368988.0,L1,ROBUST,0.4239711463451385,ROBUST,idxq4-64_queryq4-64
1388370524.0_H1,1388370524.0,H1,ROBUST,0.4404810965061188,ROBUST,idxq4-64_queryq4-64
1388370556.0_L1,1388370556.0,L1,ROBUST,0.4485203921794891,ROBUST,idxq4-64_queryq4-64
1388373116.0_L1,1388373116.0,L1,ROBUST,0.4314031302928924,ROBUST,idxq4-64_queryq4-64
1388378012.0_H1,1388378012.0,H1,ROBUST,0.4358951449394226,ROBUST,idxq4-64_queryq4-64
1388380380.0_H1,1388380380.0,H1,ROBUST,0.4355038702487945,ROBUST,idxq4-64_queryq4-64
1388381020.0_H1,1388381020.0,H1,ROBUST,0.4586613476276397,ROBUST,idxq4-64_queryq4-64
1388381980.0_H1,1388381980.0,H1,BACKGROUND,0.1156446412205696,BACKGROUND,idxq4-64_queryq4-64
1388385116.0_H1,1388385116.0,H1,BACKGROUND,0.1022636890411377,BACKGROUND,idxq4-64_queryq4-64
1388388412.0_H1,1388388412.0,H1,AMBIGUOUS,0.1309625655412674,AMBIGUOUS,idxq4-64_queryq4-64
1388392860.0_H1,1388392860.0,H1,ROBUST,0.4321998059749603,ROBUST,idxq4-64_queryq4-64
1388393212.0_H1,1388393212.0,H1,BACKGROUND,0.1066198199987411,BACKGROUND,idxq4-64_queryq4-64
1388394140.0_H1,1388394140.0,H1,ROBUST,0.4274706542491913,ROBUST,idxq4-64_queryq4-64
1388394172.0_H1,1388394172.0,H1,ROBUST,0.4175565838813782,ROBUST,idxq4-64_queryq4-64
1388401084.0_H1,1388401084.0,H1,ROBUST,0.2142530381679535,ROBUST,idxq4-64_queryq4-64
1388403968.0_H1,1388403968.0,H1,AMBIGUOUS,0.1344749629497528,AMBIGUOUS,idxq4-64_queryq4-64
1388404924.0_H1,1388404924.0,H1,BACKGROUND,0.0879255011677742,BACKGROUND,idxq4-64_queryq4-64
1388405500.0_H1,1388405500.0,H1,BACKGROUND,0.1001731678843498,BACKGROUND,idxq4-64_queryq4-64
1388408380.0_H1,1388408380.0,H1,AMBIGUOUS,0.133096843957901,AMBIGUOUS,idxq4-64_queryq4-64
1388412220.0_H1,1388412220.0,H1,AMBIGUOUS,0.1398919969797134,AMBIGUOUS,idxq4-64_queryq4-64
1388414492.0_H1,1388414492.0,H1,ROBUST,0.3899151384830475,ROBUST,idxq4-64_queryq4-64
1388414908.0_H1,1388414908.0,H1,ROBUST,0.4565412104129791,ROBUST,idxq4-64_queryq4-64
1388626076.0_H1,1388626076.0,H1,ROBUST,0.4596423506736755,ROBUST,idxq4-64_queryq4-64
1388627164.0_L1,1388627164.0,L1,ROBUST,0.4307723343372345,ROBUST,idxq4-64_queryq4-64
1388627196.0_L1,1388627196.0,L1,ROBUST,0.4360145926475525,ROBUST,idxq4-64_queryq4-64
1388627548.0_L1,1388627548.0,L1,ROBUST,0.4360724091529846,ROBUST,idxq4-64_queryq4-64
1388627900.0_L1,1388627900.0,L1,ROBUST,0.4608305096626282,ROBUST,idxq4-64_queryq4-64
1388628156.0_L1,1388628156.0,L1,ROBUST,0.4458726942539215,ROBUST,idxq4-64_queryq4-64
1388628668.0_L1,1388628668.0,L1,ROBUST,0.4654439091682434,ROBUST,idxq4-64_queryq4-64
1388628924.0_L1,1388628924.0,L1,ROBUST,0.4378504455089569,ROBUST,idxq4-64_queryq4-64
1388630364.0_L1,1388630364.0,L1,ROBUST,0.4424382448196411,ROBUST,idxq4-64_queryq4-64
1388631388.0_H1,1388631388.0,H1,BACKGROUND,0.0942360758781433,BACKGROUND,idxq4-64_queryq4-64
1388631516.0_L1,1388631516.0,L1,ROBUST,0.4582724869251251,ROBUST,idxq4-64_queryq4-64
1388631548.0_L1,1388631548.0,L1,ROBUST,0.4317307770252228,ROBUST,idxq4-64_queryq4-64
1388645788.0_L1,1388645788.0,L1,ROBUST,0.440478652715683,ROBUST,idxq4-64_queryq4-64
1388646108.0_L1,1388646108.0,L1,ROBUST,0.4759542942047119,ROBUST,idxq4-64_queryq4-64
1388646172.0_L1,1388646172.0,L1,ROBUST,0.4470591247081756,ROBUST,idxq4-64_queryq4-64
1388646620.0_L1,1388646620.0,L1,ROBUST,0.4314251542091369,ROBUST,idxq4-64_queryq4-64
1388646652.0_L1,1388646652.0,L1,ROBUST,0.4251765608787536,ROBUST,idxq4-64_queryq4-64
1388646748.0_H1,1388646748.0,H1,AMBIGUOUS,0.1445231288671493,AMBIGUOUS,idxq4-64_queryq4-64
1388646844.0_L1,1388646844.0,L1,ROBUST,0.4487172663211822,ROBUST,idxq4-64_queryq4-64
1388646940.0_L1,1388646940.0,L1,ROBUST,0.4432614743709564,ROBUST,idxq4-64_queryq4-64
1388647100.0_L1,1388647100.0,L1,ROBUST,0.4714993238449096,ROBUST,idxq4-64_queryq4-64
1388647164.0_L1,1388647164.0,L1,ROBUST,0.4680244326591491,ROBUST,idxq4-64_queryq4-64
1388647388.0_L1,1388647388.0,L1,ROBUST,0.4293900430202484,ROBUST,idxq4-64_queryq4-64
1388647772.0_H1,1388647772.0,H1,BACKGROUND,0.1080501079559326,BACKGROUND,idxq4-64_queryq4-64
1388647804.0_L1,1388647804.0,L1,ROBUST,0.4848714172840118,ROBUST,idxq4-64_queryq4-64
1388647868.0_H1,1388647868.0,H1,ROBUST,0.2817713916301727,ROBUST,idxq4-64_queryq4-64
1388647964.0_H1,1388647964.0,H1,ROBUST,0.4582341015338897,ROBUST,idxq4-64_queryq4-64
1388648188.0_L1,1388648188.0,L1,ROBUST,0.4538628160953522,ROBUST,idxq4-64_queryq4-64
1388648348.0_L1,1388648348.0,L1,ROBUST,0.4649393856525421,ROBUST,idxq4-64_queryq4-64
1388648668.0_L1,1388648668.0,L1,ROBUST,0.4281804859638214,ROBUST,idxq4-64_queryq4-64
1388649116.0_L1,1388649116.0,L1,ROBUST,0.4467869699001312,ROBUST,idxq4-64_queryq4-64
1388649628.0_L1,1388649628.0,L1,ROBUST,0.452609121799469,ROBUST,idxq4-64_queryq4-64
1388649660.0_L1,1388649660.0,L1,ROBUST,0.4630586206912994,ROBUST,idxq4-64_queryq4-64
1388649948.0_L1,1388649948.0,L1,ROBUST,0.4451827108860016,ROBUST,idxq4-64_queryq4-64
1388651036.0_L1,1388651036.0,L1,ROBUST,0.437184065580368,ROBUST,idxq4-64_queryq4-64
1388651676.0_H1,1388651676.0,H1,ROBUST,0.4181682467460632,ROBUST,idxq4-64_queryq4-64
1388651868.0_H1,1388651868.0,H1,BACKGROUND,0.0993923619389534,BACKGROUND,idxq4-64_queryq4-64
1388652956.0_L1,1388652956.0,L1,ROBUST,0.4605025351047516,ROBUST,idxq4-64_queryq4-64
1388653084.0_H1,1388653084.0,H1,BACKGROUND,0.1264015138149261,BACKGROUND,idxq4-64_queryq4-64
1388653372.0_L1,1388653372.0,L1,ROBUST,0.4725891053676605,ROBUST,idxq4-64_queryq4-64
1388654044.0_L1,1388654044.0,L1,ROBUST,0.4608882367610931,ROBUST,idxq4-64_queryq4-64
1388654076.0_L1,1388654076.0,L1,ROBUST,0.4411173462867737,ROBUST,idxq4-64_queryq4-64
1388654108.0_L1,1388654108.0,L1,ROBUST,0.4748845398426056,ROBUST,idxq4-64_queryq4-64
1388654300.0_L1,1388654300.0,L1,ROBUST,0.4494717717170715,ROBUST,idxq4-64_queryq4-64
1388654460.0_L1,1388654460.0,L1,ROBUST,0.4127570390701294,ROBUST,idxq4-64_queryq4-64
1388654908.0_L1,1388654908.0,L1,ROBUST,0.443476915359497,ROBUST,idxq4-64_queryq4-64
1388655164.0_L1,1388655164.0,L1,ROBUST,0.4351257383823395,ROBUST,idxq4-64_queryq4-64
1388655324.0_L1,1388655324.0,L1,ROBUST,0.4495147168636322,ROBUST,idxq4-64_queryq4-64
1388655388.0_L1,1388655388.0,L1,ROBUST,0.4522615671157837,ROBUST,idxq4-64_queryq4-64
1388655804.0_L1,1388655804.0,L1,ROBUST,0.4390393197536468,ROBUST,idxq4-64_queryq4-64
1388656476.0_L1,1388656476.0,L1,ROBUST,0.4306353330612182,ROBUST,idxq4-64_queryq4-64
1388656476.0_H1,1388656476.0,H1,BACKGROUND,0.08840134739875793,BACKGROUND,idxq4-64_queryq4-64
1388656796.0_L1,1388656796.0,L1,ROBUST,0.4181497395038605,ROBUST,idxq4-64_queryq4-64
1388657116.0_L1,1388657116.0,L1,ROBUST,0.4394920170307159,ROBUST,idxq4-64_queryq4-64
1388658044.0_H1,1388658044.0,H1,BACKGROUND,0.0986470058560371,BACKGROUND,idxq4-64_queryq4-64
1388659868.0_L1,1388659868.0,L1,ROBUST,0.4356708228588104,ROBUST,idxq4-64_queryq4-64
1388660284.0_H1,1388660284.0,H1,ROBUST,0.426383912563324,ROBUST,idxq4-64_queryq4-64
1388660476.0_L1,1388660476.0,L1,ROBUST,0.4574652910232544,ROBUST,idxq4-64_queryq4-64
1388660956.0_L1,1388660956.0,L1,ROBUST,0.4504397213459015,ROBUST,idxq4-64_queryq4-64
1388661500.0_L1,1388661500.0,L1,ROBUST,0.463733047246933,ROBUST,idxq4-64_queryq4-64
1388661884.0_H1,1388661884.0,H1,BACKGROUND,0.0843610092997551,BACKGROUND,idxq4-64_queryq4-64
1388662492.0_L1,1388662492.0,L1,ROBUST,0.3926198184490204,ROBUST,idxq4-64_queryq4-64
1388662524.0_L1,1388662524.0,L1,ROBUST,0.457610011100769,ROBUST,idxq4-64_queryq4-64
1388662620.0_L1,1388662620.0,L1,ROBUST,0.4442109167575836,ROBUST,idxq4-64_queryq4-64
1388662716.0_H1,1388662716.0,H1,BACKGROUND,0.1111918911337852,BACKGROUND,idxq4-64_queryq4-64
1388663004.0_H1,1388663004.0,H1,BACKGROUND,0.101662553846836,BACKGROUND,idxq4-64_queryq4-64
1388663036.0_H1,1388663036.0,H1,ROBUST,0.421420156955719,ROBUST,idxq4-64_queryq4-64
1388663196.0_L1,1388663196.0,L1,ROBUST,0.4554516077041626,ROBUST,idxq4-64_queryq4-64
1388663196.0_H1,1388663196.0,H1,ROBUST,0.42169225215911865,ROBUST,idxq4-64_queryq4-64
1388663228.0_L1,1388663228.0,L1,ROBUST,0.5117062926292419,ROBUST,idxq4-64_queryq4-64
1388663484.0_L1,1388663484.0,L1,ROBUST,0.4699326753616333,ROBUST,idxq4-64_queryq4-64
1388663708.0_H1,1388663708.0,H1,ROBUST,0.4641582369804382,ROBUST,idxq4-64_queryq4-64
1388663740.0_L1,1388663740.0,L1,ROBUST,0.4472129046916961,ROBUST,idxq4-64_queryq4-64
1388664412.0_L1,1388664412.0,L1,ROBUST,0.4428122341632843,ROBUST,idxq4-64_queryq4-64
1388664508.0_L1,1388664508.0,L1,ROBUST,0.4638758897781372,ROBUST,idxq4-64_queryq4-64
1388664636.0_L1,1388664636.0,L1,ROBUST,0.4645407795906067,ROBUST,idxq4-64_queryq4-64
1388665340.0_L1,1388665340.0,L1,ROBUST,0.450649231672287,ROBUST,idxq4-64_queryq4-64
1388665692.0_L1,1388665692.0,L1,ROBUST,0.4577414691448211,ROBUST,idxq4-64_queryq4-64
1388665724.0_L1,1388665724.0,L1,ROBUST,0.4303754568099975,ROBUST,idxq4-64_queryq4-64
1388665948.0_L1,1388665948.0,L1,ROBUST,0.4482692182064056,ROBUST,idxq4-64_queryq4-64
1388665980.0_L1,1388665980.0,L1,ROBUST,0.4524755477905273,ROBUST,idxq4-64_queryq4-64
1388666396.0_L1,1388666396.0,L1,ROBUST,0.4358592331409454,ROBUST,idxq4-64_queryq4-64
1388666588.0_L1,1388666588.0,L1,ROBUST,0.4534216523170471,ROBUST,idxq4-64_queryq4-64
1388666652.0_L1,1388666652.0,L1,ROBUST,0.4459565579891205,ROBUST,idxq4-64_queryq4-64
1388666684.0_L1,1388666684.0,L1,ROBUST,0.4686946272850036,ROBUST,idxq4-64_queryq4-64
1388667228.0_L1,1388667228.0,L1,ROBUST,0.4603785872459411,ROBUST,idxq4-64_queryq4-64
1388667260.0_L1,1388667260.0,L1,ROBUST,0.4773734509944916,ROBUST,idxq4-64_queryq4-64
1388667644.0_L1,1388667644.0,L1,ROBUST,0.4737175703048706,ROBUST,idxq4-64_queryq4-64
1388667964.0_L1,1388667964.0,L1,ROBUST,0.4245035350322723,ROBUST,idxq4-64_queryq4-64
1388669436.0_L1,1388669436.0,L1,ROBUST,0.484770268201828,ROBUST,idxq4-64_queryq4-64
1388669628.0_L1,1388669628.0,L1,ROBUST,0.4627892076969147,ROBUST,idxq4-64_queryq4-64
1388669724.0_L1,1388669724.0,L1,ROBUST,0.4396792948246002,ROBUST,idxq4-64_queryq4-64
1388669948.0_H1,1388669948.0,H1,BACKGROUND,0.1083390042185783,BACKGROUND,idxq4-64_queryq4-64
1388670140.0_L1,1388670140.0,L1,ROBUST,0.458697110414505,ROBUST,idxq4-64_queryq4-64
1388670428.0_L1,1388670428.0,L1,ROBUST,0.4379790127277374,ROBUST,idxq4-64_queryq4-64
1388670620.0_L1,1388670620.0,L1,ROBUST,0.4533465206623077,ROBUST,idxq4-64_queryq4-64
1388670940.0_H1,1388670940.0,H1,BACKGROUND,0.1096534356474876,BACKGROUND,idxq4-64_queryq4-64
1388671132.0_L1,1388671132.0,L1,ROBUST,0.4571013152599334,ROBUST,idxq4-64_queryq4-64
1388671356.0_L1,1388671356.0,L1,ROBUST,0.4620901346206665,ROBUST,idxq4-64_queryq4-64
1388671388.0_L1,1388671388.0,L1,ROBUST,0.4585777521133423,ROBUST,idxq4-64_queryq4-64
1388671772.0_L1,1388671772.0,L1,ROBUST,0.4732010662555694,ROBUST,idxq4-64_queryq4-64
1388672156.0_L1,1388672156.0,L1,ROBUST,0.4521966874599457,ROBUST,idxq4-64_queryq4-64
1388672604.0_L1,1388672604.0,L1,ROBUST,0.4673206806182861,ROBUST,idxq4-64_queryq4-64
1388672764.0_L1,1388672764.0,L1,ROBUST,0.5286951661109924,ROBUST,idxq4-64_queryq4-64
1388672828.0_L1,1388672828.0,L1,ROBUST,0.4488604664802551,ROBUST,idxq4-64_queryq4-64
1388672860.0_L1,1388672860.0,L1,ROBUST,0.460523784160614,ROBUST,idxq4-64_queryq4-64
1388673244.0_L1,1388673244.0,L1,ROBUST,0.4496126472949981,ROBUST,idxq4-64_queryq4-64
1388673244.0_H1,1388673244.0,H1,BACKGROUND,0.0897497907280922,BACKGROUND,idxq4-64_queryq4-64
1388673276.0_L1,1388673276.0,L1,ROBUST,0.4402739703655243,ROBUST,idxq4-64_queryq4-64
1388673468.0_L1,1388673468.0,L1,ROBUST,0.4379908442497253,ROBUST,idxq4-64_queryq4-64
1388673532.0_L1,1388673532.0,L1,ROBUST,0.4959630370140075,ROBUST,idxq4-64_queryq4-64
1388673884.0_L1,1388673884.0,L1,ROBUST,0.4150155484676361,ROBUST,idxq4-64_queryq4-64
1388673884.0_H1,1388673884.0,H1,BACKGROUND,0.08727885037660599,BACKGROUND,idxq4-64_queryq4-64
1388674044.0_L1,1388674044.0,L1,ROBUST,0.4600166976451874,ROBUST,idxq4-64_queryq4-64
1388674108.0_L1,1388674108.0,L1,ROBUST,0.3999796509742737,ROBUST,idxq4-64_queryq4-64
1388674524.0_L1,1388674524.0,L1,ROBUST,0.4256238937377929,ROBUST,idxq4-64_queryq4-64
1388674780.0_L1,1388674780.0,L1,ROBUST,0.4379133880138397,ROBUST,idxq4-64_queryq4-64
1388674876.0_L1,1388674876.0,L1,ROBUST,0.4605837762355804,ROBUST,idxq4-64_queryq4-64
1388675004.0_L1,1388675004.0,L1,ROBUST,0.4585468173027038,ROBUST,idxq4-64_queryq4-64
1388675196.0_L1,1388675196.0,L1,ROBUST,0.4338183104991913,ROBUST,idxq4-64_queryq4-64
1388675228.0_L1,1388675228.0,L1,ROBUST,0.4377151429653168,ROBUST,idxq4-64_queryq4-64
1388675292.0_L1,1388675292.0,L1,ROBUST,0.4610174000263214,ROBUST,idxq4-64_queryq4-64
1388675420.0_L1,1388675420.0,L1,ROBUST,0.4628932178020477,ROBUST,idxq4-64_queryq4-64
1388676188.0_L1,1388676188.0,L1,ROBUST,0.4254233539104461,ROBUST,idxq4-64_queryq4-64
1388676220.0_L1,1388676220.0,L1,ROBUST,0.4555825889110565,ROBUST,idxq4-64_queryq4-64
1388676508.0_L1,1388676508.0,L1,ROBUST,0.4652829468250274,ROBUST,idxq4-64_queryq4-64
1388676572.0_L1,1388676572.0,L1,ROBUST,0.4509756565093994,ROBUST,idxq4-64_queryq4-64
1388676608.0_L1,1388676608.0,L1,ROBUST,0.4355265200138092,ROBUST,idxq4-64_queryq4-64
1388676732.0_L1,1388676732.0,L1,ROBUST,0.3982600569725036,ROBUST,idxq4-64_queryq4-64
1388676828.0_L1,1388676828.0,L1,ROBUST,0.4425168931484222,ROBUST,idxq4-64_queryq4-64
1388676892.0_H1,1388676892.0,H1,ROBUST,0.4662785828113556,ROBUST,idxq4-64_queryq4-64
1388677212.0_L1,1388677212.0,L1,ROBUST,0.4682230949401855,ROBUST,idxq4-64_queryq4-64
1388677468.0_L1,1388677468.0,L1,ROBUST,0.4665026068687439,ROBUST,idxq4-64_queryq4-64
1388677724.0_L1,1388677724.0,L1,ROBUST,0.4673905372619629,ROBUST,idxq4-64_queryq4-64
1388677756.0_L1,1388677756.0,L1,ROBUST,0.4516157209873199,ROBUST,idxq4-64_queryq4-64
1388677788.0_L1,1388677788.0,L1,ROBUST,0.4254537522792816,ROBUST,idxq4-64_queryq4-64
1388678012.0_L1,1388678012.0,L1,ROBUST,0.4855048358440399,ROBUST,idxq4-64_queryq4-64
1388678172.0_L1,1388678172.0,L1,ROBUST,0.4524491131305694,ROBUST,idxq4-64_queryq4-64
1388678364.0_L1,1388678364.0,L1,ROBUST,0.4292469918727875,ROBUST,idxq4-64_queryq4-64
1388678428.0_L1,1388678428.0,L1,ROBUST,0.4294462502002716,ROBUST,idxq4-64_queryq4-64
1388678460.0_L1,1388678460.0,L1,ROBUST,0.349584698677063,ROBUST,idxq4-64_queryq4-64
1388678716.0_L1,1388678716.0,L1,ROBUST,0.4019529223442077,ROBUST,idxq4-64_queryq4-64
1388678908.0_L1,1388678908.0,L1,ROBUST,0.4060092270374298,ROBUST,idxq4-64_queryq4-64
1388678940.0_L1,1388678940.0,L1,ROBUST,0.4361540377140045,ROBUST,idxq4-64_queryq4-64
1388678972.0_L1,1388678972.0,L1,ROBUST,0.4764328002929687,ROBUST,idxq4-64_queryq4-64
1388679100.0_L1,1388679100.0,L1,ROBUST,0.4699900150299072,ROBUST,idxq4-64_queryq4-64
1388679164.0_L1,1388679164.0,L1,ROBUST,0.4554931223392486,ROBUST,idxq4-64_queryq4-64
1388679196.0_L1,1388679196.0,L1,ROBUST,0.4780499041080475,ROBUST,idxq4-64_queryq4-64
1388679260.0_L1,1388679260.0,L1,ROBUST,0.3918280899524688,ROBUST,idxq4-64_queryq4-64
1388679388.0_L1,1388679388.0,L1,ROBUST,0.4283173382282257,ROBUST,idxq4-64_queryq4-64
1388679708.0_L1,1388679708.0,L1,ROBUST,0.397302895784378,ROBUST,idxq4-64_queryq4-64
1388679804.0_L1,1388679804.0,L1,ROBUST,0.4288616478443146,ROBUST,idxq4-64_queryq4-64
1388679836.0_L1,1388679836.0,L1,ROBUST,0.4686039090156555,ROBUST,idxq4-64_queryq4-64
1388679964.0_L1,1388679964.0,L1,ROBUST,0.4573676288127899,ROBUST,idxq4-64_queryq4-64
1388680060.0_L1,1388680060.0,L1,ROBUST,0.4800958037376404,ROBUST,idxq4-64_queryq4-64
1388680156.0_L1,1388680156.0,L1,ROBUST,0.4134353995323181,ROBUST,idxq4-64_queryq4-64
1388680316.0_H1,1388680316.0,H1,BACKGROUND,0.0951533243060112,BACKGROUND,idxq4-64_queryq4-64
1388680412.0_L1,1388680412.0,L1,ROBUST,0.4764314591884613,ROBUST,idxq4-64_queryq4-64
1388680704.0_L1,1388680704.0,L1,ROBUST,0.3443050384521484,ROBUST,idxq4-64_queryq4-64
1388680828.0_L1,1388680828.0,L1,ROBUST,0.4220609664916992,ROBUST,idxq4-64_queryq4-64
1388681084.0_L1,1388681084.0,L1,ROBUST,0.4670999348163605,ROBUST,idxq4-64_queryq4-64
1388681212.0_L1,1388681212.0,L1,ROBUST,0.425746738910675,ROBUST,idxq4-64_queryq4-64
1388681308.0_L1,1388681308.0,L1,ROBUST,0.4384701550006866,ROBUST,idxq4-64_queryq4-64
1388681372.0_L1,1388681372.0,L1,ROBUST,0.4693185985088348,ROBUST,idxq4-64_queryq4-64
1388681468.0_L1,1388681468.0,L1,ROBUST,0.4538159072399139,ROBUST,idxq4-64_queryq4-64
1388681660.0_L1,1388681660.0,L1,ROBUST,0.4507351517677307,ROBUST,idxq4-64_queryq4-64
1388681724.0_L1,1388681724.0,L1,ROBUST,0.4947395920753479,ROBUST,idxq4-64_queryq4-64
1388681884.0_L1,1388681884.0,L1,ROBUST,0.4569280445575714,ROBUST,idxq4-64_queryq4-64
1388682300.0_L1,1388682300.0,L1,ROBUST,0.433054655790329,ROBUST,idxq4-64_queryq4-64
1388682428.0_L1,1388682428.0,L1,ROBUST,0.4475464224815368,ROBUST,idxq4-64_queryq4-64
1388682524.0_L1,1388682524.0,L1,ROBUST,0.4331262707710266,ROBUST,idxq4-64_queryq4-64
1388682716.0_L1,1388682716.0,L1,ROBUST,0.4465167224407196,ROBUST,idxq4-64_queryq4-64
1388682780.0_L1,1388682780.0,L1,ROBUST,0.4683415591716766,ROBUST,idxq4-64_queryq4-64
1388682940.0_L1,1388682940.0,L1,ROBUST,0.4731618165969848,ROBUST,idxq4-64_queryq4-64
1388683068.0_L1,1388683068.0,L1,ROBUST,0.4175202846527099,ROBUST,idxq4-64_queryq4-64
1388683164.0_L1,1388683164.0,L1,ROBUST,0.4737438261508941,ROBUST,idxq4-64_queryq4-64
1388683196.0_L1,1388683196.0,L1,ROBUST,0.438969075679779,ROBUST,idxq4-64_queryq4-64
1388683228.0_L1,1388683228.0,L1,ROBUST,0.4408300220966339,ROBUST,idxq4-64_queryq4-64
1388683324.0_L1,1388683324.0,L1,ROBUST,0.4266371428966522,ROBUST,idxq4-64_queryq4-64
1388683356.0_L1,1388683356.0,L1,ROBUST,0.4652723371982574,ROBUST,idxq4-64_queryq4-64
1388683388.0_L1,1388683388.0,L1,ROBUST,0.478543221950531,ROBUST,idxq4-64_queryq4-64
1388683452.0_L1,1388683452.0,L1,ROBUST,0.4347080290317535,ROBUST,idxq4-64_queryq4-64
1388683580.0_L1,1388683580.0,L1,ROBUST,0.4554290175437927,ROBUST,idxq4-64_queryq4-64
1388683612.0_L1,1388683612.0,L1,ROBUST,0.4405388832092285,ROBUST,idxq4-64_queryq4-64
1388683932.0_L1,1388683932.0,L1,ROBUST,0.4549429714679718,ROBUST,idxq4-64_queryq4-64
1388683964.0_L1,1388683964.0,L1,ROBUST,0.4408879280090332,ROBUST,idxq4-64_queryq4-64
1388684540.0_L1,1388684540.0,L1,ROBUST,0.4364416599273681,ROBUST,idxq4-64_queryq4-64
1388684572.0_L1,1388684572.0,L1,ROBUST,0.4464582800865173,ROBUST,idxq4-64_queryq4-64
1388684636.0_L1,1388684636.0,L1,ROBUST,0.432737648487091,ROBUST,idxq4-64_queryq4-64
1388684924.0_L1,1388684924.0,L1,ROBUST,0.4244513213634491,ROBUST,idxq4-64_queryq4-64
1388685052.0_L1,1388685052.0,L1,ROBUST,0.4422897696495056,ROBUST,idxq4-64_queryq4-64
1388685116.0_L1,1388685116.0,L1,ROBUST,0.4492161273956299,ROBUST,idxq4-64_queryq4-64
1388685148.0_L1,1388685148.0,L1,ROBUST,0.4143598675727844,ROBUST,idxq4-64_queryq4-64
1388685436.0_L1,1388685436.0,L1,ROBUST,0.4418217241764068,ROBUST,idxq4-64_queryq4-64
1388685468.0_L1,1388685468.0,L1,ROBUST,0.3789527714252472,ROBUST,idxq4-64_queryq4-64
1388685692.0_L1,1388685692.0,L1,ROBUST,0.4437254965305328,ROBUST,idxq4-64_queryq4-64
1388685756.0_L1,1388685756.0,L1,ROBUST,0.4437053501605987,ROBUST,idxq4-64_queryq4-64
1388685884.0_L1,1388685884.0,L1,ROBUST,0.4174464643001556,ROBUST,idxq4-64_queryq4-64
1388686012.0_L1,1388686012.0,L1,ROBUST,0.4425495862960815,ROBUST,idxq4-64_queryq4-64
1388686364.0_L1,1388686364.0,L1,ROBUST,0.4804230332374573,ROBUST,idxq4-64_queryq4-64
1388686492.0_L1,1388686492.0,L1,ROBUST,0.3748362958431244,ROBUST,idxq4-64_queryq4-64
1388686652.0_L1,1388686652.0,L1,ROBUST,0.422679454088211,ROBUST,idxq4-64_queryq4-64
1388686748.0_L1,1388686748.0,L1,ROBUST,0.4925615787506103,ROBUST,idxq4-64_queryq4-64
1388687036.0_L1,1388687036.0,L1,ROBUST,0.4545410275459289,ROBUST,idxq4-64_queryq4-64
1388687100.0_L1,1388687100.0,L1,ROBUST,0.4230877459049225,ROBUST,idxq4-64_queryq4-64
1388687132.0_L1,1388687132.0,L1,ROBUST,0.4277389645576477,ROBUST,idxq4-64_queryq4-64
1388687452.0_L1,1388687452.0,L1,ROBUST,0.4148649871349334,ROBUST,idxq4-64_queryq4-64
1388687548.0_H1,1388687548.0,H1,ROBUST,0.432937890291214,ROBUST,idxq4-64_queryq4-64
1388687644.0_L1,1388687644.0,L1,ROBUST,0.4183757901191711,ROBUST,idxq4-64_queryq4-64
1388687676.0_L1,1388687676.0,L1,ROBUST,0.4461189806461334,ROBUST,idxq4-64_queryq4-64
1388687708.0_L1,1388687708.0,L1,ROBUST,0.4773899614810943,ROBUST,idxq4-64_queryq4-64
1388687740.0_L1,1388687740.0,L1,ROBUST,0.4557425081729889,ROBUST,idxq4-64_queryq4-64
1388687868.0_L1,1388687868.0,L1,ROBUST,0.4746129810810089,ROBUST,idxq4-64_queryq4-64
1388687932.0_L1,1388687932.0,L1,ROBUST,0.4553472101688385,ROBUST,idxq4-64_queryq4-64
1388687964.0_L1,1388687964.0,L1,ROBUST,0.4428617358207702,ROBUST,idxq4-64_queryq4-64
1388688284.0_L1,1388688284.0,L1,ROBUST,0.429927259683609,ROBUST,idxq4-64_queryq4-64
1388688636.0_L1,1388688636.0,L1,ROBUST,0.4122069180011749,ROBUST,idxq4-64_queryq4-64
1388978300.0_L1,1388978300.0,L1,ROBUST,0.4356330037117004,ROBUST,idxq4-64_queryq4-64
1388978652.0_L1,1388978652.0,L1,ROBUST,0.4441613554954529,ROBUST,idxq4-64_queryq4-64
1388979132.0_H1,1388979132.0,H1,ROBUST,0.4217818081378937,ROBUST,idxq4-64_queryq4-64
1388979964.0_L1,1388979964.0,L1,ROBUST,0.3652448654174804,ROBUST,idxq4-64_queryq4-64
1388980924.0_H1,1388980924.0,H1,BACKGROUND,0.1064869686961174,BACKGROUND,idxq4-64_queryq4-64
1388987068.0_H1,1388987068.0,H1,BACKGROUND,0.1111402139067649,BACKGROUND,idxq4-64_queryq4-64
1388988348.0_H1,1388988348.0,H1,ROBUST,0.4132513701915741,ROBUST,idxq4-64_queryq4-64
1388988508.0_H1,1388988508.0,H1,BACKGROUND,0.122064284980297,BACKGROUND,idxq4-64_queryq4-64
1388989116.0_H1,1388989116.0,H1,AMBIGUOUS,0.1505578756332397,AMBIGUOUS,idxq4-64_queryq4-64
1388989596.0_H1,1388989596.0,H1,AMBIGUOUS,0.166469320654869,AMBIGUOUS,idxq4-64_queryq4-64
1388992796.0_L1,1388992796.0,L1,ROBUST,0.4590478837490082,ROBUST,idxq4-64_queryq4-64
1388993148.0_H1,1388993148.0,H1,ROBUST,0.4146085381507873,ROBUST,idxq4-64_queryq4-64
1388994236.0_H1,1388994236.0,H1,BACKGROUND,0.1220607757568359,BACKGROUND,idxq4-64_queryq4-64
1388996604.0_H1,1388996604.0,H1,ROBUST,0.4587033092975616,ROBUST,idxq4-64_queryq4-64
1388996636.0_H1,1388996636.0,H1,ROBUST,0.4392369389533996,ROBUST,idxq4-64_queryq4-64
1388996796.0_H1,1388996796.0,H1,ROBUST,0.4450206756591797,ROBUST,idxq4-64_queryq4-64
1388997308.0_H1,1388997308.0,H1,BACKGROUND,0.0997204333543777,BACKGROUND,idxq4-64_queryq4-64
1388997788.0_H1,1388997788.0,H1,ROBUST,0.4494909644126892,ROBUST,idxq4-64_queryq4-64
1388997980.0_L1,1388997980.0,L1,ROBUST,0.3180077970027923,ROBUST,idxq4-64_queryq4-64
1388998908.0_H1,1388998908.0,H1,BACKGROUND,0.1288707852363586,BACKGROUND,idxq4-64_queryq4-64
1388999196.0_L1,1388999196.0,L1,ROBUST,0.4448628723621368,ROBUST,idxq4-64_queryq4-64
1388999356.0_H1,1388999356.0,H1,BACKGROUND,0.0963413193821907,BACKGROUND,idxq4-64_queryq4-64
1389011516.0_L1,1389011516.0,L1,ROBUST,0.4373535215854645,ROBUST,idxq4-64_queryq4-64
1389012316.0_H1,1389012316.0,H1,BACKGROUND,0.0995416119694709,BACKGROUND,idxq4-64_queryq4-64
1389013852.0_H1,1389013852.0,H1,BACKGROUND,0.0920632034540176,BACKGROUND,idxq4-64_queryq4-64
1389014236.0_H1,1389014236.0,H1,BACKGROUND,0.1189213916659355,BACKGROUND,idxq4-64_queryq4-64
1389016188.0_L1,1389016188.0,L1,ROBUST,0.4868898391723633,ROBUST,idxq4-64_queryq4-64
1389019548.0_H1,1389019548.0,H1,ROBUST,0.4561648070812225,ROBUST,idxq4-64_queryq4-64
1389022876.0_L1,1389022876.0,L1,ROBUST,0.3402150273323059,ROBUST,idxq4-64_queryq4-64
1389023804.0_H1,1389023804.0,H1,ROBUST,0.415425568819046,ROBUST,idxq4-64_queryq4-64
1389024316.0_H1,1389024316.0,H1,BACKGROUND,0.0926080346107482,BACKGROUND,idxq4-64_queryq4-64
1389024444.0_L1,1389024444.0,L1,ROBUST,0.2366926521062851,ROBUST,idxq4-64_queryq4-64
1389024444.0_H1,1389024444.0,H1,ROBUST,0.4355625808238983,ROBUST,idxq4-64_queryq4-64
1389024636.0_H1,1389024636.0,H1,ROBUST,0.4008150696754455,ROBUST,idxq4-64_queryq4-64
1389029052.0_H1,1389029052.0,H1,BACKGROUND,0.0939138755202293,BACKGROUND,idxq4-64_queryq4-64
1389029724.0_H1,1389029724.0,H1,BACKGROUND,0.1025871932506561,BACKGROUND,idxq4-64_queryq4-64
1389030044.0_H1,1389030044.0,H1,AMBIGUOUS,0.1329739540815353,AMBIGUOUS,idxq4-64_queryq4-64
1389030076.0_L1,1389030076.0,L1,ROBUST,0.453964501619339,ROBUST,idxq4-64_queryq4-64
1389035292.0_H1,1389035292.0,H1,BACKGROUND,0.0938561558723449,BACKGROUND,idxq4-64_queryq4-64
1389038844.0_L1,1389038844.0,L1,AMBIGUOUS,0.1744777858257293,AMBIGUOUS,idxq4-64_queryq4-64
1389040412.0_H1,1389040412.0,H1,BACKGROUND,0.110229954123497,BACKGROUND,idxq4-64_queryq4-64
1389041020.0_H1,1389041020.0,H1,BACKGROUND,0.088227204978466,BACKGROUND,idxq4-64_queryq4-64
1389041468.0_H1,1389041468.0,H1,ROBUST,0.4353897869586944,ROBUST,idxq4-64_queryq4-64
1389045596.0_H1,1389045596.0,H1,AMBIGUOUS,0.1354339569807052,AMBIGUOUS,idxq4-64_queryq4-64
1389047292.0_H1,1389047292.0,H1,ROBUST,0.2167769819498062,ROBUST,idxq4-64_queryq4-64
1389048252.0_L1,1389048252.0,L1,ROBUST,0.4326542615890503,ROBUST,idxq4-64_queryq4-64
1389051548.0_H1,1389051548.0,H1,ROBUST,0.4693644940853119,ROBUST,idxq4-64_queryq4-64
1389052892.0_H1,1389052892.0,H1,BACKGROUND,0.0856098011136055,BACKGROUND,idxq4-64_queryq4-64
1389053052.0_H1,1389053052.0,H1,BACKGROUND,0.0924259349703788,BACKGROUND,idxq4-64_queryq4-64
1389056892.0_H1,1389056892.0,H1,ROBUST,0.4220485687255859,ROBUST,idxq4-64_queryq4-64
1389059100.0_H1,1389059100.0,H1,BACKGROUND,0.104547843337059,BACKGROUND,idxq4-64_queryq4-64
1389060220.0_H1,1389060220.0,H1,BACKGROUND,0.1027785018086433,BACKGROUND,idxq4-64_queryq4-64
1389060540.0_H1,1389060540.0,H1,AMBIGUOUS,0.182579904794693,AMBIGUOUS,idxq4-64_queryq4-64
1389062268.0_H1,1389062268.0,H1,BACKGROUND,0.1112242192029953,BACKGROUND,idxq4-64_queryq4-64
1389065728.0_H1,1389065728.0,H1,BACKGROUND,0.0846340134739875,BACKGROUND,idxq4-64_queryq4-64
1389066556.0_L1,1389066556.0,L1,ROBUST,0.4548981785774231,ROBUST,idxq4-64_queryq4-64
1389067580.0_H1,1389067580.0,H1,ROBUST,0.2349795848131179,ROBUST,idxq4-64_queryq4-64
1389068412.0_L1,1389068412.0,L1,ROBUST,0.4176677167415619,ROBUST,idxq4-64_queryq4-64
1389068636.0_H1,1389068636.0,H1,BACKGROUND,0.1192352473735809,BACKGROUND,idxq4-64_queryq4-64
1389068892.0_L1,1389068892.0,L1,ROBUST,0.4278827607631683,ROBUST,idxq4-64_queryq4-64
1389069692.0_H1,1389069692.0,H1,BACKGROUND,0.1060698702931404,BACKGROUND,idxq4-64_queryq4-64
1389070524.0_H1,1389070524.0,H1,AMBIGUOUS,0.1473259329795837,AMBIGUOUS,idxq4-64_queryq4-64
1389071196.0_L1,1389071196.0,L1,ROBUST,0.4085886776447296,ROBUST,idxq4-64_queryq4-64
1389071324.0_L1,1389071324.0,L1,ROBUST,0.4389844834804535,ROBUST,idxq4-64_queryq4-64
1389072700.0_H1,1389072700.0,H1,ROBUST,0.2052503824234008,ROBUST,idxq4-64_queryq4-64
1389073468.0_L1,1389073468.0,L1,ROBUST,0.4159051775932312,ROBUST,idxq4-64_queryq4-64
1389079772.0_H1,1389079772.0,H1,BACKGROUND,0.0981397181749343,BACKGROUND,idxq4-64_queryq4-64
1389099932.0_L1,1389099932.0,L1,AMBIGUOUS,0.1850758343935012,AMBIGUOUS,idxq4-64_queryq4-64
1389255260.0_L1,1389255260.0,L1,ROBUST,0.4404915571212768,ROBUST,idxq4-64_queryq4-64
1389255292.0_L1,1389255292.0,L1,ROBUST,0.4218331277370453,ROBUST,idxq4-64_queryq4-64
1389258492.0_H1,1389258492.0,H1,ROBUST,0.2592009305953979,ROBUST,idxq4-64_queryq4-64
1389259484.0_L1,1389259484.0,L1,BACKGROUND,0.1377693265676498,BACKGROUND,idxq4-64_queryq4-64
1389260764.0_H1,1389260764.0,H1,ROBUST,0.3632111251354217,ROBUST,idxq4-64_queryq4-64
1389270620.0_L1,1389270620.0,L1,ROBUST,0.4348127841949463,ROBUST,idxq4-64_queryq4-64
1389273308.0_L1,1389273308.0,L1,ROBUST,0.4283903837203979,ROBUST,idxq4-64_queryq4-64
1389274940.0_H1,1389274940.0,H1,ROBUST,0.2940947711467743,ROBUST,idxq4-64_queryq4-64
1389281980.0_H1,1389281980.0,H1,ROBUST,0.2575331926345825,ROBUST,idxq4-64_queryq4-64
1389283196.0_H1,1389283196.0,H1,ROBUST,0.4536863267421722,ROBUST,idxq4-64_queryq4-64
1389285724.0_H1,1389285724.0,H1,AMBIGUOUS,0.1646249443292617,AMBIGUOUS,idxq4-64_queryq4-64
1389287036.0_H1,1389287036.0,H1,ROBUST,0.4404707551002502,ROBUST,idxq4-64_queryq4-64
1389287228.0_H1,1389287228.0,H1,AMBIGUOUS,0.1513317078351974,AMBIGUOUS,idxq4-64_queryq4-64
1389287676.0_H1,1389287676.0,H1,BACKGROUND,0.1202489659190177,BACKGROUND,idxq4-64_queryq4-64
1389288604.0_H1,1389288604.0,H1,ROBUST,0.4354821443557739,ROBUST,idxq4-64_queryq4-64
1389293628.0_H1,1389293628.0,H1,BACKGROUND,0.1266740560531616,BACKGROUND,idxq4-64_queryq4-64
1389294332.0_H1,1389294332.0,H1,ROBUST,0.2056476026773452,ROBUST,idxq4-64_queryq4-64
1389294556.0_H1,1389294556.0,H1,ROBUST,0.4731417298316955,ROBUST,idxq4-64_queryq4-64
1389294588.0_H1,1389294588.0,H1,ROBUST,0.4427825808525085,ROBUST,idxq4-64_queryq4-64
1389296988.0_H1,1389296988.0,H1,AMBIGUOUS,0.1636714041233062,AMBIGUOUS,idxq4-64_queryq4-64
1389298940.0_H1,1389298940.0,H1,ROBUST,0.439658373594284,ROBUST,idxq4-64_queryq4-64
1389301852.0_H1,1389301852.0,H1,BACKGROUND,0.1137036606669426,BACKGROUND,idxq4-64_queryq4-64
1389304060.0_L1,1389304060.0,L1,ROBUST,0.2611637115478515,ROBUST,idxq4-64_queryq4-64
1389304092.0_H1,1389304092.0,H1,BACKGROUND,0.1159024387598037,BACKGROUND,idxq4-64_queryq4-64
1389304540.0_L1,1389304540.0,L1,ROBUST,0.4380576312541961,ROBUST,idxq4-64_queryq4-64
1389305436.0_H1,1389305436.0,H1,BACKGROUND,0.1176193207502365,BACKGROUND,idxq4-64_queryq4-64
1389306140.0_L1,1389306140.0,L1,ROBUST,0.4822257459163666,ROBUST,idxq4-64_queryq4-64
1389306172.0_H1,1389306172.0,H1,AMBIGUOUS,0.1380812227725982,AMBIGUOUS,idxq4-64_queryq4-64
1389308124.0_H1,1389308124.0,H1,BACKGROUND,0.1088056042790412,BACKGROUND,idxq4-64_queryq4-64
1389308604.0_H1,1389308604.0,H1,AMBIGUOUS,0.148875206708908,AMBIGUOUS,idxq4-64_queryq4-64
1389309436.0_H1,1389309436.0,H1,ROBUST,0.4158181846141815,ROBUST,idxq4-64_queryq4-64
1389311868.0_H1,1389311868.0,H1,ROBUST,0.4545226097106933,ROBUST,idxq4-64_queryq4-64
1389314876.0_L1,1389314876.0,L1,ROBUST,0.4318410754203796,ROBUST,idxq4-64_queryq4-64
1389315836.0_H1,1389315836.0,H1,ROBUST,0.5068655610084534,ROBUST,idxq4-64_queryq4-64
1389323900.0_H1,1389323900.0,H1,ROBUST,0.457852840423584,ROBUST,idxq4-64_queryq4-64
1389324124.0_H1,1389324124.0,H1,ROBUST,0.4267616271972656,ROBUST,idxq4-64_queryq4-64
1389326684.0_L1,1389326684.0,L1,ROBUST,0.4539793729782104,ROBUST,idxq4-64_queryq4-64
1389346748.0_H1,1389346748.0,H1,ROBUST,0.4247957170009613,ROBUST,idxq4-64_queryq4-64
1389347260.0_L1,1389347260.0,L1,ROBUST,0.4549897611141205,ROBUST,idxq4-64_queryq4-64
1389347740.0_H1,1389347740.0,H1,AMBIGUOUS,0.1445719748735427,AMBIGUOUS,idxq4-64_queryq4-64
1389347900.0_L1,1389347900.0,L1,ROBUST,0.4034736454486847,ROBUST,idxq4-64_queryq4-64
1389350940.0_H1,1389350940.0,H1,ROBUST,0.4316576719284057,ROBUST,idxq4-64_queryq4-64
1389351260.0_L1,1389351260.0,L1,ROBUST,0.4560519456863403,ROBUST,idxq4-64_queryq4-64
1389354524.0_L1,1389354524.0,L1,AMBIGUOUS,0.1642384529113769,AMBIGUOUS,idxq4-64_queryq4-64
1389366908.0_L1,1389366908.0,L1,ROBUST,0.4408242702484131,ROBUST,idxq4-64_queryq4-64
1389380412.0_H1,1389380412.0,H1,ROBUST,0.4684998691082001,ROBUST,idxq4-64_queryq4-64
1389382172.0_H1,1389382172.0,H1,ROBUST,0.4206071496009826,ROBUST,idxq4-64_queryq4-64
1389383708.0_H1,1389383708.0,H1,ROBUST,0.3943279087543487,ROBUST,idxq4-64_queryq4-64
1389384092.0_H1,1389384092.0,H1,ROBUST,0.4609995484352112,ROBUST,idxq4-64_queryq4-64
1389387196.0_L1,1389387196.0,L1,ROBUST,0.4364115297794342,ROBUST,idxq4-64_queryq4-64
1389389820.0_L1,1389389820.0,L1,AMBIGUOUS,0.1649166643619537,AMBIGUOUS,idxq4-64_queryq4-64
1389401084.0_L1,1389401084.0,L1,ROBUST,0.456502765417099,ROBUST,idxq4-64_queryq4-64
1389401436.0_L1,1389401436.0,L1,ROBUST,0.4276831746101379,ROBUST,idxq4-64_queryq4-64
1389401820.0_L1,1389401820.0,L1,ROBUST,0.4060586988925934,ROBUST,idxq4-64_queryq4-64
1389401852.0_L1,1389401852.0,L1,ROBUST,0.3582814931869507,ROBUST,idxq4-64_queryq4-64
1389402108.0_L1,1389402108.0,L1,ROBUST,0.4457647204399109,ROBUST,idxq4-64_queryq4-64
1389402236.0_L1,1389402236.0,L1,ROBUST,0.4326138794422149,ROBUST,idxq4-64_queryq4-64
1389402268.0_L1,1389402268.0,L1,ROBUST,0.4580465257167816,ROBUST,idxq4-64_queryq4-64
1389402556.0_L1,1389402556.0,L1,ROBUST,0.4250942170619964,ROBUST,idxq4-64_queryq4-64
1389402620.0_L1,1389402620.0,L1,ROBUST,0.4652794897556305,ROBUST,idxq4-64_queryq4-64
1389403164.0_L1,1389403164.0,L1,ROBUST,0.4477918744087219,ROBUST,idxq4-64_queryq4-64
1389403996.0_L1,1389403996.0,L1,ROBUST,0.404214859008789,ROBUST,idxq4-64_queryq4-64
1389404060.0_L1,1389404060.0,L1,ROBUST,0.4496058225631714,ROBUST,idxq4-64_queryq4-64
1389404060.0_H1,1389404060.0,H1,ROBUST,0.2993299961090088,ROBUST,idxq4-64_queryq4-64
1389404220.0_L1,1389404220.0,L1,ROBUST,0.432450532913208,ROBUST,idxq4-64_queryq4-64
1389404476.0_L1,1389404476.0,L1,ROBUST,0.4100721180438995,ROBUST,idxq4-64_queryq4-64
1389404572.0_L1,1389404572.0,L1,ROBUST,0.4260712265968323,ROBUST,idxq4-64_queryq4-64
1389404604.0_L1,1389404604.0,L1,ROBUST,0.4247360825538635,ROBUST,idxq4-64_queryq4-64
1389404636.0_L1,1389404636.0,L1,ROBUST,0.4054295122623443,ROBUST,idxq4-64_queryq4-64
1389404892.0_L1,1389404892.0,L1,ROBUST,0.4288462400436401,ROBUST,idxq4-64_queryq4-64
1389405404.0_L1,1389405404.0,L1,ROBUST,0.4162201881408691,ROBUST,idxq4-64_queryq4-64
1389405788.0_L1,1389405788.0,L1,ROBUST,0.4165920913219452,ROBUST,idxq4-64_queryq4-64
1389405820.0_L1,1389405820.0,L1,ROBUST,0.4168928563594818,ROBUST,idxq4-64_queryq4-64
1389406044.0_L1,1389406044.0,L1,ROBUST,0.4356293976306915,ROBUST,idxq4-64_queryq4-64
1389406300.0_L1,1389406300.0,L1,ROBUST,0.416090190410614,ROBUST,idxq4-64_queryq4-64
1389406972.0_L1,1389406972.0,L1,ROBUST,0.382783830165863,ROBUST,idxq4-64_queryq4-64
1389407068.0_L1,1389407068.0,L1,ROBUST,0.3981806933879852,ROBUST,idxq4-64_queryq4-64
1389407452.0_L1,1389407452.0,L1,ROBUST,0.4286320209503174,ROBUST,idxq4-64_queryq4-64
1389407612.0_L1,1389407612.0,L1,ROBUST,0.41288623213768,ROBUST,idxq4-64_queryq4-64
1389407644.0_L1,1389407644.0,L1,ROBUST,0.4568780660629272,ROBUST,idxq4-64_queryq4-64
1389407676.0_L1,1389407676.0,L1,ROBUST,0.4260876476764679,ROBUST,idxq4-64_queryq4-64
1389407676.0_H1,1389407676.0,H1,AMBIGUOUS,0.14595068991184235,AMBIGUOUS,idxq4-64_queryq4-64
1389407836.0_L1,1389407836.0,L1,ROBUST,0.4718851745128631,ROBUST,idxq4-64_queryq4-64
1389407868.0_L1,1389407868.0,L1,ROBUST,0.4223770797252655,ROBUST,idxq4-64_queryq4-64
1389408000.0_L1,1389408000.0,L1,ROBUST,0.448654294013977,ROBUST,idxq4-64_queryq4-64
1389408028.0_L1,1389408028.0,L1,ROBUST,0.4710813462734222,ROBUST,idxq4-64_queryq4-64
1389408668.0_L1,1389408668.0,L1,ROBUST,0.4440988898277282,ROBUST,idxq4-64_queryq4-64
1389408796.0_L1,1389408796.0,L1,ROBUST,0.435504138469696,ROBUST,idxq4-64_queryq4-64
1389409020.0_L1,1389409020.0,L1,ROBUST,0.3645420372486114,ROBUST,idxq4-64_queryq4-64
1389409052.0_L1,1389409052.0,L1,ROBUST,0.4029996991157532,ROBUST,idxq4-64_queryq4-64
1389409148.0_L1,1389409148.0,L1,ROBUST,0.4411165714263916,ROBUST,idxq4-64_queryq4-64
1389409436.0_L1,1389409436.0,L1,ROBUST,0.4574292600154876,ROBUST,idxq4-64_queryq4-64
1389409820.0_L1,1389409820.0,L1,ROBUST,0.3986631035804748,ROBUST,idxq4-64_queryq4-64
1389410044.0_L1,1389410044.0,L1,ROBUST,0.4093121886253357,ROBUST,idxq4-64_queryq4-64
1389410204.0_L1,1389410204.0,L1,ROBUST,0.4464417099952698,ROBUST,idxq4-64_queryq4-64
1389410396.0_L1,1389410396.0,L1,ROBUST,0.4407218992710113,ROBUST,idxq4-64_queryq4-64
1389410524.0_L1,1389410524.0,L1,ROBUST,0.435667335987091,ROBUST,idxq4-64_queryq4-64
1389410652.0_L1,1389410652.0,L1,ROBUST,0.4214164614677429,ROBUST,idxq4-64_queryq4-64
1389410748.0_L1,1389410748.0,L1,ROBUST,0.4068246781826019,ROBUST,idxq4-64_queryq4-64
1389410908.0_L1,1389410908.0,L1,ROBUST,0.4324198961257934,ROBUST,idxq4-64_queryq4-64
1389411612.0_L1,1389411612.0,L1,ROBUST,0.4559786319732666,ROBUST,idxq4-64_queryq4-64
1389411676.0_L1,1389411676.0,L1,ROBUST,0.4256936311721802,ROBUST,idxq4-64_queryq4-64
1389411708.0_L1,1389411708.0,L1,ROBUST,0.4302172064781189,ROBUST,idxq4-64_queryq4-64
1389411772.0_L1,1389411772.0,L1,ROBUST,0.4436549544334411,ROBUST,idxq4-64_queryq4-64
1389411900.0_L1,1389411900.0,L1,ROBUST,0.4299749135971069,ROBUST,idxq4-64_queryq4-64
1389411964.0_L1,1389411964.0,L1,ROBUST,0.423452764749527,ROBUST,idxq4-64_queryq4-64
1389412060.0_H1,1389412060.0,H1,ROBUST,0.2353230714797973,ROBUST,idxq4-64_queryq4-64
1389412096.0_L1,1389412096.0,L1,ROBUST,0.4172702729701996,ROBUST,idxq4-64_queryq4-64
1389412188.0_L1,1389412188.0,L1,ROBUST,0.4156624972820282,ROBUST,idxq4-64_queryq4-64
1389412412.0_H1,1389412412.0,H1,BACKGROUND,0.1032956168055534,BACKGROUND,idxq4-64_queryq4-64
1389412540.0_L1,1389412540.0,L1,ROBUST,0.4286350905895233,ROBUST,idxq4-64_queryq4-64
1389413052.0_L1,1389413052.0,L1,ROBUST,0.4142608940601349,ROBUST,idxq4-64_queryq4-64
1389413084.0_L1,1389413084.0,L1,ROBUST,0.4230691790580749,ROBUST,idxq4-64_queryq4-64
1389413180.0_L1,1389413180.0,L1,ROBUST,0.4322226941585541,ROBUST,idxq4-64_queryq4-64
1389413212.0_L1,1389413212.0,L1,ROBUST,0.4201110899448395,ROBUST,idxq4-64_queryq4-64
1389413276.0_L1,1389413276.0,L1,ROBUST,0.4481157958507538,ROBUST,idxq4-64_queryq4-64
1389413404.0_L1,1389413404.0,L1,ROBUST,0.4508998990058899,ROBUST,idxq4-64_queryq4-64
1389413436.0_L1,1389413436.0,L1,ROBUST,0.4019890129566192,ROBUST,idxq4-64_queryq4-64
1389413468.0_L1,1389413468.0,L1,ROBUST,0.4259801805019378,ROBUST,idxq4-64_queryq4-64
1389413500.0_L1,1389413500.0,L1,ROBUST,0.2992007732391357,ROBUST,idxq4-64_queryq4-64
1389413788.0_L1,1389413788.0,L1,ROBUST,0.4251535832881927,ROBUST,idxq4-64_queryq4-64
1389413820.0_L1,1389413820.0,L1,ROBUST,0.4183570146560669,ROBUST,idxq4-64_queryq4-64
1389413980.0_L1,1389413980.0,L1,ROBUST,0.3659009337425232,ROBUST,idxq4-64_queryq4-64
1389414012.0_L1,1389414012.0,L1,ROBUST,0.4398389756679535,ROBUST,idxq4-64_queryq4-64
1389414044.0_L1,1389414044.0,L1,ROBUST,0.4374755322933197,ROBUST,idxq4-64_queryq4-64
1389414172.0_L1,1389414172.0,L1,ROBUST,0.3247648477554321,ROBUST,idxq4-64_queryq4-64
1389414204.0_L1,1389414204.0,L1,ROBUST,0.4368411302566528,ROBUST,idxq4-64_queryq4-64
1389414268.0_L1,1389414268.0,L1,ROBUST,0.3921010494232178,ROBUST,idxq4-64_queryq4-64
1389414428.0_L1,1389414428.0,L1,ROBUST,0.4168517887592315,ROBUST,idxq4-64_queryq4-64
1389414460.0_L1,1389414460.0,L1,ROBUST,0.4133234918117523,ROBUST,idxq4-64_queryq4-64
1389414588.0_L1,1389414588.0,L1,ROBUST,0.396986573934555,ROBUST,idxq4-64_queryq4-64
1389414780.0_L1,1389414780.0,L1,ROBUST,0.3943460285663605,ROBUST,idxq4-64_queryq4-64
1389414812.0_L1,1389414812.0,L1,ROBUST,0.4213336408138275,ROBUST,idxq4-64_queryq4-64
1389414844.0_L1,1389414844.0,L1,ROBUST,0.4335777163505554,ROBUST,idxq4-64_queryq4-64
1389414876.0_L1,1389414876.0,L1,ROBUST,0.4059111177921295,ROBUST,idxq4-64_queryq4-64
1389414908.0_L1,1389414908.0,L1,ROBUST,0.4382462799549103,ROBUST,idxq4-64_queryq4-64
1389414940.0_L1,1389414940.0,L1,ROBUST,0.4222976565361023,ROBUST,idxq4-64_queryq4-64
1389415004.0_L1,1389415004.0,L1,ROBUST,0.4435682296752929,ROBUST,idxq4-64_queryq4-64
1389415196.0_L1,1389415196.0,L1,ROBUST,0.4412418603897095,ROBUST,idxq4-64_queryq4-64
1389415260.0_L1,1389415260.0,L1,ROBUST,0.4258525669574737,ROBUST,idxq4-64_queryq4-64
1389415292.0_L1,1389415292.0,L1,ROBUST,0.4920353591442108,ROBUST,idxq4-64_queryq4-64
1389415356.0_L1,1389415356.0,L1,ROBUST,0.4077726304531097,ROBUST,idxq4-64_queryq4-64
1389415388.0_L1,1389415388.0,L1,ROBUST,0.4259617626667022,ROBUST,idxq4-64_queryq4-64
1389415484.0_L1,1389415484.0,L1,ROBUST,0.4640375971794128,ROBUST,idxq4-64_queryq4-64
1389415548.0_L1,1389415548.0,L1,ROBUST,0.4187428653240204,ROBUST,idxq4-64_queryq4-64
1389415612.0_L1,1389415612.0,L1,ROBUST,0.4007568061351776,ROBUST,idxq4-64_queryq4-64
1389415676.0_L1,1389415676.0,L1,ROBUST,0.4192838966846466,ROBUST,idxq4-64_queryq4-64
1389415804.0_L1,1389415804.0,L1,ROBUST,0.3985089063644409,ROBUST,idxq4-64_queryq4-64
1389415836.0_L1,1389415836.0,L1,ROBUST,0.4264431595802307,ROBUST,idxq4-64_queryq4-64
1389415932.0_L1,1389415932.0,L1,ROBUST,0.4134471416473388,ROBUST,idxq4-64_queryq4-64
1389415996.0_L1,1389415996.0,L1,ROBUST,0.3284231126308441,ROBUST,idxq4-64_queryq4-64
1389416028.0_L1,1389416028.0,L1,ROBUST,0.4316568672657013,ROBUST,idxq4-64_queryq4-64
1389416192.0_L1,1389416192.0,L1,ROBUST,0.4221819639205932,ROBUST,idxq4-64_queryq4-64
1389416220.0_L1,1389416220.0,L1,ROBUST,0.3860344588756561,ROBUST,idxq4-64_queryq4-64
1389416252.0_L1,1389416252.0,L1,ROBUST,0.4543130099773407,ROBUST,idxq4-64_queryq4-64
1389416348.0_L1,1389416348.0,L1,ROBUST,0.4132304191589355,ROBUST,idxq4-64_queryq4-64
1389416380.0_L1,1389416380.0,L1,ROBUST,0.3308783769607544,ROBUST,idxq4-64_queryq4-64
1389416412.0_L1,1389416412.0,L1,ROBUST,0.4162405729293823,ROBUST,idxq4-64_queryq4-64
1389416444.0_L1,1389416444.0,L1,ROBUST,0.4395406246185303,ROBUST,idxq4-64_queryq4-64
1389416604.0_L1,1389416604.0,L1,ROBUST,0.4386799037456512,ROBUST,idxq4-64_queryq4-64
1389416636.0_L1,1389416636.0,L1,ROBUST,0.4651616513729095,ROBUST,idxq4-64_queryq4-64
1389416668.0_L1,1389416668.0,L1,ROBUST,0.4492206573486328,ROBUST,idxq4-64_queryq4-64
1389416732.0_L1,1389416732.0,L1,ROBUST,0.4320195615291595,ROBUST,idxq4-64_queryq4-64
1389416764.0_L1,1389416764.0,L1,ROBUST,0.4532165229320526,ROBUST,idxq4-64_queryq4-64
1389416828.0_L1,1389416828.0,L1,ROBUST,0.459842711687088,ROBUST,idxq4-64_queryq4-64
1389416956.0_L1,1389416956.0,L1,ROBUST,0.4313398897647857,ROBUST,idxq4-64_queryq4-64
1389417052.0_L1,1389417052.0,L1,ROBUST,0.4284970462322235,ROBUST,idxq4-64_queryq4-64
1389417276.0_L1,1389417276.0,L1,ROBUST,0.4186221659183502,ROBUST,idxq4-64_queryq4-64
1389417372.0_L1,1389417372.0,L1,ROBUST,0.4085228145122528,ROBUST,idxq4-64_queryq4-64
1389417404.0_L1,1389417404.0,L1,ROBUST,0.4251977205276489,ROBUST,idxq4-64_queryq4-64
1389417532.0_L1,1389417532.0,L1,ROBUST,0.4092633426189422,ROBUST,idxq4-64_queryq4-64
1389417564.0_L1,1389417564.0,L1,ROBUST,0.3940553665161133,ROBUST,idxq4-64_queryq4-64
1389417596.0_L1,1389417596.0,L1,ROBUST,0.3806139826774597,ROBUST,idxq4-64_queryq4-64
1389417628.0_L1,1389417628.0,L1,ROBUST,0.403338074684143,ROBUST,idxq4-64_queryq4-64
1389417948.0_L1,1389417948.0,L1,ROBUST,0.4299522936344147,ROBUST,idxq4-64_queryq4-64
1389418012.0_L1,1389418012.0,L1,ROBUST,0.451729953289032,ROBUST,idxq4-64_queryq4-64
1389418076.0_L1,1389418076.0,L1,ROBUST,0.4219913184642792,ROBUST,idxq4-64_queryq4-64
1389418140.0_L1,1389418140.0,L1,ROBUST,0.4409106075763702,ROBUST,idxq4-64_queryq4-64
1389418268.0_L1,1389418268.0,L1,ROBUST,0.4270126819610595,ROBUST,idxq4-64_queryq4-64
1389418300.0_L1,1389418300.0,L1,ROBUST,0.4077135920524597,ROBUST,idxq4-64_queryq4-64
1389418332.0_L1,1389418332.0,L1,ROBUST,0.4578039944171905,ROBUST,idxq4-64_queryq4-64
1389418396.0_L1,1389418396.0,L1,ROBUST,0.4436666667461395,ROBUST,idxq4-64_queryq4-64
1389418556.0_L1,1389418556.0,L1,ROBUST,0.4197928607463836,ROBUST,idxq4-64_queryq4-64
1389418588.0_L1,1389418588.0,L1,ROBUST,0.434048444032669,ROBUST,idxq4-64_queryq4-64
1389418620.0_L1,1389418620.0,L1,ROBUST,0.4185619950294494,ROBUST,idxq4-64_queryq4-64
1389418748.0_L1,1389418748.0,L1,ROBUST,0.3972251117229461,ROBUST,idxq4-64_queryq4-64
1389418812.0_L1,1389418812.0,L1,ROBUST,0.3819892406463623,ROBUST,idxq4-64_queryq4-64
1389418844.0_L1,1389418844.0,L1,ROBUST,0.4451012313365936,ROBUST,idxq4-64_queryq4-64
1389418908.0_L1,1389418908.0,L1,ROBUST,0.3747879564762115,ROBUST,idxq4-64_queryq4-64
1389418940.0_L1,1389418940.0,L1,ROBUST,0.4328420460224151,ROBUST,idxq4-64_queryq4-64
1389418972.0_L1,1389418972.0,L1,ROBUST,0.4288662075996399,ROBUST,idxq4-64_queryq4-64
1389419100.0_L1,1389419100.0,L1,ROBUST,0.4197861552238464,ROBUST,idxq4-64_queryq4-64
1389419132.0_L1,1389419132.0,L1,ROBUST,0.3977681994438171,ROBUST,idxq4-64_queryq4-64
1389419164.0_L1,1389419164.0,L1,ROBUST,0.3954499363899231,ROBUST,idxq4-64_queryq4-64
1389419260.0_L1,1389419260.0,L1,ROBUST,0.435569554567337,ROBUST,idxq4-64_queryq4-64
1389419292.0_L1,1389419292.0,L1,ROBUST,0.3877792358398437,ROBUST,idxq4-64_queryq4-64
1389419324.0_L1,1389419324.0,L1,ROBUST,0.4190550446510315,ROBUST,idxq4-64_queryq4-64
1389419356.0_L1,1389419356.0,L1,ROBUST,0.3631460666656494,ROBUST,idxq4-64_queryq4-64
1389419388.0_L1,1389419388.0,L1,ROBUST,0.4026295840740204,ROBUST,idxq4-64_queryq4-64
1389419420.0_L1,1389419420.0,L1,ROBUST,0.4210092425346374,ROBUST,idxq4-64_queryq4-64
1389419484.0_L1,1389419484.0,L1,ROBUST,0.4127460420131683,ROBUST,idxq4-64_queryq4-64
1389419612.0_L1,1389419612.0,L1,ROBUST,0.4239868223667145,ROBUST,idxq4-64_queryq4-64
1389419676.0_L1,1389419676.0,L1,ROBUST,0.4149240553379059,ROBUST,idxq4-64_queryq4-64
1389419708.0_L1,1389419708.0,L1,ROBUST,0.4450342953205108,ROBUST,idxq4-64_queryq4-64
1389419964.0_L1,1389419964.0,L1,ROBUST,0.4211488664150238,ROBUST,idxq4-64_queryq4-64
1389419996.0_L1,1389419996.0,L1,ROBUST,0.4530417323112488,ROBUST,idxq4-64_queryq4-64
1389420060.0_L1,1389420060.0,L1,ROBUST,0.4102703928947449,ROBUST,idxq4-64_queryq4-64
1389420124.0_L1,1389420124.0,L1,ROBUST,0.3805404603481293,ROBUST,idxq4-64_queryq4-64
1389420252.0_L1,1389420252.0,L1,ROBUST,0.4516847133636474,ROBUST,idxq4-64_queryq4-64
1389420288.0_L1,1389420288.0,L1,ROBUST,0.4223694503307342,ROBUST,idxq4-64_queryq4-64
1389420444.0_L1,1389420444.0,L1,ROBUST,0.4693442583084106,ROBUST,idxq4-64_queryq4-64
1389420540.0_L1,1389420540.0,L1,ROBUST,0.4047563672065735,ROBUST,idxq4-64_queryq4-64
1389420572.0_L1,1389420572.0,L1,ROBUST,0.3867804408073425,ROBUST,idxq4-64_queryq4-64
1389420604.0_L1,1389420604.0,L1,ROBUST,0.4414816200733185,ROBUST,idxq4-64_queryq4-64
1389420636.0_L1,1389420636.0,L1,ROBUST,0.4470763802528381,ROBUST,idxq4-64_queryq4-64
1389420732.0_L1,1389420732.0,L1,ROBUST,0.4109610021114349,ROBUST,idxq4-64_queryq4-64
1389420764.0_L1,1389420764.0,L1,ROBUST,0.2753003537654876,ROBUST,idxq4-64_queryq4-64
1389420796.0_L1,1389420796.0,L1,ROBUST,0.4337127804756164,ROBUST,idxq4-64_queryq4-64
1389420892.0_L1,1389420892.0,L1,ROBUST,0.4555911421775818,ROBUST,idxq4-64_queryq4-64
1389421052.0_L1,1389421052.0,L1,ROBUST,0.4718048870563507,ROBUST,idxq4-64_queryq4-64
1389421084.0_L1,1389421084.0,L1,ROBUST,0.5141323804855347,ROBUST,idxq4-64_queryq4-64
1389421212.0_L1,1389421212.0,L1,ROBUST,0.4619154930114746,ROBUST,idxq4-64_queryq4-64
1389421340.0_L1,1389421340.0,L1,ROBUST,0.3984817564487457,ROBUST,idxq4-64_queryq4-64
1389421372.0_L1,1389421372.0,L1,ROBUST,0.4034547209739685,ROBUST,idxq4-64_queryq4-64
1389421404.0_L1,1389421404.0,L1,ROBUST,0.4562612175941467,ROBUST,idxq4-64_queryq4-64
1389421436.0_L1,1389421436.0,L1,ROBUST,0.4175145328044891,ROBUST,idxq4-64_queryq4-64
1389421436.0_H1,1389421436.0,H1,BACKGROUND,0.10245388001203537,BACKGROUND,idxq4-64_queryq4-64
1389421468.0_L1,1389421468.0,L1,ROBUST,0.3931852877140045,ROBUST,idxq4-64_queryq4-64
1389421500.0_L1,1389421500.0,L1,ROBUST,0.4252407550811767,ROBUST,idxq4-64_queryq4-64
1389421564.0_L1,1389421564.0,L1,ROBUST,0.4007563292980194,ROBUST,idxq4-64_queryq4-64
1389421660.0_L1,1389421660.0,L1,ROBUST,0.478798359632492,ROBUST,idxq4-64_queryq4-64
1389421724.0_L1,1389421724.0,L1,ROBUST,0.4460667669773102,ROBUST,idxq4-64_queryq4-64
1389421788.0_L1,1389421788.0,L1,ROBUST,0.4127492010593414,ROBUST,idxq4-64_queryq4-64
1389421820.0_L1,1389421820.0,L1,ROBUST,0.4280264675617218,ROBUST,idxq4-64_queryq4-64
1389421852.0_L1,1389421852.0,L1,ROBUST,0.4179571866989136,ROBUST,idxq4-64_queryq4-64
1389421884.0_L1,1389421884.0,L1,ROBUST,0.3579103052616119,ROBUST,idxq4-64_queryq4-64
1389421916.0_L1,1389421916.0,L1,ROBUST,0.4308359622955322,ROBUST,idxq4-64_queryq4-64
1389421980.0_L1,1389421980.0,L1,ROBUST,0.4416006803512573,ROBUST,idxq4-64_queryq4-64
1389422076.0_L1,1389422076.0,L1,ROBUST,0.3137521743774414,ROBUST,idxq4-64_queryq4-64
1389422108.0_L1,1389422108.0,L1,ROBUST,0.4908715486526489,ROBUST,idxq4-64_queryq4-64
1389422140.0_L1,1389422140.0,L1,ROBUST,0.4801916182041168,ROBUST,idxq4-64_queryq4-64
1389422172.0_L1,1389422172.0,L1,ROBUST,0.3784871399402618,ROBUST,idxq4-64_queryq4-64
1389422236.0_L1,1389422236.0,L1,ROBUST,0.4199546277523041,ROBUST,idxq4-64_queryq4-64
1389422268.0_L1,1389422268.0,L1,ROBUST,0.4304997026920318,ROBUST,idxq4-64_queryq4-64
1389422332.0_L1,1389422332.0,L1,ROBUST,0.4092240929603576,ROBUST,idxq4-64_queryq4-64
1389422428.0_L1,1389422428.0,L1,ROBUST,0.4173406064510345,ROBUST,idxq4-64_queryq4-64
1389422524.0_L1,1389422524.0,L1,ROBUST,0.4023343622684479,ROBUST,idxq4-64_queryq4-64
1389422556.0_L1,1389422556.0,L1,ROBUST,0.4169717729091644,ROBUST,idxq4-64_queryq4-64
1389422684.0_L1,1389422684.0,L1,ROBUST,0.4775480329990387,ROBUST,idxq4-64_queryq4-64
1389422716.0_L1,1389422716.0,L1,ROBUST,0.4349170625209808,ROBUST,idxq4-64_queryq4-64
1389422748.0_L1,1389422748.0,L1,ROBUST,0.4669703543186188,ROBUST,idxq4-64_queryq4-64
1389422780.0_L1,1389422780.0,L1,ROBUST,0.4031138718128204,ROBUST,idxq4-64_queryq4-64
1389422908.0_L1,1389422908.0,L1,ROBUST,0.4356206655502319,ROBUST,idxq4-64_queryq4-64
1389422972.0_L1,1389422972.0,L1,ROBUST,0.4201543629169464,ROBUST,idxq4-64_queryq4-64
1389423036.0_L1,1389423036.0,L1,ROBUST,0.4372690320014953,ROBUST,idxq4-64_queryq4-64
1389423068.0_L1,1389423068.0,L1,ROBUST,0.4132847487926483,ROBUST,idxq4-64_queryq4-64
1389423100.0_L1,1389423100.0,L1,ROBUST,0.40099036693573,ROBUST,idxq4-64_queryq4-64
1389423196.0_L1,1389423196.0,L1,ROBUST,0.4292071163654327,ROBUST,idxq4-64_queryq4-64
1389423228.0_L1,1389423228.0,L1,ROBUST,0.4051490128040313,ROBUST,idxq4-64_queryq4-64
1389423324.0_L1,1389423324.0,L1,ROBUST,0.4261733591556549,ROBUST,idxq4-64_queryq4-64
1389423420.0_L1,1389423420.0,L1,ROBUST,0.4225576221942901,ROBUST,idxq4-64_queryq4-64
1389423452.0_L1,1389423452.0,L1,ROBUST,0.4178076088428497,ROBUST,idxq4-64_queryq4-64
1389423484.0_L1,1389423484.0,L1,ROBUST,0.4295471906661987,ROBUST,idxq4-64_queryq4-64
1389423548.0_L1,1389423548.0,L1,ROBUST,0.4440521597862243,ROBUST,idxq4-64_queryq4-64
1389423580.0_L1,1389423580.0,L1,ROBUST,0.4184281527996063,ROBUST,idxq4-64_queryq4-64
1389423644.0_L1,1389423644.0,L1,ROBUST,0.432663232088089,ROBUST,idxq4-64_queryq4-64
1389423708.0_L1,1389423708.0,L1,ROBUST,0.4449633359909057,ROBUST,idxq4-64_queryq4-64
1389423772.0_L1,1389423772.0,L1,ROBUST,0.4323092699050903,ROBUST,idxq4-64_queryq4-64
1389423868.0_L1,1389423868.0,L1,ROBUST,0.3941406607627868,ROBUST,idxq4-64_queryq4-64
1389423932.0_L1,1389423932.0,L1,ROBUST,0.3675451874732971,ROBUST,idxq4-64_queryq4-64
1389423964.0_L1,1389423964.0,L1,ROBUST,0.458877682685852,ROBUST,idxq4-64_queryq4-64
1389424028.0_L1,1389424028.0,L1,ROBUST,0.419158399105072,ROBUST,idxq4-64_queryq4-64
1389424092.0_L1,1389424092.0,L1,ROBUST,0.4701343476772308,ROBUST,idxq4-64_queryq4-64
1389424188.0_L1,1389424188.0,L1,ROBUST,0.4145600497722626,ROBUST,idxq4-64_queryq4-64
1389424220.0_L1,1389424220.0,L1,ROBUST,0.4303699433803558,ROBUST,idxq4-64_queryq4-64
1389424252.0_L1,1389424252.0,L1,ROBUST,0.4350853264331817,ROBUST,idxq4-64_queryq4-64
1389424348.0_L1,1389424348.0,L1,ROBUST,0.4248543381690979,ROBUST,idxq4-64_queryq4-64
1389424384.0_L1,1389424384.0,L1,ROBUST,0.4133754074573517,ROBUST,idxq4-64_queryq4-64
1389424412.0_L1,1389424412.0,L1,ROBUST,0.4435939192771911,ROBUST,idxq4-64_queryq4-64
1389424444.0_L1,1389424444.0,L1,ROBUST,0.4137428998947143,ROBUST,idxq4-64_queryq4-64
1389424476.0_L1,1389424476.0,L1,ROBUST,0.4190390408039093,ROBUST,idxq4-64_queryq4-64
1389424508.0_L1,1389424508.0,L1,ROBUST,0.4437325894832611,ROBUST,idxq4-64_queryq4-64
1389424540.0_L1,1389424540.0,L1,ROBUST,0.4451496005058288,ROBUST,idxq4-64_queryq4-64
1389424604.0_L1,1389424604.0,L1,ROBUST,0.4188296496868133,ROBUST,idxq4-64_queryq4-64
1389424636.0_L1,1389424636.0,L1,ROBUST,0.3960120379924774,ROBUST,idxq4-64_queryq4-64
1389424668.0_L1,1389424668.0,L1,ROBUST,0.3997254073619842,ROBUST,idxq4-64_queryq4-64
1389424700.0_L1,1389424700.0,L1,ROBUST,0.4137814044952392,ROBUST,idxq4-64_queryq4-64
1389424796.0_L1,1389424796.0,L1,ROBUST,0.4423709511756897,ROBUST,idxq4-64_queryq4-64
1389424828.0_L1,1389424828.0,L1,ROBUST,0.4120137393474579,ROBUST,idxq4-64_queryq4-64
1389424892.0_L1,1389424892.0,L1,ROBUST,0.398175984621048,ROBUST,idxq4-64_queryq4-64
1389424956.0_L1,1389424956.0,L1,ROBUST,0.4320294857025146,ROBUST,idxq4-64_queryq4-64
1389425020.0_L1,1389425020.0,L1,ROBUST,0.4359218776226043,ROBUST,idxq4-64_queryq4-64
1389425052.0_L1,1389425052.0,L1,ROBUST,0.4153140485286712,ROBUST,idxq4-64_queryq4-64
1389425116.0_L1,1389425116.0,L1,ROBUST,0.4299614429473877,ROBUST,idxq4-64_queryq4-64
1389425148.0_L1,1389425148.0,L1,ROBUST,0.3684783279895782,ROBUST,idxq4-64_queryq4-64
1389425212.0_L1,1389425212.0,L1,ROBUST,0.4038305878639221,ROBUST,idxq4-64_queryq4-64
1389425244.0_L1,1389425244.0,L1,ROBUST,0.4503810405731201,ROBUST,idxq4-64_queryq4-64
1389425340.0_L1,1389425340.0,L1,ROBUST,0.4122307598590851,ROBUST,idxq4-64_queryq4-64
1389425372.0_L1,1389425372.0,L1,ROBUST,0.372546911239624,ROBUST,idxq4-64_queryq4-64
1389425404.0_L1,1389425404.0,L1,ROBUST,0.4076705873012543,ROBUST,idxq4-64_queryq4-64
1389425468.0_L1,1389425468.0,L1,ROBUST,0.4230735599994659,ROBUST,idxq4-64_queryq4-64
1389425532.0_L1,1389425532.0,L1,ROBUST,0.4437435269355774,ROBUST,idxq4-64_queryq4-64
1389425564.0_L1,1389425564.0,L1,ROBUST,0.4298092722892761,ROBUST,idxq4-64_queryq4-64
1389425628.0_L1,1389425628.0,L1,ROBUST,0.4635212421417236,ROBUST,idxq4-64_queryq4-64
1389425660.0_L1,1389425660.0,L1,ROBUST,0.4360712170600891,ROBUST,idxq4-64_queryq4-64
1389425724.0_L1,1389425724.0,L1,ROBUST,0.4377367794513702,ROBUST,idxq4-64_queryq4-64
1389425756.0_L1,1389425756.0,L1,ROBUST,0.4162624180316925,ROBUST,idxq4-64_queryq4-64
1389425884.0_L1,1389425884.0,L1,ROBUST,0.3907948136329651,ROBUST,idxq4-64_queryq4-64
1389425948.0_L1,1389425948.0,L1,ROBUST,0.4006490111351013,ROBUST,idxq4-64_queryq4-64
1389425980.0_L1,1389425980.0,L1,ROBUST,0.4208859801292419,ROBUST,idxq4-64_queryq4-64
1389426012.0_L1,1389426012.0,L1,ROBUST,0.4078660905361175,ROBUST,idxq4-64_queryq4-64
1389426044.0_L1,1389426044.0,L1,ROBUST,0.382525622844696,ROBUST,idxq4-64_queryq4-64
1389426076.0_L1,1389426076.0,L1,ROBUST,0.3825087547302246,ROBUST,idxq4-64_queryq4-64
1389426140.0_L1,1389426140.0,L1,ROBUST,0.4216231405735016,ROBUST,idxq4-64_queryq4-64
1389426172.0_L1,1389426172.0,L1,ROBUST,0.409111738204956,ROBUST,idxq4-64_queryq4-64
1389426204.0_L1,1389426204.0,L1,ROBUST,0.3919157087802887,ROBUST,idxq4-64_queryq4-64
1389426268.0_L1,1389426268.0,L1,ROBUST,0.4275316894054413,ROBUST,idxq4-64_queryq4-64
1389426300.0_L1,1389426300.0,L1,ROBUST,0.4551554322242737,ROBUST,idxq4-64_queryq4-64
1389426364.0_L1,1389426364.0,L1,ROBUST,0.4035310745239258,ROBUST,idxq4-64_queryq4-64
1389426396.0_L1,1389426396.0,L1,ROBUST,0.2718195617198944,ROBUST,idxq4-64_queryq4-64
1389426428.0_L1,1389426428.0,L1,ROBUST,0.4211039841175079,ROBUST,idxq4-64_queryq4-64
1389426556.0_L1,1389426556.0,L1,ROBUST,0.4321815967559814,ROBUST,idxq4-64_queryq4-64
1389426588.0_L1,1389426588.0,L1,ROBUST,0.3772279918193817,ROBUST,idxq4-64_queryq4-64
1389426652.0_L1,1389426652.0,L1,ROBUST,0.4567260444164276,ROBUST,idxq4-64_queryq4-64
1389426684.0_L1,1389426684.0,L1,ROBUST,0.4030736982822418,ROBUST,idxq4-64_queryq4-64
1389426716.0_L1,1389426716.0,L1,ROBUST,0.4334526062011719,ROBUST,idxq4-64_queryq4-64
1389426812.0_L1,1389426812.0,L1,ROBUST,0.4213851392269134,ROBUST,idxq4-64_queryq4-64
1389426876.0_L1,1389426876.0,L1,ROBUST,0.398477166891098,ROBUST,idxq4-64_queryq4-64
1389426908.0_L1,1389426908.0,L1,ROBUST,0.3993176817893982,ROBUST,idxq4-64_queryq4-64
1389426940.0_L1,1389426940.0,L1,ROBUST,0.4421522915363312,ROBUST,idxq4-64_queryq4-64
1389427036.0_L1,1389427036.0,L1,ROBUST,0.4095481336116791,ROBUST,idxq4-64_queryq4-64
1389427100.0_L1,1389427100.0,L1,ROBUST,0.4104940295219421,ROBUST,idxq4-64_queryq4-64
1389427132.0_L1,1389427132.0,L1,ROBUST,0.4354473948478699,ROBUST,idxq4-64_queryq4-64
1389427164.0_L1,1389427164.0,L1,ROBUST,0.4453233778476715,ROBUST,idxq4-64_queryq4-64
1389427228.0_L1,1389427228.0,L1,ROBUST,0.4044376909732818,ROBUST,idxq4-64_queryq4-64
1389427260.0_L1,1389427260.0,L1,ROBUST,0.4221466779708862,ROBUST,idxq4-64_queryq4-64
1389427388.0_L1,1389427388.0,L1,ROBUST,0.4259509742259979,ROBUST,idxq4-64_queryq4-64
1389427420.0_L1,1389427420.0,L1,ROBUST,0.4262462854385376,ROBUST,idxq4-64_queryq4-64
1389427580.0_L1,1389427580.0,L1,ROBUST,0.41363325715065,ROBUST,idxq4-64_queryq4-64
1389427644.0_L1,1389427644.0,L1,ROBUST,0.4447976946830749,ROBUST,idxq4-64_queryq4-64
1389427676.0_L1,1389427676.0,L1,ROBUST,0.4556695818901062,ROBUST,idxq4-64_queryq4-64
1389427708.0_L1,1389427708.0,L1,ROBUST,0.4716841876506805,ROBUST,idxq4-64_queryq4-64
1389427740.0_L1,1389427740.0,L1,ROBUST,0.4268323481082916,ROBUST,idxq4-64_queryq4-64
1389427772.0_L1,1389427772.0,L1,ROBUST,0.4629102647304535,ROBUST,idxq4-64_queryq4-64
1389427804.0_L1,1389427804.0,L1,ROBUST,0.4295604825019836,ROBUST,idxq4-64_queryq4-64
1389427836.0_L1,1389427836.0,L1,ROBUST,0.4327477514743805,ROBUST,idxq4-64_queryq4-64
1389427900.0_L1,1389427900.0,L1,ROBUST,0.428293228149414,ROBUST,idxq4-64_queryq4-64
1389427932.0_L1,1389427932.0,L1,ROBUST,0.4674511849880218,ROBUST,idxq4-64_queryq4-64
1389427996.0_L1,1389427996.0,L1,ROBUST,0.4171533286571502,ROBUST,idxq4-64_queryq4-64
1389428028.0_L1,1389428028.0,L1,ROBUST,0.3952517211437225,ROBUST,idxq4-64_queryq4-64
1389428188.0_L1,1389428188.0,L1,ROBUST,0.4131748080253601,ROBUST,idxq4-64_queryq4-64
1389428220.0_L1,1389428220.0,L1,ROBUST,0.4323098361492157,ROBUST,idxq4-64_queryq4-64
1389428252.0_L1,1389428252.0,L1,ROBUST,0.4621463418006897,ROBUST,idxq4-64_queryq4-64
1389428284.0_L1,1389428284.0,L1,ROBUST,0.3922125995159149,ROBUST,idxq4-64_queryq4-64
1368982972.0_H1,1368982972.0,H1,BACKGROUND,0.1011417359113693,BACKGROUND,idxq4-64_queryq4-64
1369001148.0_L1,1369001148.0,L1,ROBUST,0.457525223493576,ROBUST,idxq4-64_queryq4-64
1369001180.0_L1,1369001180.0,L1,ROBUST,0.4411111772060394,ROBUST,idxq4-64_queryq4-64
1369001308.0_L1,1369001308.0,L1,BACKGROUND,0.0756212249398231,BACKGROUND,idxq4-64_queryq4-64
1369003516.0_L1,1369003516.0,L1,ROBUST,0.4313364028930664,ROBUST,idxq4-64_queryq4-64
1369005212.0_L1,1369005212.0,L1,ROBUST,0.4689666032791137,ROBUST,idxq4-64_queryq4-64
1369005244.0_L1,1369005244.0,L1,ROBUST,0.4305121004581451,ROBUST,idxq4-64_queryq4-64
1369014044.0_L1,1369014044.0,L1,ROBUST,0.4044673144817352,ROBUST,idxq4-64_queryq4-64
1369017500.0_L1,1369017500.0,L1,ROBUST,0.4422085285186767,ROBUST,idxq4-64_queryq4-64
1369018368.0_L1,1369018368.0,L1,BACKGROUND,0.059937510639429,BACKGROUND,idxq4-64_queryq4-64
1369041404.0_L1,1369041404.0,L1,ROBUST,0.4311456680297851,ROBUST,idxq4-64_queryq4-64
1369041820.0_L1,1369041820.0,L1,AMBIGUOUS,0.1800920814275741,AMBIGUOUS,idxq4-64_queryq4-64
1369042620.0_L1,1369042620.0,L1,ROBUST,0.4368070363998413,ROBUST,idxq4-64_queryq4-64
1369043644.0_L1,1369043644.0,L1,ROBUST,0.3997062146663666,ROBUST,idxq4-64_queryq4-64
1369043676.0_L1,1369043676.0,L1,ROBUST,0.4160983264446258,ROBUST,idxq4-64_queryq4-64
1369047548.0_L1,1369047548.0,L1,ROBUST,0.2624193131923675,ROBUST,idxq4-64_queryq4-64
1369049148.0_L1,1369049148.0,L1,ROBUST,0.4394240081310272,ROBUST,idxq4-64_queryq4-64
1369052540.0_L1,1369052540.0,L1,AMBIGUOUS,0.1745368391275406,AMBIGUOUS,idxq4-64_queryq4-64
1369053660.0_L1,1369053660.0,L1,ROBUST,0.4732130169868469,ROBUST,idxq4-64_queryq4-64
1369056380.0_L1,1369056380.0,L1,ROBUST,0.430669218301773,ROBUST,idxq4-64_queryq4-64
1369056444.0_L1,1369056444.0,L1,BACKGROUND,0.068388283252716,BACKGROUND,idxq4-64_queryq4-64
1369056700.0_L1,1369056700.0,L1,AMBIGUOUS,0.2164847999811172,AMBIGUOUS,idxq4-64_queryq4-64
1369057372.0_L1,1369057372.0,L1,ROBUST,0.2931207120418548,ROBUST,idxq4-64_queryq4-64
1369057404.0_L1,1369057404.0,L1,AMBIGUOUS,0.1796664595603943,AMBIGUOUS,idxq4-64_queryq4-64
1369057916.0_L1,1369057916.0,L1,BACKGROUND,0.1186419501900672,BACKGROUND,idxq4-64_queryq4-64
1369058044.0_L1,1369058044.0,L1,ROBUST,0.4143072068691253,ROBUST,idxq4-64_queryq4-64
1369058364.0_L1,1369058364.0,L1,BACKGROUND,0.11801677942276,BACKGROUND,idxq4-64_queryq4-64
1369058460.0_L1,1369058460.0,L1,BACKGROUND,0.1036676466464996,BACKGROUND,idxq4-64_queryq4-64
1369058492.0_L1,1369058492.0,L1,AMBIGUOUS,0.1817383766174316,AMBIGUOUS,idxq4-64_queryq4-64
1369059164.0_L1,1369059164.0,L1,BACKGROUND,0.1410039812326431,BACKGROUND,idxq4-64_queryq4-64
1369060796.0_L1,1369060796.0,L1,BACKGROUND,0.0741900950670242,BACKGROUND,idxq4-64_queryq4-64
1369062556.0_L1,1369062556.0,L1,ROBUST,0.4268444776535034,ROBUST,idxq4-64_queryq4-64
1369063868.0_L1,1369063868.0,L1,AMBIGUOUS,0.1540635675191879,AMBIGUOUS,idxq4-64_queryq4-64
1369065148.0_L1,1369065148.0,L1,ROBUST,0.2800575196743011,ROBUST,idxq4-64_queryq4-64
1369067036.0_L1,1369067036.0,L1,ROBUST,0.2832057476043701,ROBUST,idxq4-64_queryq4-64
1369068060.0_L1,1369068060.0,L1,ROBUST,0.3176130652427673,ROBUST,idxq4-64_queryq4-64
1369077628.0_L1,1369077628.0,L1,BACKGROUND,0.0682162120938301,BACKGROUND,idxq4-64_queryq4-64
1369077788.0_L1,1369077788.0,L1,BACKGROUND,0.0700525790452957,BACKGROUND,idxq4-64_queryq4-64
1369079808.0_L1,1369079808.0,L1,BACKGROUND,0.0573115348815918,BACKGROUND,idxq4-64_queryq4-64
1369081660.0_L1,1369081660.0,L1,ROBUST,0.4160798490047455,ROBUST,idxq4-64_queryq4-64
1369082780.0_L1,1369082780.0,L1,BACKGROUND,0.0757907405495643,BACKGROUND,idxq4-64_queryq4-64
1369084060.0_L1,1369084060.0,L1,BACKGROUND,0.0786426663398742,BACKGROUND,idxq4-64_queryq4-64
1369084604.0_L1,1369084604.0,L1,ROBUST,0.4354714751243591,ROBUST,idxq4-64_queryq4-64
1369085948.0_L1,1369085948.0,L1,ROBUST,0.4457300007343292,ROBUST,idxq4-64_queryq4-64
1369086396.0_L1,1369086396.0,L1,ROBUST,0.4288719296455383,ROBUST,idxq4-64_queryq4-64
1369087484.0_L1,1369087484.0,L1,ROBUST,0.4407297670841217,ROBUST,idxq4-64_queryq4-64
1369088668.0_L1,1369088668.0,L1,ROBUST,0.4271259903907776,ROBUST,idxq4-64_queryq4-64
1369090268.0_L1,1369090268.0,L1,ROBUST,0.2797066271305084,ROBUST,idxq4-64_queryq4-64
1369093052.0_L1,1369093052.0,L1,ROBUST,0.4253974556922912,ROBUST,idxq4-64_queryq4-64
1369093276.0_L1,1369093276.0,L1,ROBUST,0.4136470556259155,ROBUST,idxq4-64_queryq4-64
1369093916.0_L1,1369093916.0,L1,ROBUST,0.4425121247768402,ROBUST,idxq4-64_queryq4-64
1369096092.0_L1,1369096092.0,L1,BACKGROUND,0.0695169642567634,BACKGROUND,idxq4-64_queryq4-64
1369096572.0_L1,1369096572.0,L1,BACKGROUND,0.0771955624222755,BACKGROUND,idxq4-64_queryq4-64
1369097916.0_L1,1369097916.0,L1,BACKGROUND,0.1355077773332595,BACKGROUND,idxq4-64_queryq4-64
1369106012.0_L1,1369106012.0,L1,ROBUST,0.4733916521072387,ROBUST,idxq4-64_queryq4-64
1369107260.0_L1,1369107260.0,L1,ROBUST,0.4411864578723907,ROBUST,idxq4-64_queryq4-64
1369108412.0_L1,1369108412.0,L1,ROBUST,0.435727596282959,ROBUST,idxq4-64_queryq4-64
1369116284.0_L1,1369116284.0,L1,ROBUST,0.4417594373226166,ROBUST,idxq4-64_queryq4-64
1369117052.0_L1,1369117052.0,L1,AMBIGUOUS,0.1957449913024902,AMBIGUOUS,idxq4-64_queryq4-64
1369117884.0_L1,1369117884.0,L1,ROBUST,0.4100386500358581,ROBUST,idxq4-64_queryq4-64
1369118876.0_L1,1369118876.0,L1,BACKGROUND,0.0675051659345626,BACKGROUND,idxq4-64_queryq4-64
1369122012.0_L1,1369122012.0,L1,BACKGROUND,0.0806013345718383,BACKGROUND,idxq4-64_queryq4-64
1369124412.0_L1,1369124412.0,L1,BACKGROUND,0.0700612738728523,BACKGROUND,idxq4-64_queryq4-64
1369132060.0_L1,1369132060.0,L1,AMBIGUOUS,0.1544549018144607,AMBIGUOUS,idxq4-64_queryq4-64
1369132348.0_L1,1369132348.0,L1,BACKGROUND,0.0978873372077941,BACKGROUND,idxq4-64_queryq4-64
1369133436.0_L1,1369133436.0,L1,BACKGROUND,0.0713395625352859,BACKGROUND,idxq4-64_queryq4-64
1369133788.0_L1,1369133788.0,L1,BACKGROUND,0.1053192764520645,BACKGROUND,idxq4-64_queryq4-64
1369133820.0_L1,1369133820.0,L1,ROBUST,0.4348043501377105,ROBUST,idxq4-64_queryq4-64
1369133948.0_L1,1369133948.0,L1,ROBUST,0.3774099349975586,ROBUST,idxq4-64_queryq4-64
1369141628.0_L1,1369141628.0,L1,ROBUST,0.332460880279541,ROBUST,idxq4-64_queryq4-64
1369141692.0_L1,1369141692.0,L1,BACKGROUND,0.1491828262805938,BACKGROUND,idxq4-64_queryq4-64
1369141916.0_L1,1369141916.0,L1,ROBUST,0.4221383929252624,ROBUST,idxq4-64_queryq4-64
1369144348.0_L1,1369144348.0,L1,BACKGROUND,0.1371496021747589,BACKGROUND,idxq4-64_queryq4-64
1369146364.0_L1,1369146364.0,L1,ROBUST,0.4726227521896362,ROBUST,idxq4-64_queryq4-64
1369147004.0_L1,1369147004.0,L1,ROBUST,0.4176615178585052,ROBUST,idxq4-64_queryq4-64
1369147388.0_L1,1369147388.0,L1,BACKGROUND,0.1148827672004699,BACKGROUND,idxq4-64_queryq4-64
1369148028.0_L1,1369148028.0,L1,AMBIGUOUS,0.163894236087799,AMBIGUOUS,idxq4-64_queryq4-64
1369150876.0_L1,1369150876.0,L1,ROBUST,0.4339262843132019,ROBUST,idxq4-64_queryq4-64
1369152156.0_L1,1369152156.0,L1,AMBIGUOUS,0.1815221160650253,AMBIGUOUS,idxq4-64_queryq4-64
1369153660.0_L1,1369153660.0,L1,ROBUST,0.2330912351608276,ROBUST,idxq4-64_queryq4-64
1369158748.0_L1,1369158748.0,L1,AMBIGUOUS,0.1535820513963699,AMBIGUOUS,idxq4-64_queryq4-64
1369170780.0_L1,1369170780.0,L1,BACKGROUND,0.0786487534642219,BACKGROUND,idxq4-64_queryq4-64
1369171996.0_L1,1369171996.0,L1,ROBUST,0.3003717362880707,ROBUST,idxq4-64_queryq4-64
1369172540.0_L1,1369172540.0,L1,AMBIGUOUS,0.1864990890026092,AMBIGUOUS,idxq4-64_queryq4-64
1369173148.0_L1,1369173148.0,L1,BACKGROUND,0.0815389752388,BACKGROUND,idxq4-64_queryq4-64
1369173980.0_L1,1369173980.0,L1,ROBUST,0.2456079125404358,ROBUST,idxq4-64_queryq4-64
1369174016.0_L1,1369174016.0,L1,AMBIGUOUS,0.2094466388225555,AMBIGUOUS,idxq4-64_queryq4-64
1369174620.0_L1,1369174620.0,L1,BACKGROUND,0.0718741416931152,BACKGROUND,idxq4-64_queryq4-64
1369175996.0_L1,1369175996.0,L1,BACKGROUND,0.0829292014241218,BACKGROUND,idxq4-64_queryq4-64
1369176412.0_L1,1369176412.0,L1,BACKGROUND,0.1447807997465133,BACKGROUND,idxq4-64_queryq4-64
1369176604.0_L1,1369176604.0,L1,BACKGROUND,0.1297484934329986,BACKGROUND,idxq4-64_queryq4-64
1369176924.0_L1,1369176924.0,L1,ROBUST,0.3680191934108734,ROBUST,idxq4-64_queryq4-64
1369176956.0_L1,1369176956.0,L1,ROBUST,0.4239560961723327,ROBUST,idxq4-64_queryq4-64
1369180604.0_L1,1369180604.0,L1,ROBUST,0.4404736161231994,ROBUST,idxq4-64_queryq4-64
1369181628.0_L1,1369181628.0,L1,ROBUST,0.4393512308597564,ROBUST,idxq4-64_queryq4-64
1369182012.0_L1,1369182012.0,L1,BACKGROUND,0.0806464254856109,BACKGROUND,idxq4-64_queryq4-64
1369182208.0_L1,1369182208.0,L1,BACKGROUND,0.0820012912154197,BACKGROUND,idxq4-64_queryq4-64
1369182364.0_L1,1369182364.0,L1,ROBUST,0.4597709774971008,ROBUST,idxq4-64_queryq4-64
1369182748.0_L1,1369182748.0,L1,ROBUST,0.4486693739891052,ROBUST,idxq4-64_queryq4-64
1369182908.0_L1,1369182908.0,L1,AMBIGUOUS,0.2078399062156677,AMBIGUOUS,idxq4-64_queryq4-64
1369202688.0_L1,1369202688.0,L1,BACKGROUND,0.0598466247320175,BACKGROUND,idxq4-64_queryq4-64
1369204060.0_L1,1369204060.0,L1,BACKGROUND,0.1221299991011619,BACKGROUND,idxq4-64_queryq4-64
1369205340.0_L1,1369205340.0,L1,ROBUST,0.4308526217937469,ROBUST,idxq4-64_queryq4-64
1369230940.0_L1,1369230940.0,L1,AMBIGUOUS,0.17188261449337,AMBIGUOUS,idxq4-64_queryq4-64
1369231036.0_L1,1369231036.0,L1,ROBUST,0.4160922467708587,ROBUST,idxq4-64_queryq4-64
1369231740.0_L1,1369231740.0,L1,AMBIGUOUS,0.1604213118553161,AMBIGUOUS,idxq4-64_queryq4-64
1369231868.0_L1,1369231868.0,L1,BACKGROUND,0.0894090384244918,BACKGROUND,idxq4-64_queryq4-64
1369232188.0_L1,1369232188.0,L1,ROBUST,0.425095796585083,ROBUST,idxq4-64_queryq4-64
1369234844.0_L1,1369234844.0,L1,ROBUST,0.4497422575950622,ROBUST,idxq4-64_queryq4-64
1369236124.0_L1,1369236124.0,L1,ROBUST,0.2242228239774704,ROBUST,idxq4-64_queryq4-64
1369236540.0_L1,1369236540.0,L1,ROBUST,0.4427109956741333,ROBUST,idxq4-64_queryq4-64
1369237564.0_L1,1369237564.0,L1,BACKGROUND,0.0978635773062706,BACKGROUND,idxq4-64_queryq4-64
1369237756.0_L1,1369237756.0,L1,BACKGROUND,0.0693937391042709,BACKGROUND,idxq4-64_queryq4-64
1369237852.0_L1,1369237852.0,L1,ROBUST,0.4087237119674682,ROBUST,idxq4-64_queryq4-64
1369240988.0_L1,1369240988.0,L1,BACKGROUND,0.1157012805342674,BACKGROUND,idxq4-64_queryq4-64
1369246556.0_L1,1369246556.0,L1,BACKGROUND,0.1030289307236671,BACKGROUND,idxq4-64_queryq4-64
1369247068.0_L1,1369247068.0,L1,BACKGROUND,0.1256639659404754,BACKGROUND,idxq4-64_queryq4-64
1369247100.0_L1,1369247100.0,L1,AMBIGUOUS,0.1658595949411392,AMBIGUOUS,idxq4-64_queryq4-64
1369247164.0_L1,1369247164.0,L1,BACKGROUND,0.0927254855632782,BACKGROUND,idxq4-64_queryq4-64
1369247772.0_L1,1369247772.0,L1,BACKGROUND,0.0792683586478233,BACKGROUND,idxq4-64_queryq4-64
1369249468.0_L1,1369249468.0,L1,AMBIGUOUS,0.171563059091568,AMBIGUOUS,idxq4-64_queryq4-64
1369249948.0_L1,1369249948.0,L1,ROBUST,0.4489983916282654,ROBUST,idxq4-64_queryq4-64
1369251484.0_L1,1369251484.0,L1,AMBIGUOUS,0.2011738568544387,AMBIGUOUS,idxq4-64_queryq4-64
1369251740.0_L1,1369251740.0,L1,BACKGROUND,0.0870599076151847,BACKGROUND,idxq4-64_queryq4-64
1369252764.0_L1,1369252764.0,L1,BACKGROUND,0.0715995505452156,BACKGROUND,idxq4-64_queryq4-64
1369253628.0_L1,1369253628.0,L1,BACKGROUND,0.1489020735025406,BACKGROUND,idxq4-64_queryq4-64
1369253756.0_L1,1369253756.0,L1,BACKGROUND,0.1142314746975898,BACKGROUND,idxq4-64_queryq4-64
1369253788.0_L1,1369253788.0,L1,BACKGROUND,0.1269217580556869,BACKGROUND,idxq4-64_queryq4-64
1369253820.0_L1,1369253820.0,L1,ROBUST,0.4946789443492889,ROBUST,idxq4-64_queryq4-64
1369254044.0_L1,1369254044.0,L1,BACKGROUND,0.0851032510399818,BACKGROUND,idxq4-64_queryq4-64
1369255804.0_L1,1369255804.0,L1,BACKGROUND,0.0977774783968925,BACKGROUND,idxq4-64_queryq4-64
1369255900.0_L1,1369255900.0,L1,AMBIGUOUS,0.203235313296318,AMBIGUOUS,idxq4-64_queryq4-64
1369263964.0_L1,1369263964.0,L1,BACKGROUND,0.1193233355879783,BACKGROUND,idxq4-64_queryq4-64
1369264092.0_L1,1369264092.0,L1,ROBUST,0.2313424497842788,ROBUST,idxq4-64_queryq4-64
1369264128.0_L1,1369264128.0,L1,BACKGROUND,0.0751908347010612,BACKGROUND,idxq4-64_queryq4-64
1369265628.0_L1,1369265628.0,L1,ROBUST,0.4215880632400512,ROBUST,idxq4-64_queryq4-64
1369266844.0_L1,1369266844.0,L1,ROBUST,0.4376447796821594,ROBUST,idxq4-64_queryq4-64
1369269500.0_L1,1369269500.0,L1,ROBUST,0.4731902480125427,ROBUST,idxq4-64_queryq4-64
1369270076.0_L1,1369270076.0,L1,ROBUST,0.4268636405467987,ROBUST,idxq4-64_queryq4-64
1369270396.0_L1,1369270396.0,L1,ROBUST,0.2854141891002655,ROBUST,idxq4-64_queryq4-64
1369271388.0_L1,1369271388.0,L1,AMBIGUOUS,0.1648580282926559,AMBIGUOUS,idxq4-64_queryq4-64
1369271452.0_L1,1369271452.0,L1,BACKGROUND,0.1173667758703231,BACKGROUND,idxq4-64_queryq4-64
1369271676.0_L1,1369271676.0,L1,BACKGROUND,0.0985310599207878,BACKGROUND,idxq4-64_queryq4-64
1369271836.0_L1,1369271836.0,L1,BACKGROUND,0.0945981293916702,BACKGROUND,idxq4-64_queryq4-64
1369271868.0_L1,1369271868.0,L1,BACKGROUND,0.1036232188344001,BACKGROUND,idxq4-64_queryq4-64
1369272028.0_L1,1369272028.0,L1,BACKGROUND,0.1500945389270782,BACKGROUND,idxq4-64_queryq4-64
1369272540.0_L1,1369272540.0,L1,BACKGROUND,0.1346304267644882,BACKGROUND,idxq4-64_queryq4-64
1369272732.0_L1,1369272732.0,L1,AMBIGUOUS,0.1964219361543655,AMBIGUOUS,idxq4-64_queryq4-64
1369272828.0_L1,1369272828.0,L1,ROBUST,0.4023886322975158,ROBUST,idxq4-64_queryq4-64
1369293724.0_L1,1369293724.0,L1,BACKGROUND,0.1302442252635955,BACKGROUND,idxq4-64_queryq4-64
1369294172.0_L1,1369294172.0,L1,BACKGROUND,0.0855460315942764,BACKGROUND,idxq4-64_queryq4-64
1369298588.0_L1,1369298588.0,L1,BACKGROUND,0.0716033801436424,BACKGROUND,idxq4-64_queryq4-64
1369333852.0_L1,1369333852.0,L1,ROBUST,0.4480011463165283,ROBUST,idxq4-64_queryq4-64
1369336604.0_L1,1369336604.0,L1,BACKGROUND,0.0865708887577056,BACKGROUND,idxq4-64_queryq4-64
1369338524.0_L1,1369338524.0,L1,ROBUST,0.4713662564754486,ROBUST,idxq4-64_queryq4-64
1369338812.0_L1,1369338812.0,L1,ROBUST,0.437244176864624,ROBUST,idxq4-64_queryq4-64
1369342332.0_L1,1369342332.0,L1,BACKGROUND,0.1275085508823394,BACKGROUND,idxq4-64_queryq4-64
1369348220.0_L1,1369348220.0,L1,BACKGROUND,0.0735638439655304,BACKGROUND,idxq4-64_queryq4-64
1369352540.0_L1,1369352540.0,L1,ROBUST,0.2971061766147613,ROBUST,idxq4-64_queryq4-64
1369354204.0_L1,1369354204.0,L1,AMBIGUOUS,0.1934956610202789,AMBIGUOUS,idxq4-64_queryq4-64
1369358972.0_L1,1369358972.0,L1,ROBUST,0.4413245022296905,ROBUST,idxq4-64_queryq4-64
1369359420.0_L1,1369359420.0,L1,AMBIGUOUS,0.2118024677038192,AMBIGUOUS,idxq4-64_queryq4-64
1369360476.0_L1,1369360476.0,L1,BACKGROUND,0.0699570626020431,BACKGROUND,idxq4-64_queryq4-64
1369362432.0_L1,1369362432.0,L1,BACKGROUND,0.0664815381169319,BACKGROUND,idxq4-64_queryq4-64
1369362652.0_L1,1369362652.0,L1,ROBUST,0.4249503910541534,ROBUST,idxq4-64_queryq4-64
1369363900.0_L1,1369363900.0,L1,BACKGROUND,0.1146018058061599,BACKGROUND,idxq4-64_queryq4-64
1369366716.0_L1,1369366716.0,L1,BACKGROUND,0.0866019576787948,BACKGROUND,idxq4-64_queryq4-64
1369367996.0_L1,1369367996.0,L1,ROBUST,0.4349493086338043,ROBUST,idxq4-64_queryq4-64
1369368028.0_L1,1369368028.0,L1,ROBUST,0.5299615859985352,ROBUST,idxq4-64_queryq4-64
1369368732.0_L1,1369368732.0,L1,BACKGROUND,0.0856834128499031,BACKGROUND,idxq4-64_queryq4-64
1369368860.0_L1,1369368860.0,L1,ROBUST,0.2676140069961548,ROBUST,idxq4-64_queryq4-64
1369370716.0_L1,1369370716.0,L1,ROBUST,0.4505403637886047,ROBUST,idxq4-64_queryq4-64
1369371260.0_L1,1369371260.0,L1,ROBUST,0.4386743307113647,ROBUST,idxq4-64_queryq4-64
1369374720.0_L1,1369374720.0,L1,BACKGROUND,0.0607838854193687,BACKGROUND,idxq4-64_queryq4-64
1369384348.0_L1,1369384348.0,L1,BACKGROUND,0.0716892480850219,BACKGROUND,idxq4-64_queryq4-64
1369384988.0_L1,1369384988.0,L1,ROBUST,0.3752266466617584,ROBUST,idxq4-64_queryq4-64
1369385724.0_L1,1369385724.0,L1,AMBIGUOUS,0.211986631155014,AMBIGUOUS,idxq4-64_queryq4-64
1369410268.0_L1,1369410268.0,L1,ROBUST,0.4120419323444366,ROBUST,idxq4-64_queryq4-64
1369414492.0_L1,1369414492.0,L1,ROBUST,0.4364807605743408,ROBUST,idxq4-64_queryq4-64
1369417532.0_L1,1369417532.0,L1,BACKGROUND,0.0837220549583435,BACKGROUND,idxq4-64_queryq4-64
1369423872.0_L1,1369423872.0,L1,BACKGROUND,0.0571308992803096,BACKGROUND,idxq4-64_queryq4-64
1369424124.0_L1,1369424124.0,L1,ROBUST,0.4456962049007416,ROBUST,idxq4-64_queryq4-64
1369427228.0_L1,1369427228.0,L1,BACKGROUND,0.1236287429928779,BACKGROUND,idxq4-64_queryq4-64
1369431804.0_L1,1369431804.0,L1,ROBUST,0.2269123345613479,ROBUST,idxq4-64_queryq4-64
1369446012.0_L1,1369446012.0,L1,ROBUST,0.2459063231945037,ROBUST,idxq4-64_queryq4-64
1369471548.0_L1,1369471548.0,L1,ROBUST,0.4292460680007934,ROBUST,idxq4-64_queryq4-64
1369472764.0_L1,1369472764.0,L1,AMBIGUOUS,0.1748714447021484,AMBIGUOUS,idxq4-64_queryq4-64
1369472924.0_L1,1369472924.0,L1,ROBUST,0.4271207451820373,ROBUST,idxq4-64_queryq4-64
1369477120.0_L1,1369477120.0,L1,BACKGROUND,0.0628281310200691,BACKGROUND,idxq4-64_queryq4-64
1369477148.0_L1,1369477148.0,L1,ROBUST,0.221188798546791,ROBUST,idxq4-64_queryq4-64
1369478364.0_L1,1369478364.0,L1,ROBUST,0.4164948761463165,ROBUST,idxq4-64_queryq4-64
1369485916.0_L1,1369485916.0,L1,ROBUST,0.3489611148834228,ROBUST,idxq4-64_queryq4-64
1369489212.0_L1,1369489212.0,L1,BACKGROUND,0.0860743299126625,BACKGROUND,idxq4-64_queryq4-64
1369512764.0_L1,1369512764.0,L1,AMBIGUOUS,0.1855196207761764,AMBIGUOUS,idxq4-64_queryq4-64
1369514812.0_L1,1369514812.0,L1,ROBUST,0.3279105126857757,ROBUST,idxq4-64_queryq4-64
1369518236.0_L1,1369518236.0,L1,ROBUST,0.4177476763725281,ROBUST,idxq4-64_queryq4-64
1369530940.0_L1,1369530940.0,L1,ROBUST,0.431959331035614,ROBUST,idxq4-64_queryq4-64
1369531516.0_L1,1369531516.0,L1,ROBUST,0.4937973022460937,ROBUST,idxq4-64_queryq4-64
1369558940.0_L1,1369558940.0,L1,ROBUST,0.443851500749588,ROBUST,idxq4-64_queryq4-64
1369581824.0_H1,1369581824.0,H1,BACKGROUND,0.0607930496335029,BACKGROUND,idxq4-64_queryq4-64
1369584028.0_H1,1369584028.0,H1,ROBUST,0.3430536687374115,ROBUST,idxq4-64_queryq4-64
1369584124.0_H1,1369584124.0,H1,BACKGROUND,0.0931238606572151,BACKGROUND,idxq4-64_queryq4-64
1369601980.0_H1,1369601980.0,H1,ROBUST,0.2749315202236175,ROBUST,idxq4-64_queryq4-64
1369618236.0_L1,1369618236.0,L1,ROBUST,0.4336450695991516,ROBUST,idxq4-64_queryq4-64
1369620540.0_L1,1369620540.0,L1,ROBUST,0.4560604095458984,ROBUST,idxq4-64_queryq4-64
1369632476.0_L1,1369632476.0,L1,ROBUST,0.460129827260971,ROBUST,idxq4-64_queryq4-64
1369665980.0_L1,1369665980.0,L1,ROBUST,0.4507553875446319,ROBUST,idxq4-64_queryq4-64
1369667484.0_L1,1369667484.0,L1,ROBUST,0.4113312661647796,ROBUST,idxq4-64_queryq4-64
1369668316.0_L1,1369668316.0,L1,ROBUST,0.4201977550983429,ROBUST,idxq4-64_queryq4-64
1369703900.0_H1,1369703900.0,H1,BACKGROUND,0.115326352417469,BACKGROUND,idxq4-64_queryq4-64
1369739324.0_L1,1369739324.0,L1,ROBUST,0.4396446645259857,ROBUST,idxq4-64_queryq4-64
1369739932.0_L1,1369739932.0,L1,ROBUST,0.431208997964859,ROBUST,idxq4-64_queryq4-64
1369744892.0_L1,1369744892.0,L1,ROBUST,0.426186054944992,ROBUST,idxq4-64_queryq4-64
1369744924.0_L1,1369744924.0,L1,ROBUST,0.4254494905471802,ROBUST,idxq4-64_queryq4-64
1369745884.0_L1,1369745884.0,L1,ROBUST,0.4266765415668487,ROBUST,idxq4-64_queryq4-64
1369745916.0_L1,1369745916.0,L1,ROBUST,0.3841621577739715,ROBUST,idxq4-64_queryq4-64
1369746588.0_L1,1369746588.0,L1,ROBUST,0.2321100831031799,ROBUST,idxq4-64_queryq4-64
1369750524.0_L1,1369750524.0,L1,ROBUST,0.4387387037277221,ROBUST,idxq4-64_queryq4-64
1369763740.0_L1,1369763740.0,L1,ROBUST,0.4276752769947052,ROBUST,idxq4-64_queryq4-64
1369777116.0_L1,1369777116.0,L1,ROBUST,0.4264991879463196,ROBUST,idxq4-64_queryq4-64
1369801756.0_L1,1369801756.0,L1,AMBIGUOUS,0.2131447046995163,AMBIGUOUS,idxq4-64_queryq4-64
1369869564.0_H1,1369869564.0,H1,ROBUST,0.2437807470560073,ROBUST,idxq4-64_queryq4-64
1369869756.0_H1,1369869756.0,H1,ROBUST,0.4156027436256408,ROBUST,idxq4-64_queryq4-64
1369870332.0_H1,1369870332.0,H1,ROBUST,0.4501394033432007,ROBUST,idxq4-64_queryq4-64
1369874588.0_H1,1369874588.0,H1,ROBUST,0.4621716737747192,ROBUST,idxq4-64_queryq4-64
1369876636.0_H1,1369876636.0,H1,ROBUST,0.4675258696079254,ROBUST,idxq4-64_queryq4-64
1369878972.0_H1,1369878972.0,H1,ROBUST,0.4604108929634094,ROBUST,idxq4-64_queryq4-64
1369879580.0_H1,1369879580.0,H1,BACKGROUND,0.0707644671201706,BACKGROUND,idxq4-64_queryq4-64
1369880700.0_H1,1369880700.0,H1,ROBUST,0.4603019952774048,ROBUST,idxq4-64_queryq4-64
1369881212.0_H1,1369881212.0,H1,ROBUST,0.4384746253490448,ROBUST,idxq4-64_queryq4-64
1369881852.0_H1,1369881852.0,H1,ROBUST,0.460941731929779,ROBUST,idxq4-64_queryq4-64
1369924252.0_L1,1369924252.0,L1,ROBUST,0.3313059508800506,ROBUST,idxq4-64_queryq4-64
1369936380.0_L1,1369936380.0,L1,ROBUST,0.4207279086112976,ROBUST,idxq4-64_queryq4-64
1369939804.0_L1,1369939804.0,L1,ROBUST,0.4327076971530914,ROBUST,idxq4-64_queryq4-64
1369958460.0_H1,1369958460.0,H1,ROBUST,0.477453738451004,ROBUST,idxq4-64_queryq4-64
1369977116.0_L1,1369977116.0,L1,ROBUST,0.4568144381046295,ROBUST,idxq4-64_queryq4-64
1370004796.0_L1,1370004796.0,L1,ROBUST,0.2534605264663696,ROBUST,idxq4-64_queryq4-64
1369531996.0_L1,1369531996.0,L1,BACKGROUND,0.087112620472908,BACKGROUND,idxq4-64_queryq4-64
1369532828.0_L1,1369532828.0,L1,ROBUST,0.483601838350296,ROBUST,idxq4-64_queryq4-64
1369534972.0_L1,1369534972.0,L1,BACKGROUND,0.1401982009410858,BACKGROUND,idxq4-64_queryq4-64
1369536768.0_L1,1369536768.0,L1,BACKGROUND,0.0607426464557647,BACKGROUND,idxq4-64_queryq4-64
1369540188.0_L1,1369540188.0,L1,ROBUST,0.2573497295379638,ROBUST,idxq4-64_queryq4-64
1369540636.0_L1,1369540636.0,L1,BACKGROUND,0.0792090445756912,BACKGROUND,idxq4-64_queryq4-64
1369544604.0_L1,1369544604.0,L1,ROBUST,0.4128863513469696,ROBUST,idxq4-64_queryq4-64
1369556348.0_L1,1369556348.0,L1,BACKGROUND,0.072893775999546,BACKGROUND,idxq4-64_queryq4-64
1369557116.0_L1,1369557116.0,L1,BACKGROUND,0.1135742515325546,BACKGROUND,idxq4-64_queryq4-64
1369561212.0_L1,1369561212.0,L1,BACKGROUND,0.1107030063867569,BACKGROUND,idxq4-64_queryq4-64
1369561692.0_L1,1369561692.0,L1,ROBUST,0.4667844772338867,ROBUST,idxq4-64_queryq4-64
1369570908.0_L1,1369570908.0,L1,ROBUST,0.418200820684433,ROBUST,idxq4-64_queryq4-64
1369591580.0_L1,1369591580.0,L1,ROBUST,0.4059577286243438,ROBUST,idxq4-64_queryq4-64
1369596284.0_L1,1369596284.0,L1,AMBIGUOUS,0.2035086154937744,AMBIGUOUS,idxq4-64_queryq4-64
1369596572.0_L1,1369596572.0,L1,ROBUST,0.4116406738758087,ROBUST,idxq4-64_queryq4-64
1369598076.0_L1,1369598076.0,L1,BACKGROUND,0.073217898607254,BACKGROUND,idxq4-64_queryq4-64
1369633468.0_L1,1369633468.0,L1,BACKGROUND,0.0802602618932724,BACKGROUND,idxq4-64_queryq4-64
1369634044.0_L1,1369634044.0,L1,BACKGROUND,0.104554958641529,BACKGROUND,idxq4-64_queryq4-64
1369635072.0_L1,1369635072.0,L1,BACKGROUND,0.0682321190834045,BACKGROUND,idxq4-64_queryq4-64
1369636028.0_L1,1369636028.0,L1,BACKGROUND,0.0858052968978881,BACKGROUND,idxq4-64_queryq4-64
1369637532.0_L1,1369637532.0,L1,BACKGROUND,0.0725165009498596,BACKGROUND,idxq4-64_queryq4-64
1369662780.0_L1,1369662780.0,L1,AMBIGUOUS,0.2003843188285827,AMBIGUOUS,idxq4-64_queryq4-64
1369663964.0_L1,1369663964.0,L1,ROBUST,0.4209131002426147,ROBUST,idxq4-64_queryq4-64
1369664892.0_L1,1369664892.0,L1,ROBUST,0.4595130383968353,ROBUST,idxq4-64_queryq4-64
1369666300.0_L1,1369666300.0,L1,BACKGROUND,0.0672824680805206,BACKGROUND,idxq4-64_queryq4-64
1369667196.0_L1,1369667196.0,L1,BACKGROUND,0.118247203528881,BACKGROUND,idxq4-64_queryq4-64
1369668348.0_L1,1369668348.0,L1,AMBIGUOUS,0.1539637744426727,AMBIGUOUS,idxq4-64_queryq4-64
1369671612.0_L1,1369671612.0,L1,ROBUST,0.3439592123031616,ROBUST,idxq4-64_queryq4-64
1369676988.0_L1,1369676988.0,L1,ROBUST,0.408365398645401,ROBUST,idxq4-64_queryq4-64
1369678620.0_L1,1369678620.0,L1,AMBIGUOUS,0.1859330087900161,AMBIGUOUS,idxq4-64_queryq4-64
1370027036.0_L1,1370027036.0,L1,BACKGROUND,0.1473582834005355,BACKGROUND,idxq4-64_queryq4-64
1370028476.0_L1,1370028476.0,L1,ROBUST,0.4294587075710296,ROBUST,idxq4-64_queryq4-64
1370030556.0_L1,1370030556.0,L1,ROBUST,0.4396126568317413,ROBUST,idxq4-64_queryq4-64
1370032380.0_L1,1370032380.0,L1,AMBIGUOUS,0.1510543078184127,AMBIGUOUS,idxq4-64_queryq4-64
1370033212.0_L1,1370033212.0,L1,AMBIGUOUS,0.1903562098741531,AMBIGUOUS,idxq4-64_queryq4-64
1370033628.0_L1,1370033628.0,L1,ROBUST,0.440516859292984,ROBUST,idxq4-64_queryq4-64
1370034652.0_L1,1370034652.0,L1,AMBIGUOUS,0.1783195883035659,AMBIGUOUS,idxq4-64_queryq4-64
1370039036.0_H1,1370039036.0,H1,AMBIGUOUS,0.1520077139139175,AMBIGUOUS,idxq4-64_queryq4-64
1370095900.0_H1,1370095900.0,H1,ROBUST,0.2764438688755035,ROBUST,idxq4-64_queryq4-64
1370117404.0_L1,1370117404.0,L1,ROBUST,0.4400260746479034,ROBUST,idxq4-64_queryq4-64
1370121276.0_L1,1370121276.0,L1,ROBUST,0.3497331440448761,ROBUST,idxq4-64_queryq4-64
1370123132.0_L1,1370123132.0,L1,ROBUST,0.3755320906639099,ROBUST,idxq4-64_queryq4-64
1370128060.0_L1,1370128060.0,L1,ROBUST,0.4278841018676758,ROBUST,idxq4-64_queryq4-64
1370164156.0_L1,1370164156.0,L1,ROBUST,0.430602490901947,ROBUST,idxq4-64_queryq4-64
1370164348.0_L1,1370164348.0,L1,ROBUST,0.4435206353664398,ROBUST,idxq4-64_queryq4-64
1370164764.0_L1,1370164764.0,L1,ROBUST,0.4169111251831054,ROBUST,idxq4-64_queryq4-64
1370166684.0_L1,1370166684.0,L1,ROBUST,0.4096904098987579,ROBUST,idxq4-64_queryq4-64
1370168060.0_L1,1370168060.0,L1,ROBUST,0.428481787443161,ROBUST,idxq4-64_queryq4-64
1370182556.0_H1,1370182556.0,H1,ROBUST,0.4213487207889557,ROBUST,idxq4-64_queryq4-64
1370192636.0_L1,1370192636.0,L1,BACKGROUND,0.0986742451786995,BACKGROUND,idxq4-64_queryq4-64
1370193372.0_L1,1370193372.0,L1,ROBUST,0.3962419331073761,ROBUST,idxq4-64_queryq4-64
1370193948.0_L1,1370193948.0,L1,AMBIGUOUS,0.207460880279541,AMBIGUOUS,idxq4-64_queryq4-64
1370210816.0_L1,1370210816.0,L1,BACKGROUND,0.0679762661457061,BACKGROUND,idxq4-64_queryq4-64
1370212124.0_L1,1370212124.0,L1,BACKGROUND,0.0788940414786338,BACKGROUND,idxq4-64_queryq4-64
1370212284.0_L1,1370212284.0,L1,ROBUST,0.4287071824073791,ROBUST,idxq4-64_queryq4-64
1370230748.0_L1,1370230748.0,L1,AMBIGUOUS,0.1895579397678375,AMBIGUOUS,idxq4-64_queryq4-64
1370245372.0_L1,1370245372.0,L1,BACKGROUND,0.1339441537857055,BACKGROUND,idxq4-64_queryq4-64
1370246332.0_L1,1370246332.0,L1,ROBUST,0.4623233675956726,ROBUST,idxq4-64_queryq4-64
1370254588.0_L1,1370254588.0,L1,ROBUST,0.449747085571289,ROBUST,idxq4-64_queryq4-64
1370259740.0_L1,1370259740.0,L1,BACKGROUND,0.1167414411902427,BACKGROUND,idxq4-64_queryq4-64
1370260700.0_L1,1370260700.0,L1,AMBIGUOUS,0.2037100195884704,AMBIGUOUS,idxq4-64_queryq4-64
1370269244.0_L1,1370269244.0,L1,ROBUST,0.4721923172473907,ROBUST,idxq4-64_queryq4-64
1370272572.0_L1,1370272572.0,L1,BACKGROUND,0.1434986889362335,BACKGROUND,idxq4-64_queryq4-64
1370272796.0_L1,1370272796.0,L1,AMBIGUOUS,0.1718408912420272,AMBIGUOUS,idxq4-64_queryq4-64
1370272860.0_L1,1370272860.0,L1,AMBIGUOUS,0.1627101600170135,AMBIGUOUS,idxq4-64_queryq4-64
1370274364.0_L1,1370274364.0,L1,ROBUST,0.4545168578624725,ROBUST,idxq4-64_queryq4-64
1370274556.0_L1,1370274556.0,L1,ROBUST,0.4411251246929168,ROBUST,idxq4-64_queryq4-64
1370281212.0_L1,1370281212.0,L1,BACKGROUND,0.1482953578233719,BACKGROUND,idxq4-64_queryq4-64
1370281820.0_L1,1370281820.0,L1,BACKGROUND,0.0756904408335685,BACKGROUND,idxq4-64_queryq4-64
1370301692.0_H1,1370301692.0,H1,ROBUST,0.4406622648239136,ROBUST,idxq4-64_queryq4-64
1370330876.0_H1,1370330876.0,H1,ROBUST,0.4171993732452392,ROBUST,idxq4-64_queryq4-64
1370358492.0_H1,1370358492.0,H1,ROBUST,0.4843791425228119,ROBUST,idxq4-64_queryq4-64
1370359420.0_H1,1370359420.0,H1,ROBUST,0.4461631774902344,ROBUST,idxq4-64_queryq4-64
1370359452.0_H1,1370359452.0,H1,ROBUST,0.4802919328212738,ROBUST,idxq4-64_queryq4-64
1370418620.0_L1,1370418620.0,L1,AMBIGUOUS,0.153354063630104,AMBIGUOUS,idxq4-64_queryq4-64
1370420284.0_L1,1370420284.0,L1,ROBUST,0.4541830718517303,ROBUST,idxq4-64_queryq4-64
1370421276.0_L1,1370421276.0,L1,BACKGROUND,0.0836211591958999,BACKGROUND,idxq4-64_queryq4-64
1370427132.0_H1,1370427132.0,H1,ROBUST,0.4317900240421295,ROBUST,idxq4-64_queryq4-64
1370428220.0_H1,1370428220.0,H1,ROBUST,0.4235841929912567,ROBUST,idxq4-64_queryq4-64
1370463196.0_L1,1370463196.0,L1,AMBIGUOUS,0.2002102583646774,AMBIGUOUS,idxq4-64_queryq4-64
1370464380.0_L1,1370464380.0,L1,ROBUST,0.4197258353233337,ROBUST,idxq4-64_queryq4-64
1370477056.0_L1,1370477056.0,L1,BACKGROUND,0.0542124547064304,BACKGROUND,idxq4-64_queryq4-64
1370492732.0_L1,1370492732.0,L1,BACKGROUND,0.1120140850543975,BACKGROUND,idxq4-64_queryq4-64
1370493180.0_L1,1370493180.0,L1,ROBUST,0.4281708300113678,ROBUST,idxq4-64_queryq4-64
1370519100.0_H1,1370519100.0,H1,ROBUST,0.4144491851329803,ROBUST,idxq4-64_queryq4-64
1370528924.0_L1,1370528924.0,L1,ROBUST,0.4803194105625152,ROBUST,idxq4-64_queryq4-64
1370531772.0_L1,1370531772.0,L1,ROBUST,0.3998908996582031,ROBUST,idxq4-64_queryq4-64
1370541596.0_L1,1370541596.0,L1,ROBUST,0.4145554900169372,ROBUST,idxq4-64_queryq4-64
1370555260.0_L1,1370555260.0,L1,ROBUST,0.4655982851982116,ROBUST,idxq4-64_queryq4-64
1370555452.0_L1,1370555452.0,L1,ROBUST,0.4243878722190857,ROBUST,idxq4-64_queryq4-64
1370559196.0_L1,1370559196.0,L1,ROBUST,0.2242705523967743,ROBUST,idxq4-64_queryq4-64
1370570972.0_L1,1370570972.0,L1,ROBUST,0.2217374294996261,ROBUST,idxq4-64_queryq4-64
1370574364.0_L1,1370574364.0,L1,ROBUST,0.4566126465797424,ROBUST,idxq4-64_queryq4-64
1370574524.0_L1,1370574524.0,L1,BACKGROUND,0.0763466879725456,BACKGROUND,idxq4-64_queryq4-64
1370575612.0_L1,1370575612.0,L1,BACKGROUND,0.0756760090589523,BACKGROUND,idxq4-64_queryq4-64
1370577820.0_L1,1370577820.0,L1,ROBUST,0.341657429933548,ROBUST,idxq4-64_queryq4-64
1370581244.0_L1,1370581244.0,L1,ROBUST,0.4390685856342315,ROBUST,idxq4-64_queryq4-64
1370583100.0_L1,1370583100.0,L1,ROBUST,0.4077192842960357,ROBUST,idxq4-64_queryq4-64
1370585856.0_L1,1370585856.0,L1,BACKGROUND,0.0670545548200607,BACKGROUND,idxq4-64_queryq4-64
1370587004.0_L1,1370587004.0,L1,ROBUST,0.3109084367752075,ROBUST,idxq4-64_queryq4-64
1370589724.0_L1,1370589724.0,L1,ROBUST,0.4281965792179107,ROBUST,idxq4-64_queryq4-64
1370589980.0_L1,1370589980.0,L1,BACKGROUND,0.0784927010536193,BACKGROUND,idxq4-64_queryq4-64
1370607836.0_L1,1370607836.0,L1,ROBUST,0.4600434601306915,ROBUST,idxq4-64_queryq4-64
1370609500.0_L1,1370609500.0,L1,ROBUST,0.4097039997577667,ROBUST,idxq4-64_queryq4-64
1370625372.0_L1,1370625372.0,L1,ROBUST,0.483011245727539,ROBUST,idxq4-64_queryq4-64
1370640956.0_L1,1370640956.0,L1,ROBUST,0.4229307174682617,ROBUST,idxq4-64_queryq4-64
1370641020.0_L1,1370641020.0,L1,ROBUST,0.4648187458515167,ROBUST,idxq4-64_queryq4-64
1370642076.0_L1,1370642076.0,L1,ROBUST,0.4356530010700226,ROBUST,idxq4-64_queryq4-64
1370653244.0_L1,1370653244.0,L1,ROBUST,0.3279367089271545,ROBUST,idxq4-64_queryq4-64
1370654076.0_L1,1370654076.0,L1,BACKGROUND,0.0816885456442833,BACKGROUND,idxq4-64_queryq4-64
1370667452.0_L1,1370667452.0,L1,ROBUST,0.4348175525665283,ROBUST,idxq4-64_queryq4-64
1370667868.0_L1,1370667868.0,L1,ROBUST,0.4355349838733673,ROBUST,idxq4-64_queryq4-64
1370670236.0_L1,1370670236.0,L1,BACKGROUND,0.0788378939032554,BACKGROUND,idxq4-64_queryq4-64
1370670972.0_L1,1370670972.0,L1,ROBUST,0.2823064625263214,ROBUST,idxq4-64_queryq4-64
1370671644.0_L1,1370671644.0,L1,BACKGROUND,0.071469135582447,BACKGROUND,idxq4-64_queryq4-64
1370697980.0_L1,1370697980.0,L1,AMBIGUOUS,0.2054039388895034,AMBIGUOUS,idxq4-64_queryq4-64
1370698204.0_L1,1370698204.0,L1,ROBUST,0.4429061710834503,ROBUST,idxq4-64_queryq4-64
1370733052.0_L1,1370733052.0,L1,ROBUST,0.4604662656784057,ROBUST,idxq4-64_queryq4-64
1370735740.0_L1,1370735740.0,L1,ROBUST,0.3400035798549652,ROBUST,idxq4-64_queryq4-64
1370737408.0_L1,1370737408.0,L1,BACKGROUND,0.0581070184707641,BACKGROUND,idxq4-64_queryq4-64
1370738620.0_L1,1370738620.0,L1,ROBUST,0.4399758875370025,ROBUST,idxq4-64_queryq4-64
1370751900.0_L1,1370751900.0,L1,ROBUST,0.4252045452594757,ROBUST,idxq4-64_queryq4-64
1370757052.0_L1,1370757052.0,L1,BACKGROUND,0.0742498859763145,BACKGROUND,idxq4-64_queryq4-64
1370757500.0_L1,1370757500.0,L1,BACKGROUND,0.0765296146273613,BACKGROUND,idxq4-64_queryq4-64
1370765468.0_L1,1370765468.0,L1,BACKGROUND,0.0803043469786644,BACKGROUND,idxq4-64_queryq4-64
1370773724.0_L1,1370773724.0,L1,BACKGROUND,0.1414212584495544,BACKGROUND,idxq4-64_queryq4-64
1370774272.0_L1,1370774272.0,L1,ROBUST,0.4746793806552887,ROBUST,idxq4-64_queryq4-64
1370774716.0_L1,1370774716.0,L1,BACKGROUND,0.0996981337666511,BACKGROUND,idxq4-64_queryq4-64
1370777468.0_L1,1370777468.0,L1,ROBUST,0.4136788249015808,ROBUST,idxq4-64_queryq4-64
1370800220.0_L1,1370800220.0,L1,BACKGROUND,0.075979046523571,BACKGROUND,idxq4-64_queryq4-64
1370800476.0_L1,1370800476.0,L1,BACKGROUND,0.1392663270235061,BACKGROUND,idxq4-64_queryq4-64
1370818268.0_L1,1370818268.0,L1,BACKGROUND,0.0974652916193008,BACKGROUND,idxq4-64_queryq4-64
1370818908.0_L1,1370818908.0,L1,BACKGROUND,0.0999322235584259,BACKGROUND,idxq4-64_queryq4-64
1370821852.0_L1,1370821852.0,L1,ROBUST,0.423093318939209,ROBUST,idxq4-64_queryq4-64
1370822108.0_L1,1370822108.0,L1,BACKGROUND,0.0935288146138191,BACKGROUND,idxq4-64_queryq4-64
1370823068.0_L1,1370823068.0,L1,BACKGROUND,0.100389540195465,BACKGROUND,idxq4-64_queryq4-64
1370824284.0_L1,1370824284.0,L1,AMBIGUOUS,0.1602489054203033,AMBIGUOUS,idxq4-64_queryq4-64
1370824348.0_L1,1370824348.0,L1,ROBUST,0.2266766130924224,ROBUST,idxq4-64_queryq4-64
1370829628.0_H1,1370829628.0,H1,ROBUST,0.4263456165790558,ROBUST,idxq4-64_queryq4-64
1370831616.0_L1,1370831616.0,L1,BACKGROUND,0.0577483735978603,BACKGROUND,idxq4-64_queryq4-64
1370833948.0_L1,1370833948.0,L1,BACKGROUND,0.1319775134325027,BACKGROUND,idxq4-64_queryq4-64
1370835712.0_L1,1370835712.0,L1,BACKGROUND,0.0587542243301868,BACKGROUND,idxq4-64_queryq4-64
1370839772.0_L1,1370839772.0,L1,AMBIGUOUS,0.180933728814125,AMBIGUOUS,idxq4-64_queryq4-64
1370843196.0_L1,1370843196.0,L1,BACKGROUND,0.1016595438122749,BACKGROUND,idxq4-64_queryq4-64
1370852476.0_L1,1370852476.0,L1,BACKGROUND,0.0995357260107994,BACKGROUND,idxq4-64_queryq4-64
1370853564.0_L1,1370853564.0,L1,ROBUST,0.2754859924316406,ROBUST,idxq4-64_queryq4-64
1370872576.0_L1,1370872576.0,L1,BACKGROUND,0.0549766309559345,BACKGROUND,idxq4-64_queryq4-64
1370884188.0_H1,1370884188.0,H1,ROBUST,0.2599502205848694,ROBUST,idxq4-64_queryq4-64
1370884220.0_H1,1370884220.0,H1,AMBIGUOUS,0.1723527610301971,AMBIGUOUS,idxq4-64_queryq4-64
1370908572.0_L1,1370908572.0,L1,BACKGROUND,0.0853947699069976,BACKGROUND,idxq4-64_queryq4-64
1370908732.0_L1,1370908732.0,L1,ROBUST,0.4467304944992065,ROBUST,idxq4-64_queryq4-64
1370913020.0_L1,1370913020.0,L1,ROBUST,0.450332760810852,ROBUST,idxq4-64_queryq4-64
1370913276.0_L1,1370913276.0,L1,ROBUST,0.4632159471511841,ROBUST,idxq4-64_queryq4-64
1370913308.0_L1,1370913308.0,L1,ROBUST,0.4166480898857116,ROBUST,idxq4-64_queryq4-64
1370913536.0_L1,1370913536.0,L1,BACKGROUND,0.0562365166842937,BACKGROUND,idxq4-64_queryq4-64
1370941660.0_L1,1370941660.0,L1,ROBUST,0.3640576004981994,ROBUST,idxq4-64_queryq4-64
1370951420.0_L1,1370951420.0,L1,ROBUST,0.4231997728347778,ROBUST,idxq4-64_queryq4-64
1370951836.0_L1,1370951836.0,L1,BACKGROUND,0.1280468851327896,BACKGROUND,idxq4-64_queryq4-64
1370953084.0_L1,1370953084.0,L1,ROBUST,0.4129555523395538,ROBUST,idxq4-64_queryq4-64
1370953244.0_L1,1370953244.0,L1,BACKGROUND,0.1215821728110313,BACKGROUND,idxq4-64_queryq4-64
1370953340.0_L1,1370953340.0,L1,BACKGROUND,0.1296059340238571,BACKGROUND,idxq4-64_queryq4-64
1370953500.0_L1,1370953500.0,L1,ROBUST,0.4379597902297973,ROBUST,idxq4-64_queryq4-64
1370953948.0_L1,1370953948.0,L1,AMBIGUOUS,0.1881715655326843,AMBIGUOUS,idxq4-64_queryq4-64
1370954496.0_L1,1370954496.0,L1,BACKGROUND,0.0576180890202522,BACKGROUND,idxq4-64_queryq4-64
1370967068.0_L1,1370967068.0,L1,BACKGROUND,0.1427672058343887,BACKGROUND,idxq4-64_queryq4-64
1370967292.0_L1,1370967292.0,L1,AMBIGUOUS,0.1512492150068283,AMBIGUOUS,idxq4-64_queryq4-64
1370972444.0_L1,1370972444.0,L1,ROBUST,0.4460436105728149,ROBUST,idxq4-64_queryq4-64
1370973244.0_L1,1370973244.0,L1,ROBUST,0.3259525895118713,ROBUST,idxq4-64_queryq4-64
1370975292.0_L1,1370975292.0,L1,ROBUST,0.4046591520309448,ROBUST,idxq4-64_queryq4-64
1370975356.0_L1,1370975356.0,L1,BACKGROUND,0.0881917029619216,BACKGROUND,idxq4-64_queryq4-64
1370975452.0_L1,1370975452.0,L1,BACKGROUND,0.1225509494543075,BACKGROUND,idxq4-64_queryq4-64
1370976668.0_L1,1370976668.0,L1,BACKGROUND,0.125729888677597,BACKGROUND,idxq4-64_queryq4-64
1370978044.0_L1,1370978044.0,L1,BACKGROUND,0.1246028766036033,BACKGROUND,idxq4-64_queryq4-64
1370978332.0_L1,1370978332.0,L1,BACKGROUND,0.1080309972167015,BACKGROUND,idxq4-64_queryq4-64
1370994812.0_L1,1370994812.0,L1,AMBIGUOUS,0.2188179790973663,AMBIGUOUS,idxq4-64_queryq4-64
1370995132.0_L1,1370995132.0,L1,ROBUST,0.2670015692710876,ROBUST,idxq4-64_queryq4-64
1370995932.0_L1,1370995932.0,L1,BACKGROUND,0.1030235737562179,BACKGROUND,idxq4-64_queryq4-64
1371028860.0_L1,1371028860.0,L1,BACKGROUND,0.101247988641262,BACKGROUND,idxq4-64_queryq4-64
1371029020.0_L1,1371029020.0,L1,ROBUST,0.4217728972434997,ROBUST,idxq4-64_queryq4-64
1371030172.0_L1,1371030172.0,L1,ROBUST,0.4696631729602813,ROBUST,idxq4-64_queryq4-64
1371057084.0_L1,1371057084.0,L1,ROBUST,0.437372475862503,ROBUST,idxq4-64_queryq4-64
1371057852.0_L1,1371057852.0,L1,ROBUST,0.3892897367477417,ROBUST,idxq4-64_queryq4-64
1371073980.0_L1,1371073980.0,L1,ROBUST,0.4454148113727569,ROBUST,idxq4-64_queryq4-64
1371074044.0_L1,1371074044.0,L1,BACKGROUND,0.1313563585281372,BACKGROUND,idxq4-64_queryq4-64
1371074716.0_L1,1371074716.0,L1,ROBUST,0.4477795660495758,ROBUST,idxq4-64_queryq4-64
1371085948.0_L1,1371085948.0,L1,AMBIGUOUS,0.1821646392345428,AMBIGUOUS,idxq4-64_queryq4-64
1371087388.0_L1,1371087388.0,L1,ROBUST,0.4143588840961456,ROBUST,idxq4-64_queryq4-64
1371097820.0_L1,1371097820.0,L1,ROBUST,0.4568085372447967,ROBUST,idxq4-64_queryq4-64
1371132764.0_L1,1371132764.0,L1,ROBUST,0.3233706355094909,ROBUST,idxq4-64_queryq4-64
1371137212.0_L1,1371137212.0,L1,BACKGROUND,0.138218492269516,BACKGROUND,idxq4-64_queryq4-64
1371137276.0_L1,1371137276.0,L1,ROBUST,0.4637433588504791,ROBUST,idxq4-64_queryq4-64
1371137308.0_L1,1371137308.0,L1,ROBUST,0.3982285261154175,ROBUST,idxq4-64_queryq4-64
1371193884.0_L1,1371193884.0,L1,ROBUST,0.2322349101305008,ROBUST,idxq4-64_queryq4-64
1371215356.0_H1,1371215356.0,H1,ROBUST,0.2829820215702057,ROBUST,idxq4-64_queryq4-64
1371217756.0_H1,1371217756.0,H1,BACKGROUND,0.0862234085798263,BACKGROUND,idxq4-64_queryq4-64
1371233244.0_L1,1371233244.0,L1,ROBUST,0.455247700214386,ROBUST,idxq4-64_queryq4-64
1371249276.0_L1,1371249276.0,L1,ROBUST,0.2673188745975494,ROBUST,idxq4-64_queryq4-64
1371249372.0_L1,1371249372.0,L1,ROBUST,0.3645947873592376,ROBUST,idxq4-64_queryq4-64
1371250588.0_L1,1371250588.0,L1,ROBUST,0.3894597887992859,ROBUST,idxq4-64_queryq4-64
1371277564.0_H1,1371277564.0,H1,AMBIGUOUS,0.1711311787366867,AMBIGUOUS,idxq4-64_queryq4-64
1371281436.0_L1,1371281436.0,L1,ROBUST,0.2898806035518646,ROBUST,idxq4-64_queryq4-64
1371290780.0_L1,1371290780.0,L1,ROBUST,0.2355408668518066,ROBUST,idxq4-64_queryq4-64
1371291292.0_L1,1371291292.0,L1,ROBUST,0.4123881757259369,ROBUST,idxq4-64_queryq4-64
1371332284.0_L1,1371332284.0,L1,AMBIGUOUS,0.1705005913972854,AMBIGUOUS,idxq4-64_queryq4-64
1371343452.0_L1,1371343452.0,L1,ROBUST,0.4835713803768158,ROBUST,idxq4-64_queryq4-64
1371343964.0_L1,1371343964.0,L1,AMBIGUOUS,0.189995065331459,AMBIGUOUS,idxq4-64_queryq4-64
1371385020.0_L1,1371385020.0,L1,ROBUST,0.4065583050251007,ROBUST,idxq4-64_queryq4-64
1371398940.0_L1,1371398940.0,L1,ROBUST,0.4846150577068329,ROBUST,idxq4-64_queryq4-64
1371399548.0_L1,1371399548.0,L1,ROBUST,0.4030095338821411,ROBUST,idxq4-64_queryq4-64
1371399900.0_L1,1371399900.0,L1,ROBUST,0.4350364506244659,ROBUST,idxq4-64_queryq4-64
1371431996.0_H1,1371431996.0,H1,ROBUST,0.4352209568023681,ROBUST,idxq4-64_queryq4-64
1371432508.0_H1,1371432508.0,H1,ROBUST,0.4195297956466675,ROBUST,idxq4-64_queryq4-64
1371480956.0_H1,1371480956.0,H1,BACKGROUND,0.0895676538348198,BACKGROUND,idxq4-64_queryq4-64
1371509760.0_L1,1371509760.0,L1,BACKGROUND,0.0827809050679206,BACKGROUND,idxq4-64_queryq4-64
1371510396.0_L1,1371510396.0,L1,BACKGROUND,0.1300546675920486,BACKGROUND,idxq4-64_queryq4-64
1371541884.0_L1,1371541884.0,L1,ROBUST,0.4304026961326599,ROBUST,idxq4-64_queryq4-64
1371547100.0_L1,1371547100.0,L1,ROBUST,0.405925989151001,ROBUST,idxq4-64_queryq4-64
1371550204.0_L1,1371550204.0,L1,ROBUST,0.4336337447166443,ROBUST,idxq4-64_queryq4-64
1371561788.0_L1,1371561788.0,L1,ROBUST,0.4060811400413513,ROBUST,idxq4-64_queryq4-64
1371563868.0_L1,1371563868.0,L1,ROBUST,0.4188538789749145,ROBUST,idxq4-64_queryq4-64
1372087196.0_L1,1372087196.0,L1,ROBUST,0.4275356829166412,ROBUST,idxq4-64_queryq4-64
1372087964.0_L1,1372087964.0,L1,BACKGROUND,0.1285745054483413,BACKGROUND,idxq4-64_queryq4-64
1372091964.0_L1,1372091964.0,L1,ROBUST,0.4242224991321563,ROBUST,idxq4-64_queryq4-64
1372096892.0_L1,1372096892.0,L1,ROBUST,0.4272793531417846,ROBUST,idxq4-64_queryq4-64
1372098524.0_L1,1372098524.0,L1,ROBUST,0.4185805022716522,ROBUST,idxq4-64_queryq4-64
1372098716.0_L1,1372098716.0,L1,BACKGROUND,0.0758749917149543,BACKGROUND,idxq4-64_queryq4-64
1372100188.0_L1,1372100188.0,L1,BACKGROUND,0.079267993569374,BACKGROUND,idxq4-64_queryq4-64
1372102492.0_L1,1372102492.0,L1,ROBUST,0.4498993158340454,ROBUST,idxq4-64_queryq4-64
1372103868.0_L1,1372103868.0,L1,ROBUST,0.45192351937294,ROBUST,idxq4-64_queryq4-64
1372105500.0_L1,1372105500.0,L1,ROBUST,0.434215098619461,ROBUST,idxq4-64_queryq4-64
1372107452.0_L1,1372107452.0,L1,ROBUST,0.3391438126564026,ROBUST,idxq4-64_queryq4-64
1372108188.0_L1,1372108188.0,L1,ROBUST,0.4813910722732544,ROBUST,idxq4-64_queryq4-64
1372109692.0_L1,1372109692.0,L1,ROBUST,0.3373402953147888,ROBUST,idxq4-64_queryq4-64
1372113820.0_L1,1372113820.0,L1,ROBUST,0.4237934648990631,ROBUST,idxq4-64_queryq4-64
1372115164.0_L1,1372115164.0,L1,ROBUST,0.443045437335968,ROBUST,idxq4-64_queryq4-64
1372116892.0_L1,1372116892.0,L1,ROBUST,0.4443317055702209,ROBUST,idxq4-64_queryq4-64
1372117692.0_L1,1372117692.0,L1,ROBUST,0.3806079030036926,ROBUST,idxq4-64_queryq4-64
1372117916.0_L1,1372117916.0,L1,ROBUST,0.4876021146774292,ROBUST,idxq4-64_queryq4-64
1372118300.0_L1,1372118300.0,L1,BACKGROUND,0.0739753246307373,BACKGROUND,idxq4-64_queryq4-64
1372118492.0_L1,1372118492.0,L1,ROBUST,0.4508077204227447,ROBUST,idxq4-64_queryq4-64
1372118588.0_L1,1372118588.0,L1,ROBUST,0.412848025560379,ROBUST,idxq4-64_queryq4-64
1372118876.0_L1,1372118876.0,L1,ROBUST,0.4155277013778686,ROBUST,idxq4-64_queryq4-64
1372118972.0_L1,1372118972.0,L1,ROBUST,0.4072378277778625,ROBUST,idxq4-64_queryq4-64
1372121276.0_L1,1372121276.0,L1,ROBUST,0.4218715727329254,ROBUST,idxq4-64_queryq4-64
1372121692.0_L1,1372121692.0,L1,BACKGROUND,0.1145743131637573,BACKGROUND,idxq4-64_queryq4-64
1372123164.0_L1,1372123164.0,L1,BACKGROUND,0.0765843093395233,BACKGROUND,idxq4-64_queryq4-64
1372124636.0_L1,1372124636.0,L1,AMBIGUOUS,0.1628880798816681,AMBIGUOUS,idxq4-64_queryq4-64
1372173148.0_H1,1372173148.0,H1,BACKGROUND,0.0897296518087387,BACKGROUND,idxq4-64_queryq4-64
1372175484.0_H1,1372175484.0,H1,ROBUST,0.4317333698272705,ROBUST,idxq4-64_queryq4-64
1372186332.0_L1,1372186332.0,L1,ROBUST,0.4271382093429565,ROBUST,idxq4-64_queryq4-64
1372188124.0_L1,1372188124.0,L1,AMBIGUOUS,0.1575624793767929,AMBIGUOUS,idxq4-64_queryq4-64
1372188892.0_L1,1372188892.0,L1,ROBUST,0.4277636110782623,ROBUST,idxq4-64_queryq4-64
1372190172.0_L1,1372190172.0,L1,AMBIGUOUS,0.1593982726335525,AMBIGUOUS,idxq4-64_queryq4-64
1372190812.0_L1,1372190812.0,L1,BACKGROUND,0.1459088325500488,BACKGROUND,idxq4-64_queryq4-64
1372190876.0_L1,1372190876.0,L1,ROBUST,0.2424018532037735,ROBUST,idxq4-64_queryq4-64
1372190908.0_L1,1372190908.0,L1,AMBIGUOUS,0.1907361894845962,AMBIGUOUS,idxq4-64_queryq4-64
1372191292.0_L1,1372191292.0,L1,BACKGROUND,0.1047433093190193,BACKGROUND,idxq4-64_queryq4-64
1372194620.0_L1,1372194620.0,L1,ROBUST,0.448350727558136,ROBUST,idxq4-64_queryq4-64
1372194972.0_L1,1372194972.0,L1,AMBIGUOUS,0.1506715416908264,AMBIGUOUS,idxq4-64_queryq4-64
1372196156.0_L1,1372196156.0,L1,ROBUST,0.4254536032676697,ROBUST,idxq4-64_queryq4-64
1372196796.0_L1,1372196796.0,L1,ROBUST,0.4315343797206878,ROBUST,idxq4-64_queryq4-64
1372198400.0_L1,1372198400.0,L1,BACKGROUND,0.0571795627474784,BACKGROUND,idxq4-64_queryq4-64
1372232252.0_L1,1372232252.0,L1,BACKGROUND,0.1397609114646911,BACKGROUND,idxq4-64_queryq4-64
1372232636.0_L1,1372232636.0,L1,BACKGROUND,0.0934120342135429,BACKGROUND,idxq4-64_queryq4-64
1372232700.0_L1,1372232700.0,L1,BACKGROUND,0.0701707750558853,BACKGROUND,idxq4-64_queryq4-64
1372232828.0_L1,1372232828.0,L1,BACKGROUND,0.087138794362545,BACKGROUND,idxq4-64_queryq4-64
1372234428.0_L1,1372234428.0,L1,ROBUST,0.4138381779193878,ROBUST,idxq4-64_queryq4-64
1372235264.0_L1,1372235264.0,L1,BACKGROUND,0.0646394565701484,BACKGROUND,idxq4-64_queryq4-64
1372235356.0_L1,1372235356.0,L1,ROBUST,0.4038365185260772,ROBUST,idxq4-64_queryq4-64
1372237020.0_L1,1372237020.0,L1,AMBIGUOUS,0.1821765750646591,AMBIGUOUS,idxq4-64_queryq4-64
1372251356.0_H1,1372251356.0,H1,BACKGROUND,0.0988621264696121,BACKGROUND,idxq4-64_queryq4-64
1372251804.0_H1,1372251804.0,H1,ROBUST,0.478452056646347,ROBUST,idxq4-64_queryq4-64
1372252380.0_H1,1372252380.0,H1,ROBUST,0.4943038821220398,ROBUST,idxq4-64_queryq4-64
1372261308.0_L1,1372261308.0,L1,ROBUST,0.4248397052288055,ROBUST,idxq4-64_queryq4-64
1372264316.0_L1,1372264316.0,L1,BACKGROUND,0.0749299749732017,BACKGROUND,idxq4-64_queryq4-64
1372265948.0_L1,1372265948.0,L1,ROBUST,0.4492460489273071,ROBUST,idxq4-64_queryq4-64
1372266108.0_L1,1372266108.0,L1,ROBUST,0.2438216507434845,ROBUST,idxq4-64_queryq4-64
1372267644.0_L1,1372267644.0,L1,ROBUST,0.4265652298927307,ROBUST,idxq4-64_queryq4-64
1372267996.0_L1,1372267996.0,L1,AMBIGUOUS,0.1969404220581054,AMBIGUOUS,idxq4-64_queryq4-64
1372268316.0_L1,1372268316.0,L1,BACKGROUND,0.0926720798015594,BACKGROUND,idxq4-64_queryq4-64
1372270460.0_L1,1372270460.0,L1,ROBUST,0.4587589502334595,ROBUST,idxq4-64_queryq4-64
1372271356.0_L1,1372271356.0,L1,ROBUST,0.494314432144165,ROBUST,idxq4-64_queryq4-64
1372271996.0_L1,1372271996.0,L1,BACKGROUND,0.0736155807971954,BACKGROUND,idxq4-64_queryq4-64
1372276224.0_L1,1372276224.0,L1,BACKGROUND,0.0620085857808589,BACKGROUND,idxq4-64_queryq4-64
1372277436.0_L1,1372277436.0,L1,BACKGROUND,0.0717701092362403,BACKGROUND,idxq4-64_queryq4-64
1372278716.0_L1,1372278716.0,L1,ROBUST,0.4568054974079132,ROBUST,idxq4-64_queryq4-64
1372281852.0_L1,1372281852.0,L1,BACKGROUND,0.0766100510954856,BACKGROUND,idxq4-64_queryq4-64
1372281916.0_L1,1372281916.0,L1,ROBUST,0.4353747069835663,ROBUST,idxq4-64_queryq4-64
1372283452.0_L1,1372283452.0,L1,BACKGROUND,0.0828800871968269,BACKGROUND,idxq4-64_queryq4-64
1372285756.0_L1,1372285756.0,L1,ROBUST,0.3994493782520294,ROBUST,idxq4-64_queryq4-64
1372285948.0_L1,1372285948.0,L1,ROBUST,0.4152142703533172,ROBUST,idxq4-64_queryq4-64
1372285980.0_L1,1372285980.0,L1,ROBUST,0.2476073503494262,ROBUST,idxq4-64_queryq4-64
1372287356.0_L1,1372287356.0,L1,ROBUST,0.4213804006576538,ROBUST,idxq4-64_queryq4-64
1372287868.0_L1,1372287868.0,L1,ROBUST,0.4553011655807495,ROBUST,idxq4-64_queryq4-64
1372288060.0_L1,1372288060.0,L1,ROBUST,0.4152506291866302,ROBUST,idxq4-64_queryq4-64
1372341948.0_L1,1372341948.0,L1,BACKGROUND,0.0790051743388176,BACKGROUND,idxq4-64_queryq4-64
1372342300.0_L1,1372342300.0,L1,AMBIGUOUS,0.2022128850221634,AMBIGUOUS,idxq4-64_queryq4-64
1372344860.0_L1,1372344860.0,L1,BACKGROUND,0.0829730480909347,BACKGROUND,idxq4-64_queryq4-64
1372348348.0_L1,1372348348.0,L1,ROBUST,0.4105739593505859,ROBUST,idxq4-64_queryq4-64
1372375644.0_L1,1372375644.0,L1,ROBUST,0.4748913943767547,ROBUST,idxq4-64_queryq4-64
1372376636.0_L1,1372376636.0,L1,BACKGROUND,0.0694688856601715,BACKGROUND,idxq4-64_queryq4-64
1372381020.0_L1,1372381020.0,L1,ROBUST,0.4533805847167969,ROBUST,idxq4-64_queryq4-64
1372381884.0_L1,1372381884.0,L1,ROBUST,0.4210965037345886,ROBUST,idxq4-64_queryq4-64
1372385436.0_L1,1372385436.0,L1,ROBUST,0.35878786444664,ROBUST,idxq4-64_queryq4-64
1372386044.0_L1,1372386044.0,L1,ROBUST,0.4636932611465454,ROBUST,idxq4-64_queryq4-64
1372392956.0_L1,1372392956.0,L1,BACKGROUND,0.069234199821949,BACKGROUND,idxq4-64_queryq4-64
1372424220.0_H1,1372424220.0,H1,BACKGROUND,0.0964727774262428,BACKGROUND,idxq4-64_queryq4-64
1372440412.0_H1,1372440412.0,H1,ROBUST,0.4248973131179809,ROBUST,idxq4-64_queryq4-64
1372441852.0_H1,1372441852.0,H1,ROBUST,0.4666833877563476,ROBUST,idxq4-64_queryq4-64
1372442172.0_H1,1372442172.0,H1,ROBUST,0.3969763517379761,ROBUST,idxq4-64_queryq4-64
1372461724.0_L1,1372461724.0,L1,BACKGROUND,0.0947446152567863,BACKGROUND,idxq4-64_queryq4-64
1372462204.0_L1,1372462204.0,L1,ROBUST,0.4475705325603485,ROBUST,idxq4-64_queryq4-64
1372481916.0_L1,1372481916.0,L1,ROBUST,0.4400247633457184,ROBUST,idxq4-64_queryq4-64
1372485120.0_L1,1372485120.0,L1,BACKGROUND,0.0607968792319297,BACKGROUND,idxq4-64_queryq4-64
1372493628.0_L1,1372493628.0,L1,ROBUST,0.4560323357582092,ROBUST,idxq4-64_queryq4-64
1372493948.0_L1,1372493948.0,L1,ROBUST,0.4532404541969299,ROBUST,idxq4-64_queryq4-64
1372497408.0_L1,1372497408.0,L1,BACKGROUND,0.067195363342762,BACKGROUND,idxq4-64_queryq4-64
1372498684.0_L1,1372498684.0,L1,ROBUST,0.4147200286388397,ROBUST,idxq4-64_queryq4-64
1372498748.0_L1,1372498748.0,L1,BACKGROUND,0.0846773833036422,BACKGROUND,idxq4-64_queryq4-64
1372501504.0_L1,1372501504.0,L1,BACKGROUND,0.0573009327054023,BACKGROUND,idxq4-64_queryq4-64
1372533244.0_L1,1372533244.0,L1,BACKGROUND,0.0692979991436004,BACKGROUND,idxq4-64_queryq4-64
1372534748.0_L1,1372534748.0,L1,ROBUST,0.4054453372955322,ROBUST,idxq4-64_queryq4-64
1372544924.0_L1,1372544924.0,L1,ROBUST,0.4269885718822479,ROBUST,idxq4-64_queryq4-64
1372545340.0_L1,1372545340.0,L1,ROBUST,0.41036057472229,ROBUST,idxq4-64_queryq4-64
1372565948.0_L1,1372565948.0,L1,ROBUST,0.4637141525745392,ROBUST,idxq4-64_queryq4-64
1372568348.0_L1,1372568348.0,L1,ROBUST,0.4229980409145355,ROBUST,idxq4-64_queryq4-64
1372655900.0_H1,1372655900.0,H1,BACKGROUND,0.081633485853672,BACKGROUND,idxq4-64_queryq4-64
1372656764.0_H1,1372656764.0,H1,ROBUST,0.4498624801635742,ROBUST,idxq4-64_queryq4-64
1372740156.0_L1,1372740156.0,L1,ROBUST,0.4247947633266449,ROBUST,idxq4-64_queryq4-64
1372740252.0_L1,1372740252.0,L1,BACKGROUND,0.1430140435695648,BACKGROUND,idxq4-64_queryq4-64
1372742044.0_L1,1372742044.0,L1,ROBUST,0.2408214211463928,ROBUST,idxq4-64_queryq4-64
1372744156.0_L1,1372744156.0,L1,ROBUST,0.4578352868556976,ROBUST,idxq4-64_queryq4-64
1372746012.0_L1,1372746012.0,L1,ROBUST,0.4572833180427551,ROBUST,idxq4-64_queryq4-64
1372746044.0_L1,1372746044.0,L1,ROBUST,0.4518357813358307,ROBUST,idxq4-64_queryq4-64
1372811164.0_H1,1372811164.0,H1,ROBUST,0.4393450021743774,ROBUST,idxq4-64_queryq4-64
1372944156.0_L1,1372944156.0,L1,ROBUST,0.4328716993331909,ROBUST,idxq4-64_queryq4-64
1372944700.0_L1,1372944700.0,L1,ROBUST,0.4451049864292145,ROBUST,idxq4-64_queryq4-64
1372946364.0_L1,1372946364.0,L1,ROBUST,0.4473201632499695,ROBUST,idxq4-64_queryq4-64
1372950396.0_L1,1372950396.0,L1,AMBIGUOUS,0.1968104988336563,AMBIGUOUS,idxq4-64_queryq4-64
1372951228.0_L1,1372951228.0,L1,ROBUST,0.4342397451400757,ROBUST,idxq4-64_queryq4-64
1372962044.0_L1,1372962044.0,L1,ROBUST,0.4357536435127258,ROBUST,idxq4-64_queryq4-64
1372962364.0_L1,1372962364.0,L1,ROBUST,0.4093811810016632,ROBUST,idxq4-64_queryq4-64
1372977500.0_L1,1372977500.0,L1,ROBUST,0.4382837116718292,ROBUST,idxq4-64_queryq4-64
1372990940.0_L1,1372990940.0,L1,ROBUST,0.430197536945343,ROBUST,idxq4-64_queryq4-64
1372993756.0_L1,1372993756.0,L1,ROBUST,0.4445163011550903,ROBUST,idxq4-64_queryq4-64
1373000604.0_L1,1373000604.0,L1,ROBUST,0.3835886716842651,ROBUST,idxq4-64_queryq4-64
1373019516.0_L1,1373019516.0,L1,ROBUST,0.2714007198810577,ROBUST,idxq4-64_queryq4-64
1373040796.0_L1,1373040796.0,L1,ROBUST,0.4190260171890259,ROBUST,idxq4-64_queryq4-64
1373042268.0_L1,1373042268.0,L1,ROBUST,0.4254591763019562,ROBUST,idxq4-64_queryq4-64
1373044284.0_L1,1373044284.0,L1,ROBUST,0.4361567199230194,ROBUST,idxq4-64_queryq4-64
1373072380.0_L1,1373072380.0,L1,ROBUST,0.416165143251419,ROBUST,idxq4-64_queryq4-64
1373119324.0_H1,1373119324.0,H1,ROBUST,0.410003662109375,ROBUST,idxq4-64_queryq4-64
1373120444.0_H1,1373120444.0,H1,BACKGROUND,0.1014530286192894,BACKGROUND,idxq4-64_queryq4-64
1373140924.0_L1,1373140924.0,L1,ROBUST,0.2668870389461517,ROBUST,idxq4-64_queryq4-64
1373141436.0_L1,1373141436.0,L1,ROBUST,0.4567640125751495,ROBUST,idxq4-64_queryq4-64
1373141692.0_L1,1373141692.0,L1,ROBUST,0.4369927048683166,ROBUST,idxq4-64_queryq4-64
1373221052.0_L1,1373221052.0,L1,AMBIGUOUS,0.2035861611366272,AMBIGUOUS,idxq4-64_queryq4-64
1373221852.0_L1,1373221852.0,L1,ROBUST,0.4383068084716797,ROBUST,idxq4-64_queryq4-64
1373223196.0_L1,1373223196.0,L1,ROBUST,0.4618555903434753,ROBUST,idxq4-64_queryq4-64
1373223324.0_L1,1373223324.0,L1,AMBIGUOUS,0.208185538649559,AMBIGUOUS,idxq4-64_queryq4-64
1373242588.0_L1,1373242588.0,L1,BACKGROUND,0.1005791649222374,BACKGROUND,idxq4-64_queryq4-64
1373271740.0_L1,1373271740.0,L1,ROBUST,0.3127114176750183,ROBUST,idxq4-64_queryq4-64
1373272188.0_L1,1373272188.0,L1,ROBUST,0.4362492263317108,ROBUST,idxq4-64_queryq4-64
1373387996.0_L1,1373387996.0,L1,ROBUST,0.4119700491428375,ROBUST,idxq4-64_queryq4-64
1373485056.0_L1,1373485056.0,L1,BACKGROUND,0.0664873793721199,BACKGROUND,idxq4-64_queryq4-64
1373486940.0_L1,1373486940.0,L1,ROBUST,0.4261203110218048,ROBUST,idxq4-64_queryq4-64
1373487068.0_L1,1373487068.0,L1,ROBUST,0.4529108703136444,ROBUST,idxq4-64_queryq4-64
1373513532.0_H1,1373513532.0,H1,ROBUST,0.4185056686401367,ROBUST,idxq4-64_queryq4-64
1373514076.0_H1,1373514076.0,H1,ROBUST,0.3911809921264648,ROBUST,idxq4-64_queryq4-64
1373514108.0_H1,1373514108.0,H1,ROBUST,0.4367547929286957,ROBUST,idxq4-64_queryq4-64
1373516220.0_L1,1373516220.0,L1,ROBUST,0.4760210514068603,ROBUST,idxq4-64_queryq4-64
1373550524.0_L1,1373550524.0,L1,AMBIGUOUS,0.2136683166027069,AMBIGUOUS,idxq4-64_queryq4-64
1373551932.0_L1,1373551932.0,L1,ROBUST,0.2599126100540161,ROBUST,idxq4-64_queryq4-64
1373564412.0_L1,1373564412.0,L1,ROBUST,0.2970349788665771,ROBUST,idxq4-64_queryq4-64
1373567452.0_L1,1373567452.0,L1,ROBUST,0.415383905172348,ROBUST,idxq4-64_queryq4-64
1373568860.0_L1,1373568860.0,L1,ROBUST,0.4218011200428009,ROBUST,idxq4-64_queryq4-64
1373581660.0_H1,1373581660.0,H1,BACKGROUND,0.1094225049018859,BACKGROUND,idxq4-64_queryq4-64
1373599676.0_H1,1373599676.0,H1,BACKGROUND,0.0990120470523834,BACKGROUND,idxq4-64_queryq4-64
1373658396.0_L1,1373658396.0,L1,AMBIGUOUS,0.218980923295021,AMBIGUOUS,idxq4-64_queryq4-64
1373761596.0_H1,1373761596.0,H1,ROBUST,0.4456509053707123,ROBUST,idxq4-64_queryq4-64
1373761756.0_H1,1373761756.0,H1,AMBIGUOUS,0.1945765316486358,AMBIGUOUS,idxq4-64_queryq4-64
1373788252.0_L1,1373788252.0,L1,ROBUST,0.4231897890567779,ROBUST,idxq4-64_queryq4-64
1373788508.0_L1,1373788508.0,L1,ROBUST,0.4931739866733551,ROBUST,idxq4-64_queryq4-64
1373806972.0_H1,1373806972.0,H1,ROBUST,0.4222911894321441,ROBUST,idxq4-64_queryq4-64
1373807580.0_H1,1373807580.0,H1,ROBUST,0.4178669154644012,ROBUST,idxq4-64_queryq4-64
1373809468.0_H1,1373809468.0,H1,BACKGROUND,0.0908679366111755,BACKGROUND,idxq4-64_queryq4-64
1373856188.0_L1,1373856188.0,L1,ROBUST,0.4376057088375091,ROBUST,idxq4-64_queryq4-64
1373887420.0_H1,1373887420.0,H1,ROBUST,0.4240252077579498,ROBUST,idxq4-64_queryq4-64
1373888188.0_H1,1373888188.0,H1,ROBUST,0.4124860167503357,ROBUST,idxq4-64_queryq4-64
1373888988.0_H1,1373888988.0,H1,ROBUST,0.2402320206165313,ROBUST,idxq4-64_queryq4-64
1373892864.0_H1,1373892864.0,H1,BACKGROUND,0.0577273108065128,BACKGROUND,idxq4-64_queryq4-64
1373892988.0_H1,1373892988.0,H1,ROBUST,0.4207730591297149,ROBUST,idxq4-64_queryq4-64
1373893052.0_H1,1373893052.0,H1,BACKGROUND,0.0893220901489257,BACKGROUND,idxq4-64_queryq4-64
1373900796.0_H1,1373900796.0,H1,ROBUST,0.4511992037296295,ROBUST,idxq4-64_queryq4-64
1373904860.0_H1,1373904860.0,H1,ROBUST,0.4171173572540283,ROBUST,idxq4-64_queryq4-64
1373931580.0_L1,1373931580.0,L1,ROBUST,0.459545761346817,ROBUST,idxq4-64_queryq4-64
1373978428.0_H1,1373978428.0,H1,BACKGROUND,0.0776426643133163,BACKGROUND,idxq4-64_queryq4-64
1373981084.0_H1,1373981084.0,H1,ROBUST,0.4308414459228515,ROBUST,idxq4-64_queryq4-64
1373981116.0_H1,1373981116.0,H1,ROBUST,0.4961538910865783,ROBUST,idxq4-64_queryq4-64
1373981756.0_H1,1373981756.0,H1,ROBUST,0.435757964849472,ROBUST,idxq4-64_queryq4-64
1373983580.0_H1,1373983580.0,H1,ROBUST,0.4302523136138916,ROBUST,idxq4-64_queryq4-64
1373985020.0_H1,1373985020.0,H1,BACKGROUND,0.0807339623570442,BACKGROUND,idxq4-64_queryq4-64
1374010780.0_H1,1374010780.0,H1,ROBUST,0.4326386749744415,ROBUST,idxq4-64_queryq4-64
1374010940.0_H1,1374010940.0,H1,ROBUST,0.4360117614269256,ROBUST,idxq4-64_queryq4-64
1374010972.0_H1,1374010972.0,H1,ROBUST,0.2742698788642883,ROBUST,idxq4-64_queryq4-64
1374072124.0_L1,1374072124.0,L1,ROBUST,0.4412721693515777,ROBUST,idxq4-64_queryq4-64
1374092636.0_L1,1374092636.0,L1,ROBUST,0.47157883644104,ROBUST,idxq4-64_queryq4-64
1374112220.0_L1,1374112220.0,L1,ROBUST,0.4290702641010284,ROBUST,idxq4-64_queryq4-64
1374160380.0_L1,1374160380.0,L1,BACKGROUND,0.0990677699446678,BACKGROUND,idxq4-64_queryq4-64
1374161408.0_L1,1374161408.0,L1,BACKGROUND,0.0599513463675975,BACKGROUND,idxq4-64_queryq4-64
1374197564.0_L1,1374197564.0,L1,ROBUST,0.3124762177467346,ROBUST,idxq4-64_queryq4-64
1374241468.0_L1,1374241468.0,L1,ROBUST,0.4129014015197754,ROBUST,idxq4-64_queryq4-64
1374241500.0_L1,1374241500.0,L1,ROBUST,0.4683985412120819,ROBUST,idxq4-64_queryq4-64
1374241532.0_L1,1374241532.0,L1,ROBUST,0.4141306579113006,ROBUST,idxq4-64_queryq4-64
1374241596.0_L1,1374241596.0,L1,BACKGROUND,0.1497112214565277,BACKGROUND,idxq4-64_queryq4-64
1374241628.0_L1,1374241628.0,L1,ROBUST,0.4316486120223999,ROBUST,idxq4-64_queryq4-64
1374278140.0_L1,1374278140.0,L1,BACKGROUND,0.0943354144692421,BACKGROUND,idxq4-64_queryq4-64
1374282652.0_L1,1374282652.0,L1,ROBUST,0.2927479147911072,ROBUST,idxq4-64_queryq4-64
1374286620.0_L1,1374286620.0,L1,ROBUST,0.302860677242279,ROBUST,idxq4-64_queryq4-64
1374287452.0_L1,1374287452.0,L1,ROBUST,0.4212386906147003,ROBUST,idxq4-64_queryq4-64
1374288796.0_L1,1374288796.0,L1,ROBUST,0.2447409033775329,ROBUST,idxq4-64_queryq4-64
1374363804.0_H1,1374363804.0,H1,BACKGROUND,0.1140464469790458,BACKGROUND,idxq4-64_queryq4-64
1374363964.0_H1,1374363964.0,H1,ROBUST,0.4484442770481109,ROBUST,idxq4-64_queryq4-64
1374366652.0_L1,1374366652.0,L1,AMBIGUOUS,0.175035610795021,AMBIGUOUS,idxq4-64_queryq4-64
1374368092.0_L1,1374368092.0,L1,AMBIGUOUS,0.1693327724933624,AMBIGUOUS,idxq4-64_queryq4-64
1374368732.0_L1,1374368732.0,L1,ROBUST,0.442525565624237,ROBUST,idxq4-64_queryq4-64
1374405180.0_H1,1374405180.0,H1,BACKGROUND,0.1075239852070808,BACKGROUND,idxq4-64_queryq4-64
1374406940.0_H1,1374406940.0,H1,BACKGROUND,0.0913025811314582,BACKGROUND,idxq4-64_queryq4-64
1374407420.0_H1,1374407420.0,H1,BACKGROUND,0.124686911702156,BACKGROUND,idxq4-64_queryq4-64
1374424668.0_H1,1374424668.0,H1,ROBUST,0.4003778100013733,ROBUST,idxq4-64_queryq4-64
1374424764.0_H1,1374424764.0,H1,BACKGROUND,0.0878120809793472,BACKGROUND,idxq4-64_queryq4-64
1374424956.0_H1,1374424956.0,H1,ROBUST,0.4244789183139801,ROBUST,idxq4-64_queryq4-64
1374425116.0_H1,1374425116.0,H1,BACKGROUND,0.0802380219101905,BACKGROUND,idxq4-64_queryq4-64
1374428316.0_H1,1374428316.0,H1,ROBUST,0.5014307498931885,ROBUST,idxq4-64_queryq4-64
1374430652.0_H1,1374430652.0,H1,BACKGROUND,0.0809313356876373,BACKGROUND,idxq4-64_queryq4-64
1374493564.0_H1,1374493564.0,H1,BACKGROUND,0.0938494428992271,BACKGROUND,idxq4-64_queryq4-64
1374493660.0_H1,1374493660.0,H1,BACKGROUND,0.124779112637043,BACKGROUND,idxq4-64_queryq4-64
1374494236.0_H1,1374494236.0,H1,BACKGROUND,0.0992891937494278,BACKGROUND,idxq4-64_queryq4-64
1374494940.0_H1,1374494940.0,H1,BACKGROUND,0.1204681992530822,BACKGROUND,idxq4-64_queryq4-64
1374495004.0_H1,1374495004.0,H1,BACKGROUND,0.0879241377115249,BACKGROUND,idxq4-64_queryq4-64
1374496092.0_H1,1374496092.0,H1,BACKGROUND,0.0749211609363555,BACKGROUND,idxq4-64_queryq4-64
1374497280.0_H1,1374497280.0,H1,BACKGROUND,0.0578758381307125,BACKGROUND,idxq4-64_queryq4-64
1374499868.0_H1,1374499868.0,H1,ROBUST,0.4094389379024505,ROBUST,idxq4-64_queryq4-64
1374502204.0_H1,1374502204.0,H1,BACKGROUND,0.0908794552087783,BACKGROUND,idxq4-64_queryq4-64
1374503548.0_H1,1374503548.0,H1,ROBUST,0.4583694040775299,ROBUST,idxq4-64_queryq4-64
1374503644.0_H1,1374503644.0,H1,BACKGROUND,0.0844649299979209,BACKGROUND,idxq4-64_queryq4-64
1374505244.0_H1,1374505244.0,H1,ROBUST,0.4471912086009979,ROBUST,idxq4-64_queryq4-64
1374506300.0_H1,1374506300.0,H1,BACKGROUND,0.1173544749617576,BACKGROUND,idxq4-64_queryq4-64
1374507644.0_H1,1374507644.0,H1,BACKGROUND,0.1014326587319374,BACKGROUND,idxq4-64_queryq4-64
1374508380.0_H1,1374508380.0,H1,AMBIGUOUS,0.1324371397495269,AMBIGUOUS,idxq4-64_queryq4-64
1374514332.0_H1,1374514332.0,H1,ROBUST,0.4354273378849029,ROBUST,idxq4-64_queryq4-64
1374516412.0_H1,1374516412.0,H1,AMBIGUOUS,0.1419849842786789,AMBIGUOUS,idxq4-64_queryq4-64
1374517596.0_H1,1374517596.0,H1,ROBUST,0.4630222916603088,ROBUST,idxq4-64_queryq4-64
1374518716.0_H1,1374518716.0,H1,ROBUST,0.415135771036148,ROBUST,idxq4-64_queryq4-64
1374519356.0_H1,1374519356.0,H1,BACKGROUND,0.0999761372804641,BACKGROUND,idxq4-64_queryq4-64
1374520284.0_H1,1374520284.0,H1,BACKGROUND,0.1133542209863662,BACKGROUND,idxq4-64_queryq4-64
1374520604.0_H1,1374520604.0,H1,BACKGROUND,0.1056094020605087,BACKGROUND,idxq4-64_queryq4-64
1374523228.0_H1,1374523228.0,H1,ROBUST,0.4300855100154876,ROBUST,idxq4-64_queryq4-64
1374523836.0_H1,1374523836.0,H1,BACKGROUND,0.0894483998417854,BACKGROUND,idxq4-64_queryq4-64
1374525788.0_H1,1374525788.0,H1,AMBIGUOUS,0.1560686379671096,AMBIGUOUS,idxq4-64_queryq4-64
1374526108.0_H1,1374526108.0,H1,BACKGROUND,0.0840735137462616,BACKGROUND,idxq4-64_queryq4-64
1374530556.0_L1,1374530556.0,L1,BACKGROUND,0.1059319525957107,BACKGROUND,idxq4-64_queryq4-64
1374588604.0_H1,1374588604.0,H1,BACKGROUND,0.1014552935957908,BACKGROUND,idxq4-64_queryq4-64
1374591452.0_H1,1374591452.0,H1,AMBIGUOUS,0.1913369446992874,AMBIGUOUS,idxq4-64_queryq4-64
1374591932.0_H1,1374591932.0,H1,ROBUST,0.4692121148109436,ROBUST,idxq4-64_queryq4-64
1374620764.0_H1,1374620764.0,H1,ROBUST,0.4442763030529022,ROBUST,idxq4-64_queryq4-64
1374621148.0_H1,1374621148.0,H1,ROBUST,0.4138665497303009,ROBUST,idxq4-64_queryq4-64
1374625692.0_H1,1374625692.0,H1,BACKGROUND,0.0961391404271125,BACKGROUND,idxq4-64_queryq4-64
1374627900.0_H1,1374627900.0,H1,BACKGROUND,0.0949263423681259,BACKGROUND,idxq4-64_queryq4-64
1374628380.0_H1,1374628380.0,H1,ROBUST,0.4430876970291137,ROBUST,idxq4-64_queryq4-64
1374628988.0_H1,1374628988.0,H1,BACKGROUND,0.0882229506969451,BACKGROUND,idxq4-64_queryq4-64
1374629884.0_H1,1374629884.0,H1,ROBUST,0.4203777909278869,ROBUST,idxq4-64_queryq4-64
1374630972.0_H1,1374630972.0,H1,BACKGROUND,0.1009317338466644,BACKGROUND,idxq4-64_queryq4-64
1374631580.0_H1,1374631580.0,H1,AMBIGUOUS,0.1938507109880447,AMBIGUOUS,idxq4-64_queryq4-64
1374632060.0_H1,1374632060.0,H1,BACKGROUND,0.0860920771956443,BACKGROUND,idxq4-64_queryq4-64
1374632092.0_H1,1374632092.0,H1,BACKGROUND,0.0925489887595176,BACKGROUND,idxq4-64_queryq4-64
1374633724.0_H1,1374633724.0,H1,ROBUST,0.2082558274269104,ROBUST,idxq4-64_queryq4-64
1374644924.0_H1,1374644924.0,H1,ROBUST,0.429991066455841,ROBUST,idxq4-64_queryq4-64
1374645180.0_H1,1374645180.0,H1,ROBUST,0.4196944236755371,ROBUST,idxq4-64_queryq4-64
1374645788.0_H1,1374645788.0,H1,BACKGROUND,0.0894146859645843,BACKGROUND,idxq4-64_queryq4-64
1374646940.0_H1,1374646940.0,H1,BACKGROUND,0.1022006347775459,BACKGROUND,idxq4-64_queryq4-64
1374647388.0_H1,1374647388.0,H1,ROBUST,0.4742639362812042,ROBUST,idxq4-64_queryq4-64
1374716028.0_H1,1374716028.0,H1,ROBUST,0.4516518115997314,ROBUST,idxq4-64_queryq4-64
1374751068.0_H1,1374751068.0,H1,ROBUST,0.4477275311946869,ROBUST,idxq4-64_queryq4-64
1374751548.0_H1,1374751548.0,H1,ROBUST,0.515349805355072,ROBUST,idxq4-64_queryq4-64
1374778172.0_L1,1374778172.0,L1,AMBIGUOUS,0.1707100868225097,AMBIGUOUS,idxq4-64_queryq4-64
1374779260.0_L1,1374779260.0,L1,ROBUST,0.4365592300891876,ROBUST,idxq4-64_queryq4-64
1374781692.0_L1,1374781692.0,L1,ROBUST,0.3616240322589874,ROBUST,idxq4-64_queryq4-64
1374782208.0_L1,1374782208.0,L1,BACKGROUND,0.0580428130924701,BACKGROUND,idxq4-64_queryq4-64
1374783292.0_L1,1374783292.0,L1,ROBUST,0.3686928451061249,ROBUST,idxq4-64_queryq4-64
1374819072.0_L1,1374819072.0,L1,BACKGROUND,0.0638400688767433,BACKGROUND,idxq4-64_queryq4-64
1374824956.0_L1,1374824956.0,L1,ROBUST,0.4592160284519195,ROBUST,idxq4-64_queryq4-64
1374826716.0_L1,1374826716.0,L1,ROBUST,0.4619764387607574,ROBUST,idxq4-64_queryq4-64
1374831004.0_L1,1374831004.0,L1,ROBUST,0.4363380074501037,ROBUST,idxq4-64_queryq4-64
1374832124.0_L1,1374832124.0,L1,ROBUST,0.4291444420814514,ROBUST,idxq4-64_queryq4-64
1374838588.0_H1,1374838588.0,H1,ROBUST,0.411098301410675,ROBUST,idxq4-64_queryq4-64
1374846492.0_H1,1374846492.0,H1,ROBUST,0.4516035616397857,ROBUST,idxq4-64_queryq4-64
1374849628.0_H1,1374849628.0,H1,BACKGROUND,0.1299405843019485,BACKGROUND,idxq4-64_queryq4-64
1374850300.0_H1,1374850300.0,H1,BACKGROUND,0.1115576177835464,BACKGROUND,idxq4-64_queryq4-64
1374855484.0_H1,1374855484.0,H1,BACKGROUND,0.1073979511857032,BACKGROUND,idxq4-64_queryq4-64
1374863836.0_H1,1374863836.0,H1,ROBUST,0.4523783922195434,ROBUST,idxq4-64_queryq4-64
1374872668.0_H1,1374872668.0,H1,AMBIGUOUS,0.1306511014699936,AMBIGUOUS,idxq4-64_queryq4-64
1374873436.0_H1,1374873436.0,H1,ROBUST,0.319558709859848,ROBUST,idxq4-64_queryq4-64
1374922844.0_H1,1374922844.0,H1,ROBUST,0.2807628512382507,ROBUST,idxq4-64_queryq4-64
1374926716.0_H1,1374926716.0,H1,ROBUST,0.4438974857330322,ROBUST,idxq4-64_queryq4-64
1374928828.0_H1,1374928828.0,H1,BACKGROUND,0.1066127941012382,BACKGROUND,idxq4-64_queryq4-64
1374931484.0_H1,1374931484.0,H1,BACKGROUND,0.1210409626364708,BACKGROUND,idxq4-64_queryq4-64
1374962268.0_L1,1374962268.0,L1,ROBUST,0.4316655397415161,ROBUST,idxq4-64_queryq4-64
1374997020.0_L1,1374997020.0,L1,ROBUST,0.4123852550983429,ROBUST,idxq4-64_queryq4-64
1374997564.0_L1,1374997564.0,L1,ROBUST,0.303474873304367,ROBUST,idxq4-64_queryq4-64
1374997852.0_L1,1374997852.0,L1,ROBUST,0.3988824784755707,ROBUST,idxq4-64_queryq4-64
1375001020.0_L1,1375001020.0,L1,ROBUST,0.4233598113059997,ROBUST,idxq4-64_queryq4-64
1375010172.0_H1,1375010172.0,H1,AMBIGUOUS,0.1429680585861206,AMBIGUOUS,idxq4-64_queryq4-64
1375016764.0_H1,1375016764.0,H1,ROBUST,0.4180009067058563,ROBUST,idxq4-64_queryq4-64
1375016860.0_H1,1375016860.0,H1,ROBUST,0.4529547393321991,ROBUST,idxq4-64_queryq4-64
1375024348.0_H1,1375024348.0,H1,ROBUST,0.4250905215740204,ROBUST,idxq4-64_queryq4-64
1375100092.0_H1,1375100092.0,H1,ROBUST,0.4589971303939819,ROBUST,idxq4-64_queryq4-64
1375104380.0_H1,1375104380.0,H1,AMBIGUOUS,0.1997548788785934,AMBIGUOUS,idxq4-64_queryq4-64
1375141084.0_L1,1375141084.0,L1,ROBUST,0.4835398197174072,ROBUST,idxq4-64_queryq4-64
1375141884.0_L1,1375141884.0,L1,AMBIGUOUS,0.1983199268579483,AMBIGUOUS,idxq4-64_queryq4-64
1375147324.0_L1,1375147324.0,L1,ROBUST,0.4626050591468811,ROBUST,idxq4-64_queryq4-64
1375183356.0_H1,1375183356.0,H1,ROBUST,0.4520948231220245,ROBUST,idxq4-64_queryq4-64
1375188092.0_H1,1375188092.0,H1,ROBUST,0.4422467648983001,ROBUST,idxq4-64_queryq4-64
1375194332.0_H1,1375194332.0,H1,ROBUST,0.4810740649700165,ROBUST,idxq4-64_queryq4-64
1375200316.0_H1,1375200316.0,H1,ROBUST,0.4896037876605987,ROBUST,idxq4-64_queryq4-64
1375214172.0_H1,1375214172.0,H1,ROBUST,0.4430230855941772,ROBUST,idxq4-64_queryq4-64
1375284224.0_H1,1375284224.0,H1,BACKGROUND,0.076661966741085,BACKGROUND,idxq4-64_queryq4-64
1375300700.0_H1,1375300700.0,H1,ROBUST,0.4796295762062073,ROBUST,idxq4-64_queryq4-64
1375302396.0_H1,1375302396.0,H1,AMBIGUOUS,0.1780275106430053,AMBIGUOUS,idxq4-64_queryq4-64
1375325948.0_L1,1375325948.0,L1,ROBUST,0.2251291424036026,ROBUST,idxq4-64_queryq4-64
1375325980.0_L1,1375325980.0,L1,AMBIGUOUS,0.1737702935934066,AMBIGUOUS,idxq4-64_queryq4-64
1375341788.0_L1,1375341788.0,L1,ROBUST,0.3774603009223938,ROBUST,idxq4-64_queryq4-64
1375344828.0_L1,1375344828.0,L1,ROBUST,0.4104196429252624,ROBUST,idxq4-64_queryq4-64
1375345916.0_L1,1375345916.0,L1,ROBUST,0.4397878050804138,ROBUST,idxq4-64_queryq4-64
1375369212.0_L1,1375369212.0,L1,AMBIGUOUS,0.1526836305856704,AMBIGUOUS,idxq4-64_queryq4-64
1375376284.0_L1,1375376284.0,L1,ROBUST,0.4175754189491272,ROBUST,idxq4-64_queryq4-64
1375391964.0_H1,1375391964.0,H1,ROBUST,0.4425787627696991,ROBUST,idxq4-64_queryq4-64
1375410428.0_L1,1375410428.0,L1,ROBUST,0.4097101092338562,ROBUST,idxq4-64_queryq4-64
1375410780.0_L1,1375410780.0,L1,ROBUST,0.4966559708118438,ROBUST,idxq4-64_queryq4-64
1375416988.0_L1,1375416988.0,L1,ROBUST,0.3602373301982879,ROBUST,idxq4-64_queryq4-64
1375423488.0_L1,1375423488.0,L1,BACKGROUND,0.0667803436517715,BACKGROUND,idxq4-64_queryq4-64
1375428220.0_L1,1375428220.0,L1,ROBUST,0.4343793094158172,ROBUST,idxq4-64_queryq4-64
1375434364.0_L1,1375434364.0,L1,ROBUST,0.2496901899576187,ROBUST,idxq4-64_queryq4-64
1375435996.0_L1,1375435996.0,L1,ROBUST,0.2338938415050506,ROBUST,idxq4-64_queryq4-64
1375436156.0_L1,1375436156.0,L1,ROBUST,0.4306683242321014,ROBUST,idxq4-64_queryq4-64
1375439452.0_L1,1375439452.0,L1,ROBUST,0.4598289430141449,ROBUST,idxq4-64_queryq4-64
1375467868.0_H1,1375467868.0,H1,AMBIGUOUS,0.1865216642618179,AMBIGUOUS,idxq4-64_queryq4-64
1375467996.0_H1,1375467996.0,H1,ROBUST,0.4609257876873016,ROBUST,idxq4-64_queryq4-64
1375498972.0_L1,1375498972.0,L1,ROBUST,0.3977791965007782,ROBUST,idxq4-64_queryq4-64
1375517052.0_L1,1375517052.0,L1,ROBUST,0.4109596312046051,ROBUST,idxq4-64_queryq4-64
1375517244.0_L1,1375517244.0,L1,ROBUST,0.4332555830478668,ROBUST,idxq4-64_queryq4-64
1375526620.0_L1,1375526620.0,L1,ROBUST,0.2255547791719436,ROBUST,idxq4-64_queryq4-64
1375526908.0_L1,1375526908.0,L1,ROBUST,0.4492542147636413,ROBUST,idxq4-64_queryq4-64
1375526940.0_L1,1375526940.0,L1,ROBUST,0.4489112794399261,ROBUST,idxq4-64_queryq4-64
1375528796.0_H1,1375528796.0,H1,ROBUST,0.4764902591705322,ROBUST,idxq4-64_queryq4-64
1375529852.0_H1,1375529852.0,H1,AMBIGUOUS,0.1679243892431259,AMBIGUOUS,idxq4-64_queryq4-64
1375529916.0_H1,1375529916.0,H1,AMBIGUOUS,0.1986145973205566,AMBIGUOUS,idxq4-64_queryq4-64
1375530428.0_H1,1375530428.0,H1,ROBUST,0.4452122747898102,ROBUST,idxq4-64_queryq4-64
1375530844.0_H1,1375530844.0,H1,ROBUST,0.3473784625530243,ROBUST,idxq4-64_queryq4-64
1375536124.0_H1,1375536124.0,H1,AMBIGUOUS,0.180216982960701,AMBIGUOUS,idxq4-64_queryq4-64
1375566940.0_L1,1375566940.0,L1,BACKGROUND,0.1174031123518943,BACKGROUND,idxq4-64_queryq4-64
1375615292.0_H1,1375615292.0,H1,ROBUST,0.4295567870140075,ROBUST,idxq4-64_queryq4-64
1375615612.0_H1,1375615612.0,H1,ROBUST,0.430676519870758,ROBUST,idxq4-64_queryq4-64
1375617276.0_H1,1375617276.0,H1,ROBUST,0.4866809844970703,ROBUST,idxq4-64_queryq4-64
1375665180.0_H1,1375665180.0,H1,ROBUST,0.4317319691181183,ROBUST,idxq4-64_queryq4-64
1375704348.0_H1,1375704348.0,H1,ROBUST,0.4383887052536011,ROBUST,idxq4-64_queryq4-64
1375745692.0_L1,1375745692.0,L1,ROBUST,0.48393714427948,ROBUST,idxq4-64_queryq4-64
1375750524.0_L1,1375750524.0,L1,ROBUST,0.4375735223293304,ROBUST,idxq4-64_queryq4-64
1375751292.0_L1,1375751292.0,L1,AMBIGUOUS,0.1958065629005432,AMBIGUOUS,idxq4-64_queryq4-64
1375771644.0_L1,1375771644.0,L1,ROBUST,0.4720797836780548,ROBUST,idxq4-64_queryq4-64
1375777788.0_L1,1375777788.0,L1,ROBUST,0.4164614975452423,ROBUST,idxq4-64_queryq4-64
1375777820.0_L1,1375777820.0,L1,ROBUST,0.4664657413959503,ROBUST,idxq4-64_queryq4-64
1375784284.0_L1,1375784284.0,L1,ROBUST,0.4189542233943939,ROBUST,idxq4-64_queryq4-64
1375861308.0_L1,1375861308.0,L1,ROBUST,0.4233990311622619,ROBUST,idxq4-64_queryq4-64
1375992316.0_L1,1375992316.0,L1,ROBUST,0.4129030704498291,ROBUST,idxq4-64_queryq4-64
1376003996.0_L1,1376003996.0,L1,ROBUST,0.4345225691795349,ROBUST,idxq4-64_queryq4-64
1376048220.0_H1,1376048220.0,H1,ROBUST,0.4507377445697784,ROBUST,idxq4-64_queryq4-64
1376048252.0_H1,1376048252.0,H1,ROBUST,0.4775591492652893,ROBUST,idxq4-64_queryq4-64
1376053692.0_H1,1376053692.0,H1,ROBUST,0.4395260512828827,ROBUST,idxq4-64_queryq4-64
1376055580.0_H1,1376055580.0,H1,ROBUST,0.446696400642395,ROBUST,idxq4-64_queryq4-64
1376056252.0_H1,1376056252.0,H1,ROBUST,0.4909655749797821,ROBUST,idxq4-64_queryq4-64
1376062716.0_H1,1376062716.0,H1,ROBUST,0.4370724260807037,ROBUST,idxq4-64_queryq4-64
1376091388.0_L1,1376091388.0,L1,ROBUST,0.4460619390010834,ROBUST,idxq4-64_queryq4-64
1376103004.0_L1,1376103004.0,L1,ROBUST,0.4216361343860626,ROBUST,idxq4-64_queryq4-64
1376136188.0_H1,1376136188.0,H1,ROBUST,0.4938670992851257,ROBUST,idxq4-64_queryq4-64
1376173532.0_L1,1376173532.0,L1,AMBIGUOUS,0.1796069294214248,AMBIGUOUS,idxq4-64_queryq4-64
1376174044.0_L1,1376174044.0,L1,ROBUST,0.4043659269809723,ROBUST,idxq4-64_queryq4-64
1376175036.0_L1,1376175036.0,L1,ROBUST,0.4206751585006714,ROBUST,idxq4-64_queryq4-64
1376175324.0_L1,1376175324.0,L1,ROBUST,0.2222434431314468,ROBUST,idxq4-64_queryq4-64
1376192188.0_L1,1376192188.0,L1,ROBUST,0.4467277526855469,ROBUST,idxq4-64_queryq4-64
1376193660.0_L1,1376193660.0,L1,ROBUST,0.4043701291084289,ROBUST,idxq4-64_queryq4-64
1376195772.0_L1,1376195772.0,L1,ROBUST,0.2208759188652038,ROBUST,idxq4-64_queryq4-64
1376197756.0_L1,1376197756.0,L1,ROBUST,0.3492986559867859,ROBUST,idxq4-64_queryq4-64
1376198140.0_L1,1376198140.0,L1,ROBUST,0.3920535445213318,ROBUST,idxq4-64_queryq4-64
1376231196.0_H1,1376231196.0,H1,BACKGROUND,0.1005205139517784,BACKGROUND,idxq4-64_queryq4-64
1376231708.0_H1,1376231708.0,H1,BACKGROUND,0.0823772698640823,BACKGROUND,idxq4-64_queryq4-64
1376284284.0_L1,1376284284.0,L1,ROBUST,0.4300225973129272,ROBUST,idxq4-64_queryq4-64
1376330172.0_H1,1376330172.0,H1,ROBUST,0.4207358956336975,ROBUST,idxq4-64_queryq4-64
1376333340.0_H1,1376333340.0,H1,ROBUST,0.4407449066638946,ROBUST,idxq4-64_queryq4-64
1376336796.0_H1,1376336796.0,H1,ROBUST,0.4636496305465698,ROBUST,idxq4-64_queryq4-64
1376338652.0_H1,1376338652.0,H1,BACKGROUND,0.0882359892129898,BACKGROUND,idxq4-64_queryq4-64
1376339356.0_H1,1376339356.0,H1,ROBUST,0.4408328235149383,ROBUST,idxq4-64_queryq4-64
1376348412.0_H1,1376348412.0,H1,BACKGROUND,0.0956818908452987,BACKGROUND,idxq4-64_queryq4-64
1376416924.0_L1,1376416924.0,L1,BACKGROUND,0.114869974553585,BACKGROUND,idxq4-64_queryq4-64
1376431580.0_L1,1376431580.0,L1,ROBUST,0.2417338341474533,ROBUST,idxq4-64_queryq4-64
1376434076.0_L1,1376434076.0,L1,ROBUST,0.3361318409442901,ROBUST,idxq4-64_queryq4-64
1376479932.0_H1,1376479932.0,H1,BACKGROUND,0.0812740996479988,BACKGROUND,idxq4-64_queryq4-64
1376480988.0_H1,1376480988.0,H1,ROBUST,0.4406971037387848,ROBUST,idxq4-64_queryq4-64
1376493116.0_H1,1376493116.0,H1,ROBUST,0.4368564784526825,ROBUST,idxq4-64_queryq4-64
1376495996.0_H1,1376495996.0,H1,BACKGROUND,0.0896761417388916,BACKGROUND,idxq4-64_queryq4-64
1376496380.0_H1,1376496380.0,H1,BACKGROUND,0.0763829573988914,BACKGROUND,idxq4-64_queryq4-64
1376498204.0_H1,1376498204.0,H1,ROBUST,0.4520280361175537,ROBUST,idxq4-64_queryq4-64
1376533916.0_H1,1376533916.0,H1,ROBUST,0.4449474215507507,ROBUST,idxq4-64_queryq4-64
1376535516.0_H1,1376535516.0,H1,ROBUST,0.2161920964717865,ROBUST,idxq4-64_queryq4-64
1376547900.0_H1,1376547900.0,H1,ROBUST,0.3833171725273132,ROBUST,idxq4-64_queryq4-64
1376551196.0_H1,1376551196.0,H1,BACKGROUND,0.0851028561592102,BACKGROUND,idxq4-64_queryq4-64
1376553244.0_H1,1376553244.0,H1,BACKGROUND,0.0968669056892395,BACKGROUND,idxq4-64_queryq4-64
1376553788.0_H1,1376553788.0,H1,ROBUST,0.4456151127815246,ROBUST,idxq4-64_queryq4-64
1376555068.0_H1,1376555068.0,H1,BACKGROUND,0.0963961631059646,BACKGROUND,idxq4-64_queryq4-64
1376555772.0_H1,1376555772.0,H1,ROBUST,0.4232491850852966,ROBUST,idxq4-64_queryq4-64
1376556860.0_H1,1376556860.0,H1,ROBUST,0.4209798276424408,ROBUST,idxq4-64_queryq4-64
1376610076.0_L1,1376610076.0,L1,ROBUST,0.4263995289802551,ROBUST,idxq4-64_queryq4-64
1376678972.0_H1,1376678972.0,H1,ROBUST,0.4627085924148559,ROBUST,idxq4-64_queryq4-64
1376681916.0_H1,1376681916.0,H1,ROBUST,0.4106899201869964,ROBUST,idxq4-64_queryq4-64
1376683164.0_H1,1376683164.0,H1,BACKGROUND,0.0803001672029495,BACKGROUND,idxq4-64_queryq4-64
1376683388.0_H1,1376683388.0,H1,ROBUST,0.438398540019989,ROBUST,idxq4-64_queryq4-64
1376749212.0_H1,1376749212.0,H1,ROBUST,0.4192930459976196,ROBUST,idxq4-64_queryq4-64
1376750556.0_H1,1376750556.0,H1,ROBUST,0.4400789439678192,ROBUST,idxq4-64_queryq4-64
1376845212.0_L1,1376845212.0,L1,ROBUST,0.4090591669082641,ROBUST,idxq4-64_queryq4-64
1377064668.0_L1,1377064668.0,L1,ROBUST,0.4148386418819427,ROBUST,idxq4-64_queryq4-64
1377071740.0_L1,1377071740.0,L1,ROBUST,0.4328894317150116,ROBUST,idxq4-64_queryq4-64
1377075132.0_L1,1377075132.0,L1,ROBUST,0.4434756636619568,ROBUST,idxq4-64_queryq4-64
1377076604.0_L1,1377076604.0,L1,ROBUST,0.4749118089675903,ROBUST,idxq4-64_queryq4-64
1377079228.0_L1,1377079228.0,L1,ROBUST,0.4166165590286255,ROBUST,idxq4-64_queryq4-64
1377081404.0_L1,1377081404.0,L1,ROBUST,0.4953209459781647,ROBUST,idxq4-64_queryq4-64
1377081628.0_L1,1377081628.0,L1,ROBUST,0.4382653534412384,ROBUST,idxq4-64_queryq4-64
1377134012.0_L1,1377134012.0,L1,ROBUST,0.4444310963153839,ROBUST,idxq4-64_queryq4-64
1377134652.0_L1,1377134652.0,L1,AMBIGUOUS,0.1928333193063736,AMBIGUOUS,idxq4-64_queryq4-64
1377148892.0_L1,1377148892.0,L1,ROBUST,0.4155494272708893,ROBUST,idxq4-64_queryq4-64
1377244092.0_L1,1377244092.0,L1,AMBIGUOUS,0.1901251822710037,AMBIGUOUS,idxq4-64_queryq4-64
1377245212.0_L1,1377245212.0,L1,ROBUST,0.4536584913730621,ROBUST,idxq4-64_queryq4-64
1377269212.0_L1,1377269212.0,L1,ROBUST,0.450363278388977,ROBUST,idxq4-64_queryq4-64
1377269244.0_L1,1377269244.0,L1,ROBUST,0.4153322875499725,ROBUST,idxq4-64_queryq4-64
1377288892.0_H1,1377288892.0,H1,AMBIGUOUS,0.1818294078111648,AMBIGUOUS,idxq4-64_queryq4-64
1377288924.0_H1,1377288924.0,H1,AMBIGUOUS,0.130477026104927,AMBIGUOUS,idxq4-64_queryq4-64
1377302460.0_L1,1377302460.0,L1,ROBUST,0.4390159845352173,ROBUST,idxq4-64_queryq4-64
1377303836.0_L1,1377303836.0,L1,ROBUST,0.4551239609718323,ROBUST,idxq4-64_queryq4-64
1377304732.0_L1,1377304732.0,L1,AMBIGUOUS,0.1727419197559356,AMBIGUOUS,idxq4-64_queryq4-64
1377305436.0_L1,1377305436.0,L1,ROBUST,0.2354588210582733,ROBUST,idxq4-64_queryq4-64
1377305468.0_L1,1377305468.0,L1,ROBUST,0.2271866798400879,ROBUST,idxq4-64_queryq4-64
1377353728.0_H1,1377353728.0,H1,BACKGROUND,0.072092704474926,BACKGROUND,idxq4-64_queryq4-64
1377354044.0_H1,1377354044.0,H1,ROBUST,0.259854108095169,ROBUST,idxq4-64_queryq4-64
1377355388.0_H1,1377355388.0,H1,ROBUST,0.434099942445755,ROBUST,idxq4-64_queryq4-64
1377377052.0_L1,1377377052.0,L1,ROBUST,0.4410285055637359,ROBUST,idxq4-64_queryq4-64
1377377084.0_L1,1377377084.0,L1,ROBUST,0.4239702522754669,ROBUST,idxq4-64_queryq4-64
1377380060.0_L1,1377380060.0,L1,ROBUST,0.3523510992527008,ROBUST,idxq4-64_queryq4-64
1377381308.0_L1,1377381308.0,L1,BACKGROUND,0.1401408314704895,BACKGROUND,idxq4-64_queryq4-64
1377381436.0_L1,1377381436.0,L1,AMBIGUOUS,0.1948057413101196,AMBIGUOUS,idxq4-64_queryq4-64
1377381500.0_L1,1377381500.0,L1,ROBUST,0.4381193816661834,ROBUST,idxq4-64_queryq4-64
1377381532.0_L1,1377381532.0,L1,BACKGROUND,0.1408178061246872,BACKGROUND,idxq4-64_queryq4-64
1377383036.0_L1,1377383036.0,L1,ROBUST,0.4637505114078522,ROBUST,idxq4-64_queryq4-64
1377384220.0_L1,1377384220.0,L1,AMBIGUOUS,0.1838322877883911,AMBIGUOUS,idxq4-64_queryq4-64
1377385084.0_L1,1377385084.0,L1,AMBIGUOUS,0.1935073286294937,AMBIGUOUS,idxq4-64_queryq4-64
1377392956.0_L1,1377392956.0,L1,ROBUST,0.4767540097236633,ROBUST,idxq4-64_queryq4-64
1377398748.0_L1,1377398748.0,L1,ROBUST,0.447674959897995,ROBUST,idxq4-64_queryq4-64
1377402588.0_L1,1377402588.0,L1,ROBUST,0.4314558804035187,ROBUST,idxq4-64_queryq4-64
1377443548.0_H1,1377443548.0,H1,ROBUST,0.4032653868198395,ROBUST,idxq4-64_queryq4-64
1377443580.0_H1,1377443580.0,H1,ROBUST,0.3844385147094726,ROBUST,idxq4-64_queryq4-64
1377443740.0_H1,1377443740.0,H1,ROBUST,0.432445764541626,ROBUST,idxq4-64_queryq4-64
1377443932.0_H1,1377443932.0,H1,ROBUST,0.3881600201129913,ROBUST,idxq4-64_queryq4-64
1377444156.0_H1,1377444156.0,H1,AMBIGUOUS,0.1393109560012817,AMBIGUOUS,idxq4-64_queryq4-64
1377444316.0_H1,1377444316.0,H1,ROBUST,0.3988454043865204,ROBUST,idxq4-64_queryq4-64
1377446908.0_H1,1377446908.0,H1,ROBUST,0.4430920481681824,ROBUST,idxq4-64_queryq4-64
1377447356.0_H1,1377447356.0,H1,AMBIGUOUS,0.1882890611886978,AMBIGUOUS,idxq4-64_queryq4-64
1377453084.0_L1,1377453084.0,L1,AMBIGUOUS,0.2081493884325027,AMBIGUOUS,idxq4-64_queryq4-64
1377453468.0_L1,1377453468.0,L1,BACKGROUND,0.1333511769771576,BACKGROUND,idxq4-64_queryq4-64
1377455292.0_L1,1377455292.0,L1,BACKGROUND,0.1121944263577461,BACKGROUND,idxq4-64_queryq4-64
1377457948.0_L1,1377457948.0,L1,ROBUST,0.2201695740222931,ROBUST,idxq4-64_queryq4-64
1377460224.0_L1,1377460224.0,L1,BACKGROUND,0.0539459697902202,BACKGROUND,idxq4-64_queryq4-64
1377460764.0_L1,1377460764.0,L1,ROBUST,0.4762795269489288,ROBUST,idxq4-64_queryq4-64
1377461436.0_L1,1377461436.0,L1,BACKGROUND,0.127579852938652,BACKGROUND,idxq4-64_queryq4-64
1377462396.0_L1,1377462396.0,L1,ROBUST,0.4579601585865021,ROBUST,idxq4-64_queryq4-64
1377463100.0_L1,1377463100.0,L1,AMBIGUOUS,0.1775352209806442,AMBIGUOUS,idxq4-64_queryq4-64
1377463132.0_L1,1377463132.0,L1,AMBIGUOUS,0.1912176758050918,AMBIGUOUS,idxq4-64_queryq4-64
1377463260.0_L1,1377463260.0,L1,BACKGROUND,0.142155036330223,BACKGROUND,idxq4-64_queryq4-64
1377463292.0_L1,1377463292.0,L1,AMBIGUOUS,0.2099589705467224,AMBIGUOUS,idxq4-64_queryq4-64
1377464124.0_L1,1377464124.0,L1,AMBIGUOUS,0.1658991426229477,AMBIGUOUS,idxq4-64_queryq4-64
1377464156.0_L1,1377464156.0,L1,AMBIGUOUS,0.1821843087673187,AMBIGUOUS,idxq4-64_queryq4-64
1377464284.0_L1,1377464284.0,L1,ROBUST,0.2448384910821914,ROBUST,idxq4-64_queryq4-64
1377468060.0_L1,1377468060.0,L1,BACKGROUND,0.1354298889636993,BACKGROUND,idxq4-64_queryq4-64
1377475708.0_H1,1377475708.0,H1,BACKGROUND,0.0968388244509697,BACKGROUND,idxq4-64_queryq4-64
1377532188.0_H1,1377532188.0,H1,BACKGROUND,0.0940824374556541,BACKGROUND,idxq4-64_queryq4-64
1377543164.0_L1,1377543164.0,L1,BACKGROUND,0.1315674930810928,BACKGROUND,idxq4-64_queryq4-64
1377543516.0_L1,1377543516.0,L1,AMBIGUOUS,0.1990492194890976,AMBIGUOUS,idxq4-64_queryq4-64
1377543644.0_L1,1377543644.0,L1,ROBUST,0.2896897792816162,ROBUST,idxq4-64_queryq4-64
1377543708.0_L1,1377543708.0,L1,ROBUST,0.42277991771698,ROBUST,idxq4-64_queryq4-64
1377545276.0_L1,1377545276.0,L1,BACKGROUND,0.1034230068325996,BACKGROUND,idxq4-64_queryq4-64
1377546140.0_L1,1377546140.0,L1,ROBUST,0.3884807229042053,ROBUST,idxq4-64_queryq4-64
1377546972.0_L1,1377546972.0,L1,AMBIGUOUS,0.164434552192688,AMBIGUOUS,idxq4-64_queryq4-64
1377547356.0_L1,1377547356.0,L1,AMBIGUOUS,0.1537952870130539,AMBIGUOUS,idxq4-64_queryq4-64
1377551548.0_L1,1377551548.0,L1,AMBIGUOUS,0.2114354372024536,AMBIGUOUS,idxq4-64_queryq4-64
1377552028.0_L1,1377552028.0,L1,AMBIGUOUS,0.1641685366630554,AMBIGUOUS,idxq4-64_queryq4-64
1377552284.0_L1,1377552284.0,L1,ROBUST,0.2770886123180389,ROBUST,idxq4-64_queryq4-64
1377552380.0_L1,1377552380.0,L1,ROBUST,0.2335468977689743,ROBUST,idxq4-64_queryq4-64
1377552508.0_L1,1377552508.0,L1,BACKGROUND,0.1245303750038147,BACKGROUND,idxq4-64_queryq4-64
1377552892.0_L1,1377552892.0,L1,ROBUST,0.4438872039318084,ROBUST,idxq4-64_queryq4-64
1377553084.0_L1,1377553084.0,L1,ROBUST,0.4190883040428161,ROBUST,idxq4-64_queryq4-64
1377553564.0_L1,1377553564.0,L1,ROBUST,0.4252521097660064,ROBUST,idxq4-64_queryq4-64
1377554300.0_L1,1377554300.0,L1,ROBUST,0.4306492209434509,ROBUST,idxq4-64_queryq4-64
1377555420.0_L1,1377555420.0,L1,BACKGROUND,0.1493591666221618,BACKGROUND,idxq4-64_queryq4-64
1377579868.0_L1,1377579868.0,L1,AMBIGUOUS,0.1554317623376846,AMBIGUOUS,idxq4-64_queryq4-64
1377587324.0_L1,1377587324.0,L1,BACKGROUND,0.1472139656543731,BACKGROUND,idxq4-64_queryq4-64
1377587420.0_L1,1377587420.0,L1,BACKGROUND,0.1264728903770446,BACKGROUND,idxq4-64_queryq4-64
1377587516.0_L1,1377587516.0,L1,BACKGROUND,0.1354215145111084,BACKGROUND,idxq4-64_queryq4-64
1377587708.0_L1,1377587708.0,L1,BACKGROUND,0.1383656114339828,BACKGROUND,idxq4-64_queryq4-64
1377588476.0_L1,1377588476.0,L1,AMBIGUOUS,0.1936713010072708,AMBIGUOUS,idxq4-64_queryq4-64
1377629020.0_L1,1377629020.0,L1,ROBUST,0.4414866864681244,ROBUST,idxq4-64_queryq4-64
1377634268.0_L1,1377634268.0,L1,ROBUST,0.4173261523246765,ROBUST,idxq4-64_queryq4-64
1377638268.0_H1,1377638268.0,H1,BACKGROUND,0.088676668703556,BACKGROUND,idxq4-64_queryq4-64
1377640572.0_H1,1377640572.0,H1,AMBIGUOUS,0.198015421628952,AMBIGUOUS,idxq4-64_queryq4-64
1377640764.0_H1,1377640764.0,H1,ROBUST,0.4430898129940033,ROBUST,idxq4-64_queryq4-64
1377648316.0_H1,1377648316.0,H1,BACKGROUND,0.1134226024150848,BACKGROUND,idxq4-64_queryq4-64
1377650076.0_H1,1377650076.0,H1,AMBIGUOUS,0.2017805129289627,AMBIGUOUS,idxq4-64_queryq4-64
1377650108.0_H1,1377650108.0,H1,AMBIGUOUS,0.1670727282762527,AMBIGUOUS,idxq4-64_queryq4-64
1377651676.0_H1,1377651676.0,H1,BACKGROUND,0.1231425479054451,BACKGROUND,idxq4-64_queryq4-64
1377651772.0_H1,1377651772.0,H1,BACKGROUND,0.110787034034729,BACKGROUND,idxq4-64_queryq4-64
1377656284.0_H1,1377656284.0,H1,BACKGROUND,0.0975772812962532,BACKGROUND,idxq4-64_queryq4-64
1377656832.0_H1,1377656832.0,H1,BACKGROUND,0.0578573793172836,BACKGROUND,idxq4-64_queryq4-64
1377659644.0_H1,1377659644.0,H1,ROBUST,0.3537023961544037,ROBUST,idxq4-64_queryq4-64
1377660348.0_H1,1377660348.0,H1,ROBUST,0.4681786894798279,ROBUST,idxq4-64_queryq4-64
1377661948.0_H1,1377661948.0,H1,BACKGROUND,0.0720324665307998,BACKGROUND,idxq4-64_queryq4-64
1377661980.0_H1,1377661980.0,H1,ROBUST,0.4114449918270111,ROBUST,idxq4-64_queryq4-64
1377663004.0_H1,1377663004.0,H1,ROBUST,0.4578529894351959,ROBUST,idxq4-64_queryq4-64
1377686908.0_L1,1377686908.0,L1,ROBUST,0.4266079366207123,ROBUST,idxq4-64_queryq4-64
1377689180.0_L1,1377689180.0,L1,ROBUST,0.3298442959785461,ROBUST,idxq4-64_queryq4-64
1377769372.0_L1,1377769372.0,L1,ROBUST,0.4743278622627258,ROBUST,idxq4-64_queryq4-64
1377770268.0_L1,1377770268.0,L1,ROBUST,0.4410573244094848,ROBUST,idxq4-64_queryq4-64
1377820924.0_H1,1377820924.0,H1,BACKGROUND,0.1025492027401924,BACKGROUND,idxq4-64_queryq4-64
1377896284.0_L1,1377896284.0,L1,ROBUST,0.4228781461715698,ROBUST,idxq4-64_queryq4-64
1377896704.0_L1,1377896704.0,L1,BACKGROUND,0.0542779527604579,BACKGROUND,idxq4-64_queryq4-64
1377902076.0_L1,1377902076.0,L1,BACKGROUND,0.0844758078455925,BACKGROUND,idxq4-64_queryq4-64
1377903036.0_L1,1377903036.0,L1,BACKGROUND,0.1023059859871864,BACKGROUND,idxq4-64_queryq4-64
1377908796.0_L1,1377908796.0,L1,BACKGROUND,0.0684492066502571,BACKGROUND,idxq4-64_queryq4-64
1377909148.0_L1,1377909148.0,L1,BACKGROUND,0.0728721767663955,BACKGROUND,idxq4-64_queryq4-64
1377911580.0_L1,1377911580.0,L1,BACKGROUND,0.0914161205291748,BACKGROUND,idxq4-64_queryq4-64
1377913948.0_L1,1377913948.0,L1,ROBUST,0.4517689645290375,ROBUST,idxq4-64_queryq4-64
1377914076.0_L1,1377914076.0,L1,BACKGROUND,0.0760920718312263,BACKGROUND,idxq4-64_queryq4-64
1377916316.0_L1,1377916316.0,L1,BACKGROUND,0.1044595539569854,BACKGROUND,idxq4-64_queryq4-64
1377917340.0_L1,1377917340.0,L1,ROBUST,0.4458187222480774,ROBUST,idxq4-64_queryq4-64
1377919004.0_H1,1377919004.0,H1,ROBUST,0.4358172118663788,ROBUST,idxq4-64_queryq4-64
1377938812.0_L1,1377938812.0,L1,ROBUST,0.3503617346286773,ROBUST,idxq4-64_queryq4-64
1377941724.0_L1,1377941724.0,L1,AMBIGUOUS,0.1743664145469665,AMBIGUOUS,idxq4-64_queryq4-64
1377943420.0_L1,1377943420.0,L1,BACKGROUND,0.1480187028646469,BACKGROUND,idxq4-64_queryq4-64
1377952668.0_L1,1377952668.0,L1,ROBUST,0.2302307188510894,ROBUST,idxq4-64_queryq4-64
1377953820.0_L1,1377953820.0,L1,AMBIGUOUS,0.187032088637352,AMBIGUOUS,idxq4-64_queryq4-64
1377954012.0_L1,1377954012.0,L1,AMBIGUOUS,0.1970538645982742,AMBIGUOUS,idxq4-64_queryq4-64
1377979164.0_L1,1377979164.0,L1,BACKGROUND,0.1427723914384842,BACKGROUND,idxq4-64_queryq4-64
1377984188.0_L1,1377984188.0,L1,AMBIGUOUS,0.2091943323612213,AMBIGUOUS,idxq4-64_queryq4-64
1377986108.0_L1,1377986108.0,L1,AMBIGUOUS,0.1701972335577011,AMBIGUOUS,idxq4-64_queryq4-64
1377986236.0_L1,1377986236.0,L1,ROBUST,0.3680085241794586,ROBUST,idxq4-64_queryq4-64
1377987260.0_L1,1377987260.0,L1,ROBUST,0.395642340183258,ROBUST,idxq4-64_queryq4-64
1377987772.0_L1,1377987772.0,L1,ROBUST,0.4297669231891632,ROBUST,idxq4-64_queryq4-64
1377988156.0_L1,1377988156.0,L1,AMBIGUOUS,0.153732568025589,AMBIGUOUS,idxq4-64_queryq4-64
1377988476.0_L1,1377988476.0,L1,ROBUST,0.4409979581832886,ROBUST,idxq4-64_queryq4-64
1378015612.0_L1,1378015612.0,L1,ROBUST,0.4574822187423706,ROBUST,idxq4-64_queryq4-64
1378021148.0_L1,1378021148.0,L1,BACKGROUND,0.0839771032333374,BACKGROUND,idxq4-64_queryq4-64
1378022236.0_L1,1378022236.0,L1,BACKGROUND,0.07269037514925,BACKGROUND,idxq4-64_queryq4-64
1378023580.0_L1,1378023580.0,L1,ROBUST,0.4647390842437744,ROBUST,idxq4-64_queryq4-64
1378023740.0_L1,1378023740.0,L1,ROBUST,0.42053884267807,ROBUST,idxq4-64_queryq4-64
1378055772.0_L1,1378055772.0,L1,BACKGROUND,0.1154339015483856,BACKGROUND,idxq4-64_queryq4-64
1378057660.0_L1,1378057660.0,L1,BACKGROUND,0.0671807080507278,BACKGROUND,idxq4-64_queryq4-64
1378058908.0_L1,1378058908.0,L1,AMBIGUOUS,0.1605816036462783,AMBIGUOUS,idxq4-64_queryq4-64
1378142748.0_L1,1378142748.0,L1,BACKGROUND,0.0725669339299202,BACKGROUND,idxq4-64_queryq4-64
1378143132.0_L1,1378143132.0,L1,BACKGROUND,0.0816108584403991,BACKGROUND,idxq4-64_queryq4-64
1378144700.0_L1,1378144700.0,L1,ROBUST,0.4119581282138824,ROBUST,idxq4-64_queryq4-64
1378160668.0_H1,1378160668.0,H1,ROBUST,0.458436518907547,ROBUST,idxq4-64_queryq4-64
1378164668.0_L1,1378164668.0,L1,BACKGROUND,0.0955416709184646,BACKGROUND,idxq4-64_queryq4-64
1378170588.0_H1,1378170588.0,H1,AMBIGUOUS,0.1638272702693939,AMBIGUOUS,idxq4-64_queryq4-64
1378175356.0_H1,1378175356.0,H1,ROBUST,0.4498080015182495,ROBUST,idxq4-64_queryq4-64
1378221308.0_H1,1378221308.0,H1,ROBUST,0.2819219529628753,ROBUST,idxq4-64_queryq4-64
1378222492.0_H1,1378222492.0,H1,ROBUST,0.4379059374332428,ROBUST,idxq4-64_queryq4-64
1378223516.0_H1,1378223516.0,H1,ROBUST,0.4733282625675201,ROBUST,idxq4-64_queryq4-64
1378244828.0_L1,1378244828.0,L1,AMBIGUOUS,0.2161452323198318,AMBIGUOUS,idxq4-64_queryq4-64
1378245148.0_L1,1378245148.0,L1,BACKGROUND,0.088663212954998,BACKGROUND,idxq4-64_queryq4-64
1378245180.0_L1,1378245180.0,L1,BACKGROUND,0.1294391602277755,BACKGROUND,idxq4-64_queryq4-64
1378246108.0_L1,1378246108.0,L1,ROBUST,0.4470106661319732,ROBUST,idxq4-64_queryq4-64
1378265756.0_H1,1378265756.0,H1,ROBUST,0.4460523426532745,ROBUST,idxq4-64_queryq4-64
1378266908.0_H1,1378266908.0,H1,ROBUST,0.4531046450138092,ROBUST,idxq4-64_queryq4-64
1378275548.0_L1,1378275548.0,L1,ROBUST,0.4938924610614776,ROBUST,idxq4-64_queryq4-64
1378276540.0_L1,1378276540.0,L1,BACKGROUND,0.0716096088290214,BACKGROUND,idxq4-64_queryq4-64
1378277980.0_L1,1378277980.0,L1,BACKGROUND,0.0800005570054054,BACKGROUND,idxq4-64_queryq4-64
1378314204.0_H1,1378314204.0,H1,BACKGROUND,0.0961327850818634,BACKGROUND,idxq4-64_queryq4-64
1378314268.0_H1,1378314268.0,H1,AMBIGUOUS,0.182643324136734,AMBIGUOUS,idxq4-64_queryq4-64
1378336796.0_H1,1378336796.0,H1,ROBUST,0.4388483166694641,ROBUST,idxq4-64_queryq4-64
1378336924.0_H1,1378336924.0,H1,ROBUST,0.3986566066741943,ROBUST,idxq4-64_queryq4-64
1378343452.0_L1,1378343452.0,L1,ROBUST,0.41960608959198,ROBUST,idxq4-64_queryq4-64
1378346076.0_L1,1378346076.0,L1,ROBUST,0.414174735546112,ROBUST,idxq4-64_queryq4-64
1378348828.0_L1,1378348828.0,L1,ROBUST,0.4402894377708435,ROBUST,idxq4-64_queryq4-64
1378363804.0_L1,1378363804.0,L1,ROBUST,0.4461957812309265,ROBUST,idxq4-64_queryq4-64
1378366428.0_L1,1378366428.0,L1,BACKGROUND,0.0753406733274459,BACKGROUND,idxq4-64_queryq4-64
1378367740.0_L1,1378367740.0,L1,BACKGROUND,0.1279219537973404,BACKGROUND,idxq4-64_queryq4-64
1378427292.0_L1,1378427292.0,L1,BACKGROUND,0.0695450976490974,BACKGROUND,idxq4-64_queryq4-64
1378430140.0_L1,1378430140.0,L1,ROBUST,0.4503805637359619,ROBUST,idxq4-64_queryq4-64
1378431488.0_L1,1378431488.0,L1,BACKGROUND,0.0652999579906463,BACKGROUND,idxq4-64_queryq4-64
1378434460.0_L1,1378434460.0,L1,BACKGROUND,0.0719183310866355,BACKGROUND,idxq4-64_queryq4-64
1378437532.0_L1,1378437532.0,L1,BACKGROUND,0.0765289738774299,BACKGROUND,idxq4-64_queryq4-64
1378438620.0_L1,1378438620.0,L1,ROBUST,0.4522938132286072,ROBUST,idxq4-64_queryq4-64
1378446044.0_L1,1378446044.0,L1,BACKGROUND,0.0679789558053016,BACKGROUND,idxq4-64_queryq4-64
1378446588.0_L1,1378446588.0,L1,ROBUST,0.435095876455307,ROBUST,idxq4-64_queryq4-64
1378451932.0_L1,1378451932.0,L1,AMBIGUOUS,0.1618302911520004,AMBIGUOUS,idxq4-64_queryq4-64
1378452764.0_L1,1378452764.0,L1,ROBUST,0.4371883869171142,ROBUST,idxq4-64_queryq4-64
1378452924.0_L1,1378452924.0,L1,BACKGROUND,0.0880469530820846,BACKGROUND,idxq4-64_queryq4-64
1378454204.0_L1,1378454204.0,L1,BACKGROUND,0.074076123535633,BACKGROUND,idxq4-64_queryq4-64
1378454908.0_L1,1378454908.0,L1,BACKGROUND,0.086663581430912,BACKGROUND,idxq4-64_queryq4-64
1378461948.0_L1,1378461948.0,L1,BACKGROUND,0.1234821453690528,BACKGROUND,idxq4-64_queryq4-64
1378468352.0_L1,1378468352.0,L1,BACKGROUND,0.0601612962782382,BACKGROUND,idxq4-64_queryq4-64
1378470716.0_L1,1378470716.0,L1,AMBIGUOUS,0.1516252160072326,AMBIGUOUS,idxq4-64_queryq4-64
1378470748.0_L1,1378470748.0,L1,ROBUST,0.2501886487007141,ROBUST,idxq4-64_queryq4-64
1378470780.0_L1,1378470780.0,L1,BACKGROUND,0.1434241682291031,BACKGROUND,idxq4-64_queryq4-64
1378471132.0_L1,1378471132.0,L1,ROBUST,0.4387986361980438,ROBUST,idxq4-64_queryq4-64
1378471260.0_L1,1378471260.0,L1,ROBUST,0.226948544383049,ROBUST,idxq4-64_queryq4-64
1378481852.0_L1,1378481852.0,L1,BACKGROUND,0.0937307476997375,BACKGROUND,idxq4-64_queryq4-64
1378484124.0_L1,1378484124.0,L1,BACKGROUND,0.068481720983982,BACKGROUND,idxq4-64_queryq4-64
1378509212.0_H1,1378509212.0,H1,ROBUST,0.4336325228214264,ROBUST,idxq4-64_queryq4-64
1378509244.0_H1,1378509244.0,H1,ROBUST,0.4222031831741333,ROBUST,idxq4-64_queryq4-64
1378510332.0_H1,1378510332.0,H1,ROBUST,0.4565607011318207,ROBUST,idxq4-64_queryq4-64
1378510876.0_H1,1378510876.0,H1,BACKGROUND,0.1255416423082351,BACKGROUND,idxq4-64_queryq4-64
1378527068.0_H1,1378527068.0,H1,ROBUST,0.4423846006393432,ROBUST,idxq4-64_queryq4-64
1378555868.0_H1,1378555868.0,H1,ROBUST,0.4303983449935913,ROBUST,idxq4-64_queryq4-64
1378556636.0_H1,1378556636.0,H1,ROBUST,0.4388198554515838,ROBUST,idxq4-64_queryq4-64
1378558172.0_H1,1378558172.0,H1,ROBUST,0.4164357781410217,ROBUST,idxq4-64_queryq4-64
1378580572.0_L1,1378580572.0,L1,BACKGROUND,0.0764206051826477,BACKGROUND,idxq4-64_queryq4-64
1378584828.0_L1,1378584828.0,L1,ROBUST,0.3498652875423431,ROBUST,idxq4-64_queryq4-64
1378586076.0_L1,1378586076.0,L1,ROBUST,0.4436373114585876,ROBUST,idxq4-64_queryq4-64
1378603580.0_H1,1378603580.0,H1,AMBIGUOUS,0.1754949241876602,AMBIGUOUS,idxq4-64_queryq4-64
1378609884.0_H1,1378609884.0,H1,ROBUST,0.4506074786186218,ROBUST,idxq4-64_queryq4-64
1378610940.0_H1,1378610940.0,H1,ROBUST,0.4849757552146911,ROBUST,idxq4-64_queryq4-64
1378623964.0_L1,1378623964.0,L1,AMBIGUOUS,0.1991294175386428,AMBIGUOUS,idxq4-64_queryq4-64
1378624764.0_L1,1378624764.0,L1,ROBUST,0.4130482971668243,ROBUST,idxq4-64_queryq4-64
1378624988.0_L1,1378624988.0,L1,BACKGROUND,0.0713069811463356,BACKGROUND,idxq4-64_queryq4-64
1378625948.0_L1,1378625948.0,L1,BACKGROUND,0.0762932002544403,BACKGROUND,idxq4-64_queryq4-64
1378643484.0_H1,1378643484.0,H1,ROBUST,0.4496733844280243,ROBUST,idxq4-64_queryq4-64
1378702364.0_L1,1378702364.0,L1,BACKGROUND,0.0761805176734924,BACKGROUND,idxq4-64_queryq4-64
1378704796.0_L1,1378704796.0,L1,ROBUST,0.4444392919540405,ROBUST,idxq4-64_queryq4-64
1378706556.0_L1,1378706556.0,L1,AMBIGUOUS,0.1966257393360138,AMBIGUOUS,idxq4-64_queryq4-64
1378763292.0_L1,1378763292.0,L1,BACKGROUND,0.0812320560216903,BACKGROUND,idxq4-64_queryq4-64
1378763932.0_L1,1378763932.0,L1,BACKGROUND,0.1298027485609054,BACKGROUND,idxq4-64_queryq4-64
1378765916.0_L1,1378765916.0,L1,ROBUST,0.4225879907608032,ROBUST,idxq4-64_queryq4-64
1378842844.0_L1,1378842844.0,L1,AMBIGUOUS,0.1659285277128219,AMBIGUOUS,idxq4-64_queryq4-64
1378843804.0_L1,1378843804.0,L1,AMBIGUOUS,0.1721964180469513,AMBIGUOUS,idxq4-64_queryq4-64
1378845564.0_L1,1378845564.0,L1,BACKGROUND,0.1409946233034134,BACKGROUND,idxq4-64_queryq4-64
1378921660.0_L1,1378921660.0,L1,ROBUST,0.4376847445964813,ROBUST,idxq4-64_queryq4-64
1378921756.0_L1,1378921756.0,L1,AMBIGUOUS,0.2003736197948455,AMBIGUOUS,idxq4-64_queryq4-64
1378954684.0_L1,1378954684.0,L1,ROBUST,0.3286590874195099,ROBUST,idxq4-64_queryq4-64
1378956988.0_L1,1378956988.0,L1,ROBUST,0.4234275221824646,ROBUST,idxq4-64_queryq4-64
1378972508.0_L1,1378972508.0,L1,ROBUST,0.2516918182373047,ROBUST,idxq4-64_queryq4-64
1378976956.0_L1,1378976956.0,L1,AMBIGUOUS,0.1524389088153839,AMBIGUOUS,idxq4-64_queryq4-64
1379024540.0_H1,1379024540.0,H1,ROBUST,0.4237722754478454,ROBUST,idxq4-64_queryq4-64
1379080604.0_L1,1379080604.0,L1,ROBUST,0.4397974908351898,ROBUST,idxq4-64_queryq4-64
1379089692.0_H1,1379089692.0,H1,ROBUST,0.4551253020763397,ROBUST,idxq4-64_queryq4-64
1379090012.0_H1,1379090012.0,H1,ROBUST,0.4938931167125702,ROBUST,idxq4-64_queryq4-64
1379091260.0_H1,1379091260.0,H1,ROBUST,0.4532018005847931,ROBUST,idxq4-64_queryq4-64
1379094428.0_H1,1379094428.0,H1,BACKGROUND,0.0898608565330505,BACKGROUND,idxq4-64_queryq4-64
1379095964.0_H1,1379095964.0,H1,ROBUST,0.4215632975101471,ROBUST,idxq4-64_queryq4-64
1379097344.0_H1,1379097344.0,H1,BACKGROUND,0.0711820051074028,BACKGROUND,idxq4-64_queryq4-64
1379097948.0_H1,1379097948.0,H1,ROBUST,0.2209780365228653,ROBUST,idxq4-64_queryq4-64
1379144764.0_H1,1379144764.0,H1,BACKGROUND,0.0867215320467948,BACKGROUND,idxq4-64_queryq4-64
1379147740.0_H1,1379147740.0,H1,ROBUST,0.4298604726791382,ROBUST,idxq4-64_queryq4-64
1379148444.0_H1,1379148444.0,H1,ROBUST,0.4581557810306549,ROBUST,idxq4-64_queryq4-64
1379161468.0_L1,1379161468.0,L1,AMBIGUOUS,0.1774154305458068,AMBIGUOUS,idxq4-64_queryq4-64
1379162236.0_L1,1379162236.0,L1,ROBUST,0.420767217874527,ROBUST,idxq4-64_queryq4-64
1379162556.0_L1,1379162556.0,L1,ROBUST,0.4325230419635772,ROBUST,idxq4-64_queryq4-64
1379163516.0_L1,1379163516.0,L1,BACKGROUND,0.1194590106606483,BACKGROUND,idxq4-64_queryq4-64
1379163580.0_L1,1379163580.0,L1,AMBIGUOUS,0.2091376483440399,AMBIGUOUS,idxq4-64_queryq4-64
1379164252.0_L1,1379164252.0,L1,ROBUST,0.4358792304992676,ROBUST,idxq4-64_queryq4-64
1379188700.0_L1,1379188700.0,L1,ROBUST,0.4121301472187042,ROBUST,idxq4-64_queryq4-64
1379188732.0_L1,1379188732.0,L1,AMBIGUOUS,0.1998661607503891,AMBIGUOUS,idxq4-64_queryq4-64
1379191068.0_L1,1379191068.0,L1,BACKGROUND,0.1381304860115051,BACKGROUND,idxq4-64_queryq4-64
1379191612.0_L1,1379191612.0,L1,ROBUST,0.4303367137908935,ROBUST,idxq4-64_queryq4-64
1379198684.0_L1,1379198684.0,L1,ROBUST,0.2333145439624786,ROBUST,idxq4-64_queryq4-64
1379271964.0_H1,1379271964.0,H1,ROBUST,0.4501507878303528,ROBUST,idxq4-64_queryq4-64
1379297404.0_L1,1379297404.0,L1,AMBIGUOUS,0.1988046765327453,AMBIGUOUS,idxq4-64_queryq4-64
1379298748.0_L1,1379298748.0,L1,ROBUST,0.4486325979232788,ROBUST,idxq4-64_queryq4-64
1379328796.0_L1,1379328796.0,L1,ROBUST,0.4719765484333038,ROBUST,idxq4-64_queryq4-64
1379328828.0_L1,1379328828.0,L1,ROBUST,0.435501366853714,ROBUST,idxq4-64_queryq4-64
1379329052.0_L1,1379329052.0,L1,ROBUST,0.2232500314712524,ROBUST,idxq4-64_queryq4-64
1379333468.0_L1,1379333468.0,L1,ROBUST,0.3866372108459472,ROBUST,idxq4-64_queryq4-64
1379337916.0_L1,1379337916.0,L1,AMBIGUOUS,0.2192097008228302,AMBIGUOUS,idxq4-64_queryq4-64
1379339676.0_L1,1379339676.0,L1,AMBIGUOUS,0.1508812606334686,AMBIGUOUS,idxq4-64_queryq4-64
1379340476.0_L1,1379340476.0,L1,AMBIGUOUS,0.1874075978994369,AMBIGUOUS,idxq4-64_queryq4-64
1379342780.0_L1,1379342780.0,L1,AMBIGUOUS,0.1716043800115585,AMBIGUOUS,idxq4-64_queryq4-64
1379342812.0_L1,1379342812.0,L1,AMBIGUOUS,0.1992564350366592,AMBIGUOUS,idxq4-64_queryq4-64
1379343644.0_L1,1379343644.0,L1,BACKGROUND,0.1451658755540847,BACKGROUND,idxq4-64_queryq4-64
1379343772.0_L1,1379343772.0,L1,ROBUST,0.4768042862415313,ROBUST,idxq4-64_queryq4-64
1379346396.0_L1,1379346396.0,L1,ROBUST,0.4102413952350616,ROBUST,idxq4-64_queryq4-64
1379353468.0_L1,1379353468.0,L1,ROBUST,0.4788031876087188,ROBUST,idxq4-64_queryq4-64
1379357820.0_L1,1379357820.0,L1,ROBUST,0.4515986144542694,ROBUST,idxq4-64_queryq4-64
1379362556.0_L1,1379362556.0,L1,ROBUST,0.4474628269672394,ROBUST,idxq4-64_queryq4-64
1379363260.0_L1,1379363260.0,L1,ROBUST,0.434802234172821,ROBUST,idxq4-64_queryq4-64
1379365852.0_L1,1379365852.0,L1,AMBIGUOUS,0.1971491873264312,AMBIGUOUS,idxq4-64_queryq4-64
1379365888.0_L1,1379365888.0,L1,BACKGROUND,0.0641780793666839,BACKGROUND,idxq4-64_queryq4-64
1379368508.0_L1,1379368508.0,L1,ROBUST,0.3223833739757538,ROBUST,idxq4-64_queryq4-64
1379370236.0_L1,1379370236.0,L1,ROBUST,0.3944843709468841,ROBUST,idxq4-64_queryq4-64
1379378076.0_L1,1379378076.0,L1,ROBUST,0.4734072983264923,ROBUST,idxq4-64_queryq4-64
1379417692.0_L1,1379417692.0,L1,ROBUST,0.4252975285053253,ROBUST,idxq4-64_queryq4-64
1379418716.0_L1,1379418716.0,L1,BACKGROUND,0.1415008604526519,BACKGROUND,idxq4-64_queryq4-64
1379419452.0_L1,1379419452.0,L1,ROBUST,0.2553849518299103,ROBUST,idxq4-64_queryq4-64
1379424700.0_L1,1379424700.0,L1,ROBUST,0.4308048188686371,ROBUST,idxq4-64_queryq4-64
1379426268.0_L1,1379426268.0,L1,ROBUST,0.4247959852218628,ROBUST,idxq4-64_queryq4-64
1379426364.0_L1,1379426364.0,L1,AMBIGUOUS,0.1654521971940994,AMBIGUOUS,idxq4-64_queryq4-64
1379430044.0_L1,1379430044.0,L1,AMBIGUOUS,0.1553762406110763,AMBIGUOUS,idxq4-64_queryq4-64
1379430556.0_L1,1379430556.0,L1,AMBIGUOUS,0.1891223341226577,AMBIGUOUS,idxq4-64_queryq4-64
1379430588.0_L1,1379430588.0,L1,BACKGROUND,0.1230342239141464,BACKGROUND,idxq4-64_queryq4-64
1379431036.0_L1,1379431036.0,L1,AMBIGUOUS,0.1761038154363632,AMBIGUOUS,idxq4-64_queryq4-64
1379431292.0_L1,1379431292.0,L1,BACKGROUND,0.1049161404371261,BACKGROUND,idxq4-64_queryq4-64
1379434108.0_L1,1379434108.0,L1,ROBUST,0.4422421157360077,ROBUST,idxq4-64_queryq4-64
1379434140.0_L1,1379434140.0,L1,ROBUST,0.4338932931423187,ROBUST,idxq4-64_queryq4-64
1379447388.0_H1,1379447388.0,H1,ROBUST,0.4166103303432464,ROBUST,idxq4-64_queryq4-64
1379453148.0_H1,1379453148.0,H1,BACKGROUND,0.1284942030906677,BACKGROUND,idxq4-64_queryq4-64
1379463516.0_H1,1379463516.0,H1,ROBUST,0.4346982836723327,ROBUST,idxq4-64_queryq4-64
1379487196.0_L1,1379487196.0,L1,ROBUST,0.2652841508388519,ROBUST,idxq4-64_queryq4-64
1379488092.0_L1,1379488092.0,L1,BACKGROUND,0.1381913125514984,BACKGROUND,idxq4-64_queryq4-64
1379488700.0_L1,1379488700.0,L1,AMBIGUOUS,0.192056119441986,AMBIGUOUS,idxq4-64_queryq4-64
1379489564.0_L1,1379489564.0,L1,ROBUST,0.2660810053348541,ROBUST,idxq4-64_queryq4-64
1379490108.0_L1,1379490108.0,L1,ROBUST,0.438479334115982,ROBUST,idxq4-64_queryq4-64
1379490140.0_L1,1379490140.0,L1,ROBUST,0.4380256235599518,ROBUST,idxq4-64_queryq4-64
1379498396.0_H1,1379498396.0,H1,BACKGROUND,0.1138243004679679,BACKGROUND,idxq4-64_queryq4-64
1379532604.0_L1,1379532604.0,L1,BACKGROUND,0.1377148628234863,BACKGROUND,idxq4-64_queryq4-64
1379536060.0_L1,1379536060.0,L1,ROBUST,0.4342143833637237,ROBUST,idxq4-64_queryq4-64
1379537244.0_L1,1379537244.0,L1,ROBUST,0.3485883176326751,ROBUST,idxq4-64_queryq4-64
1379539708.0_L1,1379539708.0,L1,ROBUST,0.4290454387664795,ROBUST,idxq4-64_queryq4-64
1379616956.0_H1,1379616956.0,H1,ROBUST,0.4513893127441406,ROBUST,idxq4-64_queryq4-64
1379618556.0_H1,1379618556.0,H1,BACKGROUND,0.094259962439537,BACKGROUND,idxq4-64_queryq4-64
1379620188.0_H1,1379620188.0,H1,ROBUST,0.2735192775726318,ROBUST,idxq4-64_queryq4-64
1379621692.0_H1,1379621692.0,H1,AMBIGUOUS,0.1339356303215026,AMBIGUOUS,idxq4-64_queryq4-64
1379626652.0_H1,1379626652.0,H1,ROBUST,0.4243289530277252,ROBUST,idxq4-64_queryq4-64
1379741788.0_L1,1379741788.0,L1,ROBUST,0.423097550868988,ROBUST,idxq4-64_queryq4-64
1379774556.0_H1,1379774556.0,H1,AMBIGUOUS,0.1645645797252655,AMBIGUOUS,idxq4-64_queryq4-64
1379788700.0_L1,1379788700.0,L1,AMBIGUOUS,0.1969638466835022,AMBIGUOUS,idxq4-64_queryq4-64
1379793468.0_L1,1379793468.0,L1,ROBUST,0.2430231720209121,ROBUST,idxq4-64_queryq4-64
1379797020.0_L1,1379797020.0,L1,BACKGROUND,0.1230889931321144,BACKGROUND,idxq4-64_queryq4-64
1379805948.0_L1,1379805948.0,L1,ROBUST,0.4441989362239837,ROBUST,idxq4-64_queryq4-64
1379807164.0_L1,1379807164.0,L1,BACKGROUND,0.0890177264809608,BACKGROUND,idxq4-64_queryq4-64
1379847612.0_L1,1379847612.0,L1,ROBUST,0.4168332517147064,ROBUST,idxq4-64_queryq4-64
1379872764.0_L1,1379872764.0,L1,BACKGROUND,0.0978020653128624,BACKGROUND,idxq4-64_queryq4-64
1379872988.0_L1,1379872988.0,L1,ROBUST,0.4357677102088928,ROBUST,idxq4-64_queryq4-64
1379873852.0_L1,1379873852.0,L1,AMBIGUOUS,0.166859433054924,AMBIGUOUS,idxq4-64_queryq4-64
1379874748.0_L1,1379874748.0,L1,ROBUST,0.4334011375904083,ROBUST,idxq4-64_queryq4-64
1379875932.0_L1,1379875932.0,L1,AMBIGUOUS,0.209689125418663,AMBIGUOUS,idxq4-64_queryq4-64
1379890300.0_L1,1379890300.0,L1,ROBUST,0.4597311019897461,ROBUST,idxq4-64_queryq4-64
1379892156.0_L1,1379892156.0,L1,BACKGROUND,0.1346221566200256,BACKGROUND,idxq4-64_queryq4-64
1379896188.0_L1,1379896188.0,L1,BACKGROUND,0.1461520940065384,BACKGROUND,idxq4-64_queryq4-64
1379898236.0_L1,1379898236.0,L1,ROBUST,0.4380051791667938,ROBUST,idxq4-64_queryq4-64
1379899004.0_L1,1379899004.0,L1,ROBUST,0.3940681219100952,ROBUST,idxq4-64_queryq4-64
1379904380.0_L1,1379904380.0,L1,ROBUST,0.3930528461933136,ROBUST,idxq4-64_queryq4-64
1379908252.0_L1,1379908252.0,L1,ROBUST,0.4543297290802002,ROBUST,idxq4-64_queryq4-64
1379910780.0_L1,1379910780.0,L1,ROBUST,0.2252373099327087,ROBUST,idxq4-64_queryq4-64
1379967068.0_H1,1379967068.0,H1,ROBUST,0.4939397871494293,ROBUST,idxq4-64_queryq4-64
1379969180.0_H1,1379969180.0,H1,ROBUST,0.4383492171764374,ROBUST,idxq4-64_queryq4-64
1379976188.0_H1,1379976188.0,H1,ROBUST,0.4602698683738708,ROBUST,idxq4-64_queryq4-64
1379985948.0_L1,1379985948.0,L1,ROBUST,0.4330902397632599,ROBUST,idxq4-64_queryq4-64
1379987932.0_L1,1379987932.0,L1,AMBIGUOUS,0.1517661660909652,AMBIGUOUS,idxq4-64_queryq4-64
1379996988.0_H1,1379996988.0,H1,BACKGROUND,0.1111669391393661,BACKGROUND,idxq4-64_queryq4-64
1380067548.0_L1,1380067548.0,L1,ROBUST,0.429434210062027,ROBUST,idxq4-64_queryq4-64
1380200796.0_L1,1380200796.0,L1,ROBUST,0.46024289727211,ROBUST,idxq4-64_queryq4-64
1380204828.0_H1,1380204828.0,H1,ROBUST,0.3969263434410095,ROBUST,idxq4-64_queryq4-64
1380205980.0_H1,1380205980.0,H1,AMBIGUOUS,0.168666809797287,AMBIGUOUS,idxq4-64_queryq4-64
1380212732.0_H1,1380212732.0,H1,ROBUST,0.4334537386894226,ROBUST,idxq4-64_queryq4-64
1380223100.0_H1,1380223100.0,H1,ROBUST,0.43525230884552,ROBUST,idxq4-64_queryq4-64
1380224668.0_H1,1380224668.0,H1,AMBIGUOUS,0.192179337143898,AMBIGUOUS,idxq4-64_queryq4-64
1380225212.0_H1,1380225212.0,H1,ROBUST,0.4468037486076355,ROBUST,idxq4-64_queryq4-64
1380236828.0_H1,1380236828.0,H1,AMBIGUOUS,0.183362141251564,AMBIGUOUS,idxq4-64_queryq4-64
1380240220.0_H1,1380240220.0,H1,BACKGROUND,0.1274660378694534,BACKGROUND,idxq4-64_queryq4-64
1380249532.0_L1,1380249532.0,L1,BACKGROUND,0.1059478446841239,BACKGROUND,idxq4-64_queryq4-64
1380370652.0_L1,1380370652.0,L1,BACKGROUND,0.1403080970048904,BACKGROUND,idxq4-64_queryq4-64
1380399676.0_L1,1380399676.0,L1,ROBUST,0.3931731581687927,ROBUST,idxq4-64_queryq4-64
1380411580.0_L1,1380411580.0,L1,ROBUST,0.4367758631706238,ROBUST,idxq4-64_queryq4-64
1380425212.0_L1,1380425212.0,L1,ROBUST,0.4195969998836517,ROBUST,idxq4-64_queryq4-64
1380436828.0_H1,1380436828.0,H1,BACKGROUND,0.1034308522939682,BACKGROUND,idxq4-64_queryq4-64
1380439164.0_H1,1380439164.0,H1,ROBUST,0.4008952975273132,ROBUST,idxq4-64_queryq4-64
1380466236.0_H1,1380466236.0,H1,AMBIGUOUS,0.1607062965631485,AMBIGUOUS,idxq4-64_queryq4-64
1380466268.0_H1,1380466268.0,H1,ROBUST,0.4289047122001648,ROBUST,idxq4-64_queryq4-64
1380467356.0_H1,1380467356.0,H1,BACKGROUND,0.1044594570994377,BACKGROUND,idxq4-64_queryq4-64
1380562492.0_L1,1380562492.0,L1,ROBUST,0.401278018951416,ROBUST,idxq4-64_queryq4-64
1380573628.0_L1,1380573628.0,L1,ROBUST,0.4216553866863251,ROBUST,idxq4-64_queryq4-64
1380574268.0_L1,1380574268.0,L1,AMBIGUOUS,0.1570970863103866,AMBIGUOUS,idxq4-64_queryq4-64
1380577244.0_L1,1380577244.0,L1,ROBUST,0.447622686624527,ROBUST,idxq4-64_queryq4-64
1380577276.0_L1,1380577276.0,L1,ROBUST,0.4734702408313751,ROBUST,idxq4-64_queryq4-64
1380580636.0_L1,1380580636.0,L1,BACKGROUND,0.0975569039583206,BACKGROUND,idxq4-64_queryq4-64
1380595452.0_H1,1380595452.0,H1,BACKGROUND,0.1250566840171814,BACKGROUND,idxq4-64_queryq4-64
1380597404.0_H1,1380597404.0,H1,ROBUST,0.4203514456748962,ROBUST,idxq4-64_queryq4-64
1380601308.0_H1,1380601308.0,H1,AMBIGUOUS,0.1465878188610077,AMBIGUOUS,idxq4-64_queryq4-64
1380695932.0_L1,1380695932.0,L1,BACKGROUND,0.1257310956716537,BACKGROUND,idxq4-64_queryq4-64
1380696124.0_L1,1380696124.0,L1,ROBUST,0.4274992644786834,ROBUST,idxq4-64_queryq4-64
1380755708.0_H1,1380755708.0,H1,ROBUST,0.441748708486557,ROBUST,idxq4-64_queryq4-64
1380767964.0_L1,1380767964.0,L1,ROBUST,0.387433797121048,ROBUST,idxq4-64_queryq4-64
1380769788.0_L1,1380769788.0,L1,ROBUST,0.4217069149017334,ROBUST,idxq4-64_queryq4-64
1380769820.0_L1,1380769820.0,L1,ROBUST,0.3561314344406128,ROBUST,idxq4-64_queryq4-64
1380770108.0_L1,1380770108.0,L1,ROBUST,0.3589068651199341,ROBUST,idxq4-64_queryq4-64
1380772348.0_L1,1380772348.0,L1,ROBUST,0.4217537045478821,ROBUST,idxq4-64_queryq4-64
1380772732.0_L1,1380772732.0,L1,ROBUST,0.3437783122062683,ROBUST,idxq4-64_queryq4-64
1380773404.0_L1,1380773404.0,L1,ROBUST,0.439252108335495,ROBUST,idxq4-64_queryq4-64
1380773532.0_L1,1380773532.0,L1,ROBUST,0.4461238086223602,ROBUST,idxq4-64_queryq4-64
1380773980.0_L1,1380773980.0,L1,AMBIGUOUS,0.1869513541460037,AMBIGUOUS,idxq4-64_queryq4-64
1380774108.0_L1,1380774108.0,L1,ROBUST,0.3983762264251709,ROBUST,idxq4-64_queryq4-64
1380774204.0_L1,1380774204.0,L1,ROBUST,0.4355224668979645,ROBUST,idxq4-64_queryq4-64
1380774780.0_L1,1380774780.0,L1,ROBUST,0.4203133285045624,ROBUST,idxq4-64_queryq4-64
1380774844.0_L1,1380774844.0,L1,AMBIGUOUS,0.2085999399423599,AMBIGUOUS,idxq4-64_queryq4-64
1380774972.0_L1,1380774972.0,L1,ROBUST,0.3133766949176788,ROBUST,idxq4-64_queryq4-64
1380775196.0_L1,1380775196.0,L1,ROBUST,0.4436934888362884,ROBUST,idxq4-64_queryq4-64
1380775228.0_L1,1380775228.0,L1,ROBUST,0.4232296645641327,ROBUST,idxq4-64_queryq4-64
1380775324.0_L1,1380775324.0,L1,AMBIGUOUS,0.2138411998748779,AMBIGUOUS,idxq4-64_queryq4-64
1380775356.0_L1,1380775356.0,L1,ROBUST,0.3987337946891784,ROBUST,idxq4-64_queryq4-64
1380784284.0_L1,1380784284.0,L1,ROBUST,0.4442543685436249,ROBUST,idxq4-64_queryq4-64
1380784732.0_L1,1380784732.0,L1,BACKGROUND,0.1417170017957687,BACKGROUND,idxq4-64_queryq4-64
1380785468.0_L1,1380785468.0,L1,ROBUST,0.4211905300617218,ROBUST,idxq4-64_queryq4-64
1380785692.0_L1,1380785692.0,L1,ROBUST,0.4341287612915039,ROBUST,idxq4-64_queryq4-64
1380786812.0_L1,1380786812.0,L1,ROBUST,0.4438872337341308,ROBUST,idxq4-64_queryq4-64
1380787964.0_L1,1380787964.0,L1,ROBUST,0.4464907348155975,ROBUST,idxq4-64_queryq4-64
1380832028.0_H1,1380832028.0,H1,BACKGROUND,0.0960739478468895,BACKGROUND,idxq4-64_queryq4-64
1380833788.0_H1,1380833788.0,H1,ROBUST,0.4516073167324066,ROBUST,idxq4-64_queryq4-64
1380834172.0_H1,1380834172.0,H1,ROBUST,0.4409174621105194,ROBUST,idxq4-64_queryq4-64
1380854172.0_L1,1380854172.0,L1,ROBUST,0.4296740293502807,ROBUST,idxq4-64_queryq4-64
1380856700.0_L1,1380856700.0,L1,ROBUST,0.4369570612907409,ROBUST,idxq4-64_queryq4-64
1380864380.0_L1,1380864380.0,L1,ROBUST,0.4278951585292816,ROBUST,idxq4-64_queryq4-64
1380882428.0_H1,1380882428.0,H1,ROBUST,0.4031990170478821,ROBUST,idxq4-64_queryq4-64
1380894300.0_H1,1380894300.0,H1,ROBUST,0.4503651261329651,ROBUST,idxq4-64_queryq4-64
1380896796.0_H1,1380896796.0,H1,ROBUST,0.4221146702766418,ROBUST,idxq4-64_queryq4-64
1380897788.0_H1,1380897788.0,H1,ROBUST,0.4539077877998352,ROBUST,idxq4-64_queryq4-64
1380900636.0_H1,1380900636.0,H1,ROBUST,0.4275749325752258,ROBUST,idxq4-64_queryq4-64
1380901916.0_H1,1380901916.0,H1,AMBIGUOUS,0.1604659855365753,AMBIGUOUS,idxq4-64_queryq4-64
1380904060.0_H1,1380904060.0,H1,AMBIGUOUS,0.1367119401693344,AMBIGUOUS,idxq4-64_queryq4-64
1380906268.0_H1,1380906268.0,H1,BACKGROUND,0.1237018704414367,BACKGROUND,idxq4-64_queryq4-64
1380914684.0_H1,1380914684.0,H1,BACKGROUND,0.1055685654282569,BACKGROUND,idxq4-64_queryq4-64
1380914940.0_H1,1380914940.0,H1,ROBUST,0.4594244956970215,ROBUST,idxq4-64_queryq4-64
1380917276.0_H1,1380917276.0,H1,ROBUST,0.413122683763504,ROBUST,idxq4-64_queryq4-64
1380969660.0_H1,1380969660.0,H1,ROBUST,0.2369727194309234,ROBUST,idxq4-64_queryq4-64
1381075388.0_L1,1381075388.0,L1,ROBUST,0.4750942885875702,ROBUST,idxq4-64_queryq4-64
1381075644.0_L1,1381075644.0,L1,ROBUST,0.432744413614273,ROBUST,idxq4-64_queryq4-64
1381121564.0_H1,1381121564.0,H1,ROBUST,0.4708461761474609,ROBUST,idxq4-64_queryq4-64
1381122108.0_H1,1381122108.0,H1,ROBUST,0.4065981805324554,ROBUST,idxq4-64_queryq4-64
1381133500.0_H1,1381133500.0,H1,ROBUST,0.4322049915790558,ROBUST,idxq4-64_queryq4-64
1381137148.0_H1,1381137148.0,H1,ROBUST,0.434521347284317,ROBUST,idxq4-64_queryq4-64
1381138108.0_H1,1381138108.0,H1,ROBUST,0.3688165545463562,ROBUST,idxq4-64_queryq4-64
1381139612.0_H1,1381139612.0,H1,BACKGROUND,0.1273123323917389,BACKGROUND,idxq4-64_queryq4-64
1381141532.0_H1,1381141532.0,H1,ROBUST,0.4380707144737243,ROBUST,idxq4-64_queryq4-64
1381147804.0_H1,1381147804.0,H1,ROBUST,0.4346142709255218,ROBUST,idxq4-64_queryq4-64
1381154076.0_H1,1381154076.0,H1,BACKGROUND,0.1222719997167587,BACKGROUND,idxq4-64_queryq4-64
1381157788.0_H1,1381157788.0,H1,BACKGROUND,0.1044392883777618,BACKGROUND,idxq4-64_queryq4-64
1381158460.0_H1,1381158460.0,H1,BACKGROUND,0.1112561821937561,BACKGROUND,idxq4-64_queryq4-64
1381199548.0_H1,1381199548.0,H1,ROBUST,0.428933322429657,ROBUST,idxq4-64_queryq4-64
1381203356.0_H1,1381203356.0,H1,ROBUST,0.4781154096126556,ROBUST,idxq4-64_queryq4-64
1381206460.0_H1,1381206460.0,H1,BACKGROUND,0.1175186485052108,BACKGROUND,idxq4-64_queryq4-64
1381379804.0_H1,1381379804.0,H1,AMBIGUOUS,0.1954371929168701,AMBIGUOUS,idxq4-64_queryq4-64
1381392252.0_H1,1381392252.0,H1,BACKGROUND,0.1067993342876434,BACKGROUND,idxq4-64_queryq4-64
1381462940.0_L1,1381462940.0,L1,ROBUST,0.4317949414253235,ROBUST,idxq4-64_queryq4-64
1381463324.0_L1,1381463324.0,L1,ROBUST,0.4174442887306213,ROBUST,idxq4-64_queryq4-64
1381501916.0_L1,1381501916.0,L1,ROBUST,0.439520388841629,ROBUST,idxq4-64_queryq4-64
1381513532.0_H1,1381513532.0,H1,BACKGROUND,0.1133657172322273,BACKGROUND,idxq4-64_queryq4-64
1381520060.0_H1,1381520060.0,H1,BACKGROUND,0.103906825184822,BACKGROUND,idxq4-64_queryq4-64
1381520540.0_H1,1381520540.0,H1,BACKGROUND,0.0921023339033126,BACKGROUND,idxq4-64_queryq4-64
1381559292.0_H1,1381559292.0,H1,BACKGROUND,0.1012737303972244,BACKGROUND,idxq4-64_queryq4-64
1381559356.0_H1,1381559356.0,H1,ROBUST,0.463113933801651,ROBUST,idxq4-64_queryq4-64
1381561788.0_H1,1381561788.0,H1,BACKGROUND,0.0840839818120002,BACKGROUND,idxq4-64_queryq4-64
1381564924.0_H1,1381564924.0,H1,ROBUST,0.4434534609317779,ROBUST,idxq4-64_queryq4-64
1381564956.0_H1,1381564956.0,H1,BACKGROUND,0.0971565917134285,BACKGROUND,idxq4-64_queryq4-64
1381586716.0_H1,1381586716.0,H1,AMBIGUOUS,0.1558111310005188,AMBIGUOUS,idxq4-64_queryq4-64
1381587196.0_H1,1381587196.0,H1,AMBIGUOUS,0.1388981789350509,AMBIGUOUS,idxq4-64_queryq4-64
1381607004.0_L1,1381607004.0,L1,ROBUST,0.4274261891841888,ROBUST,idxq4-64_queryq4-64
1381610108.0_L1,1381610108.0,L1,AMBIGUOUS,0.1851503998041153,AMBIGUOUS,idxq4-64_queryq4-64
1381617020.0_L1,1381617020.0,L1,AMBIGUOUS,0.204901784658432,AMBIGUOUS,idxq4-64_queryq4-64
1381617084.0_L1,1381617084.0,L1,ROBUST,0.3031192421913147,ROBUST,idxq4-64_queryq4-64
1381630844.0_L1,1381630844.0,L1,ROBUST,0.4483583569526672,ROBUST,idxq4-64_queryq4-64
1381634524.0_L1,1381634524.0,L1,ROBUST,0.4310923814773559,ROBUST,idxq4-64_queryq4-64
1381682940.0_L1,1381682940.0,L1,ROBUST,0.443610817193985,ROBUST,idxq4-64_queryq4-64
1381757436.0_H1,1381757436.0,H1,ROBUST,0.4379569292068481,ROBUST,idxq4-64_queryq4-64
1381758524.0_H1,1381758524.0,H1,ROBUST,0.4005224108695984,ROBUST,idxq4-64_queryq4-64
1381777020.0_L1,1381777020.0,L1,ROBUST,0.4244611859321594,ROBUST,idxq4-64_queryq4-64
1381778940.0_L1,1381778940.0,L1,ROBUST,0.3821496069431305,ROBUST,idxq4-64_queryq4-64
1381912380.0_L1,1381912380.0,L1,ROBUST,0.4280070662498474,ROBUST,idxq4-64_queryq4-64
1381913788.0_L1,1381913788.0,L1,AMBIGUOUS,0.1751996725797653,AMBIGUOUS,idxq4-64_queryq4-64
1381916412.0_L1,1381916412.0,L1,AMBIGUOUS,0.1785204708576202,AMBIGUOUS,idxq4-64_queryq4-64
1381924444.0_L1,1381924444.0,L1,ROBUST,0.2289365977048874,ROBUST,idxq4-64_queryq4-64
1381925564.0_L1,1381925564.0,L1,AMBIGUOUS,0.1554479300975799,AMBIGUOUS,idxq4-64_queryq4-64
1381927388.0_L1,1381927388.0,L1,AMBIGUOUS,0.2174548506736755,AMBIGUOUS,idxq4-64_queryq4-64
1381931516.0_L1,1381931516.0,L1,BACKGROUND,0.1285023987293243,BACKGROUND,idxq4-64_queryq4-64
1381933020.0_L1,1381933020.0,L1,ROBUST,0.4212923049926758,ROBUST,idxq4-64_queryq4-64
1381934812.0_L1,1381934812.0,L1,AMBIGUOUS,0.1939609199762344,AMBIGUOUS,idxq4-64_queryq4-64
1381939676.0_L1,1381939676.0,L1,ROBUST,0.4422785639762878,ROBUST,idxq4-64_queryq4-64
1381941692.0_L1,1381941692.0,L1,BACKGROUND,0.1232557296752929,BACKGROUND,idxq4-64_queryq4-64
1381943676.0_L1,1381943676.0,L1,ROBUST,0.4358856678009033,ROBUST,idxq4-64_queryq4-64
1381944380.0_L1,1381944380.0,L1,ROBUST,0.450121521949768,ROBUST,idxq4-64_queryq4-64
1381944668.0_L1,1381944668.0,L1,ROBUST,0.4129151701927185,ROBUST,idxq4-64_queryq4-64
1381951484.0_L1,1381951484.0,L1,AMBIGUOUS,0.2057350575923919,AMBIGUOUS,idxq4-64_queryq4-64
1381952508.0_L1,1381952508.0,L1,ROBUST,0.428699254989624,ROBUST,idxq4-64_queryq4-64
1381960444.0_L1,1381960444.0,L1,AMBIGUOUS,0.1703466325998306,AMBIGUOUS,idxq4-64_queryq4-64
1381963740.0_L1,1381963740.0,L1,AMBIGUOUS,0.1850736886262893,AMBIGUOUS,idxq4-64_queryq4-64
1381963772.0_L1,1381963772.0,L1,AMBIGUOUS,0.1664893478155136,AMBIGUOUS,idxq4-64_queryq4-64
1381985948.0_H1,1381985948.0,H1,BACKGROUND,0.101587489247322,BACKGROUND,idxq4-64_queryq4-64
1381987292.0_H1,1381987292.0,H1,BACKGROUND,0.1049211472272872,BACKGROUND,idxq4-64_queryq4-64
1381989084.0_H1,1381989084.0,H1,BACKGROUND,0.1037873178720474,BACKGROUND,idxq4-64_queryq4-64
1381991996.0_H1,1381991996.0,H1,AMBIGUOUS,0.1320525407791137,AMBIGUOUS,idxq4-64_queryq4-64
1382055004.0_H1,1382055004.0,H1,AMBIGUOUS,0.1378549486398697,AMBIGUOUS,idxq4-64_queryq4-64
1382055804.0_H1,1382055804.0,H1,ROBUST,0.4252574741840362,ROBUST,idxq4-64_queryq4-64
1382058940.0_H1,1382058940.0,H1,AMBIGUOUS,0.191852405667305,AMBIGUOUS,idxq4-64_queryq4-64
1382060860.0_H1,1382060860.0,H1,BACKGROUND,0.1109766960144043,BACKGROUND,idxq4-64_queryq4-64
1382064412.0_H1,1382064412.0,H1,BACKGROUND,0.1182799041271209,BACKGROUND,idxq4-64_queryq4-64
1382068956.0_H1,1382068956.0,H1,ROBUST,0.4071034789085388,ROBUST,idxq4-64_queryq4-64
1382075516.0_H1,1382075516.0,H1,ROBUST,0.4109579026699066,ROBUST,idxq4-64_queryq4-64
1382078780.0_H1,1382078780.0,H1,AMBIGUOUS,0.1307246685028076,AMBIGUOUS,idxq4-64_queryq4-64
1382088988.0_H1,1382088988.0,H1,ROBUST,0.4250181019306183,ROBUST,idxq4-64_queryq4-64
1382095484.0_H1,1382095484.0,H1,ROBUST,0.454594999551773,ROBUST,idxq4-64_queryq4-64
1382095516.0_H1,1382095516.0,H1,ROBUST,0.4246876537799835,ROBUST,idxq4-64_queryq4-64
1382096828.0_H1,1382096828.0,H1,ROBUST,0.2075165659189224,ROBUST,idxq4-64_queryq4-64
1382104700.0_H1,1382104700.0,H1,BACKGROUND,0.1079016551375389,BACKGROUND,idxq4-64_queryq4-64
1382109724.0_H1,1382109724.0,H1,AMBIGUOUS,0.1304831206798553,AMBIGUOUS,idxq4-64_queryq4-64
1382121628.0_H1,1382121628.0,H1,ROBUST,0.4382845461368561,ROBUST,idxq4-64_queryq4-64
1382138684.0_H1,1382138684.0,H1,ROBUST,0.4064421355724334,ROBUST,idxq4-64_queryq4-64
1382138876.0_H1,1382138876.0,H1,ROBUST,0.4074904024600982,ROBUST,idxq4-64_queryq4-64
1382144220.0_H1,1382144220.0,H1,ROBUST,0.4788955748081207,ROBUST,idxq4-64_queryq4-64
1382176892.0_H1,1382176892.0,H1,BACKGROUND,0.1118672490119934,BACKGROUND,idxq4-64_queryq4-64
1382186652.0_H1,1382186652.0,H1,ROBUST,0.417274922132492,ROBUST,idxq4-64_queryq4-64
1382228508.0_L1,1382228508.0,L1,ROBUST,0.4268054962158203,ROBUST,idxq4-64_queryq4-64
1382228540.0_L1,1382228540.0,L1,ROBUST,0.4431031048297882,ROBUST,idxq4-64_queryq4-64
1382235964.0_L1,1382235964.0,L1,AMBIGUOUS,0.1634881347417831,AMBIGUOUS,idxq4-64_queryq4-64
1382263196.0_H1,1382263196.0,H1,ROBUST,0.4415847659111023,ROBUST,idxq4-64_queryq4-64
1382264220.0_H1,1382264220.0,H1,BACKGROUND,0.1200976967811584,BACKGROUND,idxq4-64_queryq4-64
1382268252.0_H1,1382268252.0,H1,ROBUST,0.4132586121559143,ROBUST,idxq4-64_queryq4-64
1382269436.0_H1,1382269436.0,H1,ROBUST,0.2464274019002914,ROBUST,idxq4-64_queryq4-64
1382310716.0_L1,1382310716.0,L1,ROBUST,0.4511533379554748,ROBUST,idxq4-64_queryq4-64
1382317244.0_L1,1382317244.0,L1,BACKGROUND,0.1215276420116424,BACKGROUND,idxq4-64_queryq4-64
1382326204.0_L1,1382326204.0,L1,BACKGROUND,0.1218875423073768,BACKGROUND,idxq4-64_queryq4-64
1382327708.0_L1,1382327708.0,L1,ROBUST,0.3900653719902038,ROBUST,idxq4-64_queryq4-64
1382330940.0_L1,1382330940.0,L1,BACKGROUND,0.1475940644741058,BACKGROUND,idxq4-64_queryq4-64
1382357596.0_L1,1382357596.0,L1,BACKGROUND,0.1304954886436462,BACKGROUND,idxq4-64_queryq4-64
1382383996.0_H1,1382383996.0,H1,AMBIGUOUS,0.1439486891031265,AMBIGUOUS,idxq4-64_queryq4-64
1382390492.0_H1,1382390492.0,H1,AMBIGUOUS,0.2022404372692108,AMBIGUOUS,idxq4-64_queryq4-64
1382418684.0_H1,1382418684.0,H1,ROBUST,0.4690874218940735,ROBUST,idxq4-64_queryq4-64
1382421372.0_H1,1382421372.0,H1,BACKGROUND,0.122509479522705,BACKGROUND,idxq4-64_queryq4-64
1382424604.0_H1,1382424604.0,H1,AMBIGUOUS,0.1575231403112411,AMBIGUOUS,idxq4-64_queryq4-64
1382424796.0_H1,1382424796.0,H1,ROBUST,0.4353172481060028,ROBUST,idxq4-64_queryq4-64
1382427420.0_H1,1382427420.0,H1,AMBIGUOUS,0.1718113273382187,AMBIGUOUS,idxq4-64_queryq4-64
1382445852.0_H1,1382445852.0,H1,AMBIGUOUS,0.1327994614839553,AMBIGUOUS,idxq4-64_queryq4-64
1382447644.0_H1,1382447644.0,H1,ROBUST,0.4540590643882751,ROBUST,idxq4-64_queryq4-64
1382583324.0_L1,1382583324.0,L1,ROBUST,0.4229745864868164,ROBUST,idxq4-64_queryq4-64
1382595004.0_L1,1382595004.0,L1,AMBIGUOUS,0.1570524275302887,AMBIGUOUS,idxq4-64_queryq4-64
1382637692.0_L1,1382637692.0,L1,ROBUST,0.2543997466564178,ROBUST,idxq4-64_queryq4-64
1382681756.0_H1,1382681756.0,H1,ROBUST,0.4271213412284851,ROBUST,idxq4-64_queryq4-64
1382690204.0_L1,1382690204.0,L1,ROBUST,0.4366093277931213,ROBUST,idxq4-64_queryq4-64
1382690652.0_L1,1382690652.0,L1,ROBUST,0.4290297329425812,ROBUST,idxq4-64_queryq4-64
1382691132.0_L1,1382691132.0,L1,ROBUST,0.4193331301212311,ROBUST,idxq4-64_queryq4-64
1382691196.0_L1,1382691196.0,L1,BACKGROUND,0.1390245109796524,BACKGROUND,idxq4-64_queryq4-64
1382691836.0_L1,1382691836.0,L1,ROBUST,0.4235601723194122,ROBUST,idxq4-64_queryq4-64
1382691900.0_L1,1382691900.0,L1,BACKGROUND,0.1309406608343124,BACKGROUND,idxq4-64_queryq4-64
1382691964.0_L1,1382691964.0,L1,ROBUST,0.401139885187149,ROBUST,idxq4-64_queryq4-64
1382693820.0_L1,1382693820.0,L1,BACKGROUND,0.1243743225932121,BACKGROUND,idxq4-64_queryq4-64
1382693884.0_L1,1382693884.0,L1,AMBIGUOUS,0.1957977265119552,AMBIGUOUS,idxq4-64_queryq4-64
1382694108.0_L1,1382694108.0,L1,ROBUST,0.4273760318756103,ROBUST,idxq4-64_queryq4-64
1382694396.0_L1,1382694396.0,L1,AMBIGUOUS,0.2023692280054092,AMBIGUOUS,idxq4-64_queryq4-64
1382694492.0_L1,1382694492.0,L1,ROBUST,0.394233226776123,ROBUST,idxq4-64_queryq4-64
1382694588.0_L1,1382694588.0,L1,ROBUST,0.4038628339767456,ROBUST,idxq4-64_queryq4-64
1382694620.0_L1,1382694620.0,L1,ROBUST,0.2863613665103912,ROBUST,idxq4-64_queryq4-64
1382694972.0_L1,1382694972.0,L1,BACKGROUND,0.1386738866567611,BACKGROUND,idxq4-64_queryq4-64
1382695036.0_L1,1382695036.0,L1,ROBUST,0.4104948341846466,ROBUST,idxq4-64_queryq4-64
1382695388.0_L1,1382695388.0,L1,ROBUST,0.335125058889389,ROBUST,idxq4-64_queryq4-64
1382695644.0_L1,1382695644.0,L1,ROBUST,0.4324012100696563,ROBUST,idxq4-64_queryq4-64
1382696028.0_L1,1382696028.0,L1,ROBUST,0.3078148066997528,ROBUST,idxq4-64_queryq4-64
1382696444.0_L1,1382696444.0,L1,ROBUST,0.4646059870719909,ROBUST,idxq4-64_queryq4-64
1382696732.0_L1,1382696732.0,L1,ROBUST,0.4326631128787994,ROBUST,idxq4-64_queryq4-64
1382697852.0_L1,1382697852.0,L1,ROBUST,0.4588793218135834,ROBUST,idxq4-64_queryq4-64
1382698076.0_L1,1382698076.0,L1,ROBUST,0.3183125555515289,ROBUST,idxq4-64_queryq4-64
1382717116.0_H1,1382717116.0,H1,ROBUST,0.4679549932479858,ROBUST,idxq4-64_queryq4-64
1382718460.0_H1,1382718460.0,H1,BACKGROUND,0.1091711074113845,BACKGROUND,idxq4-64_queryq4-64
1382726268.0_H1,1382726268.0,H1,BACKGROUND,0.1250988990068435,BACKGROUND,idxq4-64_queryq4-64
1382728732.0_H1,1382728732.0,H1,BACKGROUND,0.1056236699223518,BACKGROUND,idxq4-64_queryq4-64
1382747164.0_H1,1382747164.0,H1,ROBUST,0.4353368878364563,ROBUST,idxq4-64_queryq4-64
1382747196.0_H1,1382747196.0,H1,ROBUST,0.4612010717391968,ROBUST,idxq4-64_queryq4-64
1382750332.0_H1,1382750332.0,H1,BACKGROUND,0.089893914759159,BACKGROUND,idxq4-64_queryq4-64
1382751740.0_H1,1382751740.0,H1,BACKGROUND,0.1136044934391975,BACKGROUND,idxq4-64_queryq4-64
1382753148.0_H1,1382753148.0,H1,ROBUST,0.3954078555107116,ROBUST,idxq4-64_queryq4-64
1382755388.0_H1,1382755388.0,H1,AMBIGUOUS,0.1711189299821853,AMBIGUOUS,idxq4-64_queryq4-64
1382756156.0_H1,1382756156.0,H1,ROBUST,0.447445660829544,ROBUST,idxq4-64_queryq4-64
1382758652.0_H1,1382758652.0,H1,ROBUST,0.4270835816860199,ROBUST,idxq4-64_queryq4-64
1382765084.0_H1,1382765084.0,H1,BACKGROUND,0.0910860896110534,BACKGROUND,idxq4-64_queryq4-64
1382767292.0_H1,1382767292.0,H1,BACKGROUND,0.1011148989200592,BACKGROUND,idxq4-64_queryq4-64
1382769436.0_H1,1382769436.0,H1,BACKGROUND,0.0904483273625373,BACKGROUND,idxq4-64_queryq4-64
1382772412.0_H1,1382772412.0,H1,ROBUST,0.4193689227104187,ROBUST,idxq4-64_queryq4-64
1382773084.0_H1,1382773084.0,H1,BACKGROUND,0.0976935401558876,BACKGROUND,idxq4-64_queryq4-64
1382773916.0_H1,1382773916.0,H1,BACKGROUND,0.095679759979248,BACKGROUND,idxq4-64_queryq4-64
1382776476.0_H1,1382776476.0,H1,BACKGROUND,0.0839583128690719,BACKGROUND,idxq4-64_queryq4-64
1382777372.0_H1,1382777372.0,H1,BACKGROUND,0.1095911338925361,BACKGROUND,idxq4-64_queryq4-64
1382782524.0_H1,1382782524.0,H1,BACKGROUND,0.1183340102434158,BACKGROUND,idxq4-64_queryq4-64
1382783516.0_H1,1382783516.0,H1,ROBUST,0.3648315370082855,ROBUST,idxq4-64_queryq4-64
1382783900.0_H1,1382783900.0,H1,ROBUST,0.4260033369064331,ROBUST,idxq4-64_queryq4-64
1382785084.0_H1,1382785084.0,H1,ROBUST,0.4163794219493866,ROBUST,idxq4-64_queryq4-64
1382894268.0_H1,1382894268.0,H1,BACKGROUND,0.0893862098455429,BACKGROUND,idxq4-64_queryq4-64
1382922876.0_H1,1382922876.0,H1,ROBUST,0.4607661664485931,ROBUST,idxq4-64_queryq4-64
1382922908.0_H1,1382922908.0,H1,ROBUST,0.4413717985153198,ROBUST,idxq4-64_queryq4-64
1382923612.0_H1,1382923612.0,H1,BACKGROUND,0.0818674713373184,BACKGROUND,idxq4-64_queryq4-64
1382923932.0_H1,1382923932.0,H1,AMBIGUOUS,0.1547250151634216,AMBIGUOUS,idxq4-64_queryq4-64
1382925148.0_H1,1382925148.0,H1,BACKGROUND,0.1153350695967674,BACKGROUND,idxq4-64_queryq4-64
1382925564.0_H1,1382925564.0,H1,ROBUST,0.4169925153255462,ROBUST,idxq4-64_queryq4-64
1382935484.0_H1,1382935484.0,H1,ROBUST,0.2568248510360718,ROBUST,idxq4-64_queryq4-64
1382972924.0_H1,1382972924.0,H1,AMBIGUOUS,0.1514633893966674,AMBIGUOUS,idxq4-64_queryq4-64
1383019264.0_L1,1383019264.0,L1,BACKGROUND,0.0558619834482669,BACKGROUND,idxq4-64_queryq4-64
1383021916.0_L1,1383021916.0,L1,ROBUST,0.4725521802902221,ROBUST,idxq4-64_queryq4-64
1383024412.0_L1,1383024412.0,L1,ROBUST,0.3090892136096954,ROBUST,idxq4-64_queryq4-64
1383029532.0_L1,1383029532.0,L1,ROBUST,0.428170770406723,ROBUST,idxq4-64_queryq4-64
1383031932.0_H1,1383031932.0,H1,BACKGROUND,0.0952617973089218,BACKGROUND,idxq4-64_queryq4-64
1383038908.0_H1,1383038908.0,H1,AMBIGUOUS,0.1370075792074203,AMBIGUOUS,idxq4-64_queryq4-64
1383040380.0_H1,1383040380.0,H1,BACKGROUND,0.0982388257980346,BACKGROUND,idxq4-64_queryq4-64
1383050524.0_L1,1383050524.0,L1,AMBIGUOUS,0.1731438636779785,AMBIGUOUS,idxq4-64_queryq4-64
1383051836.0_L1,1383051836.0,L1,ROBUST,0.4212692379951477,ROBUST,idxq4-64_queryq4-64
1383052636.0_L1,1383052636.0,L1,BACKGROUND,0.1496046632528305,BACKGROUND,idxq4-64_queryq4-64
1383052796.0_L1,1383052796.0,L1,BACKGROUND,0.1074230819940567,BACKGROUND,idxq4-64_queryq4-64
1383053340.0_L1,1383053340.0,L1,BACKGROUND,0.106355644762516,BACKGROUND,idxq4-64_queryq4-64
1383054172.0_L1,1383054172.0,L1,AMBIGUOUS,0.208165556192398,AMBIGUOUS,idxq4-64_queryq4-64
1383054620.0_L1,1383054620.0,L1,ROBUST,0.4465970993041992,ROBUST,idxq4-64_queryq4-64
1383075196.0_H1,1383075196.0,H1,ROBUST,0.3117556869983673,ROBUST,idxq4-64_queryq4-64
1383075324.0_H1,1383075324.0,H1,ROBUST,0.4580017924308777,ROBUST,idxq4-64_queryq4-64
1383087452.0_L1,1383087452.0,L1,BACKGROUND,0.1095080971717834,BACKGROUND,idxq4-64_queryq4-64
1383087484.0_L1,1383087484.0,L1,AMBIGUOUS,0.1796221137046814,AMBIGUOUS,idxq4-64_queryq4-64
1383090012.0_L1,1383090012.0,L1,BACKGROUND,0.1018759086728096,BACKGROUND,idxq4-64_queryq4-64
1383090396.0_L1,1383090396.0,L1,AMBIGUOUS,0.1620096415281295,AMBIGUOUS,idxq4-64_queryq4-64
1383091772.0_L1,1383091772.0,L1,BACKGROUND,0.1336752772331237,BACKGROUND,idxq4-64_queryq4-64
1383093084.0_L1,1383093084.0,L1,ROBUST,0.4415523707866668,ROBUST,idxq4-64_queryq4-64
1383096444.0_L1,1383096444.0,L1,BACKGROUND,0.1175727322697639,BACKGROUND,idxq4-64_queryq4-64
1383097308.0_L1,1383097308.0,L1,BACKGROUND,0.1179461479187011,BACKGROUND,idxq4-64_queryq4-64
1383097404.0_L1,1383097404.0,L1,BACKGROUND,0.1403677314519882,BACKGROUND,idxq4-64_queryq4-64
1383099676.0_L1,1383099676.0,L1,ROBUST,0.4380837678909302,ROBUST,idxq4-64_queryq4-64
1383100956.0_L1,1383100956.0,L1,ROBUST,0.4238599836826324,ROBUST,idxq4-64_queryq4-64
1383102428.0_L1,1383102428.0,L1,ROBUST,0.2637933492660522,ROBUST,idxq4-64_queryq4-64
1383102812.0_L1,1383102812.0,L1,ROBUST,0.3660151660442352,ROBUST,idxq4-64_queryq4-64
1383173244.0_H1,1383173244.0,H1,ROBUST,0.4312161207199096,ROBUST,idxq4-64_queryq4-64
1383176476.0_H1,1383176476.0,H1,BACKGROUND,0.0855150893330574,BACKGROUND,idxq4-64_queryq4-64
1383177020.0_H1,1383177020.0,H1,BACKGROUND,0.0944633930921554,BACKGROUND,idxq4-64_queryq4-64
1383177212.0_H1,1383177212.0,H1,ROBUST,0.4180427491664886,ROBUST,idxq4-64_queryq4-64
1383177276.0_H1,1383177276.0,H1,BACKGROUND,0.1068467274308204,BACKGROUND,idxq4-64_queryq4-64
1383177340.0_H1,1383177340.0,H1,ROBUST,0.4377580285072326,ROBUST,idxq4-64_queryq4-64
1383178844.0_H1,1383178844.0,H1,BACKGROUND,0.0931952968239784,BACKGROUND,idxq4-64_queryq4-64
1383180572.0_H1,1383180572.0,H1,ROBUST,0.4231426417827606,ROBUST,idxq4-64_queryq4-64
1383192860.0_L1,1383192860.0,L1,ROBUST,0.2237647026777267,ROBUST,idxq4-64_queryq4-64
1383203452.0_L1,1383203452.0,L1,BACKGROUND,0.1158761158585548,BACKGROUND,idxq4-64_queryq4-64
1383203932.0_L1,1383203932.0,L1,BACKGROUND,0.1279101371765136,BACKGROUND,idxq4-64_queryq4-64
1383207644.0_L1,1383207644.0,L1,ROBUST,0.447670042514801,ROBUST,idxq4-64_queryq4-64
1383207680.0_L1,1383207680.0,L1,BACKGROUND,0.0659228041768074,BACKGROUND,idxq4-64_queryq4-64
1383208412.0_L1,1383208412.0,L1,ROBUST,0.4110594093799591,ROBUST,idxq4-64_queryq4-64
1383211132.0_L1,1383211132.0,L1,ROBUST,0.4209189116954803,ROBUST,idxq4-64_queryq4-64
1383213404.0_L1,1383213404.0,L1,ROBUST,0.4230265021324157,ROBUST,idxq4-64_queryq4-64
1383214684.0_L1,1383214684.0,L1,ROBUST,0.4180232882499695,ROBUST,idxq4-64_queryq4-64
1383227804.0_L1,1383227804.0,L1,ROBUST,0.4532392621040344,ROBUST,idxq4-64_queryq4-64
1383229148.0_L1,1383229148.0,L1,AMBIGUOUS,0.1505543142557144,AMBIGUOUS,idxq4-64_queryq4-64
1383244732.0_L1,1383244732.0,L1,ROBUST,0.4171639680862427,ROBUST,idxq4-64_queryq4-64
1383245212.0_L1,1383245212.0,L1,ROBUST,0.4321700930595398,ROBUST,idxq4-64_queryq4-64
1383245308.0_L1,1383245308.0,L1,ROBUST,0.4221331179141998,ROBUST,idxq4-64_queryq4-64
1383245596.0_L1,1383245596.0,L1,AMBIGUOUS,0.1900927424430847,AMBIGUOUS,idxq4-64_queryq4-64
1383250620.0_H1,1383250620.0,H1,ROBUST,0.4326212704181671,ROBUST,idxq4-64_queryq4-64
1383251996.0_H1,1383251996.0,H1,AMBIGUOUS,0.1319676339626312,AMBIGUOUS,idxq4-64_queryq4-64
1383254780.0_H1,1383254780.0,H1,ROBUST,0.4903359115123749,ROBUST,idxq4-64_queryq4-64
1383257116.0_H1,1383257116.0,H1,ROBUST,0.4505669474601745,ROBUST,idxq4-64_queryq4-64
1383259740.0_H1,1383259740.0,H1,AMBIGUOUS,0.197254866361618,AMBIGUOUS,idxq4-64_queryq4-64
1383347580.0_L1,1383347580.0,L1,ROBUST,0.2257481515407562,ROBUST,idxq4-64_queryq4-64
1383347964.0_L1,1383347964.0,L1,BACKGROUND,0.0880821868777275,BACKGROUND,idxq4-64_queryq4-64
1383350460.0_L1,1383350460.0,L1,ROBUST,0.4195874333381653,ROBUST,idxq4-64_queryq4-64
1383374684.0_L1,1383374684.0,L1,ROBUST,0.361375093460083,ROBUST,idxq4-64_queryq4-64
1383375676.0_L1,1383375676.0,L1,ROBUST,0.4187527298927307,ROBUST,idxq4-64_queryq4-64
1383377692.0_L1,1383377692.0,L1,ROBUST,0.4332294166088104,ROBUST,idxq4-64_queryq4-64
1383383068.0_L1,1383383068.0,L1,ROBUST,0.4309290647506714,ROBUST,idxq4-64_queryq4-64
1383384540.0_L1,1383384540.0,L1,ROBUST,0.3188713490962982,ROBUST,idxq4-64_queryq4-64
1383384572.0_L1,1383384572.0,L1,ROBUST,0.3618889451026916,ROBUST,idxq4-64_queryq4-64
1383384668.0_L1,1383384668.0,L1,ROBUST,0.2715635895729065,ROBUST,idxq4-64_queryq4-64
1383385724.0_L1,1383385724.0,L1,ROBUST,0.3126325607299804,ROBUST,idxq4-64_queryq4-64
1383385852.0_L1,1383385852.0,L1,ROBUST,0.2363262772560119,ROBUST,idxq4-64_queryq4-64
1383386204.0_L1,1383386204.0,L1,ROBUST,0.3245995044708252,ROBUST,idxq4-64_queryq4-64
1383386236.0_L1,1383386236.0,L1,ROBUST,0.309318870306015,ROBUST,idxq4-64_queryq4-64
1383386268.0_L1,1383386268.0,L1,ROBUST,0.415347546339035,ROBUST,idxq4-64_queryq4-64
1383386396.0_L1,1383386396.0,L1,ROBUST,0.2974902391433716,ROBUST,idxq4-64_queryq4-64
1383386620.0_L1,1383386620.0,L1,ROBUST,0.3186236619949341,ROBUST,idxq4-64_queryq4-64
1383387228.0_L1,1383387228.0,L1,ROBUST,0.2821230888366699,ROBUST,idxq4-64_queryq4-64
1383387292.0_L1,1383387292.0,L1,ROBUST,0.3469167351722717,ROBUST,idxq4-64_queryq4-64
1383387356.0_L1,1383387356.0,L1,ROBUST,0.2934132218360901,ROBUST,idxq4-64_queryq4-64
1383387548.0_L1,1383387548.0,L1,ROBUST,0.4614321887493133,ROBUST,idxq4-64_queryq4-64
1383387612.0_L1,1383387612.0,L1,AMBIGUOUS,0.2075031399726867,AMBIGUOUS,idxq4-64_queryq4-64
1383387904.0_L1,1383387904.0,L1,ROBUST,0.3353798389434814,ROBUST,idxq4-64_queryq4-64
1383387964.0_L1,1383387964.0,L1,ROBUST,0.2960311472415924,ROBUST,idxq4-64_queryq4-64
1383388412.0_L1,1383388412.0,L1,ROBUST,0.3476876020431518,ROBUST,idxq4-64_queryq4-64
1383389084.0_L1,1383389084.0,L1,ROBUST,0.3109415173530578,ROBUST,idxq4-64_queryq4-64
1383389916.0_L1,1383389916.0,L1,ROBUST,0.268065482378006,ROBUST,idxq4-64_queryq4-64
1383389980.0_L1,1383389980.0,L1,ROBUST,0.3265180885791778,ROBUST,idxq4-64_queryq4-64
1383390108.0_L1,1383390108.0,L1,ROBUST,0.2765438854694366,ROBUST,idxq4-64_queryq4-64
1383390172.0_L1,1383390172.0,L1,ROBUST,0.3376636505126953,ROBUST,idxq4-64_queryq4-64
1383390652.0_L1,1383390652.0,L1,ROBUST,0.3492624759674072,ROBUST,idxq4-64_queryq4-64
1383391452.0_L1,1383391452.0,L1,ROBUST,0.2678506076335907,ROBUST,idxq4-64_queryq4-64
1383391516.0_L1,1383391516.0,L1,ROBUST,0.295977383852005,ROBUST,idxq4-64_queryq4-64
1383391580.0_L1,1383391580.0,L1,ROBUST,0.424069732427597,ROBUST,idxq4-64_queryq4-64
1383392540.0_L1,1383392540.0,L1,ROBUST,0.354496568441391,ROBUST,idxq4-64_queryq4-64
1383392572.0_L1,1383392572.0,L1,ROBUST,0.3832434415817261,ROBUST,idxq4-64_queryq4-64
1383392988.0_L1,1383392988.0,L1,ROBUST,0.3482421934604645,ROBUST,idxq4-64_queryq4-64
1383393340.0_L1,1383393340.0,L1,ROBUST,0.3174016773700714,ROBUST,idxq4-64_queryq4-64
1383394140.0_L1,1383394140.0,L1,ROBUST,0.3256442844867706,ROBUST,idxq4-64_queryq4-64
1383394364.0_L1,1383394364.0,L1,ROBUST,0.4250170588493347,ROBUST,idxq4-64_queryq4-64
1383394556.0_L1,1383394556.0,L1,ROBUST,0.3244324326515198,ROBUST,idxq4-64_queryq4-64
1383394588.0_L1,1383394588.0,L1,ROBUST,0.2930061817169189,ROBUST,idxq4-64_queryq4-64
1383394812.0_L1,1383394812.0,L1,ROBUST,0.3391938507556915,ROBUST,idxq4-64_queryq4-64
1383395004.0_L1,1383395004.0,L1,AMBIGUOUS,0.2139269858598709,AMBIGUOUS,idxq4-64_queryq4-64
1383395036.0_L1,1383395036.0,L1,ROBUST,0.4068499803543091,ROBUST,idxq4-64_queryq4-64
1383395484.0_L1,1383395484.0,L1,ROBUST,0.3057146370410919,ROBUST,idxq4-64_queryq4-64
1383395900.0_L1,1383395900.0,L1,ROBUST,0.3463277816772461,ROBUST,idxq4-64_queryq4-64
1383395932.0_L1,1383395932.0,L1,ROBUST,0.3851207196712494,ROBUST,idxq4-64_queryq4-64
1383396028.0_L1,1383396028.0,L1,ROBUST,0.2216137647628784,ROBUST,idxq4-64_queryq4-64
1383396572.0_L1,1383396572.0,L1,ROBUST,0.2842871248722076,ROBUST,idxq4-64_queryq4-64
1383397212.0_L1,1383397212.0,L1,ROBUST,0.2388896346092224,ROBUST,idxq4-64_queryq4-64
1383397372.0_L1,1383397372.0,L1,ROBUST,0.30910524725914,ROBUST,idxq4-64_queryq4-64
1383397532.0_L1,1383397532.0,L1,ROBUST,0.4253109097480774,ROBUST,idxq4-64_queryq4-64
1383398428.0_L1,1383398428.0,L1,ROBUST,0.2268988341093063,ROBUST,idxq4-64_queryq4-64
1383399452.0_L1,1383399452.0,L1,ROBUST,0.2263419479131698,ROBUST,idxq4-64_queryq4-64
1383399900.0_L1,1383399900.0,L1,ROBUST,0.2785375118255615,ROBUST,idxq4-64_queryq4-64
1383400572.0_L1,1383400572.0,L1,ROBUST,0.3537624180316925,ROBUST,idxq4-64_queryq4-64
1383401180.0_L1,1383401180.0,L1,ROBUST,0.4198734760284424,ROBUST,idxq4-64_queryq4-64
1383401340.0_L1,1383401340.0,L1,ROBUST,0.2890313565731048,ROBUST,idxq4-64_queryq4-64
1383401372.0_L1,1383401372.0,L1,ROBUST,0.4217946827411651,ROBUST,idxq4-64_queryq4-64
1383401724.0_L1,1383401724.0,L1,ROBUST,0.3446705639362335,ROBUST,idxq4-64_queryq4-64
1383401852.0_L1,1383401852.0,L1,AMBIGUOUS,0.2086789160966873,AMBIGUOUS,idxq4-64_queryq4-64
1383402268.0_L1,1383402268.0,L1,AMBIGUOUS,0.1803548038005828,AMBIGUOUS,idxq4-64_queryq4-64
1383402876.0_L1,1383402876.0,L1,ROBUST,0.3018454015254974,ROBUST,idxq4-64_queryq4-64
1383403612.0_L1,1383403612.0,L1,AMBIGUOUS,0.2060329914093017,AMBIGUOUS,idxq4-64_queryq4-64
1383403740.0_L1,1383403740.0,L1,ROBUST,0.4123165607452392,ROBUST,idxq4-64_queryq4-64
1383403964.0_L1,1383403964.0,L1,ROBUST,0.2835510075092315,ROBUST,idxq4-64_queryq4-64
1383425692.0_L1,1383425692.0,L1,BACKGROUND,0.1216343715786933,BACKGROUND,idxq4-64_queryq4-64
1383430940.0_L1,1383430940.0,L1,ROBUST,0.4302558302879333,ROBUST,idxq4-64_queryq4-64
1383432380.0_L1,1383432380.0,L1,ROBUST,0.2627145051956177,ROBUST,idxq4-64_queryq4-64
1383485116.0_H1,1383485116.0,H1,BACKGROUND,0.0965561717748642,BACKGROUND,idxq4-64_queryq4-64
1383485244.0_H1,1383485244.0,H1,AMBIGUOUS,0.1456617563962936,AMBIGUOUS,idxq4-64_queryq4-64
1383613404.0_L1,1383613404.0,L1,ROBUST,0.4539256393909454,ROBUST,idxq4-64_queryq4-64
1383613628.0_L1,1383613628.0,L1,BACKGROUND,0.1179316192865371,BACKGROUND,idxq4-64_queryq4-64
1383616796.0_L1,1383616796.0,L1,ROBUST,0.4290776550769806,ROBUST,idxq4-64_queryq4-64
1383617852.0_L1,1383617852.0,L1,BACKGROUND,0.0884919092059135,BACKGROUND,idxq4-64_queryq4-64
1383622716.0_L1,1383622716.0,L1,ROBUST,0.4418913722038269,ROBUST,idxq4-64_queryq4-64
1383631068.0_L1,1383631068.0,L1,BACKGROUND,0.1045440956950187,BACKGROUND,idxq4-64_queryq4-64
1383631580.0_L1,1383631580.0,L1,ROBUST,0.4445964097976684,ROBUST,idxq4-64_queryq4-64
1383632060.0_L1,1383632060.0,L1,ROBUST,0.4553031027317047,ROBUST,idxq4-64_queryq4-64
1383658460.0_H1,1383658460.0,H1,BACKGROUND,0.1200587451457977,BACKGROUND,idxq4-64_queryq4-64
1383660508.0_H1,1383660508.0,H1,AMBIGUOUS,0.1839368790388107,AMBIGUOUS,idxq4-64_queryq4-64
1383673436.0_H1,1383673436.0,H1,ROBUST,0.447135716676712,ROBUST,idxq4-64_queryq4-64
1383677660.0_H1,1383677660.0,H1,ROBUST,0.4419454038143158,ROBUST,idxq4-64_queryq4-64
1383695388.0_L1,1383695388.0,L1,ROBUST,0.4334014356136322,ROBUST,idxq4-64_queryq4-64
1383697500.0_L1,1383697500.0,L1,ROBUST,0.3054157197475433,ROBUST,idxq4-64_queryq4-64
1383697564.0_L1,1383697564.0,L1,ROBUST,0.4355769455432892,ROBUST,idxq4-64_queryq4-64
1383697628.0_L1,1383697628.0,L1,AMBIGUOUS,0.1650980710983276,AMBIGUOUS,idxq4-64_queryq4-64
1383697660.0_L1,1383697660.0,L1,ROBUST,0.4384950399398803,ROBUST,idxq4-64_queryq4-64
1383698140.0_L1,1383698140.0,L1,AMBIGUOUS,0.2113382071256637,AMBIGUOUS,idxq4-64_queryq4-64
1383702716.0_L1,1383702716.0,L1,AMBIGUOUS,0.2046786546707153,AMBIGUOUS,idxq4-64_queryq4-64
1383703772.0_L1,1383703772.0,L1,AMBIGUOUS,0.1778692603111267,AMBIGUOUS,idxq4-64_queryq4-64
1383705116.0_L1,1383705116.0,L1,ROBUST,0.4406972229480743,ROBUST,idxq4-64_queryq4-64
1383705148.0_L1,1383705148.0,L1,ROBUST,0.4377875626087188,ROBUST,idxq4-64_queryq4-64
1383706300.0_L1,1383706300.0,L1,BACKGROUND,0.0817489773035049,BACKGROUND,idxq4-64_queryq4-64
1383708060.0_L1,1383708060.0,L1,ROBUST,0.4348877966403961,ROBUST,idxq4-64_queryq4-64
1383708092.0_L1,1383708092.0,L1,ROBUST,0.4142167568206787,ROBUST,idxq4-64_queryq4-64
1383721756.0_L1,1383721756.0,L1,ROBUST,0.4338865280151367,ROBUST,idxq4-64_queryq4-64
1383722236.0_L1,1383722236.0,L1,ROBUST,0.3821980655193329,ROBUST,idxq4-64_queryq4-64
1383723516.0_L1,1383723516.0,L1,ROBUST,0.4590281546115875,ROBUST,idxq4-64_queryq4-64
1383724828.0_L1,1383724828.0,L1,ROBUST,0.4555377662181854,ROBUST,idxq4-64_queryq4-64
1383725436.0_L1,1383725436.0,L1,AMBIGUOUS,0.1613536179065704,AMBIGUOUS,idxq4-64_queryq4-64
1383738684.0_L1,1383738684.0,L1,ROBUST,0.4298746287822723,ROBUST,idxq4-64_queryq4-64
1383742556.0_L1,1383742556.0,L1,ROBUST,0.3175461292266845,ROBUST,idxq4-64_queryq4-64
1383743484.0_L1,1383743484.0,L1,ROBUST,0.4415902495384216,ROBUST,idxq4-64_queryq4-64
1383745276.0_L1,1383745276.0,L1,ROBUST,0.348466157913208,ROBUST,idxq4-64_queryq4-64
1383746460.0_L1,1383746460.0,L1,ROBUST,0.4234769940376282,ROBUST,idxq4-64_queryq4-64
1383746652.0_L1,1383746652.0,L1,ROBUST,0.3876371085643768,ROBUST,idxq4-64_queryq4-64
1383787132.0_H1,1383787132.0,H1,BACKGROUND,0.1127763018012046,BACKGROUND,idxq4-64_queryq4-64
1383790972.0_H1,1383790972.0,H1,BACKGROUND,0.1089947000145912,BACKGROUND,idxq4-64_queryq4-64
1383792252.0_H1,1383792252.0,H1,BACKGROUND,0.0927683785557746,BACKGROUND,idxq4-64_queryq4-64
1383794300.0_H1,1383794300.0,H1,ROBUST,0.4772834777832031,ROBUST,idxq4-64_queryq4-64
1383798108.0_H1,1383798108.0,H1,BACKGROUND,0.1135240122675895,BACKGROUND,idxq4-64_queryq4-64
1383868572.0_H1,1383868572.0,H1,BACKGROUND,0.1219196990132331,BACKGROUND,idxq4-64_queryq4-64
1383928892.0_H1,1383928892.0,H1,AMBIGUOUS,0.1308719366788864,AMBIGUOUS,idxq4-64_queryq4-64
1383931580.0_H1,1383931580.0,H1,AMBIGUOUS,0.1333856135606765,AMBIGUOUS,idxq4-64_queryq4-64
1383931644.0_H1,1383931644.0,H1,ROBUST,0.4277696311473846,ROBUST,idxq4-64_queryq4-64
1383931676.0_H1,1383931676.0,H1,ROBUST,0.4511096477508545,ROBUST,idxq4-64_queryq4-64
1383934876.0_H1,1383934876.0,H1,ROBUST,0.4580135941505432,ROBUST,idxq4-64_queryq4-64
1383935420.0_H1,1383935420.0,H1,BACKGROUND,0.1025926545262336,BACKGROUND,idxq4-64_queryq4-64
1383935708.0_H1,1383935708.0,H1,BACKGROUND,0.1196619495749473,BACKGROUND,idxq4-64_queryq4-64
1383936892.0_H1,1383936892.0,H1,AMBIGUOUS,0.1316085010766983,AMBIGUOUS,idxq4-64_queryq4-64
1383945308.0_L1,1383945308.0,L1,ROBUST,0.4197342097759247,ROBUST,idxq4-64_queryq4-64
1383986716.0_H1,1383986716.0,H1,BACKGROUND,0.1005821377038955,BACKGROUND,idxq4-64_queryq4-64
1383987772.0_H1,1383987772.0,H1,BACKGROUND,0.1041377708315849,BACKGROUND,idxq4-64_queryq4-64
1383991516.0_H1,1383991516.0,H1,BACKGROUND,0.0882826223969459,BACKGROUND,idxq4-64_queryq4-64
1383993628.0_H1,1383993628.0,H1,BACKGROUND,0.09490966796875,BACKGROUND,idxq4-64_queryq4-64
1383993692.0_H1,1383993692.0,H1,AMBIGUOUS,0.1382666528224945,AMBIGUOUS,idxq4-64_queryq4-64
1383994108.0_H1,1383994108.0,H1,BACKGROUND,0.0970246046781539,BACKGROUND,idxq4-64_queryq4-64
1384043900.0_H1,1384043900.0,H1,BACKGROUND,0.0971377566456794,BACKGROUND,idxq4-64_queryq4-64
1384048604.0_H1,1384048604.0,H1,BACKGROUND,0.1138470321893692,BACKGROUND,idxq4-64_queryq4-64
1384056444.0_H1,1384056444.0,H1,BACKGROUND,0.0960167869925499,BACKGROUND,idxq4-64_queryq4-64
1384057692.0_H1,1384057692.0,H1,ROBUST,0.4438487589359283,ROBUST,idxq4-64_queryq4-64
1384060732.0_H1,1384060732.0,H1,BACKGROUND,0.1051791161298751,BACKGROUND,idxq4-64_queryq4-64
1384061084.0_H1,1384061084.0,H1,ROBUST,0.4506739675998688,ROBUST,idxq4-64_queryq4-64
1384061212.0_H1,1384061212.0,H1,BACKGROUND,0.1271744221448898,BACKGROUND,idxq4-64_queryq4-64
1384062268.0_H1,1384062268.0,H1,ROBUST,0.3982303440570831,ROBUST,idxq4-64_queryq4-64
1384070940.0_H1,1384070940.0,H1,ROBUST,0.4278176426887512,ROBUST,idxq4-64_queryq4-64
1384071772.0_H1,1384071772.0,H1,BACKGROUND,0.1277939975261688,BACKGROUND,idxq4-64_queryq4-64
1384081084.0_H1,1384081084.0,H1,ROBUST,0.4918952286243438,ROBUST,idxq4-64_queryq4-64
1384083708.0_H1,1384083708.0,H1,ROBUST,0.4198919236660003,ROBUST,idxq4-64_queryq4-64
1384084348.0_H1,1384084348.0,H1,ROBUST,0.2699076235294342,ROBUST,idxq4-64_queryq4-64
1384088252.0_H1,1384088252.0,H1,ROBUST,0.4407325088977813,ROBUST,idxq4-64_queryq4-64
1384098716.0_H1,1384098716.0,H1,AMBIGUOUS,0.1394599974155426,AMBIGUOUS,idxq4-64_queryq4-64
1384099292.0_H1,1384099292.0,H1,BACKGROUND,0.0956261903047561,BACKGROUND,idxq4-64_queryq4-64
1384101084.0_H1,1384101084.0,H1,ROBUST,0.2207958847284317,ROBUST,idxq4-64_queryq4-64
1384113340.0_H1,1384113340.0,H1,ROBUST,0.4656632840633392,ROBUST,idxq4-64_queryq4-64
1384130204.0_H1,1384130204.0,H1,BACKGROUND,0.1086271777749061,BACKGROUND,idxq4-64_queryq4-64
1384131516.0_H1,1384131516.0,H1,BACKGROUND,0.1298185586929321,BACKGROUND,idxq4-64_queryq4-64
1384136028.0_H1,1384136028.0,H1,BACKGROUND,0.0997360125184059,BACKGROUND,idxq4-64_queryq4-64
1384138268.0_H1,1384138268.0,H1,BACKGROUND,0.1205316707491874,BACKGROUND,idxq4-64_queryq4-64
1384139100.0_H1,1384139100.0,H1,ROBUST,0.4177329242229461,ROBUST,idxq4-64_queryq4-64
1384140316.0_H1,1384140316.0,H1,ROBUST,0.4537679851055145,ROBUST,idxq4-64_queryq4-64
1384144860.0_H1,1384144860.0,H1,ROBUST,0.4152210056781769,ROBUST,idxq4-64_queryq4-64
1384157276.0_H1,1384157276.0,H1,ROBUST,0.4650037884712219,ROBUST,idxq4-64_queryq4-64
1384158044.0_H1,1384158044.0,H1,BACKGROUND,0.0960471853613853,BACKGROUND,idxq4-64_queryq4-64
1384159996.0_H1,1384159996.0,H1,ROBUST,0.4291610717773437,ROBUST,idxq4-64_queryq4-64
1384163260.0_H1,1384163260.0,H1,BACKGROUND,0.1204343512654304,BACKGROUND,idxq4-64_queryq4-64
1384170620.0_H1,1384170620.0,H1,ROBUST,0.4338393807411194,ROBUST,idxq4-64_queryq4-64
1384172476.0_H1,1384172476.0,H1,ROBUST,0.237882986664772,ROBUST,idxq4-64_queryq4-64
1384174076.0_H1,1384174076.0,H1,BACKGROUND,0.1097725629806518,BACKGROUND,idxq4-64_queryq4-64
1384177180.0_H1,1384177180.0,H1,BACKGROUND,0.1074059009552002,BACKGROUND,idxq4-64_queryq4-64
1384182300.0_H1,1384182300.0,H1,AMBIGUOUS,0.1478254646062851,AMBIGUOUS,idxq4-64_queryq4-64
1384182780.0_H1,1384182780.0,H1,ROBUST,0.2399305403232574,ROBUST,idxq4-64_queryq4-64
1384183260.0_H1,1384183260.0,H1,BACKGROUND,0.1019976288080215,BACKGROUND,idxq4-64_queryq4-64
1384184060.0_H1,1384184060.0,H1,ROBUST,0.4129110872745514,ROBUST,idxq4-64_queryq4-64
1384184092.0_H1,1384184092.0,H1,ROBUST,0.4478146731853485,ROBUST,idxq4-64_queryq4-64
1384186716.0_H1,1384186716.0,H1,ROBUST,0.4358709454536438,ROBUST,idxq4-64_queryq4-64
1384186908.0_H1,1384186908.0,H1,ROBUST,0.4398046731948852,ROBUST,idxq4-64_queryq4-64
1384188796.0_H1,1384188796.0,H1,ROBUST,0.4229593873023987,ROBUST,idxq4-64_queryq4-64
1384202972.0_H1,1384202972.0,H1,BACKGROUND,0.1081933826208114,BACKGROUND,idxq4-64_queryq4-64
1384207324.0_H1,1384207324.0,H1,BACKGROUND,0.1132834106683731,BACKGROUND,idxq4-64_queryq4-64
1384257116.0_H1,1384257116.0,H1,BACKGROUND,0.106654591858387,BACKGROUND,idxq4-64_queryq4-64
1384353372.0_L1,1384353372.0,L1,ROBUST,0.4334433972835541,ROBUST,idxq4-64_queryq4-64
1384354300.0_L1,1384354300.0,L1,ROBUST,0.4356449544429779,ROBUST,idxq4-64_queryq4-64
1384354332.0_L1,1384354332.0,L1,BACKGROUND,0.1203267127275466,BACKGROUND,idxq4-64_queryq4-64
1384355164.0_L1,1384355164.0,L1,ROBUST,0.4519616365432739,ROBUST,idxq4-64_queryq4-64
1384355644.0_L1,1384355644.0,L1,BACKGROUND,0.0962478592991828,BACKGROUND,idxq4-64_queryq4-64
1384362364.0_L1,1384362364.0,L1,ROBUST,0.427685797214508,ROBUST,idxq4-64_queryq4-64
1384364700.0_L1,1384364700.0,L1,ROBUST,0.2567301392555237,ROBUST,idxq4-64_queryq4-64
1384364956.0_L1,1384364956.0,L1,ROBUST,0.4417056441307068,ROBUST,idxq4-64_queryq4-64
1384365788.0_L1,1384365788.0,L1,BACKGROUND,0.0873155370354652,BACKGROUND,idxq4-64_queryq4-64
1384382812.0_L1,1384382812.0,L1,AMBIGUOUS,0.1597082614898681,AMBIGUOUS,idxq4-64_queryq4-64
1384384668.0_L1,1384384668.0,L1,ROBUST,0.4297282993793487,ROBUST,idxq4-64_queryq4-64
1384387932.0_L1,1384387932.0,L1,BACKGROUND,0.1369341760873794,BACKGROUND,idxq4-64_queryq4-64
1384441116.0_L1,1384441116.0,L1,AMBIGUOUS,0.1882888227701187,AMBIGUOUS,idxq4-64_queryq4-64
1384441340.0_L1,1384441340.0,L1,AMBIGUOUS,0.174188420176506,AMBIGUOUS,idxq4-64_queryq4-64
1384442524.0_L1,1384442524.0,L1,AMBIGUOUS,0.1746794730424881,AMBIGUOUS,idxq4-64_queryq4-64
1384443132.0_L1,1384443132.0,L1,ROBUST,0.4150087833404541,ROBUST,idxq4-64_queryq4-64
1384448508.0_L1,1384448508.0,L1,ROBUST,0.4153562486171722,ROBUST,idxq4-64_queryq4-64
1384449280.0_L1,1384449280.0,L1,BACKGROUND,0.0714457109570503,BACKGROUND,idxq4-64_queryq4-64
1384459388.0_L1,1384459388.0,L1,ROBUST,0.4755179584026336,ROBUST,idxq4-64_queryq4-64
1384467420.0_L1,1384467420.0,L1,ROBUST,0.4265793859958648,ROBUST,idxq4-64_queryq4-64
1384467580.0_L1,1384467580.0,L1,ROBUST,0.4296304881572723,ROBUST,idxq4-64_queryq4-64
1384495516.0_L1,1384495516.0,L1,ROBUST,0.4289856255054474,ROBUST,idxq4-64_queryq4-64
1384496348.0_L1,1384496348.0,L1,ROBUST,0.4433304369449615,ROBUST,idxq4-64_queryq4-64
1384496668.0_L1,1384496668.0,L1,BACKGROUND,0.1125056892633438,BACKGROUND,idxq4-64_queryq4-64
1384496764.0_L1,1384496764.0,L1,ROBUST,0.2857884466648102,ROBUST,idxq4-64_queryq4-64
1384497244.0_L1,1384497244.0,L1,ROBUST,0.4272719025611877,ROBUST,idxq4-64_queryq4-64
1384497436.0_L1,1384497436.0,L1,ROBUST,0.4671937227249145,ROBUST,idxq4-64_queryq4-64
1384497596.0_L1,1384497596.0,L1,BACKGROUND,0.1193311363458633,BACKGROUND,idxq4-64_queryq4-64
1384497660.0_L1,1384497660.0,L1,ROBUST,0.3612070679664612,ROBUST,idxq4-64_queryq4-64
1384497724.0_L1,1384497724.0,L1,ROBUST,0.4478339850902557,ROBUST,idxq4-64_queryq4-64
1384498300.0_L1,1384498300.0,L1,ROBUST,0.4061399698257446,ROBUST,idxq4-64_queryq4-64
1384498364.0_L1,1384498364.0,L1,ROBUST,0.4858492612838745,ROBUST,idxq4-64_queryq4-64
1384498620.0_L1,1384498620.0,L1,ROBUST,0.440523624420166,ROBUST,idxq4-64_queryq4-64
1384499036.0_L1,1384499036.0,L1,ROBUST,0.4177706241607666,ROBUST,idxq4-64_queryq4-64
1384499100.0_L1,1384499100.0,L1,ROBUST,0.4753346741199493,ROBUST,idxq4-64_queryq4-64
1384499260.0_L1,1384499260.0,L1,ROBUST,0.4687739610671997,ROBUST,idxq4-64_queryq4-64
1384499580.0_L1,1384499580.0,L1,ROBUST,0.4419744610786438,ROBUST,idxq4-64_queryq4-64
1384499612.0_L1,1384499612.0,L1,ROBUST,0.4371044039726257,ROBUST,idxq4-64_queryq4-64
1384499644.0_L1,1384499644.0,L1,ROBUST,0.2797656953334808,ROBUST,idxq4-64_queryq4-64
1384499804.0_L1,1384499804.0,L1,ROBUST,0.4444966614246368,ROBUST,idxq4-64_queryq4-64
1384499836.0_L1,1384499836.0,L1,ROBUST,0.4859243333339691,ROBUST,idxq4-64_queryq4-64
1384500956.0_L1,1384500956.0,L1,AMBIGUOUS,0.1987209916114807,AMBIGUOUS,idxq4-64_queryq4-64
1384501052.0_L1,1384501052.0,L1,ROBUST,0.4053366780281067,ROBUST,idxq4-64_queryq4-64
1384501084.0_L1,1384501084.0,L1,ROBUST,0.4680096805095672,ROBUST,idxq4-64_queryq4-64
1384501500.0_L1,1384501500.0,L1,ROBUST,0.4370426833629608,ROBUST,idxq4-64_queryq4-64
1384501724.0_L1,1384501724.0,L1,ROBUST,0.4374037086963653,ROBUST,idxq4-64_queryq4-64
1384501820.0_L1,1384501820.0,L1,ROBUST,0.3634669482707977,ROBUST,idxq4-64_queryq4-64
1384501980.0_L1,1384501980.0,L1,ROBUST,0.4519190490245819,ROBUST,idxq4-64_queryq4-64
1384502428.0_L1,1384502428.0,L1,BACKGROUND,0.1205209866166114,BACKGROUND,idxq4-64_queryq4-64
1384502684.0_L1,1384502684.0,L1,ROBUST,0.3567898571491241,ROBUST,idxq4-64_queryq4-64
1384521244.0_H1,1384521244.0,H1,AMBIGUOUS,0.137434497475624,AMBIGUOUS,idxq4-64_queryq4-64
1384523932.0_H1,1384523932.0,H1,ROBUST,0.3179878294467926,ROBUST,idxq4-64_queryq4-64
1384534140.0_H1,1384534140.0,H1,ROBUST,0.4126315414905548,ROBUST,idxq4-64_queryq4-64
1384536220.0_H1,1384536220.0,H1,ROBUST,0.5399383902549744,ROBUST,idxq4-64_queryq4-64
1384536444.0_H1,1384536444.0,H1,ROBUST,0.2839603722095489,ROBUST,idxq4-64_queryq4-64
1384539772.0_H1,1384539772.0,H1,ROBUST,0.4726927280426025,ROBUST,idxq4-64_queryq4-64
1384544892.0_H1,1384544892.0,H1,AMBIGUOUS,0.1652641892433166,AMBIGUOUS,idxq4-64_queryq4-64
1384576540.0_H1,1384576540.0,H1,ROBUST,0.489808976650238,ROBUST,idxq4-64_queryq4-64
1384579484.0_H1,1384579484.0,H1,BACKGROUND,0.1241669133305549,BACKGROUND,idxq4-64_queryq4-64
1384582300.0_H1,1384582300.0,H1,BACKGROUND,0.1059148460626602,BACKGROUND,idxq4-64_queryq4-64
1384582656.0_H1,1384582656.0,H1,AMBIGUOUS,0.1903726905584335,AMBIGUOUS,idxq4-64_queryq4-64
1384655228.0_H1,1384655228.0,H1,ROBUST,0.2838136255741119,ROBUST,idxq4-64_queryq4-64
1384656668.0_H1,1384656668.0,H1,ROBUST,0.4667463600635528,ROBUST,idxq4-64_queryq4-64
1384686748.0_H1,1384686748.0,H1,ROBUST,0.4291836023330688,ROBUST,idxq4-64_queryq4-64
1384687132.0_H1,1384687132.0,H1,BACKGROUND,0.1140491440892219,BACKGROUND,idxq4-64_queryq4-64
1384688572.0_H1,1384688572.0,H1,ROBUST,0.4493285119533539,ROBUST,idxq4-64_queryq4-64
1384691836.0_H1,1384691836.0,H1,ROBUST,0.2047856003046035,ROBUST,idxq4-64_queryq4-64
1384692796.0_H1,1384692796.0,H1,ROBUST,0.4345724880695343,ROBUST,idxq4-64_queryq4-64
1384693116.0_H1,1384693116.0,H1,AMBIGUOUS,0.1335762590169906,AMBIGUOUS,idxq4-64_queryq4-64
1384700188.0_H1,1384700188.0,H1,ROBUST,0.4946705400943756,ROBUST,idxq4-64_queryq4-64
1384700476.0_H1,1384700476.0,H1,BACKGROUND,0.0973711311817169,BACKGROUND,idxq4-64_queryq4-64
1384700764.0_H1,1384700764.0,H1,BACKGROUND,0.1004249602556228,BACKGROUND,idxq4-64_queryq4-64
1384704668.0_H1,1384704668.0,H1,ROBUST,0.459018349647522,ROBUST,idxq4-64_queryq4-64
1384706108.0_H1,1384706108.0,H1,AMBIGUOUS,0.1905282586812973,AMBIGUOUS,idxq4-64_queryq4-64
1384707036.0_H1,1384707036.0,H1,BACKGROUND,0.1063291057944297,BACKGROUND,idxq4-64_queryq4-64
1384708028.0_H1,1384708028.0,H1,ROBUST,0.5123246908187866,ROBUST,idxq4-64_queryq4-64
1384709884.0_H1,1384709884.0,H1,AMBIGUOUS,0.1556349694728851,AMBIGUOUS,idxq4-64_queryq4-64
1384737852.0_H1,1384737852.0,H1,BACKGROUND,0.1043692156672477,BACKGROUND,idxq4-64_queryq4-64
1384880188.0_H1,1384880188.0,H1,ROBUST,0.2567403614521026,ROBUST,idxq4-64_queryq4-64
1384889692.0_H1,1384889692.0,H1,ROBUST,0.4110488593578338,ROBUST,idxq4-64_queryq4-64
1384896316.0_H1,1384896316.0,H1,ROBUST,0.4141730368137359,ROBUST,idxq4-64_queryq4-64
1384922396.0_H1,1384922396.0,H1,BACKGROUND,0.1292593330144882,BACKGROUND,idxq4-64_queryq4-64
1384985020.0_H1,1384985020.0,H1,BACKGROUND,0.0963403210043907,BACKGROUND,idxq4-64_queryq4-64
1385054876.0_L1,1385054876.0,L1,ROBUST,0.4358254075050354,ROBUST,idxq4-64_queryq4-64
1385054972.0_L1,1385054972.0,L1,ROBUST,0.4349610209465027,ROBUST,idxq4-64_queryq4-64
1385055324.0_L1,1385055324.0,L1,ROBUST,0.4588510394096374,ROBUST,idxq4-64_queryq4-64
1385055452.0_L1,1385055452.0,L1,ROBUST,0.4253086447715759,ROBUST,idxq4-64_queryq4-64
1385055836.0_L1,1385055836.0,L1,ROBUST,0.4180938303470611,ROBUST,idxq4-64_queryq4-64
1385055932.0_L1,1385055932.0,L1,ROBUST,0.4033202528953552,ROBUST,idxq4-64_queryq4-64
1385056220.0_L1,1385056220.0,L1,ROBUST,0.4051075875759125,ROBUST,idxq4-64_queryq4-64
1385056732.0_L1,1385056732.0,L1,ROBUST,0.4559246003627777,ROBUST,idxq4-64_queryq4-64
1385056860.0_L1,1385056860.0,L1,ROBUST,0.4041753709316253,ROBUST,idxq4-64_queryq4-64
1385057020.0_L1,1385057020.0,L1,ROBUST,0.3986446559429168,ROBUST,idxq4-64_queryq4-64
1385057244.0_L1,1385057244.0,L1,ROBUST,0.4127478301525116,ROBUST,idxq4-64_queryq4-64
1385057276.0_L1,1385057276.0,L1,ROBUST,0.4188770949840545,ROBUST,idxq4-64_queryq4-64
1385057340.0_L1,1385057340.0,L1,ROBUST,0.4641420245170593,ROBUST,idxq4-64_queryq4-64
1385057628.0_L1,1385057628.0,L1,ROBUST,0.4676572382450104,ROBUST,idxq4-64_queryq4-64
1385058076.0_L1,1385058076.0,L1,ROBUST,0.4432001113891601,ROBUST,idxq4-64_queryq4-64
1385058108.0_L1,1385058108.0,L1,ROBUST,0.4262112975120544,ROBUST,idxq4-64_queryq4-64
1385058204.0_L1,1385058204.0,L1,ROBUST,0.430296778678894,ROBUST,idxq4-64_queryq4-64
1385058652.0_L1,1385058652.0,L1,ROBUST,0.386566549539566,ROBUST,idxq4-64_queryq4-64
1385059228.0_L1,1385059228.0,L1,ROBUST,0.4173533916473388,ROBUST,idxq4-64_queryq4-64
1385059260.0_L1,1385059260.0,L1,ROBUST,0.4260669350624084,ROBUST,idxq4-64_queryq4-64
1385059548.0_L1,1385059548.0,L1,ROBUST,0.4396165907382965,ROBUST,idxq4-64_queryq4-64
1385059644.0_L1,1385059644.0,L1,ROBUST,0.2847639620304107,ROBUST,idxq4-64_queryq4-64
1385059900.0_L1,1385059900.0,L1,ROBUST,0.4038265347480774,ROBUST,idxq4-64_queryq4-64
1385059932.0_L1,1385059932.0,L1,ROBUST,0.4200290739536285,ROBUST,idxq4-64_queryq4-64
1385060604.0_L1,1385060604.0,L1,ROBUST,0.4680819809436798,ROBUST,idxq4-64_queryq4-64
1385102940.0_H1,1385102940.0,H1,ROBUST,0.4366238713264465,ROBUST,idxq4-64_queryq4-64
1385103996.0_H1,1385103996.0,H1,BACKGROUND,0.1091221719980239,BACKGROUND,idxq4-64_queryq4-64
1385107132.0_H1,1385107132.0,H1,AMBIGUOUS,0.143777310848236,AMBIGUOUS,idxq4-64_queryq4-64
1385107228.0_H1,1385107228.0,H1,BACKGROUND,0.1245679557323455,BACKGROUND,idxq4-64_queryq4-64
1385109532.0_H1,1385109532.0,H1,BACKGROUND,0.1129599511623382,BACKGROUND,idxq4-64_queryq4-64
1385181948.0_H1,1385181948.0,H1,ROBUST,0.434990793466568,ROBUST,idxq4-64_queryq4-64
1385194396.0_L1,1385194396.0,L1,BACKGROUND,0.1425501704216003,BACKGROUND,idxq4-64_queryq4-64
1385246812.0_L1,1385246812.0,L1,AMBIGUOUS,0.2009364366531372,AMBIGUOUS,idxq4-64_queryq4-64
1385248892.0_L1,1385248892.0,L1,ROBUST,0.4425570070743561,ROBUST,idxq4-64_queryq4-64
1385250300.0_L1,1385250300.0,L1,AMBIGUOUS,0.1823470741510391,AMBIGUOUS,idxq4-64_queryq4-64
1385251420.0_L1,1385251420.0,L1,ROBUST,0.4353939890861511,ROBUST,idxq4-64_queryq4-64
1385252508.0_L1,1385252508.0,L1,AMBIGUOUS,0.1655221730470657,AMBIGUOUS,idxq4-64_queryq4-64
1385257628.0_L1,1385257628.0,L1,AMBIGUOUS,0.1888754516839981,AMBIGUOUS,idxq4-64_queryq4-64
1385258652.0_L1,1385258652.0,L1,ROBUST,0.442587673664093,ROBUST,idxq4-64_queryq4-64
1385271260.0_L1,1385271260.0,L1,ROBUST,0.474607914686203,ROBUST,idxq4-64_queryq4-64
1385271676.0_L1,1385271676.0,L1,AMBIGUOUS,0.1653839945793151,AMBIGUOUS,idxq4-64_queryq4-64
1385289372.0_L1,1385289372.0,L1,ROBUST,0.43350949883461,ROBUST,idxq4-64_queryq4-64
1385291420.0_L1,1385291420.0,L1,ROBUST,0.4360664486885071,ROBUST,idxq4-64_queryq4-64
1385296252.0_L1,1385296252.0,L1,ROBUST,0.5294689536094666,ROBUST,idxq4-64_queryq4-64
1385300828.0_L1,1385300828.0,L1,ROBUST,0.3615088760852813,ROBUST,idxq4-64_queryq4-64
1385302652.0_L1,1385302652.0,L1,ROBUST,0.444041758775711,ROBUST,idxq4-64_queryq4-64
1385305948.0_L1,1385305948.0,L1,ROBUST,0.248543232679367,ROBUST,idxq4-64_queryq4-64
1385309244.0_L1,1385309244.0,L1,ROBUST,0.4424079358577728,ROBUST,idxq4-64_queryq4-64
1385315612.0_L1,1385315612.0,L1,AMBIGUOUS,0.2176770865917205,AMBIGUOUS,idxq4-64_queryq4-64
1385315740.0_L1,1385315740.0,L1,AMBIGUOUS,0.2108324915170669,AMBIGUOUS,idxq4-64_queryq4-64
1385316924.0_L1,1385316924.0,L1,AMBIGUOUS,0.2007658332586288,AMBIGUOUS,idxq4-64_queryq4-64
1385320828.0_L1,1385320828.0,L1,ROBUST,0.4449968934059143,ROBUST,idxq4-64_queryq4-64
1385321884.0_L1,1385321884.0,L1,ROBUST,0.4506801664829254,ROBUST,idxq4-64_queryq4-64
1385323548.0_L1,1385323548.0,L1,ROBUST,0.3295281827449798,ROBUST,idxq4-64_queryq4-64
1385323868.0_L1,1385323868.0,L1,ROBUST,0.420736700296402,ROBUST,idxq4-64_queryq4-64
1385323932.0_L1,1385323932.0,L1,ROBUST,0.4378178715705871,ROBUST,idxq4-64_queryq4-64
1385324124.0_L1,1385324124.0,L1,AMBIGUOUS,0.1963905394077301,AMBIGUOUS,idxq4-64_queryq4-64
1385324188.0_L1,1385324188.0,L1,ROBUST,0.2981828153133392,ROBUST,idxq4-64_queryq4-64
1385324764.0_L1,1385324764.0,L1,ROBUST,0.3976289331912994,ROBUST,idxq4-64_queryq4-64
1385324828.0_L1,1385324828.0,L1,ROBUST,0.4672244787216186,ROBUST,idxq4-64_queryq4-64
1385325276.0_L1,1385325276.0,L1,ROBUST,0.4096735119819641,ROBUST,idxq4-64_queryq4-64
1385368284.0_H1,1385368284.0,H1,ROBUST,0.4252641797065735,ROBUST,idxq4-64_queryq4-64
1385369052.0_H1,1385369052.0,H1,ROBUST,0.4479687809944153,ROBUST,idxq4-64_queryq4-64
1385376540.0_H1,1385376540.0,H1,ROBUST,0.4426572024822235,ROBUST,idxq4-64_queryq4-64
1385377404.0_H1,1385377404.0,H1,BACKGROUND,0.1133275181055069,BACKGROUND,idxq4-64_queryq4-64
1385379676.0_H1,1385379676.0,H1,AMBIGUOUS,0.1868870854377746,AMBIGUOUS,idxq4-64_queryq4-64
1385599900.0_H1,1385599900.0,H1,AMBIGUOUS,0.158749058842659,AMBIGUOUS,idxq4-64_queryq4-64
1385603676.0_H1,1385603676.0,H1,ROBUST,0.4256513118743896,ROBUST,idxq4-64_queryq4-64
1385605372.0_H1,1385605372.0,H1,AMBIGUOUS,0.1674827933311462,AMBIGUOUS,idxq4-64_queryq4-64
1385607548.0_L1,1385607548.0,L1,BACKGROUND,0.1132475882768631,BACKGROUND,idxq4-64_queryq4-64
1385608156.0_L1,1385608156.0,L1,BACKGROUND,0.1414901167154312,BACKGROUND,idxq4-64_queryq4-64
1385608860.0_L1,1385608860.0,L1,ROBUST,0.4725540280342102,ROBUST,idxq4-64_queryq4-64
1385610716.0_L1,1385610716.0,L1,ROBUST,0.4417715072631836,ROBUST,idxq4-64_queryq4-64
1385612796.0_L1,1385612796.0,L1,ROBUST,0.4373089969158172,ROBUST,idxq4-64_queryq4-64
1385613372.0_L1,1385613372.0,L1,ROBUST,0.4111145138740539,ROBUST,idxq4-64_queryq4-64
1385618428.0_L1,1385618428.0,L1,AMBIGUOUS,0.2170469164848327,AMBIGUOUS,idxq4-64_queryq4-64
1385626524.0_L1,1385626524.0,L1,ROBUST,0.4327377676963806,ROBUST,idxq4-64_queryq4-64
1385627164.0_L1,1385627164.0,L1,BACKGROUND,0.1223310306668281,BACKGROUND,idxq4-64_queryq4-64
1385636316.0_L1,1385636316.0,L1,ROBUST,0.4465576112270355,ROBUST,idxq4-64_queryq4-64
1385652188.0_L1,1385652188.0,L1,ROBUST,0.244360864162445,ROBUST,idxq4-64_queryq4-64
1385652284.0_L1,1385652284.0,L1,ROBUST,0.437983900308609,ROBUST,idxq4-64_queryq4-64
1385652316.0_L1,1385652316.0,L1,BACKGROUND,0.145602136850357,BACKGROUND,idxq4-64_queryq4-64
1385659388.0_L1,1385659388.0,L1,ROBUST,0.4298751652240753,ROBUST,idxq4-64_queryq4-64
1385660604.0_L1,1385660604.0,L1,ROBUST,0.4374326169490814,ROBUST,idxq4-64_queryq4-64
1385662300.0_L1,1385662300.0,L1,ROBUST,0.4272197186946869,ROBUST,idxq4-64_queryq4-64
1385666428.0_L1,1385666428.0,L1,AMBIGUOUS,0.1509244590997696,AMBIGUOUS,idxq4-64_queryq4-64
1385669436.0_L1,1385669436.0,L1,AMBIGUOUS,0.1503822058439254,AMBIGUOUS,idxq4-64_queryq4-64
1385680860.0_L1,1385680860.0,L1,ROBUST,0.241327702999115,ROBUST,idxq4-64_queryq4-64
1385681884.0_L1,1385681884.0,L1,AMBIGUOUS,0.1733438521623611,AMBIGUOUS,idxq4-64_queryq4-64
1385683836.0_L1,1385683836.0,L1,BACKGROUND,0.1398627310991287,BACKGROUND,idxq4-64_queryq4-64
1385686460.0_L1,1385686460.0,L1,ROBUST,0.4696894586086273,ROBUST,idxq4-64_queryq4-64
1385720284.0_L1,1385720284.0,L1,BACKGROUND,0.1351315528154373,BACKGROUND,idxq4-64_queryq4-64
1385720988.0_L1,1385720988.0,L1,ROBUST,0.2477689385414123,ROBUST,idxq4-64_queryq4-64
1385721856.0_L1,1385721856.0,L1,AMBIGUOUS,0.1938607096672058,AMBIGUOUS,idxq4-64_queryq4-64
1385725404.0_L1,1385725404.0,L1,ROBUST,0.4314235746860504,ROBUST,idxq4-64_queryq4-64
1385725628.0_L1,1385725628.0,L1,ROBUST,0.4199477732181549,ROBUST,idxq4-64_queryq4-64
1385749308.0_L1,1385749308.0,L1,BACKGROUND,0.1204071342945098,BACKGROUND,idxq4-64_queryq4-64
1385752092.0_L1,1385752092.0,L1,BACKGROUND,0.1381015330553054,BACKGROUND,idxq4-64_queryq4-64
1385752508.0_L1,1385752508.0,L1,AMBIGUOUS,0.1537237167358398,AMBIGUOUS,idxq4-64_queryq4-64
1385757852.0_L1,1385757852.0,L1,ROBUST,0.4377977252006531,ROBUST,idxq4-64_queryq4-64
1385799900.0_L1,1385799900.0,L1,AMBIGUOUS,0.1898019909858703,AMBIGUOUS,idxq4-64_queryq4-64
1385800380.0_L1,1385800380.0,L1,ROBUST,0.4241457283496856,ROBUST,idxq4-64_queryq4-64
1385800892.0_L1,1385800892.0,L1,AMBIGUOUS,0.1679497957229614,AMBIGUOUS,idxq4-64_queryq4-64
1385844828.0_L1,1385844828.0,L1,ROBUST,0.4284345209598541,ROBUST,idxq4-64_queryq4-64
1385845596.0_L1,1385845596.0,L1,BACKGROUND,0.1271327286958694,BACKGROUND,idxq4-64_queryq4-64
1385847260.0_L1,1385847260.0,L1,ROBUST,0.2217752188444137,ROBUST,idxq4-64_queryq4-64
1385887324.0_L1,1385887324.0,L1,ROBUST,0.4499467313289642,ROBUST,idxq4-64_queryq4-64
1385927484.0_L1,1385927484.0,L1,BACKGROUND,0.1098127141594886,BACKGROUND,idxq4-64_queryq4-64
1385986428.0_L1,1385986428.0,L1,ROBUST,0.2332787811756134,ROBUST,idxq4-64_queryq4-64
1385986588.0_L1,1385986588.0,L1,ROBUST,0.4346137344837188,ROBUST,idxq4-64_queryq4-64
1385987580.0_L1,1385987580.0,L1,ROBUST,0.2677987515926361,ROBUST,idxq4-64_queryq4-64
1385988156.0_L1,1385988156.0,L1,BACKGROUND,0.1119832545518875,BACKGROUND,idxq4-64_queryq4-64
1386015292.0_H1,1386015292.0,H1,AMBIGUOUS,0.1773336380720138,AMBIGUOUS,idxq4-64_queryq4-64
1386023292.0_H1,1386023292.0,H1,ROBUST,0.4114627540111542,ROBUST,idxq4-64_queryq4-64
1386038588.0_H1,1386038588.0,H1,ROBUST,0.4337093830108642,ROBUST,idxq4-64_queryq4-64
1386047132.0_H1,1386047132.0,H1,ROBUST,0.4390297830104828,ROBUST,idxq4-64_queryq4-64
1386051900.0_H1,1386051900.0,H1,AMBIGUOUS,0.1389092057943344,AMBIGUOUS,idxq4-64_queryq4-64
1386069084.0_H1,1386069084.0,H1,AMBIGUOUS,0.1492804884910583,AMBIGUOUS,idxq4-64_queryq4-64
1386073916.0_H1,1386073916.0,H1,ROBUST,0.4851127564907074,ROBUST,idxq4-64_queryq4-64
1386074076.0_H1,1386074076.0,H1,ROBUST,0.240990862250328,ROBUST,idxq4-64_queryq4-64
1386075484.0_H1,1386075484.0,H1,ROBUST,0.5007237792015076,ROBUST,idxq4-64_queryq4-64
1386079868.0_H1,1386079868.0,H1,AMBIGUOUS,0.1311716735363006,AMBIGUOUS,idxq4-64_queryq4-64
1386080700.0_H1,1386080700.0,H1,ROBUST,0.420384019613266,ROBUST,idxq4-64_queryq4-64
1386082908.0_H1,1386082908.0,H1,ROBUST,0.4157162308692932,ROBUST,idxq4-64_queryq4-64
1386083900.0_H1,1386083900.0,H1,BACKGROUND,0.1262305378913879,BACKGROUND,idxq4-64_queryq4-64
1386084156.0_H1,1386084156.0,H1,BACKGROUND,0.106106698513031,BACKGROUND,idxq4-64_queryq4-64
1386087836.0_H1,1386087836.0,H1,AMBIGUOUS,0.1902016997337341,AMBIGUOUS,idxq4-64_queryq4-64
1386091452.0_H1,1386091452.0,H1,ROBUST,0.302399069070816,ROBUST,idxq4-64_queryq4-64
1386092764.0_H1,1386092764.0,H1,AMBIGUOUS,0.1956159323453903,AMBIGUOUS,idxq4-64_queryq4-64
1386093308.0_H1,1386093308.0,H1,BACKGROUND,0.098426766693592,BACKGROUND,idxq4-64_queryq4-64
1386093532.0_H1,1386093532.0,H1,AMBIGUOUS,0.1527546048164367,AMBIGUOUS,idxq4-64_queryq4-64
1386094396.0_H1,1386094396.0,H1,BACKGROUND,0.1235126033425331,BACKGROUND,idxq4-64_queryq4-64
1386137276.0_H1,1386137276.0,H1,ROBUST,0.4172862768173218,ROBUST,idxq4-64_queryq4-64
1386139228.0_H1,1386139228.0,H1,ROBUST,0.4574548900127411,ROBUST,idxq4-64_queryq4-64
1386140732.0_H1,1386140732.0,H1,AMBIGUOUS,0.1452220976352691,AMBIGUOUS,idxq4-64_queryq4-64
1386148156.0_H1,1386148156.0,H1,BACKGROUND,0.0957016348838806,BACKGROUND,idxq4-64_queryq4-64
1386155708.0_H1,1386155708.0,H1,BACKGROUND,0.0975255072116851,BACKGROUND,idxq4-64_queryq4-64
1386163292.0_H1,1386163292.0,H1,BACKGROUND,0.1231892928481102,BACKGROUND,idxq4-64_queryq4-64
1386166012.0_H1,1386166012.0,H1,ROBUST,0.3181256651878357,ROBUST,idxq4-64_queryq4-64
1386167036.0_H1,1386167036.0,H1,ROBUST,0.4302617907524109,ROBUST,idxq4-64_queryq4-64
1386168668.0_H1,1386168668.0,H1,BACKGROUND,0.0989241600036621,BACKGROUND,idxq4-64_queryq4-64
1386168924.0_H1,1386168924.0,H1,BACKGROUND,0.0904659703373909,BACKGROUND,idxq4-64_queryq4-64
1386188540.0_H1,1386188540.0,H1,AMBIGUOUS,0.1351066976785659,AMBIGUOUS,idxq4-64_queryq4-64
1386204732.0_H1,1386204732.0,H1,ROBUST,0.4241427481174469,ROBUST,idxq4-64_queryq4-64
1386205980.0_H1,1386205980.0,H1,BACKGROUND,0.1298306137323379,BACKGROUND,idxq4-64_queryq4-64
1386209564.0_H1,1386209564.0,H1,BACKGROUND,0.0968409031629562,BACKGROUND,idxq4-64_queryq4-64
1386211388.0_H1,1386211388.0,H1,ROBUST,0.4527727663516998,ROBUST,idxq4-64_queryq4-64
1386212828.0_H1,1386212828.0,H1,ROBUST,0.4941715896129608,ROBUST,idxq4-64_queryq4-64
1386214972.0_H1,1386214972.0,H1,ROBUST,0.2719620764255523,ROBUST,idxq4-64_queryq4-64
1386215228.0_H1,1386215228.0,H1,AMBIGUOUS,0.1385841071605682,AMBIGUOUS,idxq4-64_queryq4-64
1386227900.0_H1,1386227900.0,H1,AMBIGUOUS,0.1580177545547485,AMBIGUOUS,idxq4-64_queryq4-64
1386232188.0_H1,1386232188.0,H1,ROBUST,0.4729238450527191,ROBUST,idxq4-64_queryq4-64
1386233244.0_H1,1386233244.0,H1,BACKGROUND,0.123867891728878,BACKGROUND,idxq4-64_queryq4-64
1386234172.0_H1,1386234172.0,H1,ROBUST,0.2769095301628113,ROBUST,idxq4-64_queryq4-64
1386235452.0_H1,1386235452.0,H1,BACKGROUND,0.1299401670694351,BACKGROUND,idxq4-64_queryq4-64
1386235516.0_H1,1386235516.0,H1,ROBUST,0.4883663952350616,ROBUST,idxq4-64_queryq4-64
1386238268.0_H1,1386238268.0,H1,ROBUST,0.473176509141922,ROBUST,idxq4-64_queryq4-64
1386240476.0_H1,1386240476.0,H1,BACKGROUND,0.1155088022351265,BACKGROUND,idxq4-64_queryq4-64
1386241212.0_H1,1386241212.0,H1,ROBUST,0.4397615492343902,ROBUST,idxq4-64_queryq4-64
1386242012.0_H1,1386242012.0,H1,ROBUST,0.4246642887592315,ROBUST,idxq4-64_queryq4-64
1386242684.0_H1,1386242684.0,H1,BACKGROUND,0.1099201887845993,BACKGROUND,idxq4-64_queryq4-64
1386244476.0_H1,1386244476.0,H1,ROBUST,0.4270066618919372,ROBUST,idxq4-64_queryq4-64
1386249500.0_H1,1386249500.0,H1,BACKGROUND,0.1054920181632042,BACKGROUND,idxq4-64_queryq4-64
1386251644.0_H1,1386251644.0,H1,BACKGROUND,0.0861735790967941,BACKGROUND,idxq4-64_queryq4-64
1386252764.0_H1,1386252764.0,H1,BACKGROUND,0.0995865538716316,BACKGROUND,idxq4-64_queryq4-64
1386254044.0_H1,1386254044.0,H1,BACKGROUND,0.1023169010877609,BACKGROUND,idxq4-64_queryq4-64
1386265052.0_H1,1386265052.0,H1,ROBUST,0.4470268785953522,ROBUST,idxq4-64_queryq4-64
1386267324.0_H1,1386267324.0,H1,ROBUST,0.4255319237709045,ROBUST,idxq4-64_queryq4-64
1386273084.0_H1,1386273084.0,H1,AMBIGUOUS,0.1617889702320099,AMBIGUOUS,idxq4-64_queryq4-64
1386273116.0_H1,1386273116.0,H1,BACKGROUND,0.0919531062245369,BACKGROUND,idxq4-64_queryq4-64
1386276540.0_H1,1386276540.0,H1,AMBIGUOUS,0.1793750673532486,AMBIGUOUS,idxq4-64_queryq4-64
1386277820.0_H1,1386277820.0,H1,BACKGROUND,0.1046169102191925,BACKGROUND,idxq4-64_queryq4-64
1386280124.0_H1,1386280124.0,H1,BACKGROUND,0.1187888607382774,BACKGROUND,idxq4-64_queryq4-64
1386280476.0_H1,1386280476.0,H1,BACKGROUND,0.0988879799842834,BACKGROUND,idxq4-64_queryq4-64
1386283708.0_H1,1386283708.0,H1,BACKGROUND,0.1207065060734748,BACKGROUND,idxq4-64_queryq4-64
1386299196.0_H1,1386299196.0,H1,BACKGROUND,0.1178835108876228,BACKGROUND,idxq4-64_queryq4-64
1386300380.0_H1,1386300380.0,H1,BACKGROUND,0.1074908599257469,BACKGROUND,idxq4-64_queryq4-64
1386300828.0_H1,1386300828.0,H1,ROBUST,0.4519636332988739,ROBUST,idxq4-64_queryq4-64
1386302492.0_H1,1386302492.0,H1,ROBUST,0.3997262418270111,ROBUST,idxq4-64_queryq4-64
1386302652.0_H1,1386302652.0,H1,BACKGROUND,0.1072172075510025,BACKGROUND,idxq4-64_queryq4-64
1386304892.0_H1,1386304892.0,H1,AMBIGUOUS,0.203891173005104,AMBIGUOUS,idxq4-64_queryq4-64
1386308124.0_H1,1386308124.0,H1,BACKGROUND,0.1154048070311546,BACKGROUND,idxq4-64_queryq4-64
1386308572.0_H1,1386308572.0,H1,AMBIGUOUS,0.1876587569713592,AMBIGUOUS,idxq4-64_queryq4-64
1386309212.0_H1,1386309212.0,H1,ROBUST,0.4229910969734192,ROBUST,idxq4-64_queryq4-64
1386310236.0_H1,1386310236.0,H1,BACKGROUND,0.1222204193472862,BACKGROUND,idxq4-64_queryq4-64
1386310620.0_H1,1386310620.0,H1,BACKGROUND,0.0909065753221511,BACKGROUND,idxq4-64_queryq4-64
1386310780.0_H1,1386310780.0,H1,AMBIGUOUS,0.1669440269470214,AMBIGUOUS,idxq4-64_queryq4-64
1386325276.0_H1,1386325276.0,H1,BACKGROUND,0.1294445842504501,BACKGROUND,idxq4-64_queryq4-64
1386326140.0_H1,1386326140.0,H1,ROBUST,0.443403035402298,ROBUST,idxq4-64_queryq4-64
1386331164.0_H1,1386331164.0,H1,BACKGROUND,0.0922824814915657,BACKGROUND,idxq4-64_queryq4-64
1386331356.0_H1,1386331356.0,H1,BACKGROUND,0.1265926957130432,BACKGROUND,idxq4-64_queryq4-64
1386337212.0_H1,1386337212.0,H1,ROBUST,0.336512804031372,ROBUST,idxq4-64_queryq4-64
1386341948.0_H1,1386341948.0,H1,AMBIGUOUS,0.1755711287260055,AMBIGUOUS,idxq4-64_queryq4-64
1386342716.0_H1,1386342716.0,H1,AMBIGUOUS,0.1522627174854278,AMBIGUOUS,idxq4-64_queryq4-64
1386343164.0_H1,1386343164.0,H1,AMBIGUOUS,0.1324225962162017,AMBIGUOUS,idxq4-64_queryq4-64
1386343676.0_H1,1386343676.0,H1,BACKGROUND,0.117975503206253,BACKGROUND,idxq4-64_queryq4-64
1386344668.0_H1,1386344668.0,H1,BACKGROUND,0.1091705560684204,BACKGROUND,idxq4-64_queryq4-64
1386345660.0_H1,1386345660.0,H1,ROBUST,0.4273419678211212,ROBUST,idxq4-64_queryq4-64
1386347452.0_H1,1386347452.0,H1,ROBUST,0.4316903948783874,ROBUST,idxq4-64_queryq4-64
1386350780.0_H1,1386350780.0,H1,BACKGROUND,0.122780404984951,BACKGROUND,idxq4-64_queryq4-64
1386354428.0_H1,1386354428.0,H1,ROBUST,0.4309149384498596,ROBUST,idxq4-64_queryq4-64
1386355452.0_H1,1386355452.0,H1,AMBIGUOUS,0.1991889923810959,AMBIGUOUS,idxq4-64_queryq4-64
1386355516.0_H1,1386355516.0,H1,BACKGROUND,0.0888285115361213,BACKGROUND,idxq4-64_queryq4-64
1386363964.0_H1,1386363964.0,H1,ROBUST,0.4312593042850494,ROBUST,idxq4-64_queryq4-64
1386368764.0_H1,1386368764.0,H1,BACKGROUND,0.1222347393631935,BACKGROUND,idxq4-64_queryq4-64
1386369564.0_H1,1386369564.0,H1,AMBIGUOUS,0.1434737592935562,AMBIGUOUS,idxq4-64_queryq4-64
1386371356.0_H1,1386371356.0,H1,AMBIGUOUS,0.1771756559610366,AMBIGUOUS,idxq4-64_queryq4-64
1386372348.0_H1,1386372348.0,H1,ROBUST,0.213577389717102,ROBUST,idxq4-64_queryq4-64
1386375644.0_H1,1386375644.0,H1,BACKGROUND,0.1007429882884025,BACKGROUND,idxq4-64_queryq4-64
1386375772.0_H1,1386375772.0,H1,BACKGROUND,0.1010149121284484,BACKGROUND,idxq4-64_queryq4-64
1386378236.0_H1,1386378236.0,H1,AMBIGUOUS,0.1794111281633377,AMBIGUOUS,idxq4-64_queryq4-64
1386379324.0_H1,1386379324.0,H1,ROBUST,0.2144894897937774,ROBUST,idxq4-64_queryq4-64
1386383740.0_H1,1386383740.0,H1,ROBUST,0.4406045079231262,ROBUST,idxq4-64_queryq4-64
1386387836.0_H1,1386387836.0,H1,ROBUST,0.2045145183801651,ROBUST,idxq4-64_queryq4-64
1386391808.0_H1,1386391808.0,H1,BACKGROUND,0.0982991680502891,BACKGROUND,idxq4-64_queryq4-64
1386395580.0_H1,1386395580.0,H1,ROBUST,0.4544413089752197,ROBUST,idxq4-64_queryq4-64
1386395644.0_H1,1386395644.0,H1,BACKGROUND,0.1001741662621498,BACKGROUND,idxq4-64_queryq4-64
1386403996.0_H1,1386403996.0,H1,BACKGROUND,0.1230994686484336,BACKGROUND,idxq4-64_queryq4-64
1386405596.0_H1,1386405596.0,H1,ROBUST,0.2619399428367615,ROBUST,idxq4-64_queryq4-64
1386406300.0_H1,1386406300.0,H1,AMBIGUOUS,0.1738954782485962,AMBIGUOUS,idxq4-64_queryq4-64
1386408412.0_H1,1386408412.0,H1,ROBUST,0.4265308380126953,ROBUST,idxq4-64_queryq4-64
1386417340.0_H1,1386417340.0,H1,BACKGROUND,0.1172381788492202,BACKGROUND,idxq4-64_queryq4-64
1386417756.0_H1,1386417756.0,H1,BACKGROUND,0.1075702905654907,BACKGROUND,idxq4-64_queryq4-64
1386418268.0_H1,1386418268.0,H1,BACKGROUND,0.1052840501070022,BACKGROUND,idxq4-64_queryq4-64
1386422140.0_H1,1386422140.0,H1,ROBUST,0.4997264742851257,ROBUST,idxq4-64_queryq4-64
1386422588.0_H1,1386422588.0,H1,ROBUST,0.4922422468662262,ROBUST,idxq4-64_queryq4-64
1386423708.0_H1,1386423708.0,H1,ROBUST,0.4116316437721252,ROBUST,idxq4-64_queryq4-64
1386423836.0_H1,1386423836.0,H1,ROBUST,0.4065055549144745,ROBUST,idxq4-64_queryq4-64
1386427228.0_H1,1386427228.0,H1,ROBUST,0.434674471616745,ROBUST,idxq4-64_queryq4-64
1386428508.0_H1,1386428508.0,H1,BACKGROUND,0.1153807789087295,BACKGROUND,idxq4-64_queryq4-64
1386511132.0_L1,1386511132.0,L1,ROBUST,0.4346413314342499,ROBUST,idxq4-64_queryq4-64
1386518460.0_L1,1386518460.0,L1,ROBUST,0.4767332673072815,ROBUST,idxq4-64_queryq4-64
1386520956.0_L1,1386520956.0,L1,ROBUST,0.2679852843284607,ROBUST,idxq4-64_queryq4-64
1386528892.0_L1,1386528892.0,L1,AMBIGUOUS,0.1530443131923675,AMBIGUOUS,idxq4-64_queryq4-64
1386529084.0_L1,1386529084.0,L1,ROBUST,0.4347355365753174,ROBUST,idxq4-64_queryq4-64
1386562588.0_L1,1386562588.0,L1,ROBUST,0.4178197979927063,ROBUST,idxq4-64_queryq4-64
1386579772.0_L1,1386579772.0,L1,ROBUST,0.4400043785572052,ROBUST,idxq4-64_queryq4-64
1386606300.0_H1,1386606300.0,H1,AMBIGUOUS,0.1810463517904281,AMBIGUOUS,idxq4-64_queryq4-64
1386607068.0_H1,1386607068.0,H1,ROBUST,0.2283685058355331,ROBUST,idxq4-64_queryq4-64
1386615036.0_H1,1386615036.0,H1,ROBUST,0.2615123689174652,ROBUST,idxq4-64_queryq4-64
1386666236.0_H1,1386666236.0,H1,ROBUST,0.4686711132526397,ROBUST,idxq4-64_queryq4-64
1386671932.0_H1,1386671932.0,H1,ROBUST,0.4511254131793976,ROBUST,idxq4-64_queryq4-64
1386676636.0_H1,1386676636.0,H1,ROBUST,0.4351865649223327,ROBUST,idxq4-64_queryq4-64
1386677180.0_H1,1386677180.0,H1,BACKGROUND,0.1138028353452682,BACKGROUND,idxq4-64_queryq4-64
1386677468.0_H1,1386677468.0,H1,AMBIGUOUS,0.1383608430624008,AMBIGUOUS,idxq4-64_queryq4-64
1386677948.0_H1,1386677948.0,H1,ROBUST,0.4002634882926941,ROBUST,idxq4-64_queryq4-64
1386690972.0_H1,1386690972.0,H1,ROBUST,0.425096184015274,ROBUST,idxq4-64_queryq4-64
1386691676.0_H1,1386691676.0,H1,ROBUST,0.4424989521503448,ROBUST,idxq4-64_queryq4-64
1386692732.0_H1,1386692732.0,H1,BACKGROUND,0.1195789352059364,BACKGROUND,idxq4-64_queryq4-64
1386694972.0_H1,1386694972.0,H1,BACKGROUND,0.0952992811799049,BACKGROUND,idxq4-64_queryq4-64
1386695260.0_H1,1386695260.0,H1,AMBIGUOUS,0.1668386459350586,AMBIGUOUS,idxq4-64_queryq4-64
1386696412.0_H1,1386696412.0,H1,ROBUST,0.4341228604316711,ROBUST,idxq4-64_queryq4-64
1386698108.0_H1,1386698108.0,H1,ROBUST,0.4405509531497955,ROBUST,idxq4-64_queryq4-64
1386698140.0_H1,1386698140.0,H1,ROBUST,0.4020483493804931,ROBUST,idxq4-64_queryq4-64
1386721628.0_H1,1386721628.0,H1,BACKGROUND,0.1116783991456031,BACKGROUND,idxq4-64_queryq4-64
1386722204.0_H1,1386722204.0,H1,BACKGROUND,0.1197673827409744,BACKGROUND,idxq4-64_queryq4-64
1386830652.0_H1,1386830652.0,H1,ROBUST,0.4583804905414581,ROBUST,idxq4-64_queryq4-64
1386841020.0_H1,1386841020.0,H1,ROBUST,0.4354570209980011,ROBUST,idxq4-64_queryq4-64
1386844672.0_H1,1386844672.0,H1,BACKGROUND,0.0815339088439941,BACKGROUND,idxq4-64_queryq4-64
1386847676.0_H1,1386847676.0,H1,BACKGROUND,0.1099658757448196,BACKGROUND,idxq4-64_queryq4-64
1386848796.0_H1,1386848796.0,H1,ROBUST,0.4457547962665558,ROBUST,idxq4-64_queryq4-64
1386856924.0_H1,1386856924.0,H1,ROBUST,0.2235472947359085,ROBUST,idxq4-64_queryq4-64
1386859964.0_H1,1386859964.0,H1,ROBUST,0.3007760345935821,ROBUST,idxq4-64_queryq4-64
1386863580.0_H1,1386863580.0,H1,BACKGROUND,0.103873886168003,BACKGROUND,idxq4-64_queryq4-64
1386869436.0_H1,1386869436.0,H1,BACKGROUND,0.107391133904457,BACKGROUND,idxq4-64_queryq4-64
1386899452.0_H1,1386899452.0,H1,ROBUST,0.4224883019924164,ROBUST,idxq4-64_queryq4-64
1386914044.0_H1,1386914044.0,H1,AMBIGUOUS,0.1541295796632766,AMBIGUOUS,idxq4-64_queryq4-64
1386927868.0_H1,1386927868.0,H1,ROBUST,0.4398432075977325,ROBUST,idxq4-64_queryq4-64
1386933564.0_H1,1386933564.0,H1,AMBIGUOUS,0.1801142245531082,AMBIGUOUS,idxq4-64_queryq4-64
1386934172.0_H1,1386934172.0,H1,BACKGROUND,0.1086144745349884,BACKGROUND,idxq4-64_queryq4-64
1386935324.0_H1,1386935324.0,H1,BACKGROUND,0.0977461785078048,BACKGROUND,idxq4-64_queryq4-64
1386947324.0_H1,1386947324.0,H1,ROBUST,0.4642799198627472,ROBUST,idxq4-64_queryq4-64
1386949628.0_H1,1386949628.0,H1,ROBUST,0.4600479006767273,ROBUST,idxq4-64_queryq4-64
1386950172.0_H1,1386950172.0,H1,AMBIGUOUS,0.1754687428474426,AMBIGUOUS,idxq4-64_queryq4-64
1386965116.0_H1,1386965116.0,H1,ROBUST,0.4497502744197845,ROBUST,idxq4-64_queryq4-64
1386984444.0_H1,1386984444.0,H1,AMBIGUOUS,0.1599773913621902,AMBIGUOUS,idxq4-64_queryq4-64
1386997116.0_H1,1386997116.0,H1,BACKGROUND,0.1099992394447326,BACKGROUND,idxq4-64_queryq4-64
1386998204.0_H1,1386998204.0,H1,BACKGROUND,0.1150223687291145,BACKGROUND,idxq4-64_queryq4-64
1386998428.0_H1,1386998428.0,H1,ROBUST,0.4255100190639496,ROBUST,idxq4-64_queryq4-64
1386999484.0_H1,1386999484.0,H1,ROBUST,0.314268559217453,ROBUST,idxq4-64_queryq4-64
1387000924.0_H1,1387000924.0,H1,BACKGROUND,0.1010498851537704,BACKGROUND,idxq4-64_queryq4-64
1387001500.0_H1,1387001500.0,H1,ROBUST,0.4272693693637848,ROBUST,idxq4-64_queryq4-64
1387008188.0_H1,1387008188.0,H1,ROBUST,0.2430736273527145,ROBUST,idxq4-64_queryq4-64
1387009020.0_H1,1387009020.0,H1,ROBUST,0.4053059220314026,ROBUST,idxq4-64_queryq4-64
1387010236.0_H1,1387010236.0,H1,AMBIGUOUS,0.1731347441673278,AMBIGUOUS,idxq4-64_queryq4-64
1387011900.0_H1,1387011900.0,H1,BACKGROUND,0.0984903052449226,BACKGROUND,idxq4-64_queryq4-64
1387013788.0_H1,1387013788.0,H1,ROBUST,0.4645007848739624,ROBUST,idxq4-64_queryq4-64
1387015580.0_H1,1387015580.0,H1,AMBIGUOUS,0.1307118684053421,AMBIGUOUS,idxq4-64_queryq4-64
1387018236.0_H1,1387018236.0,H1,ROBUST,0.325414627790451,ROBUST,idxq4-64_queryq4-64
1387019196.0_H1,1387019196.0,H1,ROBUST,0.4375428855419159,ROBUST,idxq4-64_queryq4-64
1387025660.0_H1,1387025660.0,H1,BACKGROUND,0.1170425862073898,BACKGROUND,idxq4-64_queryq4-64
1387027196.0_H1,1387027196.0,H1,ROBUST,0.3614096343517303,ROBUST,idxq4-64_queryq4-64
1387031900.0_H1,1387031900.0,H1,ROBUST,0.4570773243904114,ROBUST,idxq4-64_queryq4-64
1387060956.0_H1,1387060956.0,H1,ROBUST,0.2041793018579483,ROBUST,idxq4-64_queryq4-64
1387115008.0_H1,1387115008.0,H1,BACKGROUND,0.0727824717760086,BACKGROUND,idxq4-64_queryq4-64
1387122588.0_H1,1387122588.0,H1,BACKGROUND,0.0943701788783073,BACKGROUND,idxq4-64_queryq4-64
1387152476.0_H1,1387152476.0,H1,ROBUST,0.4391141235828399,ROBUST,idxq4-64_queryq4-64
1387152988.0_H1,1387152988.0,H1,ROBUST,0.4306115508079529,ROBUST,idxq4-64_queryq4-64
1387170652.0_H1,1387170652.0,H1,AMBIGUOUS,0.148635059595108,AMBIGUOUS,idxq4-64_queryq4-64
1387191516.0_H1,1387191516.0,H1,ROBUST,0.432738333940506,ROBUST,idxq4-64_queryq4-64
1387191996.0_H1,1387191996.0,H1,AMBIGUOUS,0.1336059272289276,AMBIGUOUS,idxq4-64_queryq4-64
1387192188.0_H1,1387192188.0,H1,BACKGROUND,0.0936799645423889,BACKGROUND,idxq4-64_queryq4-64
1387195292.0_H1,1387195292.0,H1,BACKGROUND,0.0917877629399299,BACKGROUND,idxq4-64_queryq4-64
1387199100.0_H1,1387199100.0,H1,BACKGROUND,0.0939826443791389,BACKGROUND,idxq4-64_queryq4-64
1387206524.0_L1,1387206524.0,L1,ROBUST,0.4392349123954773,ROBUST,idxq4-64_queryq4-64
1387229724.0_H1,1387229724.0,H1,BACKGROUND,0.1110563725233078,BACKGROUND,idxq4-64_queryq4-64
1387243228.0_L1,1387243228.0,L1,ROBUST,0.4450800120830536,ROBUST,idxq4-64_queryq4-64
1387273692.0_H1,1387273692.0,H1,BACKGROUND,0.0990295335650444,BACKGROUND,idxq4-64_queryq4-64
1387306620.0_H1,1387306620.0,H1,ROBUST,0.3322122395038605,ROBUST,idxq4-64_queryq4-64
1387307996.0_H1,1387307996.0,H1,ROBUST,0.4687920212745666,ROBUST,idxq4-64_queryq4-64
1387309756.0_H1,1387309756.0,H1,BACKGROUND,0.1043636798858642,BACKGROUND,idxq4-64_queryq4-64
1387387484.0_H1,1387387484.0,H1,BACKGROUND,0.1140438839793205,BACKGROUND,idxq4-64_queryq4-64
1387387648.0_H1,1387387648.0,H1,ROBUST,0.39869225025177,ROBUST,idxq4-64_queryq4-64
1387388444.0_H1,1387388444.0,H1,ROBUST,0.414440780878067,ROBUST,idxq4-64_queryq4-64
1387396828.0_H1,1387396828.0,H1,BACKGROUND,0.1015601307153701,BACKGROUND,idxq4-64_queryq4-64
1387397212.0_H1,1387397212.0,H1,BACKGROUND,0.1112675964832305,BACKGROUND,idxq4-64_queryq4-64
1387400124.0_H1,1387400124.0,H1,ROBUST,0.4538888931274414,ROBUST,idxq4-64_queryq4-64
1387413852.0_H1,1387413852.0,H1,AMBIGUOUS,0.1322580128908157,AMBIGUOUS,idxq4-64_queryq4-64
1387415292.0_H1,1387415292.0,H1,ROBUST,0.4059552848339081,ROBUST,idxq4-64_queryq4-64
1387416284.0_H1,1387416284.0,H1,ROBUST,0.2271597683429718,ROBUST,idxq4-64_queryq4-64
1387486620.0_H1,1387486620.0,H1,AMBIGUOUS,0.1334612667560577,AMBIGUOUS,idxq4-64_queryq4-64
1387490652.0_H1,1387490652.0,H1,AMBIGUOUS,0.1788297295570373,AMBIGUOUS,idxq4-64_queryq4-64
1387500508.0_H1,1387500508.0,H1,BACKGROUND,0.0954622253775596,BACKGROUND,idxq4-64_queryq4-64
1387501052.0_H1,1387501052.0,H1,BACKGROUND,0.095636673271656,BACKGROUND,idxq4-64_queryq4-64
1387501148.0_H1,1387501148.0,H1,AMBIGUOUS,0.1856560260057449,AMBIGUOUS,idxq4-64_queryq4-64
1387501276.0_H1,1387501276.0,H1,BACKGROUND,0.1108529046177864,BACKGROUND,idxq4-64_queryq4-64
1387501916.0_H1,1387501916.0,H1,BACKGROUND,0.0928345471620559,BACKGROUND,idxq4-64_queryq4-64
1387503644.0_H1,1387503644.0,H1,BACKGROUND,0.1138720884919166,BACKGROUND,idxq4-64_queryq4-64
1387503996.0_H1,1387503996.0,H1,BACKGROUND,0.0844126045703888,BACKGROUND,idxq4-64_queryq4-64
1387506588.0_H1,1387506588.0,H1,BACKGROUND,0.0926474705338478,BACKGROUND,idxq4-64_queryq4-64
1387507484.0_H1,1387507484.0,H1,BACKGROUND,0.0923375710844993,BACKGROUND,idxq4-64_queryq4-64
1387509180.0_H1,1387509180.0,H1,BACKGROUND,0.1035545319318771,BACKGROUND,idxq4-64_queryq4-64
1387510172.0_H1,1387510172.0,H1,AMBIGUOUS,0.1422591209411621,AMBIGUOUS,idxq4-64_queryq4-64
1387510812.0_H1,1387510812.0,H1,BACKGROUND,0.1073261573910713,BACKGROUND,idxq4-64_queryq4-64
1387511164.0_H1,1387511164.0,H1,ROBUST,0.4237160682678222,ROBUST,idxq4-64_queryq4-64
1387514876.0_H1,1387514876.0,H1,ROBUST,0.4579835832118988,ROBUST,idxq4-64_queryq4-64
1387515100.0_H1,1387515100.0,H1,AMBIGUOUS,0.1826932281255722,AMBIGUOUS,idxq4-64_queryq4-64
1387515740.0_H1,1387515740.0,H1,AMBIGUOUS,0.1582662463188171,AMBIGUOUS,idxq4-64_queryq4-64
1387515932.0_H1,1387515932.0,H1,BACKGROUND,0.0990899130702018,BACKGROUND,idxq4-64_queryq4-64
1387516892.0_H1,1387516892.0,H1,AMBIGUOUS,0.1595824658870697,AMBIGUOUS,idxq4-64_queryq4-64
1387516988.0_H1,1387516988.0,H1,BACKGROUND,0.0921669825911521,BACKGROUND,idxq4-64_queryq4-64
1387526912.0_H1,1387526912.0,H1,BACKGROUND,0.084159068763256,BACKGROUND,idxq4-64_queryq4-64
1387526940.0_H1,1387526940.0,H1,AMBIGUOUS,0.2010458409786224,AMBIGUOUS,idxq4-64_queryq4-64
1387528188.0_H1,1387528188.0,H1,BACKGROUND,0.1041395962238311,BACKGROUND,idxq4-64_queryq4-64
1387530844.0_H1,1387530844.0,H1,ROBUST,0.4101774990558624,ROBUST,idxq4-64_queryq4-64
1387535228.0_H1,1387535228.0,H1,BACKGROUND,0.1093132346868515,BACKGROUND,idxq4-64_queryq4-64
1387535580.0_H1,1387535580.0,H1,BACKGROUND,0.0937469601631164,BACKGROUND,idxq4-64_queryq4-64
1387536604.0_H1,1387536604.0,H1,BACKGROUND,0.090445227921009,BACKGROUND,idxq4-64_queryq4-64
1387537500.0_H1,1387537500.0,H1,AMBIGUOUS,0.1364626288414001,AMBIGUOUS,idxq4-64_queryq4-64
1387540604.0_H1,1387540604.0,H1,ROBUST,0.4716236889362335,ROBUST,idxq4-64_queryq4-64
1387541212.0_H1,1387541212.0,H1,BACKGROUND,0.1012783199548721,BACKGROUND,idxq4-64_queryq4-64
1387542172.0_H1,1387542172.0,H1,BACKGROUND,0.0972205325961113,BACKGROUND,idxq4-64_queryq4-64
1387542428.0_H1,1387542428.0,H1,BACKGROUND,0.1144386157393455,BACKGROUND,idxq4-64_queryq4-64
1387543612.0_H1,1387543612.0,H1,BACKGROUND,0.103740394115448,BACKGROUND,idxq4-64_queryq4-64
1387544220.0_H1,1387544220.0,H1,ROBUST,0.4160718917846679,ROBUST,idxq4-64_queryq4-64
1387544348.0_H1,1387544348.0,H1,BACKGROUND,0.1007596999406814,BACKGROUND,idxq4-64_queryq4-64
1387545564.0_H1,1387545564.0,H1,BACKGROUND,0.1091532558202743,BACKGROUND,idxq4-64_queryq4-64
1387545692.0_H1,1387545692.0,H1,BACKGROUND,0.0889520794153213,BACKGROUND,idxq4-64_queryq4-64
1387555900.0_H1,1387555900.0,H1,BACKGROUND,0.1117836460471153,BACKGROUND,idxq4-64_queryq4-64
1388156476.0_H1,1388156476.0,H1,BACKGROUND,0.0936135947704315,BACKGROUND,idxq4-64_queryq4-64
1388157500.0_H1,1388157500.0,H1,BACKGROUND,0.092996135354042,BACKGROUND,idxq4-64_queryq4-64
1388157724.0_H1,1388157724.0,H1,AMBIGUOUS,0.1992386430501938,AMBIGUOUS,idxq4-64_queryq4-64
1388159676.0_H1,1388159676.0,H1,ROBUST,0.4265379905700683,ROBUST,idxq4-64_queryq4-64
1388159996.0_H1,1388159996.0,H1,ROBUST,0.4603358209133148,ROBUST,idxq4-64_queryq4-64
1388161692.0_H1,1388161692.0,H1,BACKGROUND,0.112963780760765,BACKGROUND,idxq4-64_queryq4-64
1388162684.0_H1,1388162684.0,H1,BACKGROUND,0.114587016403675,BACKGROUND,idxq4-64_queryq4-64
1388162716.0_H1,1388162716.0,H1,BACKGROUND,0.111820138990879,BACKGROUND,idxq4-64_queryq4-64
1388164796.0_H1,1388164796.0,H1,BACKGROUND,0.1067382171750068,BACKGROUND,idxq4-64_queryq4-64
1388166428.0_H1,1388166428.0,H1,BACKGROUND,0.1188427582383155,BACKGROUND,idxq4-64_queryq4-64
1388167548.0_H1,1388167548.0,H1,ROBUST,0.4522385001182556,ROBUST,idxq4-64_queryq4-64
1388168508.0_H1,1388168508.0,H1,BACKGROUND,0.10230303555727,BACKGROUND,idxq4-64_queryq4-64
1388173244.0_H1,1388173244.0,H1,AMBIGUOUS,0.1305228620767593,AMBIGUOUS,idxq4-64_queryq4-64
1388175420.0_H1,1388175420.0,H1,ROBUST,0.4536486864089966,ROBUST,idxq4-64_queryq4-64
1388177116.0_H1,1388177116.0,H1,BACKGROUND,0.1057260930538177,BACKGROUND,idxq4-64_queryq4-64
1388177724.0_H1,1388177724.0,H1,BACKGROUND,0.0947130024433136,BACKGROUND,idxq4-64_queryq4-64
1388178140.0_H1,1388178140.0,H1,ROBUST,0.4502038061618805,ROBUST,idxq4-64_queryq4-64
1388179548.0_H1,1388179548.0,H1,AMBIGUOUS,0.1544524431228637,AMBIGUOUS,idxq4-64_queryq4-64
1388182108.0_H1,1388182108.0,H1,ROBUST,0.4561857879161834,ROBUST,idxq4-64_queryq4-64
1388182364.0_H1,1388182364.0,H1,BACKGROUND,0.0917749255895614,BACKGROUND,idxq4-64_queryq4-64
1388183292.0_H1,1388183292.0,H1,BACKGROUND,0.1102559491991996,BACKGROUND,idxq4-64_queryq4-64
1388183708.0_H1,1388183708.0,H1,BACKGROUND,0.0923537760972976,BACKGROUND,idxq4-64_queryq4-64
1388184828.0_H1,1388184828.0,H1,BACKGROUND,0.085406444966793,BACKGROUND,idxq4-64_queryq4-64
1388185020.0_H1,1388185020.0,H1,ROBUST,0.4942675232887268,ROBUST,idxq4-64_queryq4-64
1388189692.0_H1,1388189692.0,H1,BACKGROUND,0.1227134987711906,BACKGROUND,idxq4-64_queryq4-64
1388190204.0_H1,1388190204.0,H1,BACKGROUND,0.0949550792574882,BACKGROUND,idxq4-64_queryq4-64
1388190716.0_H1,1388190716.0,H1,ROBUST,0.4269695878028869,ROBUST,idxq4-64_queryq4-64
1388299452.0_H1,1388299452.0,H1,BACKGROUND,0.104285828769207,BACKGROUND,idxq4-64_queryq4-64
1388301308.0_H1,1388301308.0,H1,ROBUST,0.3490930199623108,ROBUST,idxq4-64_queryq4-64
1388302204.0_H1,1388302204.0,H1,BACKGROUND,0.1117592230439186,BACKGROUND,idxq4-64_queryq4-64
1388302460.0_H1,1388302460.0,H1,AMBIGUOUS,0.1492126584053039,AMBIGUOUS,idxq4-64_queryq4-64
1388305628.0_H1,1388305628.0,H1,ROBUST,0.2746720910072326,ROBUST,idxq4-64_queryq4-64
1388360252.0_H1,1388360252.0,H1,ROBUST,0.4234102070331573,ROBUST,idxq4-64_queryq4-64
1388395004.0_H1,1388395004.0,H1,BACKGROUND,0.1276714652776718,BACKGROUND,idxq4-64_queryq4-64
1388422940.0_H1,1388422940.0,H1,ROBUST,0.4085855484008789,ROBUST,idxq4-64_queryq4-64
1388426524.0_H1,1388426524.0,H1,BACKGROUND,0.1083628833293914,BACKGROUND,idxq4-64_queryq4-64
1388438940.0_H1,1388438940.0,H1,ROBUST,0.3905591368675232,ROBUST,idxq4-64_queryq4-64
1388459036.0_H1,1388459036.0,H1,ROBUST,0.4414974749088287,ROBUST,idxq4-64_queryq4-64
1388460700.0_H1,1388460700.0,H1,AMBIGUOUS,0.1634285002946853,AMBIGUOUS,idxq4-64_queryq4-64
1388499996.0_H1,1388499996.0,H1,ROBUST,0.4404411315917969,ROBUST,idxq4-64_queryq4-64
1388500476.0_H1,1388500476.0,H1,ROBUST,0.4708574116230011,ROBUST,idxq4-64_queryq4-64
1388502044.0_H1,1388502044.0,H1,AMBIGUOUS,0.1590738892555236,AMBIGUOUS,idxq4-64_queryq4-64
1388502076.0_H1,1388502076.0,H1,AMBIGUOUS,0.178862378001213,AMBIGUOUS,idxq4-64_queryq4-64
1388502140.0_H1,1388502140.0,H1,AMBIGUOUS,0.1444552540779113,AMBIGUOUS,idxq4-64_queryq4-64
1388502940.0_H1,1388502940.0,H1,AMBIGUOUS,0.194292813539505,AMBIGUOUS,idxq4-64_queryq4-64
1388509340.0_H1,1388509340.0,H1,ROBUST,0.4141716957092285,ROBUST,idxq4-64_queryq4-64
1388511740.0_H1,1388511740.0,H1,ROBUST,0.4495490491390228,ROBUST,idxq4-64_queryq4-64
1388516668.0_H1,1388516668.0,H1,AMBIGUOUS,0.1703269034624099,AMBIGUOUS,idxq4-64_queryq4-64
1388517500.0_H1,1388517500.0,H1,BACKGROUND,0.1136548221111297,BACKGROUND,idxq4-64_queryq4-64
1388518332.0_H1,1388518332.0,H1,BACKGROUND,0.1129943504929542,BACKGROUND,idxq4-64_queryq4-64
1388632220.0_L1,1388632220.0,L1,ROBUST,0.4452734589576721,ROBUST,idxq4-64_queryq4-64
1388632540.0_L1,1388632540.0,L1,ROBUST,0.4449158310890198,ROBUST,idxq4-64_queryq4-64
1388636060.0_H1,1388636060.0,H1,BACKGROUND,0.0911779105663299,BACKGROUND,idxq4-64_queryq4-64
1388637308.0_H1,1388637308.0,H1,BACKGROUND,0.1221223697066307,BACKGROUND,idxq4-64_queryq4-64
1388637372.0_H1,1388637372.0,H1,BACKGROUND,0.1214584782719612,BACKGROUND,idxq4-64_queryq4-64
1388639356.0_H1,1388639356.0,H1,AMBIGUOUS,0.1398449540138244,AMBIGUOUS,idxq4-64_queryq4-64
1388688896.0_L1,1388688896.0,L1,ROBUST,0.4378285706043243,ROBUST,idxq4-64_queryq4-64
1388689276.0_L1,1388689276.0,L1,ROBUST,0.4261073768138885,ROBUST,idxq4-64_queryq4-64
1388689308.0_L1,1388689308.0,L1,ROBUST,0.4678212404251098,ROBUST,idxq4-64_queryq4-64
1388689404.0_L1,1388689404.0,L1,ROBUST,0.4404537081718445,ROBUST,idxq4-64_queryq4-64
1388689500.0_L1,1388689500.0,L1,ROBUST,0.4557458162307739,ROBUST,idxq4-64_queryq4-64
1388689596.0_L1,1388689596.0,L1,ROBUST,0.4761677980422973,ROBUST,idxq4-64_queryq4-64
1388689692.0_L1,1388689692.0,L1,ROBUST,0.437392920255661,ROBUST,idxq4-64_queryq4-64
1388689820.0_L1,1388689820.0,L1,ROBUST,0.4446604549884796,ROBUST,idxq4-64_queryq4-64
1388689852.0_L1,1388689852.0,L1,ROBUST,0.4289447665214538,ROBUST,idxq4-64_queryq4-64
1388689884.0_L1,1388689884.0,L1,ROBUST,0.4382359087467193,ROBUST,idxq4-64_queryq4-64
1388689980.0_L1,1388689980.0,L1,ROBUST,0.4377878308296203,ROBUST,idxq4-64_queryq4-64
1388690300.0_L1,1388690300.0,L1,ROBUST,0.4343293011188507,ROBUST,idxq4-64_queryq4-64
1388690460.0_L1,1388690460.0,L1,ROBUST,0.450708657503128,ROBUST,idxq4-64_queryq4-64
1388690556.0_L1,1388690556.0,L1,ROBUST,0.4212173521518707,ROBUST,idxq4-64_queryq4-64
1388690588.0_L1,1388690588.0,L1,ROBUST,0.4760236740112304,ROBUST,idxq4-64_queryq4-64
1388690620.0_L1,1388690620.0,L1,ROBUST,0.4676666855812073,ROBUST,idxq4-64_queryq4-64
1388690844.0_L1,1388690844.0,L1,ROBUST,0.4630673825740814,ROBUST,idxq4-64_queryq4-64
1388690940.0_L1,1388690940.0,L1,ROBUST,0.4598114490509033,ROBUST,idxq4-64_queryq4-64
1388691132.0_L1,1388691132.0,L1,ROBUST,0.4533054828643799,ROBUST,idxq4-64_queryq4-64
1388691196.0_L1,1388691196.0,L1,ROBUST,0.4406830072402954,ROBUST,idxq4-64_queryq4-64
1388691324.0_L1,1388691324.0,L1,ROBUST,0.4580420851707458,ROBUST,idxq4-64_queryq4-64
1388691420.0_L1,1388691420.0,L1,ROBUST,0.4250200986862182,ROBUST,idxq4-64_queryq4-64
1388695804.0_H1,1388695804.0,H1,BACKGROUND,0.0911472514271736,BACKGROUND,idxq4-64_queryq4-64
1388696316.0_H1,1388696316.0,H1,BACKGROUND,0.0848753899335861,BACKGROUND,idxq4-64_queryq4-64
1388697180.0_H1,1388697180.0,H1,BACKGROUND,0.097250685095787,BACKGROUND,idxq4-64_queryq4-64
1388698268.0_H1,1388698268.0,H1,BACKGROUND,0.0980894416570663,BACKGROUND,idxq4-64_queryq4-64
1388703292.0_H1,1388703292.0,H1,ROBUST,0.4458799362182617,ROBUST,idxq4-64_queryq4-64
1388705308.0_H1,1388705308.0,H1,ROBUST,0.4152936339378357,ROBUST,idxq4-64_queryq4-64
1388705788.0_H1,1388705788.0,H1,ROBUST,0.4397420287132263,ROBUST,idxq4-64_queryq4-64
1388706076.0_H1,1388706076.0,H1,BACKGROUND,0.1058633774518966,BACKGROUND,idxq4-64_queryq4-64
1388713948.0_H1,1388713948.0,H1,ROBUST,0.4127773940563202,ROBUST,idxq4-64_queryq4-64
1388715004.0_H1,1388715004.0,H1,AMBIGUOUS,0.1423844248056411,AMBIGUOUS,idxq4-64_queryq4-64
1388719132.0_H1,1388719132.0,H1,ROBUST,0.2615197002887726,ROBUST,idxq4-64_queryq4-64
1388719900.0_H1,1388719900.0,H1,BACKGROUND,0.096161775290966,BACKGROUND,idxq4-64_queryq4-64
1388720668.0_H1,1388720668.0,H1,BACKGROUND,0.1015513911843299,BACKGROUND,idxq4-64_queryq4-64
1388723100.0_H1,1388723100.0,H1,ROBUST,0.4691785871982574,ROBUST,idxq4-64_queryq4-64
1388724284.0_H1,1388724284.0,H1,ROBUST,0.4675714373588562,ROBUST,idxq4-64_queryq4-64
1388724636.0_H1,1388724636.0,H1,BACKGROUND,0.1105189770460128,BACKGROUND,idxq4-64_queryq4-64
1388729500.0_H1,1388729500.0,H1,AMBIGUOUS,0.1352545768022537,AMBIGUOUS,idxq4-64_queryq4-64
1388732924.0_H1,1388732924.0,H1,BACKGROUND,0.1302181929349899,BACKGROUND,idxq4-64_queryq4-64
1388733020.0_H1,1388733020.0,H1,BACKGROUND,0.0833752676844596,BACKGROUND,idxq4-64_queryq4-64
1388734044.0_H1,1388734044.0,H1,BACKGROUND,0.0907168984413147,BACKGROUND,idxq4-64_queryq4-64
1388734364.0_H1,1388734364.0,H1,ROBUST,0.4329091310501098,ROBUST,idxq4-64_queryq4-64
1388737116.0_H1,1388737116.0,H1,BACKGROUND,0.0953725799918174,BACKGROUND,idxq4-64_queryq4-64
1388737564.0_H1,1388737564.0,H1,AMBIGUOUS,0.1751191914081573,AMBIGUOUS,idxq4-64_queryq4-64
1388741724.0_H1,1388741724.0,H1,AMBIGUOUS,0.1606025993824005,AMBIGUOUS,idxq4-64_queryq4-64
1388742780.0_H1,1388742780.0,H1,ROBUST,0.4160036742687225,ROBUST,idxq4-64_queryq4-64
1388743132.0_H1,1388743132.0,H1,BACKGROUND,0.0974726825952529,BACKGROUND,idxq4-64_queryq4-64
1388746620.0_H1,1388746620.0,H1,BACKGROUND,0.1172908470034599,BACKGROUND,idxq4-64_queryq4-64
1388747452.0_H1,1388747452.0,H1,ROBUST,0.4456970393657684,ROBUST,idxq4-64_queryq4-64
1388749788.0_H1,1388749788.0,H1,BACKGROUND,0.0951533466577529,BACKGROUND,idxq4-64_queryq4-64
1388749820.0_H1,1388749820.0,H1,ROBUST,0.4318287670612335,ROBUST,idxq4-64_queryq4-64
1388753852.0_H1,1388753852.0,H1,ROBUST,0.4445035457611084,ROBUST,idxq4-64_queryq4-64
1388754432.0_H1,1388754432.0,H1,BACKGROUND,0.0806382000446319,BACKGROUND,idxq4-64_queryq4-64
1388755100.0_H1,1388755100.0,H1,BACKGROUND,0.11068045347929,BACKGROUND,idxq4-64_queryq4-64
1388755580.0_H1,1388755580.0,H1,ROBUST,0.4986259937286377,ROBUST,idxq4-64_queryq4-64
1388764348.0_H1,1388764348.0,H1,AMBIGUOUS,0.1612764745950698,AMBIGUOUS,idxq4-64_queryq4-64
1388772700.0_H1,1388772700.0,H1,BACKGROUND,0.0919902473688125,BACKGROUND,idxq4-64_queryq4-64
1388773372.0_H1,1388773372.0,H1,BACKGROUND,0.1186275631189346,BACKGROUND,idxq4-64_queryq4-64
1388773756.0_H1,1388773756.0,H1,ROBUST,0.4675640165805816,ROBUST,idxq4-64_queryq4-64
1388782300.0_H1,1388782300.0,H1,AMBIGUOUS,0.1541521549224853,AMBIGUOUS,idxq4-64_queryq4-64
1388798684.0_H1,1388798684.0,H1,AMBIGUOUS,0.1590157598257064,AMBIGUOUS,idxq4-64_queryq4-64
1388800444.0_H1,1388800444.0,H1,BACKGROUND,0.087365984916687,BACKGROUND,idxq4-64_queryq4-64
1388801340.0_H1,1388801340.0,H1,AMBIGUOUS,0.1422978341579437,AMBIGUOUS,idxq4-64_queryq4-64
1388802300.0_H1,1388802300.0,H1,AMBIGUOUS,0.160932183265686,AMBIGUOUS,idxq4-64_queryq4-64
1388804028.0_H1,1388804028.0,H1,BACKGROUND,0.1120930314064025,BACKGROUND,idxq4-64_queryq4-64
1388808060.0_H1,1388808060.0,H1,AMBIGUOUS,0.1322488039731979,AMBIGUOUS,idxq4-64_queryq4-64
1388809020.0_H1,1388809020.0,H1,BACKGROUND,0.1116615310311317,BACKGROUND,idxq4-64_queryq4-64
1388809244.0_H1,1388809244.0,H1,BACKGROUND,0.1095160916447639,BACKGROUND,idxq4-64_queryq4-64
1388810236.0_H1,1388810236.0,H1,BACKGROUND,0.1213584542274475,BACKGROUND,idxq4-64_queryq4-64
1388810460.0_H1,1388810460.0,H1,BACKGROUND,0.09869996458292,BACKGROUND,idxq4-64_queryq4-64
1388812124.0_H1,1388812124.0,H1,ROBUST,0.4940772354602813,ROBUST,idxq4-64_queryq4-64
1388815964.0_H1,1388815964.0,H1,AMBIGUOUS,0.1913347542285919,AMBIGUOUS,idxq4-64_queryq4-64
1388817180.0_H1,1388817180.0,H1,ROBUST,0.4326379299163818,ROBUST,idxq4-64_queryq4-64
1388817212.0_H1,1388817212.0,H1,ROBUST,0.3437137007713318,ROBUST,idxq4-64_queryq4-64
1388817948.0_H1,1388817948.0,H1,ROBUST,0.440923124551773,ROBUST,idxq4-64_queryq4-64
1388821148.0_H1,1388821148.0,H1,BACKGROUND,0.0993850529193878,BACKGROUND,idxq4-64_queryq4-64
1388823260.0_H1,1388823260.0,H1,ROBUST,0.5018065571784973,ROBUST,idxq4-64_queryq4-64
1388951004.0_H1,1388951004.0,H1,AMBIGUOUS,0.1733807027339935,AMBIGUOUS,idxq4-64_queryq4-64
1388968636.0_H1,1388968636.0,H1,AMBIGUOUS,0.1495423018932342,AMBIGUOUS,idxq4-64_queryq4-64
1388973148.0_H1,1388973148.0,H1,BACKGROUND,0.0984497293829917,BACKGROUND,idxq4-64_queryq4-64
1388974268.0_H1,1388974268.0,H1,BACKGROUND,0.1169748753309249,BACKGROUND,idxq4-64_queryq4-64
1388975900.0_H1,1388975900.0,H1,ROBUST,0.2425810098648071,ROBUST,idxq4-64_queryq4-64
1388982972.0_H1,1388982972.0,H1,ROBUST,0.4154450595378876,ROBUST,idxq4-64_queryq4-64
1388983772.0_H1,1388983772.0,H1,ROBUST,0.2086841166019439,ROBUST,idxq4-64_queryq4-64
1388985308.0_H1,1388985308.0,H1,ROBUST,0.4095646440982818,ROBUST,idxq4-64_queryq4-64
1388986044.0_H1,1388986044.0,H1,BACKGROUND,0.0923663005232811,BACKGROUND,idxq4-64_queryq4-64
1389002364.0_H1,1389002364.0,H1,BACKGROUND,0.1111408025026321,BACKGROUND,idxq4-64_queryq4-64
1389002972.0_H1,1389002972.0,H1,AMBIGUOUS,0.1696313470602035,AMBIGUOUS,idxq4-64_queryq4-64
1389004028.0_H1,1389004028.0,H1,BACKGROUND,0.1265216320753097,BACKGROUND,idxq4-64_queryq4-64
1389004636.0_H1,1389004636.0,H1,ROBUST,0.4413152039051056,ROBUST,idxq4-64_queryq4-64
1389075580.0_L1,1389075580.0,L1,ROBUST,0.439609169960022,ROBUST,idxq4-64_queryq4-64
1389077788.0_L1,1389077788.0,L1,ROBUST,0.4197681844234466,ROBUST,idxq4-64_queryq4-64
1389078236.0_L1,1389078236.0,L1,ROBUST,0.4231580793857574,ROBUST,idxq4-64_queryq4-64
1389091900.0_L1,1389091900.0,L1,ROBUST,0.4538435041904449,ROBUST,idxq4-64_queryq4-64
1389094492.0_L1,1389094492.0,L1,ROBUST,0.4196314513683319,ROBUST,idxq4-64_queryq4-64
1389098588.0_L1,1389098588.0,L1,ROBUST,0.3915417194366455,ROBUST,idxq4-64_queryq4-64
1389099196.0_L1,1389099196.0,L1,ROBUST,0.4276193082332611,ROBUST,idxq4-64_queryq4-64
1389099452.0_L1,1389099452.0,L1,ROBUST,0.4331333041191101,ROBUST,idxq4-64_queryq4-64
1389100188.0_L1,1389100188.0,L1,ROBUST,0.2313915640115738,ROBUST,idxq4-64_queryq4-64
1389100252.0_L1,1389100252.0,L1,ROBUST,0.409521073102951,ROBUST,idxq4-64_queryq4-64
1389100284.0_L1,1389100284.0,L1,ROBUST,0.4339417219161987,ROBUST,idxq4-64_queryq4-64
1389100380.0_L1,1389100380.0,L1,ROBUST,0.4141231477260589,ROBUST,idxq4-64_queryq4-64
1389100412.0_L1,1389100412.0,L1,ROBUST,0.4586550295352936,ROBUST,idxq4-64_queryq4-64
1389100700.0_L1,1389100700.0,L1,ROBUST,0.3853254020214081,ROBUST,idxq4-64_queryq4-64
1389101244.0_L1,1389101244.0,L1,ROBUST,0.4183651506900787,ROBUST,idxq4-64_queryq4-64
1389101884.0_L1,1389101884.0,L1,ROBUST,0.4259350299835205,ROBUST,idxq4-64_queryq4-64
1389102428.0_L1,1389102428.0,L1,ROBUST,0.4431008994579315,ROBUST,idxq4-64_queryq4-64
1389102972.0_L1,1389102972.0,L1,ROBUST,0.4236584305763244,ROBUST,idxq4-64_queryq4-64
1389103612.0_L1,1389103612.0,L1,ROBUST,0.4307976961135864,ROBUST,idxq4-64_queryq4-64
1389103708.0_L1,1389103708.0,L1,ROBUST,0.4219619035720825,ROBUST,idxq4-64_queryq4-64
1389103804.0_L1,1389103804.0,L1,ROBUST,0.4321464598178863,ROBUST,idxq4-64_queryq4-64
1389104124.0_L1,1389104124.0,L1,ROBUST,0.4341106414794922,ROBUST,idxq4-64_queryq4-64
1389104796.0_L1,1389104796.0,L1,ROBUST,0.4225901067256927,ROBUST,idxq4-64_queryq4-64
1389104988.0_L1,1389104988.0,L1,ROBUST,0.4338501989841461,ROBUST,idxq4-64_queryq4-64
1389105244.0_L1,1389105244.0,L1,ROBUST,0.4259433150291443,ROBUST,idxq4-64_queryq4-64
1389105692.0_L1,1389105692.0,L1,ROBUST,0.4419188797473907,ROBUST,idxq4-64_queryq4-64
1389105948.0_L1,1389105948.0,L1,ROBUST,0.4815853238105774,ROBUST,idxq4-64_queryq4-64
1389106044.0_L1,1389106044.0,L1,ROBUST,0.4420388042926788,ROBUST,idxq4-64_queryq4-64
1389106620.0_L1,1389106620.0,L1,ROBUST,0.4454582929611206,ROBUST,idxq4-64_queryq4-64
1389107260.0_L1,1389107260.0,L1,ROBUST,0.3705145716667175,ROBUST,idxq4-64_queryq4-64
1389107388.0_L1,1389107388.0,L1,ROBUST,0.4959576427936554,ROBUST,idxq4-64_queryq4-64
1389107580.0_L1,1389107580.0,L1,ROBUST,0.4227343499660492,ROBUST,idxq4-64_queryq4-64
1389107836.0_L1,1389107836.0,L1,ROBUST,0.4251106083393097,ROBUST,idxq4-64_queryq4-64
1389108060.0_L1,1389108060.0,L1,ROBUST,0.4240765273571014,ROBUST,idxq4-64_queryq4-64
1389108476.0_L1,1389108476.0,L1,ROBUST,0.4416647553443908,ROBUST,idxq4-64_queryq4-64
1389108508.0_L1,1389108508.0,L1,ROBUST,0.4105585217475891,ROBUST,idxq4-64_queryq4-64
1389108700.0_L1,1389108700.0,L1,ROBUST,0.388380616903305,ROBUST,idxq4-64_queryq4-64
1389108828.0_L1,1389108828.0,L1,ROBUST,0.3857189416885376,ROBUST,idxq4-64_queryq4-64
1389109340.0_L1,1389109340.0,L1,ROBUST,0.4279960393905639,ROBUST,idxq4-64_queryq4-64
1389109532.0_L1,1389109532.0,L1,ROBUST,0.4508993625640869,ROBUST,idxq4-64_queryq4-64
1389109596.0_L1,1389109596.0,L1,ROBUST,0.4401934444904327,ROBUST,idxq4-64_queryq4-64
1389109660.0_L1,1389109660.0,L1,ROBUST,0.4414670169353485,ROBUST,idxq4-64_queryq4-64
1389109756.0_L1,1389109756.0,L1,ROBUST,0.4010196626186371,ROBUST,idxq4-64_queryq4-64
1389109916.0_L1,1389109916.0,L1,ROBUST,0.425885409116745,ROBUST,idxq4-64_queryq4-64
1389109948.0_L1,1389109948.0,L1,ROBUST,0.4170445799827575,ROBUST,idxq4-64_queryq4-64
1389110012.0_L1,1389110012.0,L1,ROBUST,0.4193728566169739,ROBUST,idxq4-64_queryq4-64
1389110076.0_L1,1389110076.0,L1,ROBUST,0.483617901802063,ROBUST,idxq4-64_queryq4-64
1389110140.0_L1,1389110140.0,L1,ROBUST,0.4223580658435821,ROBUST,idxq4-64_queryq4-64
1389110172.0_L1,1389110172.0,L1,ROBUST,0.4467273652553558,ROBUST,idxq4-64_queryq4-64
1389110300.0_L1,1389110300.0,L1,ROBUST,0.4309110045433044,ROBUST,idxq4-64_queryq4-64
1389110652.0_L1,1389110652.0,L1,ROBUST,0.4234991371631622,ROBUST,idxq4-64_queryq4-64
1389110940.0_L1,1389110940.0,L1,ROBUST,0.4470926523208618,ROBUST,idxq4-64_queryq4-64
1389111388.0_L1,1389111388.0,L1,ROBUST,0.4059487581253052,ROBUST,idxq4-64_queryq4-64
1389111612.0_L1,1389111612.0,L1,AMBIGUOUS,0.200923666357994,AMBIGUOUS,idxq4-64_queryq4-64
1389111676.0_L1,1389111676.0,L1,ROBUST,0.4349466562271118,ROBUST,idxq4-64_queryq4-64
1389112476.0_L1,1389112476.0,L1,ROBUST,0.4023345112800598,ROBUST,idxq4-64_queryq4-64
1389112604.0_L1,1389112604.0,L1,ROBUST,0.4596813321113586,ROBUST,idxq4-64_queryq4-64
1389112636.0_L1,1389112636.0,L1,ROBUST,0.4087282121181488,ROBUST,idxq4-64_queryq4-64
1389112796.0_L1,1389112796.0,L1,ROBUST,0.4401939213275909,ROBUST,idxq4-64_queryq4-64
1389113212.0_L1,1389113212.0,L1,ROBUST,0.4542175233364105,ROBUST,idxq4-64_queryq4-64
1389113276.0_L1,1389113276.0,L1,ROBUST,0.4065558016300201,ROBUST,idxq4-64_queryq4-64
1389113340.0_L1,1389113340.0,L1,ROBUST,0.4408086836338043,ROBUST,idxq4-64_queryq4-64
1389113404.0_L1,1389113404.0,L1,ROBUST,0.4468258619308471,ROBUST,idxq4-64_queryq4-64
1389113660.0_L1,1389113660.0,L1,ROBUST,0.4361883699893951,ROBUST,idxq4-64_queryq4-64
1389113788.0_L1,1389113788.0,L1,ROBUST,0.3940125405788421,ROBUST,idxq4-64_queryq4-64
1389113884.0_L1,1389113884.0,L1,ROBUST,0.439190924167633,ROBUST,idxq4-64_queryq4-64
1389114044.0_L1,1389114044.0,L1,ROBUST,0.419182538986206,ROBUST,idxq4-64_queryq4-64
1389114204.0_L1,1389114204.0,L1,ROBUST,0.4457482099533081,ROBUST,idxq4-64_queryq4-64
1389114492.0_L1,1389114492.0,L1,ROBUST,0.4648292660713196,ROBUST,idxq4-64_queryq4-64
1389114652.0_L1,1389114652.0,L1,ROBUST,0.4500918388366699,ROBUST,idxq4-64_queryq4-64
1389114716.0_L1,1389114716.0,L1,ROBUST,0.4374316036701202,ROBUST,idxq4-64_queryq4-64
1389114812.0_L1,1389114812.0,L1,ROBUST,0.4163975715637207,ROBUST,idxq4-64_queryq4-64
1389114972.0_L1,1389114972.0,L1,ROBUST,0.4255617260932922,ROBUST,idxq4-64_queryq4-64
1389115036.0_L1,1389115036.0,L1,ROBUST,0.4351731538772583,ROBUST,idxq4-64_queryq4-64
1389115164.0_L1,1389115164.0,L1,ROBUST,0.4635360836982727,ROBUST,idxq4-64_queryq4-64
1389115356.0_L1,1389115356.0,L1,ROBUST,0.4305545091629028,ROBUST,idxq4-64_queryq4-64
1389115484.0_L1,1389115484.0,L1,ROBUST,0.435380607843399,ROBUST,idxq4-64_queryq4-64
1389115580.0_L1,1389115580.0,L1,ROBUST,0.4200503528118133,ROBUST,idxq4-64_queryq4-64
1389115740.0_L1,1389115740.0,L1,ROBUST,0.4319083988666534,ROBUST,idxq4-64_queryq4-64
1389115804.0_L1,1389115804.0,L1,ROBUST,0.4370547235012054,ROBUST,idxq4-64_queryq4-64
1389115836.0_L1,1389115836.0,L1,ROBUST,0.4082247018814087,ROBUST,idxq4-64_queryq4-64
1389115868.0_L1,1389115868.0,L1,ROBUST,0.4627377092838287,ROBUST,idxq4-64_queryq4-64
1389115900.0_L1,1389115900.0,L1,ROBUST,0.4605383276939392,ROBUST,idxq4-64_queryq4-64
1389116028.0_L1,1389116028.0,L1,ROBUST,0.3541233539581299,ROBUST,idxq4-64_queryq4-64
1389116060.0_L1,1389116060.0,L1,ROBUST,0.4288763403892517,ROBUST,idxq4-64_queryq4-64
1389116092.0_L1,1389116092.0,L1,ROBUST,0.4354612529277801,ROBUST,idxq4-64_queryq4-64
1389116220.0_L1,1389116220.0,L1,ROBUST,0.4428520202636719,ROBUST,idxq4-64_queryq4-64
1389116316.0_L1,1389116316.0,L1,ROBUST,0.4235624969005584,ROBUST,idxq4-64_queryq4-64
1389116348.0_L1,1389116348.0,L1,ROBUST,0.4611062109470367,ROBUST,idxq4-64_queryq4-64
1389116412.0_L1,1389116412.0,L1,ROBUST,0.4233916103839874,ROBUST,idxq4-64_queryq4-64
1389116476.0_L1,1389116476.0,L1,ROBUST,0.4539934694766998,ROBUST,idxq4-64_queryq4-64
1389116572.0_L1,1389116572.0,L1,ROBUST,0.4805812835693359,ROBUST,idxq4-64_queryq4-64
1389116668.0_L1,1389116668.0,L1,ROBUST,0.4282458126544952,ROBUST,idxq4-64_queryq4-64
1389116732.0_L1,1389116732.0,L1,ROBUST,0.4115088880062103,ROBUST,idxq4-64_queryq4-64
1389116892.0_L1,1389116892.0,L1,ROBUST,0.451249897480011,ROBUST,idxq4-64_queryq4-64
1389116956.0_L1,1389116956.0,L1,ROBUST,0.4428958594799042,ROBUST,idxq4-64_queryq4-64
1389117148.0_L1,1389117148.0,L1,ROBUST,0.354528933763504,ROBUST,idxq4-64_queryq4-64
1389117180.0_L1,1389117180.0,L1,ROBUST,0.4478415548801422,ROBUST,idxq4-64_queryq4-64
1389117532.0_L1,1389117532.0,L1,ROBUST,0.4694044589996338,ROBUST,idxq4-64_queryq4-64
1389117628.0_L1,1389117628.0,L1,ROBUST,0.4547594785690307,ROBUST,idxq4-64_queryq4-64
1389117660.0_L1,1389117660.0,L1,ROBUST,0.4176054894924164,ROBUST,idxq4-64_queryq4-64
1389117852.0_L1,1389117852.0,L1,ROBUST,0.4084450900554657,ROBUST,idxq4-64_queryq4-64
1389117980.0_L1,1389117980.0,L1,ROBUST,0.4413582384586334,ROBUST,idxq4-64_queryq4-64
1389118012.0_L1,1389118012.0,L1,ROBUST,0.4713650941848755,ROBUST,idxq4-64_queryq4-64
1389118108.0_L1,1389118108.0,L1,ROBUST,0.4410541653633117,ROBUST,idxq4-64_queryq4-64
1389118140.0_L1,1389118140.0,L1,ROBUST,0.3934834897518158,ROBUST,idxq4-64_queryq4-64
1389118172.0_L1,1389118172.0,L1,ROBUST,0.4719191193580627,ROBUST,idxq4-64_queryq4-64
1389118300.0_L1,1389118300.0,L1,ROBUST,0.4312379956245422,ROBUST,idxq4-64_queryq4-64
1389118396.0_L1,1389118396.0,L1,ROBUST,0.4583392143249511,ROBUST,idxq4-64_queryq4-64
1389118588.0_L1,1389118588.0,L1,ROBUST,0.3987118303775787,ROBUST,idxq4-64_queryq4-64
1389118620.0_L1,1389118620.0,L1,ROBUST,0.5010021328926086,ROBUST,idxq4-64_queryq4-64
1389118908.0_L1,1389118908.0,L1,ROBUST,0.4225467443466186,ROBUST,idxq4-64_queryq4-64
1389119068.0_L1,1389119068.0,L1,ROBUST,0.4459446966648102,ROBUST,idxq4-64_queryq4-64
1389119196.0_L1,1389119196.0,L1,ROBUST,0.4163055717945099,ROBUST,idxq4-64_queryq4-64
1389119324.0_L1,1389119324.0,L1,ROBUST,0.4448113441467285,ROBUST,idxq4-64_queryq4-64
1389119356.0_L1,1389119356.0,L1,ROBUST,0.4797451794147491,ROBUST,idxq4-64_queryq4-64
1389119516.0_L1,1389119516.0,L1,ROBUST,0.457656592130661,ROBUST,idxq4-64_queryq4-64
1389119548.0_L1,1389119548.0,L1,ROBUST,0.4369432926177978,ROBUST,idxq4-64_queryq4-64
1389119580.0_L1,1389119580.0,L1,ROBUST,0.4090811908245086,ROBUST,idxq4-64_queryq4-64
1389119612.0_L1,1389119612.0,L1,ROBUST,0.4313152134418487,ROBUST,idxq4-64_queryq4-64
1389119644.0_L1,1389119644.0,L1,ROBUST,0.4699604511260986,ROBUST,idxq4-64_queryq4-64
1389119676.0_L1,1389119676.0,L1,ROBUST,0.4127912521362304,ROBUST,idxq4-64_queryq4-64
1389119740.0_L1,1389119740.0,L1,ROBUST,0.4372327625751495,ROBUST,idxq4-64_queryq4-64
1389119772.0_L1,1389119772.0,L1,ROBUST,0.4747800827026367,ROBUST,idxq4-64_queryq4-64
1389119804.0_L1,1389119804.0,L1,ROBUST,0.4106852412223816,ROBUST,idxq4-64_queryq4-64
1389119836.0_L1,1389119836.0,L1,ROBUST,0.459671139717102,ROBUST,idxq4-64_queryq4-64
1389119868.0_L1,1389119868.0,L1,ROBUST,0.4379074275493622,ROBUST,idxq4-64_queryq4-64
1389119964.0_L1,1389119964.0,L1,ROBUST,0.4556851089000702,ROBUST,idxq4-64_queryq4-64
1389119996.0_L1,1389119996.0,L1,ROBUST,0.423550546169281,ROBUST,idxq4-64_queryq4-64
1389120124.0_L1,1389120124.0,L1,ROBUST,0.3687432110309601,ROBUST,idxq4-64_queryq4-64
1389120188.0_L1,1389120188.0,L1,ROBUST,0.4534986317157745,ROBUST,idxq4-64_queryq4-64
1389120252.0_L1,1389120252.0,L1,ROBUST,0.4497982561588287,ROBUST,idxq4-64_queryq4-64
1389120284.0_L1,1389120284.0,L1,ROBUST,0.4280228912830353,ROBUST,idxq4-64_queryq4-64
1389120316.0_L1,1389120316.0,L1,ROBUST,0.4033527374267578,ROBUST,idxq4-64_queryq4-64
1389120348.0_L1,1389120348.0,L1,ROBUST,0.3941373229026794,ROBUST,idxq4-64_queryq4-64
1389120380.0_L1,1389120380.0,L1,ROBUST,0.4250074923038482,ROBUST,idxq4-64_queryq4-64
1389120444.0_L1,1389120444.0,L1,ROBUST,0.4812036454677582,ROBUST,idxq4-64_queryq4-64
1389120476.0_L1,1389120476.0,L1,ROBUST,0.4214998781681061,ROBUST,idxq4-64_queryq4-64
1389120540.0_L1,1389120540.0,L1,ROBUST,0.4605817794799804,ROBUST,idxq4-64_queryq4-64
1389120604.0_L1,1389120604.0,L1,ROBUST,0.4671176671981811,ROBUST,idxq4-64_queryq4-64
1389120636.0_L1,1389120636.0,L1,ROBUST,0.5077495574951172,ROBUST,idxq4-64_queryq4-64
1389120668.0_L1,1389120668.0,L1,ROBUST,0.4268033802509308,ROBUST,idxq4-64_queryq4-64
1389120732.0_L1,1389120732.0,L1,ROBUST,0.417476087808609,ROBUST,idxq4-64_queryq4-64
1389120764.0_L1,1389120764.0,L1,ROBUST,0.4449686706066131,ROBUST,idxq4-64_queryq4-64
1389120796.0_L1,1389120796.0,L1,ROBUST,0.4419994950294494,ROBUST,idxq4-64_queryq4-64
1389120860.0_L1,1389120860.0,L1,ROBUST,0.4754681289196014,ROBUST,idxq4-64_queryq4-64
1389120892.0_L1,1389120892.0,L1,ROBUST,0.4175393283367157,ROBUST,idxq4-64_queryq4-64
1389120988.0_L1,1389120988.0,L1,ROBUST,0.4501534104347229,ROBUST,idxq4-64_queryq4-64
1389121020.0_L1,1389121020.0,L1,ROBUST,0.4756673276424408,ROBUST,idxq4-64_queryq4-64
1389121084.0_L1,1389121084.0,L1,ROBUST,0.4609028398990631,ROBUST,idxq4-64_queryq4-64
1389121116.0_L1,1389121116.0,L1,ROBUST,0.3827604949474334,ROBUST,idxq4-64_queryq4-64
1389121148.0_L1,1389121148.0,L1,ROBUST,0.4089514315128326,ROBUST,idxq4-64_queryq4-64
1389121244.0_L1,1389121244.0,L1,ROBUST,0.4638647139072418,ROBUST,idxq4-64_queryq4-64
1389121308.0_L1,1389121308.0,L1,ROBUST,0.4465906023979187,ROBUST,idxq4-64_queryq4-64
1389121372.0_L1,1389121372.0,L1,ROBUST,0.4216435253620147,ROBUST,idxq4-64_queryq4-64
1389121404.0_L1,1389121404.0,L1,ROBUST,0.4573821425437927,ROBUST,idxq4-64_queryq4-64
1389121500.0_L1,1389121500.0,L1,ROBUST,0.4515502750873565,ROBUST,idxq4-64_queryq4-64
1389121532.0_L1,1389121532.0,L1,ROBUST,0.4390999674797058,ROBUST,idxq4-64_queryq4-64
1389121564.0_L1,1389121564.0,L1,ROBUST,0.433598518371582,ROBUST,idxq4-64_queryq4-64
1389121596.0_L1,1389121596.0,L1,ROBUST,0.4539421796798706,ROBUST,idxq4-64_queryq4-64
1389121628.0_L1,1389121628.0,L1,ROBUST,0.4542814791202545,ROBUST,idxq4-64_queryq4-64
1389121724.0_L1,1389121724.0,L1,ROBUST,0.4689673185348511,ROBUST,idxq4-64_queryq4-64
1389230620.0_L1,1389230620.0,L1,ROBUST,0.3812344074249267,ROBUST,idxq4-64_queryq4-64
1389237468.0_L1,1389237468.0,L1,AMBIGUOUS,0.1918219178915023,AMBIGUOUS,idxq4-64_queryq4-64
1389252924.0_L1,1389252924.0,L1,ROBUST,0.4427502155303955,ROBUST,idxq4-64_queryq4-64
1389253564.0_L1,1389253564.0,L1,ROBUST,0.4254782497882843,ROBUST,idxq4-64_queryq4-64
1389256700.0_L1,1389256700.0,L1,ROBUST,0.2269221693277359,ROBUST,idxq4-64_queryq4-64
1389266652.0_L1,1389266652.0,L1,ROBUST,0.4395831823348999,ROBUST,idxq4-64_queryq4-64
1389267644.0_L1,1389267644.0,L1,ROBUST,0.424282044172287,ROBUST,idxq4-64_queryq4-64
1389321500.0_H1,1389321500.0,H1,BACKGROUND,0.1087720915675163,BACKGROUND,idxq4-64_queryq4-64
1389340060.0_L1,1389340060.0,L1,ROBUST,0.2602787315845489,ROBUST,idxq4-64_queryq4-64
1389356700.0_L1,1389356700.0,L1,ROBUST,0.3266472518444061,ROBUST,idxq4-64_queryq4-64
1389356828.0_L1,1389356828.0,L1,ROBUST,0.3753858506679535,ROBUST,idxq4-64_queryq4-64
1389357052.0_L1,1389357052.0,L1,ROBUST,0.4346712231636047,ROBUST,idxq4-64_queryq4-64
1389357180.0_L1,1389357180.0,L1,ROBUST,0.4272057712078094,ROBUST,idxq4-64_queryq4-64
1389357340.0_L1,1389357340.0,L1,ROBUST,0.4190170764923095,ROBUST,idxq4-64_queryq4-64
1389357692.0_L1,1389357692.0,L1,AMBIGUOUS,0.162662923336029,AMBIGUOUS,idxq4-64_queryq4-64
1389361852.0_L1,1389361852.0,L1,ROBUST,0.4237995743751526,ROBUST,idxq4-64_queryq4-64
1389367676.0_L1,1389367676.0,L1,ROBUST,0.3919881284236908,ROBUST,idxq4-64_queryq4-64
1389370812.0_L1,1389370812.0,L1,ROBUST,0.4384236633777618,ROBUST,idxq4-64_queryq4-64
1389400060.0_L1,1389400060.0,L1,ROBUST,0.3969120979309082,ROBUST,idxq4-64_queryq4-64
1389400124.0_L1,1389400124.0,L1,ROBUST,0.4300673902034759,ROBUST,idxq4-64_queryq4-64
1389400284.0_L1,1389400284.0,L1,ROBUST,0.4174360036849975,ROBUST,idxq4-64_queryq4-64
1389400380.0_L1,1389400380.0,L1,ROBUST,0.403330534696579,ROBUST,idxq4-64_queryq4-64
1389400956.0_L1,1389400956.0,L1,ROBUST,0.3804230988025665,ROBUST,idxq4-64_queryq4-64
1389401052.0_L1,1389401052.0,L1,ROBUST,0.3997587859630584,ROBUST,idxq4-64_queryq4-64
1389430300.0_H1,1389430300.0,H1,BACKGROUND,0.1125234961509704,BACKGROUND,idxq4-64_queryq4-64
1389431004.0_H1,1389431004.0,H1,BACKGROUND,0.1252902597188949,BACKGROUND,idxq4-64_queryq4-64
1389432380.0_H1,1389432380.0,H1,AMBIGUOUS,0.1374725997447967,AMBIGUOUS,idxq4-64_queryq4-64
1389435644.0_H1,1389435644.0,H1,BACKGROUND,0.10518379509449,BACKGROUND,idxq4-64_queryq4-64
1389436636.0_H1,1389436636.0,H1,ROBUST,0.2328460663557052,ROBUST,idxq4-64_queryq4-64
1389437148.0_H1,1389437148.0,H1,ROBUST,0.2771048247814178,ROBUST,idxq4-64_queryq4-64
1389440028.0_H1,1389440028.0,H1,BACKGROUND,0.115817591547966,BACKGROUND,idxq4-64_queryq4-64
1389440476.0_H1,1389440476.0,H1,AMBIGUOUS,0.1311733126640319,AMBIGUOUS,idxq4-64_queryq4-64
1389441564.0_H1,1389441564.0,H1,ROBUST,0.4383219480514526,ROBUST,idxq4-64_queryq4-64
1389443164.0_H1,1389443164.0,H1,AMBIGUOUS,0.1660082936286926,AMBIGUOUS,idxq4-64_queryq4-64
1389444412.0_H1,1389444412.0,H1,ROBUST,0.4246478676795959,ROBUST,idxq4-64_queryq4-64
1389445788.0_H1,1389445788.0,H1,ROBUST,0.4386634528636932,ROBUST,idxq4-64_queryq4-64
1389446908.0_H1,1389446908.0,H1,ROBUST,0.3998510837554931,ROBUST,idxq4-64_queryq4-64
1389447580.0_H1,1389447580.0,H1,ROBUST,0.4100757539272308,ROBUST,idxq4-64_queryq4-64
1389451996.0_H1,1389451996.0,H1,BACKGROUND,0.1185782626271247,BACKGROUND,idxq4-64_queryq4-64
1369277340.0_L1,1369277340.0,L1,BACKGROUND,0.0728775188326835,BACKGROUND,idxq4-64_queryq4-64
1369316412.0_H1,1369316412.0,H1,BACKGROUND,0.0700796917080879,BACKGROUND,idxq4-64_queryq4-64
1369704572.0_L1,1369704572.0,L1,BACKGROUND,0.0663598179817199,BACKGROUND,idxq4-64_queryq4-64
1370391964.0_L1,1370391964.0,L1,BACKGROUND,0.0793584212660789,BACKGROUND,idxq4-64_queryq4-64
1370399232.0_L1,1370399232.0,L1,BACKGROUND,0.0608988851308822,BACKGROUND,idxq4-64_queryq4-64
1370635008.0_L1,1370635008.0,L1,BACKGROUND,0.0594959817826747,BACKGROUND,idxq4-64_queryq4-64
1372686300.0_H1,1372686300.0,H1,BACKGROUND,0.0790224894881248,BACKGROUND,idxq4-64_queryq4-64
1377870940.0_L1,1377870940.0,L1,BACKGROUND,0.0776854529976844,BACKGROUND,idxq4-64_queryq4-64
1378361372.0_L1,1378361372.0,L1,BACKGROUND,0.0723452568054199,BACKGROUND,idxq4-64_queryq4-64
1378769692.0_L1,1378769692.0,L1,BACKGROUND,0.0745344385504722,BACKGROUND,idxq4-64_queryq4-64
