selection_ordinal,gps_start,gps_end,source_path,source_start,source_end,detector,run,calibration_score,bootstrap_block_index,sampling_strategy
0,1368980356.0,1368980388.0,E:\o4a\1368977408\H1_1368977408_1368981504.hdf5,1368977408.0,1368981504.0,H1,O4a,0.0554707385599613,296,run_spanning_complete_raw_blocks_within_block_even_spacing
1,1368980420.0,1368980452.0,E:\o4a\1368977408\H1_1368977408_1368981504.hdf5,1368977408.0,1368981504.0,H1,O4a,0.0587708875536918,296,run_spanning_complete_raw_blocks_within_block_even_spacing
2,1368980548.0,1368980580.0,E:\o4a\1368977408\H1_1368977408_1368981504.hdf5,1368977408.0,1368981504.0,H1,O4a,0.0635203644633293,296,run_spanning_complete_raw_blocks_within_block_even_spacing
3,1368980676.0,1368980708.0,E:\o4a\1368977408\H1_1368977408_1368981504.hdf5,1368977408.0,1368981504.0,H1,O4a,0.0707507133483886,296,run_spanning_complete_raw_blocks_within_block_even_spacing
4,1368980804.0,1368980836.0,E:\o4a\1368977408\H1_1368977408_1368981504.hdf5,1368977408.0,1368981504.0,H1,O4a,0.0619657337665557,296,run_spanning_complete_raw_blocks_within_block_even_spacing
5,1368980868.0,1368980900.0,E:\o4a\1368977408\H1_1368977408_1368981504.hdf5,1368977408.0,1368981504.0,H1,O4a,0.059568490833044,296,run_spanning_complete_raw_blocks_within_block_even_spacing
6,1368980996.0,1368981028.0,E:\o4a\1368977408\H1_1368977408_1368981504.hdf5,1368977408.0,1368981504.0,H1,O4a,0.059605423361063,296,run_spanning_complete_raw_blocks_within_block_even_spacing
7,1368981124.0,1368981156.0,E:\o4a\1368977408\H1_1368977408_1368981504.hdf5,1368977408.0,1368981504.0,H1,O4a,0.063810184597969,296,run_spanning_complete_raw_blocks_within_block_even_spacing
8,1368981252.0,1368981284.0,E:\o4a\1368977408\H1_1368977408_1368981504.hdf5,1368977408.0,1368981504.0,H1,O4a,0.0590867586433887,296,run_spanning_complete_raw_blocks_within_block_even_spacing
9,1368981380.0,1368981412.0,E:\o4a\1368977408\H1_1368977408_1368981504.hdf5,1368977408.0,1368981504.0,H1,O4a,0.058512695133686,296,run_spanning_complete_raw_blocks_within_block_even_spacing
10,1368994948.0,1368994980.0,E:\o4a\1368973312\H1_1368993792_1368997888.hdf5,1368993792.0,1368997888.0,H1,O4a,0.0584063306450843,304,run_spanning_complete_raw_blocks_within_block_even_spacing
11,1368995012.0,1368995044.0,E:\o4a\1368973312\H1_1368993792_1368997888.hdf5,1368993792.0,1368997888.0,H1,O4a,0.0757971405982971,304,run_spanning_complete_raw_blocks_within_block_even_spacing
12,1368995140.0,1368995172.0,E:\o4a\1368973312\H1_1368993792_1368997888.hdf5,1368993792.0,1368997888.0,H1,O4a,0.0609329715371131,304,run_spanning_complete_raw_blocks_within_block_even_spacing
13,1368995268.0,1368995300.0,E:\o4a\1368973312\H1_1368993792_1368997888.hdf5,1368993792.0,1368997888.0,H1,O4a,0.0583081394433975,304,run_spanning_complete_raw_blocks_within_block_even_spacing
14,1368995396.0,1368995428.0,E:\o4a\1368973312\H1_1368993792_1368997888.hdf5,1368993792.0,1368997888.0,H1,O4a,0.0583075918257236,304,run_spanning_complete_raw_blocks_within_block_even_spacing
15,1368995460.0,1368995492.0,E:\o4a\1368973312\H1_1368993792_1368997888.hdf5,1368993792.0,1368997888.0,H1,O4a,0.0604856871068477,304,run_spanning_complete_raw_blocks_within_block_even_spacing
16,1368995588.0,1368995620.0,E:\o4a\1368973312\H1_1368993792_1368997888.hdf5,1368993792.0,1368997888.0,H1,O4a,0.0612278841435909,304,run_spanning_complete_raw_blocks_within_block_even_spacing
17,1368995716.0,1368995748.0,E:\o4a\1368973312\H1_1368993792_1368997888.hdf5,1368993792.0,1368997888.0,H1,O4a,0.0535878986120224,304,run_spanning_complete_raw_blocks_within_block_even_spacing
18,1368995844.0,1368995876.0,E:\o4a\1368973312\H1_1368993792_1368997888.hdf5,1368993792.0,1368997888.0,H1,O4a,0.0614520534873008,304,run_spanning_complete_raw_blocks_within_block_even_spacing
19,1368995972.0,1368996004.0,E:\o4a\1368973312\H1_1368993792_1368997888.hdf5,1368993792.0,1368997888.0,H1,O4a,0.0611889511346817,304,run_spanning_complete_raw_blocks_within_block_even_spacing
20,1369198724.0,1369198756.0,E:\o4a\1368973312\H1_1369198592_1369202688.hdf5,1369198592.0,1369202688.0,H1,O4a,0.0633177906274795,317,run_spanning_complete_raw_blocks_within_block_even_spacing
21,1369198788.0,1369198820.0,E:\o4a\1368973312\H1_1369198592_1369202688.hdf5,1369198592.0,1369202688.0,H1,O4a,0.0545282699167728,317,run_spanning_complete_raw_blocks_within_block_even_spacing
22,1369198916.0,1369198948.0,E:\o4a\1368973312\H1_1369198592_1369202688.hdf5,1369198592.0,1369202688.0,H1,O4a,0.0635298117995262,317,run_spanning_complete_raw_blocks_within_block_even_spacing
23,1369199044.0,1369199076.0,E:\o4a\1368973312\H1_1369198592_1369202688.hdf5,1369198592.0,1369202688.0,H1,O4a,0.0715561509132385,317,run_spanning_complete_raw_blocks_within_block_even_spacing
24,1369199172.0,1369199204.0,E:\o4a\1368973312\H1_1369198592_1369202688.hdf5,1369198592.0,1369202688.0,H1,O4a,0.064302772283554,317,run_spanning_complete_raw_blocks_within_block_even_spacing
25,1369199236.0,1369199268.0,E:\o4a\1368973312\H1_1369198592_1369202688.hdf5,1369198592.0,1369202688.0,H1,O4a,0.0585112534463405,317,run_spanning_complete_raw_blocks_within_block_even_spacing
26,1369199364.0,1369199396.0,E:\o4a\1368973312\H1_1369198592_1369202688.hdf5,1369198592.0,1369202688.0,H1,O4a,0.0706345587968826,317,run_spanning_complete_raw_blocks_within_block_even_spacing
27,1369199492.0,1369199524.0,E:\o4a\1368973312\H1_1369198592_1369202688.hdf5,1369198592.0,1369202688.0,H1,O4a,0.0877587348222732,317,run_spanning_complete_raw_blocks_within_block_even_spacing
28,1369199620.0,1369199652.0,E:\o4a\1368973312\H1_1369198592_1369202688.hdf5,1369198592.0,1369202688.0,H1,O4a,0.1128568276762962,317,run_spanning_complete_raw_blocks_within_block_even_spacing
29,1369199748.0,1369199780.0,E:\o4a\1368973312\H1_1369198592_1369202688.hdf5,1369198592.0,1369202688.0,H1,O4a,0.0600476339459419,317,run_spanning_complete_raw_blocks_within_block_even_spacing
30,1369219396.0,1369219428.0,E:\o4a\1368973312\H1_1369219072_1369223168.hdf5,1369219072.0,1369223168.0,H1,O4a,0.0599175058305263,329,run_spanning_complete_raw_blocks_within_block_even_spacing
31,1369219716.0,1369219748.0,E:\o4a\1368973312\H1_1369219072_1369223168.hdf5,1369219072.0,1369223168.0,H1,O4a,0.052232377231121,329,run_spanning_complete_raw_blocks_within_block_even_spacing
32,1369220100.0,1369220132.0,E:\o4a\1368973312\H1_1369219072_1369223168.hdf5,1369219072.0,1369223168.0,H1,O4a,0.0580924749374389,329,run_spanning_complete_raw_blocks_within_block_even_spacing
33,1369220420.0,1369220452.0,E:\o4a\1368973312\H1_1369219072_1369223168.hdf5,1369219072.0,1369223168.0,H1,O4a,0.0629471614956855,329,run_spanning_complete_raw_blocks_within_block_even_spacing
34,1369220804.0,1369220836.0,E:\o4a\1368973312\H1_1369219072_1369223168.hdf5,1369219072.0,1369223168.0,H1,O4a,0.0605385601520538,330,run_spanning_complete_raw_blocks_within_block_even_spacing
35,1369221124.0,1369221156.0,E:\o4a\1368973312\H1_1369219072_1369223168.hdf5,1369219072.0,1369223168.0,H1,O4a,0.0605115965008735,330,run_spanning_complete_raw_blocks_within_block_even_spacing
36,1369221508.0,1369221540.0,E:\o4a\1368973312\H1_1369219072_1369223168.hdf5,1369219072.0,1369223168.0,H1,O4a,0.0696225836873054,330,run_spanning_complete_raw_blocks_within_block_even_spacing
37,1369221828.0,1369221860.0,E:\o4a\1368973312\H1_1369219072_1369223168.hdf5,1369219072.0,1369223168.0,H1,O4a,0.0999719873070716,331,run_spanning_complete_raw_blocks_within_block_even_spacing
38,1369222212.0,1369222244.0,E:\o4a\1368973312\H1_1369219072_1369223168.hdf5,1369219072.0,1369223168.0,H1,O4a,0.0641353279352188,331,run_spanning_complete_raw_blocks_within_block_even_spacing
39,1369222596.0,1369222628.0,E:\o4a\1368973312\H1_1369219072_1369223168.hdf5,1369219072.0,1369223168.0,H1,O4a,0.0632853955030441,331,run_spanning_complete_raw_blocks_within_block_even_spacing
40,1369256708.0,1369256740.0,E:\o4a\1368973312\H1_1369255936_1369260032.hdf5,1369255936.0,1369260032.0,H1,O4a,0.0774322673678398,343,run_spanning_complete_raw_blocks_within_block_even_spacing
41,1369256900.0,1369256932.0,E:\o4a\1368973312\H1_1369255936_1369260032.hdf5,1369255936.0,1369260032.0,H1,O4a,0.0697683840990066,343,run_spanning_complete_raw_blocks_within_block_even_spacing
42,1369257156.0,1369257188.0,E:\o4a\1368973312\H1_1369255936_1369260032.hdf5,1369255936.0,1369260032.0,H1,O4a,0.0500396974384784,343,run_spanning_complete_raw_blocks_within_block_even_spacing
43,1369257412.0,1369257444.0,E:\o4a\1368973312\H1_1369255936_1369260032.hdf5,1369255936.0,1369260032.0,H1,O4a,0.0608622133731842,343,run_spanning_complete_raw_blocks_within_block_even_spacing
44,1369257604.0,1369257636.0,E:\o4a\1368973312\H1_1369255936_1369260032.hdf5,1369255936.0,1369260032.0,H1,O4a,0.0559397675096988,343,run_spanning_complete_raw_blocks_within_block_even_spacing
45,1369258372.0,1369258404.0,E:\o4a\1368973312\H1_1369255936_1369260032.hdf5,1369255936.0,1369260032.0,H1,O4a,0.0620697736740112,344,run_spanning_complete_raw_blocks_within_block_even_spacing
46,1369258628.0,1369258660.0,E:\o4a\1368973312\H1_1369255936_1369260032.hdf5,1369255936.0,1369260032.0,H1,O4a,0.0661524534225463,344,run_spanning_complete_raw_blocks_within_block_even_spacing
47,1369258820.0,1369258852.0,E:\o4a\1368973312\H1_1369255936_1369260032.hdf5,1369255936.0,1369260032.0,H1,O4a,0.0704152286052703,344,run_spanning_complete_raw_blocks_within_block_even_spacing
48,1369259076.0,1369259108.0,E:\o4a\1368973312\H1_1369255936_1369260032.hdf5,1369255936.0,1369260032.0,H1,O4a,0.0718935132026672,344,run_spanning_complete_raw_blocks_within_block_even_spacing
49,1369259332.0,1369259364.0,E:\o4a\1368973312\H1_1369255936_1369260032.hdf5,1369255936.0,1369260032.0,H1,O4a,0.064991109073162,344,run_spanning_complete_raw_blocks_within_block_even_spacing
50,1369284740.0,1369284772.0,E:\o4a\1368973312\H1_1369284608_1369288704.hdf5,1369284608.0,1369288704.0,H1,O4a,0.0621669143438339,352,run_spanning_complete_raw_blocks_within_block_even_spacing
51,1369284804.0,1369284836.0,E:\o4a\1368973312\H1_1369284608_1369288704.hdf5,1369284608.0,1369288704.0,H1,O4a,0.0584474802017211,352,run_spanning_complete_raw_blocks_within_block_even_spacing
52,1369284932.0,1369284964.0,E:\o4a\1368973312\H1_1369284608_1369288704.hdf5,1369284608.0,1369288704.0,H1,O4a,0.0632448270916938,352,run_spanning_complete_raw_blocks_within_block_even_spacing
53,1369285060.0,1369285092.0,E:\o4a\1368973312\H1_1369284608_1369288704.hdf5,1369284608.0,1369288704.0,H1,O4a,0.0582875348627567,352,run_spanning_complete_raw_blocks_within_block_even_spacing
54,1369285188.0,1369285220.0,E:\o4a\1368973312\H1_1369284608_1369288704.hdf5,1369284608.0,1369288704.0,H1,O4a,0.0654700919985771,352,run_spanning_complete_raw_blocks_within_block_even_spacing
55,1369285252.0,1369285284.0,E:\o4a\1368973312\H1_1369284608_1369288704.hdf5,1369284608.0,1369288704.0,H1,O4a,0.0554640218615531,352,run_spanning_complete_raw_blocks_within_block_even_spacing
56,1369285380.0,1369285412.0,E:\o4a\1368973312\H1_1369284608_1369288704.hdf5,1369284608.0,1369288704.0,H1,O4a,0.0552857853472232,352,run_spanning_complete_raw_blocks_within_block_even_spacing
57,1369285508.0,1369285540.0,E:\o4a\1368973312\H1_1369284608_1369288704.hdf5,1369284608.0,1369288704.0,H1,O4a,0.0623299591243267,352,run_spanning_complete_raw_blocks_within_block_even_spacing
58,1369285636.0,1369285668.0,E:\o4a\1368973312\H1_1369284608_1369288704.hdf5,1369284608.0,1369288704.0,H1,O4a,0.0645148083567619,352,run_spanning_complete_raw_blocks_within_block_even_spacing
59,1369285764.0,1369285796.0,E:\o4a\1368973312\H1_1369284608_1369288704.hdf5,1369284608.0,1369288704.0,H1,O4a,0.0685606598854065,352,run_spanning_complete_raw_blocks_within_block_even_spacing
60,1369313284.0,1369313316.0,E:\o4a\1368973312\H1_1369313280_1369317376.hdf5,1369313280.0,1369317376.0,H1,O4a,0.0723812058568,362,run_spanning_complete_raw_blocks_within_block_even_spacing
61,1369313348.0,1369313380.0,E:\o4a\1368973312\H1_1369313280_1369317376.hdf5,1369313280.0,1369317376.0,H1,O4a,0.0540203861892223,362,run_spanning_complete_raw_blocks_within_block_even_spacing
62,1369313476.0,1369313508.0,E:\o4a\1368973312\H1_1369313280_1369317376.hdf5,1369313280.0,1369317376.0,H1,O4a,0.0541524738073349,362,run_spanning_complete_raw_blocks_within_block_even_spacing
63,1369313604.0,1369313636.0,E:\o4a\1368973312\H1_1369313280_1369317376.hdf5,1369313280.0,1369317376.0,H1,O4a,0.0540550090372562,362,run_spanning_complete_raw_blocks_within_block_even_spacing
64,1369313732.0,1369313764.0,E:\o4a\1368973312\H1_1369313280_1369317376.hdf5,1369313280.0,1369317376.0,H1,O4a,0.0656159222126007,362,run_spanning_complete_raw_blocks_within_block_even_spacing
65,1369313796.0,1369313828.0,E:\o4a\1368973312\H1_1369313280_1369317376.hdf5,1369313280.0,1369317376.0,H1,O4a,0.1983125805854797,362,run_spanning_complete_raw_blocks_within_block_even_spacing
66,1369313924.0,1369313956.0,E:\o4a\1368973312\H1_1369313280_1369317376.hdf5,1369313280.0,1369317376.0,H1,O4a,0.0567166544497013,362,run_spanning_complete_raw_blocks_within_block_even_spacing
67,1369314052.0,1369314084.0,E:\o4a\1368973312\H1_1369313280_1369317376.hdf5,1369313280.0,1369317376.0,H1,O4a,0.0594529472291469,362,run_spanning_complete_raw_blocks_within_block_even_spacing
68,1369314180.0,1369314212.0,E:\o4a\1368973312\H1_1369313280_1369317376.hdf5,1369313280.0,1369317376.0,H1,O4a,0.0585720837116241,362,run_spanning_complete_raw_blocks_within_block_even_spacing
69,1369314308.0,1369314340.0,E:\o4a\1368973312\H1_1369313280_1369317376.hdf5,1369313280.0,1369317376.0,H1,O4a,0.0624497793614864,362,run_spanning_complete_raw_blocks_within_block_even_spacing
70,1369655556.0,1369655588.0,E:\o4a\1369491712\H1_1369655552_1369659648.hdf5,1369655552.0,1369659648.0,H1,O4a,0.0562371872365474,6,run_spanning_complete_raw_blocks_within_block_even_spacing
71,1369655620.0,1369655652.0,E:\o4a\1369491712\H1_1369655552_1369659648.hdf5,1369655552.0,1369659648.0,H1,O4a,0.0612014755606651,6,run_spanning_complete_raw_blocks_within_block_even_spacing
72,1369655748.0,1369655780.0,E:\o4a\1369491712\H1_1369655552_1369659648.hdf5,1369655552.0,1369659648.0,H1,O4a,0.0522593110799789,6,run_spanning_complete_raw_blocks_within_block_even_spacing
73,1369655876.0,1369655908.0,E:\o4a\1369491712\H1_1369655552_1369659648.hdf5,1369655552.0,1369659648.0,H1,O4a,0.0559711083769798,6,run_spanning_complete_raw_blocks_within_block_even_spacing
74,1369656004.0,1369656036.0,E:\o4a\1369491712\H1_1369655552_1369659648.hdf5,1369655552.0,1369659648.0,H1,O4a,0.0799090191721916,6,run_spanning_complete_raw_blocks_within_block_even_spacing
75,1369656068.0,1369656100.0,E:\o4a\1369491712\H1_1369655552_1369659648.hdf5,1369655552.0,1369659648.0,H1,O4a,0.0765499845147132,6,run_spanning_complete_raw_blocks_within_block_even_spacing
76,1369656196.0,1369656228.0,E:\o4a\1369491712\H1_1369655552_1369659648.hdf5,1369655552.0,1369659648.0,H1,O4a,0.0668074563145637,6,run_spanning_complete_raw_blocks_within_block_even_spacing
77,1369656324.0,1369656356.0,E:\o4a\1369491712\H1_1369655552_1369659648.hdf5,1369655552.0,1369659648.0,H1,O4a,0.0544845275580883,6,run_spanning_complete_raw_blocks_within_block_even_spacing
78,1369656452.0,1369656484.0,E:\o4a\1369491712\H1_1369655552_1369659648.hdf5,1369655552.0,1369659648.0,H1,O4a,0.063243567943573,6,run_spanning_complete_raw_blocks_within_block_even_spacing
79,1369656580.0,1369656612.0,E:\o4a\1369491712\H1_1369655552_1369659648.hdf5,1369655552.0,1369659648.0,H1,O4a,0.0731798112392425,6,run_spanning_complete_raw_blocks_within_block_even_spacing
80,1370137092.0,1370137124.0,E:\o4a\1370010112\H1_1370137088_1370141184.hdf5,1370137088.0,1370141184.0,H1,O4a,0.0670040622353553,12,run_spanning_complete_raw_blocks_within_block_even_spacing
81,1370137156.0,1370137188.0,E:\o4a\1370010112\H1_1370137088_1370141184.hdf5,1370137088.0,1370141184.0,H1,O4a,0.113425888121128,12,run_spanning_complete_raw_blocks_within_block_even_spacing
82,1370137284.0,1370137316.0,E:\o4a\1370010112\H1_1370137088_1370141184.hdf5,1370137088.0,1370141184.0,H1,O4a,0.0559386350214481,12,run_spanning_complete_raw_blocks_within_block_even_spacing
83,1370137412.0,1370137444.0,E:\o4a\1370010112\H1_1370137088_1370141184.hdf5,1370137088.0,1370141184.0,H1,O4a,0.0629283264279365,12,run_spanning_complete_raw_blocks_within_block_even_spacing
84,1370137540.0,1370137572.0,E:\o4a\1370010112\H1_1370137088_1370141184.hdf5,1370137088.0,1370141184.0,H1,O4a,0.0579716861248016,12,run_spanning_complete_raw_blocks_within_block_even_spacing
85,1370137604.0,1370137636.0,E:\o4a\1370010112\H1_1370137088_1370141184.hdf5,1370137088.0,1370141184.0,H1,O4a,0.056905660778284,12,run_spanning_complete_raw_blocks_within_block_even_spacing
86,1370137732.0,1370137764.0,E:\o4a\1370010112\H1_1370137088_1370141184.hdf5,1370137088.0,1370141184.0,H1,O4a,0.0528489388525486,12,run_spanning_complete_raw_blocks_within_block_even_spacing
87,1370137860.0,1370137892.0,E:\o4a\1370010112\H1_1370137088_1370141184.hdf5,1370137088.0,1370141184.0,H1,O4a,0.0802107006311416,12,run_spanning_complete_raw_blocks_within_block_even_spacing
88,1370137988.0,1370138020.0,E:\o4a\1370010112\H1_1370137088_1370141184.hdf5,1370137088.0,1370141184.0,H1,O4a,0.0587616562843322,12,run_spanning_complete_raw_blocks_within_block_even_spacing
89,1370138116.0,1370138148.0,E:\o4a\1370010112\H1_1370137088_1370141184.hdf5,1370137088.0,1370141184.0,H1,O4a,0.065065361559391,12,run_spanning_complete_raw_blocks_within_block_even_spacing
90,1370403332.0,1370403364.0,E:\o4a\1370010112\H1_1370403328_1370407424.hdf5,1370403328.0,1370407424.0,H1,O4a,0.0588118135929107,17,run_spanning_complete_raw_blocks_within_block_even_spacing
91,1370403396.0,1370403428.0,E:\o4a\1370010112\H1_1370403328_1370407424.hdf5,1370403328.0,1370407424.0,H1,O4a,0.0572392530739307,17,run_spanning_complete_raw_blocks_within_block_even_spacing
92,1370403524.0,1370403556.0,E:\o4a\1370010112\H1_1370403328_1370407424.hdf5,1370403328.0,1370407424.0,H1,O4a,0.0632451027631759,17,run_spanning_complete_raw_blocks_within_block_even_spacing
93,1370403652.0,1370403684.0,E:\o4a\1370010112\H1_1370403328_1370407424.hdf5,1370403328.0,1370407424.0,H1,O4a,0.0652795061469078,17,run_spanning_complete_raw_blocks_within_block_even_spacing
94,1370403780.0,1370403812.0,E:\o4a\1370010112\H1_1370403328_1370407424.hdf5,1370403328.0,1370407424.0,H1,O4a,0.0600068494677543,17,run_spanning_complete_raw_blocks_within_block_even_spacing
95,1370403844.0,1370403876.0,E:\o4a\1370010112\H1_1370403328_1370407424.hdf5,1370403328.0,1370407424.0,H1,O4a,0.0699291378259658,17,run_spanning_complete_raw_blocks_within_block_even_spacing
96,1370403972.0,1370404004.0,E:\o4a\1370010112\H1_1370403328_1370407424.hdf5,1370403328.0,1370407424.0,H1,O4a,0.0660304874181747,17,run_spanning_complete_raw_blocks_within_block_even_spacing
97,1370404100.0,1370404132.0,E:\o4a\1370010112\H1_1370403328_1370407424.hdf5,1370403328.0,1370407424.0,H1,O4a,0.0618742853403091,17,run_spanning_complete_raw_blocks_within_block_even_spacing
98,1370404228.0,1370404260.0,E:\o4a\1370010112\H1_1370403328_1370407424.hdf5,1370403328.0,1370407424.0,H1,O4a,0.056586567312479,17,run_spanning_complete_raw_blocks_within_block_even_spacing
99,1370404356.0,1370404388.0,E:\o4a\1370010112\H1_1370403328_1370407424.hdf5,1370403328.0,1370407424.0,H1,O4a,0.1187694743275642,17,run_spanning_complete_raw_blocks_within_block_even_spacing
100,1370778436.0,1370778468.0,E:\o4a\1370528512\H1_1370778368_1370782464.hdf5,1370778368.0,1370782464.0,H1,O4a,0.0699788853526115,23,run_spanning_complete_raw_blocks_within_block_even_spacing
101,1370778500.0,1370778532.0,E:\o4a\1370528512\H1_1370778368_1370782464.hdf5,1370778368.0,1370782464.0,H1,O4a,0.0649232119321823,23,run_spanning_complete_raw_blocks_within_block_even_spacing
102,1370778628.0,1370778660.0,E:\o4a\1370528512\H1_1370778368_1370782464.hdf5,1370778368.0,1370782464.0,H1,O4a,0.0742004588246345,23,run_spanning_complete_raw_blocks_within_block_even_spacing
103,1370778756.0,1370778788.0,E:\o4a\1370528512\H1_1370778368_1370782464.hdf5,1370778368.0,1370782464.0,H1,O4a,0.0563583448529243,23,run_spanning_complete_raw_blocks_within_block_even_spacing
104,1370778884.0,1370778916.0,E:\o4a\1370528512\H1_1370778368_1370782464.hdf5,1370778368.0,1370782464.0,H1,O4a,0.0559354163706302,23,run_spanning_complete_raw_blocks_within_block_even_spacing
105,1370778948.0,1370778980.0,E:\o4a\1370528512\H1_1370778368_1370782464.hdf5,1370778368.0,1370782464.0,H1,O4a,0.052719347178936,23,run_spanning_complete_raw_blocks_within_block_even_spacing
106,1370779076.0,1370779108.0,E:\o4a\1370528512\H1_1370778368_1370782464.hdf5,1370778368.0,1370782464.0,H1,O4a,0.0671490356326103,23,run_spanning_complete_raw_blocks_within_block_even_spacing
107,1370779204.0,1370779236.0,E:\o4a\1370528512\H1_1370778368_1370782464.hdf5,1370778368.0,1370782464.0,H1,O4a,0.0621632672846317,23,run_spanning_complete_raw_blocks_within_block_even_spacing
108,1370779332.0,1370779364.0,E:\o4a\1370528512\H1_1370778368_1370782464.hdf5,1370778368.0,1370782464.0,H1,O4a,0.0691355243325233,23,run_spanning_complete_raw_blocks_within_block_even_spacing
109,1370779460.0,1370779492.0,E:\o4a\1370528512\H1_1370778368_1370782464.hdf5,1370778368.0,1370782464.0,H1,O4a,0.0564393401145935,23,run_spanning_complete_raw_blocks_within_block_even_spacing
110,1371425924.0,1371425956.0,E:\o4a\1371046912\H1_1371423744_1371427840.hdf5,1371423744.0,1371427840.0,H1,O4a,0.066722460091114,32,run_spanning_complete_raw_blocks_within_block_even_spacing
111,1371425988.0,1371426020.0,E:\o4a\1371046912\H1_1371423744_1371427840.hdf5,1371423744.0,1371427840.0,H1,O4a,0.064996100962162,32,run_spanning_complete_raw_blocks_within_block_even_spacing
112,1371426116.0,1371426148.0,E:\o4a\1371046912\H1_1371423744_1371427840.hdf5,1371423744.0,1371427840.0,H1,O4a,0.0627171695232391,32,run_spanning_complete_raw_blocks_within_block_even_spacing
113,1371426244.0,1371426276.0,E:\o4a\1371046912\H1_1371423744_1371427840.hdf5,1371423744.0,1371427840.0,H1,O4a,0.1008047610521316,32,run_spanning_complete_raw_blocks_within_block_even_spacing
114,1371426372.0,1371426404.0,E:\o4a\1371046912\H1_1371423744_1371427840.hdf5,1371423744.0,1371427840.0,H1,O4a,0.0672837346792221,32,run_spanning_complete_raw_blocks_within_block_even_spacing
115,1371426436.0,1371426468.0,E:\o4a\1371046912\H1_1371423744_1371427840.hdf5,1371423744.0,1371427840.0,H1,O4a,0.056423258036375,32,run_spanning_complete_raw_blocks_within_block_even_spacing
116,1371426564.0,1371426596.0,E:\o4a\1371046912\H1_1371423744_1371427840.hdf5,1371423744.0,1371427840.0,H1,O4a,0.0612649358808994,32,run_spanning_complete_raw_blocks_within_block_even_spacing
117,1371426692.0,1371426724.0,E:\o4a\1371046912\H1_1371423744_1371427840.hdf5,1371423744.0,1371427840.0,H1,O4a,0.0624328516423702,32,run_spanning_complete_raw_blocks_within_block_even_spacing
118,1371426820.0,1371426852.0,E:\o4a\1371046912\H1_1371423744_1371427840.hdf5,1371423744.0,1371427840.0,H1,O4a,0.0820048823952674,32,run_spanning_complete_raw_blocks_within_block_even_spacing
119,1371426948.0,1371426980.0,E:\o4a\1371046912\H1_1371423744_1371427840.hdf5,1371423744.0,1371427840.0,H1,O4a,0.0745511427521705,32,run_spanning_complete_raw_blocks_within_block_even_spacing
120,1371669892.0,1371669924.0,E:\o4a\1371565312\H1_1371667712_1371671808.hdf5,1371667712.0,1371671808.0,H1,O4a,0.1236416324973106,37,run_spanning_complete_raw_blocks_within_block_even_spacing
121,1371669956.0,1371669988.0,E:\o4a\1371565312\H1_1371667712_1371671808.hdf5,1371667712.0,1371671808.0,H1,O4a,0.0849198773503303,37,run_spanning_complete_raw_blocks_within_block_even_spacing
122,1371670084.0,1371670116.0,E:\o4a\1371565312\H1_1371667712_1371671808.hdf5,1371667712.0,1371671808.0,H1,O4a,0.0646626129746437,37,run_spanning_complete_raw_blocks_within_block_even_spacing
123,1371670212.0,1371670244.0,E:\o4a\1371565312\H1_1371667712_1371671808.hdf5,1371667712.0,1371671808.0,H1,O4a,0.0830126106739044,37,run_spanning_complete_raw_blocks_within_block_even_spacing
124,1371670340.0,1371670372.0,E:\o4a\1371565312\H1_1371667712_1371671808.hdf5,1371667712.0,1371671808.0,H1,O4a,0.0614485256373882,37,run_spanning_complete_raw_blocks_within_block_even_spacing
125,1371670404.0,1371670436.0,E:\o4a\1371565312\H1_1371667712_1371671808.hdf5,1371667712.0,1371671808.0,H1,O4a,0.0565937757492065,37,run_spanning_complete_raw_blocks_within_block_even_spacing
126,1371670532.0,1371670564.0,E:\o4a\1371565312\H1_1371667712_1371671808.hdf5,1371667712.0,1371671808.0,H1,O4a,0.0691968277096748,37,run_spanning_complete_raw_blocks_within_block_even_spacing
127,1371670660.0,1371670692.0,E:\o4a\1371565312\H1_1371667712_1371671808.hdf5,1371667712.0,1371671808.0,H1,O4a,0.0580638609826564,37,run_spanning_complete_raw_blocks_within_block_even_spacing
128,1371670788.0,1371670820.0,E:\o4a\1371565312\H1_1371667712_1371671808.hdf5,1371667712.0,1371671808.0,H1,O4a,0.0967091545462608,37,run_spanning_complete_raw_blocks_within_block_even_spacing
129,1371670916.0,1371670948.0,E:\o4a\1371565312\H1_1371667712_1371671808.hdf5,1371667712.0,1371671808.0,H1,O4a,0.0665770918130874,37,run_spanning_complete_raw_blocks_within_block_even_spacing
130,1371881796.0,1371881828.0,E:\o4a\1371565312\H1_1371880704_1371884800.hdf5,1371880704.0,1371884800.0,H1,O4a,0.0732765272259712,41,run_spanning_complete_raw_blocks_within_block_even_spacing
131,1371881860.0,1371881892.0,E:\o4a\1371565312\H1_1371880704_1371884800.hdf5,1371880704.0,1371884800.0,H1,O4a,0.0623729154467582,41,run_spanning_complete_raw_blocks_within_block_even_spacing
132,1371881988.0,1371882020.0,E:\o4a\1371565312\H1_1371880704_1371884800.hdf5,1371880704.0,1371884800.0,H1,O4a,0.0618512630462646,41,run_spanning_complete_raw_blocks_within_block_even_spacing
133,1371882116.0,1371882148.0,E:\o4a\1371565312\H1_1371880704_1371884800.hdf5,1371880704.0,1371884800.0,H1,O4a,0.0725693181157112,41,run_spanning_complete_raw_blocks_within_block_even_spacing
134,1371882244.0,1371882276.0,E:\o4a\1371565312\H1_1371880704_1371884800.hdf5,1371880704.0,1371884800.0,H1,O4a,0.0651286989450454,41,run_spanning_complete_raw_blocks_within_block_even_spacing
135,1371882308.0,1371882340.0,E:\o4a\1371565312\H1_1371880704_1371884800.hdf5,1371880704.0,1371884800.0,H1,O4a,0.0798922553658485,41,run_spanning_complete_raw_blocks_within_block_even_spacing
136,1371882436.0,1371882468.0,E:\o4a\1371565312\H1_1371880704_1371884800.hdf5,1371880704.0,1371884800.0,H1,O4a,0.0726836323738098,41,run_spanning_complete_raw_blocks_within_block_even_spacing
137,1371882564.0,1371882596.0,E:\o4a\1371565312\H1_1371880704_1371884800.hdf5,1371880704.0,1371884800.0,H1,O4a,0.078406699001789,41,run_spanning_complete_raw_blocks_within_block_even_spacing
138,1371882692.0,1371882724.0,E:\o4a\1371565312\H1_1371880704_1371884800.hdf5,1371880704.0,1371884800.0,H1,O4a,0.0658553168177604,41,run_spanning_complete_raw_blocks_within_block_even_spacing
139,1371882820.0,1371882852.0,E:\o4a\1371565312\H1_1371880704_1371884800.hdf5,1371880704.0,1371884800.0,H1,O4a,0.0568835288286209,41,run_spanning_complete_raw_blocks_within_block_even_spacing
140,1372084804.0,1372084836.0,E:\o4a\1372083712\H1_1372083712_1372087808.hdf5,1372083712.0,1372087808.0,H1,O4a,0.0650400295853614,45,run_spanning_complete_raw_blocks_within_block_even_spacing
141,1372084868.0,1372084900.0,E:\o4a\1372083712\H1_1372083712_1372087808.hdf5,1372083712.0,1372087808.0,H1,O4a,0.0679175183176994,45,run_spanning_complete_raw_blocks_within_block_even_spacing
142,1372084996.0,1372085028.0,E:\o4a\1372083712\H1_1372083712_1372087808.hdf5,1372083712.0,1372087808.0,H1,O4a,0.0730035528540611,45,run_spanning_complete_raw_blocks_within_block_even_spacing
143,1372085124.0,1372085156.0,E:\o4a\1372083712\H1_1372083712_1372087808.hdf5,1372083712.0,1372087808.0,H1,O4a,0.0542553402483463,45,run_spanning_complete_raw_blocks_within_block_even_spacing
144,1372085252.0,1372085284.0,E:\o4a\1372083712\H1_1372083712_1372087808.hdf5,1372083712.0,1372087808.0,H1,O4a,0.0736036896705627,45,run_spanning_complete_raw_blocks_within_block_even_spacing
145,1372085316.0,1372085348.0,E:\o4a\1372083712\H1_1372083712_1372087808.hdf5,1372083712.0,1372087808.0,H1,O4a,0.0581306926906108,45,run_spanning_complete_raw_blocks_within_block_even_spacing
146,1372085444.0,1372085476.0,E:\o4a\1372083712\H1_1372083712_1372087808.hdf5,1372083712.0,1372087808.0,H1,O4a,0.0784574225544929,45,run_spanning_complete_raw_blocks_within_block_even_spacing
147,1372085572.0,1372085604.0,E:\o4a\1372083712\H1_1372083712_1372087808.hdf5,1372083712.0,1372087808.0,H1,O4a,0.059717234224081,45,run_spanning_complete_raw_blocks_within_block_even_spacing
148,1372085700.0,1372085732.0,E:\o4a\1372083712\H1_1372083712_1372087808.hdf5,1372083712.0,1372087808.0,H1,O4a,0.0657172501087188,45,run_spanning_complete_raw_blocks_within_block_even_spacing
149,1372085828.0,1372085860.0,E:\o4a\1372083712\H1_1372083712_1372087808.hdf5,1372083712.0,1372087808.0,H1,O4a,0.0793023258447647,45,run_spanning_complete_raw_blocks_within_block_even_spacing
150,1372434052.0,1372434084.0,E:\o4a\1372083712\H1_1372431872_1372435968.hdf5,1372431872.0,1372435968.0,H1,O4a,0.0623383037745952,49,run_spanning_complete_raw_blocks_within_block_even_spacing
151,1372434116.0,1372434148.0,E:\o4a\1372083712\H1_1372431872_1372435968.hdf5,1372431872.0,1372435968.0,H1,O4a,0.0599869564175605,49,run_spanning_complete_raw_blocks_within_block_even_spacing
152,1372434244.0,1372434276.0,E:\o4a\1372083712\H1_1372431872_1372435968.hdf5,1372431872.0,1372435968.0,H1,O4a,0.0680949315428733,49,run_spanning_complete_raw_blocks_within_block_even_spacing
153,1372434372.0,1372434404.0,E:\o4a\1372083712\H1_1372431872_1372435968.hdf5,1372431872.0,1372435968.0,H1,O4a,0.0587973855435848,49,run_spanning_complete_raw_blocks_within_block_even_spacing
154,1372434500.0,1372434532.0,E:\o4a\1372083712\H1_1372431872_1372435968.hdf5,1372431872.0,1372435968.0,H1,O4a,0.0651695132255554,49,run_spanning_complete_raw_blocks_within_block_even_spacing
155,1372434564.0,1372434596.0,E:\o4a\1372083712\H1_1372431872_1372435968.hdf5,1372431872.0,1372435968.0,H1,O4a,0.0587015077471733,49,run_spanning_complete_raw_blocks_within_block_even_spacing
156,1372434692.0,1372434724.0,E:\o4a\1372083712\H1_1372431872_1372435968.hdf5,1372431872.0,1372435968.0,H1,O4a,0.0639752075076103,49,run_spanning_complete_raw_blocks_within_block_even_spacing
157,1372434820.0,1372434852.0,E:\o4a\1372083712\H1_1372431872_1372435968.hdf5,1372431872.0,1372435968.0,H1,O4a,0.0695220306515693,49,run_spanning_complete_raw_blocks_within_block_even_spacing
158,1372434948.0,1372434980.0,E:\o4a\1372083712\H1_1372431872_1372435968.hdf5,1372431872.0,1372435968.0,H1,O4a,0.068208709359169,49,run_spanning_complete_raw_blocks_within_block_even_spacing
159,1372435076.0,1372435108.0,E:\o4a\1372083712\H1_1372431872_1372435968.hdf5,1372431872.0,1372435968.0,H1,O4a,0.0605184063315391,49,run_spanning_complete_raw_blocks_within_block_even_spacing
160,1372874244.0,1372874276.0,E:\o4a\1372602112\H1_1372872448_1372876544.hdf5,1372872448.0,1372876544.0,H1,O4a,0.059104960411787,55,run_spanning_complete_raw_blocks_within_block_even_spacing
161,1372874308.0,1372874340.0,E:\o4a\1372602112\H1_1372872448_1372876544.hdf5,1372872448.0,1372876544.0,H1,O4a,0.0625544041395187,55,run_spanning_complete_raw_blocks_within_block_even_spacing
162,1372874436.0,1372874468.0,E:\o4a\1372602112\H1_1372872448_1372876544.hdf5,1372872448.0,1372876544.0,H1,O4a,0.0660928711295127,55,run_spanning_complete_raw_blocks_within_block_even_spacing
163,1372874564.0,1372874596.0,E:\o4a\1372602112\H1_1372872448_1372876544.hdf5,1372872448.0,1372876544.0,H1,O4a,0.0674278065562248,55,run_spanning_complete_raw_blocks_within_block_even_spacing
164,1372874692.0,1372874724.0,E:\o4a\1372602112\H1_1372872448_1372876544.hdf5,1372872448.0,1372876544.0,H1,O4a,0.0682072788476944,55,run_spanning_complete_raw_blocks_within_block_even_spacing
165,1372874756.0,1372874788.0,E:\o4a\1372602112\H1_1372872448_1372876544.hdf5,1372872448.0,1372876544.0,H1,O4a,0.0587328225374221,55,run_spanning_complete_raw_blocks_within_block_even_spacing
166,1372874884.0,1372874916.0,E:\o4a\1372602112\H1_1372872448_1372876544.hdf5,1372872448.0,1372876544.0,H1,O4a,0.0693300068378448,55,run_spanning_complete_raw_blocks_within_block_even_spacing
167,1372875012.0,1372875044.0,E:\o4a\1372602112\H1_1372872448_1372876544.hdf5,1372872448.0,1372876544.0,H1,O4a,0.054895780980587,55,run_spanning_complete_raw_blocks_within_block_even_spacing
168,1372875140.0,1372875172.0,E:\o4a\1372602112\H1_1372872448_1372876544.hdf5,1372872448.0,1372876544.0,H1,O4a,0.1741862446069717,55,run_spanning_complete_raw_blocks_within_block_even_spacing
169,1372875268.0,1372875300.0,E:\o4a\1372602112\H1_1372872448_1372876544.hdf5,1372872448.0,1372876544.0,H1,O4a,0.0577081218361854,55,run_spanning_complete_raw_blocks_within_block_even_spacing
170,1373294724.0,1373294756.0,E:\o4a\1373120512\H1_1373292544_1373296640.hdf5,1373292544.0,1373296640.0,H1,O4a,0.0653388947248458,60,run_spanning_complete_raw_blocks_within_block_even_spacing
171,1373294788.0,1373294820.0,E:\o4a\1373120512\H1_1373292544_1373296640.hdf5,1373292544.0,1373296640.0,H1,O4a,0.0985921993851661,60,run_spanning_complete_raw_blocks_within_block_even_spacing
172,1373294916.0,1373294948.0,E:\o4a\1373120512\H1_1373292544_1373296640.hdf5,1373292544.0,1373296640.0,H1,O4a,0.0702052786946296,60,run_spanning_complete_raw_blocks_within_block_even_spacing
173,1373295044.0,1373295076.0,E:\o4a\1373120512\H1_1373292544_1373296640.hdf5,1373292544.0,1373296640.0,H1,O4a,0.0661703869700431,60,run_spanning_complete_raw_blocks_within_block_even_spacing
174,1373295172.0,1373295204.0,E:\o4a\1373120512\H1_1373292544_1373296640.hdf5,1373292544.0,1373296640.0,H1,O4a,0.0650014281272888,60,run_spanning_complete_raw_blocks_within_block_even_spacing
175,1373295236.0,1373295268.0,E:\o4a\1373120512\H1_1373292544_1373296640.hdf5,1373292544.0,1373296640.0,H1,O4a,0.0675573721528053,60,run_spanning_complete_raw_blocks_within_block_even_spacing
176,1373295364.0,1373295396.0,E:\o4a\1373120512\H1_1373292544_1373296640.hdf5,1373292544.0,1373296640.0,H1,O4a,0.0664796307682991,60,run_spanning_complete_raw_blocks_within_block_even_spacing
177,1373295492.0,1373295524.0,E:\o4a\1373120512\H1_1373292544_1373296640.hdf5,1373292544.0,1373296640.0,H1,O4a,0.0614489242434501,60,run_spanning_complete_raw_blocks_within_block_even_spacing
178,1373295620.0,1373295652.0,E:\o4a\1373120512\H1_1373292544_1373296640.hdf5,1373292544.0,1373296640.0,H1,O4a,0.0604114532470703,60,run_spanning_complete_raw_blocks_within_block_even_spacing
179,1373295748.0,1373295780.0,E:\o4a\1373120512\H1_1373292544_1373296640.hdf5,1373292544.0,1373296640.0,H1,O4a,0.055235106498003,60,run_spanning_complete_raw_blocks_within_block_even_spacing
180,1373520324.0,1373520356.0,E:\o4a\1373120512\H1_1373517824_1373521920.hdf5,1373517824.0,1373521920.0,H1,O4a,0.0650065764784812,64,run_spanning_complete_raw_blocks_within_block_even_spacing
181,1373520388.0,1373520420.0,E:\o4a\1373120512\H1_1373517824_1373521920.hdf5,1373517824.0,1373521920.0,H1,O4a,0.0684863552451133,64,run_spanning_complete_raw_blocks_within_block_even_spacing
182,1373520516.0,1373520548.0,E:\o4a\1373120512\H1_1373517824_1373521920.hdf5,1373517824.0,1373521920.0,H1,O4a,0.0872254371643066,64,run_spanning_complete_raw_blocks_within_block_even_spacing
183,1373520644.0,1373520676.0,E:\o4a\1373120512\H1_1373517824_1373521920.hdf5,1373517824.0,1373521920.0,H1,O4a,0.0738417953252792,64,run_spanning_complete_raw_blocks_within_block_even_spacing
184,1373520772.0,1373520804.0,E:\o4a\1373120512\H1_1373517824_1373521920.hdf5,1373517824.0,1373521920.0,H1,O4a,0.0614880956709384,64,run_spanning_complete_raw_blocks_within_block_even_spacing
185,1373520836.0,1373520868.0,E:\o4a\1373120512\H1_1373517824_1373521920.hdf5,1373517824.0,1373521920.0,H1,O4a,0.0899417251348495,64,run_spanning_complete_raw_blocks_within_block_even_spacing
186,1373520964.0,1373520996.0,E:\o4a\1373120512\H1_1373517824_1373521920.hdf5,1373517824.0,1373521920.0,H1,O4a,0.054167803376913,64,run_spanning_complete_raw_blocks_within_block_even_spacing
187,1373521092.0,1373521124.0,E:\o4a\1373120512\H1_1373517824_1373521920.hdf5,1373517824.0,1373521920.0,H1,O4a,0.0664344429969787,64,run_spanning_complete_raw_blocks_within_block_even_spacing
188,1373521220.0,1373521252.0,E:\o4a\1373120512\H1_1373517824_1373521920.hdf5,1373517824.0,1373521920.0,H1,O4a,0.0727792084217071,64,run_spanning_complete_raw_blocks_within_block_even_spacing
189,1373521348.0,1373521380.0,E:\o4a\1373120512\H1_1373517824_1373521920.hdf5,1373517824.0,1373521920.0,H1,O4a,0.0727579742670059,64,run_spanning_complete_raw_blocks_within_block_even_spacing
190,1373974788.0,1373974820.0,E:\o4a\1373638912\H1_1373974784_1373978880.hdf5,1373974784.0,1373978880.0,H1,O4a,0.0580816827714443,70,run_spanning_complete_raw_blocks_within_block_even_spacing
191,1373974852.0,1373974884.0,E:\o4a\1373638912\H1_1373974784_1373978880.hdf5,1373974784.0,1373978880.0,H1,O4a,0.0757326334714889,70,run_spanning_complete_raw_blocks_within_block_even_spacing
192,1373974980.0,1373975012.0,E:\o4a\1373638912\H1_1373974784_1373978880.hdf5,1373974784.0,1373978880.0,H1,O4a,0.1392368227243423,70,run_spanning_complete_raw_blocks_within_block_even_spacing
193,1373975108.0,1373975140.0,E:\o4a\1373638912\H1_1373974784_1373978880.hdf5,1373974784.0,1373978880.0,H1,O4a,0.0649348720908165,70,run_spanning_complete_raw_blocks_within_block_even_spacing
194,1373975236.0,1373975268.0,E:\o4a\1373638912\H1_1373974784_1373978880.hdf5,1373974784.0,1373978880.0,H1,O4a,0.0540479160845279,70,run_spanning_complete_raw_blocks_within_block_even_spacing
195,1373975300.0,1373975332.0,E:\o4a\1373638912\H1_1373974784_1373978880.hdf5,1373974784.0,1373978880.0,H1,O4a,0.060134433209896,70,run_spanning_complete_raw_blocks_within_block_even_spacing
196,1373975428.0,1373975460.0,E:\o4a\1373638912\H1_1373974784_1373978880.hdf5,1373974784.0,1373978880.0,H1,O4a,0.0609135776758194,70,run_spanning_complete_raw_blocks_within_block_even_spacing
197,1373975556.0,1373975588.0,E:\o4a\1373638912\H1_1373974784_1373978880.hdf5,1373974784.0,1373978880.0,H1,O4a,0.0652055293321609,70,run_spanning_complete_raw_blocks_within_block_even_spacing
198,1373975684.0,1373975716.0,E:\o4a\1373638912\H1_1373974784_1373978880.hdf5,1373974784.0,1373978880.0,H1,O4a,0.0659901648759841,70,run_spanning_complete_raw_blocks_within_block_even_spacing
199,1373975812.0,1373975844.0,E:\o4a\1373638912\H1_1373974784_1373978880.hdf5,1373974784.0,1373978880.0,H1,O4a,0.0569408684968948,70,run_spanning_complete_raw_blocks_within_block_even_spacing
200,1374491204.0,1374491236.0,E:\o4a\1374157312\H1_1374489088_1374493184.hdf5,1374489088.0,1374493184.0,H1,O4a,0.0980916619300842,76,run_spanning_complete_raw_blocks_within_block_even_spacing
201,1374491268.0,1374491300.0,E:\o4a\1374157312\H1_1374489088_1374493184.hdf5,1374489088.0,1374493184.0,H1,O4a,0.0626773983240127,76,run_spanning_complete_raw_blocks_within_block_even_spacing
202,1374491396.0,1374491428.0,E:\o4a\1374157312\H1_1374489088_1374493184.hdf5,1374489088.0,1374493184.0,H1,O4a,0.0862132534384727,76,run_spanning_complete_raw_blocks_within_block_even_spacing
203,1374491524.0,1374491556.0,E:\o4a\1374157312\H1_1374489088_1374493184.hdf5,1374489088.0,1374493184.0,H1,O4a,0.089311882853508,76,run_spanning_complete_raw_blocks_within_block_even_spacing
204,1374491652.0,1374491684.0,E:\o4a\1374157312\H1_1374489088_1374493184.hdf5,1374489088.0,1374493184.0,H1,O4a,0.0687560439109802,76,run_spanning_complete_raw_blocks_within_block_even_spacing
205,1374491716.0,1374491748.0,E:\o4a\1374157312\H1_1374489088_1374493184.hdf5,1374489088.0,1374493184.0,H1,O4a,0.0755234584212303,76,run_spanning_complete_raw_blocks_within_block_even_spacing
206,1374491844.0,1374491876.0,E:\o4a\1374157312\H1_1374489088_1374493184.hdf5,1374489088.0,1374493184.0,H1,O4a,0.0656179785728454,76,run_spanning_complete_raw_blocks_within_block_even_spacing
207,1374491972.0,1374492004.0,E:\o4a\1374157312\H1_1374489088_1374493184.hdf5,1374489088.0,1374493184.0,H1,O4a,0.0684079527854919,76,run_spanning_complete_raw_blocks_within_block_even_spacing
208,1374492100.0,1374492132.0,E:\o4a\1374157312\H1_1374489088_1374493184.hdf5,1374489088.0,1374493184.0,H1,O4a,0.0718535408377647,76,run_spanning_complete_raw_blocks_within_block_even_spacing
209,1374492228.0,1374492260.0,E:\o4a\1374157312\H1_1374489088_1374493184.hdf5,1374489088.0,1374493184.0,H1,O4a,0.0705643817782402,76,run_spanning_complete_raw_blocks_within_block_even_spacing
210,1374802692.0,1374802724.0,E:\o4a\1374675712\H1_1374802688_1374806784.hdf5,1374802688.0,1374806784.0,H1,O4a,0.077723704278469,81,run_spanning_complete_raw_blocks_within_block_even_spacing
211,1374802756.0,1374802788.0,E:\o4a\1374675712\H1_1374802688_1374806784.hdf5,1374802688.0,1374806784.0,H1,O4a,0.0789411813020706,81,run_spanning_complete_raw_blocks_within_block_even_spacing
212,1374802884.0,1374802916.0,E:\o4a\1374675712\H1_1374802688_1374806784.hdf5,1374802688.0,1374806784.0,H1,O4a,0.0900323837995529,81,run_spanning_complete_raw_blocks_within_block_even_spacing
213,1374803012.0,1374803044.0,E:\o4a\1374675712\H1_1374802688_1374806784.hdf5,1374802688.0,1374806784.0,H1,O4a,0.0569441020488739,81,run_spanning_complete_raw_blocks_within_block_even_spacing
214,1374803140.0,1374803172.0,E:\o4a\1374675712\H1_1374802688_1374806784.hdf5,1374802688.0,1374806784.0,H1,O4a,0.0666434243321418,81,run_spanning_complete_raw_blocks_within_block_even_spacing
215,1374803204.0,1374803236.0,E:\o4a\1374675712\H1_1374802688_1374806784.hdf5,1374802688.0,1374806784.0,H1,O4a,0.0676103308796882,81,run_spanning_complete_raw_blocks_within_block_even_spacing
216,1374803332.0,1374803364.0,E:\o4a\1374675712\H1_1374802688_1374806784.hdf5,1374802688.0,1374806784.0,H1,O4a,0.0717822089791297,81,run_spanning_complete_raw_blocks_within_block_even_spacing
217,1374803460.0,1374803492.0,E:\o4a\1374675712\H1_1374802688_1374806784.hdf5,1374802688.0,1374806784.0,H1,O4a,0.0703728348016738,81,run_spanning_complete_raw_blocks_within_block_even_spacing
218,1374803588.0,1374803620.0,E:\o4a\1374675712\H1_1374802688_1374806784.hdf5,1374802688.0,1374806784.0,H1,O4a,0.0815338790416717,81,run_spanning_complete_raw_blocks_within_block_even_spacing
219,1374803716.0,1374803748.0,E:\o4a\1374675712\H1_1374802688_1374806784.hdf5,1374802688.0,1374806784.0,H1,O4a,0.0751049742102623,81,run_spanning_complete_raw_blocks_within_block_even_spacing
220,1375070020.0,1375070052.0,E:\o4a\1374675712\H1_1375068928_1375073024.hdf5,1375068928.0,1375073024.0,H1,O4a,0.0591662339866161,85,run_spanning_complete_raw_blocks_within_block_even_spacing
221,1375070084.0,1375070116.0,E:\o4a\1374675712\H1_1375068928_1375073024.hdf5,1375068928.0,1375073024.0,H1,O4a,0.0712366104125976,85,run_spanning_complete_raw_blocks_within_block_even_spacing
222,1375070212.0,1375070244.0,E:\o4a\1374675712\H1_1375068928_1375073024.hdf5,1375068928.0,1375073024.0,H1,O4a,0.0617137514054775,85,run_spanning_complete_raw_blocks_within_block_even_spacing
223,1375070340.0,1375070372.0,E:\o4a\1374675712\H1_1375068928_1375073024.hdf5,1375068928.0,1375073024.0,H1,O4a,0.0582759603857994,85,run_spanning_complete_raw_blocks_within_block_even_spacing
224,1375070468.0,1375070500.0,E:\o4a\1374675712\H1_1375068928_1375073024.hdf5,1375068928.0,1375073024.0,H1,O4a,0.0821390002965927,85,run_spanning_complete_raw_blocks_within_block_even_spacing
225,1375070532.0,1375070564.0,E:\o4a\1374675712\H1_1375068928_1375073024.hdf5,1375068928.0,1375073024.0,H1,O4a,0.0693764686584472,85,run_spanning_complete_raw_blocks_within_block_even_spacing
226,1375070660.0,1375070692.0,E:\o4a\1374675712\H1_1375068928_1375073024.hdf5,1375068928.0,1375073024.0,H1,O4a,0.0671308189630508,85,run_spanning_complete_raw_blocks_within_block_even_spacing
227,1375070788.0,1375070820.0,E:\o4a\1374675712\H1_1375068928_1375073024.hdf5,1375068928.0,1375073024.0,H1,O4a,0.1185682415962219,85,run_spanning_complete_raw_blocks_within_block_even_spacing
228,1375070916.0,1375070948.0,E:\o4a\1374675712\H1_1375068928_1375073024.hdf5,1375068928.0,1375073024.0,H1,O4a,0.0608456134796142,85,run_spanning_complete_raw_blocks_within_block_even_spacing
229,1375071044.0,1375071076.0,E:\o4a\1374675712\H1_1375068928_1375073024.hdf5,1375068928.0,1375073024.0,H1,O4a,0.0658231228590011,85,run_spanning_complete_raw_blocks_within_block_even_spacing
230,1375265924.0,1375265956.0,E:\o4a\1375194112\H1_1375263744_1375267840.hdf5,1375263744.0,1375267840.0,H1,O4a,0.0825497657060623,89,run_spanning_complete_raw_blocks_within_block_even_spacing
231,1375265988.0,1375266020.0,E:\o4a\1375194112\H1_1375263744_1375267840.hdf5,1375263744.0,1375267840.0,H1,O4a,0.0891122370958328,89,run_spanning_complete_raw_blocks_within_block_even_spacing
232,1375266116.0,1375266148.0,E:\o4a\1375194112\H1_1375263744_1375267840.hdf5,1375263744.0,1375267840.0,H1,O4a,0.0750445052981376,89,run_spanning_complete_raw_blocks_within_block_even_spacing
233,1375266244.0,1375266276.0,E:\o4a\1375194112\H1_1375263744_1375267840.hdf5,1375263744.0,1375267840.0,H1,O4a,0.0538843385875225,89,run_spanning_complete_raw_blocks_within_block_even_spacing
234,1375266372.0,1375266404.0,E:\o4a\1375194112\H1_1375263744_1375267840.hdf5,1375263744.0,1375267840.0,H1,O4a,0.077481560409069,89,run_spanning_complete_raw_blocks_within_block_even_spacing
235,1375266436.0,1375266468.0,E:\o4a\1375194112\H1_1375263744_1375267840.hdf5,1375263744.0,1375267840.0,H1,O4a,0.0613550096750259,89,run_spanning_complete_raw_blocks_within_block_even_spacing
236,1375266564.0,1375266596.0,E:\o4a\1375194112\H1_1375263744_1375267840.hdf5,1375263744.0,1375267840.0,H1,O4a,0.0605214200913906,89,run_spanning_complete_raw_blocks_within_block_even_spacing
237,1375266692.0,1375266724.0,E:\o4a\1375194112\H1_1375263744_1375267840.hdf5,1375263744.0,1375267840.0,H1,O4a,0.0600218065083026,89,run_spanning_complete_raw_blocks_within_block_even_spacing
238,1375266820.0,1375266852.0,E:\o4a\1375194112\H1_1375263744_1375267840.hdf5,1375263744.0,1375267840.0,H1,O4a,0.0907321572303772,89,run_spanning_complete_raw_blocks_within_block_even_spacing
239,1375266948.0,1375266980.0,E:\o4a\1375194112\H1_1375263744_1375267840.hdf5,1375263744.0,1375267840.0,H1,O4a,0.0765072852373123,89,run_spanning_complete_raw_blocks_within_block_even_spacing
240,1375868164.0,1375868196.0,E:\o4a\1375712512\H1_1375868160_1375872256.hdf5,1375868160.0,1375872256.0,H1,O4a,0.050858236849308,97,run_spanning_complete_raw_blocks_within_block_even_spacing
241,1375868228.0,1375868260.0,E:\o4a\1375712512\H1_1375868160_1375872256.hdf5,1375868160.0,1375872256.0,H1,O4a,0.0568028911948204,97,run_spanning_complete_raw_blocks_within_block_even_spacing
242,1375868356.0,1375868388.0,E:\o4a\1375712512\H1_1375868160_1375872256.hdf5,1375868160.0,1375872256.0,H1,O4a,0.0585326999425888,97,run_spanning_complete_raw_blocks_within_block_even_spacing
243,1375868484.0,1375868516.0,E:\o4a\1375712512\H1_1375868160_1375872256.hdf5,1375868160.0,1375872256.0,H1,O4a,0.0733772739768028,97,run_spanning_complete_raw_blocks_within_block_even_spacing
244,1375868612.0,1375868644.0,E:\o4a\1375712512\H1_1375868160_1375872256.hdf5,1375868160.0,1375872256.0,H1,O4a,0.064374640583992,97,run_spanning_complete_raw_blocks_within_block_even_spacing
245,1375868676.0,1375868708.0,E:\o4a\1375712512\H1_1375868160_1375872256.hdf5,1375868160.0,1375872256.0,H1,O4a,0.0535879842936992,97,run_spanning_complete_raw_blocks_within_block_even_spacing
246,1375868804.0,1375868836.0,E:\o4a\1375712512\H1_1375868160_1375872256.hdf5,1375868160.0,1375872256.0,H1,O4a,0.0661086365580558,97,run_spanning_complete_raw_blocks_within_block_even_spacing
247,1375868932.0,1375868964.0,E:\o4a\1375712512\H1_1375868160_1375872256.hdf5,1375868160.0,1375872256.0,H1,O4a,0.0546666271984577,97,run_spanning_complete_raw_blocks_within_block_even_spacing
248,1375869060.0,1375869092.0,E:\o4a\1375712512\H1_1375868160_1375872256.hdf5,1375868160.0,1375872256.0,H1,O4a,0.0629977881908416,97,run_spanning_complete_raw_blocks_within_block_even_spacing
249,1375869188.0,1375869220.0,E:\o4a\1375712512\H1_1375868160_1375872256.hdf5,1375868160.0,1375872256.0,H1,O4a,0.0639616325497627,97,run_spanning_complete_raw_blocks_within_block_even_spacing
250,1376118020.0,1376118052.0,E:\o4a\1375712512\H1_1376118016_1376122112.hdf5,1376118016.0,1376122112.0,H1,O4a,0.0603505298495292,101,run_spanning_complete_raw_blocks_within_block_even_spacing
251,1376118084.0,1376118116.0,E:\o4a\1375712512\H1_1376118016_1376122112.hdf5,1376118016.0,1376122112.0,H1,O4a,0.0559938848018646,101,run_spanning_complete_raw_blocks_within_block_even_spacing
252,1376118212.0,1376118244.0,E:\o4a\1375712512\H1_1376118016_1376122112.hdf5,1376118016.0,1376122112.0,H1,O4a,0.0528829805552959,101,run_spanning_complete_raw_blocks_within_block_even_spacing
253,1376118340.0,1376118372.0,E:\o4a\1375712512\H1_1376118016_1376122112.hdf5,1376118016.0,1376122112.0,H1,O4a,0.0809943154454231,101,run_spanning_complete_raw_blocks_within_block_even_spacing
254,1376118468.0,1376118500.0,E:\o4a\1375712512\H1_1376118016_1376122112.hdf5,1376118016.0,1376122112.0,H1,O4a,0.0705195441842079,101,run_spanning_complete_raw_blocks_within_block_even_spacing
255,1376118532.0,1376118564.0,E:\o4a\1375712512\H1_1376118016_1376122112.hdf5,1376118016.0,1376122112.0,H1,O4a,0.0581151656806468,101,run_spanning_complete_raw_blocks_within_block_even_spacing
256,1376118660.0,1376118692.0,E:\o4a\1375712512\H1_1376118016_1376122112.hdf5,1376118016.0,1376122112.0,H1,O4a,0.0739635303616523,101,run_spanning_complete_raw_blocks_within_block_even_spacing
257,1376118788.0,1376118820.0,E:\o4a\1375712512\H1_1376118016_1376122112.hdf5,1376118016.0,1376122112.0,H1,O4a,0.075118750333786,101,run_spanning_complete_raw_blocks_within_block_even_spacing
258,1376118916.0,1376118948.0,E:\o4a\1375712512\H1_1376118016_1376122112.hdf5,1376118016.0,1376122112.0,H1,O4a,0.0548659972846508,101,run_spanning_complete_raw_blocks_within_block_even_spacing
259,1376119044.0,1376119076.0,E:\o4a\1375712512\H1_1376118016_1376122112.hdf5,1376118016.0,1376122112.0,H1,O4a,0.0602153316140174,101,run_spanning_complete_raw_blocks_within_block_even_spacing
260,1376409668.0,1376409700.0,E:\o4a\1376230912\H1_1376407040_1376411136.hdf5,1376407040.0,1376411136.0,H1,O4a,0.0595482513308525,105,run_spanning_complete_raw_blocks_within_block_even_spacing
261,1376409732.0,1376409764.0,E:\o4a\1376230912\H1_1376407040_1376411136.hdf5,1376407040.0,1376411136.0,H1,O4a,0.0664486438035965,105,run_spanning_complete_raw_blocks_within_block_even_spacing
262,1376409860.0,1376409892.0,E:\o4a\1376230912\H1_1376407040_1376411136.hdf5,1376407040.0,1376411136.0,H1,O4a,0.0565669871866703,105,run_spanning_complete_raw_blocks_within_block_even_spacing
263,1376409988.0,1376410020.0,E:\o4a\1376230912\H1_1376407040_1376411136.hdf5,1376407040.0,1376411136.0,H1,O4a,0.0655598640441894,105,run_spanning_complete_raw_blocks_within_block_even_spacing
264,1376410116.0,1376410148.0,E:\o4a\1376230912\H1_1376407040_1376411136.hdf5,1376407040.0,1376411136.0,H1,O4a,0.0562334544956684,105,run_spanning_complete_raw_blocks_within_block_even_spacing
265,1376410180.0,1376410212.0,E:\o4a\1376230912\H1_1376407040_1376411136.hdf5,1376407040.0,1376411136.0,H1,O4a,0.0584091879427433,105,run_spanning_complete_raw_blocks_within_block_even_spacing
266,1376410308.0,1376410340.0,E:\o4a\1376230912\H1_1376407040_1376411136.hdf5,1376407040.0,1376411136.0,H1,O4a,0.0793240591883659,105,run_spanning_complete_raw_blocks_within_block_even_spacing
267,1376410436.0,1376410468.0,E:\o4a\1376230912\H1_1376407040_1376411136.hdf5,1376407040.0,1376411136.0,H1,O4a,0.0691528469324112,105,run_spanning_complete_raw_blocks_within_block_even_spacing
268,1376410564.0,1376410596.0,E:\o4a\1376230912\H1_1376407040_1376411136.hdf5,1376407040.0,1376411136.0,H1,O4a,0.0679872632026672,105,run_spanning_complete_raw_blocks_within_block_even_spacing
269,1376410692.0,1376410724.0,E:\o4a\1376230912\H1_1376407040_1376411136.hdf5,1376407040.0,1376411136.0,H1,O4a,0.0844380185008049,105,run_spanning_complete_raw_blocks_within_block_even_spacing
270,1376636420.0,1376636452.0,E:\o4a\1376230912\H1_1376636416_1376640512.hdf5,1376636416.0,1376640512.0,H1,O4a,0.0648659691214561,109,run_spanning_complete_raw_blocks_within_block_even_spacing
271,1376636484.0,1376636516.0,E:\o4a\1376230912\H1_1376636416_1376640512.hdf5,1376636416.0,1376640512.0,H1,O4a,0.0619009509682655,109,run_spanning_complete_raw_blocks_within_block_even_spacing
272,1376636612.0,1376636644.0,E:\o4a\1376230912\H1_1376636416_1376640512.hdf5,1376636416.0,1376640512.0,H1,O4a,0.06996401399374,109,run_spanning_complete_raw_blocks_within_block_even_spacing
273,1376636740.0,1376636772.0,E:\o4a\1376230912\H1_1376636416_1376640512.hdf5,1376636416.0,1376640512.0,H1,O4a,0.0608695968985557,109,run_spanning_complete_raw_blocks_within_block_even_spacing
274,1376636868.0,1376636900.0,E:\o4a\1376230912\H1_1376636416_1376640512.hdf5,1376636416.0,1376640512.0,H1,O4a,0.0533964410424232,109,run_spanning_complete_raw_blocks_within_block_even_spacing
275,1376636932.0,1376636964.0,E:\o4a\1376230912\H1_1376636416_1376640512.hdf5,1376636416.0,1376640512.0,H1,O4a,0.0549984127283096,109,run_spanning_complete_raw_blocks_within_block_even_spacing
276,1376637060.0,1376637092.0,E:\o4a\1376230912\H1_1376636416_1376640512.hdf5,1376636416.0,1376640512.0,H1,O4a,0.1325718313455581,109,run_spanning_complete_raw_blocks_within_block_even_spacing
277,1376637188.0,1376637220.0,E:\o4a\1376230912\H1_1376636416_1376640512.hdf5,1376636416.0,1376640512.0,H1,O4a,0.0655686184763908,109,run_spanning_complete_raw_blocks_within_block_even_spacing
278,1376637316.0,1376637348.0,E:\o4a\1376230912\H1_1376636416_1376640512.hdf5,1376636416.0,1376640512.0,H1,O4a,0.0777999386191368,109,run_spanning_complete_raw_blocks_within_block_even_spacing
279,1376637444.0,1376637476.0,E:\o4a\1376230912\H1_1376636416_1376640512.hdf5,1376636416.0,1376640512.0,H1,O4a,0.0615406334400177,109,run_spanning_complete_raw_blocks_within_block_even_spacing
280,1376900868.0,1376900900.0,E:\o4a\1376749312\H1_1376900864_1376904960.hdf5,1376900864.0,1376904960.0,H1,O4a,0.0662496760487556,114,run_spanning_complete_raw_blocks_within_block_even_spacing
281,1376900932.0,1376900964.0,E:\o4a\1376749312\H1_1376900864_1376904960.hdf5,1376900864.0,1376904960.0,H1,O4a,0.0671595633029937,114,run_spanning_complete_raw_blocks_within_block_even_spacing
282,1376901060.0,1376901092.0,E:\o4a\1376749312\H1_1376900864_1376904960.hdf5,1376900864.0,1376904960.0,H1,O4a,0.0695291012525558,114,run_spanning_complete_raw_blocks_within_block_even_spacing
283,1376901188.0,1376901220.0,E:\o4a\1376749312\H1_1376900864_1376904960.hdf5,1376900864.0,1376904960.0,H1,O4a,0.057936530560255,114,run_spanning_complete_raw_blocks_within_block_even_spacing
284,1376901316.0,1376901348.0,E:\o4a\1376749312\H1_1376900864_1376904960.hdf5,1376900864.0,1376904960.0,H1,O4a,0.0667683556675911,114,run_spanning_complete_raw_blocks_within_block_even_spacing
285,1376901380.0,1376901412.0,E:\o4a\1376749312\H1_1376900864_1376904960.hdf5,1376900864.0,1376904960.0,H1,O4a,0.0627245306968689,114,run_spanning_complete_raw_blocks_within_block_even_spacing
286,1376901508.0,1376901540.0,E:\o4a\1376749312\H1_1376900864_1376904960.hdf5,1376900864.0,1376904960.0,H1,O4a,0.0622701235115528,114,run_spanning_complete_raw_blocks_within_block_even_spacing
287,1376901636.0,1376901668.0,E:\o4a\1376749312\H1_1376900864_1376904960.hdf5,1376900864.0,1376904960.0,H1,O4a,0.0516918115317821,114,run_spanning_complete_raw_blocks_within_block_even_spacing
288,1376901764.0,1376901796.0,E:\o4a\1376749312\H1_1376900864_1376904960.hdf5,1376900864.0,1376904960.0,H1,O4a,0.0614678151905536,114,run_spanning_complete_raw_blocks_within_block_even_spacing
289,1376901892.0,1376901924.0,E:\o4a\1376749312\H1_1376900864_1376904960.hdf5,1376900864.0,1376904960.0,H1,O4a,0.0725224614143371,114,run_spanning_complete_raw_blocks_within_block_even_spacing
290,1377086276.0,1377086308.0,E:\o4a\1376749312\H1_1377085184_1377089280.hdf5,1377085184.0,1377089280.0,H1,O4a,0.0671054869890213,118,run_spanning_complete_raw_blocks_within_block_even_spacing
291,1377086340.0,1377086372.0,E:\o4a\1376749312\H1_1377085184_1377089280.hdf5,1377085184.0,1377089280.0,H1,O4a,0.0610626451671123,118,run_spanning_complete_raw_blocks_within_block_even_spacing
292,1377086468.0,1377086500.0,E:\o4a\1376749312\H1_1377085184_1377089280.hdf5,1377085184.0,1377089280.0,H1,O4a,0.0720409527420997,118,run_spanning_complete_raw_blocks_within_block_even_spacing
293,1377086596.0,1377086628.0,E:\o4a\1376749312\H1_1377085184_1377089280.hdf5,1377085184.0,1377089280.0,H1,O4a,0.0589434541761875,118,run_spanning_complete_raw_blocks_within_block_even_spacing
294,1377086724.0,1377086756.0,E:\o4a\1376749312\H1_1377085184_1377089280.hdf5,1377085184.0,1377089280.0,H1,O4a,0.0771090984344482,118,run_spanning_complete_raw_blocks_within_block_even_spacing
295,1377086788.0,1377086820.0,E:\o4a\1376749312\H1_1377085184_1377089280.hdf5,1377085184.0,1377089280.0,H1,O4a,0.0595050267875194,118,run_spanning_complete_raw_blocks_within_block_even_spacing
296,1377086916.0,1377086948.0,E:\o4a\1376749312\H1_1377085184_1377089280.hdf5,1377085184.0,1377089280.0,H1,O4a,0.0798685252666473,118,run_spanning_complete_raw_blocks_within_block_even_spacing
297,1377087044.0,1377087076.0,E:\o4a\1376749312\H1_1377085184_1377089280.hdf5,1377085184.0,1377089280.0,H1,O4a,0.062189158052206,118,run_spanning_complete_raw_blocks_within_block_even_spacing
298,1377087172.0,1377087204.0,E:\o4a\1376749312\H1_1377085184_1377089280.hdf5,1377085184.0,1377089280.0,H1,O4a,0.0587329939007759,118,run_spanning_complete_raw_blocks_within_block_even_spacing
299,1377087300.0,1377087332.0,E:\o4a\1376749312\H1_1377085184_1377089280.hdf5,1377085184.0,1377089280.0,H1,O4a,0.0536679252982139,118,run_spanning_complete_raw_blocks_within_block_even_spacing
300,1377326212.0,1377326244.0,E:\o4a\1377267712\H1_1377325056_1377329152.hdf5,1377325056.0,1377329152.0,H1,O4a,0.0663220956921577,123,run_spanning_complete_raw_blocks_within_block_even_spacing
301,1377326276.0,1377326308.0,E:\o4a\1377267712\H1_1377325056_1377329152.hdf5,1377325056.0,1377329152.0,H1,O4a,0.0712135359644889,123,run_spanning_complete_raw_blocks_within_block_even_spacing
302,1377326404.0,1377326436.0,E:\o4a\1377267712\H1_1377325056_1377329152.hdf5,1377325056.0,1377329152.0,H1,O4a,0.0590287931263446,123,run_spanning_complete_raw_blocks_within_block_even_spacing
303,1377326532.0,1377326564.0,E:\o4a\1377267712\H1_1377325056_1377329152.hdf5,1377325056.0,1377329152.0,H1,O4a,0.0663368999958038,123,run_spanning_complete_raw_blocks_within_block_even_spacing
304,1377326660.0,1377326692.0,E:\o4a\1377267712\H1_1377325056_1377329152.hdf5,1377325056.0,1377329152.0,H1,O4a,0.0572197176516056,123,run_spanning_complete_raw_blocks_within_block_even_spacing
305,1377326724.0,1377326756.0,E:\o4a\1377267712\H1_1377325056_1377329152.hdf5,1377325056.0,1377329152.0,H1,O4a,0.0540345124900341,123,run_spanning_complete_raw_blocks_within_block_even_spacing
306,1377326852.0,1377326884.0,E:\o4a\1377267712\H1_1377325056_1377329152.hdf5,1377325056.0,1377329152.0,H1,O4a,0.0664633587002754,123,run_spanning_complete_raw_blocks_within_block_even_spacing
307,1377326980.0,1377327012.0,E:\o4a\1377267712\H1_1377325056_1377329152.hdf5,1377325056.0,1377329152.0,H1,O4a,0.0721645429730415,123,run_spanning_complete_raw_blocks_within_block_even_spacing
308,1377327108.0,1377327140.0,E:\o4a\1377267712\H1_1377325056_1377329152.hdf5,1377325056.0,1377329152.0,H1,O4a,0.0568174421787261,123,run_spanning_complete_raw_blocks_within_block_even_spacing
309,1377327236.0,1377327268.0,E:\o4a\1377267712\H1_1377325056_1377329152.hdf5,1377325056.0,1377329152.0,H1,O4a,0.0761564821004867,123,run_spanning_complete_raw_blocks_within_block_even_spacing
310,1377595396.0,1377595428.0,E:\o4a\1377267712\H1_1377595392_1377599488.hdf5,1377595392.0,1377599488.0,H1,O4a,0.0609145872294902,127,run_spanning_complete_raw_blocks_within_block_even_spacing
311,1377595460.0,1377595492.0,E:\o4a\1377267712\H1_1377595392_1377599488.hdf5,1377595392.0,1377599488.0,H1,O4a,0.0625183656811714,127,run_spanning_complete_raw_blocks_within_block_even_spacing
312,1377595588.0,1377595620.0,E:\o4a\1377267712\H1_1377595392_1377599488.hdf5,1377595392.0,1377599488.0,H1,O4a,0.0610820986330509,127,run_spanning_complete_raw_blocks_within_block_even_spacing
313,1377595716.0,1377595748.0,E:\o4a\1377267712\H1_1377595392_1377599488.hdf5,1377595392.0,1377599488.0,H1,O4a,0.0593268647789955,127,run_spanning_complete_raw_blocks_within_block_even_spacing
314,1377595844.0,1377595876.0,E:\o4a\1377267712\H1_1377595392_1377599488.hdf5,1377595392.0,1377599488.0,H1,O4a,0.0731749385595321,127,run_spanning_complete_raw_blocks_within_block_even_spacing
315,1377595908.0,1377595940.0,E:\o4a\1377267712\H1_1377595392_1377599488.hdf5,1377595392.0,1377599488.0,H1,O4a,0.0565273836255073,127,run_spanning_complete_raw_blocks_within_block_even_spacing
316,1377596036.0,1377596068.0,E:\o4a\1377267712\H1_1377595392_1377599488.hdf5,1377595392.0,1377599488.0,H1,O4a,0.0720239207148552,127,run_spanning_complete_raw_blocks_within_block_even_spacing
317,1377596164.0,1377596196.0,E:\o4a\1377267712\H1_1377595392_1377599488.hdf5,1377595392.0,1377599488.0,H1,O4a,0.0789411067962646,127,run_spanning_complete_raw_blocks_within_block_even_spacing
318,1377596292.0,1377596324.0,E:\o4a\1377267712\H1_1377595392_1377599488.hdf5,1377595392.0,1377599488.0,H1,O4a,0.0644454285502433,127,run_spanning_complete_raw_blocks_within_block_even_spacing
319,1377596420.0,1377596452.0,E:\o4a\1377267712\H1_1377595392_1377599488.hdf5,1377595392.0,1377599488.0,H1,O4a,0.0795414522290229,127,run_spanning_complete_raw_blocks_within_block_even_spacing
320,1377858052.0,1377858084.0,E:\o4a\1377786112\H1_1377855744_1377859840.hdf5,1377855744.0,1377859840.0,H1,O4a,0.0569062009453773,132,run_spanning_complete_raw_blocks_within_block_even_spacing
321,1377858116.0,1377858148.0,E:\o4a\1377786112\H1_1377855744_1377859840.hdf5,1377855744.0,1377859840.0,H1,O4a,0.0553001016378402,132,run_spanning_complete_raw_blocks_within_block_even_spacing
322,1377858244.0,1377858276.0,E:\o4a\1377786112\H1_1377855744_1377859840.hdf5,1377855744.0,1377859840.0,H1,O4a,0.0604457147419452,132,run_spanning_complete_raw_blocks_within_block_even_spacing
323,1377858372.0,1377858404.0,E:\o4a\1377786112\H1_1377855744_1377859840.hdf5,1377855744.0,1377859840.0,H1,O4a,0.0646731704473495,132,run_spanning_complete_raw_blocks_within_block_even_spacing
324,1377858500.0,1377858532.0,E:\o4a\1377786112\H1_1377855744_1377859840.hdf5,1377855744.0,1377859840.0,H1,O4a,0.0750442892313003,132,run_spanning_complete_raw_blocks_within_block_even_spacing
325,1377858564.0,1377858596.0,E:\o4a\1377786112\H1_1377855744_1377859840.hdf5,1377855744.0,1377859840.0,H1,O4a,0.0715044885873794,132,run_spanning_complete_raw_blocks_within_block_even_spacing
326,1377858692.0,1377858724.0,E:\o4a\1377786112\H1_1377855744_1377859840.hdf5,1377855744.0,1377859840.0,H1,O4a,0.0854907482862472,132,run_spanning_complete_raw_blocks_within_block_even_spacing
327,1377858820.0,1377858852.0,E:\o4a\1377786112\H1_1377855744_1377859840.hdf5,1377855744.0,1377859840.0,H1,O4a,0.0770199000835418,132,run_spanning_complete_raw_blocks_within_block_even_spacing
328,1377858948.0,1377858980.0,E:\o4a\1377786112\H1_1377855744_1377859840.hdf5,1377855744.0,1377859840.0,H1,O4a,0.0598813854157924,132,run_spanning_complete_raw_blocks_within_block_even_spacing
329,1377859076.0,1377859108.0,E:\o4a\1377786112\H1_1377855744_1377859840.hdf5,1377855744.0,1377859840.0,H1,O4a,0.0632877349853515,132,run_spanning_complete_raw_blocks_within_block_even_spacing
330,1378160836.0,1378160868.0,E:\o4a\1377786112\H1_1378158848_1378162944.hdf5,1378158848.0,1378162944.0,H1,O4a,0.1695243418216705,137,run_spanning_complete_raw_blocks_within_block_even_spacing
331,1378160900.0,1378160932.0,E:\o4a\1377786112\H1_1378158848_1378162944.hdf5,1378158848.0,1378162944.0,H1,O4a,0.0615492090582847,137,run_spanning_complete_raw_blocks_within_block_even_spacing
332,1378161028.0,1378161060.0,E:\o4a\1377786112\H1_1378158848_1378162944.hdf5,1378158848.0,1378162944.0,H1,O4a,0.0577783994376659,137,run_spanning_complete_raw_blocks_within_block_even_spacing
333,1378161156.0,1378161188.0,E:\o4a\1377786112\H1_1378158848_1378162944.hdf5,1378158848.0,1378162944.0,H1,O4a,0.0612451173365116,137,run_spanning_complete_raw_blocks_within_block_even_spacing
334,1378161284.0,1378161316.0,E:\o4a\1377786112\H1_1378158848_1378162944.hdf5,1378158848.0,1378162944.0,H1,O4a,0.0751579627394676,137,run_spanning_complete_raw_blocks_within_block_even_spacing
335,1378161348.0,1378161380.0,E:\o4a\1377786112\H1_1378158848_1378162944.hdf5,1378158848.0,1378162944.0,H1,O4a,0.0580984652042388,137,run_spanning_complete_raw_blocks_within_block_even_spacing
336,1378161476.0,1378161508.0,E:\o4a\1377786112\H1_1378158848_1378162944.hdf5,1378158848.0,1378162944.0,H1,O4a,0.0585540682077407,137,run_spanning_complete_raw_blocks_within_block_even_spacing
337,1378161604.0,1378161636.0,E:\o4a\1377786112\H1_1378158848_1378162944.hdf5,1378158848.0,1378162944.0,H1,O4a,0.0805941522121429,137,run_spanning_complete_raw_blocks_within_block_even_spacing
338,1378161732.0,1378161764.0,E:\o4a\1377786112\H1_1378158848_1378162944.hdf5,1378158848.0,1378162944.0,H1,O4a,0.0697204247117042,137,run_spanning_complete_raw_blocks_within_block_even_spacing
339,1378161860.0,1378161892.0,E:\o4a\1377786112\H1_1378158848_1378162944.hdf5,1378158848.0,1378162944.0,H1,O4a,0.069694310426712,137,run_spanning_complete_raw_blocks_within_block_even_spacing
340,1378518852.0,1378518884.0,E:\o4a\1378304512\H1_1378517504_1378521600.hdf5,1378517504.0,1378521600.0,H1,O4a,0.0631327778100967,143,run_spanning_complete_raw_blocks_within_block_even_spacing
341,1378518916.0,1378518948.0,E:\o4a\1378304512\H1_1378517504_1378521600.hdf5,1378517504.0,1378521600.0,H1,O4a,0.0587122179567813,143,run_spanning_complete_raw_blocks_within_block_even_spacing
342,1378519044.0,1378519076.0,E:\o4a\1378304512\H1_1378517504_1378521600.hdf5,1378517504.0,1378521600.0,H1,O4a,0.064853511750698,143,run_spanning_complete_raw_blocks_within_block_even_spacing
343,1378519172.0,1378519204.0,E:\o4a\1378304512\H1_1378517504_1378521600.hdf5,1378517504.0,1378521600.0,H1,O4a,0.0723040103912353,143,run_spanning_complete_raw_blocks_within_block_even_spacing
344,1378519300.0,1378519332.0,E:\o4a\1378304512\H1_1378517504_1378521600.hdf5,1378517504.0,1378521600.0,H1,O4a,0.0645168423652648,143,run_spanning_complete_raw_blocks_within_block_even_spacing
345,1378519364.0,1378519396.0,E:\o4a\1378304512\H1_1378517504_1378521600.hdf5,1378517504.0,1378521600.0,H1,O4a,0.0603914111852645,143,run_spanning_complete_raw_blocks_within_block_even_spacing
346,1378519492.0,1378519524.0,E:\o4a\1378304512\H1_1378517504_1378521600.hdf5,1378517504.0,1378521600.0,H1,O4a,0.0924435034394264,143,run_spanning_complete_raw_blocks_within_block_even_spacing
347,1378519620.0,1378519652.0,E:\o4a\1378304512\H1_1378517504_1378521600.hdf5,1378517504.0,1378521600.0,H1,O4a,0.0737819746136665,143,run_spanning_complete_raw_blocks_within_block_even_spacing
348,1378519748.0,1378519780.0,E:\o4a\1378304512\H1_1378517504_1378521600.hdf5,1378517504.0,1378521600.0,H1,O4a,0.0551351010799407,143,run_spanning_complete_raw_blocks_within_block_even_spacing
349,1378519876.0,1378519908.0,E:\o4a\1378304512\H1_1378517504_1378521600.hdf5,1378517504.0,1378521600.0,H1,O4a,0.0549053810536861,143,run_spanning_complete_raw_blocks_within_block_even_spacing
350,1378840388.0,1378840420.0,E:\o4a\1378822912\H1_1378839296_1378843392.hdf5,1378839296.0,1378843392.0,H1,O4a,0.0665132254362106,148,run_spanning_complete_raw_blocks_within_block_even_spacing
351,1378840452.0,1378840484.0,E:\o4a\1378822912\H1_1378839296_1378843392.hdf5,1378839296.0,1378843392.0,H1,O4a,0.0528898015618324,148,run_spanning_complete_raw_blocks_within_block_even_spacing
352,1378840580.0,1378840612.0,E:\o4a\1378822912\H1_1378839296_1378843392.hdf5,1378839296.0,1378843392.0,H1,O4a,0.0701063796877861,148,run_spanning_complete_raw_blocks_within_block_even_spacing
353,1378840708.0,1378840740.0,E:\o4a\1378822912\H1_1378839296_1378843392.hdf5,1378839296.0,1378843392.0,H1,O4a,0.0643560886383056,148,run_spanning_complete_raw_blocks_within_block_even_spacing
354,1378840836.0,1378840868.0,E:\o4a\1378822912\H1_1378839296_1378843392.hdf5,1378839296.0,1378843392.0,H1,O4a,0.0685176849365234,148,run_spanning_complete_raw_blocks_within_block_even_spacing
355,1378840900.0,1378840932.0,E:\o4a\1378822912\H1_1378839296_1378843392.hdf5,1378839296.0,1378843392.0,H1,O4a,0.0597665384411811,148,run_spanning_complete_raw_blocks_within_block_even_spacing
356,1378841028.0,1378841060.0,E:\o4a\1378822912\H1_1378839296_1378843392.hdf5,1378839296.0,1378843392.0,H1,O4a,0.0574291460216045,148,run_spanning_complete_raw_blocks_within_block_even_spacing
357,1378841156.0,1378841188.0,E:\o4a\1378822912\H1_1378839296_1378843392.hdf5,1378839296.0,1378843392.0,H1,O4a,0.0654922276735305,148,run_spanning_complete_raw_blocks_within_block_even_spacing
358,1378841284.0,1378841316.0,E:\o4a\1378822912\H1_1378839296_1378843392.hdf5,1378839296.0,1378843392.0,H1,O4a,0.0705558881163597,148,run_spanning_complete_raw_blocks_within_block_even_spacing
359,1378841412.0,1378841444.0,E:\o4a\1378822912\H1_1378839296_1378843392.hdf5,1378839296.0,1378843392.0,H1,O4a,0.0655075460672378,148,run_spanning_complete_raw_blocks_within_block_even_spacing
360,1379124932.0,1379124964.0,E:\o4a\1378822912\H1_1379121920_1379126016.hdf5,1379121920.0,1379126016.0,H1,O4a,0.0730343535542488,153,run_spanning_complete_raw_blocks_within_block_even_spacing
361,1379124996.0,1379125028.0,E:\o4a\1378822912\H1_1379121920_1379126016.hdf5,1379121920.0,1379126016.0,H1,O4a,0.1540612578392028,153,run_spanning_complete_raw_blocks_within_block_even_spacing
362,1379125124.0,1379125156.0,E:\o4a\1378822912\H1_1379121920_1379126016.hdf5,1379121920.0,1379126016.0,H1,O4a,0.0678545162081718,153,run_spanning_complete_raw_blocks_within_block_even_spacing
363,1379125252.0,1379125284.0,E:\o4a\1378822912\H1_1379121920_1379126016.hdf5,1379121920.0,1379126016.0,H1,O4a,0.0796020030975341,153,run_spanning_complete_raw_blocks_within_block_even_spacing
364,1379125380.0,1379125412.0,E:\o4a\1378822912\H1_1379121920_1379126016.hdf5,1379121920.0,1379126016.0,H1,O4a,0.0651538968086242,153,run_spanning_complete_raw_blocks_within_block_even_spacing
365,1379125444.0,1379125476.0,E:\o4a\1378822912\H1_1379121920_1379126016.hdf5,1379121920.0,1379126016.0,H1,O4a,0.0589013509452343,153,run_spanning_complete_raw_blocks_within_block_even_spacing
366,1379125572.0,1379125604.0,E:\o4a\1378822912\H1_1379121920_1379126016.hdf5,1379121920.0,1379126016.0,H1,O4a,0.1056991517543792,153,run_spanning_complete_raw_blocks_within_block_even_spacing
367,1379125700.0,1379125732.0,E:\o4a\1378822912\H1_1379121920_1379126016.hdf5,1379121920.0,1379126016.0,H1,O4a,0.0605261474847793,153,run_spanning_complete_raw_blocks_within_block_even_spacing
368,1379125828.0,1379125860.0,E:\o4a\1378822912\H1_1379121920_1379126016.hdf5,1379121920.0,1379126016.0,H1,O4a,0.0571898221969604,153,run_spanning_complete_raw_blocks_within_block_even_spacing
369,1379125956.0,1379125988.0,E:\o4a\1378822912\H1_1379121920_1379126016.hdf5,1379121920.0,1379126016.0,H1,O4a,0.0710005760192871,153,run_spanning_complete_raw_blocks_within_block_even_spacing
370,1379453316.0,1379453348.0,E:\o4a\1379341312\H1_1379451904_1379456000.hdf5,1379451904.0,1379456000.0,H1,O4a,0.0850263610482215,157,run_spanning_complete_raw_blocks_within_block_even_spacing
371,1379453380.0,1379453412.0,E:\o4a\1379341312\H1_1379451904_1379456000.hdf5,1379451904.0,1379456000.0,H1,O4a,0.0687915235757827,157,run_spanning_complete_raw_blocks_within_block_even_spacing
372,1379453508.0,1379453540.0,E:\o4a\1379341312\H1_1379451904_1379456000.hdf5,1379451904.0,1379456000.0,H1,O4a,0.05433065071702,157,run_spanning_complete_raw_blocks_within_block_even_spacing
373,1379453636.0,1379453668.0,E:\o4a\1379341312\H1_1379451904_1379456000.hdf5,1379451904.0,1379456000.0,H1,O4a,0.0711077153682708,157,run_spanning_complete_raw_blocks_within_block_even_spacing
374,1379453764.0,1379453796.0,E:\o4a\1379341312\H1_1379451904_1379456000.hdf5,1379451904.0,1379456000.0,H1,O4a,0.069388709962368,157,run_spanning_complete_raw_blocks_within_block_even_spacing
375,1379453828.0,1379453860.0,E:\o4a\1379341312\H1_1379451904_1379456000.hdf5,1379451904.0,1379456000.0,H1,O4a,0.0691792592406272,157,run_spanning_complete_raw_blocks_within_block_even_spacing
376,1379453956.0,1379453988.0,E:\o4a\1379341312\H1_1379451904_1379456000.hdf5,1379451904.0,1379456000.0,H1,O4a,0.0636123865842819,157,run_spanning_complete_raw_blocks_within_block_even_spacing
377,1379454084.0,1379454116.0,E:\o4a\1379341312\H1_1379451904_1379456000.hdf5,1379451904.0,1379456000.0,H1,O4a,0.0695318505167961,157,run_spanning_complete_raw_blocks_within_block_even_spacing
378,1379454212.0,1379454244.0,E:\o4a\1379341312\H1_1379451904_1379456000.hdf5,1379451904.0,1379456000.0,H1,O4a,0.0529705584049224,157,run_spanning_complete_raw_blocks_within_block_even_spacing
379,1379454340.0,1379454372.0,E:\o4a\1379341312\H1_1379451904_1379456000.hdf5,1379451904.0,1379456000.0,H1,O4a,0.060902152210474,157,run_spanning_complete_raw_blocks_within_block_even_spacing
380,1379659268.0,1379659300.0,E:\o4a\1379341312\H1_1379656704_1379660800.hdf5,1379656704.0,1379660800.0,H1,O4a,0.0686901807785034,161,run_spanning_complete_raw_blocks_within_block_even_spacing
381,1379659332.0,1379659364.0,E:\o4a\1379341312\H1_1379656704_1379660800.hdf5,1379656704.0,1379660800.0,H1,O4a,0.0619081892073154,161,run_spanning_complete_raw_blocks_within_block_even_spacing
382,1379659460.0,1379659492.0,E:\o4a\1379341312\H1_1379656704_1379660800.hdf5,1379656704.0,1379660800.0,H1,O4a,0.0621339157223701,161,run_spanning_complete_raw_blocks_within_block_even_spacing
383,1379659588.0,1379659620.0,E:\o4a\1379341312\H1_1379656704_1379660800.hdf5,1379656704.0,1379660800.0,H1,O4a,0.0776506438851356,161,run_spanning_complete_raw_blocks_within_block_even_spacing
384,1379659716.0,1379659748.0,E:\o4a\1379341312\H1_1379656704_1379660800.hdf5,1379656704.0,1379660800.0,H1,O4a,0.0641233474016189,161,run_spanning_complete_raw_blocks_within_block_even_spacing
385,1379659780.0,1379659812.0,E:\o4a\1379341312\H1_1379656704_1379660800.hdf5,1379656704.0,1379660800.0,H1,O4a,0.060712281614542,161,run_spanning_complete_raw_blocks_within_block_even_spacing
386,1379659908.0,1379659940.0,E:\o4a\1379341312\H1_1379656704_1379660800.hdf5,1379656704.0,1379660800.0,H1,O4a,0.0594445802271366,161,run_spanning_complete_raw_blocks_within_block_even_spacing
387,1379660036.0,1379660068.0,E:\o4a\1379341312\H1_1379656704_1379660800.hdf5,1379656704.0,1379660800.0,H1,O4a,0.0749387219548225,161,run_spanning_complete_raw_blocks_within_block_even_spacing
388,1379660164.0,1379660196.0,E:\o4a\1379341312\H1_1379656704_1379660800.hdf5,1379656704.0,1379660800.0,H1,O4a,0.063385434448719,161,run_spanning_complete_raw_blocks_within_block_even_spacing
389,1379660292.0,1379660324.0,E:\o4a\1379341312\H1_1379656704_1379660800.hdf5,1379656704.0,1379660800.0,H1,O4a,0.062788039445877,161,run_spanning_complete_raw_blocks_within_block_even_spacing
390,1379929348.0,1379929380.0,E:\o4a\1379859712\H1_1379929344_1379933440.hdf5,1379929344.0,1379933440.0,H1,O4a,0.0730551406741142,165,run_spanning_complete_raw_blocks_within_block_even_spacing
391,1379929412.0,1379929444.0,E:\o4a\1379859712\H1_1379929344_1379933440.hdf5,1379929344.0,1379933440.0,H1,O4a,0.089860662817955,165,run_spanning_complete_raw_blocks_within_block_even_spacing
392,1379929540.0,1379929572.0,E:\o4a\1379859712\H1_1379929344_1379933440.hdf5,1379929344.0,1379933440.0,H1,O4a,0.0546050667762756,165,run_spanning_complete_raw_blocks_within_block_even_spacing
393,1379929668.0,1379929700.0,E:\o4a\1379859712\H1_1379929344_1379933440.hdf5,1379929344.0,1379933440.0,H1,O4a,0.0702586323022842,165,run_spanning_complete_raw_blocks_within_block_even_spacing
394,1379929796.0,1379929828.0,E:\o4a\1379859712\H1_1379929344_1379933440.hdf5,1379929344.0,1379933440.0,H1,O4a,0.0850158408284187,165,run_spanning_complete_raw_blocks_within_block_even_spacing
395,1379929860.0,1379929892.0,E:\o4a\1379859712\H1_1379929344_1379933440.hdf5,1379929344.0,1379933440.0,H1,O4a,0.0598890222609043,165,run_spanning_complete_raw_blocks_within_block_even_spacing
396,1379929988.0,1379930020.0,E:\o4a\1379859712\H1_1379929344_1379933440.hdf5,1379929344.0,1379933440.0,H1,O4a,0.0628410056233406,165,run_spanning_complete_raw_blocks_within_block_even_spacing
397,1379930116.0,1379930148.0,E:\o4a\1379859712\H1_1379929344_1379933440.hdf5,1379929344.0,1379933440.0,H1,O4a,0.0684987679123878,165,run_spanning_complete_raw_blocks_within_block_even_spacing
398,1379930244.0,1379930276.0,E:\o4a\1379859712\H1_1379929344_1379933440.hdf5,1379929344.0,1379933440.0,H1,O4a,0.0687353312969207,165,run_spanning_complete_raw_blocks_within_block_even_spacing
399,1379930372.0,1379930404.0,E:\o4a\1379859712\H1_1379929344_1379933440.hdf5,1379929344.0,1379933440.0,H1,O4a,0.0657694339752197,165,run_spanning_complete_raw_blocks_within_block_even_spacing
400,1380164996.0,1380165028.0,E:\o4a\1379859712\H1_1380162816_1380166912.hdf5,1380162816.0,1380166912.0,H1,O4a,0.0659928917884826,170,run_spanning_complete_raw_blocks_within_block_even_spacing
401,1380165060.0,1380165092.0,E:\o4a\1379859712\H1_1380162816_1380166912.hdf5,1380162816.0,1380166912.0,H1,O4a,0.0674006342887878,170,run_spanning_complete_raw_blocks_within_block_even_spacing
402,1380165188.0,1380165220.0,E:\o4a\1379859712\H1_1380162816_1380166912.hdf5,1380162816.0,1380166912.0,H1,O4a,0.0616294369101524,170,run_spanning_complete_raw_blocks_within_block_even_spacing
403,1380165316.0,1380165348.0,E:\o4a\1379859712\H1_1380162816_1380166912.hdf5,1380162816.0,1380166912.0,H1,O4a,0.0670152306556701,170,run_spanning_complete_raw_blocks_within_block_even_spacing
404,1380165444.0,1380165476.0,E:\o4a\1379859712\H1_1380162816_1380166912.hdf5,1380162816.0,1380166912.0,H1,O4a,0.0688825920224189,170,run_spanning_complete_raw_blocks_within_block_even_spacing
405,1380165508.0,1380165540.0,E:\o4a\1379859712\H1_1380162816_1380166912.hdf5,1380162816.0,1380166912.0,H1,O4a,0.071938581764698,170,run_spanning_complete_raw_blocks_within_block_even_spacing
406,1380165636.0,1380165668.0,E:\o4a\1379859712\H1_1380162816_1380166912.hdf5,1380162816.0,1380166912.0,H1,O4a,0.0626978352665901,170,run_spanning_complete_raw_blocks_within_block_even_spacing
407,1380165764.0,1380165796.0,E:\o4a\1379859712\H1_1380162816_1380166912.hdf5,1380162816.0,1380166912.0,H1,O4a,0.0685371682047844,170,run_spanning_complete_raw_blocks_within_block_even_spacing
408,1380165892.0,1380165924.0,E:\o4a\1379859712\H1_1380162816_1380166912.hdf5,1380162816.0,1380166912.0,H1,O4a,0.0612562671303749,170,run_spanning_complete_raw_blocks_within_block_even_spacing
409,1380166020.0,1380166052.0,E:\o4a\1379859712\H1_1380162816_1380166912.hdf5,1380162816.0,1380166912.0,H1,O4a,0.0653355717658996,170,run_spanning_complete_raw_blocks_within_block_even_spacing
410,1380344196.0,1380344228.0,E:\o4a\1379859712\H1_1380343040_1380347136.hdf5,1380343040.0,1380347136.0,H1,O4a,0.0629389286041259,174,run_spanning_complete_raw_blocks_within_block_even_spacing
411,1380344260.0,1380344292.0,E:\o4a\1379859712\H1_1380343040_1380347136.hdf5,1380343040.0,1380347136.0,H1,O4a,0.0601885728538036,174,run_spanning_complete_raw_blocks_within_block_even_spacing
412,1380344388.0,1380344420.0,E:\o4a\1379859712\H1_1380343040_1380347136.hdf5,1380343040.0,1380347136.0,H1,O4a,0.0625853836536407,174,run_spanning_complete_raw_blocks_within_block_even_spacing
413,1380344516.0,1380344548.0,E:\o4a\1379859712\H1_1380343040_1380347136.hdf5,1380343040.0,1380347136.0,H1,O4a,0.0606199353933334,174,run_spanning_complete_raw_blocks_within_block_even_spacing
414,1380344644.0,1380344676.0,E:\o4a\1379859712\H1_1380343040_1380347136.hdf5,1380343040.0,1380347136.0,H1,O4a,0.0690141394734382,174,run_spanning_complete_raw_blocks_within_block_even_spacing
415,1380344708.0,1380344740.0,E:\o4a\1379859712\H1_1380343040_1380347136.hdf5,1380343040.0,1380347136.0,H1,O4a,0.0561384670436382,174,run_spanning_complete_raw_blocks_within_block_even_spacing
416,1380344836.0,1380344868.0,E:\o4a\1379859712\H1_1380343040_1380347136.hdf5,1380343040.0,1380347136.0,H1,O4a,0.0512527041137218,174,run_spanning_complete_raw_blocks_within_block_even_spacing
417,1380344964.0,1380344996.0,E:\o4a\1379859712\H1_1380343040_1380347136.hdf5,1380343040.0,1380347136.0,H1,O4a,0.0609702803194522,174,run_spanning_complete_raw_blocks_within_block_even_spacing
418,1380345092.0,1380345124.0,E:\o4a\1379859712\H1_1380343040_1380347136.hdf5,1380343040.0,1380347136.0,H1,O4a,0.0551288910210132,174,run_spanning_complete_raw_blocks_within_block_even_spacing
419,1380345220.0,1380345252.0,E:\o4a\1379859712\H1_1380343040_1380347136.hdf5,1380343040.0,1380347136.0,H1,O4a,0.1080377846956253,174,run_spanning_complete_raw_blocks_within_block_even_spacing
420,1380660740.0,1380660772.0,E:\o4a\1380378112\H1_1380660736_1380664832.hdf5,1380660736.0,1380664832.0,H1,O4a,0.0627333670854568,179,run_spanning_complete_raw_blocks_within_block_even_spacing
421,1380660804.0,1380660836.0,E:\o4a\1380378112\H1_1380660736_1380664832.hdf5,1380660736.0,1380664832.0,H1,O4a,0.1036794856190681,179,run_spanning_complete_raw_blocks_within_block_even_spacing
422,1380660932.0,1380660964.0,E:\o4a\1380378112\H1_1380660736_1380664832.hdf5,1380660736.0,1380664832.0,H1,O4a,0.0605378560721874,179,run_spanning_complete_raw_blocks_within_block_even_spacing
423,1380661060.0,1380661092.0,E:\o4a\1380378112\H1_1380660736_1380664832.hdf5,1380660736.0,1380664832.0,H1,O4a,0.0567652881145477,179,run_spanning_complete_raw_blocks_within_block_even_spacing
424,1380661188.0,1380661220.0,E:\o4a\1380378112\H1_1380660736_1380664832.hdf5,1380660736.0,1380664832.0,H1,O4a,0.0599891282618045,179,run_spanning_complete_raw_blocks_within_block_even_spacing
425,1380661252.0,1380661284.0,E:\o4a\1380378112\H1_1380660736_1380664832.hdf5,1380660736.0,1380664832.0,H1,O4a,0.0600172840058803,179,run_spanning_complete_raw_blocks_within_block_even_spacing
426,1380661380.0,1380661412.0,E:\o4a\1380378112\H1_1380660736_1380664832.hdf5,1380660736.0,1380664832.0,H1,O4a,0.0563965775072574,179,run_spanning_complete_raw_blocks_within_block_even_spacing
427,1380661508.0,1380661540.0,E:\o4a\1380378112\H1_1380660736_1380664832.hdf5,1380660736.0,1380664832.0,H1,O4a,0.0816546231508255,179,run_spanning_complete_raw_blocks_within_block_even_spacing
428,1380661636.0,1380661668.0,E:\o4a\1380378112\H1_1380660736_1380664832.hdf5,1380660736.0,1380664832.0,H1,O4a,0.0632111355662345,179,run_spanning_complete_raw_blocks_within_block_even_spacing
429,1380661764.0,1380661796.0,E:\o4a\1380378112\H1_1380660736_1380664832.hdf5,1380660736.0,1380664832.0,H1,O4a,0.0586511641740798,179,run_spanning_complete_raw_blocks_within_block_even_spacing
430,1380971332.0,1380971364.0,E:\o4a\1380896512\H1_1380970240_1380974336.hdf5,1380970240.0,1380974336.0,H1,O4a,0.0773809924721717,185,run_spanning_complete_raw_blocks_within_block_even_spacing
431,1380971396.0,1380971428.0,E:\o4a\1380896512\H1_1380970240_1380974336.hdf5,1380970240.0,1380974336.0,H1,O4a,0.0734683871269226,185,run_spanning_complete_raw_blocks_within_block_even_spacing
432,1380971524.0,1380971556.0,E:\o4a\1380896512\H1_1380970240_1380974336.hdf5,1380970240.0,1380974336.0,H1,O4a,0.0590322874486446,185,run_spanning_complete_raw_blocks_within_block_even_spacing
433,1380971652.0,1380971684.0,E:\o4a\1380896512\H1_1380970240_1380974336.hdf5,1380970240.0,1380974336.0,H1,O4a,0.0499783754348754,185,run_spanning_complete_raw_blocks_within_block_even_spacing
434,1380971780.0,1380971812.0,E:\o4a\1380896512\H1_1380970240_1380974336.hdf5,1380970240.0,1380974336.0,H1,O4a,0.0678434818983078,185,run_spanning_complete_raw_blocks_within_block_even_spacing
435,1380971844.0,1380971876.0,E:\o4a\1380896512\H1_1380970240_1380974336.hdf5,1380970240.0,1380974336.0,H1,O4a,0.0718514174222946,185,run_spanning_complete_raw_blocks_within_block_even_spacing
436,1380971972.0,1380972004.0,E:\o4a\1380896512\H1_1380970240_1380974336.hdf5,1380970240.0,1380974336.0,H1,O4a,0.058012057095766,185,run_spanning_complete_raw_blocks_within_block_even_spacing
437,1380972100.0,1380972132.0,E:\o4a\1380896512\H1_1380970240_1380974336.hdf5,1380970240.0,1380974336.0,H1,O4a,0.068435750901699,185,run_spanning_complete_raw_blocks_within_block_even_spacing
438,1380972228.0,1380972260.0,E:\o4a\1380896512\H1_1380970240_1380974336.hdf5,1380970240.0,1380974336.0,H1,O4a,0.0633745193481445,185,run_spanning_complete_raw_blocks_within_block_even_spacing
439,1380972356.0,1380972388.0,E:\o4a\1380896512\H1_1380970240_1380974336.hdf5,1380970240.0,1380974336.0,H1,O4a,0.0585016757249832,185,run_spanning_complete_raw_blocks_within_block_even_spacing
440,1381328772.0,1381328804.0,E:\o4a\1380896512\H1_1381326592_1381330688.hdf5,1381326592.0,1381330688.0,H1,O4a,0.0842980667948722,191,run_spanning_complete_raw_blocks_within_block_even_spacing
441,1381328836.0,1381328868.0,E:\o4a\1380896512\H1_1381326592_1381330688.hdf5,1381326592.0,1381330688.0,H1,O4a,0.0626002922654151,191,run_spanning_complete_raw_blocks_within_block_even_spacing
442,1381328964.0,1381328996.0,E:\o4a\1380896512\H1_1381326592_1381330688.hdf5,1381326592.0,1381330688.0,H1,O4a,0.0571444407105445,191,run_spanning_complete_raw_blocks_within_block_even_spacing
443,1381329092.0,1381329124.0,E:\o4a\1380896512\H1_1381326592_1381330688.hdf5,1381326592.0,1381330688.0,H1,O4a,0.0621460415422916,191,run_spanning_complete_raw_blocks_within_block_even_spacing
444,1381329220.0,1381329252.0,E:\o4a\1380896512\H1_1381326592_1381330688.hdf5,1381326592.0,1381330688.0,H1,O4a,0.0592215619981288,191,run_spanning_complete_raw_blocks_within_block_even_spacing
445,1381329284.0,1381329316.0,E:\o4a\1380896512\H1_1381326592_1381330688.hdf5,1381326592.0,1381330688.0,H1,O4a,0.0625160783529281,191,run_spanning_complete_raw_blocks_within_block_even_spacing
446,1381329412.0,1381329444.0,E:\o4a\1380896512\H1_1381326592_1381330688.hdf5,1381326592.0,1381330688.0,H1,O4a,0.0697285160422325,191,run_spanning_complete_raw_blocks_within_block_even_spacing
447,1381329540.0,1381329572.0,E:\o4a\1380896512\H1_1381326592_1381330688.hdf5,1381326592.0,1381330688.0,H1,O4a,0.0801682472229003,191,run_spanning_complete_raw_blocks_within_block_even_spacing
448,1381329668.0,1381329700.0,E:\o4a\1380896512\H1_1381326592_1381330688.hdf5,1381326592.0,1381330688.0,H1,O4a,0.0707807093858718,191,run_spanning_complete_raw_blocks_within_block_even_spacing
449,1381329796.0,1381329828.0,E:\o4a\1380896512\H1_1381326592_1381330688.hdf5,1381326592.0,1381330688.0,H1,O4a,0.0664591640233993,191,run_spanning_complete_raw_blocks_within_block_even_spacing
450,1381641540.0,1381641572.0,E:\o4a\1381414912\H1_1381640192_1381644288.hdf5,1381640192.0,1381644288.0,H1,O4a,0.053447388112545,195,run_spanning_complete_raw_blocks_within_block_even_spacing
451,1381641604.0,1381641636.0,E:\o4a\1381414912\H1_1381640192_1381644288.hdf5,1381640192.0,1381644288.0,H1,O4a,0.1041526347398758,195,run_spanning_complete_raw_blocks_within_block_even_spacing
452,1381641732.0,1381641764.0,E:\o4a\1381414912\H1_1381640192_1381644288.hdf5,1381640192.0,1381644288.0,H1,O4a,0.0655643492937088,195,run_spanning_complete_raw_blocks_within_block_even_spacing
453,1381641860.0,1381641892.0,E:\o4a\1381414912\H1_1381640192_1381644288.hdf5,1381640192.0,1381644288.0,H1,O4a,0.0744812488555908,195,run_spanning_complete_raw_blocks_within_block_even_spacing
454,1381641988.0,1381642020.0,E:\o4a\1381414912\H1_1381640192_1381644288.hdf5,1381640192.0,1381644288.0,H1,O4a,0.0714959949254989,195,run_spanning_complete_raw_blocks_within_block_even_spacing
455,1381642052.0,1381642084.0,E:\o4a\1381414912\H1_1381640192_1381644288.hdf5,1381640192.0,1381644288.0,H1,O4a,0.0846000537276268,195,run_spanning_complete_raw_blocks_within_block_even_spacing
456,1381642180.0,1381642212.0,E:\o4a\1381414912\H1_1381640192_1381644288.hdf5,1381640192.0,1381644288.0,H1,O4a,0.0842753574252128,195,run_spanning_complete_raw_blocks_within_block_even_spacing
457,1381642308.0,1381642340.0,E:\o4a\1381414912\H1_1381640192_1381644288.hdf5,1381640192.0,1381644288.0,H1,O4a,0.0646021589636802,195,run_spanning_complete_raw_blocks_within_block_even_spacing
458,1381642436.0,1381642468.0,E:\o4a\1381414912\H1_1381640192_1381644288.hdf5,1381640192.0,1381644288.0,H1,O4a,0.0624218620359897,195,run_spanning_complete_raw_blocks_within_block_even_spacing
459,1381642564.0,1381642596.0,E:\o4a\1381414912\H1_1381640192_1381644288.hdf5,1381640192.0,1381644288.0,H1,O4a,0.070260189473629,195,run_spanning_complete_raw_blocks_within_block_even_spacing
460,1381983556.0,1381983588.0,E:\o4a\1381933312\H1_1381982464_1381986560.hdf5,1381982464.0,1381986560.0,H1,O4a,0.0699738934636116,200,run_spanning_complete_raw_blocks_within_block_even_spacing
461,1381983620.0,1381983652.0,E:\o4a\1381933312\H1_1381982464_1381986560.hdf5,1381982464.0,1381986560.0,H1,O4a,0.077456884086132,200,run_spanning_complete_raw_blocks_within_block_even_spacing
462,1381983748.0,1381983780.0,E:\o4a\1381933312\H1_1381982464_1381986560.hdf5,1381982464.0,1381986560.0,H1,O4a,0.0657262802124023,200,run_spanning_complete_raw_blocks_within_block_even_spacing
463,1381983876.0,1381983908.0,E:\o4a\1381933312\H1_1381982464_1381986560.hdf5,1381982464.0,1381986560.0,H1,O4a,0.0760233774781227,200,run_spanning_complete_raw_blocks_within_block_even_spacing
464,1381984004.0,1381984036.0,E:\o4a\1381933312\H1_1381982464_1381986560.hdf5,1381982464.0,1381986560.0,H1,O4a,0.0609509870409965,200,run_spanning_complete_raw_blocks_within_block_even_spacing
465,1381984068.0,1381984100.0,E:\o4a\1381933312\H1_1381982464_1381986560.hdf5,1381982464.0,1381986560.0,H1,O4a,0.0623212158679962,200,run_spanning_complete_raw_blocks_within_block_even_spacing
466,1381984196.0,1381984228.0,E:\o4a\1381933312\H1_1381982464_1381986560.hdf5,1381982464.0,1381986560.0,H1,O4a,0.0735088065266609,200,run_spanning_complete_raw_blocks_within_block_even_spacing
467,1381984324.0,1381984356.0,E:\o4a\1381933312\H1_1381982464_1381986560.hdf5,1381982464.0,1381986560.0,H1,O4a,0.0665744766592979,200,run_spanning_complete_raw_blocks_within_block_even_spacing
468,1381984452.0,1381984484.0,E:\o4a\1381933312\H1_1381982464_1381986560.hdf5,1381982464.0,1381986560.0,H1,O4a,0.0629084780812263,200,run_spanning_complete_raw_blocks_within_block_even_spacing
469,1381984580.0,1381984612.0,E:\o4a\1381933312\H1_1381982464_1381986560.hdf5,1381982464.0,1381986560.0,H1,O4a,0.0559620149433612,200,run_spanning_complete_raw_blocks_within_block_even_spacing
470,1382158980.0,1382159012.0,E:\o4a\1381933312\H1_1382158592_1382162688.hdf5,1382158592.0,1382162688.0,H1,O4a,0.1021414399147033,204,run_spanning_complete_raw_blocks_within_block_even_spacing
471,1382159044.0,1382159076.0,E:\o4a\1381933312\H1_1382158592_1382162688.hdf5,1382158592.0,1382162688.0,H1,O4a,0.0721518024802208,204,run_spanning_complete_raw_blocks_within_block_even_spacing
472,1382159172.0,1382159204.0,E:\o4a\1381933312\H1_1382158592_1382162688.hdf5,1382158592.0,1382162688.0,H1,O4a,0.0950511172413826,204,run_spanning_complete_raw_blocks_within_block_even_spacing
473,1382159300.0,1382159332.0,E:\o4a\1381933312\H1_1382158592_1382162688.hdf5,1382158592.0,1382162688.0,H1,O4a,0.0601396076381206,204,run_spanning_complete_raw_blocks_within_block_even_spacing
474,1382159428.0,1382159460.0,E:\o4a\1381933312\H1_1382158592_1382162688.hdf5,1382158592.0,1382162688.0,H1,O4a,0.0609020702540874,204,run_spanning_complete_raw_blocks_within_block_even_spacing
475,1382159492.0,1382159524.0,E:\o4a\1381933312\H1_1382158592_1382162688.hdf5,1382158592.0,1382162688.0,H1,O4a,0.0777098834514617,204,run_spanning_complete_raw_blocks_within_block_even_spacing
476,1382159620.0,1382159652.0,E:\o4a\1381933312\H1_1382158592_1382162688.hdf5,1382158592.0,1382162688.0,H1,O4a,0.0640560612082481,204,run_spanning_complete_raw_blocks_within_block_even_spacing
477,1382159748.0,1382159780.0,E:\o4a\1381933312\H1_1382158592_1382162688.hdf5,1382158592.0,1382162688.0,H1,O4a,0.0742771178483963,204,run_spanning_complete_raw_blocks_within_block_even_spacing
478,1382159876.0,1382159908.0,E:\o4a\1381933312\H1_1382158592_1382162688.hdf5,1382158592.0,1382162688.0,H1,O4a,0.069432184100151,204,run_spanning_complete_raw_blocks_within_block_even_spacing
479,1382160004.0,1382160036.0,E:\o4a\1381933312\H1_1382158592_1382162688.hdf5,1382158592.0,1382162688.0,H1,O4a,0.0646704658865928,204,run_spanning_complete_raw_blocks_within_block_even_spacing
480,1382669892.0,1382669924.0,E:\o4a\1382451712\H1_1382668800_1382672896.hdf5,1382668800.0,1382672896.0,H1,O4a,0.0711319521069526,211,run_spanning_complete_raw_blocks_within_block_even_spacing
481,1382669956.0,1382669988.0,E:\o4a\1382451712\H1_1382668800_1382672896.hdf5,1382668800.0,1382672896.0,H1,O4a,0.0993510112166404,211,run_spanning_complete_raw_blocks_within_block_even_spacing
482,1382670084.0,1382670116.0,E:\o4a\1382451712\H1_1382668800_1382672896.hdf5,1382668800.0,1382672896.0,H1,O4a,0.0591016598045825,211,run_spanning_complete_raw_blocks_within_block_even_spacing
483,1382670212.0,1382670244.0,E:\o4a\1382451712\H1_1382668800_1382672896.hdf5,1382668800.0,1382672896.0,H1,O4a,0.0582498349249362,211,run_spanning_complete_raw_blocks_within_block_even_spacing
484,1382670340.0,1382670372.0,E:\o4a\1382451712\H1_1382668800_1382672896.hdf5,1382668800.0,1382672896.0,H1,O4a,0.0697820857167244,211,run_spanning_complete_raw_blocks_within_block_even_spacing
485,1382670404.0,1382670436.0,E:\o4a\1382451712\H1_1382668800_1382672896.hdf5,1382668800.0,1382672896.0,H1,O4a,0.0763155594468116,211,run_spanning_complete_raw_blocks_within_block_even_spacing
486,1382670532.0,1382670564.0,E:\o4a\1382451712\H1_1382668800_1382672896.hdf5,1382668800.0,1382672896.0,H1,O4a,0.065466895699501,211,run_spanning_complete_raw_blocks_within_block_even_spacing
487,1382670660.0,1382670692.0,E:\o4a\1382451712\H1_1382668800_1382672896.hdf5,1382668800.0,1382672896.0,H1,O4a,0.0660030469298362,211,run_spanning_complete_raw_blocks_within_block_even_spacing
488,1382670788.0,1382670820.0,E:\o4a\1382451712\H1_1382668800_1382672896.hdf5,1382668800.0,1382672896.0,H1,O4a,0.0536622256040573,211,run_spanning_complete_raw_blocks_within_block_even_spacing
489,1382670916.0,1382670948.0,E:\o4a\1382451712\H1_1382668800_1382672896.hdf5,1382668800.0,1382672896.0,H1,O4a,0.0679385587573051,211,run_spanning_complete_raw_blocks_within_block_even_spacing
490,1383168964.0,1383168996.0,E:\o4a\1382970112\H1_1383166720_1383170816.hdf5,1383166720.0,1383170816.0,H1,O4a,0.0711870640516281,217,run_spanning_complete_raw_blocks_within_block_even_spacing
491,1383169028.0,1383169060.0,E:\o4a\1382970112\H1_1383166720_1383170816.hdf5,1383166720.0,1383170816.0,H1,O4a,0.0748831182718277,217,run_spanning_complete_raw_blocks_within_block_even_spacing
492,1383169156.0,1383169188.0,E:\o4a\1382970112\H1_1383166720_1383170816.hdf5,1383166720.0,1383170816.0,H1,O4a,0.0799397677183151,217,run_spanning_complete_raw_blocks_within_block_even_spacing
493,1383169284.0,1383169316.0,E:\o4a\1382970112\H1_1383166720_1383170816.hdf5,1383166720.0,1383170816.0,H1,O4a,0.0785113647580146,217,run_spanning_complete_raw_blocks_within_block_even_spacing
494,1383169412.0,1383169444.0,E:\o4a\1382970112\H1_1383166720_1383170816.hdf5,1383166720.0,1383170816.0,H1,O4a,0.0790855661034584,217,run_spanning_complete_raw_blocks_within_block_even_spacing
495,1383169476.0,1383169508.0,E:\o4a\1382970112\H1_1383166720_1383170816.hdf5,1383166720.0,1383170816.0,H1,O4a,0.0620437152683734,217,run_spanning_complete_raw_blocks_within_block_even_spacing
496,1383169604.0,1383169636.0,E:\o4a\1382970112\H1_1383166720_1383170816.hdf5,1383166720.0,1383170816.0,H1,O4a,0.0668666064739227,217,run_spanning_complete_raw_blocks_within_block_even_spacing
497,1383169732.0,1383169764.0,E:\o4a\1382970112\H1_1383166720_1383170816.hdf5,1383166720.0,1383170816.0,H1,O4a,0.068733625113964,217,run_spanning_complete_raw_blocks_within_block_even_spacing
498,1383169860.0,1383169892.0,E:\o4a\1382970112\H1_1383166720_1383170816.hdf5,1383166720.0,1383170816.0,H1,O4a,0.0781127735972404,217,run_spanning_complete_raw_blocks_within_block_even_spacing
499,1383169988.0,1383170020.0,E:\o4a\1382970112\H1_1383166720_1383170816.hdf5,1383166720.0,1383170816.0,H1,O4a,0.0775626823306083,217,run_spanning_complete_raw_blocks_within_block_even_spacing
500,1383607300.0,1383607332.0,E:\o4a\1383488512\H1_1383607296_1383611392.hdf5,1383607296.0,1383611392.0,H1,O4a,0.0587184205651283,222,run_spanning_complete_raw_blocks_within_block_even_spacing
501,1383607364.0,1383607396.0,E:\o4a\1383488512\H1_1383607296_1383611392.hdf5,1383607296.0,1383611392.0,H1,O4a,0.0604255497455596,222,run_spanning_complete_raw_blocks_within_block_even_spacing
502,1383607492.0,1383607524.0,E:\o4a\1383488512\H1_1383607296_1383611392.hdf5,1383607296.0,1383611392.0,H1,O4a,0.053821887820959,222,run_spanning_complete_raw_blocks_within_block_even_spacing
503,1383607620.0,1383607652.0,E:\o4a\1383488512\H1_1383607296_1383611392.hdf5,1383607296.0,1383611392.0,H1,O4a,0.0663016960024833,222,run_spanning_complete_raw_blocks_within_block_even_spacing
504,1383607748.0,1383607780.0,E:\o4a\1383488512\H1_1383607296_1383611392.hdf5,1383607296.0,1383611392.0,H1,O4a,0.0716664865612983,222,run_spanning_complete_raw_blocks_within_block_even_spacing
505,1383607812.0,1383607844.0,E:\o4a\1383488512\H1_1383607296_1383611392.hdf5,1383607296.0,1383611392.0,H1,O4a,0.0586591958999633,222,run_spanning_complete_raw_blocks_within_block_even_spacing
506,1383607940.0,1383607972.0,E:\o4a\1383488512\H1_1383607296_1383611392.hdf5,1383607296.0,1383611392.0,H1,O4a,0.0730715170502662,222,run_spanning_complete_raw_blocks_within_block_even_spacing
507,1383608068.0,1383608100.0,E:\o4a\1383488512\H1_1383607296_1383611392.hdf5,1383607296.0,1383611392.0,H1,O4a,0.0640723258256912,222,run_spanning_complete_raw_blocks_within_block_even_spacing
508,1383608196.0,1383608228.0,E:\o4a\1383488512\H1_1383607296_1383611392.hdf5,1383607296.0,1383611392.0,H1,O4a,0.0829481780529022,222,run_spanning_complete_raw_blocks_within_block_even_spacing
509,1383608324.0,1383608356.0,E:\o4a\1383488512\H1_1383607296_1383611392.hdf5,1383607296.0,1383611392.0,H1,O4a,0.0568937063217163,222,run_spanning_complete_raw_blocks_within_block_even_spacing
510,1383859844.0,1383859876.0,E:\o4a\1383488512\H1_1383857152_1383861248.hdf5,1383857152.0,1383861248.0,H1,O4a,0.0599727481603622,226,run_spanning_complete_raw_blocks_within_block_even_spacing
511,1383859908.0,1383859940.0,E:\o4a\1383488512\H1_1383857152_1383861248.hdf5,1383857152.0,1383861248.0,H1,O4a,0.0739182606339454,226,run_spanning_complete_raw_blocks_within_block_even_spacing
512,1383860036.0,1383860068.0,E:\o4a\1383488512\H1_1383857152_1383861248.hdf5,1383857152.0,1383861248.0,H1,O4a,0.1004701480269432,226,run_spanning_complete_raw_blocks_within_block_even_spacing
513,1383860164.0,1383860196.0,E:\o4a\1383488512\H1_1383857152_1383861248.hdf5,1383857152.0,1383861248.0,H1,O4a,0.0596741661429405,226,run_spanning_complete_raw_blocks_within_block_even_spacing
514,1383860292.0,1383860324.0,E:\o4a\1383488512\H1_1383857152_1383861248.hdf5,1383857152.0,1383861248.0,H1,O4a,0.0933300480246543,226,run_spanning_complete_raw_blocks_within_block_even_spacing
515,1383860356.0,1383860388.0,E:\o4a\1383488512\H1_1383857152_1383861248.hdf5,1383857152.0,1383861248.0,H1,O4a,0.0545505993068218,226,run_spanning_complete_raw_blocks_within_block_even_spacing
516,1383860484.0,1383860516.0,E:\o4a\1383488512\H1_1383857152_1383861248.hdf5,1383857152.0,1383861248.0,H1,O4a,0.063296839594841,226,run_spanning_complete_raw_blocks_within_block_even_spacing
517,1383860612.0,1383860644.0,E:\o4a\1383488512\H1_1383857152_1383861248.hdf5,1383857152.0,1383861248.0,H1,O4a,0.0916942209005355,226,run_spanning_complete_raw_blocks_within_block_even_spacing
518,1383860740.0,1383860772.0,E:\o4a\1383488512\H1_1383857152_1383861248.hdf5,1383857152.0,1383861248.0,H1,O4a,0.0578576885163784,226,run_spanning_complete_raw_blocks_within_block_even_spacing
519,1383860868.0,1383860900.0,E:\o4a\1383488512\H1_1383857152_1383861248.hdf5,1383857152.0,1383861248.0,H1,O4a,0.0533730909228324,226,run_spanning_complete_raw_blocks_within_block_even_spacing
520,1384269060.0,1384269092.0,E:\o4a\1384006912\H1_1384269056_1384273152.hdf5,1384269056.0,1384273152.0,H1,O4a,0.0785183906555175,233,run_spanning_complete_raw_blocks_within_block_even_spacing
521,1384269124.0,1384269156.0,E:\o4a\1384006912\H1_1384269056_1384273152.hdf5,1384269056.0,1384273152.0,H1,O4a,0.0637801364064216,233,run_spanning_complete_raw_blocks_within_block_even_spacing
522,1384269252.0,1384269284.0,E:\o4a\1384006912\H1_1384269056_1384273152.hdf5,1384269056.0,1384273152.0,H1,O4a,0.0600650608539581,233,run_spanning_complete_raw_blocks_within_block_even_spacing
523,1384269380.0,1384269412.0,E:\o4a\1384006912\H1_1384269056_1384273152.hdf5,1384269056.0,1384273152.0,H1,O4a,0.0874556228518486,233,run_spanning_complete_raw_blocks_within_block_even_spacing
524,1384269508.0,1384269540.0,E:\o4a\1384006912\H1_1384269056_1384273152.hdf5,1384269056.0,1384273152.0,H1,O4a,0.1152300834655761,233,run_spanning_complete_raw_blocks_within_block_even_spacing
525,1384269572.0,1384269604.0,E:\o4a\1384006912\H1_1384269056_1384273152.hdf5,1384269056.0,1384273152.0,H1,O4a,0.0916095450520515,233,run_spanning_complete_raw_blocks_within_block_even_spacing
526,1384269700.0,1384269732.0,E:\o4a\1384006912\H1_1384269056_1384273152.hdf5,1384269056.0,1384273152.0,H1,O4a,0.0590399429202079,233,run_spanning_complete_raw_blocks_within_block_even_spacing
527,1384269828.0,1384269860.0,E:\o4a\1384006912\H1_1384269056_1384273152.hdf5,1384269056.0,1384273152.0,H1,O4a,0.0638030394911766,233,run_spanning_complete_raw_blocks_within_block_even_spacing
528,1384269956.0,1384269988.0,E:\o4a\1384006912\H1_1384269056_1384273152.hdf5,1384269056.0,1384273152.0,H1,O4a,0.0615485273301601,233,run_spanning_complete_raw_blocks_within_block_even_spacing
529,1384270084.0,1384270116.0,E:\o4a\1384006912\H1_1384269056_1384273152.hdf5,1384269056.0,1384273152.0,H1,O4a,0.0598157308995723,233,run_spanning_complete_raw_blocks_within_block_even_spacing
530,1384565124.0,1384565156.0,E:\o4a\1384525312\H1_1384562176_1384566272.hdf5,1384562176.0,1384566272.0,H1,O4a,0.0595263876020908,237,run_spanning_complete_raw_blocks_within_block_even_spacing
531,1384565188.0,1384565220.0,E:\o4a\1384525312\H1_1384562176_1384566272.hdf5,1384562176.0,1384566272.0,H1,O4a,0.0590233244001865,237,run_spanning_complete_raw_blocks_within_block_even_spacing
532,1384565316.0,1384565348.0,E:\o4a\1384525312\H1_1384562176_1384566272.hdf5,1384562176.0,1384566272.0,H1,O4a,0.0621836259961128,237,run_spanning_complete_raw_blocks_within_block_even_spacing
533,1384565444.0,1384565476.0,E:\o4a\1384525312\H1_1384562176_1384566272.hdf5,1384562176.0,1384566272.0,H1,O4a,0.0649907737970352,237,run_spanning_complete_raw_blocks_within_block_even_spacing
534,1384565572.0,1384565604.0,E:\o4a\1384525312\H1_1384562176_1384566272.hdf5,1384562176.0,1384566272.0,H1,O4a,0.0661220476031303,237,run_spanning_complete_raw_blocks_within_block_even_spacing
535,1384565636.0,1384565668.0,E:\o4a\1384525312\H1_1384562176_1384566272.hdf5,1384562176.0,1384566272.0,H1,O4a,0.0618140771985054,237,run_spanning_complete_raw_blocks_within_block_even_spacing
536,1384565764.0,1384565796.0,E:\o4a\1384525312\H1_1384562176_1384566272.hdf5,1384562176.0,1384566272.0,H1,O4a,0.0651957839727401,237,run_spanning_complete_raw_blocks_within_block_even_spacing
537,1384565892.0,1384565924.0,E:\o4a\1384525312\H1_1384562176_1384566272.hdf5,1384562176.0,1384566272.0,H1,O4a,0.0560309812426567,237,run_spanning_complete_raw_blocks_within_block_even_spacing
538,1384566020.0,1384566052.0,E:\o4a\1384525312\H1_1384562176_1384566272.hdf5,1384562176.0,1384566272.0,H1,O4a,0.0928168594837188,237,run_spanning_complete_raw_blocks_within_block_even_spacing
539,1384566148.0,1384566180.0,E:\o4a\1384525312\H1_1384562176_1384566272.hdf5,1384562176.0,1384566272.0,H1,O4a,0.0604447051882743,237,run_spanning_complete_raw_blocks_within_block_even_spacing
540,1384874564.0,1384874596.0,E:\o4a\1384525312\H1_1384873472_1384877568.hdf5,1384873472.0,1384877568.0,H1,O4a,0.0611169338226318,241,run_spanning_complete_raw_blocks_within_block_even_spacing
541,1384874628.0,1384874660.0,E:\o4a\1384525312\H1_1384873472_1384877568.hdf5,1384873472.0,1384877568.0,H1,O4a,0.0623881667852401,241,run_spanning_complete_raw_blocks_within_block_even_spacing
542,1384874756.0,1384874788.0,E:\o4a\1384525312\H1_1384873472_1384877568.hdf5,1384873472.0,1384877568.0,H1,O4a,0.0623853132128715,241,run_spanning_complete_raw_blocks_within_block_even_spacing
543,1384874884.0,1384874916.0,E:\o4a\1384525312\H1_1384873472_1384877568.hdf5,1384873472.0,1384877568.0,H1,O4a,0.0683150440454483,241,run_spanning_complete_raw_blocks_within_block_even_spacing
544,1384875012.0,1384875044.0,E:\o4a\1384525312\H1_1384873472_1384877568.hdf5,1384873472.0,1384877568.0,H1,O4a,0.0669259801506996,241,run_spanning_complete_raw_blocks_within_block_even_spacing
545,1384875076.0,1384875108.0,E:\o4a\1384525312\H1_1384873472_1384877568.hdf5,1384873472.0,1384877568.0,H1,O4a,0.0599768459796905,241,run_spanning_complete_raw_blocks_within_block_even_spacing
546,1384875204.0,1384875236.0,E:\o4a\1384525312\H1_1384873472_1384877568.hdf5,1384873472.0,1384877568.0,H1,O4a,0.0725084170699119,241,run_spanning_complete_raw_blocks_within_block_even_spacing
547,1384875332.0,1384875364.0,E:\o4a\1384525312\H1_1384873472_1384877568.hdf5,1384873472.0,1384877568.0,H1,O4a,0.0719445049762725,241,run_spanning_complete_raw_blocks_within_block_even_spacing
548,1384875460.0,1384875492.0,E:\o4a\1384525312\H1_1384873472_1384877568.hdf5,1384873472.0,1384877568.0,H1,O4a,0.0668979808688163,241,run_spanning_complete_raw_blocks_within_block_even_spacing
549,1384875588.0,1384875620.0,E:\o4a\1384525312\H1_1384873472_1384877568.hdf5,1384873472.0,1384877568.0,H1,O4a,0.0801293700933456,241,run_spanning_complete_raw_blocks_within_block_even_spacing
550,1385073476.0,1385073508.0,E:\o4a\1385043712\H1_1385072384_1385076480.hdf5,1385072384.0,1385076480.0,H1,O4a,0.0665037482976913,245,run_spanning_complete_raw_blocks_within_block_even_spacing
551,1385073540.0,1385073572.0,E:\o4a\1385043712\H1_1385072384_1385076480.hdf5,1385072384.0,1385076480.0,H1,O4a,0.0804816633462905,245,run_spanning_complete_raw_blocks_within_block_even_spacing
552,1385073668.0,1385073700.0,E:\o4a\1385043712\H1_1385072384_1385076480.hdf5,1385072384.0,1385076480.0,H1,O4a,0.0687125623226165,245,run_spanning_complete_raw_blocks_within_block_even_spacing
553,1385073796.0,1385073828.0,E:\o4a\1385043712\H1_1385072384_1385076480.hdf5,1385072384.0,1385076480.0,H1,O4a,0.0822503566741943,245,run_spanning_complete_raw_blocks_within_block_even_spacing
554,1385073924.0,1385073956.0,E:\o4a\1385043712\H1_1385072384_1385076480.hdf5,1385072384.0,1385076480.0,H1,O4a,0.0880495831370353,245,run_spanning_complete_raw_blocks_within_block_even_spacing
555,1385073988.0,1385074020.0,E:\o4a\1385043712\H1_1385072384_1385076480.hdf5,1385072384.0,1385076480.0,H1,O4a,0.0707405060529708,245,run_spanning_complete_raw_blocks_within_block_even_spacing
556,1385074116.0,1385074148.0,E:\o4a\1385043712\H1_1385072384_1385076480.hdf5,1385072384.0,1385076480.0,H1,O4a,0.1153110116720199,245,run_spanning_complete_raw_blocks_within_block_even_spacing
557,1385074244.0,1385074276.0,E:\o4a\1385043712\H1_1385072384_1385076480.hdf5,1385072384.0,1385076480.0,H1,O4a,0.4173168241977691,245,run_spanning_complete_raw_blocks_within_block_even_spacing
558,1385074372.0,1385074404.0,E:\o4a\1385043712\H1_1385072384_1385076480.hdf5,1385072384.0,1385076480.0,H1,O4a,0.0635712817311286,245,run_spanning_complete_raw_blocks_within_block_even_spacing
559,1385074500.0,1385074532.0,E:\o4a\1385043712\H1_1385072384_1385076480.hdf5,1385072384.0,1385076480.0,H1,O4a,0.1240559592843055,245,run_spanning_complete_raw_blocks_within_block_even_spacing
560,1385695364.0,1385695396.0,E:\o4a\1385562112\H1_1385693184_1385697280.hdf5,1385693184.0,1385697280.0,H1,O4a,0.0967554897069931,250,run_spanning_complete_raw_blocks_within_block_even_spacing
561,1385695428.0,1385695460.0,E:\o4a\1385562112\H1_1385693184_1385697280.hdf5,1385693184.0,1385697280.0,H1,O4a,0.0842333957552909,250,run_spanning_complete_raw_blocks_within_block_even_spacing
562,1385695556.0,1385695588.0,E:\o4a\1385562112\H1_1385693184_1385697280.hdf5,1385693184.0,1385697280.0,H1,O4a,0.2386640608310699,250,run_spanning_complete_raw_blocks_within_block_even_spacing
563,1385695684.0,1385695716.0,E:\o4a\1385562112\H1_1385693184_1385697280.hdf5,1385693184.0,1385697280.0,H1,O4a,0.0949710980057716,250,run_spanning_complete_raw_blocks_within_block_even_spacing
564,1385695812.0,1385695844.0,E:\o4a\1385562112\H1_1385693184_1385697280.hdf5,1385693184.0,1385697280.0,H1,O4a,0.089764304459095,250,run_spanning_complete_raw_blocks_within_block_even_spacing
565,1385695876.0,1385695908.0,E:\o4a\1385562112\H1_1385693184_1385697280.hdf5,1385693184.0,1385697280.0,H1,O4a,0.1203584000468254,250,run_spanning_complete_raw_blocks_within_block_even_spacing
566,1385696004.0,1385696036.0,E:\o4a\1385562112\H1_1385693184_1385697280.hdf5,1385693184.0,1385697280.0,H1,O4a,0.0970442146062851,250,run_spanning_complete_raw_blocks_within_block_even_spacing
567,1385696132.0,1385696164.0,E:\o4a\1385562112\H1_1385693184_1385697280.hdf5,1385693184.0,1385697280.0,H1,O4a,0.1063784286379814,250,run_spanning_complete_raw_blocks_within_block_even_spacing
568,1385696260.0,1385696292.0,E:\o4a\1385562112\H1_1385693184_1385697280.hdf5,1385693184.0,1385697280.0,H1,O4a,0.0849625393748283,250,run_spanning_complete_raw_blocks_within_block_even_spacing
569,1385696388.0,1385696420.0,E:\o4a\1385562112\H1_1385693184_1385697280.hdf5,1385693184.0,1385697280.0,H1,O4a,0.0968704000115394,250,run_spanning_complete_raw_blocks_within_block_even_spacing
570,1385914372.0,1385914404.0,E:\o4a\1385562112\H1_1385914368_1385918464.hdf5,1385914368.0,1385918464.0,H1,O4a,0.078567698597908,254,run_spanning_complete_raw_blocks_within_block_even_spacing
571,1385914436.0,1385914468.0,E:\o4a\1385562112\H1_1385914368_1385918464.hdf5,1385914368.0,1385918464.0,H1,O4a,0.0762462764978408,254,run_spanning_complete_raw_blocks_within_block_even_spacing
572,1385914564.0,1385914596.0,E:\o4a\1385562112\H1_1385914368_1385918464.hdf5,1385914368.0,1385918464.0,H1,O4a,0.0588757582008838,254,run_spanning_complete_raw_blocks_within_block_even_spacing
573,1385914692.0,1385914724.0,E:\o4a\1385562112\H1_1385914368_1385918464.hdf5,1385914368.0,1385918464.0,H1,O4a,0.0663421303033828,254,run_spanning_complete_raw_blocks_within_block_even_spacing
574,1385914820.0,1385914852.0,E:\o4a\1385562112\H1_1385914368_1385918464.hdf5,1385914368.0,1385918464.0,H1,O4a,0.0596457868814468,254,run_spanning_complete_raw_blocks_within_block_even_spacing
575,1385914884.0,1385914916.0,E:\o4a\1385562112\H1_1385914368_1385918464.hdf5,1385914368.0,1385918464.0,H1,O4a,0.0977682545781135,254,run_spanning_complete_raw_blocks_within_block_even_spacing
576,1385915012.0,1385915044.0,E:\o4a\1385562112\H1_1385914368_1385918464.hdf5,1385914368.0,1385918464.0,H1,O4a,0.0751202553510665,254,run_spanning_complete_raw_blocks_within_block_even_spacing
577,1385915140.0,1385915172.0,E:\o4a\1385562112\H1_1385914368_1385918464.hdf5,1385914368.0,1385918464.0,H1,O4a,0.0691586807370185,254,run_spanning_complete_raw_blocks_within_block_even_spacing
578,1385915268.0,1385915300.0,E:\o4a\1385562112\H1_1385914368_1385918464.hdf5,1385914368.0,1385918464.0,H1,O4a,0.05897057056427,254,run_spanning_complete_raw_blocks_within_block_even_spacing
579,1385915396.0,1385915428.0,E:\o4a\1385562112\H1_1385914368_1385918464.hdf5,1385914368.0,1385918464.0,H1,O4a,0.0605125986039638,254,run_spanning_complete_raw_blocks_within_block_even_spacing
580,1386163460.0,1386163492.0,E:\o4a\1386080512\H1_1386162432_1386166528.hdf5,1386162432.0,1386166528.0,H1,O4a,0.0544417649507522,258,run_spanning_complete_raw_blocks_within_block_even_spacing
581,1386163524.0,1386163556.0,E:\o4a\1386080512\H1_1386162432_1386166528.hdf5,1386162432.0,1386166528.0,H1,O4a,0.1082972958683967,258,run_spanning_complete_raw_blocks_within_block_even_spacing
582,1386163652.0,1386163684.0,E:\o4a\1386080512\H1_1386162432_1386166528.hdf5,1386162432.0,1386166528.0,H1,O4a,0.0570183023810386,258,run_spanning_complete_raw_blocks_within_block_even_spacing
583,1386163780.0,1386163812.0,E:\o4a\1386080512\H1_1386162432_1386166528.hdf5,1386162432.0,1386166528.0,H1,O4a,0.0729745775461196,258,run_spanning_complete_raw_blocks_within_block_even_spacing
584,1386163908.0,1386163940.0,E:\o4a\1386080512\H1_1386162432_1386166528.hdf5,1386162432.0,1386166528.0,H1,O4a,0.0619578212499618,258,run_spanning_complete_raw_blocks_within_block_even_spacing
585,1386163972.0,1386164004.0,E:\o4a\1386080512\H1_1386162432_1386166528.hdf5,1386162432.0,1386166528.0,H1,O4a,0.0601710379123687,258,run_spanning_complete_raw_blocks_within_block_even_spacing
586,1386164100.0,1386164132.0,E:\o4a\1386080512\H1_1386162432_1386166528.hdf5,1386162432.0,1386166528.0,H1,O4a,0.0549902915954589,258,run_spanning_complete_raw_blocks_within_block_even_spacing
587,1386164228.0,1386164260.0,E:\o4a\1386080512\H1_1386162432_1386166528.hdf5,1386162432.0,1386166528.0,H1,O4a,0.0778924599289894,258,run_spanning_complete_raw_blocks_within_block_even_spacing
588,1386164356.0,1386164388.0,E:\o4a\1386080512\H1_1386162432_1386166528.hdf5,1386162432.0,1386166528.0,H1,O4a,0.0710029527544975,258,run_spanning_complete_raw_blocks_within_block_even_spacing
589,1386164484.0,1386164516.0,E:\o4a\1386080512\H1_1386162432_1386166528.hdf5,1386162432.0,1386166528.0,H1,O4a,0.0570779331028461,258,run_spanning_complete_raw_blocks_within_block_even_spacing
590,1386394116.0,1386394148.0,E:\o4a\1386080512\H1_1386391808_1386395904.hdf5,1386391808.0,1386395904.0,H1,O4a,0.0606265477836132,262,run_spanning_complete_raw_blocks_within_block_even_spacing
591,1386394180.0,1386394212.0,E:\o4a\1386080512\H1_1386391808_1386395904.hdf5,1386391808.0,1386395904.0,H1,O4a,0.0646977126598358,262,run_spanning_complete_raw_blocks_within_block_even_spacing
592,1386394308.0,1386394340.0,E:\o4a\1386080512\H1_1386391808_1386395904.hdf5,1386391808.0,1386395904.0,H1,O4a,0.0644034743309021,262,run_spanning_complete_raw_blocks_within_block_even_spacing
593,1386394436.0,1386394468.0,E:\o4a\1386080512\H1_1386391808_1386395904.hdf5,1386391808.0,1386395904.0,H1,O4a,0.0981743484735488,262,run_spanning_complete_raw_blocks_within_block_even_spacing
594,1386394564.0,1386394596.0,E:\o4a\1386080512\H1_1386391808_1386395904.hdf5,1386391808.0,1386395904.0,H1,O4a,0.0692265629768371,262,run_spanning_complete_raw_blocks_within_block_even_spacing
595,1386394628.0,1386394660.0,E:\o4a\1386080512\H1_1386391808_1386395904.hdf5,1386391808.0,1386395904.0,H1,O4a,0.058225892484188,262,run_spanning_complete_raw_blocks_within_block_even_spacing
596,1386394756.0,1386394788.0,E:\o4a\1386080512\H1_1386391808_1386395904.hdf5,1386391808.0,1386395904.0,H1,O4a,0.0597985759377479,262,run_spanning_complete_raw_blocks_within_block_even_spacing
597,1386394884.0,1386394916.0,E:\o4a\1386080512\H1_1386391808_1386395904.hdf5,1386391808.0,1386395904.0,H1,O4a,0.0713585466146469,262,run_spanning_complete_raw_blocks_within_block_even_spacing
598,1386395012.0,1386395044.0,E:\o4a\1386080512\H1_1386391808_1386395904.hdf5,1386391808.0,1386395904.0,H1,O4a,0.0670903399586677,262,run_spanning_complete_raw_blocks_within_block_even_spacing
599,1386395140.0,1386395172.0,E:\o4a\1386080512\H1_1386391808_1386395904.hdf5,1386391808.0,1386395904.0,H1,O4a,0.058382511138916,262,run_spanning_complete_raw_blocks_within_block_even_spacing
600,1386866244.0,1386866276.0,E:\o4a\1386598912\H1_1386865152_1386869248.hdf5,1386865152.0,1386869248.0,H1,O4a,0.0662398114800453,270,run_spanning_complete_raw_blocks_within_block_even_spacing
601,1386866308.0,1386866340.0,E:\o4a\1386598912\H1_1386865152_1386869248.hdf5,1386865152.0,1386869248.0,H1,O4a,0.0632997453212738,270,run_spanning_complete_raw_blocks_within_block_even_spacing
602,1386866436.0,1386866468.0,E:\o4a\1386598912\H1_1386865152_1386869248.hdf5,1386865152.0,1386869248.0,H1,O4a,0.0690770596265792,270,run_spanning_complete_raw_blocks_within_block_even_spacing
603,1386866564.0,1386866596.0,E:\o4a\1386598912\H1_1386865152_1386869248.hdf5,1386865152.0,1386869248.0,H1,O4a,0.0972477793693542,270,run_spanning_complete_raw_blocks_within_block_even_spacing
604,1386866692.0,1386866724.0,E:\o4a\1386598912\H1_1386865152_1386869248.hdf5,1386865152.0,1386869248.0,H1,O4a,0.0757424160838127,270,run_spanning_complete_raw_blocks_within_block_even_spacing
605,1386866756.0,1386866788.0,E:\o4a\1386598912\H1_1386865152_1386869248.hdf5,1386865152.0,1386869248.0,H1,O4a,0.0862154141068458,270,run_spanning_complete_raw_blocks_within_block_even_spacing
606,1386866884.0,1386866916.0,E:\o4a\1386598912\H1_1386865152_1386869248.hdf5,1386865152.0,1386869248.0,H1,O4a,0.0610887147486209,270,run_spanning_complete_raw_blocks_within_block_even_spacing
607,1386867012.0,1386867044.0,E:\o4a\1386598912\H1_1386865152_1386869248.hdf5,1386865152.0,1386869248.0,H1,O4a,0.0718502327799797,270,run_spanning_complete_raw_blocks_within_block_even_spacing
608,1386867140.0,1386867172.0,E:\o4a\1386598912\H1_1386865152_1386869248.hdf5,1386865152.0,1386869248.0,H1,O4a,0.0737642794847488,270,run_spanning_complete_raw_blocks_within_block_even_spacing
609,1386867268.0,1386867300.0,E:\o4a\1386598912\H1_1386865152_1386869248.hdf5,1386865152.0,1386869248.0,H1,O4a,0.0620536804199218,270,run_spanning_complete_raw_blocks_within_block_even_spacing
610,1387175748.0,1387175780.0,E:\o4a\1387117312\H1_1387174656_1387178752.hdf5,1387174656.0,1387178752.0,H1,O4a,0.0608868896961212,275,run_spanning_complete_raw_blocks_within_block_even_spacing
611,1387175812.0,1387175844.0,E:\o4a\1387117312\H1_1387174656_1387178752.hdf5,1387174656.0,1387178752.0,H1,O4a,0.1032721996307373,275,run_spanning_complete_raw_blocks_within_block_even_spacing
612,1387175940.0,1387175972.0,E:\o4a\1387117312\H1_1387174656_1387178752.hdf5,1387174656.0,1387178752.0,H1,O4a,0.0569125786423683,275,run_spanning_complete_raw_blocks_within_block_even_spacing
613,1387176068.0,1387176100.0,E:\o4a\1387117312\H1_1387174656_1387178752.hdf5,1387174656.0,1387178752.0,H1,O4a,0.0586593337357044,275,run_spanning_complete_raw_blocks_within_block_even_spacing
614,1387176196.0,1387176228.0,E:\o4a\1387117312\H1_1387174656_1387178752.hdf5,1387174656.0,1387178752.0,H1,O4a,0.0891598090529441,275,run_spanning_complete_raw_blocks_within_block_even_spacing
615,1387176260.0,1387176292.0,E:\o4a\1387117312\H1_1387174656_1387178752.hdf5,1387174656.0,1387178752.0,H1,O4a,0.1096427366137504,275,run_spanning_complete_raw_blocks_within_block_even_spacing
616,1387176388.0,1387176420.0,E:\o4a\1387117312\H1_1387174656_1387178752.hdf5,1387174656.0,1387178752.0,H1,O4a,0.0722622573375701,275,run_spanning_complete_raw_blocks_within_block_even_spacing
617,1387176516.0,1387176548.0,E:\o4a\1387117312\H1_1387174656_1387178752.hdf5,1387174656.0,1387178752.0,H1,O4a,0.0632428303360939,275,run_spanning_complete_raw_blocks_within_block_even_spacing
618,1387176644.0,1387176676.0,E:\o4a\1387117312\H1_1387174656_1387178752.hdf5,1387174656.0,1387178752.0,H1,O4a,0.0648470520973205,275,run_spanning_complete_raw_blocks_within_block_even_spacing
619,1387176772.0,1387176804.0,E:\o4a\1387117312\H1_1387174656_1387178752.hdf5,1387174656.0,1387178752.0,H1,O4a,0.0704681202769279,275,run_spanning_complete_raw_blocks_within_block_even_spacing
620,1387437892.0,1387437924.0,E:\o4a\1387117312\H1_1387436800_1387440896.hdf5,1387436800.0,1387440896.0,H1,O4a,0.0641377344727516,279,run_spanning_complete_raw_blocks_within_block_even_spacing
621,1387437956.0,1387437988.0,E:\o4a\1387117312\H1_1387436800_1387440896.hdf5,1387436800.0,1387440896.0,H1,O4a,0.0558754354715347,279,run_spanning_complete_raw_blocks_within_block_even_spacing
622,1387438084.0,1387438116.0,E:\o4a\1387117312\H1_1387436800_1387440896.hdf5,1387436800.0,1387440896.0,H1,O4a,0.0623744390904903,279,run_spanning_complete_raw_blocks_within_block_even_spacing
623,1387438212.0,1387438244.0,E:\o4a\1387117312\H1_1387436800_1387440896.hdf5,1387436800.0,1387440896.0,H1,O4a,0.0596329532563686,279,run_spanning_complete_raw_blocks_within_block_even_spacing
624,1387438340.0,1387438372.0,E:\o4a\1387117312\H1_1387436800_1387440896.hdf5,1387436800.0,1387440896.0,H1,O4a,0.0633449852466583,279,run_spanning_complete_raw_blocks_within_block_even_spacing
625,1387438404.0,1387438436.0,E:\o4a\1387117312\H1_1387436800_1387440896.hdf5,1387436800.0,1387440896.0,H1,O4a,0.070422351360321,279,run_spanning_complete_raw_blocks_within_block_even_spacing
626,1387438532.0,1387438564.0,E:\o4a\1387117312\H1_1387436800_1387440896.hdf5,1387436800.0,1387440896.0,H1,O4a,0.0844402760267257,279,run_spanning_complete_raw_blocks_within_block_even_spacing
627,1387438660.0,1387438692.0,E:\o4a\1387117312\H1_1387436800_1387440896.hdf5,1387436800.0,1387440896.0,H1,O4a,0.0850535705685615,279,run_spanning_complete_raw_blocks_within_block_even_spacing
628,1387438788.0,1387438820.0,E:\o4a\1387117312\H1_1387436800_1387440896.hdf5,1387436800.0,1387440896.0,H1,O4a,0.0784104615449905,279,run_spanning_complete_raw_blocks_within_block_even_spacing
629,1387438916.0,1387438948.0,E:\o4a\1387117312\H1_1387436800_1387440896.hdf5,1387436800.0,1387440896.0,H1,O4a,0.0678836479783058,279,run_spanning_complete_raw_blocks_within_block_even_spacing
630,1388358916.0,1388358948.0,E:\o4a\1388154112\H1_1388358912_1388363008.hdf5,1388358912.0,1388363008.0,H1,O4a,0.0646823123097419,283,run_spanning_complete_raw_blocks_within_block_even_spacing
631,1388358980.0,1388359012.0,E:\o4a\1388154112\H1_1388358912_1388363008.hdf5,1388358912.0,1388363008.0,H1,O4a,0.0591963455080986,283,run_spanning_complete_raw_blocks_within_block_even_spacing
632,1388359108.0,1388359140.0,E:\o4a\1388154112\H1_1388358912_1388363008.hdf5,1388358912.0,1388363008.0,H1,O4a,0.0609665848314762,283,run_spanning_complete_raw_blocks_within_block_even_spacing
633,1388359236.0,1388359268.0,E:\o4a\1388154112\H1_1388358912_1388363008.hdf5,1388358912.0,1388363008.0,H1,O4a,0.0678182914853096,283,run_spanning_complete_raw_blocks_within_block_even_spacing
634,1388359364.0,1388359396.0,E:\o4a\1388154112\H1_1388358912_1388363008.hdf5,1388358912.0,1388363008.0,H1,O4a,0.0884381905198097,283,run_spanning_complete_raw_blocks_within_block_even_spacing
635,1388359428.0,1388359460.0,E:\o4a\1388154112\H1_1388358912_1388363008.hdf5,1388358912.0,1388363008.0,H1,O4a,0.0683780461549758,283,run_spanning_complete_raw_blocks_within_block_even_spacing
636,1388359556.0,1388359588.0,E:\o4a\1388154112\H1_1388358912_1388363008.hdf5,1388358912.0,1388363008.0,H1,O4a,0.074229322373867,283,run_spanning_complete_raw_blocks_within_block_even_spacing
637,1388359684.0,1388359716.0,E:\o4a\1388154112\H1_1388358912_1388363008.hdf5,1388358912.0,1388363008.0,H1,O4a,0.0845476537942886,283,run_spanning_complete_raw_blocks_within_block_even_spacing
638,1388359812.0,1388359844.0,E:\o4a\1388154112\H1_1388358912_1388363008.hdf5,1388358912.0,1388363008.0,H1,O4a,0.0706496685743331,283,run_spanning_complete_raw_blocks_within_block_even_spacing
639,1388359940.0,1388359972.0,E:\o4a\1388154112\H1_1388358912_1388363008.hdf5,1388358912.0,1388363008.0,H1,O4a,0.0768528282642364,283,run_spanning_complete_raw_blocks_within_block_even_spacing
640,1388971524.0,1388971556.0,E:\o4a\1388672512\H1_1388971520_1388975616.hdf5,1388971520.0,1388975616.0,H1,O4a,0.060648538172245,289,run_spanning_complete_raw_blocks_within_block_even_spacing
641,1388971588.0,1388971620.0,E:\o4a\1388672512\H1_1388971520_1388975616.hdf5,1388971520.0,1388975616.0,H1,O4a,0.0596457943320274,289,run_spanning_complete_raw_blocks_within_block_even_spacing
642,1388971716.0,1388971748.0,E:\o4a\1388672512\H1_1388971520_1388975616.hdf5,1388971520.0,1388975616.0,H1,O4a,0.0556444227695465,289,run_spanning_complete_raw_blocks_within_block_even_spacing
643,1388971844.0,1388971876.0,E:\o4a\1388672512\H1_1388971520_1388975616.hdf5,1388971520.0,1388975616.0,H1,O4a,0.0894423946738243,289,run_spanning_complete_raw_blocks_within_block_even_spacing
644,1388971972.0,1388972004.0,E:\o4a\1388672512\H1_1388971520_1388975616.hdf5,1388971520.0,1388975616.0,H1,O4a,0.0744300112128257,289,run_spanning_complete_raw_blocks_within_block_even_spacing
645,1388972036.0,1388972068.0,E:\o4a\1388672512\H1_1388971520_1388975616.hdf5,1388971520.0,1388975616.0,H1,O4a,0.061791967600584,289,run_spanning_complete_raw_blocks_within_block_even_spacing
646,1388972164.0,1388972196.0,E:\o4a\1388672512\H1_1388971520_1388975616.hdf5,1388971520.0,1388975616.0,H1,O4a,0.0634146556258201,289,run_spanning_complete_raw_blocks_within_block_even_spacing
647,1388972292.0,1388972324.0,E:\o4a\1388672512\H1_1388971520_1388975616.hdf5,1388971520.0,1388975616.0,H1,O4a,0.074877843260765,289,run_spanning_complete_raw_blocks_within_block_even_spacing
648,1388972420.0,1388972452.0,E:\o4a\1388672512\H1_1388971520_1388975616.hdf5,1388971520.0,1388975616.0,H1,O4a,0.0670711547136306,289,run_spanning_complete_raw_blocks_within_block_even_spacing
649,1388972548.0,1388972580.0,E:\o4a\1388672512\H1_1388971520_1388975616.hdf5,1388971520.0,1388975616.0,H1,O4a,0.0619288347661495,289,run_spanning_complete_raw_blocks_within_block_even_spacing
