selection_ordinal,gps_start,gps_end,source_path,source_start,source_end,detector,run,calibration_score,bootstrap_block_index,sampling_strategy
0,1368977412.0,1368977444.0,E:\o4a\1368977408\L1_1368977408_1368981504.hdf5,1368977408.0,1368981504.0,L1,O4a,0.0798757746815681,295,run_spanning_complete_raw_blocks_within_block_even_spacing
1,1368977732.0,1368977764.0,E:\o4a\1368977408\L1_1368977408_1368981504.hdf5,1368977408.0,1368981504.0,L1,O4a,0.0604206062853336,295,run_spanning_complete_raw_blocks_within_block_even_spacing
2,1368978116.0,1368978148.0,E:\o4a\1368977408\L1_1368977408_1368981504.hdf5,1368977408.0,1368981504.0,L1,O4a,0.0684066787362098,295,run_spanning_complete_raw_blocks_within_block_even_spacing
3,1368978436.0,1368978468.0,E:\o4a\1368977408\L1_1368977408_1368981504.hdf5,1368977408.0,1368981504.0,L1,O4a,0.0673538967967033,295,run_spanning_complete_raw_blocks_within_block_even_spacing
4,1368978820.0,1368978852.0,E:\o4a\1368977408\L1_1368977408_1368981504.hdf5,1368977408.0,1368981504.0,L1,O4a,0.0680670142173767,296,run_spanning_complete_raw_blocks_within_block_even_spacing
5,1368979140.0,1368979172.0,E:\o4a\1368977408\L1_1368977408_1368981504.hdf5,1368977408.0,1368981504.0,L1,O4a,0.0580633915960788,296,run_spanning_complete_raw_blocks_within_block_even_spacing
6,1368979524.0,1368979556.0,E:\o4a\1368977408\L1_1368977408_1368981504.hdf5,1368977408.0,1368981504.0,L1,O4a,0.060596615076065,296,run_spanning_complete_raw_blocks_within_block_even_spacing
7,1368980612.0,1368980644.0,E:\o4a\1368977408\L1_1368977408_1368981504.hdf5,1368977408.0,1368981504.0,L1,O4a,0.056703045964241,297,run_spanning_complete_raw_blocks_within_block_even_spacing
8,1368980996.0,1368981028.0,E:\o4a\1368977408\L1_1368977408_1368981504.hdf5,1368977408.0,1368981504.0,L1,O4a,0.0557917989790439,297,run_spanning_complete_raw_blocks_within_block_even_spacing
9,1368981380.0,1368981412.0,E:\o4a\1368977408\L1_1368977408_1368981504.hdf5,1368977408.0,1368981504.0,L1,O4a,0.0577692873775959,297,run_spanning_complete_raw_blocks_within_block_even_spacing
10,1368993796.0,1368993828.0,E:\o4a\1368973312\L1_1368993792_1368997888.hdf5,1368993792.0,1368997888.0,L1,O4a,0.0624044239521026,305,run_spanning_complete_raw_blocks_within_block_even_spacing
11,1368994116.0,1368994148.0,E:\o4a\1368973312\L1_1368993792_1368997888.hdf5,1368993792.0,1368997888.0,L1,O4a,0.0561951547861099,305,run_spanning_complete_raw_blocks_within_block_even_spacing
12,1368994500.0,1368994532.0,E:\o4a\1368973312\L1_1368993792_1368997888.hdf5,1368993792.0,1368997888.0,L1,O4a,0.1028556302189827,305,run_spanning_complete_raw_blocks_within_block_even_spacing
13,1368994820.0,1368994852.0,E:\o4a\1368973312\L1_1368993792_1368997888.hdf5,1368993792.0,1368997888.0,L1,O4a,0.0590132549405097,305,run_spanning_complete_raw_blocks_within_block_even_spacing
14,1368995204.0,1368995236.0,E:\o4a\1368973312\L1_1368993792_1368997888.hdf5,1368993792.0,1368997888.0,L1,O4a,0.0616564266383647,306,run_spanning_complete_raw_blocks_within_block_even_spacing
15,1368995524.0,1368995556.0,E:\o4a\1368973312\L1_1368993792_1368997888.hdf5,1368993792.0,1368997888.0,L1,O4a,0.0933213084936142,306,run_spanning_complete_raw_blocks_within_block_even_spacing
16,1368995908.0,1368995940.0,E:\o4a\1368973312\L1_1368993792_1368997888.hdf5,1368993792.0,1368997888.0,L1,O4a,0.060573648661375,306,run_spanning_complete_raw_blocks_within_block_even_spacing
17,1368996228.0,1368996260.0,E:\o4a\1368973312\L1_1368993792_1368997888.hdf5,1368993792.0,1368997888.0,L1,O4a,0.0678951740264892,307,run_spanning_complete_raw_blocks_within_block_even_spacing
18,1368996612.0,1368996644.0,E:\o4a\1368973312\L1_1368993792_1368997888.hdf5,1368993792.0,1368997888.0,L1,O4a,0.0693544596433639,307,run_spanning_complete_raw_blocks_within_block_even_spacing
19,1368996996.0,1368997028.0,E:\o4a\1368973312\L1_1368993792_1368997888.hdf5,1368993792.0,1368997888.0,L1,O4a,0.0886882171034812,307,run_spanning_complete_raw_blocks_within_block_even_spacing
20,1369010180.0,1369010212.0,E:\o4a\1368973312\L1_1369010176_1369014272.hdf5,1369010176.0,1369014272.0,L1,O4a,0.0602757520973682,315,run_spanning_complete_raw_blocks_within_block_even_spacing
21,1369010500.0,1369010532.0,E:\o4a\1368973312\L1_1369010176_1369014272.hdf5,1369010176.0,1369014272.0,L1,O4a,0.0765649229288101,315,run_spanning_complete_raw_blocks_within_block_even_spacing
22,1369010884.0,1369010916.0,E:\o4a\1368973312\L1_1369010176_1369014272.hdf5,1369010176.0,1369014272.0,L1,O4a,0.0553526431322097,315,run_spanning_complete_raw_blocks_within_block_even_spacing
23,1369011204.0,1369011236.0,E:\o4a\1368973312\L1_1369010176_1369014272.hdf5,1369010176.0,1369014272.0,L1,O4a,0.0584077611565589,315,run_spanning_complete_raw_blocks_within_block_even_spacing
24,1369011588.0,1369011620.0,E:\o4a\1368973312\L1_1369010176_1369014272.hdf5,1369010176.0,1369014272.0,L1,O4a,0.0647154301404953,316,run_spanning_complete_raw_blocks_within_block_even_spacing
25,1369011908.0,1369011940.0,E:\o4a\1368973312\L1_1369010176_1369014272.hdf5,1369010176.0,1369014272.0,L1,O4a,0.060919314622879,316,run_spanning_complete_raw_blocks_within_block_even_spacing
26,1369012292.0,1369012324.0,E:\o4a\1368973312\L1_1369010176_1369014272.hdf5,1369010176.0,1369014272.0,L1,O4a,0.0578057430684566,316,run_spanning_complete_raw_blocks_within_block_even_spacing
27,1369012612.0,1369012644.0,E:\o4a\1368973312\L1_1369010176_1369014272.hdf5,1369010176.0,1369014272.0,L1,O4a,0.0665326938033104,317,run_spanning_complete_raw_blocks_within_block_even_spacing
28,1369012996.0,1369013028.0,E:\o4a\1368973312\L1_1369010176_1369014272.hdf5,1369010176.0,1369014272.0,L1,O4a,0.0657675117254257,317,run_spanning_complete_raw_blocks_within_block_even_spacing
29,1369013380.0,1369013412.0,E:\o4a\1368973312\L1_1369010176_1369014272.hdf5,1369010176.0,1369014272.0,L1,O4a,0.0554054640233516,317,run_spanning_complete_raw_blocks_within_block_even_spacing
30,1369043844.0,1369043876.0,E:\o4a\1368973312\L1_1369042944_1369047040.hdf5,1369042944.0,1369047040.0,L1,O4a,0.0578002594411373,327,run_spanning_complete_raw_blocks_within_block_even_spacing
31,1369044036.0,1369044068.0,E:\o4a\1368973312\L1_1369042944_1369047040.hdf5,1369042944.0,1369047040.0,L1,O4a,0.0635820031166076,327,run_spanning_complete_raw_blocks_within_block_even_spacing
32,1369044292.0,1369044324.0,E:\o4a\1368973312\L1_1369042944_1369047040.hdf5,1369042944.0,1369047040.0,L1,O4a,0.0533226765692234,327,run_spanning_complete_raw_blocks_within_block_even_spacing
33,1369044548.0,1369044580.0,E:\o4a\1368973312\L1_1369042944_1369047040.hdf5,1369042944.0,1369047040.0,L1,O4a,0.0676553919911384,327,run_spanning_complete_raw_blocks_within_block_even_spacing
34,1369044740.0,1369044772.0,E:\o4a\1368973312\L1_1369042944_1369047040.hdf5,1369042944.0,1369047040.0,L1,O4a,0.057669710367918,327,run_spanning_complete_raw_blocks_within_block_even_spacing
35,1369044996.0,1369045028.0,E:\o4a\1368973312\L1_1369042944_1369047040.hdf5,1369042944.0,1369047040.0,L1,O4a,0.0556036010384559,328,run_spanning_complete_raw_blocks_within_block_even_spacing
36,1369045252.0,1369045284.0,E:\o4a\1368973312\L1_1369042944_1369047040.hdf5,1369042944.0,1369047040.0,L1,O4a,0.0692680701613426,328,run_spanning_complete_raw_blocks_within_block_even_spacing
37,1369045444.0,1369045476.0,E:\o4a\1368973312\L1_1369042944_1369047040.hdf5,1369042944.0,1369047040.0,L1,O4a,0.055943738669157,328,run_spanning_complete_raw_blocks_within_block_even_spacing
38,1369045700.0,1369045732.0,E:\o4a\1368973312\L1_1369042944_1369047040.hdf5,1369042944.0,1369047040.0,L1,O4a,0.0516029074788093,328,run_spanning_complete_raw_blocks_within_block_even_spacing
39,1369045956.0,1369045988.0,E:\o4a\1368973312\L1_1369042944_1369047040.hdf5,1369042944.0,1369047040.0,L1,O4a,0.0587159842252731,328,run_spanning_complete_raw_blocks_within_block_even_spacing
40,1369199620.0,1369199652.0,E:\o4a\1368973312\L1_1369198592_1369202688.hdf5,1369198592.0,1369202688.0,L1,O4a,0.0568675883114337,4,run_spanning_complete_raw_blocks_within_block_even_spacing
41,1369199684.0,1369199716.0,E:\o4a\1368973312\L1_1369198592_1369202688.hdf5,1369198592.0,1369202688.0,L1,O4a,0.063809648156166,4,run_spanning_complete_raw_blocks_within_block_even_spacing
42,1369199812.0,1369199844.0,E:\o4a\1368973312\L1_1369198592_1369202688.hdf5,1369198592.0,1369202688.0,L1,O4a,0.0605963319540023,4,run_spanning_complete_raw_blocks_within_block_even_spacing
43,1369199940.0,1369199972.0,E:\o4a\1368973312\L1_1369198592_1369202688.hdf5,1369198592.0,1369202688.0,L1,O4a,0.0770778134465217,4,run_spanning_complete_raw_blocks_within_block_even_spacing
44,1369200068.0,1369200100.0,E:\o4a\1368973312\L1_1369198592_1369202688.hdf5,1369198592.0,1369202688.0,L1,O4a,0.0550939477980136,4,run_spanning_complete_raw_blocks_within_block_even_spacing
45,1369200132.0,1369200164.0,E:\o4a\1368973312\L1_1369198592_1369202688.hdf5,1369198592.0,1369202688.0,L1,O4a,0.0559783019125461,4,run_spanning_complete_raw_blocks_within_block_even_spacing
46,1369200260.0,1369200292.0,E:\o4a\1368973312\L1_1369198592_1369202688.hdf5,1369198592.0,1369202688.0,L1,O4a,0.0626856610178947,4,run_spanning_complete_raw_blocks_within_block_even_spacing
47,1369200388.0,1369200420.0,E:\o4a\1368973312\L1_1369198592_1369202688.hdf5,1369198592.0,1369202688.0,L1,O4a,0.0709723755717277,4,run_spanning_complete_raw_blocks_within_block_even_spacing
48,1369200516.0,1369200548.0,E:\o4a\1368973312\L1_1369198592_1369202688.hdf5,1369198592.0,1369202688.0,L1,O4a,0.0542135648429393,4,run_spanning_complete_raw_blocks_within_block_even_spacing
49,1369200644.0,1369200676.0,E:\o4a\1368973312\L1_1369198592_1369202688.hdf5,1369198592.0,1369202688.0,L1,O4a,0.0628939345479011,4,run_spanning_complete_raw_blocks_within_block_even_spacing
50,1369425348.0,1369425380.0,E:\o4a\1368973312\L1_1369423872_1369427968.hdf5,1369423872.0,1369427968.0,L1,O4a,0.0610289722681045,8,run_spanning_complete_raw_blocks_within_block_even_spacing
51,1369425412.0,1369425444.0,E:\o4a\1368973312\L1_1369423872_1369427968.hdf5,1369423872.0,1369427968.0,L1,O4a,0.0589765384793281,8,run_spanning_complete_raw_blocks_within_block_even_spacing
52,1369425540.0,1369425572.0,E:\o4a\1368973312\L1_1369423872_1369427968.hdf5,1369423872.0,1369427968.0,L1,O4a,0.06198750436306,8,run_spanning_complete_raw_blocks_within_block_even_spacing
53,1369425668.0,1369425700.0,E:\o4a\1368973312\L1_1369423872_1369427968.hdf5,1369423872.0,1369427968.0,L1,O4a,0.0528222061693668,8,run_spanning_complete_raw_blocks_within_block_even_spacing
54,1369425796.0,1369425828.0,E:\o4a\1368973312\L1_1369423872_1369427968.hdf5,1369423872.0,1369427968.0,L1,O4a,0.0524717085063457,8,run_spanning_complete_raw_blocks_within_block_even_spacing
55,1369425860.0,1369425892.0,E:\o4a\1368973312\L1_1369423872_1369427968.hdf5,1369423872.0,1369427968.0,L1,O4a,0.0532733164727687,8,run_spanning_complete_raw_blocks_within_block_even_spacing
56,1369425988.0,1369426020.0,E:\o4a\1368973312\L1_1369423872_1369427968.hdf5,1369423872.0,1369427968.0,L1,O4a,0.0590436123311519,8,run_spanning_complete_raw_blocks_within_block_even_spacing
57,1369426116.0,1369426148.0,E:\o4a\1368973312\L1_1369423872_1369427968.hdf5,1369423872.0,1369427968.0,L1,O4a,0.1153661087155342,8,run_spanning_complete_raw_blocks_within_block_even_spacing
58,1369426244.0,1369426276.0,E:\o4a\1368973312\L1_1369423872_1369427968.hdf5,1369423872.0,1369427968.0,L1,O4a,0.0614457428455352,8,run_spanning_complete_raw_blocks_within_block_even_spacing
59,1369426372.0,1369426404.0,E:\o4a\1368973312\L1_1369423872_1369427968.hdf5,1369423872.0,1369427968.0,L1,O4a,0.0594402551651001,8,run_spanning_complete_raw_blocks_within_block_even_spacing
60,1369714564.0,1369714596.0,E:\o4a\1369491712\L1_1369712896_1369716992.hdf5,1369712896.0,1369716992.0,L1,O4a,0.0628813132643699,13,run_spanning_complete_raw_blocks_within_block_even_spacing
61,1369714628.0,1369714660.0,E:\o4a\1369491712\L1_1369712896_1369716992.hdf5,1369712896.0,1369716992.0,L1,O4a,0.0564259700477123,13,run_spanning_complete_raw_blocks_within_block_even_spacing
62,1369714756.0,1369714788.0,E:\o4a\1369491712\L1_1369712896_1369716992.hdf5,1369712896.0,1369716992.0,L1,O4a,0.0571280270814895,13,run_spanning_complete_raw_blocks_within_block_even_spacing
63,1369714884.0,1369714916.0,E:\o4a\1369491712\L1_1369712896_1369716992.hdf5,1369712896.0,1369716992.0,L1,O4a,0.0687618106603622,13,run_spanning_complete_raw_blocks_within_block_even_spacing
64,1369715012.0,1369715044.0,E:\o4a\1369491712\L1_1369712896_1369716992.hdf5,1369712896.0,1369716992.0,L1,O4a,0.0553876906633377,13,run_spanning_complete_raw_blocks_within_block_even_spacing
65,1369715076.0,1369715108.0,E:\o4a\1369491712\L1_1369712896_1369716992.hdf5,1369712896.0,1369716992.0,L1,O4a,0.0573153644800186,13,run_spanning_complete_raw_blocks_within_block_even_spacing
66,1369715204.0,1369715236.0,E:\o4a\1369491712\L1_1369712896_1369716992.hdf5,1369712896.0,1369716992.0,L1,O4a,0.0628455355763435,13,run_spanning_complete_raw_blocks_within_block_even_spacing
67,1369715332.0,1369715364.0,E:\o4a\1369491712\L1_1369712896_1369716992.hdf5,1369712896.0,1369716992.0,L1,O4a,0.061123464256525,13,run_spanning_complete_raw_blocks_within_block_even_spacing
68,1369715460.0,1369715492.0,E:\o4a\1369491712\L1_1369712896_1369716992.hdf5,1369712896.0,1369716992.0,L1,O4a,0.0570765808224678,13,run_spanning_complete_raw_blocks_within_block_even_spacing
69,1369715588.0,1369715620.0,E:\o4a\1369491712\L1_1369712896_1369716992.hdf5,1369712896.0,1369716992.0,L1,O4a,0.0854553505778312,13,run_spanning_complete_raw_blocks_within_block_even_spacing
70,1369979140.0,1369979172.0,E:\o4a\1369491712\L1_1369979136_1369983232.hdf5,1369979136.0,1369983232.0,L1,O4a,0.0711848735809326,18,run_spanning_complete_raw_blocks_within_block_even_spacing
71,1369979204.0,1369979236.0,E:\o4a\1369491712\L1_1369979136_1369983232.hdf5,1369979136.0,1369983232.0,L1,O4a,0.0562759153544902,18,run_spanning_complete_raw_blocks_within_block_even_spacing
72,1369979332.0,1369979364.0,E:\o4a\1369491712\L1_1369979136_1369983232.hdf5,1369979136.0,1369983232.0,L1,O4a,0.0641754791140556,18,run_spanning_complete_raw_blocks_within_block_even_spacing
73,1369979460.0,1369979492.0,E:\o4a\1369491712\L1_1369979136_1369983232.hdf5,1369979136.0,1369983232.0,L1,O4a,0.0689234584569931,18,run_spanning_complete_raw_blocks_within_block_even_spacing
74,1369979588.0,1369979620.0,E:\o4a\1369491712\L1_1369979136_1369983232.hdf5,1369979136.0,1369983232.0,L1,O4a,0.062426708638668,18,run_spanning_complete_raw_blocks_within_block_even_spacing
75,1369979652.0,1369979684.0,E:\o4a\1369491712\L1_1369979136_1369983232.hdf5,1369979136.0,1369983232.0,L1,O4a,0.1145777255296707,18,run_spanning_complete_raw_blocks_within_block_even_spacing
76,1369979780.0,1369979812.0,E:\o4a\1369491712\L1_1369979136_1369983232.hdf5,1369979136.0,1369983232.0,L1,O4a,0.0556100346148014,18,run_spanning_complete_raw_blocks_within_block_even_spacing
77,1369979908.0,1369979940.0,E:\o4a\1369491712\L1_1369979136_1369983232.hdf5,1369979136.0,1369983232.0,L1,O4a,0.0789699628949165,18,run_spanning_complete_raw_blocks_within_block_even_spacing
78,1369980036.0,1369980068.0,E:\o4a\1369491712\L1_1369979136_1369983232.hdf5,1369979136.0,1369983232.0,L1,O4a,0.0619265958666801,18,run_spanning_complete_raw_blocks_within_block_even_spacing
79,1369980164.0,1369980196.0,E:\o4a\1369491712\L1_1369979136_1369983232.hdf5,1369979136.0,1369983232.0,L1,O4a,0.0732919350266456,18,run_spanning_complete_raw_blocks_within_block_even_spacing
80,1370209284.0,1370209316.0,E:\o4a\1370010112\L1_1370206720_1370210816.hdf5,1370206720.0,1370210816.0,L1,O4a,0.0593009628355503,22,run_spanning_complete_raw_blocks_within_block_even_spacing
81,1370209348.0,1370209380.0,E:\o4a\1370010112\L1_1370206720_1370210816.hdf5,1370206720.0,1370210816.0,L1,O4a,0.0646732524037361,22,run_spanning_complete_raw_blocks_within_block_even_spacing
82,1370209476.0,1370209508.0,E:\o4a\1370010112\L1_1370206720_1370210816.hdf5,1370206720.0,1370210816.0,L1,O4a,0.0592619404196739,22,run_spanning_complete_raw_blocks_within_block_even_spacing
83,1370209604.0,1370209636.0,E:\o4a\1370010112\L1_1370206720_1370210816.hdf5,1370206720.0,1370210816.0,L1,O4a,0.0611661411821842,22,run_spanning_complete_raw_blocks_within_block_even_spacing
84,1370209732.0,1370209764.0,E:\o4a\1370010112\L1_1370206720_1370210816.hdf5,1370206720.0,1370210816.0,L1,O4a,0.0652826875448226,22,run_spanning_complete_raw_blocks_within_block_even_spacing
85,1370209796.0,1370209828.0,E:\o4a\1370010112\L1_1370206720_1370210816.hdf5,1370206720.0,1370210816.0,L1,O4a,0.0656505450606346,22,run_spanning_complete_raw_blocks_within_block_even_spacing
86,1370209924.0,1370209956.0,E:\o4a\1370010112\L1_1370206720_1370210816.hdf5,1370206720.0,1370210816.0,L1,O4a,0.0611468218266963,22,run_spanning_complete_raw_blocks_within_block_even_spacing
87,1370210052.0,1370210084.0,E:\o4a\1370010112\L1_1370206720_1370210816.hdf5,1370206720.0,1370210816.0,L1,O4a,0.0565594099462032,22,run_spanning_complete_raw_blocks_within_block_even_spacing
88,1370210180.0,1370210212.0,E:\o4a\1370010112\L1_1370206720_1370210816.hdf5,1370206720.0,1370210816.0,L1,O4a,0.0580788850784301,22,run_spanning_complete_raw_blocks_within_block_even_spacing
89,1370210308.0,1370210340.0,E:\o4a\1370010112\L1_1370206720_1370210816.hdf5,1370206720.0,1370210816.0,L1,O4a,0.0661620572209358,22,run_spanning_complete_raw_blocks_within_block_even_spacing
90,1370465860.0,1370465892.0,E:\o4a\1370010112\L1_1370464768_1370468864.hdf5,1370464768.0,1370468864.0,L1,O4a,0.0568366460502147,27,run_spanning_complete_raw_blocks_within_block_even_spacing
91,1370465924.0,1370465956.0,E:\o4a\1370010112\L1_1370464768_1370468864.hdf5,1370464768.0,1370468864.0,L1,O4a,0.0552509762346744,27,run_spanning_complete_raw_blocks_within_block_even_spacing
92,1370466052.0,1370466084.0,E:\o4a\1370010112\L1_1370464768_1370468864.hdf5,1370464768.0,1370468864.0,L1,O4a,0.0641518235206604,27,run_spanning_complete_raw_blocks_within_block_even_spacing
93,1370466180.0,1370466212.0,E:\o4a\1370010112\L1_1370464768_1370468864.hdf5,1370464768.0,1370468864.0,L1,O4a,0.063864454627037,27,run_spanning_complete_raw_blocks_within_block_even_spacing
94,1370466308.0,1370466340.0,E:\o4a\1370010112\L1_1370464768_1370468864.hdf5,1370464768.0,1370468864.0,L1,O4a,0.0700539350509643,27,run_spanning_complete_raw_blocks_within_block_even_spacing
95,1370466372.0,1370466404.0,E:\o4a\1370010112\L1_1370464768_1370468864.hdf5,1370464768.0,1370468864.0,L1,O4a,0.0731721892952919,27,run_spanning_complete_raw_blocks_within_block_even_spacing
96,1370466500.0,1370466532.0,E:\o4a\1370010112\L1_1370464768_1370468864.hdf5,1370464768.0,1370468864.0,L1,O4a,0.0563076958060264,27,run_spanning_complete_raw_blocks_within_block_even_spacing
97,1370466628.0,1370466660.0,E:\o4a\1370010112\L1_1370464768_1370468864.hdf5,1370464768.0,1370468864.0,L1,O4a,0.0564675703644752,27,run_spanning_complete_raw_blocks_within_block_even_spacing
98,1370466756.0,1370466788.0,E:\o4a\1370010112\L1_1370464768_1370468864.hdf5,1370464768.0,1370468864.0,L1,O4a,0.0686832070350647,27,run_spanning_complete_raw_blocks_within_block_even_spacing
99,1370466884.0,1370466916.0,E:\o4a\1370010112\L1_1370464768_1370468864.hdf5,1370464768.0,1370468864.0,L1,O4a,0.0587784275412559,27,run_spanning_complete_raw_blocks_within_block_even_spacing
100,1370722116.0,1370722148.0,E:\o4a\1370528512\L1_1370721024_1370725120.hdf5,1370721024.0,1370725120.0,L1,O4a,0.061155017465353,32,run_spanning_complete_raw_blocks_within_block_even_spacing
101,1370722180.0,1370722212.0,E:\o4a\1370528512\L1_1370721024_1370725120.hdf5,1370721024.0,1370725120.0,L1,O4a,0.0646390542387962,32,run_spanning_complete_raw_blocks_within_block_even_spacing
102,1370722308.0,1370722340.0,E:\o4a\1370528512\L1_1370721024_1370725120.hdf5,1370721024.0,1370725120.0,L1,O4a,0.0688968524336814,32,run_spanning_complete_raw_blocks_within_block_even_spacing
103,1370722436.0,1370722468.0,E:\o4a\1370528512\L1_1370721024_1370725120.hdf5,1370721024.0,1370725120.0,L1,O4a,0.0611323751509189,32,run_spanning_complete_raw_blocks_within_block_even_spacing
104,1370722564.0,1370722596.0,E:\o4a\1370528512\L1_1370721024_1370725120.hdf5,1370721024.0,1370725120.0,L1,O4a,0.0559771507978439,32,run_spanning_complete_raw_blocks_within_block_even_spacing
105,1370722628.0,1370722660.0,E:\o4a\1370528512\L1_1370721024_1370725120.hdf5,1370721024.0,1370725120.0,L1,O4a,0.0604420565068721,32,run_spanning_complete_raw_blocks_within_block_even_spacing
106,1370722756.0,1370722788.0,E:\o4a\1370528512\L1_1370721024_1370725120.hdf5,1370721024.0,1370725120.0,L1,O4a,0.0595069788396358,32,run_spanning_complete_raw_blocks_within_block_even_spacing
107,1370722884.0,1370722916.0,E:\o4a\1370528512\L1_1370721024_1370725120.hdf5,1370721024.0,1370725120.0,L1,O4a,0.0622025169432163,32,run_spanning_complete_raw_blocks_within_block_even_spacing
108,1370723012.0,1370723044.0,E:\o4a\1370528512\L1_1370721024_1370725120.hdf5,1370721024.0,1370725120.0,L1,O4a,0.057206779718399,32,run_spanning_complete_raw_blocks_within_block_even_spacing
109,1370723140.0,1370723172.0,E:\o4a\1370528512\L1_1370721024_1370725120.hdf5,1370721024.0,1370725120.0,L1,O4a,0.0808968767523765,32,run_spanning_complete_raw_blocks_within_block_even_spacing
110,1371094724.0,1371094756.0,E:\o4a\1371046912\L1_1371091968_1371096064.hdf5,1371091968.0,1371096064.0,L1,O4a,0.062927596271038,38,run_spanning_complete_raw_blocks_within_block_even_spacing
111,1371094788.0,1371094820.0,E:\o4a\1371046912\L1_1371091968_1371096064.hdf5,1371091968.0,1371096064.0,L1,O4a,0.0604941584169864,38,run_spanning_complete_raw_blocks_within_block_even_spacing
112,1371094916.0,1371094948.0,E:\o4a\1371046912\L1_1371091968_1371096064.hdf5,1371091968.0,1371096064.0,L1,O4a,0.0687591210007667,38,run_spanning_complete_raw_blocks_within_block_even_spacing
113,1371095044.0,1371095076.0,E:\o4a\1371046912\L1_1371091968_1371096064.hdf5,1371091968.0,1371096064.0,L1,O4a,0.4182992577552795,38,run_spanning_complete_raw_blocks_within_block_even_spacing
114,1371095172.0,1371095204.0,E:\o4a\1371046912\L1_1371091968_1371096064.hdf5,1371091968.0,1371096064.0,L1,O4a,0.0593800544738769,38,run_spanning_complete_raw_blocks_within_block_even_spacing
115,1371095236.0,1371095268.0,E:\o4a\1371046912\L1_1371091968_1371096064.hdf5,1371091968.0,1371096064.0,L1,O4a,0.073077917098999,38,run_spanning_complete_raw_blocks_within_block_even_spacing
116,1371095364.0,1371095396.0,E:\o4a\1371046912\L1_1371091968_1371096064.hdf5,1371091968.0,1371096064.0,L1,O4a,0.057906687259674,38,run_spanning_complete_raw_blocks_within_block_even_spacing
117,1371095492.0,1371095524.0,E:\o4a\1371046912\L1_1371091968_1371096064.hdf5,1371091968.0,1371096064.0,L1,O4a,0.0549984648823738,38,run_spanning_complete_raw_blocks_within_block_even_spacing
118,1371095620.0,1371095652.0,E:\o4a\1371046912\L1_1371091968_1371096064.hdf5,1371091968.0,1371096064.0,L1,O4a,0.0765895396471023,38,run_spanning_complete_raw_blocks_within_block_even_spacing
119,1371095748.0,1371095780.0,E:\o4a\1371046912\L1_1371091968_1371096064.hdf5,1371091968.0,1371096064.0,L1,O4a,0.0647478699684143,38,run_spanning_complete_raw_blocks_within_block_even_spacing
120,1371332420.0,1371332452.0,E:\o4a\1371046912\L1_1371329536_1371333632.hdf5,1371329536.0,1371333632.0,L1,O4a,0.1034847125411033,42,run_spanning_complete_raw_blocks_within_block_even_spacing
121,1371332484.0,1371332516.0,E:\o4a\1371046912\L1_1371329536_1371333632.hdf5,1371329536.0,1371333632.0,L1,O4a,0.1104539558291435,42,run_spanning_complete_raw_blocks_within_block_even_spacing
122,1371332612.0,1371332644.0,E:\o4a\1371046912\L1_1371329536_1371333632.hdf5,1371329536.0,1371333632.0,L1,O4a,0.0563508495688438,42,run_spanning_complete_raw_blocks_within_block_even_spacing
123,1371332740.0,1371332772.0,E:\o4a\1371046912\L1_1371329536_1371333632.hdf5,1371329536.0,1371333632.0,L1,O4a,0.0741290748119354,42,run_spanning_complete_raw_blocks_within_block_even_spacing
124,1371332868.0,1371332900.0,E:\o4a\1371046912\L1_1371329536_1371333632.hdf5,1371329536.0,1371333632.0,L1,O4a,0.0582062266767025,42,run_spanning_complete_raw_blocks_within_block_even_spacing
125,1371332932.0,1371332964.0,E:\o4a\1371046912\L1_1371329536_1371333632.hdf5,1371329536.0,1371333632.0,L1,O4a,0.0675933808088302,42,run_spanning_complete_raw_blocks_within_block_even_spacing
126,1371333060.0,1371333092.0,E:\o4a\1371046912\L1_1371329536_1371333632.hdf5,1371329536.0,1371333632.0,L1,O4a,0.0608637630939483,42,run_spanning_complete_raw_blocks_within_block_even_spacing
127,1371333188.0,1371333220.0,E:\o4a\1371046912\L1_1371329536_1371333632.hdf5,1371329536.0,1371333632.0,L1,O4a,0.0722706317901611,42,run_spanning_complete_raw_blocks_within_block_even_spacing
128,1371333316.0,1371333348.0,E:\o4a\1371046912\L1_1371329536_1371333632.hdf5,1371329536.0,1371333632.0,L1,O4a,0.0869854986667633,42,run_spanning_complete_raw_blocks_within_block_even_spacing
129,1371333444.0,1371333476.0,E:\o4a\1371046912\L1_1371329536_1371333632.hdf5,1371329536.0,1371333632.0,L1,O4a,0.0940026491880416,42,run_spanning_complete_raw_blocks_within_block_even_spacing
130,1371664708.0,1371664740.0,E:\o4a\1371565312\L1_1371663616_1371667712.hdf5,1371663616.0,1371667712.0,L1,O4a,0.0645885169506073,49,run_spanning_complete_raw_blocks_within_block_even_spacing
131,1371664772.0,1371664804.0,E:\o4a\1371565312\L1_1371663616_1371667712.hdf5,1371663616.0,1371667712.0,L1,O4a,0.0551441349089145,49,run_spanning_complete_raw_blocks_within_block_even_spacing
132,1371664900.0,1371664932.0,E:\o4a\1371565312\L1_1371663616_1371667712.hdf5,1371663616.0,1371667712.0,L1,O4a,0.0631198436021804,49,run_spanning_complete_raw_blocks_within_block_even_spacing
133,1371665028.0,1371665060.0,E:\o4a\1371565312\L1_1371663616_1371667712.hdf5,1371663616.0,1371667712.0,L1,O4a,0.0548487640917301,49,run_spanning_complete_raw_blocks_within_block_even_spacing
134,1371665156.0,1371665188.0,E:\o4a\1371565312\L1_1371663616_1371667712.hdf5,1371663616.0,1371667712.0,L1,O4a,0.0549063421785831,49,run_spanning_complete_raw_blocks_within_block_even_spacing
135,1371665220.0,1371665252.0,E:\o4a\1371565312\L1_1371663616_1371667712.hdf5,1371663616.0,1371667712.0,L1,O4a,0.0575383678078651,49,run_spanning_complete_raw_blocks_within_block_even_spacing
136,1371665348.0,1371665380.0,E:\o4a\1371565312\L1_1371663616_1371667712.hdf5,1371663616.0,1371667712.0,L1,O4a,0.0604110099375247,49,run_spanning_complete_raw_blocks_within_block_even_spacing
137,1371665476.0,1371665508.0,E:\o4a\1371565312\L1_1371663616_1371667712.hdf5,1371663616.0,1371667712.0,L1,O4a,0.0564140267670154,49,run_spanning_complete_raw_blocks_within_block_even_spacing
138,1371665604.0,1371665636.0,E:\o4a\1371565312\L1_1371663616_1371667712.hdf5,1371663616.0,1371667712.0,L1,O4a,0.0670976117253303,49,run_spanning_complete_raw_blocks_within_block_even_spacing
139,1371665732.0,1371665764.0,E:\o4a\1371565312\L1_1371663616_1371667712.hdf5,1371663616.0,1371667712.0,L1,O4a,0.0776691287755966,49,run_spanning_complete_raw_blocks_within_block_even_spacing
140,1371839748.0,1371839780.0,E:\o4a\1371565312\L1_1371839744_1371843840.hdf5,1371839744.0,1371843840.0,L1,O4a,0.0617053285241127,53,run_spanning_complete_raw_blocks_within_block_even_spacing
141,1371839812.0,1371839844.0,E:\o4a\1371565312\L1_1371839744_1371843840.hdf5,1371839744.0,1371843840.0,L1,O4a,0.0601088851690292,53,run_spanning_complete_raw_blocks_within_block_even_spacing
142,1371839940.0,1371839972.0,E:\o4a\1371565312\L1_1371839744_1371843840.hdf5,1371839744.0,1371843840.0,L1,O4a,0.0661881417036056,53,run_spanning_complete_raw_blocks_within_block_even_spacing
143,1371840068.0,1371840100.0,E:\o4a\1371565312\L1_1371839744_1371843840.hdf5,1371839744.0,1371843840.0,L1,O4a,0.0626954585313797,53,run_spanning_complete_raw_blocks_within_block_even_spacing
144,1371840196.0,1371840228.0,E:\o4a\1371565312\L1_1371839744_1371843840.hdf5,1371839744.0,1371843840.0,L1,O4a,0.0565875507891178,53,run_spanning_complete_raw_blocks_within_block_even_spacing
145,1371840260.0,1371840292.0,E:\o4a\1371565312\L1_1371839744_1371843840.hdf5,1371839744.0,1371843840.0,L1,O4a,0.0583812296390533,53,run_spanning_complete_raw_blocks_within_block_even_spacing
146,1371840388.0,1371840420.0,E:\o4a\1371565312\L1_1371839744_1371843840.hdf5,1371839744.0,1371843840.0,L1,O4a,0.0532892569899559,53,run_spanning_complete_raw_blocks_within_block_even_spacing
147,1371840516.0,1371840548.0,E:\o4a\1371565312\L1_1371839744_1371843840.hdf5,1371839744.0,1371843840.0,L1,O4a,0.0712614133954048,53,run_spanning_complete_raw_blocks_within_block_even_spacing
148,1371840644.0,1371840676.0,E:\o4a\1371565312\L1_1371839744_1371843840.hdf5,1371839744.0,1371843840.0,L1,O4a,0.0708426907658577,53,run_spanning_complete_raw_blocks_within_block_even_spacing
149,1371840772.0,1371840804.0,E:\o4a\1371565312\L1_1371839744_1371843840.hdf5,1371839744.0,1371843840.0,L1,O4a,0.056229043751955,53,run_spanning_complete_raw_blocks_within_block_even_spacing
150,1372093188.0,1372093220.0,E:\o4a\1372083712\L1_1372091904_1372096000.hdf5,1372091904.0,1372096000.0,L1,O4a,0.058310829102993,57,run_spanning_complete_raw_blocks_within_block_even_spacing
151,1372093252.0,1372093284.0,E:\o4a\1372083712\L1_1372091904_1372096000.hdf5,1372091904.0,1372096000.0,L1,O4a,0.0868483334779739,57,run_spanning_complete_raw_blocks_within_block_even_spacing
152,1372093380.0,1372093412.0,E:\o4a\1372083712\L1_1372091904_1372096000.hdf5,1372091904.0,1372096000.0,L1,O4a,0.0609370544552803,57,run_spanning_complete_raw_blocks_within_block_even_spacing
153,1372093508.0,1372093540.0,E:\o4a\1372083712\L1_1372091904_1372096000.hdf5,1372091904.0,1372096000.0,L1,O4a,0.0607213266193866,57,run_spanning_complete_raw_blocks_within_block_even_spacing
154,1372093636.0,1372093668.0,E:\o4a\1372083712\L1_1372091904_1372096000.hdf5,1372091904.0,1372096000.0,L1,O4a,0.0679750517010688,57,run_spanning_complete_raw_blocks_within_block_even_spacing
155,1372093700.0,1372093732.0,E:\o4a\1372083712\L1_1372091904_1372096000.hdf5,1372091904.0,1372096000.0,L1,O4a,0.0563701763749122,57,run_spanning_complete_raw_blocks_within_block_even_spacing
156,1372093828.0,1372093860.0,E:\o4a\1372083712\L1_1372091904_1372096000.hdf5,1372091904.0,1372096000.0,L1,O4a,0.0643009692430496,57,run_spanning_complete_raw_blocks_within_block_even_spacing
157,1372093956.0,1372093988.0,E:\o4a\1372083712\L1_1372091904_1372096000.hdf5,1372091904.0,1372096000.0,L1,O4a,0.0616029575467109,57,run_spanning_complete_raw_blocks_within_block_even_spacing
158,1372094084.0,1372094116.0,E:\o4a\1372083712\L1_1372091904_1372096000.hdf5,1372091904.0,1372096000.0,L1,O4a,0.0635603219270706,57,run_spanning_complete_raw_blocks_within_block_even_spacing
159,1372094212.0,1372094244.0,E:\o4a\1372083712\L1_1372091904_1372096000.hdf5,1372091904.0,1372096000.0,L1,O4a,0.0689530223608017,57,run_spanning_complete_raw_blocks_within_block_even_spacing
160,1372407492.0,1372407524.0,E:\o4a\1372083712\L1_1372407296_1372411392.hdf5,1372407296.0,1372411392.0,L1,O4a,0.0597091056406497,62,run_spanning_complete_raw_blocks_within_block_even_spacing
161,1372407556.0,1372407588.0,E:\o4a\1372083712\L1_1372407296_1372411392.hdf5,1372407296.0,1372411392.0,L1,O4a,0.0715500339865684,62,run_spanning_complete_raw_blocks_within_block_even_spacing
162,1372407684.0,1372407716.0,E:\o4a\1372083712\L1_1372407296_1372411392.hdf5,1372407296.0,1372411392.0,L1,O4a,0.0816425755620002,62,run_spanning_complete_raw_blocks_within_block_even_spacing
163,1372407812.0,1372407844.0,E:\o4a\1372083712\L1_1372407296_1372411392.hdf5,1372407296.0,1372411392.0,L1,O4a,0.070254161953926,62,run_spanning_complete_raw_blocks_within_block_even_spacing
164,1372407940.0,1372407972.0,E:\o4a\1372083712\L1_1372407296_1372411392.hdf5,1372407296.0,1372411392.0,L1,O4a,0.0697524398565292,62,run_spanning_complete_raw_blocks_within_block_even_spacing
165,1372408004.0,1372408036.0,E:\o4a\1372083712\L1_1372407296_1372411392.hdf5,1372407296.0,1372411392.0,L1,O4a,0.0776308625936508,62,run_spanning_complete_raw_blocks_within_block_even_spacing
166,1372408132.0,1372408164.0,E:\o4a\1372083712\L1_1372407296_1372411392.hdf5,1372407296.0,1372411392.0,L1,O4a,0.0612687207758426,62,run_spanning_complete_raw_blocks_within_block_even_spacing
167,1372408260.0,1372408292.0,E:\o4a\1372083712\L1_1372407296_1372411392.hdf5,1372407296.0,1372411392.0,L1,O4a,0.0614590495824813,62,run_spanning_complete_raw_blocks_within_block_even_spacing
168,1372408388.0,1372408420.0,E:\o4a\1372083712\L1_1372407296_1372411392.hdf5,1372407296.0,1372411392.0,L1,O4a,0.057874497026205,62,run_spanning_complete_raw_blocks_within_block_even_spacing
169,1372408516.0,1372408548.0,E:\o4a\1372083712\L1_1372407296_1372411392.hdf5,1372407296.0,1372411392.0,L1,O4a,0.0629089400172233,62,run_spanning_complete_raw_blocks_within_block_even_spacing
170,1372608516.0,1372608548.0,E:\o4a\1372602112\L1_1372606208_1372610304.hdf5,1372606208.0,1372610304.0,L1,O4a,0.0725332424044609,66,run_spanning_complete_raw_blocks_within_block_even_spacing
171,1372608580.0,1372608612.0,E:\o4a\1372602112\L1_1372606208_1372610304.hdf5,1372606208.0,1372610304.0,L1,O4a,0.0590074770152568,66,run_spanning_complete_raw_blocks_within_block_even_spacing
172,1372608708.0,1372608740.0,E:\o4a\1372602112\L1_1372606208_1372610304.hdf5,1372606208.0,1372610304.0,L1,O4a,0.0682846084237098,66,run_spanning_complete_raw_blocks_within_block_even_spacing
173,1372608836.0,1372608868.0,E:\o4a\1372602112\L1_1372606208_1372610304.hdf5,1372606208.0,1372610304.0,L1,O4a,0.060022734105587,66,run_spanning_complete_raw_blocks_within_block_even_spacing
174,1372608964.0,1372608996.0,E:\o4a\1372602112\L1_1372606208_1372610304.hdf5,1372606208.0,1372610304.0,L1,O4a,0.0625374689698219,66,run_spanning_complete_raw_blocks_within_block_even_spacing
175,1372609028.0,1372609060.0,E:\o4a\1372602112\L1_1372606208_1372610304.hdf5,1372606208.0,1372610304.0,L1,O4a,0.0633094310760498,66,run_spanning_complete_raw_blocks_within_block_even_spacing
176,1372609156.0,1372609188.0,E:\o4a\1372602112\L1_1372606208_1372610304.hdf5,1372606208.0,1372610304.0,L1,O4a,0.0680056661367416,66,run_spanning_complete_raw_blocks_within_block_even_spacing
177,1372609284.0,1372609316.0,E:\o4a\1372602112\L1_1372606208_1372610304.hdf5,1372606208.0,1372610304.0,L1,O4a,0.0660922676324844,66,run_spanning_complete_raw_blocks_within_block_even_spacing
178,1372609412.0,1372609444.0,E:\o4a\1372602112\L1_1372606208_1372610304.hdf5,1372606208.0,1372610304.0,L1,O4a,0.0719256848096847,66,run_spanning_complete_raw_blocks_within_block_even_spacing
179,1372609540.0,1372609572.0,E:\o4a\1372602112\L1_1372606208_1372610304.hdf5,1372606208.0,1372610304.0,L1,O4a,0.0582507327198982,66,run_spanning_complete_raw_blocks_within_block_even_spacing
180,1372835588.0,1372835620.0,E:\o4a\1372602112\L1_1372835584_1372839680.hdf5,1372835584.0,1372839680.0,L1,O4a,0.0658896937966346,70,run_spanning_complete_raw_blocks_within_block_even_spacing
181,1372835652.0,1372835684.0,E:\o4a\1372602112\L1_1372835584_1372839680.hdf5,1372835584.0,1372839680.0,L1,O4a,0.0623898804187774,70,run_spanning_complete_raw_blocks_within_block_even_spacing
182,1372835780.0,1372835812.0,E:\o4a\1372602112\L1_1372835584_1372839680.hdf5,1372835584.0,1372839680.0,L1,O4a,0.0823300406336784,70,run_spanning_complete_raw_blocks_within_block_even_spacing
183,1372835908.0,1372835940.0,E:\o4a\1372602112\L1_1372835584_1372839680.hdf5,1372835584.0,1372839680.0,L1,O4a,0.0684757307171821,70,run_spanning_complete_raw_blocks_within_block_even_spacing
184,1372836036.0,1372836068.0,E:\o4a\1372602112\L1_1372835584_1372839680.hdf5,1372835584.0,1372839680.0,L1,O4a,0.0578357204794883,70,run_spanning_complete_raw_blocks_within_block_even_spacing
185,1372836100.0,1372836132.0,E:\o4a\1372602112\L1_1372835584_1372839680.hdf5,1372835584.0,1372839680.0,L1,O4a,0.0601948983967304,70,run_spanning_complete_raw_blocks_within_block_even_spacing
186,1372836228.0,1372836260.0,E:\o4a\1372602112\L1_1372835584_1372839680.hdf5,1372835584.0,1372839680.0,L1,O4a,0.0600191429257392,70,run_spanning_complete_raw_blocks_within_block_even_spacing
187,1372836356.0,1372836388.0,E:\o4a\1372602112\L1_1372835584_1372839680.hdf5,1372835584.0,1372839680.0,L1,O4a,0.0660743415355682,70,run_spanning_complete_raw_blocks_within_block_even_spacing
188,1372836484.0,1372836516.0,E:\o4a\1372602112\L1_1372835584_1372839680.hdf5,1372835584.0,1372839680.0,L1,O4a,0.0757561177015304,70,run_spanning_complete_raw_blocks_within_block_even_spacing
189,1372836612.0,1372836644.0,E:\o4a\1372602112\L1_1372835584_1372839680.hdf5,1372835584.0,1372839680.0,L1,O4a,0.0724194347858429,70,run_spanning_complete_raw_blocks_within_block_even_spacing
190,1373020996.0,1373021028.0,E:\o4a\1372602112\L1_1373019904_1373024000.hdf5,1373019904.0,1373024000.0,L1,O4a,0.062524177134037,74,run_spanning_complete_raw_blocks_within_block_even_spacing
191,1373021060.0,1373021092.0,E:\o4a\1372602112\L1_1373019904_1373024000.hdf5,1373019904.0,1373024000.0,L1,O4a,0.0619376823306083,74,run_spanning_complete_raw_blocks_within_block_even_spacing
192,1373021188.0,1373021220.0,E:\o4a\1372602112\L1_1373019904_1373024000.hdf5,1373019904.0,1373024000.0,L1,O4a,0.0609270669519901,74,run_spanning_complete_raw_blocks_within_block_even_spacing
193,1373021316.0,1373021348.0,E:\o4a\1372602112\L1_1373019904_1373024000.hdf5,1373019904.0,1373024000.0,L1,O4a,0.0888119339942932,74,run_spanning_complete_raw_blocks_within_block_even_spacing
194,1373021444.0,1373021476.0,E:\o4a\1372602112\L1_1373019904_1373024000.hdf5,1373019904.0,1373024000.0,L1,O4a,0.0708768740296363,74,run_spanning_complete_raw_blocks_within_block_even_spacing
195,1373021508.0,1373021540.0,E:\o4a\1372602112\L1_1373019904_1373024000.hdf5,1373019904.0,1373024000.0,L1,O4a,0.1751997619867324,74,run_spanning_complete_raw_blocks_within_block_even_spacing
196,1373021636.0,1373021668.0,E:\o4a\1372602112\L1_1373019904_1373024000.hdf5,1373019904.0,1373024000.0,L1,O4a,0.0567596852779388,74,run_spanning_complete_raw_blocks_within_block_even_spacing
197,1373021764.0,1373021796.0,E:\o4a\1372602112\L1_1373019904_1373024000.hdf5,1373019904.0,1373024000.0,L1,O4a,0.0572416633367538,74,run_spanning_complete_raw_blocks_within_block_even_spacing
198,1373021892.0,1373021924.0,E:\o4a\1372602112\L1_1373019904_1373024000.hdf5,1373019904.0,1373024000.0,L1,O4a,0.0646814405918121,74,run_spanning_complete_raw_blocks_within_block_even_spacing
199,1373022020.0,1373022052.0,E:\o4a\1372602112\L1_1373019904_1373024000.hdf5,1373019904.0,1373024000.0,L1,O4a,0.0595355592668056,74,run_spanning_complete_raw_blocks_within_block_even_spacing
200,1373347204.0,1373347236.0,E:\o4a\1373120512\L1_1373345792_1373349888.hdf5,1373345792.0,1373349888.0,L1,O4a,0.0602109655737876,80,run_spanning_complete_raw_blocks_within_block_even_spacing
201,1373347268.0,1373347300.0,E:\o4a\1373120512\L1_1373345792_1373349888.hdf5,1373345792.0,1373349888.0,L1,O4a,0.0725842714309692,80,run_spanning_complete_raw_blocks_within_block_even_spacing
202,1373347396.0,1373347428.0,E:\o4a\1373120512\L1_1373345792_1373349888.hdf5,1373345792.0,1373349888.0,L1,O4a,0.0526030883193016,80,run_spanning_complete_raw_blocks_within_block_even_spacing
203,1373347524.0,1373347556.0,E:\o4a\1373120512\L1_1373345792_1373349888.hdf5,1373345792.0,1373349888.0,L1,O4a,0.0584653355181217,80,run_spanning_complete_raw_blocks_within_block_even_spacing
204,1373347652.0,1373347684.0,E:\o4a\1373120512\L1_1373345792_1373349888.hdf5,1373345792.0,1373349888.0,L1,O4a,0.0693896487355232,80,run_spanning_complete_raw_blocks_within_block_even_spacing
205,1373347716.0,1373347748.0,E:\o4a\1373120512\L1_1373345792_1373349888.hdf5,1373345792.0,1373349888.0,L1,O4a,0.0741873756051063,80,run_spanning_complete_raw_blocks_within_block_even_spacing
206,1373347844.0,1373347876.0,E:\o4a\1373120512\L1_1373345792_1373349888.hdf5,1373345792.0,1373349888.0,L1,O4a,0.0605737753212451,80,run_spanning_complete_raw_blocks_within_block_even_spacing
207,1373347972.0,1373348004.0,E:\o4a\1373120512\L1_1373345792_1373349888.hdf5,1373345792.0,1373349888.0,L1,O4a,0.069361038506031,80,run_spanning_complete_raw_blocks_within_block_even_spacing
208,1373348100.0,1373348132.0,E:\o4a\1373120512\L1_1373345792_1373349888.hdf5,1373345792.0,1373349888.0,L1,O4a,0.0673082023859024,80,run_spanning_complete_raw_blocks_within_block_even_spacing
209,1373348228.0,1373348260.0,E:\o4a\1373120512\L1_1373345792_1373349888.hdf5,1373345792.0,1373349888.0,L1,O4a,0.0637574642896652,80,run_spanning_complete_raw_blocks_within_block_even_spacing
210,1373564548.0,1373564580.0,E:\o4a\1373120512\L1_1373562880_1373566976.hdf5,1373562880.0,1373566976.0,L1,O4a,0.0551935173571109,84,run_spanning_complete_raw_blocks_within_block_even_spacing
211,1373564612.0,1373564644.0,E:\o4a\1373120512\L1_1373562880_1373566976.hdf5,1373562880.0,1373566976.0,L1,O4a,0.0586065053939819,84,run_spanning_complete_raw_blocks_within_block_even_spacing
212,1373564740.0,1373564772.0,E:\o4a\1373120512\L1_1373562880_1373566976.hdf5,1373562880.0,1373566976.0,L1,O4a,0.0806012153625488,84,run_spanning_complete_raw_blocks_within_block_even_spacing
213,1373564868.0,1373564900.0,E:\o4a\1373120512\L1_1373562880_1373566976.hdf5,1373562880.0,1373566976.0,L1,O4a,0.0792478546500206,84,run_spanning_complete_raw_blocks_within_block_even_spacing
214,1373564996.0,1373565028.0,E:\o4a\1373120512\L1_1373562880_1373566976.hdf5,1373562880.0,1373566976.0,L1,O4a,0.0626053810119628,84,run_spanning_complete_raw_blocks_within_block_even_spacing
215,1373565060.0,1373565092.0,E:\o4a\1373120512\L1_1373562880_1373566976.hdf5,1373562880.0,1373566976.0,L1,O4a,0.0625019967555999,84,run_spanning_complete_raw_blocks_within_block_even_spacing
216,1373565188.0,1373565220.0,E:\o4a\1373120512\L1_1373562880_1373566976.hdf5,1373562880.0,1373566976.0,L1,O4a,0.0612121596932411,84,run_spanning_complete_raw_blocks_within_block_even_spacing
217,1373565316.0,1373565348.0,E:\o4a\1373120512\L1_1373562880_1373566976.hdf5,1373562880.0,1373566976.0,L1,O4a,0.0616422668099403,84,run_spanning_complete_raw_blocks_within_block_even_spacing
218,1373565444.0,1373565476.0,E:\o4a\1373120512\L1_1373562880_1373566976.hdf5,1373562880.0,1373566976.0,L1,O4a,0.0633881017565727,84,run_spanning_complete_raw_blocks_within_block_even_spacing
219,1373565572.0,1373565604.0,E:\o4a\1373120512\L1_1373562880_1373566976.hdf5,1373562880.0,1373566976.0,L1,O4a,0.1774754524230957,84,run_spanning_complete_raw_blocks_within_block_even_spacing
220,1373847812.0,1373847844.0,E:\o4a\1373638912\L1_1373847808_1373851904.hdf5,1373847808.0,1373851904.0,L1,O4a,0.0574697144329547,88,run_spanning_complete_raw_blocks_within_block_even_spacing
221,1373847876.0,1373847908.0,E:\o4a\1373638912\L1_1373847808_1373851904.hdf5,1373847808.0,1373851904.0,L1,O4a,0.0577329210937023,88,run_spanning_complete_raw_blocks_within_block_even_spacing
222,1373848004.0,1373848036.0,E:\o4a\1373638912\L1_1373847808_1373851904.hdf5,1373847808.0,1373851904.0,L1,O4a,0.0592629052698612,88,run_spanning_complete_raw_blocks_within_block_even_spacing
223,1373848132.0,1373848164.0,E:\o4a\1373638912\L1_1373847808_1373851904.hdf5,1373847808.0,1373851904.0,L1,O4a,0.1328792423009872,88,run_spanning_complete_raw_blocks_within_block_even_spacing
224,1373848260.0,1373848292.0,E:\o4a\1373638912\L1_1373847808_1373851904.hdf5,1373847808.0,1373851904.0,L1,O4a,0.0581226013600826,88,run_spanning_complete_raw_blocks_within_block_even_spacing
225,1373848324.0,1373848356.0,E:\o4a\1373638912\L1_1373847808_1373851904.hdf5,1373847808.0,1373851904.0,L1,O4a,0.0707476735115051,88,run_spanning_complete_raw_blocks_within_block_even_spacing
226,1373848452.0,1373848484.0,E:\o4a\1373638912\L1_1373847808_1373851904.hdf5,1373847808.0,1373851904.0,L1,O4a,0.0629461258649826,88,run_spanning_complete_raw_blocks_within_block_even_spacing
227,1373848580.0,1373848612.0,E:\o4a\1373638912\L1_1373847808_1373851904.hdf5,1373847808.0,1373851904.0,L1,O4a,0.0680204555392265,88,run_spanning_complete_raw_blocks_within_block_even_spacing
228,1373848708.0,1373848740.0,E:\o4a\1373638912\L1_1373847808_1373851904.hdf5,1373847808.0,1373851904.0,L1,O4a,0.0544364117085933,88,run_spanning_complete_raw_blocks_within_block_even_spacing
229,1373848836.0,1373848868.0,E:\o4a\1373638912\L1_1373847808_1373851904.hdf5,1373847808.0,1373851904.0,L1,O4a,0.1004949733614921,88,run_spanning_complete_raw_blocks_within_block_even_spacing
230,1374194180.0,1374194212.0,E:\o4a\1374157312\L1_1374194176_1374198272.hdf5,1374194176.0,1374198272.0,L1,O4a,0.0728715434670448,94,run_spanning_complete_raw_blocks_within_block_even_spacing
231,1374194244.0,1374194276.0,E:\o4a\1374157312\L1_1374194176_1374198272.hdf5,1374194176.0,1374198272.0,L1,O4a,0.0586504936218261,94,run_spanning_complete_raw_blocks_within_block_even_spacing
232,1374194372.0,1374194404.0,E:\o4a\1374157312\L1_1374194176_1374198272.hdf5,1374194176.0,1374198272.0,L1,O4a,0.0541106797754764,94,run_spanning_complete_raw_blocks_within_block_even_spacing
233,1374194500.0,1374194532.0,E:\o4a\1374157312\L1_1374194176_1374198272.hdf5,1374194176.0,1374198272.0,L1,O4a,0.0619987174868583,94,run_spanning_complete_raw_blocks_within_block_even_spacing
234,1374194628.0,1374194660.0,E:\o4a\1374157312\L1_1374194176_1374198272.hdf5,1374194176.0,1374198272.0,L1,O4a,0.0659369453787803,94,run_spanning_complete_raw_blocks_within_block_even_spacing
235,1374194692.0,1374194724.0,E:\o4a\1374157312\L1_1374194176_1374198272.hdf5,1374194176.0,1374198272.0,L1,O4a,0.0630422756075859,94,run_spanning_complete_raw_blocks_within_block_even_spacing
236,1374194820.0,1374194852.0,E:\o4a\1374157312\L1_1374194176_1374198272.hdf5,1374194176.0,1374198272.0,L1,O4a,0.0596957355737686,94,run_spanning_complete_raw_blocks_within_block_even_spacing
237,1374194948.0,1374194980.0,E:\o4a\1374157312\L1_1374194176_1374198272.hdf5,1374194176.0,1374198272.0,L1,O4a,0.0641109123826026,94,run_spanning_complete_raw_blocks_within_block_even_spacing
238,1374195076.0,1374195108.0,E:\o4a\1374157312\L1_1374194176_1374198272.hdf5,1374194176.0,1374198272.0,L1,O4a,0.0582428388297557,94,run_spanning_complete_raw_blocks_within_block_even_spacing
239,1374195204.0,1374195236.0,E:\o4a\1374157312\L1_1374194176_1374198272.hdf5,1374194176.0,1374198272.0,L1,O4a,0.0667350590229034,94,run_spanning_complete_raw_blocks_within_block_even_spacing
240,1374534148.0,1374534180.0,E:\o4a\1374157312\L1_1374534144_1374538240.hdf5,1374534144.0,1374538240.0,L1,O4a,0.0631244108080864,98,run_spanning_complete_raw_blocks_within_block_even_spacing
241,1374534212.0,1374534244.0,E:\o4a\1374157312\L1_1374534144_1374538240.hdf5,1374534144.0,1374538240.0,L1,O4a,0.0654817074537277,98,run_spanning_complete_raw_blocks_within_block_even_spacing
242,1374534340.0,1374534372.0,E:\o4a\1374157312\L1_1374534144_1374538240.hdf5,1374534144.0,1374538240.0,L1,O4a,0.0647578686475753,98,run_spanning_complete_raw_blocks_within_block_even_spacing
243,1374534468.0,1374534500.0,E:\o4a\1374157312\L1_1374534144_1374538240.hdf5,1374534144.0,1374538240.0,L1,O4a,0.0566165745258331,98,run_spanning_complete_raw_blocks_within_block_even_spacing
244,1374534596.0,1374534628.0,E:\o4a\1374157312\L1_1374534144_1374538240.hdf5,1374534144.0,1374538240.0,L1,O4a,0.062755174934864,98,run_spanning_complete_raw_blocks_within_block_even_spacing
245,1374534660.0,1374534692.0,E:\o4a\1374157312\L1_1374534144_1374538240.hdf5,1374534144.0,1374538240.0,L1,O4a,0.0569952577352523,98,run_spanning_complete_raw_blocks_within_block_even_spacing
246,1374534788.0,1374534820.0,E:\o4a\1374157312\L1_1374534144_1374538240.hdf5,1374534144.0,1374538240.0,L1,O4a,0.0650054588913917,98,run_spanning_complete_raw_blocks_within_block_even_spacing
247,1374534916.0,1374534948.0,E:\o4a\1374157312\L1_1374534144_1374538240.hdf5,1374534144.0,1374538240.0,L1,O4a,0.0598669461905956,98,run_spanning_complete_raw_blocks_within_block_even_spacing
248,1374535044.0,1374535076.0,E:\o4a\1374157312\L1_1374534144_1374538240.hdf5,1374534144.0,1374538240.0,L1,O4a,0.0637876167893409,98,run_spanning_complete_raw_blocks_within_block_even_spacing
249,1374535172.0,1374535204.0,E:\o4a\1374157312\L1_1374534144_1374538240.hdf5,1374534144.0,1374538240.0,L1,O4a,0.0647899433970451,98,run_spanning_complete_raw_blocks_within_block_even_spacing
250,1374762820.0,1374762852.0,E:\o4a\1374675712\L1_1374761728_1374765824.hdf5,1374761728.0,1374765824.0,L1,O4a,0.0598467178642749,102,run_spanning_complete_raw_blocks_within_block_even_spacing
251,1374762884.0,1374762916.0,E:\o4a\1374675712\L1_1374761728_1374765824.hdf5,1374761728.0,1374765824.0,L1,O4a,0.0829708278179168,102,run_spanning_complete_raw_blocks_within_block_even_spacing
252,1374763012.0,1374763044.0,E:\o4a\1374675712\L1_1374761728_1374765824.hdf5,1374761728.0,1374765824.0,L1,O4a,0.0743298530578613,102,run_spanning_complete_raw_blocks_within_block_even_spacing
253,1374763140.0,1374763172.0,E:\o4a\1374675712\L1_1374761728_1374765824.hdf5,1374761728.0,1374765824.0,L1,O4a,0.0570895820856094,102,run_spanning_complete_raw_blocks_within_block_even_spacing
254,1374763268.0,1374763300.0,E:\o4a\1374675712\L1_1374761728_1374765824.hdf5,1374761728.0,1374765824.0,L1,O4a,0.0732190236449241,102,run_spanning_complete_raw_blocks_within_block_even_spacing
255,1374763332.0,1374763364.0,E:\o4a\1374675712\L1_1374761728_1374765824.hdf5,1374761728.0,1374765824.0,L1,O4a,0.0693452060222625,102,run_spanning_complete_raw_blocks_within_block_even_spacing
256,1374763460.0,1374763492.0,E:\o4a\1374675712\L1_1374761728_1374765824.hdf5,1374761728.0,1374765824.0,L1,O4a,0.1095244958996772,102,run_spanning_complete_raw_blocks_within_block_even_spacing
257,1374763588.0,1374763620.0,E:\o4a\1374675712\L1_1374761728_1374765824.hdf5,1374761728.0,1374765824.0,L1,O4a,0.0840607360005378,102,run_spanning_complete_raw_blocks_within_block_even_spacing
258,1374763716.0,1374763748.0,E:\o4a\1374675712\L1_1374761728_1374765824.hdf5,1374761728.0,1374765824.0,L1,O4a,0.0588909462094306,102,run_spanning_complete_raw_blocks_within_block_even_spacing
259,1374763844.0,1374763876.0,E:\o4a\1374675712\L1_1374761728_1374765824.hdf5,1374761728.0,1374765824.0,L1,O4a,0.0612683072686195,102,run_spanning_complete_raw_blocks_within_block_even_spacing
260,1375226884.0,1375226916.0,E:\o4a\1375194112\L1_1375226880_1375230976.hdf5,1375226880.0,1375230976.0,L1,O4a,0.0632009953260421,107,run_spanning_complete_raw_blocks_within_block_even_spacing
261,1375226948.0,1375226980.0,E:\o4a\1375194112\L1_1375226880_1375230976.hdf5,1375226880.0,1375230976.0,L1,O4a,0.0535179860889911,107,run_spanning_complete_raw_blocks_within_block_even_spacing
262,1375227076.0,1375227108.0,E:\o4a\1375194112\L1_1375226880_1375230976.hdf5,1375226880.0,1375230976.0,L1,O4a,0.0569758713245391,107,run_spanning_complete_raw_blocks_within_block_even_spacing
263,1375227204.0,1375227236.0,E:\o4a\1375194112\L1_1375226880_1375230976.hdf5,1375226880.0,1375230976.0,L1,O4a,0.0684512332081794,107,run_spanning_complete_raw_blocks_within_block_even_spacing
264,1375227332.0,1375227364.0,E:\o4a\1375194112\L1_1375226880_1375230976.hdf5,1375226880.0,1375230976.0,L1,O4a,0.0627686455845832,107,run_spanning_complete_raw_blocks_within_block_even_spacing
265,1375227396.0,1375227428.0,E:\o4a\1375194112\L1_1375226880_1375230976.hdf5,1375226880.0,1375230976.0,L1,O4a,0.0656015574932098,107,run_spanning_complete_raw_blocks_within_block_even_spacing
266,1375227524.0,1375227556.0,E:\o4a\1375194112\L1_1375226880_1375230976.hdf5,1375226880.0,1375230976.0,L1,O4a,0.0587250813841819,107,run_spanning_complete_raw_blocks_within_block_even_spacing
267,1375227652.0,1375227684.0,E:\o4a\1375194112\L1_1375226880_1375230976.hdf5,1375226880.0,1375230976.0,L1,O4a,0.0557897388935089,107,run_spanning_complete_raw_blocks_within_block_even_spacing
268,1375227780.0,1375227812.0,E:\o4a\1375194112\L1_1375226880_1375230976.hdf5,1375226880.0,1375230976.0,L1,O4a,0.0834713950753212,107,run_spanning_complete_raw_blocks_within_block_even_spacing
269,1375227908.0,1375227940.0,E:\o4a\1375194112\L1_1375226880_1375230976.hdf5,1375226880.0,1375230976.0,L1,O4a,0.059183906763792,107,run_spanning_complete_raw_blocks_within_block_even_spacing
270,1375422340.0,1375422372.0,E:\o4a\1375194112\L1_1375419392_1375423488.hdf5,1375419392.0,1375423488.0,L1,O4a,0.0556677915155887,111,run_spanning_complete_raw_blocks_within_block_even_spacing
271,1375422404.0,1375422436.0,E:\o4a\1375194112\L1_1375419392_1375423488.hdf5,1375419392.0,1375423488.0,L1,O4a,0.0668262019753456,111,run_spanning_complete_raw_blocks_within_block_even_spacing
272,1375422532.0,1375422564.0,E:\o4a\1375194112\L1_1375419392_1375423488.hdf5,1375419392.0,1375423488.0,L1,O4a,0.0578467696905136,111,run_spanning_complete_raw_blocks_within_block_even_spacing
273,1375422660.0,1375422692.0,E:\o4a\1375194112\L1_1375419392_1375423488.hdf5,1375419392.0,1375423488.0,L1,O4a,0.0606942474842071,111,run_spanning_complete_raw_blocks_within_block_even_spacing
274,1375422788.0,1375422820.0,E:\o4a\1375194112\L1_1375419392_1375423488.hdf5,1375419392.0,1375423488.0,L1,O4a,0.0593724660575389,111,run_spanning_complete_raw_blocks_within_block_even_spacing
275,1375422852.0,1375422884.0,E:\o4a\1375194112\L1_1375419392_1375423488.hdf5,1375419392.0,1375423488.0,L1,O4a,0.0602769441902637,111,run_spanning_complete_raw_blocks_within_block_even_spacing
276,1375422980.0,1375423012.0,E:\o4a\1375194112\L1_1375419392_1375423488.hdf5,1375419392.0,1375423488.0,L1,O4a,0.0900431126356124,111,run_spanning_complete_raw_blocks_within_block_even_spacing
277,1375423108.0,1375423140.0,E:\o4a\1375194112\L1_1375419392_1375423488.hdf5,1375419392.0,1375423488.0,L1,O4a,0.0651568844914436,111,run_spanning_complete_raw_blocks_within_block_even_spacing
278,1375423236.0,1375423268.0,E:\o4a\1375194112\L1_1375419392_1375423488.hdf5,1375419392.0,1375423488.0,L1,O4a,0.0667371600866317,111,run_spanning_complete_raw_blocks_within_block_even_spacing
279,1375423364.0,1375423396.0,E:\o4a\1375194112\L1_1375419392_1375423488.hdf5,1375419392.0,1375423488.0,L1,O4a,0.0573305264115333,111,run_spanning_complete_raw_blocks_within_block_even_spacing
280,1375844804.0,1375844836.0,E:\o4a\1375712512\L1_1375843584_1375847680.hdf5,1375843584.0,1375847680.0,L1,O4a,0.0644528940320015,116,run_spanning_complete_raw_blocks_within_block_even_spacing
281,1375844868.0,1375844900.0,E:\o4a\1375712512\L1_1375843584_1375847680.hdf5,1375843584.0,1375847680.0,L1,O4a,0.0546345002949237,116,run_spanning_complete_raw_blocks_within_block_even_spacing
282,1375844996.0,1375845028.0,E:\o4a\1375712512\L1_1375843584_1375847680.hdf5,1375843584.0,1375847680.0,L1,O4a,0.0617041103541851,116,run_spanning_complete_raw_blocks_within_block_even_spacing
283,1375845124.0,1375845156.0,E:\o4a\1375712512\L1_1375843584_1375847680.hdf5,1375843584.0,1375847680.0,L1,O4a,0.0629789680242538,116,run_spanning_complete_raw_blocks_within_block_even_spacing
284,1375845252.0,1375845284.0,E:\o4a\1375712512\L1_1375843584_1375847680.hdf5,1375843584.0,1375847680.0,L1,O4a,0.0608192682266235,116,run_spanning_complete_raw_blocks_within_block_even_spacing
285,1375845316.0,1375845348.0,E:\o4a\1375712512\L1_1375843584_1375847680.hdf5,1375843584.0,1375847680.0,L1,O4a,0.0687376335263252,116,run_spanning_complete_raw_blocks_within_block_even_spacing
286,1375845444.0,1375845476.0,E:\o4a\1375712512\L1_1375843584_1375847680.hdf5,1375843584.0,1375847680.0,L1,O4a,0.0554338060319423,116,run_spanning_complete_raw_blocks_within_block_even_spacing
287,1375845572.0,1375845604.0,E:\o4a\1375712512\L1_1375843584_1375847680.hdf5,1375843584.0,1375847680.0,L1,O4a,0.0615402236580848,116,run_spanning_complete_raw_blocks_within_block_even_spacing
288,1375845700.0,1375845732.0,E:\o4a\1375712512\L1_1375843584_1375847680.hdf5,1375843584.0,1375847680.0,L1,O4a,0.0772316753864288,116,run_spanning_complete_raw_blocks_within_block_even_spacing
289,1375845828.0,1375845860.0,E:\o4a\1375712512\L1_1375843584_1375847680.hdf5,1375843584.0,1375847680.0,L1,O4a,0.0599640533328056,116,run_spanning_complete_raw_blocks_within_block_even_spacing
290,1376099780.0,1376099812.0,E:\o4a\1375712512\L1_1376097536_1376101632.hdf5,1376097536.0,1376101632.0,L1,O4a,0.0632649585604667,121,run_spanning_complete_raw_blocks_within_block_even_spacing
291,1376099844.0,1376099876.0,E:\o4a\1375712512\L1_1376097536_1376101632.hdf5,1376097536.0,1376101632.0,L1,O4a,0.0596962533891201,121,run_spanning_complete_raw_blocks_within_block_even_spacing
292,1376099972.0,1376100004.0,E:\o4a\1375712512\L1_1376097536_1376101632.hdf5,1376097536.0,1376101632.0,L1,O4a,0.0587376430630683,121,run_spanning_complete_raw_blocks_within_block_even_spacing
293,1376100100.0,1376100132.0,E:\o4a\1375712512\L1_1376097536_1376101632.hdf5,1376097536.0,1376101632.0,L1,O4a,0.0590734221041202,121,run_spanning_complete_raw_blocks_within_block_even_spacing
294,1376100228.0,1376100260.0,E:\o4a\1375712512\L1_1376097536_1376101632.hdf5,1376097536.0,1376101632.0,L1,O4a,0.0654466301202774,121,run_spanning_complete_raw_blocks_within_block_even_spacing
295,1376100292.0,1376100324.0,E:\o4a\1375712512\L1_1376097536_1376101632.hdf5,1376097536.0,1376101632.0,L1,O4a,0.0655904188752174,121,run_spanning_complete_raw_blocks_within_block_even_spacing
296,1376100420.0,1376100452.0,E:\o4a\1375712512\L1_1376097536_1376101632.hdf5,1376097536.0,1376101632.0,L1,O4a,0.0544366911053657,121,run_spanning_complete_raw_blocks_within_block_even_spacing
297,1376100548.0,1376100580.0,E:\o4a\1375712512\L1_1376097536_1376101632.hdf5,1376097536.0,1376101632.0,L1,O4a,0.0641665831208229,121,run_spanning_complete_raw_blocks_within_block_even_spacing
298,1376100676.0,1376100708.0,E:\o4a\1375712512\L1_1376097536_1376101632.hdf5,1376097536.0,1376101632.0,L1,O4a,0.0576013140380382,121,run_spanning_complete_raw_blocks_within_block_even_spacing
299,1376100804.0,1376100836.0,E:\o4a\1375712512\L1_1376097536_1376101632.hdf5,1376097536.0,1376101632.0,L1,O4a,0.0625111609697341,121,run_spanning_complete_raw_blocks_within_block_even_spacing
300,1376380292.0,1376380324.0,E:\o4a\1376230912\L1_1376378368_1376382464.hdf5,1376378368.0,1376382464.0,L1,O4a,0.057013563811779,126,run_spanning_complete_raw_blocks_within_block_even_spacing
301,1376380356.0,1376380388.0,E:\o4a\1376230912\L1_1376378368_1376382464.hdf5,1376378368.0,1376382464.0,L1,O4a,0.0677143335342407,126,run_spanning_complete_raw_blocks_within_block_even_spacing
302,1376380484.0,1376380516.0,E:\o4a\1376230912\L1_1376378368_1376382464.hdf5,1376378368.0,1376382464.0,L1,O4a,0.0566395185887813,126,run_spanning_complete_raw_blocks_within_block_even_spacing
303,1376380612.0,1376380644.0,E:\o4a\1376230912\L1_1376378368_1376382464.hdf5,1376378368.0,1376382464.0,L1,O4a,0.0575572922825813,126,run_spanning_complete_raw_blocks_within_block_even_spacing
304,1376380740.0,1376380772.0,E:\o4a\1376230912\L1_1376378368_1376382464.hdf5,1376378368.0,1376382464.0,L1,O4a,0.0781709849834442,126,run_spanning_complete_raw_blocks_within_block_even_spacing
305,1376380804.0,1376380836.0,E:\o4a\1376230912\L1_1376378368_1376382464.hdf5,1376378368.0,1376382464.0,L1,O4a,0.0556809641420841,126,run_spanning_complete_raw_blocks_within_block_even_spacing
306,1376380932.0,1376380964.0,E:\o4a\1376230912\L1_1376378368_1376382464.hdf5,1376378368.0,1376382464.0,L1,O4a,0.0590887777507305,126,run_spanning_complete_raw_blocks_within_block_even_spacing
307,1376381060.0,1376381092.0,E:\o4a\1376230912\L1_1376378368_1376382464.hdf5,1376378368.0,1376382464.0,L1,O4a,0.0636491328477859,126,run_spanning_complete_raw_blocks_within_block_even_spacing
308,1376381188.0,1376381220.0,E:\o4a\1376230912\L1_1376378368_1376382464.hdf5,1376378368.0,1376382464.0,L1,O4a,0.0616790279746055,126,run_spanning_complete_raw_blocks_within_block_even_spacing
309,1376381316.0,1376381348.0,E:\o4a\1376230912\L1_1376378368_1376382464.hdf5,1376378368.0,1376382464.0,L1,O4a,0.0579891614615917,126,run_spanning_complete_raw_blocks_within_block_even_spacing
310,1376624132.0,1376624164.0,E:\o4a\1376230912\L1_1376624128_1376628224.hdf5,1376624128.0,1376628224.0,L1,O4a,0.0603750050067901,131,run_spanning_complete_raw_blocks_within_block_even_spacing
311,1376624196.0,1376624228.0,E:\o4a\1376230912\L1_1376624128_1376628224.hdf5,1376624128.0,1376628224.0,L1,O4a,0.0624279268085956,131,run_spanning_complete_raw_blocks_within_block_even_spacing
312,1376624324.0,1376624356.0,E:\o4a\1376230912\L1_1376624128_1376628224.hdf5,1376624128.0,1376628224.0,L1,O4a,0.0855707973241806,131,run_spanning_complete_raw_blocks_within_block_even_spacing
313,1376624452.0,1376624484.0,E:\o4a\1376230912\L1_1376624128_1376628224.hdf5,1376624128.0,1376628224.0,L1,O4a,0.0659629479050636,131,run_spanning_complete_raw_blocks_within_block_even_spacing
314,1376624580.0,1376624612.0,E:\o4a\1376230912\L1_1376624128_1376628224.hdf5,1376624128.0,1376628224.0,L1,O4a,0.0673271641135215,131,run_spanning_complete_raw_blocks_within_block_even_spacing
315,1376624644.0,1376624676.0,E:\o4a\1376230912\L1_1376624128_1376628224.hdf5,1376624128.0,1376628224.0,L1,O4a,0.1433843523263931,131,run_spanning_complete_raw_blocks_within_block_even_spacing
316,1376624772.0,1376624804.0,E:\o4a\1376230912\L1_1376624128_1376628224.hdf5,1376624128.0,1376628224.0,L1,O4a,0.0593439638614654,131,run_spanning_complete_raw_blocks_within_block_even_spacing
317,1376624900.0,1376624932.0,E:\o4a\1376230912\L1_1376624128_1376628224.hdf5,1376624128.0,1376628224.0,L1,O4a,0.0564979016780853,131,run_spanning_complete_raw_blocks_within_block_even_spacing
318,1376625028.0,1376625060.0,E:\o4a\1376230912\L1_1376624128_1376628224.hdf5,1376624128.0,1376628224.0,L1,O4a,0.0596463680267334,131,run_spanning_complete_raw_blocks_within_block_even_spacing
319,1376625156.0,1376625188.0,E:\o4a\1376230912\L1_1376624128_1376628224.hdf5,1376624128.0,1376628224.0,L1,O4a,0.060607049614191,131,run_spanning_complete_raw_blocks_within_block_even_spacing
320,1376884484.0,1376884516.0,E:\o4a\1376749312\L1_1376884480_1376888576.hdf5,1376884480.0,1376888576.0,L1,O4a,0.070999190211296,136,run_spanning_complete_raw_blocks_within_block_even_spacing
321,1376884548.0,1376884580.0,E:\o4a\1376749312\L1_1376884480_1376888576.hdf5,1376884480.0,1376888576.0,L1,O4a,0.078396052122116,136,run_spanning_complete_raw_blocks_within_block_even_spacing
322,1376884676.0,1376884708.0,E:\o4a\1376749312\L1_1376884480_1376888576.hdf5,1376884480.0,1376888576.0,L1,O4a,0.0596253238618373,136,run_spanning_complete_raw_blocks_within_block_even_spacing
323,1376884804.0,1376884836.0,E:\o4a\1376749312\L1_1376884480_1376888576.hdf5,1376884480.0,1376888576.0,L1,O4a,0.0587418116629123,136,run_spanning_complete_raw_blocks_within_block_even_spacing
324,1376884932.0,1376884964.0,E:\o4a\1376749312\L1_1376884480_1376888576.hdf5,1376884480.0,1376888576.0,L1,O4a,0.0730072408914566,136,run_spanning_complete_raw_blocks_within_block_even_spacing
325,1376884996.0,1376885028.0,E:\o4a\1376749312\L1_1376884480_1376888576.hdf5,1376884480.0,1376888576.0,L1,O4a,0.0615487433969974,136,run_spanning_complete_raw_blocks_within_block_even_spacing
326,1376885124.0,1376885156.0,E:\o4a\1376749312\L1_1376884480_1376888576.hdf5,1376884480.0,1376888576.0,L1,O4a,0.0502801537513732,136,run_spanning_complete_raw_blocks_within_block_even_spacing
327,1376885252.0,1376885284.0,E:\o4a\1376749312\L1_1376884480_1376888576.hdf5,1376884480.0,1376888576.0,L1,O4a,0.0661322250962257,136,run_spanning_complete_raw_blocks_within_block_even_spacing
328,1376885380.0,1376885412.0,E:\o4a\1376749312\L1_1376884480_1376888576.hdf5,1376884480.0,1376888576.0,L1,O4a,0.0556762367486953,136,run_spanning_complete_raw_blocks_within_block_even_spacing
329,1376885508.0,1376885540.0,E:\o4a\1376749312\L1_1376884480_1376888576.hdf5,1376884480.0,1376888576.0,L1,O4a,0.0546605177223682,136,run_spanning_complete_raw_blocks_within_block_even_spacing
330,1377064836.0,1377064868.0,E:\o4a\1376749312\L1_1377064704_1377068800.hdf5,1377064704.0,1377068800.0,L1,O4a,0.0608814172446727,140,run_spanning_complete_raw_blocks_within_block_even_spacing
331,1377064900.0,1377064932.0,E:\o4a\1376749312\L1_1377064704_1377068800.hdf5,1377064704.0,1377068800.0,L1,O4a,0.0540682636201381,140,run_spanning_complete_raw_blocks_within_block_even_spacing
332,1377065028.0,1377065060.0,E:\o4a\1376749312\L1_1377064704_1377068800.hdf5,1377064704.0,1377068800.0,L1,O4a,0.0588175989687442,140,run_spanning_complete_raw_blocks_within_block_even_spacing
333,1377065156.0,1377065188.0,E:\o4a\1376749312\L1_1377064704_1377068800.hdf5,1377064704.0,1377068800.0,L1,O4a,0.0551925785839557,140,run_spanning_complete_raw_blocks_within_block_even_spacing
334,1377065284.0,1377065316.0,E:\o4a\1376749312\L1_1377064704_1377068800.hdf5,1377064704.0,1377068800.0,L1,O4a,0.0567458011209964,140,run_spanning_complete_raw_blocks_within_block_even_spacing
335,1377065348.0,1377065380.0,E:\o4a\1376749312\L1_1377064704_1377068800.hdf5,1377064704.0,1377068800.0,L1,O4a,0.0556606985628604,140,run_spanning_complete_raw_blocks_within_block_even_spacing
336,1377065476.0,1377065508.0,E:\o4a\1376749312\L1_1377064704_1377068800.hdf5,1377064704.0,1377068800.0,L1,O4a,0.0610989108681678,140,run_spanning_complete_raw_blocks_within_block_even_spacing
337,1377065604.0,1377065636.0,E:\o4a\1376749312\L1_1377064704_1377068800.hdf5,1377064704.0,1377068800.0,L1,O4a,0.0574154630303382,140,run_spanning_complete_raw_blocks_within_block_even_spacing
338,1377065732.0,1377065764.0,E:\o4a\1376749312\L1_1377064704_1377068800.hdf5,1377064704.0,1377068800.0,L1,O4a,0.0892761722207069,140,run_spanning_complete_raw_blocks_within_block_even_spacing
339,1377065860.0,1377065892.0,E:\o4a\1376749312\L1_1377064704_1377068800.hdf5,1377064704.0,1377068800.0,L1,O4a,0.0617885328829288,140,run_spanning_complete_raw_blocks_within_block_even_spacing
340,1377229636.0,1377229668.0,E:\o4a\1376749312\L1_1377228544_1377232640.hdf5,1377228544.0,1377232640.0,L1,O4a,0.056323766708374,144,run_spanning_complete_raw_blocks_within_block_even_spacing
341,1377229700.0,1377229732.0,E:\o4a\1376749312\L1_1377228544_1377232640.hdf5,1377228544.0,1377232640.0,L1,O4a,0.0645663738250732,144,run_spanning_complete_raw_blocks_within_block_even_spacing
342,1377229828.0,1377229860.0,E:\o4a\1376749312\L1_1377228544_1377232640.hdf5,1377228544.0,1377232640.0,L1,O4a,0.0590009912848472,144,run_spanning_complete_raw_blocks_within_block_even_spacing
343,1377229956.0,1377229988.0,E:\o4a\1376749312\L1_1377228544_1377232640.hdf5,1377228544.0,1377232640.0,L1,O4a,0.0583106614649295,144,run_spanning_complete_raw_blocks_within_block_even_spacing
344,1377230084.0,1377230116.0,E:\o4a\1376749312\L1_1377228544_1377232640.hdf5,1377228544.0,1377232640.0,L1,O4a,0.0643143132328987,144,run_spanning_complete_raw_blocks_within_block_even_spacing
345,1377230148.0,1377230180.0,E:\o4a\1376749312\L1_1377228544_1377232640.hdf5,1377228544.0,1377232640.0,L1,O4a,0.0585059225559234,144,run_spanning_complete_raw_blocks_within_block_even_spacing
346,1377230276.0,1377230308.0,E:\o4a\1376749312\L1_1377228544_1377232640.hdf5,1377228544.0,1377232640.0,L1,O4a,0.064629890024662,144,run_spanning_complete_raw_blocks_within_block_even_spacing
347,1377230404.0,1377230436.0,E:\o4a\1376749312\L1_1377228544_1377232640.hdf5,1377228544.0,1377232640.0,L1,O4a,0.0591635294258594,144,run_spanning_complete_raw_blocks_within_block_even_spacing
348,1377230532.0,1377230564.0,E:\o4a\1376749312\L1_1377228544_1377232640.hdf5,1377228544.0,1377232640.0,L1,O4a,0.0552077256143093,144,run_spanning_complete_raw_blocks_within_block_even_spacing
349,1377230660.0,1377230692.0,E:\o4a\1376749312\L1_1377228544_1377232640.hdf5,1377228544.0,1377232640.0,L1,O4a,0.061494868248701,144,run_spanning_complete_raw_blocks_within_block_even_spacing
350,1377456132.0,1377456164.0,E:\o4a\1377267712\L1_1377456128_1377460224.hdf5,1377456128.0,1377460224.0,L1,O4a,0.0581312328577041,148,run_spanning_complete_raw_blocks_within_block_even_spacing
351,1377456196.0,1377456228.0,E:\o4a\1377267712\L1_1377456128_1377460224.hdf5,1377456128.0,1377460224.0,L1,O4a,0.0739324763417244,148,run_spanning_complete_raw_blocks_within_block_even_spacing
352,1377456324.0,1377456356.0,E:\o4a\1377267712\L1_1377456128_1377460224.hdf5,1377456128.0,1377460224.0,L1,O4a,0.0576292052865028,148,run_spanning_complete_raw_blocks_within_block_even_spacing
353,1377456452.0,1377456484.0,E:\o4a\1377267712\L1_1377456128_1377460224.hdf5,1377456128.0,1377460224.0,L1,O4a,0.0532904341816902,148,run_spanning_complete_raw_blocks_within_block_even_spacing
354,1377456580.0,1377456612.0,E:\o4a\1377267712\L1_1377456128_1377460224.hdf5,1377456128.0,1377460224.0,L1,O4a,0.0598064661026001,148,run_spanning_complete_raw_blocks_within_block_even_spacing
355,1377456644.0,1377456676.0,E:\o4a\1377267712\L1_1377456128_1377460224.hdf5,1377456128.0,1377460224.0,L1,O4a,0.0650588497519493,148,run_spanning_complete_raw_blocks_within_block_even_spacing
356,1377456772.0,1377456804.0,E:\o4a\1377267712\L1_1377456128_1377460224.hdf5,1377456128.0,1377460224.0,L1,O4a,0.0560798197984695,148,run_spanning_complete_raw_blocks_within_block_even_spacing
357,1377456900.0,1377456932.0,E:\o4a\1377267712\L1_1377456128_1377460224.hdf5,1377456128.0,1377460224.0,L1,O4a,0.0585781335830688,148,run_spanning_complete_raw_blocks_within_block_even_spacing
358,1377457028.0,1377457060.0,E:\o4a\1377267712\L1_1377456128_1377460224.hdf5,1377456128.0,1377460224.0,L1,O4a,0.0902858451008796,148,run_spanning_complete_raw_blocks_within_block_even_spacing
359,1377457156.0,1377457188.0,E:\o4a\1377267712\L1_1377456128_1377460224.hdf5,1377456128.0,1377460224.0,L1,O4a,0.061594121158123,148,run_spanning_complete_raw_blocks_within_block_even_spacing
360,1377735748.0,1377735780.0,E:\o4a\1377267712\L1_1377734656_1377738752.hdf5,1377734656.0,1377738752.0,L1,O4a,0.0563475303351879,153,run_spanning_complete_raw_blocks_within_block_even_spacing
361,1377735812.0,1377735844.0,E:\o4a\1377267712\L1_1377734656_1377738752.hdf5,1377734656.0,1377738752.0,L1,O4a,0.0693965926766395,153,run_spanning_complete_raw_blocks_within_block_even_spacing
362,1377735940.0,1377735972.0,E:\o4a\1377267712\L1_1377734656_1377738752.hdf5,1377734656.0,1377738752.0,L1,O4a,0.0568629652261734,153,run_spanning_complete_raw_blocks_within_block_even_spacing
363,1377736068.0,1377736100.0,E:\o4a\1377267712\L1_1377734656_1377738752.hdf5,1377734656.0,1377738752.0,L1,O4a,0.0657693818211555,153,run_spanning_complete_raw_blocks_within_block_even_spacing
364,1377736196.0,1377736228.0,E:\o4a\1377267712\L1_1377734656_1377738752.hdf5,1377734656.0,1377738752.0,L1,O4a,0.0652968809008598,153,run_spanning_complete_raw_blocks_within_block_even_spacing
365,1377736260.0,1377736292.0,E:\o4a\1377267712\L1_1377734656_1377738752.hdf5,1377734656.0,1377738752.0,L1,O4a,0.0614924579858779,153,run_spanning_complete_raw_blocks_within_block_even_spacing
366,1377736388.0,1377736420.0,E:\o4a\1377267712\L1_1377734656_1377738752.hdf5,1377734656.0,1377738752.0,L1,O4a,0.0569724477827549,153,run_spanning_complete_raw_blocks_within_block_even_spacing
367,1377736516.0,1377736548.0,E:\o4a\1377267712\L1_1377734656_1377738752.hdf5,1377734656.0,1377738752.0,L1,O4a,0.0586180202662944,153,run_spanning_complete_raw_blocks_within_block_even_spacing
368,1377736644.0,1377736676.0,E:\o4a\1377267712\L1_1377734656_1377738752.hdf5,1377734656.0,1377738752.0,L1,O4a,0.0625014007091522,153,run_spanning_complete_raw_blocks_within_block_even_spacing
369,1377736772.0,1377736804.0,E:\o4a\1377267712\L1_1377734656_1377738752.hdf5,1377734656.0,1377738752.0,L1,O4a,0.0566406100988388,153,run_spanning_complete_raw_blocks_within_block_even_spacing
370,1378102788.0,1378102820.0,E:\o4a\1377786112\L1_1378101504_1378105600.hdf5,1378101504.0,1378105600.0,L1,O4a,0.0597511455416679,159,run_spanning_complete_raw_blocks_within_block_even_spacing
371,1378102852.0,1378102884.0,E:\o4a\1377786112\L1_1378101504_1378105600.hdf5,1378101504.0,1378105600.0,L1,O4a,0.0615360476076602,159,run_spanning_complete_raw_blocks_within_block_even_spacing
372,1378102980.0,1378103012.0,E:\o4a\1377786112\L1_1378101504_1378105600.hdf5,1378101504.0,1378105600.0,L1,O4a,0.0583925954997539,159,run_spanning_complete_raw_blocks_within_block_even_spacing
373,1378103108.0,1378103140.0,E:\o4a\1377786112\L1_1378101504_1378105600.hdf5,1378101504.0,1378105600.0,L1,O4a,0.0600929111242294,159,run_spanning_complete_raw_blocks_within_block_even_spacing
374,1378103236.0,1378103268.0,E:\o4a\1377786112\L1_1378101504_1378105600.hdf5,1378101504.0,1378105600.0,L1,O4a,0.0642659142613411,159,run_spanning_complete_raw_blocks_within_block_even_spacing
375,1378103300.0,1378103332.0,E:\o4a\1377786112\L1_1378101504_1378105600.hdf5,1378101504.0,1378105600.0,L1,O4a,0.054433237761259,159,run_spanning_complete_raw_blocks_within_block_even_spacing
376,1378103428.0,1378103460.0,E:\o4a\1377786112\L1_1378101504_1378105600.hdf5,1378101504.0,1378105600.0,L1,O4a,0.0685780718922615,159,run_spanning_complete_raw_blocks_within_block_even_spacing
377,1378103556.0,1378103588.0,E:\o4a\1377786112\L1_1378101504_1378105600.hdf5,1378101504.0,1378105600.0,L1,O4a,0.0556085966527462,159,run_spanning_complete_raw_blocks_within_block_even_spacing
378,1378103684.0,1378103716.0,E:\o4a\1377786112\L1_1378101504_1378105600.hdf5,1378101504.0,1378105600.0,L1,O4a,0.1896155327558517,159,run_spanning_complete_raw_blocks_within_block_even_spacing
379,1378103812.0,1378103844.0,E:\o4a\1377786112\L1_1378101504_1378105600.hdf5,1378101504.0,1378105600.0,L1,O4a,0.0635203048586845,159,run_spanning_complete_raw_blocks_within_block_even_spacing
380,1378394628.0,1378394660.0,E:\o4a\1378304512\L1_1378394624_1378398720.hdf5,1378394624.0,1378398720.0,L1,O4a,0.0709974691271781,163,run_spanning_complete_raw_blocks_within_block_even_spacing
381,1378394692.0,1378394724.0,E:\o4a\1378304512\L1_1378394624_1378398720.hdf5,1378394624.0,1378398720.0,L1,O4a,0.065002292394638,163,run_spanning_complete_raw_blocks_within_block_even_spacing
382,1378394820.0,1378394852.0,E:\o4a\1378304512\L1_1378394624_1378398720.hdf5,1378394624.0,1378398720.0,L1,O4a,0.0598928779363632,163,run_spanning_complete_raw_blocks_within_block_even_spacing
383,1378394948.0,1378394980.0,E:\o4a\1378304512\L1_1378394624_1378398720.hdf5,1378394624.0,1378398720.0,L1,O4a,0.0580266714096069,163,run_spanning_complete_raw_blocks_within_block_even_spacing
384,1378395076.0,1378395108.0,E:\o4a\1378304512\L1_1378394624_1378398720.hdf5,1378394624.0,1378398720.0,L1,O4a,0.0647148117423057,163,run_spanning_complete_raw_blocks_within_block_even_spacing
385,1378395140.0,1378395172.0,E:\o4a\1378304512\L1_1378394624_1378398720.hdf5,1378394624.0,1378398720.0,L1,O4a,0.0856948718428611,163,run_spanning_complete_raw_blocks_within_block_even_spacing
386,1378395268.0,1378395300.0,E:\o4a\1378304512\L1_1378394624_1378398720.hdf5,1378394624.0,1378398720.0,L1,O4a,0.0604151636362075,163,run_spanning_complete_raw_blocks_within_block_even_spacing
387,1378395396.0,1378395428.0,E:\o4a\1378304512\L1_1378394624_1378398720.hdf5,1378394624.0,1378398720.0,L1,O4a,0.0616944245994091,163,run_spanning_complete_raw_blocks_within_block_even_spacing
388,1378395524.0,1378395556.0,E:\o4a\1378304512\L1_1378394624_1378398720.hdf5,1378394624.0,1378398720.0,L1,O4a,0.0643039718270301,163,run_spanning_complete_raw_blocks_within_block_even_spacing
389,1378395652.0,1378395684.0,E:\o4a\1378304512\L1_1378394624_1378398720.hdf5,1378394624.0,1378398720.0,L1,O4a,0.0602091625332832,163,run_spanning_complete_raw_blocks_within_block_even_spacing
390,1378794308.0,1378794340.0,E:\o4a\1378304512\L1_1378791936_1378796032.hdf5,1378791936.0,1378796032.0,L1,O4a,0.0698899924755096,169,run_spanning_complete_raw_blocks_within_block_even_spacing
391,1378794372.0,1378794404.0,E:\o4a\1378304512\L1_1378791936_1378796032.hdf5,1378791936.0,1378796032.0,L1,O4a,0.0763498544692993,169,run_spanning_complete_raw_blocks_within_block_even_spacing
392,1378794500.0,1378794532.0,E:\o4a\1378304512\L1_1378791936_1378796032.hdf5,1378791936.0,1378796032.0,L1,O4a,0.0567546896636486,169,run_spanning_complete_raw_blocks_within_block_even_spacing
393,1378794628.0,1378794660.0,E:\o4a\1378304512\L1_1378791936_1378796032.hdf5,1378791936.0,1378796032.0,L1,O4a,0.0594762563705444,169,run_spanning_complete_raw_blocks_within_block_even_spacing
394,1378794756.0,1378794788.0,E:\o4a\1378304512\L1_1378791936_1378796032.hdf5,1378791936.0,1378796032.0,L1,O4a,0.0583333894610405,169,run_spanning_complete_raw_blocks_within_block_even_spacing
395,1378794820.0,1378794852.0,E:\o4a\1378304512\L1_1378791936_1378796032.hdf5,1378791936.0,1378796032.0,L1,O4a,0.0559206306934356,169,run_spanning_complete_raw_blocks_within_block_even_spacing
396,1378794948.0,1378794980.0,E:\o4a\1378304512\L1_1378791936_1378796032.hdf5,1378791936.0,1378796032.0,L1,O4a,0.0592840127646923,169,run_spanning_complete_raw_blocks_within_block_even_spacing
397,1378795076.0,1378795108.0,E:\o4a\1378304512\L1_1378791936_1378796032.hdf5,1378791936.0,1378796032.0,L1,O4a,0.0615364611148834,169,run_spanning_complete_raw_blocks_within_block_even_spacing
398,1378795204.0,1378795236.0,E:\o4a\1378304512\L1_1378791936_1378796032.hdf5,1378791936.0,1378796032.0,L1,O4a,0.0665238201618194,169,run_spanning_complete_raw_blocks_within_block_even_spacing
399,1378795332.0,1378795364.0,E:\o4a\1378304512\L1_1378791936_1378796032.hdf5,1378791936.0,1378796032.0,L1,O4a,0.0713156834244728,169,run_spanning_complete_raw_blocks_within_block_even_spacing
400,1379011972.0,1379012004.0,E:\o4a\1378822912\L1_1379011328_1379015424.hdf5,1379011328.0,1379015424.0,L1,O4a,0.0839714482426643,173,run_spanning_complete_raw_blocks_within_block_even_spacing
401,1379012036.0,1379012068.0,E:\o4a\1378822912\L1_1379011328_1379015424.hdf5,1379011328.0,1379015424.0,L1,O4a,0.0602681078016757,173,run_spanning_complete_raw_blocks_within_block_even_spacing
402,1379012164.0,1379012196.0,E:\o4a\1378822912\L1_1379011328_1379015424.hdf5,1379011328.0,1379015424.0,L1,O4a,0.0830291286110878,173,run_spanning_complete_raw_blocks_within_block_even_spacing
403,1379012292.0,1379012324.0,E:\o4a\1378822912\L1_1379011328_1379015424.hdf5,1379011328.0,1379015424.0,L1,O4a,0.060895949602127,173,run_spanning_complete_raw_blocks_within_block_even_spacing
404,1379012420.0,1379012452.0,E:\o4a\1378822912\L1_1379011328_1379015424.hdf5,1379011328.0,1379015424.0,L1,O4a,0.0608534961938858,173,run_spanning_complete_raw_blocks_within_block_even_spacing
405,1379012484.0,1379012516.0,E:\o4a\1378822912\L1_1379011328_1379015424.hdf5,1379011328.0,1379015424.0,L1,O4a,0.0560963004827499,173,run_spanning_complete_raw_blocks_within_block_even_spacing
406,1379012612.0,1379012644.0,E:\o4a\1378822912\L1_1379011328_1379015424.hdf5,1379011328.0,1379015424.0,L1,O4a,0.0614440739154815,173,run_spanning_complete_raw_blocks_within_block_even_spacing
407,1379012740.0,1379012772.0,E:\o4a\1378822912\L1_1379011328_1379015424.hdf5,1379011328.0,1379015424.0,L1,O4a,0.0590965338051319,173,run_spanning_complete_raw_blocks_within_block_even_spacing
408,1379012868.0,1379012900.0,E:\o4a\1378822912\L1_1379011328_1379015424.hdf5,1379011328.0,1379015424.0,L1,O4a,0.0560271479189395,173,run_spanning_complete_raw_blocks_within_block_even_spacing
409,1379012996.0,1379013028.0,E:\o4a\1378822912\L1_1379011328_1379015424.hdf5,1379011328.0,1379015424.0,L1,O4a,0.0626299530267715,173,run_spanning_complete_raw_blocks_within_block_even_spacing
410,1379252996.0,1379253028.0,E:\o4a\1378822912\L1_1379252992_1379257088.hdf5,1379252992.0,1379257088.0,L1,O4a,0.0584284588694572,177,run_spanning_complete_raw_blocks_within_block_even_spacing
411,1379253060.0,1379253092.0,E:\o4a\1378822912\L1_1379252992_1379257088.hdf5,1379252992.0,1379257088.0,L1,O4a,0.0664410814642906,177,run_spanning_complete_raw_blocks_within_block_even_spacing
412,1379253188.0,1379253220.0,E:\o4a\1378822912\L1_1379252992_1379257088.hdf5,1379252992.0,1379257088.0,L1,O4a,0.0636133924126625,177,run_spanning_complete_raw_blocks_within_block_even_spacing
413,1379253316.0,1379253348.0,E:\o4a\1378822912\L1_1379252992_1379257088.hdf5,1379252992.0,1379257088.0,L1,O4a,0.0687914714217186,177,run_spanning_complete_raw_blocks_within_block_even_spacing
414,1379253444.0,1379253476.0,E:\o4a\1378822912\L1_1379252992_1379257088.hdf5,1379252992.0,1379257088.0,L1,O4a,0.0579708144068717,177,run_spanning_complete_raw_blocks_within_block_even_spacing
415,1379253508.0,1379253540.0,E:\o4a\1378822912\L1_1379252992_1379257088.hdf5,1379252992.0,1379257088.0,L1,O4a,0.0561493709683418,177,run_spanning_complete_raw_blocks_within_block_even_spacing
416,1379253636.0,1379253668.0,E:\o4a\1378822912\L1_1379252992_1379257088.hdf5,1379252992.0,1379257088.0,L1,O4a,0.0637464970350265,177,run_spanning_complete_raw_blocks_within_block_even_spacing
417,1379253764.0,1379253796.0,E:\o4a\1378822912\L1_1379252992_1379257088.hdf5,1379252992.0,1379257088.0,L1,O4a,0.0784005001187324,177,run_spanning_complete_raw_blocks_within_block_even_spacing
418,1379253892.0,1379253924.0,E:\o4a\1378822912\L1_1379252992_1379257088.hdf5,1379252992.0,1379257088.0,L1,O4a,0.0592570602893829,177,run_spanning_complete_raw_blocks_within_block_even_spacing
419,1379254020.0,1379254052.0,E:\o4a\1378822912\L1_1379252992_1379257088.hdf5,1379252992.0,1379257088.0,L1,O4a,0.0573921762406826,177,run_spanning_complete_raw_blocks_within_block_even_spacing
420,1379577412.0,1379577444.0,E:\o4a\1379341312\L1_1379574784_1379578880.hdf5,1379574784.0,1379578880.0,L1,O4a,0.0559617541730403,183,run_spanning_complete_raw_blocks_within_block_even_spacing
421,1379577476.0,1379577508.0,E:\o4a\1379341312\L1_1379574784_1379578880.hdf5,1379574784.0,1379578880.0,L1,O4a,0.066712774336338,183,run_spanning_complete_raw_blocks_within_block_even_spacing
422,1379577604.0,1379577636.0,E:\o4a\1379341312\L1_1379574784_1379578880.hdf5,1379574784.0,1379578880.0,L1,O4a,0.0587893724441528,183,run_spanning_complete_raw_blocks_within_block_even_spacing
423,1379577732.0,1379577764.0,E:\o4a\1379341312\L1_1379574784_1379578880.hdf5,1379574784.0,1379578880.0,L1,O4a,0.0632629469037056,183,run_spanning_complete_raw_blocks_within_block_even_spacing
424,1379577860.0,1379577892.0,E:\o4a\1379341312\L1_1379574784_1379578880.hdf5,1379574784.0,1379578880.0,L1,O4a,0.0699182748794555,183,run_spanning_complete_raw_blocks_within_block_even_spacing
425,1379577924.0,1379577956.0,E:\o4a\1379341312\L1_1379574784_1379578880.hdf5,1379574784.0,1379578880.0,L1,O4a,0.0600968264043331,183,run_spanning_complete_raw_blocks_within_block_even_spacing
426,1379578052.0,1379578084.0,E:\o4a\1379341312\L1_1379574784_1379578880.hdf5,1379574784.0,1379578880.0,L1,O4a,0.0655747130513191,183,run_spanning_complete_raw_blocks_within_block_even_spacing
427,1379578180.0,1379578212.0,E:\o4a\1379341312\L1_1379574784_1379578880.hdf5,1379574784.0,1379578880.0,L1,O4a,0.0561122968792915,183,run_spanning_complete_raw_blocks_within_block_even_spacing
428,1379578308.0,1379578340.0,E:\o4a\1379341312\L1_1379574784_1379578880.hdf5,1379574784.0,1379578880.0,L1,O4a,0.0549888163805007,183,run_spanning_complete_raw_blocks_within_block_even_spacing
429,1379578436.0,1379578468.0,E:\o4a\1379341312\L1_1379574784_1379578880.hdf5,1379574784.0,1379578880.0,L1,O4a,0.0613884143531322,183,run_spanning_complete_raw_blocks_within_block_even_spacing
430,1379767300.0,1379767332.0,E:\o4a\1379341312\L1_1379767296_1379771392.hdf5,1379767296.0,1379771392.0,L1,O4a,0.0584701038897037,187,run_spanning_complete_raw_blocks_within_block_even_spacing
431,1379767364.0,1379767396.0,E:\o4a\1379341312\L1_1379767296_1379771392.hdf5,1379767296.0,1379771392.0,L1,O4a,0.0859564468264579,187,run_spanning_complete_raw_blocks_within_block_even_spacing
432,1379767492.0,1379767524.0,E:\o4a\1379341312\L1_1379767296_1379771392.hdf5,1379767296.0,1379771392.0,L1,O4a,0.0588816329836845,187,run_spanning_complete_raw_blocks_within_block_even_spacing
433,1379767620.0,1379767652.0,E:\o4a\1379341312\L1_1379767296_1379771392.hdf5,1379767296.0,1379771392.0,L1,O4a,0.0709985122084617,187,run_spanning_complete_raw_blocks_within_block_even_spacing
434,1379767748.0,1379767780.0,E:\o4a\1379341312\L1_1379767296_1379771392.hdf5,1379767296.0,1379771392.0,L1,O4a,0.0669343695044517,187,run_spanning_complete_raw_blocks_within_block_even_spacing
435,1379767812.0,1379767844.0,E:\o4a\1379341312\L1_1379767296_1379771392.hdf5,1379767296.0,1379771392.0,L1,O4a,0.0738111063838005,187,run_spanning_complete_raw_blocks_within_block_even_spacing
436,1379767940.0,1379767972.0,E:\o4a\1379341312\L1_1379767296_1379771392.hdf5,1379767296.0,1379771392.0,L1,O4a,0.0904615446925163,187,run_spanning_complete_raw_blocks_within_block_even_spacing
437,1379768068.0,1379768100.0,E:\o4a\1379341312\L1_1379767296_1379771392.hdf5,1379767296.0,1379771392.0,L1,O4a,0.05629263818264,187,run_spanning_complete_raw_blocks_within_block_even_spacing
438,1379768196.0,1379768228.0,E:\o4a\1379341312\L1_1379767296_1379771392.hdf5,1379767296.0,1379771392.0,L1,O4a,0.070425808429718,187,run_spanning_complete_raw_blocks_within_block_even_spacing
439,1379768324.0,1379768356.0,E:\o4a\1379341312\L1_1379767296_1379771392.hdf5,1379767296.0,1379771392.0,L1,O4a,0.0533141866326332,187,run_spanning_complete_raw_blocks_within_block_even_spacing
440,1380029188.0,1380029220.0,E:\o4a\1379859712\L1_1380027648_1380031744.hdf5,1380027648.0,1380031744.0,L1,O4a,0.0668045207858085,191,run_spanning_complete_raw_blocks_within_block_even_spacing
441,1380029252.0,1380029284.0,E:\o4a\1379859712\L1_1380027648_1380031744.hdf5,1380027648.0,1380031744.0,L1,O4a,0.0828880965709686,191,run_spanning_complete_raw_blocks_within_block_even_spacing
442,1380029380.0,1380029412.0,E:\o4a\1379859712\L1_1380027648_1380031744.hdf5,1380027648.0,1380031744.0,L1,O4a,0.0833155363798141,191,run_spanning_complete_raw_blocks_within_block_even_spacing
443,1380029508.0,1380029540.0,E:\o4a\1379859712\L1_1380027648_1380031744.hdf5,1380027648.0,1380031744.0,L1,O4a,0.0607904270291328,191,run_spanning_complete_raw_blocks_within_block_even_spacing
444,1380029636.0,1380029668.0,E:\o4a\1379859712\L1_1380027648_1380031744.hdf5,1380027648.0,1380031744.0,L1,O4a,0.060689490288496,191,run_spanning_complete_raw_blocks_within_block_even_spacing
445,1380029700.0,1380029732.0,E:\o4a\1379859712\L1_1380027648_1380031744.hdf5,1380027648.0,1380031744.0,L1,O4a,0.05401062220335,191,run_spanning_complete_raw_blocks_within_block_even_spacing
446,1380029828.0,1380029860.0,E:\o4a\1379859712\L1_1380027648_1380031744.hdf5,1380027648.0,1380031744.0,L1,O4a,0.0589140318334102,191,run_spanning_complete_raw_blocks_within_block_even_spacing
447,1380029956.0,1380029988.0,E:\o4a\1379859712\L1_1380027648_1380031744.hdf5,1380027648.0,1380031744.0,L1,O4a,0.0787355601787567,191,run_spanning_complete_raw_blocks_within_block_even_spacing
448,1380030084.0,1380030116.0,E:\o4a\1379859712\L1_1380027648_1380031744.hdf5,1380027648.0,1380031744.0,L1,O4a,0.0586311481893062,191,run_spanning_complete_raw_blocks_within_block_even_spacing
449,1380030212.0,1380030244.0,E:\o4a\1379859712\L1_1380027648_1380031744.hdf5,1380027648.0,1380031744.0,L1,O4a,0.0615719966590404,191,run_spanning_complete_raw_blocks_within_block_even_spacing
450,1380558340.0,1380558372.0,E:\o4a\1380378112\L1_1380558336_1380562432.hdf5,1380558336.0,1380562432.0,L1,O4a,0.0916437655687332,200,run_spanning_complete_raw_blocks_within_block_even_spacing
451,1380558404.0,1380558436.0,E:\o4a\1380378112\L1_1380558336_1380562432.hdf5,1380558336.0,1380562432.0,L1,O4a,0.1048114895820617,200,run_spanning_complete_raw_blocks_within_block_even_spacing
452,1380558532.0,1380558564.0,E:\o4a\1380378112\L1_1380558336_1380562432.hdf5,1380558336.0,1380562432.0,L1,O4a,0.0578856356441974,200,run_spanning_complete_raw_blocks_within_block_even_spacing
453,1380558660.0,1380558692.0,E:\o4a\1380378112\L1_1380558336_1380562432.hdf5,1380558336.0,1380562432.0,L1,O4a,0.0590867772698402,200,run_spanning_complete_raw_blocks_within_block_even_spacing
454,1380558788.0,1380558820.0,E:\o4a\1380378112\L1_1380558336_1380562432.hdf5,1380558336.0,1380562432.0,L1,O4a,0.0604423210024833,200,run_spanning_complete_raw_blocks_within_block_even_spacing
455,1380558852.0,1380558884.0,E:\o4a\1380378112\L1_1380558336_1380562432.hdf5,1380558336.0,1380562432.0,L1,O4a,0.0864036902785301,200,run_spanning_complete_raw_blocks_within_block_even_spacing
456,1380558980.0,1380559012.0,E:\o4a\1380378112\L1_1380558336_1380562432.hdf5,1380558336.0,1380562432.0,L1,O4a,0.0616201646625995,200,run_spanning_complete_raw_blocks_within_block_even_spacing
457,1380559108.0,1380559140.0,E:\o4a\1380378112\L1_1380558336_1380562432.hdf5,1380558336.0,1380562432.0,L1,O4a,0.0726316049695015,200,run_spanning_complete_raw_blocks_within_block_even_spacing
458,1380559236.0,1380559268.0,E:\o4a\1380378112\L1_1380558336_1380562432.hdf5,1380558336.0,1380562432.0,L1,O4a,0.059934664517641,200,run_spanning_complete_raw_blocks_within_block_even_spacing
459,1380559364.0,1380559396.0,E:\o4a\1380378112\L1_1380558336_1380562432.hdf5,1380558336.0,1380562432.0,L1,O4a,0.1384197622537613,200,run_spanning_complete_raw_blocks_within_block_even_spacing
460,1380804100.0,1380804132.0,E:\o4a\1380378112\L1_1380804096_1380808192.hdf5,1380804096.0,1380808192.0,L1,O4a,0.0538770034909248,204,run_spanning_complete_raw_blocks_within_block_even_spacing
461,1380804164.0,1380804196.0,E:\o4a\1380378112\L1_1380804096_1380808192.hdf5,1380804096.0,1380808192.0,L1,O4a,0.0642550885677337,204,run_spanning_complete_raw_blocks_within_block_even_spacing
462,1380804292.0,1380804324.0,E:\o4a\1380378112\L1_1380804096_1380808192.hdf5,1380804096.0,1380808192.0,L1,O4a,0.0607318021357059,204,run_spanning_complete_raw_blocks_within_block_even_spacing
463,1380804420.0,1380804452.0,E:\o4a\1380378112\L1_1380804096_1380808192.hdf5,1380804096.0,1380808192.0,L1,O4a,0.0596840120851993,204,run_spanning_complete_raw_blocks_within_block_even_spacing
464,1380804548.0,1380804580.0,E:\o4a\1380378112\L1_1380804096_1380808192.hdf5,1380804096.0,1380808192.0,L1,O4a,0.0626585483551025,204,run_spanning_complete_raw_blocks_within_block_even_spacing
465,1380804612.0,1380804644.0,E:\o4a\1380378112\L1_1380804096_1380808192.hdf5,1380804096.0,1380808192.0,L1,O4a,0.0648217499256134,204,run_spanning_complete_raw_blocks_within_block_even_spacing
466,1380804740.0,1380804772.0,E:\o4a\1380378112\L1_1380804096_1380808192.hdf5,1380804096.0,1380808192.0,L1,O4a,0.0676325485110282,204,run_spanning_complete_raw_blocks_within_block_even_spacing
467,1380804868.0,1380804900.0,E:\o4a\1380378112\L1_1380804096_1380808192.hdf5,1380804096.0,1380808192.0,L1,O4a,0.0610132850706577,204,run_spanning_complete_raw_blocks_within_block_even_spacing
468,1380804996.0,1380805028.0,E:\o4a\1380378112\L1_1380804096_1380808192.hdf5,1380804096.0,1380808192.0,L1,O4a,0.0581331476569175,204,run_spanning_complete_raw_blocks_within_block_even_spacing
469,1380805124.0,1380805156.0,E:\o4a\1380378112\L1_1380804096_1380808192.hdf5,1380804096.0,1380808192.0,L1,O4a,0.0537928901612758,204,run_spanning_complete_raw_blocks_within_block_even_spacing
470,1381043972.0,1381044004.0,E:\o4a\1380896512\L1_1381043968_1381048064.hdf5,1381043968.0,1381048064.0,L1,O4a,0.05786057934165,208,run_spanning_complete_raw_blocks_within_block_even_spacing
471,1381044036.0,1381044068.0,E:\o4a\1380896512\L1_1381043968_1381048064.hdf5,1381043968.0,1381048064.0,L1,O4a,0.0590160600841045,208,run_spanning_complete_raw_blocks_within_block_even_spacing
472,1381044164.0,1381044196.0,E:\o4a\1380896512\L1_1381043968_1381048064.hdf5,1381043968.0,1381048064.0,L1,O4a,0.0569362193346023,208,run_spanning_complete_raw_blocks_within_block_even_spacing
473,1381044292.0,1381044324.0,E:\o4a\1380896512\L1_1381043968_1381048064.hdf5,1381043968.0,1381048064.0,L1,O4a,0.0692581906914711,208,run_spanning_complete_raw_blocks_within_block_even_spacing
474,1381044420.0,1381044452.0,E:\o4a\1380896512\L1_1381043968_1381048064.hdf5,1381043968.0,1381048064.0,L1,O4a,0.070413239300251,208,run_spanning_complete_raw_blocks_within_block_even_spacing
475,1381044484.0,1381044516.0,E:\o4a\1380896512\L1_1381043968_1381048064.hdf5,1381043968.0,1381048064.0,L1,O4a,0.0857286006212234,208,run_spanning_complete_raw_blocks_within_block_even_spacing
476,1381044612.0,1381044644.0,E:\o4a\1380896512\L1_1381043968_1381048064.hdf5,1381043968.0,1381048064.0,L1,O4a,0.0603201873600482,208,run_spanning_complete_raw_blocks_within_block_even_spacing
477,1381044740.0,1381044772.0,E:\o4a\1380896512\L1_1381043968_1381048064.hdf5,1381043968.0,1381048064.0,L1,O4a,0.059337243437767,208,run_spanning_complete_raw_blocks_within_block_even_spacing
478,1381044868.0,1381044900.0,E:\o4a\1380896512\L1_1381043968_1381048064.hdf5,1381043968.0,1381048064.0,L1,O4a,0.0597994662821292,208,run_spanning_complete_raw_blocks_within_block_even_spacing
479,1381044996.0,1381045028.0,E:\o4a\1380896512\L1_1381043968_1381048064.hdf5,1381043968.0,1381048064.0,L1,O4a,0.0607059560716152,208,run_spanning_complete_raw_blocks_within_block_even_spacing
480,1381369732.0,1381369764.0,E:\o4a\1380896512\L1_1381367552_1381371648.hdf5,1381367552.0,1381371648.0,L1,O4a,0.0592158138751983,213,run_spanning_complete_raw_blocks_within_block_even_spacing
481,1381369796.0,1381369828.0,E:\o4a\1380896512\L1_1381367552_1381371648.hdf5,1381367552.0,1381371648.0,L1,O4a,0.0605625249445438,213,run_spanning_complete_raw_blocks_within_block_even_spacing
482,1381369924.0,1381369956.0,E:\o4a\1380896512\L1_1381367552_1381371648.hdf5,1381367552.0,1381371648.0,L1,O4a,0.0664550140500068,213,run_spanning_complete_raw_blocks_within_block_even_spacing
483,1381370052.0,1381370084.0,E:\o4a\1380896512\L1_1381367552_1381371648.hdf5,1381367552.0,1381371648.0,L1,O4a,0.0702121555805206,213,run_spanning_complete_raw_blocks_within_block_even_spacing
484,1381370180.0,1381370212.0,E:\o4a\1380896512\L1_1381367552_1381371648.hdf5,1381367552.0,1381371648.0,L1,O4a,0.0648974031209945,213,run_spanning_complete_raw_blocks_within_block_even_spacing
485,1381370244.0,1381370276.0,E:\o4a\1380896512\L1_1381367552_1381371648.hdf5,1381367552.0,1381371648.0,L1,O4a,0.0667375549674034,213,run_spanning_complete_raw_blocks_within_block_even_spacing
486,1381370372.0,1381370404.0,E:\o4a\1380896512\L1_1381367552_1381371648.hdf5,1381367552.0,1381371648.0,L1,O4a,0.0728710666298866,213,run_spanning_complete_raw_blocks_within_block_even_spacing
487,1381370500.0,1381370532.0,E:\o4a\1380896512\L1_1381367552_1381371648.hdf5,1381367552.0,1381371648.0,L1,O4a,0.0525522232055664,213,run_spanning_complete_raw_blocks_within_block_even_spacing
488,1381370628.0,1381370660.0,E:\o4a\1380896512\L1_1381367552_1381371648.hdf5,1381367552.0,1381371648.0,L1,O4a,0.0701759606599807,213,run_spanning_complete_raw_blocks_within_block_even_spacing
489,1381370756.0,1381370788.0,E:\o4a\1380896512\L1_1381367552_1381371648.hdf5,1381367552.0,1381371648.0,L1,O4a,0.0817383453249931,213,run_spanning_complete_raw_blocks_within_block_even_spacing
490,1381611524.0,1381611556.0,E:\o4a\1381414912\L1_1381611520_1381615616.hdf5,1381611520.0,1381615616.0,L1,O4a,0.057603046298027,217,run_spanning_complete_raw_blocks_within_block_even_spacing
491,1381611588.0,1381611620.0,E:\o4a\1381414912\L1_1381611520_1381615616.hdf5,1381611520.0,1381615616.0,L1,O4a,0.0854546502232551,217,run_spanning_complete_raw_blocks_within_block_even_spacing
492,1381611716.0,1381611748.0,E:\o4a\1381414912\L1_1381611520_1381615616.hdf5,1381611520.0,1381615616.0,L1,O4a,0.0649807304143905,217,run_spanning_complete_raw_blocks_within_block_even_spacing
493,1381611844.0,1381611876.0,E:\o4a\1381414912\L1_1381611520_1381615616.hdf5,1381611520.0,1381615616.0,L1,O4a,0.0791737884283065,217,run_spanning_complete_raw_blocks_within_block_even_spacing
494,1381611972.0,1381612004.0,E:\o4a\1381414912\L1_1381611520_1381615616.hdf5,1381611520.0,1381615616.0,L1,O4a,0.0565599165856838,217,run_spanning_complete_raw_blocks_within_block_even_spacing
495,1381612036.0,1381612068.0,E:\o4a\1381414912\L1_1381611520_1381615616.hdf5,1381611520.0,1381615616.0,L1,O4a,0.0651761516928672,217,run_spanning_complete_raw_blocks_within_block_even_spacing
496,1381612164.0,1381612196.0,E:\o4a\1381414912\L1_1381611520_1381615616.hdf5,1381611520.0,1381615616.0,L1,O4a,0.071379505097866,217,run_spanning_complete_raw_blocks_within_block_even_spacing
497,1381612292.0,1381612324.0,E:\o4a\1381414912\L1_1381611520_1381615616.hdf5,1381611520.0,1381615616.0,L1,O4a,0.0715965703129768,217,run_spanning_complete_raw_blocks_within_block_even_spacing
498,1381612420.0,1381612452.0,E:\o4a\1381414912\L1_1381611520_1381615616.hdf5,1381611520.0,1381615616.0,L1,O4a,0.0585001446306705,217,run_spanning_complete_raw_blocks_within_block_even_spacing
499,1381612548.0,1381612580.0,E:\o4a\1381414912\L1_1381611520_1381615616.hdf5,1381611520.0,1381615616.0,L1,O4a,0.0579853393137455,217,run_spanning_complete_raw_blocks_within_block_even_spacing
500,1381816580.0,1381816612.0,E:\o4a\1381414912\L1_1381816320_1381820416.hdf5,1381816320.0,1381820416.0,L1,O4a,0.0546049736440181,221,run_spanning_complete_raw_blocks_within_block_even_spacing
501,1381816644.0,1381816676.0,E:\o4a\1381414912\L1_1381816320_1381820416.hdf5,1381816320.0,1381820416.0,L1,O4a,0.0707942023873329,221,run_spanning_complete_raw_blocks_within_block_even_spacing
502,1381816772.0,1381816804.0,E:\o4a\1381414912\L1_1381816320_1381820416.hdf5,1381816320.0,1381820416.0,L1,O4a,0.0575081445276737,221,run_spanning_complete_raw_blocks_within_block_even_spacing
503,1381816900.0,1381816932.0,E:\o4a\1381414912\L1_1381816320_1381820416.hdf5,1381816320.0,1381820416.0,L1,O4a,0.066392607986927,221,run_spanning_complete_raw_blocks_within_block_even_spacing
504,1381817028.0,1381817060.0,E:\o4a\1381414912\L1_1381816320_1381820416.hdf5,1381816320.0,1381820416.0,L1,O4a,0.0654024556279182,221,run_spanning_complete_raw_blocks_within_block_even_spacing
505,1381817092.0,1381817124.0,E:\o4a\1381414912\L1_1381816320_1381820416.hdf5,1381816320.0,1381820416.0,L1,O4a,0.0592151805758476,221,run_spanning_complete_raw_blocks_within_block_even_spacing
506,1381817220.0,1381817252.0,E:\o4a\1381414912\L1_1381816320_1381820416.hdf5,1381816320.0,1381820416.0,L1,O4a,0.0661285072565078,221,run_spanning_complete_raw_blocks_within_block_even_spacing
507,1381817348.0,1381817380.0,E:\o4a\1381414912\L1_1381816320_1381820416.hdf5,1381816320.0,1381820416.0,L1,O4a,0.0609311163425445,221,run_spanning_complete_raw_blocks_within_block_even_spacing
508,1381817476.0,1381817508.0,E:\o4a\1381414912\L1_1381816320_1381820416.hdf5,1381816320.0,1381820416.0,L1,O4a,0.0569721199572086,221,run_spanning_complete_raw_blocks_within_block_even_spacing
509,1381817604.0,1381817636.0,E:\o4a\1381414912\L1_1381816320_1381820416.hdf5,1381816320.0,1381820416.0,L1,O4a,0.0517228133976459,221,run_spanning_complete_raw_blocks_within_block_even_spacing
510,1382036804.0,1382036836.0,E:\o4a\1381933312\L1_1382035712_1382039808.hdf5,1382035712.0,1382039808.0,L1,O4a,0.0598889254033565,225,run_spanning_complete_raw_blocks_within_block_even_spacing
511,1382036868.0,1382036900.0,E:\o4a\1381933312\L1_1382035712_1382039808.hdf5,1382035712.0,1382039808.0,L1,O4a,0.0643027648329734,225,run_spanning_complete_raw_blocks_within_block_even_spacing
512,1382036996.0,1382037028.0,E:\o4a\1381933312\L1_1382035712_1382039808.hdf5,1382035712.0,1382039808.0,L1,O4a,0.0809103175997734,225,run_spanning_complete_raw_blocks_within_block_even_spacing
513,1382037124.0,1382037156.0,E:\o4a\1381933312\L1_1382035712_1382039808.hdf5,1382035712.0,1382039808.0,L1,O4a,0.0491547994315624,225,run_spanning_complete_raw_blocks_within_block_even_spacing
514,1382037252.0,1382037284.0,E:\o4a\1381933312\L1_1382035712_1382039808.hdf5,1382035712.0,1382039808.0,L1,O4a,0.0584215335547924,225,run_spanning_complete_raw_blocks_within_block_even_spacing
515,1382037316.0,1382037348.0,E:\o4a\1381933312\L1_1382035712_1382039808.hdf5,1382035712.0,1382039808.0,L1,O4a,0.0611296109855175,225,run_spanning_complete_raw_blocks_within_block_even_spacing
516,1382037444.0,1382037476.0,E:\o4a\1381933312\L1_1382035712_1382039808.hdf5,1382035712.0,1382039808.0,L1,O4a,0.0631425082683563,225,run_spanning_complete_raw_blocks_within_block_even_spacing
517,1382037572.0,1382037604.0,E:\o4a\1381933312\L1_1382035712_1382039808.hdf5,1382035712.0,1382039808.0,L1,O4a,0.0554028525948524,225,run_spanning_complete_raw_blocks_within_block_even_spacing
518,1382037700.0,1382037732.0,E:\o4a\1381933312\L1_1382035712_1382039808.hdf5,1382035712.0,1382039808.0,L1,O4a,0.082684077322483,225,run_spanning_complete_raw_blocks_within_block_even_spacing
519,1382037828.0,1382037860.0,E:\o4a\1381933312\L1_1382035712_1382039808.hdf5,1382035712.0,1382039808.0,L1,O4a,0.1518955081701278,225,run_spanning_complete_raw_blocks_within_block_even_spacing
520,1382527620.0,1382527652.0,E:\o4a\1382451712\L1_1382525440_1382529536.hdf5,1382525440.0,1382529536.0,L1,O4a,0.0652600675821304,232,run_spanning_complete_raw_blocks_within_block_even_spacing
521,1382527684.0,1382527716.0,E:\o4a\1382451712\L1_1382525440_1382529536.hdf5,1382525440.0,1382529536.0,L1,O4a,0.0807790383696556,232,run_spanning_complete_raw_blocks_within_block_even_spacing
522,1382527812.0,1382527844.0,E:\o4a\1382451712\L1_1382525440_1382529536.hdf5,1382525440.0,1382529536.0,L1,O4a,0.0646119564771652,232,run_spanning_complete_raw_blocks_within_block_even_spacing
523,1382527940.0,1382527972.0,E:\o4a\1382451712\L1_1382525440_1382529536.hdf5,1382525440.0,1382529536.0,L1,O4a,0.0562263578176498,232,run_spanning_complete_raw_blocks_within_block_even_spacing
524,1382528068.0,1382528100.0,E:\o4a\1382451712\L1_1382525440_1382529536.hdf5,1382525440.0,1382529536.0,L1,O4a,0.0645609572529792,232,run_spanning_complete_raw_blocks_within_block_even_spacing
525,1382528132.0,1382528164.0,E:\o4a\1382451712\L1_1382525440_1382529536.hdf5,1382525440.0,1382529536.0,L1,O4a,0.0700566247105598,232,run_spanning_complete_raw_blocks_within_block_even_spacing
526,1382528260.0,1382528292.0,E:\o4a\1382451712\L1_1382525440_1382529536.hdf5,1382525440.0,1382529536.0,L1,O4a,0.0632624626159668,232,run_spanning_complete_raw_blocks_within_block_even_spacing
527,1382528388.0,1382528420.0,E:\o4a\1382451712\L1_1382525440_1382529536.hdf5,1382525440.0,1382529536.0,L1,O4a,0.0596928186714649,232,run_spanning_complete_raw_blocks_within_block_even_spacing
528,1382528516.0,1382528548.0,E:\o4a\1382451712\L1_1382525440_1382529536.hdf5,1382525440.0,1382529536.0,L1,O4a,0.0635827854275703,232,run_spanning_complete_raw_blocks_within_block_even_spacing
529,1382528644.0,1382528676.0,E:\o4a\1382451712\L1_1382525440_1382529536.hdf5,1382525440.0,1382529536.0,L1,O4a,0.0609867088496685,232,run_spanning_complete_raw_blocks_within_block_even_spacing
530,1382939140.0,1382939172.0,E:\o4a\1382451712\L1_1382939136_1382943232.hdf5,1382939136.0,1382943232.0,L1,O4a,0.0597930923104286,236,run_spanning_complete_raw_blocks_within_block_even_spacing
531,1382939204.0,1382939236.0,E:\o4a\1382451712\L1_1382939136_1382943232.hdf5,1382939136.0,1382943232.0,L1,O4a,0.0598848350346088,236,run_spanning_complete_raw_blocks_within_block_even_spacing
532,1382939332.0,1382939364.0,E:\o4a\1382451712\L1_1382939136_1382943232.hdf5,1382939136.0,1382943232.0,L1,O4a,0.0618797205388546,236,run_spanning_complete_raw_blocks_within_block_even_spacing
533,1382939460.0,1382939492.0,E:\o4a\1382451712\L1_1382939136_1382943232.hdf5,1382939136.0,1382943232.0,L1,O4a,0.0642808303236961,236,run_spanning_complete_raw_blocks_within_block_even_spacing
534,1382939588.0,1382939620.0,E:\o4a\1382451712\L1_1382939136_1382943232.hdf5,1382939136.0,1382943232.0,L1,O4a,0.0620885118842124,236,run_spanning_complete_raw_blocks_within_block_even_spacing
535,1382939652.0,1382939684.0,E:\o4a\1382451712\L1_1382939136_1382943232.hdf5,1382939136.0,1382943232.0,L1,O4a,0.0711292326450347,236,run_spanning_complete_raw_blocks_within_block_even_spacing
536,1382939780.0,1382939812.0,E:\o4a\1382451712\L1_1382939136_1382943232.hdf5,1382939136.0,1382943232.0,L1,O4a,0.057085994631052,236,run_spanning_complete_raw_blocks_within_block_even_spacing
537,1382939908.0,1382939940.0,E:\o4a\1382451712\L1_1382939136_1382943232.hdf5,1382939136.0,1382943232.0,L1,O4a,0.0640726387500763,236,run_spanning_complete_raw_blocks_within_block_even_spacing
538,1382940036.0,1382940068.0,E:\o4a\1382451712\L1_1382939136_1382943232.hdf5,1382939136.0,1382943232.0,L1,O4a,0.0641948282718658,236,run_spanning_complete_raw_blocks_within_block_even_spacing
539,1382940164.0,1382940196.0,E:\o4a\1382451712\L1_1382939136_1382943232.hdf5,1382939136.0,1382943232.0,L1,O4a,0.0684930682182312,236,run_spanning_complete_raw_blocks_within_block_even_spacing
540,1383162628.0,1383162660.0,E:\o4a\1382970112\L1_1383162624_1383166720.hdf5,1383162624.0,1383166720.0,L1,O4a,0.0652907043695449,240,run_spanning_complete_raw_blocks_within_block_even_spacing
541,1383162692.0,1383162724.0,E:\o4a\1382970112\L1_1383162624_1383166720.hdf5,1383162624.0,1383166720.0,L1,O4a,0.0658826008439064,240,run_spanning_complete_raw_blocks_within_block_even_spacing
542,1383162820.0,1383162852.0,E:\o4a\1382970112\L1_1383162624_1383166720.hdf5,1383162624.0,1383166720.0,L1,O4a,0.0628920644521713,240,run_spanning_complete_raw_blocks_within_block_even_spacing
543,1383162948.0,1383162980.0,E:\o4a\1382970112\L1_1383162624_1383166720.hdf5,1383162624.0,1383166720.0,L1,O4a,0.0543164350092411,240,run_spanning_complete_raw_blocks_within_block_even_spacing
544,1383163076.0,1383163108.0,E:\o4a\1382970112\L1_1383162624_1383166720.hdf5,1383162624.0,1383166720.0,L1,O4a,0.132479727268219,240,run_spanning_complete_raw_blocks_within_block_even_spacing
545,1383163140.0,1383163172.0,E:\o4a\1382970112\L1_1383162624_1383166720.hdf5,1383162624.0,1383166720.0,L1,O4a,0.0540115088224411,240,run_spanning_complete_raw_blocks_within_block_even_spacing
546,1383163268.0,1383163300.0,E:\o4a\1382970112\L1_1383162624_1383166720.hdf5,1383162624.0,1383166720.0,L1,O4a,0.0652110576629638,240,run_spanning_complete_raw_blocks_within_block_even_spacing
547,1383163396.0,1383163428.0,E:\o4a\1382970112\L1_1383162624_1383166720.hdf5,1383162624.0,1383166720.0,L1,O4a,0.0584966987371444,240,run_spanning_complete_raw_blocks_within_block_even_spacing
548,1383163524.0,1383163556.0,E:\o4a\1382970112\L1_1383162624_1383166720.hdf5,1383162624.0,1383166720.0,L1,O4a,0.0613719634711742,240,run_spanning_complete_raw_blocks_within_block_even_spacing
549,1383163652.0,1383163684.0,E:\o4a\1382970112\L1_1383162624_1383166720.hdf5,1383162624.0,1383166720.0,L1,O4a,0.0691932216286659,240,run_spanning_complete_raw_blocks_within_block_even_spacing
550,1383507268.0,1383507300.0,E:\o4a\1383488512\L1_1383504896_1383508992.hdf5,1383504896.0,1383508992.0,L1,O4a,0.0581630505621433,245,run_spanning_complete_raw_blocks_within_block_even_spacing
551,1383507332.0,1383507364.0,E:\o4a\1383488512\L1_1383504896_1383508992.hdf5,1383504896.0,1383508992.0,L1,O4a,0.0644430965185165,245,run_spanning_complete_raw_blocks_within_block_even_spacing
552,1383507460.0,1383507492.0,E:\o4a\1383488512\L1_1383504896_1383508992.hdf5,1383504896.0,1383508992.0,L1,O4a,0.0574290491640567,245,run_spanning_complete_raw_blocks_within_block_even_spacing
553,1383507588.0,1383507620.0,E:\o4a\1383488512\L1_1383504896_1383508992.hdf5,1383504896.0,1383508992.0,L1,O4a,0.0628892704844474,245,run_spanning_complete_raw_blocks_within_block_even_spacing
554,1383507716.0,1383507748.0,E:\o4a\1383488512\L1_1383504896_1383508992.hdf5,1383504896.0,1383508992.0,L1,O4a,0.0602418817579746,245,run_spanning_complete_raw_blocks_within_block_even_spacing
555,1383507780.0,1383507812.0,E:\o4a\1383488512\L1_1383504896_1383508992.hdf5,1383504896.0,1383508992.0,L1,O4a,0.0651417598128318,245,run_spanning_complete_raw_blocks_within_block_even_spacing
556,1383507908.0,1383507940.0,E:\o4a\1383488512\L1_1383504896_1383508992.hdf5,1383504896.0,1383508992.0,L1,O4a,0.0620577484369277,245,run_spanning_complete_raw_blocks_within_block_even_spacing
557,1383508036.0,1383508068.0,E:\o4a\1383488512\L1_1383504896_1383508992.hdf5,1383504896.0,1383508992.0,L1,O4a,0.0549071617424488,245,run_spanning_complete_raw_blocks_within_block_even_spacing
558,1383508164.0,1383508196.0,E:\o4a\1383488512\L1_1383504896_1383508992.hdf5,1383504896.0,1383508992.0,L1,O4a,0.0951113253831863,245,run_spanning_complete_raw_blocks_within_block_even_spacing
559,1383508292.0,1383508324.0,E:\o4a\1383488512\L1_1383504896_1383508992.hdf5,1383504896.0,1383508992.0,L1,O4a,0.0580945163965225,245,run_spanning_complete_raw_blocks_within_block_even_spacing
560,1383769796.0,1383769828.0,E:\o4a\1383488512\L1_1383767040_1383771136.hdf5,1383767040.0,1383771136.0,L1,O4a,0.0673791393637657,249,run_spanning_complete_raw_blocks_within_block_even_spacing
561,1383769860.0,1383769892.0,E:\o4a\1383488512\L1_1383767040_1383771136.hdf5,1383767040.0,1383771136.0,L1,O4a,0.0553698651492595,249,run_spanning_complete_raw_blocks_within_block_even_spacing
562,1383769988.0,1383770020.0,E:\o4a\1383488512\L1_1383767040_1383771136.hdf5,1383767040.0,1383771136.0,L1,O4a,0.1041405200958252,249,run_spanning_complete_raw_blocks_within_block_even_spacing
563,1383770116.0,1383770148.0,E:\o4a\1383488512\L1_1383767040_1383771136.hdf5,1383767040.0,1383771136.0,L1,O4a,0.0649443715810775,249,run_spanning_complete_raw_blocks_within_block_even_spacing
564,1383770244.0,1383770276.0,E:\o4a\1383488512\L1_1383767040_1383771136.hdf5,1383767040.0,1383771136.0,L1,O4a,0.0554462596774101,249,run_spanning_complete_raw_blocks_within_block_even_spacing
565,1383770308.0,1383770340.0,E:\o4a\1383488512\L1_1383767040_1383771136.hdf5,1383767040.0,1383771136.0,L1,O4a,0.0782138407230377,249,run_spanning_complete_raw_blocks_within_block_even_spacing
566,1383770436.0,1383770468.0,E:\o4a\1383488512\L1_1383767040_1383771136.hdf5,1383767040.0,1383771136.0,L1,O4a,0.057938702404499,249,run_spanning_complete_raw_blocks_within_block_even_spacing
567,1383770564.0,1383770596.0,E:\o4a\1383488512\L1_1383767040_1383771136.hdf5,1383767040.0,1383771136.0,L1,O4a,0.0561662651598453,249,run_spanning_complete_raw_blocks_within_block_even_spacing
568,1383770692.0,1383770724.0,E:\o4a\1383488512\L1_1383767040_1383771136.hdf5,1383767040.0,1383771136.0,L1,O4a,0.051676619797945,249,run_spanning_complete_raw_blocks_within_block_even_spacing
569,1383770820.0,1383770852.0,E:\o4a\1383488512\L1_1383767040_1383771136.hdf5,1383767040.0,1383771136.0,L1,O4a,0.0709525868296623,249,run_spanning_complete_raw_blocks_within_block_even_spacing
570,1384240388.0,1384240420.0,E:\o4a\1384006912\L1_1384240384_1384244480.hdf5,1384240384.0,1384244480.0,L1,O4a,0.0602776296436786,253,run_spanning_complete_raw_blocks_within_block_even_spacing
571,1384240452.0,1384240484.0,E:\o4a\1384006912\L1_1384240384_1384244480.hdf5,1384240384.0,1384244480.0,L1,O4a,0.4380275905132293,253,run_spanning_complete_raw_blocks_within_block_even_spacing
572,1384240580.0,1384240612.0,E:\o4a\1384006912\L1_1384240384_1384244480.hdf5,1384240384.0,1384244480.0,L1,O4a,0.0650921985507011,253,run_spanning_complete_raw_blocks_within_block_even_spacing
573,1384240708.0,1384240740.0,E:\o4a\1384006912\L1_1384240384_1384244480.hdf5,1384240384.0,1384244480.0,L1,O4a,0.0634587407112121,253,run_spanning_complete_raw_blocks_within_block_even_spacing
574,1384240836.0,1384240868.0,E:\o4a\1384006912\L1_1384240384_1384244480.hdf5,1384240384.0,1384244480.0,L1,O4a,0.0690399184823036,253,run_spanning_complete_raw_blocks_within_block_even_spacing
575,1384240900.0,1384240932.0,E:\o4a\1384006912\L1_1384240384_1384244480.hdf5,1384240384.0,1384244480.0,L1,O4a,0.0605826117098331,253,run_spanning_complete_raw_blocks_within_block_even_spacing
576,1384241028.0,1384241060.0,E:\o4a\1384006912\L1_1384240384_1384244480.hdf5,1384240384.0,1384244480.0,L1,O4a,0.0554079264402389,253,run_spanning_complete_raw_blocks_within_block_even_spacing
577,1384241156.0,1384241188.0,E:\o4a\1384006912\L1_1384240384_1384244480.hdf5,1384240384.0,1384244480.0,L1,O4a,0.0776903629302978,253,run_spanning_complete_raw_blocks_within_block_even_spacing
578,1384241284.0,1384241316.0,E:\o4a\1384006912\L1_1384240384_1384244480.hdf5,1384240384.0,1384244480.0,L1,O4a,0.0590154565870761,253,run_spanning_complete_raw_blocks_within_block_even_spacing
579,1384241412.0,1384241444.0,E:\o4a\1384006912\L1_1384240384_1384244480.hdf5,1384240384.0,1384244480.0,L1,O4a,0.0599534176290035,253,run_spanning_complete_raw_blocks_within_block_even_spacing
580,1384559428.0,1384559460.0,E:\o4a\1384525312\L1_1384558080_1384562176.hdf5,1384558080.0,1384562176.0,L1,O4a,0.0837370827794075,258,run_spanning_complete_raw_blocks_within_block_even_spacing
581,1384559492.0,1384559524.0,E:\o4a\1384525312\L1_1384558080_1384562176.hdf5,1384558080.0,1384562176.0,L1,O4a,0.107244499027729,258,run_spanning_complete_raw_blocks_within_block_even_spacing
582,1384559620.0,1384559652.0,E:\o4a\1384525312\L1_1384558080_1384562176.hdf5,1384558080.0,1384562176.0,L1,O4a,0.0864384174346923,258,run_spanning_complete_raw_blocks_within_block_even_spacing
583,1384559748.0,1384559780.0,E:\o4a\1384525312\L1_1384558080_1384562176.hdf5,1384558080.0,1384562176.0,L1,O4a,0.0877483338117599,258,run_spanning_complete_raw_blocks_within_block_even_spacing
584,1384559876.0,1384559908.0,E:\o4a\1384525312\L1_1384558080_1384562176.hdf5,1384558080.0,1384562176.0,L1,O4a,0.0682665184140205,258,run_spanning_complete_raw_blocks_within_block_even_spacing
585,1384559940.0,1384559972.0,E:\o4a\1384525312\L1_1384558080_1384562176.hdf5,1384558080.0,1384562176.0,L1,O4a,0.0696029216051101,258,run_spanning_complete_raw_blocks_within_block_even_spacing
586,1384560068.0,1384560100.0,E:\o4a\1384525312\L1_1384558080_1384562176.hdf5,1384558080.0,1384562176.0,L1,O4a,0.0800277516245842,258,run_spanning_complete_raw_blocks_within_block_even_spacing
587,1384560196.0,1384560228.0,E:\o4a\1384525312\L1_1384558080_1384562176.hdf5,1384558080.0,1384562176.0,L1,O4a,0.0859248340129852,258,run_spanning_complete_raw_blocks_within_block_even_spacing
588,1384560324.0,1384560356.0,E:\o4a\1384525312\L1_1384558080_1384562176.hdf5,1384558080.0,1384562176.0,L1,O4a,0.0635679736733436,258,run_spanning_complete_raw_blocks_within_block_even_spacing
589,1384560452.0,1384560484.0,E:\o4a\1384525312\L1_1384558080_1384562176.hdf5,1384558080.0,1384562176.0,L1,O4a,0.0796768516302108,258,run_spanning_complete_raw_blocks_within_block_even_spacing
590,1384951300.0,1384951332.0,E:\o4a\1384525312\L1_1384951296_1384955392.hdf5,1384951296.0,1384955392.0,L1,O4a,0.1059828102588653,262,run_spanning_complete_raw_blocks_within_block_even_spacing
591,1384951364.0,1384951396.0,E:\o4a\1384525312\L1_1384951296_1384955392.hdf5,1384951296.0,1384955392.0,L1,O4a,0.0887653827667236,262,run_spanning_complete_raw_blocks_within_block_even_spacing
592,1384951492.0,1384951524.0,E:\o4a\1384525312\L1_1384951296_1384955392.hdf5,1384951296.0,1384955392.0,L1,O4a,0.0855836421251297,262,run_spanning_complete_raw_blocks_within_block_even_spacing
593,1384951620.0,1384951652.0,E:\o4a\1384525312\L1_1384951296_1384955392.hdf5,1384951296.0,1384955392.0,L1,O4a,0.0870227664709091,262,run_spanning_complete_raw_blocks_within_block_even_spacing
594,1384951748.0,1384951780.0,E:\o4a\1384525312\L1_1384951296_1384955392.hdf5,1384951296.0,1384955392.0,L1,O4a,0.0664990022778511,262,run_spanning_complete_raw_blocks_within_block_even_spacing
595,1384951812.0,1384951844.0,E:\o4a\1384525312\L1_1384951296_1384955392.hdf5,1384951296.0,1384955392.0,L1,O4a,0.0532290302217006,262,run_spanning_complete_raw_blocks_within_block_even_spacing
596,1384951940.0,1384951972.0,E:\o4a\1384525312\L1_1384951296_1384955392.hdf5,1384951296.0,1384955392.0,L1,O4a,0.0592342391610145,262,run_spanning_complete_raw_blocks_within_block_even_spacing
597,1384952068.0,1384952100.0,E:\o4a\1384525312\L1_1384951296_1384955392.hdf5,1384951296.0,1384955392.0,L1,O4a,0.0586410537362098,262,run_spanning_complete_raw_blocks_within_block_even_spacing
598,1384952196.0,1384952228.0,E:\o4a\1384525312\L1_1384951296_1384955392.hdf5,1384951296.0,1384955392.0,L1,O4a,0.0703225284814834,262,run_spanning_complete_raw_blocks_within_block_even_spacing
599,1384952324.0,1384952356.0,E:\o4a\1384525312\L1_1384951296_1384955392.hdf5,1384951296.0,1384955392.0,L1,O4a,0.0622414015233516,262,run_spanning_complete_raw_blocks_within_block_even_spacing
600,1385277188.0,1385277220.0,E:\o4a\1385043712\L1_1385277184_1385281280.hdf5,1385277184.0,1385281280.0,L1,O4a,0.0912477970123291,267,run_spanning_complete_raw_blocks_within_block_even_spacing
601,1385277252.0,1385277284.0,E:\o4a\1385043712\L1_1385277184_1385281280.hdf5,1385277184.0,1385281280.0,L1,O4a,0.0585776790976524,267,run_spanning_complete_raw_blocks_within_block_even_spacing
602,1385277380.0,1385277412.0,E:\o4a\1385043712\L1_1385277184_1385281280.hdf5,1385277184.0,1385281280.0,L1,O4a,0.0825015231966972,267,run_spanning_complete_raw_blocks_within_block_even_spacing
603,1385277508.0,1385277540.0,E:\o4a\1385043712\L1_1385277184_1385281280.hdf5,1385277184.0,1385281280.0,L1,O4a,0.066352903842926,267,run_spanning_complete_raw_blocks_within_block_even_spacing
604,1385277636.0,1385277668.0,E:\o4a\1385043712\L1_1385277184_1385281280.hdf5,1385277184.0,1385281280.0,L1,O4a,0.0575726889073848,267,run_spanning_complete_raw_blocks_within_block_even_spacing
605,1385277700.0,1385277732.0,E:\o4a\1385043712\L1_1385277184_1385281280.hdf5,1385277184.0,1385281280.0,L1,O4a,0.0837607979774475,267,run_spanning_complete_raw_blocks_within_block_even_spacing
606,1385277828.0,1385277860.0,E:\o4a\1385043712\L1_1385277184_1385281280.hdf5,1385277184.0,1385281280.0,L1,O4a,0.0572782568633556,267,run_spanning_complete_raw_blocks_within_block_even_spacing
607,1385277956.0,1385277988.0,E:\o4a\1385043712\L1_1385277184_1385281280.hdf5,1385277184.0,1385281280.0,L1,O4a,0.0665588900446891,267,run_spanning_complete_raw_blocks_within_block_even_spacing
608,1385278084.0,1385278116.0,E:\o4a\1385043712\L1_1385277184_1385281280.hdf5,1385277184.0,1385281280.0,L1,O4a,0.0736651569604873,267,run_spanning_complete_raw_blocks_within_block_even_spacing
609,1385278212.0,1385278244.0,E:\o4a\1385043712\L1_1385277184_1385281280.hdf5,1385277184.0,1385281280.0,L1,O4a,0.0880066305398941,267,run_spanning_complete_raw_blocks_within_block_even_spacing
610,1386548548.0,1386548580.0,E:\o4a\1386080512\L1_1386547456_1386551552.hdf5,1386547456.0,1386551552.0,L1,O4a,0.0702674090862274,276,run_spanning_complete_raw_blocks_within_block_even_spacing
611,1386548612.0,1386548644.0,E:\o4a\1386080512\L1_1386547456_1386551552.hdf5,1386547456.0,1386551552.0,L1,O4a,0.059014406055212,276,run_spanning_complete_raw_blocks_within_block_even_spacing
612,1386548740.0,1386548772.0,E:\o4a\1386080512\L1_1386547456_1386551552.hdf5,1386547456.0,1386551552.0,L1,O4a,0.0648058727383613,276,run_spanning_complete_raw_blocks_within_block_even_spacing
613,1386548868.0,1386548900.0,E:\o4a\1386080512\L1_1386547456_1386551552.hdf5,1386547456.0,1386551552.0,L1,O4a,0.0552882365882396,276,run_spanning_complete_raw_blocks_within_block_even_spacing
614,1386548996.0,1386549028.0,E:\o4a\1386080512\L1_1386547456_1386551552.hdf5,1386547456.0,1386551552.0,L1,O4a,0.1215206906199455,276,run_spanning_complete_raw_blocks_within_block_even_spacing
615,1386549060.0,1386549092.0,E:\o4a\1386080512\L1_1386547456_1386551552.hdf5,1386547456.0,1386551552.0,L1,O4a,0.0655622407793998,276,run_spanning_complete_raw_blocks_within_block_even_spacing
616,1386549188.0,1386549220.0,E:\o4a\1386080512\L1_1386547456_1386551552.hdf5,1386547456.0,1386551552.0,L1,O4a,0.0829631611704826,276,run_spanning_complete_raw_blocks_within_block_even_spacing
617,1386549316.0,1386549348.0,E:\o4a\1386080512\L1_1386547456_1386551552.hdf5,1386547456.0,1386551552.0,L1,O4a,0.0874984934926033,276,run_spanning_complete_raw_blocks_within_block_even_spacing
618,1386549444.0,1386549476.0,E:\o4a\1386080512\L1_1386547456_1386551552.hdf5,1386547456.0,1386551552.0,L1,O4a,0.060350727289915,276,run_spanning_complete_raw_blocks_within_block_even_spacing
619,1386549572.0,1386549604.0,E:\o4a\1386080512\L1_1386547456_1386551552.hdf5,1386547456.0,1386551552.0,L1,O4a,0.1271325051784515,276,run_spanning_complete_raw_blocks_within_block_even_spacing
620,1387082244.0,1387082276.0,E:\o4a\1386598912\L1_1387082240_1387086336.hdf5,1387082240.0,1387086336.0,L1,O4a,0.0658420845866203,282,run_spanning_complete_raw_blocks_within_block_even_spacing
621,1387082308.0,1387082340.0,E:\o4a\1386598912\L1_1387082240_1387086336.hdf5,1387082240.0,1387086336.0,L1,O4a,0.064576543867588,282,run_spanning_complete_raw_blocks_within_block_even_spacing
622,1387082436.0,1387082468.0,E:\o4a\1386598912\L1_1387082240_1387086336.hdf5,1387082240.0,1387086336.0,L1,O4a,0.0759054198861122,282,run_spanning_complete_raw_blocks_within_block_even_spacing
623,1387082564.0,1387082596.0,E:\o4a\1386598912\L1_1387082240_1387086336.hdf5,1387082240.0,1387086336.0,L1,O4a,0.067972756922245,282,run_spanning_complete_raw_blocks_within_block_even_spacing
624,1387082692.0,1387082724.0,E:\o4a\1386598912\L1_1387082240_1387086336.hdf5,1387082240.0,1387086336.0,L1,O4a,0.0625915899872779,282,run_spanning_complete_raw_blocks_within_block_even_spacing
625,1387082756.0,1387082788.0,E:\o4a\1386598912\L1_1387082240_1387086336.hdf5,1387082240.0,1387086336.0,L1,O4a,0.061423722654581,282,run_spanning_complete_raw_blocks_within_block_even_spacing
626,1387082884.0,1387082916.0,E:\o4a\1386598912\L1_1387082240_1387086336.hdf5,1387082240.0,1387086336.0,L1,O4a,0.0685191005468368,282,run_spanning_complete_raw_blocks_within_block_even_spacing
627,1387083012.0,1387083044.0,E:\o4a\1386598912\L1_1387082240_1387086336.hdf5,1387082240.0,1387086336.0,L1,O4a,0.0560912042856216,282,run_spanning_complete_raw_blocks_within_block_even_spacing
628,1387083140.0,1387083172.0,E:\o4a\1386598912\L1_1387082240_1387086336.hdf5,1387082240.0,1387086336.0,L1,O4a,0.0675341486930847,282,run_spanning_complete_raw_blocks_within_block_even_spacing
629,1387083268.0,1387083300.0,E:\o4a\1386598912\L1_1387082240_1387086336.hdf5,1387082240.0,1387086336.0,L1,O4a,0.1208171397447586,282,run_spanning_complete_raw_blocks_within_block_even_spacing
630,1388387588.0,1388387620.0,E:\o4a\1388154112\L1_1388387584_1388391680.hdf5,1388387584.0,1388391680.0,L1,O4a,0.0595463030040264,287,run_spanning_complete_raw_blocks_within_block_even_spacing
631,1388387652.0,1388387684.0,E:\o4a\1388154112\L1_1388387584_1388391680.hdf5,1388387584.0,1388391680.0,L1,O4a,0.0696704089641571,287,run_spanning_complete_raw_blocks_within_block_even_spacing
632,1388387780.0,1388387812.0,E:\o4a\1388154112\L1_1388387584_1388391680.hdf5,1388387584.0,1388391680.0,L1,O4a,0.0541436821222305,287,run_spanning_complete_raw_blocks_within_block_even_spacing
633,1388387908.0,1388387940.0,E:\o4a\1388154112\L1_1388387584_1388391680.hdf5,1388387584.0,1388391680.0,L1,O4a,0.0571929775178432,287,run_spanning_complete_raw_blocks_within_block_even_spacing
634,1388388036.0,1388388068.0,E:\o4a\1388154112\L1_1388387584_1388391680.hdf5,1388387584.0,1388391680.0,L1,O4a,0.0557980947196483,287,run_spanning_complete_raw_blocks_within_block_even_spacing
635,1388388100.0,1388388132.0,E:\o4a\1388154112\L1_1388387584_1388391680.hdf5,1388387584.0,1388391680.0,L1,O4a,0.0998317301273346,287,run_spanning_complete_raw_blocks_within_block_even_spacing
636,1388388228.0,1388388260.0,E:\o4a\1388154112\L1_1388387584_1388391680.hdf5,1388387584.0,1388391680.0,L1,O4a,0.2425597757101059,287,run_spanning_complete_raw_blocks_within_block_even_spacing
637,1388388356.0,1388388388.0,E:\o4a\1388154112\L1_1388387584_1388391680.hdf5,1388387584.0,1388391680.0,L1,O4a,0.0634514838457107,287,run_spanning_complete_raw_blocks_within_block_even_spacing
638,1388388484.0,1388388516.0,E:\o4a\1388154112\L1_1388387584_1388391680.hdf5,1388387584.0,1388391680.0,L1,O4a,0.0609688200056552,287,run_spanning_complete_raw_blocks_within_block_even_spacing
639,1388388612.0,1388388644.0,E:\o4a\1388154112\L1_1388387584_1388391680.hdf5,1388387584.0,1388391680.0,L1,O4a,0.065563790500164,287,run_spanning_complete_raw_blocks_within_block_even_spacing
640,1389345220.0,1389345252.0,E:\o4a\1389190912\L1_1389342464_1389346560.hdf5,1389342464.0,1389346560.0,L1,O4a,0.0628938227891922,293,run_spanning_complete_raw_blocks_within_block_even_spacing
641,1389345284.0,1389345316.0,E:\o4a\1389190912\L1_1389342464_1389346560.hdf5,1389342464.0,1389346560.0,L1,O4a,0.0534296929836273,293,run_spanning_complete_raw_blocks_within_block_even_spacing
642,1389345412.0,1389345444.0,E:\o4a\1389190912\L1_1389342464_1389346560.hdf5,1389342464.0,1389346560.0,L1,O4a,0.0660033375024795,293,run_spanning_complete_raw_blocks_within_block_even_spacing
643,1389345540.0,1389345572.0,E:\o4a\1389190912\L1_1389342464_1389346560.hdf5,1389342464.0,1389346560.0,L1,O4a,0.0581517033278942,293,run_spanning_complete_raw_blocks_within_block_even_spacing
644,1389345668.0,1389345700.0,E:\o4a\1389190912\L1_1389342464_1389346560.hdf5,1389342464.0,1389346560.0,L1,O4a,0.0592943914234638,293,run_spanning_complete_raw_blocks_within_block_even_spacing
645,1389345732.0,1389345764.0,E:\o4a\1389190912\L1_1389342464_1389346560.hdf5,1389342464.0,1389346560.0,L1,O4a,0.0675661340355873,293,run_spanning_complete_raw_blocks_within_block_even_spacing
646,1389345860.0,1389345892.0,E:\o4a\1389190912\L1_1389342464_1389346560.hdf5,1389342464.0,1389346560.0,L1,O4a,0.0597367137670517,293,run_spanning_complete_raw_blocks_within_block_even_spacing
647,1389345988.0,1389346020.0,E:\o4a\1389190912\L1_1389342464_1389346560.hdf5,1389342464.0,1389346560.0,L1,O4a,0.082557663321495,293,run_spanning_complete_raw_blocks_within_block_even_spacing
648,1389346116.0,1389346148.0,E:\o4a\1389190912\L1_1389342464_1389346560.hdf5,1389342464.0,1389346560.0,L1,O4a,0.0640489757061004,293,run_spanning_complete_raw_blocks_within_block_even_spacing
649,1389346244.0,1389346276.0,E:\o4a\1389190912\L1_1389342464_1389346560.hdf5,1389342464.0,1389346560.0,L1,O4a,0.058437492698431,293,run_spanning_complete_raw_blocks_within_block_even_spacing
